movie_local,target_local,score,label
2852,1159,0.8884506821632385,1
2852,2075,0.6431214213371277,0
2852,1817,0.5435110330581665,0
2852,1652,0.7569421529769897,0
2852,1600,0.6486040949821472,0
2852,726,0.7806345820426941,0
2852,1774,0.699069619178772,0
2852,1918,1.0127735137939453,0
2852,621,1.1092472076416016,0
2852,124,0.47513821721076965,0
2852,1849,0.7410475015640259,0
2852,356,0.5459737181663513,0
2852,1309,0.5654528141021729,0
2852,1779,0.7809745669364929,0
2852,1804,0.7494532465934753,0
2852,858,0.7666276693344116,0
2852,1488,0.6310451030731201,0
2852,540,0.9913582801818848,0
2852,1516,1.4734628200531006,0
2852,1807,0.623080849647522,0
1674,149,2.0136568546295166,1
1674,1893,0.7329869866371155,0
1674,1080,0.6103615164756775,0
1674,893,0.5147860646247864,0
1674,491,0.4650789201259613,0
1674,373,0.82154381275177,0
1674,214,0.5176029205322266,0
1674,426,1.2686494588851929,0
1674,945,0.517821192741394,0
1674,363,0.5324889421463013,0
1674,870,0.5680677890777588,0
1674,1296,0.5433564186096191,0
1674,1200,0.6550078392028809,0
1674,743,0.8712688684463501,0
1674,2015,0.4947919249534607,0
1674,1203,0.7994760274887085,0
1674,653,0.5167011022567749,0
1674,1477,0.495039165019989,0
1674,847,0.8266032338142395,0
1674,256,1.235994577407837,0
2613,798,0.7965146899223328,1
2613,794,0.7739042639732361,0
2613,1462,0.7195384502410889,0
2613,426,1.1275535821914673,0
2613,1088,0.8854625225067139,0
2613,298,0.5844338536262512,0
2613,1423,1.2204660177230835,0
2613,1381,0.8257852792739868,0
2613,930,0.9392511248588562,0
2613,754,0.9641386270523071,0
2613,775,0.631061315536499,0
2613,15,0.6901060342788696,0
2613,202,1.1609934568405151,0
2613,1154,0.5313137769699097,0
2613,420,0.6108021140098572,0
2613,1815,0.5529658794403076,0
2613,1968,0.6541931629180908,0
2613,1148,0.6414875984191895,0
2613,783,0.6463609933853149,0
2613,627,0.6541541814804077,0
2715,655,1.0694636106491089,1
2715,2007,0.406889408826828,0
2715,1896,0.5761091113090515,0
2715,1610,0.907177209854126,0
2715,327,0.4503510594367981,0
2715,1959,0.6233171224594116,0
2715,1218,1.1916460990905762,0
2715,1627,0.6026300191879272,0
2715,580,0.5900567770004272,0
2715,1990,0.7102339267730713,0
2715,524,0.49073827266693115,0
2715,1661,0.5726621747016907,0
2715,123,0.9301527738571167,0
2715,453,0.568973958492279,0
2715,93,0.5773900747299194,0
2715,1264,0.5704489946365356,0
2715,303,0.5905744433403015,0
2715,613,0.8540447950363159,0
2715,677,0.48153987526893616,0
2715,105,0.6959862112998962,0
2019,1356,0.7466273903846741,1
2019,821,0.49926111102104187,0
2019,1678,0.6707925200462341,0
2019,456,0.7666648626327515,0
2019,1193,0.5609185099601746,0
2019,407,1.1183342933654785,0
2019,830,0.7116330862045288,0
2019,1168,0.8922579884529114,0
2019,1073,0.5988726615905762,0
2019,1975,0.773917555809021,0
2019,471,0.5435597896575928,0
2019,791,0.6457007527351379,0
2019,1646,0.6434720754623413,0
2019,1911,0.626305103302002,0
2019,1047,0.5721092224121094,0
2019,1051,0.6235629916191101,0
2019,927,0.6033164262771606,0
2019,1131,0.6232342720031738,0
2019,2049,0.6917535662651062,0
2019,11,0.5355274081230164,0
141,1664,1.539543628692627,1
141,641,0.711894154548645,0
141,698,0.6926718354225159,0
141,246,0.669836699962616,0
141,701,0.5633463859558105,0
141,402,0.6727069020271301,0
141,974,0.7431827783584595,0
141,1946,1.0479440689086914,0
141,213,1.0054985284805298,0
141,690,1.1152799129486084,0
141,1030,0.695942223072052,0
141,680,1.3338030576705933,0
141,1580,0.77668696641922,0
141,951,0.465656042098999,0
141,308,1.1180031299591064,0
141,212,1.0118887424468994,0
141,1954,0.5350332260131836,0
141,419,0.545778751373291,0
141,1988,0.5136473774909973,0
141,955,0.7391184568405151,0
1550,1822,0.9861582517623901,1
1550,1124,1.9358294010162354,0
1550,1644,0.8009637594223022,0
1550,1474,0.7589859962463379,0
1550,685,0.6867781281471252,0
1550,754,0.9170604944229126,0
1550,810,0.5678267478942871,0
1550,787,0.6389294862747192,0
1550,1646,0.6103132963180542,0
1550,490,0.63221275806427,0
1550,273,0.5715908408164978,0
1550,1796,0.7961154580116272,0
1550,240,0.6795620322227478,0
1550,1380,0.6344286203384399,0
1550,88,0.5913052558898926,0
1550,522,0.7247087955474854,0
1550,2036,1.0766431093215942,0
1550,207,0.5963667035102844,0
1550,441,0.5756794214248657,0
1550,1431,0.6266912221908569,0
621,1237,0.5052094459533691,1
621,1227,0.6588189005851746,0
621,1942,1.1655372381210327,0
621,1130,0.6248365640640259,0
621,83,0.647386908531189,0
621,44,0.6674891710281372,0
621,183,0.487192302942276,0
621,799,0.6569796800613403,0
621,575,0.6327227354049683,0
621,1560,0.490844190120697,0
621,704,0.6736406087875366,0
621,2043,0.4854649305343628,0
621,1768,0.44547802209854126,0
621,564,0.5870549082756042,0
621,1625,0.4942423701286316,0
621,107,0.6915184855461121,0
621,1311,0.467918336391449,0
621,1515,0.8782946467399597,0
621,1271,0.6543005704879761,0
621,1573,0.730413556098938,0
1076,1099,0.6583768129348755,1
1076,1438,0.4587957262992859,0
1076,847,0.659142255783081,0
1076,606,0.6247249245643616,0
1076,764,0.5464621782302856,0
1076,1542,0.5710621476173401,0
1076,509,0.47102323174476624,0
1076,615,0.5327187776565552,0
1076,1825,0.6934722661972046,0
1076,1878,0.6410324573516846,0
1076,1934,0.6439406275749207,0
1076,1898,0.5905589461326599,0
1076,292,0.46636825799942017,0
1076,1538,0.5191131830215454,0
1076,1865,0.6092548370361328,0
1076,1569,0.42153409123420715,0
1076,721,0.5366827845573425,0
1076,47,0.5721949338912964,0
1076,598,0.7716261744499207,0
1076,1185,0.5488598942756653,0
2045,472,0.8029543161392212,1
2045,1027,0.6544488668441772,0
2045,1229,0.6602399349212646,0
2045,1205,0.8870575428009033,0
2045,676,0.7796543836593628,0
2045,1265,0.6440002918243408,0
2045,247,0.5041626691818237,0
2045,984,0.657627522945404,0
2045,721,0.6064683198928833,0
2045,959,0.8494148254394531,0
2045,1246,0.7159889936447144,0
2045,582,0.6597450971603394,0
2045,946,0.7820210456848145,0
2045,898,0.5921829342842102,0
2045,296,0.5770532488822937,0
2045,15,0.6324877738952637,0
2045,353,0.6795048713684082,0
2045,879,0.7233548164367676,0
2045,812,0.6132365465164185,0
2045,736,0.6905777454376221,0
2494,1921,0.4346291422843933,1
2494,912,0.672407329082489,0
2494,1583,0.6841745376586914,0
2494,2039,0.8740339279174805,0
2494,1122,1.1777901649475098,0
2494,441,0.6245855093002319,0
2494,1941,0.6416762471199036,0
2494,638,0.6690132021903992,0
2494,738,0.67905592918396,0
2494,1180,0.939575731754303,0
2494,59,0.8338370323181152,0
2494,2004,0.8444681167602539,0
2494,1344,0.7496620416641235,0
2494,1393,1.3984053134918213,0
2494,1569,0.4678879976272583,0
2494,314,0.5146142244338989,0
2494,1890,0.7523186206817627,0
2494,83,0.7199336290359497,0
2494,106,1.0298378467559814,0
2494,753,0.6516097784042358,0
1056,850,1.01456880569458,1
1056,257,0.7672812342643738,0
1056,2032,0.5819748044013977,0
1056,402,0.5485478639602661,0
1056,1904,0.8231087923049927,0
1056,1989,0.5882830023765564,0
1056,542,0.5731379985809326,0
1056,1540,0.4457851052284241,0
1056,1926,0.5168587565422058,0
1056,361,0.6246863007545471,0
1056,1243,0.4329725205898285,0
1056,1568,0.5366416573524475,0
1056,883,0.8001707196235657,0
1056,1972,0.7974755764007568,0
1056,149,1.745425820350647,0
1056,495,0.523921012878418,0
1056,1483,0.5561650991439819,0
1056,1023,0.8162860870361328,0
1056,1912,0.5867928266525269,0
1056,228,0.6206310987472534,0
2615,1027,0.6004601716995239,1
2615,2013,0.7510168552398682,0
2615,789,1.0757620334625244,0
2615,943,0.5999501943588257,0
2615,1254,0.5867066383361816,0
2615,609,0.4096487760543823,0
2615,723,0.47680920362472534,0
2615,1229,0.6106473803520203,0
2615,252,0.5670254230499268,0
2615,1999,0.8261921405792236,0
2615,667,0.6628736257553101,0
2615,392,0.45984601974487305,0
2615,351,0.45648863911628723,0
2615,168,0.7264429926872253,0
2615,1198,0.7716512680053711,0
2615,1403,0.6550145745277405,0
2615,1124,1.473038673400879,0
2615,1085,0.4958080053329468,0
2615,967,0.5174322724342346,0
2615,1971,1.043166160583496,0
3297,906,0.38273561000823975,1
3297,1885,0.5530177354812622,0
3297,1077,0.6654907464981079,0
3297,1789,0.5264989137649536,0
3297,1293,0.4876205623149872,0
3297,1596,0.5967185497283936,0
3297,830,0.572841465473175,0
3297,572,0.9801254868507385,0
3297,1222,0.42165297269821167,0
3297,1923,0.6738649010658264,0
3297,163,0.5230032801628113,0
3297,1235,0.5491549968719482,0
3297,674,0.45885100960731506,0
3297,485,0.6202405691146851,0
3297,364,0.5829936265945435,0
3297,1386,0.6213005781173706,0
3297,1003,0.43618538975715637,0
3297,330,1.0907849073410034,0
3297,1624,0.38926953077316284,0
3297,1886,0.5184420347213745,0
369,1559,1.1532673835754395,1
369,1635,0.4435860514640808,0
369,558,0.4431537389755249,0
369,2046,0.6484777331352234,0
369,283,0.6613503694534302,0
369,98,0.6282355785369873,0
369,159,1.0499632358551025,0
369,614,0.6630002856254578,0
369,1446,0.5986632704734802,0
369,1647,0.4997793436050415,0
369,224,1.3626329898834229,0
369,669,0.6256941556930542,0
369,1975,0.7443463206291199,0
369,1213,0.5056042075157166,0
369,961,0.6237161159515381,0
369,1941,0.5754550695419312,0
369,239,0.4767417907714844,0
369,1135,0.5817933082580566,0
369,639,0.8566406965255737,0
369,1895,0.7226814031600952,0
443,1709,0.5623306632041931,1
443,1730,0.7977098822593689,0
443,1824,0.4705459475517273,0
443,1323,1.4815216064453125,0
443,1217,0.5826966166496277,0
443,87,0.4319329857826233,0
443,1409,0.4300224184989929,0
443,802,0.6412310600280762,0
443,1208,0.43403804302215576,0
443,100,0.5567930936813354,0
443,162,0.5202540755271912,0
443,1117,0.5240448117256165,0
443,902,0.4202609360218048,0
443,1465,0.5770206451416016,0
443,1725,0.7785876393318176,0
443,1089,0.5588837265968323,0
443,1511,0.5803005695343018,0
443,1801,0.5655936002731323,0
443,1181,0.583156943321228,0
443,759,0.6177168488502502,0
1637,1694,1.1390976905822754,1
1637,1686,0.9403437376022339,0
1637,2056,0.5276682376861572,0
1637,1777,1.0000951290130615,0
1637,1054,0.6344707012176514,0
1637,1023,0.8764324188232422,0
1637,320,0.6827739477157593,0
1637,649,0.8835563063621521,0
1637,391,0.455613911151886,0
1637,542,0.6673248410224915,0
1637,578,0.7614316940307617,0
1637,396,0.752550482749939,0
1637,958,1.0395019054412842,0
1637,769,0.6333507895469666,0
1637,1689,1.3001084327697754,0
1637,1601,0.7584373354911804,0
1637,1544,0.6912459135055542,0
1637,193,0.9992243051528931,0
1637,915,0.848657488822937,0
1637,465,0.48093101382255554,0
3840,864,0.6334983110427856,1
3840,1244,0.6512330174446106,0
3840,1644,0.8379818201065063,0
3840,394,0.6768977046012878,0
3840,1901,0.8336960077285767,0
3840,1809,0.8751266598701477,0
3840,2037,0.8695890307426453,0
3840,1337,0.6559566855430603,0
3840,653,0.5178122520446777,0
3840,1542,0.6513599157333374,0
3840,515,0.5188488960266113,0
3840,2013,0.8471400737762451,0
3840,1226,0.4557666480541229,0
3840,196,0.6039983034133911,0
3840,241,0.5929687023162842,0
3840,144,0.6345217227935791,0
3840,200,0.6412579417228699,0
3840,952,0.6947399973869324,0
3840,665,0.5174405574798584,0
3840,1292,0.640123724937439,0
2720,1124,2.2891428470611572,1
2720,753,0.6497018337249756,0
2720,535,0.7240512371063232,0
2720,1199,0.5767273902893066,0
2720,1178,1.069441318511963,0
2720,489,0.6085149049758911,0
2720,1145,0.6447275280952454,0
2720,652,0.7988318204879761,0
2720,1940,0.6514151692390442,0
2720,1657,0.6012674570083618,0
2720,1159,0.8351830840110779,0
2720,627,0.663882851600647,0
2720,726,0.7193039655685425,0
2720,1424,0.7260376811027527,0
2720,1307,0.808087944984436,0
2720,1761,0.8019556999206543,0
2720,1053,0.9974499344825745,0
2720,38,0.5003219842910767,0
2720,2050,0.9187833070755005,0
2720,1712,1.181420922279358,0
2776,1206,0.5794133543968201,1
2776,514,0.5839021801948547,0
2776,1366,0.6600008606910706,0
2776,468,0.7441582679748535,0
2776,1590,0.7290606498718262,0
2776,1394,0.6444482207298279,0
2776,1698,0.6556596159934998,0
2776,1853,0.9999732971191406,0
2776,1948,0.8333323001861572,0
2776,1201,0.8635136485099792,0
2776,87,0.538435697555542,0
2776,25,0.7549564838409424,0
2776,722,0.7135413885116577,0
2776,836,1.0052655935287476,0
2776,1759,0.7112578749656677,0
2776,350,0.7354828715324402,0
2776,953,0.8022782206535339,0
2776,1440,0.5981450080871582,0
2776,1995,1.142717719078064,0
2776,96,0.6600216627120972,0
145,1002,1.0229374170303345,1
145,1159,0.8244587182998657,0
145,1241,0.5540952682495117,0
145,168,0.8297349810600281,0
145,1775,0.5422052145004272,0
145,2000,0.8949544429779053,0
145,697,0.8906108736991882,0
145,593,0.5643063187599182,0
145,150,0.6901807188987732,0
145,1959,0.7454724311828613,0
145,2003,0.5173051357269287,0
145,182,1.0360734462738037,0
145,936,0.856368899345398,0
145,1281,0.5393674969673157,0
145,61,0.6604224443435669,0
145,919,0.9984840154647827,0
145,81,0.7410305738449097,0
145,1780,0.6772394180297852,0
145,178,0.5406044125556946,0
145,2019,0.6466987133026123,0
999,1060,0.7426632642745972,1
999,94,0.7216469049453735,0
999,1739,0.8918447494506836,0
999,1914,0.8010720610618591,0
999,1827,0.5266432166099548,0
999,704,0.6962060928344727,0
999,1149,0.5981004238128662,0
999,1983,0.8202798366546631,0
999,801,1.1567021608352661,0
999,1291,0.6832677125930786,0
999,686,0.6134830117225647,0
999,738,0.6227533221244812,0
999,847,0.7625309228897095,0
999,1431,0.6299967765808105,0
999,224,1.3880531787872314,0
999,745,0.8252196311950684,0
999,1303,0.5825652480125427,0
999,1469,0.6431617140769958,0
999,815,0.683275043964386,0
999,998,0.6708597540855408,0
1975,1374,0.43626856803894043,1
1975,1164,0.8364011645317078,0
1975,1340,0.5425794720649719,0
1975,79,0.8671594858169556,0
1975,1256,0.45433542132377625,0
1975,1815,0.46669328212738037,0
1975,1397,0.7397254705429077,0
1975,908,0.6339813470840454,0
1975,1297,0.6088414788246155,0
1975,376,0.4434489607810974,0
1975,1357,0.4596979022026062,0
1975,1685,0.4648321866989136,0
1975,1841,0.46577906608581543,0
1975,1692,0.5047710537910461,0
1975,958,1.0997886657714844,0
1975,2053,0.5728558897972107,0
1975,714,0.6385614275932312,0
1975,1839,0.6429537534713745,0
1975,1838,0.6116976737976074,0
1975,1239,0.604487419128418,0
30,1323,1.4756147861480713,1
30,19,0.481363445520401,0
30,1457,0.7304282188415527,0
30,761,0.545389711856842,0
30,1025,0.5258898138999939,0
30,72,0.6085335612297058,0
30,1838,0.5856266617774963,0
30,1937,0.6395844221115112,0
30,2030,0.823380708694458,0
30,283,0.646826446056366,0
30,785,0.7278743982315063,0
30,325,0.8283528685569763,0
30,1392,0.9149636030197144,0
30,1346,0.5460556149482727,0
30,260,0.4848344027996063,0
30,1485,0.5012229681015015,0
30,1278,1.8451945781707764,0
30,2022,0.43023228645324707,0
30,202,1.135025978088379,0
30,1632,1.5337445735931396,0
144,104,1.1537508964538574,1
144,1772,0.6272874474525452,0
144,1688,0.5189065337181091,0
144,161,0.5266197919845581,0
144,1312,1.1133689880371094,0
144,1483,0.5958042144775391,0
144,56,0.7445646524429321,0
144,920,0.6098331809043884,0
144,438,0.6444583535194397,0
144,1226,0.45534682273864746,0
144,1786,0.5891662240028381,0
144,1094,0.5843814611434937,0
144,2030,0.8167843818664551,0
144,614,0.6561697721481323,0
144,506,0.6982079744338989,0
144,1788,0.5937729477882385,0
144,1931,0.6143693923950195,0
144,276,0.6148165464401245,0
144,1348,0.8181334137916565,0
144,911,0.5887129306793213,0
3119,325,0.9913627505302429,1
3119,2076,0.8566845655441284,0
3119,1731,0.7018464207649231,0
3119,1028,0.7669485807418823,0
3119,1669,1.1214721202850342,0
3119,263,0.6920560598373413,0
3119,1888,0.8169765472412109,0
3119,1989,0.7699446678161621,0
3119,484,0.6861138939857483,0
3119,1449,0.651495635509491,0
3119,1185,0.7265715599060059,0
3119,426,1.323989748954773,0
3119,136,0.7234764099121094,0
3119,1291,0.7480064630508423,0
3119,663,0.6628920435905457,0
3119,675,0.6404629945755005,0
3119,1646,0.6865921020507812,0
3119,464,0.7287368774414062,0
3119,696,0.9242528676986694,0
3119,773,0.7486124038696289,0
3975,1145,0.5576785206794739,1
3975,395,0.8181312680244446,0
3975,1641,0.8630921840667725,0
3975,542,0.6464841365814209,0
3975,567,0.9069605469703674,0
3975,1308,0.5092310905456543,0
3975,787,0.6355217695236206,0
3975,688,0.6073458790779114,0
3975,540,0.8163025975227356,0
3975,519,0.6533305644989014,0
3975,250,0.6053154468536377,0
3975,1435,0.702685534954071,0
3975,1729,0.7797175049781799,0
3975,105,0.7478932738304138,0
3975,428,0.6852933764457703,0
3975,974,0.658543586730957,0
3975,955,0.655520498752594,0
3975,420,0.5527660846710205,0
3975,1515,0.8460475206375122,0
3975,1893,0.6909545063972473,0
2340,1924,0.42280784249305725,1
2340,259,0.48111769556999207,0
2340,90,0.6873543858528137,0
2340,246,0.6231975555419922,0
2340,1413,0.4948052763938904,0
2340,1584,0.6598620414733887,0
2340,1276,0.667314350605011,0
2340,715,0.6600823402404785,0
2340,651,0.8194453120231628,0
2340,1951,0.7483450770378113,0
2340,641,0.6461648941040039,0
2340,490,0.6290422081947327,0
2340,1301,0.5916855931282043,0
2340,29,0.5539184212684631,0
2340,558,0.44967710971832275,0
2340,1811,0.6836668252944946,0
2340,2031,0.6771020889282227,0
2340,2007,0.47812187671661377,0
2340,233,0.5652468204498291,0
2340,1721,0.8303849697113037,0
1919,347,0.4835267961025238,1
1919,666,0.7459284067153931,0
1919,1542,0.6822658777236938,0
1919,1660,0.6937437653541565,0
1919,1830,0.672531247138977,0
1919,1688,0.5670651793479919,0
1919,1935,0.7131450772285461,0
1919,1982,0.6728489398956299,0
1919,1769,0.47550708055496216,0
1919,1112,0.7582189440727234,0
1919,1898,0.7174368500709534,0
1919,2075,0.6439464092254639,0
1919,367,0.6278155446052551,0
1919,1980,0.8189783096313477,0
1919,914,1.1551941633224487,0
1919,572,1.222638487815857,0
1919,1009,0.8396456241607666,0
1919,323,0.7576717734336853,0
1919,1456,0.990526020526886,0
1919,33,0.8769782781600952,0
2412,1436,0.6614837646484375,1
2412,231,1.028193473815918,0
2412,1126,0.6871711015701294,0
2412,1885,0.6762281060218811,0
2412,84,0.7065635919570923,0
2412,1767,0.47921544313430786,0
2412,1141,0.6357780694961548,0
2412,1958,0.639426052570343,0
2412,1507,1.2740907669067383,0
2412,1561,1.0825263261795044,0
2412,1847,0.7677162289619446,0
2412,667,0.7361930012702942,0
2412,439,1.265437364578247,0
2412,399,0.7777482271194458,0
2412,660,0.6582870483398438,0
2412,2028,0.8407469987869263,0
2412,1594,0.6770076751708984,0
2412,701,0.5580355525016785,0
2412,1771,0.697293758392334,0
2412,1550,0.677611231803894,0
2100,1806,1.7403106689453125,1
2100,1980,0.7807541489601135,0
2100,1145,0.6067260503768921,0
2100,928,0.711113452911377,0
2100,1472,0.9302272200584412,0
2100,951,0.48843297362327576,0
2100,1444,0.7044217586517334,0
2100,419,0.5578898191452026,0
2100,253,0.7121583223342896,0
2100,885,0.6664183139801025,0
2100,173,0.7831583023071289,0
2100,1895,0.8061231970787048,0
2100,1683,0.7629961371421814,0
2100,356,0.5582829713821411,0
2100,1666,0.9126094579696655,0
2100,1123,0.9415340423583984,0
2100,1291,0.7310578227043152,0
2100,172,0.568917453289032,0
2100,91,0.864520788192749,0
2100,392,0.533888578414917,0
3571,801,1.3834307193756104,1
3571,2030,1.0410594940185547,0
3571,1657,0.6630373001098633,0
3571,345,2.943331241607666,0
3571,1176,0.665858268737793,0
3571,1272,1.0203369855880737,0
3571,484,0.7590256333351135,0
3571,1216,0.8018051385879517,0
3571,1914,0.9765442609786987,0
3571,107,0.8731536269187927,0
3571,1844,1.7548346519470215,0
3571,1581,0.773391604423523,0
3571,494,0.7841503024101257,0
3571,222,0.7170851230621338,0
3571,754,1.1212334632873535,0
3571,581,0.7338980436325073,0
3571,313,0.6401883959770203,0
3571,993,1.039833426475525,0
3571,564,0.7257612943649292,0
3571,1817,0.592800498008728,0
933,455,1.0438263416290283,1
933,1108,0.5762985348701477,0
933,2013,0.7518300414085388,0
933,860,0.5715835094451904,0
933,985,0.8274770379066467,0
933,1353,0.6532895565032959,0
933,948,1.0396168231964111,0
933,243,0.5803057551383972,0
933,1933,0.4679611921310425,0
933,812,0.5509029030799866,0
933,894,0.5773102641105652,0
933,1114,0.803476095199585,0
933,1594,0.5934604406356812,0
933,1282,0.5835494995117188,0
933,2026,0.7464579343795776,0
933,496,0.5470758676528931,0
933,596,0.7682372331619263,0
933,906,0.3833596706390381,0
933,1715,0.8012920618057251,0
933,1277,0.7109241485595703,0
3475,1308,0.5197156667709351,1
3475,2015,0.49265772104263306,0
3475,1853,0.9327570199966431,0
3475,1403,0.6892281770706177,0
3475,327,0.5069555044174194,0
3475,169,0.47432297468185425,0
3475,386,0.4739932119846344,0
3475,566,0.4672546684741974,0
3475,1335,0.6616630554199219,0
3475,972,0.5612766742706299,0
3475,593,0.5413521528244019,0
3475,1593,0.5944662690162659,0
3475,338,0.6142314672470093,0
3475,131,0.690143346786499,0
3475,2004,0.7186077833175659,0
3475,1329,0.7563396096229553,0
3475,1577,0.6214709877967834,0
3475,331,0.4465920925140381,0
3475,1560,0.5045055150985718,0
3475,363,0.5251705646514893,0
888,1760,0.9637632966041565,1
888,1836,0.7859816551208496,0
888,1920,0.6128214597702026,0
888,1454,0.4641239047050476,0
888,393,0.701179563999176,0
888,1778,0.6462007761001587,0
888,1689,1.342921495437622,0
888,457,0.6043393611907959,0
888,1141,0.6282433867454529,0
888,590,1.5706660747528076,0
888,870,0.5398130416870117,0
888,481,0.6119886636734009,0
888,1614,0.6372624635696411,0
888,505,0.6038108468055725,0
888,588,0.5569753646850586,0
888,1670,0.6134425401687622,0
888,1622,0.8687158823013306,0
888,1661,0.6294509768486023,0
888,639,0.9126537442207336,0
888,1223,0.4629421830177307,0
2916,1791,0.5935354232788086,1
2916,380,0.681333601474762,0
2916,1242,0.8033130764961243,0
2916,8,0.778796374797821,0
2916,1141,0.6862677931785583,0
2916,1585,0.5347883701324463,0
2916,1671,1.54555082321167,0
2916,731,0.8149917125701904,0
2916,1466,0.7511035203933716,0
2916,443,0.6332128047943115,0
2916,826,0.7129215598106384,0
2916,492,0.5837905406951904,0
2916,2038,1.46700918674469,0
2916,209,0.5065239667892456,0
2916,482,1.009590744972229,0
2916,1840,0.549907922744751,0
2916,882,0.5810733437538147,0
2916,591,0.6578080058097839,0
2916,1577,0.7031865119934082,0
2916,376,0.5626893639564514,0
3855,815,0.7798163890838623,1
3855,1581,0.7020615935325623,0
3855,1862,0.7944753766059875,0
3855,1524,0.769524335861206,0
3855,401,0.7949119806289673,0
3855,399,0.8396086692810059,0
3855,675,0.6415484547615051,0
3855,54,0.713141918182373,0
3855,865,0.6861820220947266,0
3855,1492,0.7073484659194946,0
3855,906,0.47528505325317383,0
3855,316,0.8864479064941406,0
3855,1015,0.7022174596786499,0
3855,1298,0.6410539150238037,0
3855,782,0.6880662441253662,0
3855,1043,0.9312289953231812,0
3855,907,0.7976799011230469,0
3855,196,0.6892611980438232,0
3855,126,0.6831972599029541,0
3855,823,1.009240984916687,0
1051,90,0.7184839248657227,1
1051,1369,0.7137302160263062,0
1051,925,0.5658819675445557,0
1051,1133,0.6211994290351868,0
1051,1848,0.8037043809890747,0
1051,528,0.6400214433670044,0
1051,1545,1.008160948753357,0
1051,1251,0.6518234610557556,0
1051,21,0.4645017087459564,0
1051,1096,0.8079110383987427,0
1051,1080,0.6028907299041748,0
1051,447,0.8341399431228638,0
1051,1419,0.6995371580123901,0
1051,660,0.6554832458496094,0
1051,1202,0.7545976042747498,0
1051,1236,0.81943279504776,0
1051,482,0.9477067589759827,0
1051,215,0.6088734269142151,0
1051,835,0.6300081014633179,0
1051,625,0.6319019198417664,0
295,1549,0.9970614910125732,1
295,1306,0.7568095922470093,0
295,1845,0.8715438842773438,0
295,316,0.8514862060546875,0
295,1741,0.7299190759658813,0
295,1551,0.763296365737915,0
295,1108,0.6847936511039734,0
295,1492,0.684810221195221,0
295,425,0.5520224571228027,0
295,1522,0.887594997882843,0
295,586,0.8529198169708252,0
295,1547,1.0809710025787354,0
295,131,0.7437524795532227,0
295,1344,0.7287946939468384,0
295,1841,0.5616205930709839,0
295,492,0.5619415044784546,0
295,1574,0.6304168105125427,0
295,1051,0.6339676380157471,0
295,165,0.672285258769989,0
295,1706,0.5969946384429932,0
3702,1484,0.5341639518737793,1
3702,538,0.7432382106781006,0
3702,1873,0.7441298365592957,0
3702,1792,0.8702468872070312,0
3702,844,0.5842578411102295,0
3702,1557,0.7115897536277771,0
3702,763,0.7436623573303223,0
3702,1285,0.5297678112983704,0
3702,591,0.6641778349876404,0
3702,1896,0.692183256149292,0
3702,1423,1.2068792581558228,0
3702,619,0.7530437707901001,0
3702,348,0.5512010455131531,0
3702,1068,0.6717120409011841,0
3702,46,0.5855617523193359,0
3702,770,0.5397186875343323,0
3702,1276,0.7321077585220337,0
3702,240,0.7306420803070068,0
3702,40,1.1388914585113525,0
3702,418,0.690872311592102,0
3074,1107,1.0269200801849365,1
3074,654,0.9561604261398315,0
3074,1979,0.5921722054481506,0
3074,1349,0.6570373773574829,0
3074,1071,0.6298257112503052,0
3074,1470,0.7219753861427307,0
3074,1230,0.5830911993980408,0
3074,1105,0.5121880769729614,0
3074,546,0.5847071409225464,0
3074,1145,0.5711627006530762,0
3074,880,0.7631799578666687,0
3074,278,0.5546122193336487,0
3074,213,0.8740921020507812,0
3074,1151,0.6289515495300293,0
3074,1800,0.6085243821144104,0
3074,835,0.6105287671089172,0
3074,5,0.47266271710395813,0
3074,1390,0.7337684631347656,0
3074,1555,0.6122795343399048,0
3074,312,0.5711961388587952,0
4007,1304,0.6423684358596802,1
4007,459,0.6260325908660889,0
4007,1923,0.8471229076385498,0
4007,1288,0.7038838267326355,0
4007,794,0.776523768901825,0
4007,381,0.7923948168754578,0
4007,1998,0.6769108176231384,0
4007,213,0.9275492429733276,0
4007,102,0.7513760328292847,0
4007,1031,0.5549942255020142,0
4007,1154,0.5462993383407593,0
4007,1544,0.7226824760437012,0
4007,1232,1.0552799701690674,0
4007,548,0.6626957654953003,0
4007,1436,0.6612766981124878,0
4007,1018,0.5615614056587219,0
4007,632,0.6182863116264343,0
4007,1845,0.8645766973495483,0
4007,1497,0.6222978234291077,0
4007,1338,0.649974524974823,0
606,1882,0.40194839239120483,1
606,155,0.5889280438423157,0
606,48,0.6316162347793579,0
606,52,0.6497427225112915,0
606,265,0.6158441305160522,0
606,447,0.8538532257080078,0
606,776,0.4872671067714691,0
606,510,0.5034112334251404,0
606,313,0.5368926525115967,0
606,1702,0.7020580172538757,0
606,1459,0.7183391451835632,0
606,1997,0.6939894556999207,0
606,1989,0.6907729506492615,0
606,1222,0.5331315398216248,0
606,1945,0.5145968794822693,0
606,826,0.6559694409370422,0
606,426,1.1376912593841553,0
606,935,0.6563572883605957,0
606,589,0.5680303573608398,0
606,1787,0.9802623391151428,0
1932,1643,1.220482587814331,1
1932,1523,0.5654467344284058,0
1932,7,0.5221782922744751,0
1932,1776,0.5936921834945679,0
1932,580,0.6532032489776611,0
1932,1165,0.5431117415428162,0
1932,589,0.5355889797210693,0
1932,1124,1.622598648071289,0
1932,1308,0.4933936595916748,0
1932,1466,0.6480495929718018,0
1932,1125,0.6088431477546692,0
1932,183,0.49636292457580566,0
1932,1022,0.5701662302017212,0
1932,630,0.4790344536304474,0
1932,346,0.5171554088592529,0
1932,862,0.6334584951400757,0
1932,2061,0.45130860805511475,0
1932,1257,1.0827317237854004,0
1932,604,0.5083760619163513,0
1932,914,1.056427001953125,0
3205,391,0.4523317515850067,1
3205,396,0.7639016509056091,0
3205,897,0.5491267442703247,0
3205,1559,1.2633408308029175,0
3205,110,0.5157438516616821,0
3205,455,1.1217033863067627,0
3205,395,0.9228379726409912,0
3205,1281,0.5362268686294556,0
3205,1767,0.4799050986766815,0
3205,315,0.7853779792785645,0
3205,782,0.6677034497261047,0
3205,235,1.2737582921981812,0
3205,1693,1.0298385620117188,0
3205,448,0.6657113432884216,0
3205,1396,0.8065252900123596,0
3205,1307,0.7401039004325867,0
3205,1026,0.7088794708251953,0
3205,451,0.837632417678833,0
3205,1027,0.6896845698356628,0
3205,684,0.5868886709213257,0
16,1667,0.8357601165771484,1
16,1676,0.5796648263931274,0
16,1855,0.6478114724159241,0
16,1104,1.2190862894058228,0
16,767,0.5351523756980896,0
16,777,0.6564730405807495,0
16,127,0.5276590585708618,0
16,581,0.5955140590667725,0
16,878,0.4620153605937958,0
16,1312,1.2640703916549683,0
16,456,0.6929118037223816,0
16,1816,0.4701489806175232,0
16,1835,0.6434386372566223,0
16,59,0.717664361000061,0
16,1054,0.6049981713294983,0
16,1851,0.6018208861351013,0
16,1169,0.7714145183563232,0
16,529,1.0807573795318604,0
16,257,0.84842449426651,0
16,1729,0.8136870265007019,0
54,471,0.5470372438430786,1
54,285,0.689793586730957,0
54,122,1.2026523351669312,0
54,973,0.6994492411613464,0
54,985,0.9205143451690674,0
54,1412,0.5794099569320679,0
54,1744,0.8738580942153931,0
54,1763,0.6286895275115967,0
54,1912,0.6985185742378235,0
54,280,0.6846511363983154,0
54,1811,0.7262910604476929,0
54,1737,0.5139021873474121,0
54,935,0.6851884126663208,0
54,1122,1.0656044483184814,0
54,1800,0.6612644791603088,0
54,498,0.6851361989974976,0
54,1873,0.7163921594619751,0
54,1167,0.5912820100784302,0
54,809,0.628683865070343,0
54,696,0.8532810211181641,0
3969,48,0.5845091938972473,1
3969,1708,0.6813614368438721,0
3969,774,0.570444643497467,0
3969,930,0.8866341710090637,0
3969,2076,0.7094945907592773,0
3969,236,0.6031010150909424,0
3969,671,0.730979323387146,0
3969,1514,0.5990942120552063,0
3969,1183,0.5346301794052124,0
3969,154,0.5352067947387695,0
3969,835,0.5910743474960327,0
3969,1518,0.9217897057533264,0
3969,1182,0.7574788331985474,0
3969,507,0.4761192500591278,0
3969,1156,0.5845391154289246,0
3969,836,0.9037355184555054,0
3969,393,0.6757282018661499,0
3969,1490,0.600003719329834,0
3969,70,0.551038384437561,0
3969,1734,0.6042323708534241,0
3224,885,0.5762664079666138,1
3224,692,0.6583741903305054,0
3224,1175,0.6563268899917603,0
3224,772,0.52713942527771,0
3224,1027,0.6202311515808105,0
3224,398,0.9634429216384888,0
3224,507,0.44628405570983887,0
3224,1704,0.6574959754943848,0
3224,1999,0.9191629886627197,0
3224,1415,0.5884198546409607,0
3224,139,1.1448099613189697,0
3224,844,0.5280370712280273,0
3224,1239,0.5906142592430115,0
3224,2040,0.7369459867477417,0
3224,646,0.4300794303417206,0
3224,217,0.6260495185852051,0
3224,1440,0.5477156639099121,0
3224,1904,0.870731770992279,0
3224,1167,0.543804407119751,0
3224,1426,0.5477725863456726,0
1567,1168,0.9523829221725464,1
1567,1392,1.0780937671661377,0
1567,829,0.7010650038719177,0
1567,1368,0.621121346950531,0
1567,1117,0.6554399728775024,0
1567,702,1.3682167530059814,0
1567,1946,1.019933819770813,0
1567,198,0.7024869322776794,0
1567,1538,0.6391146183013916,0
1567,728,0.6360553503036499,0
1567,1874,0.6461724638938904,0
1567,1405,1.281691551208496,0
1567,835,0.6712099313735962,0
1567,1112,0.7603175640106201,0
1567,815,0.7556061744689941,0
1567,446,0.6099708080291748,0
1567,1020,0.9253139495849609,0
1567,1561,1.1712018251419067,0
1567,1453,0.6997004747390747,0
1567,1127,0.558677613735199,0
3919,281,0.5282118320465088,1
3919,1419,0.6407010555267334,0
3919,608,0.5301825404167175,0
3919,1293,0.550375759601593,0
3919,656,0.4707283079624176,0
3919,740,0.5165056586265564,0
3919,1602,0.6801273226737976,0
3919,977,0.707265317440033,0
3919,1191,0.4531564712524414,0
3919,1972,0.7970259189605713,0
3919,1355,0.8681849241256714,0
3919,100,0.5635021328926086,0
3919,1934,0.6749826073646545,0
3919,439,1.1168897151947021,0
3919,1736,0.5498983263969421,0
3919,857,0.5410770177841187,0
3919,834,0.7873654961585999,0
3919,810,0.5934206247329712,0
3919,939,0.5114200711250305,0
3919,2060,0.7201492190361023,0
178,1203,0.8332786560058594,1
178,1862,0.7560174465179443,0
178,708,0.7039726376533508,0
178,722,0.7108505964279175,0
178,974,0.7223882675170898,0
178,213,0.9890628457069397,0
178,94,0.8168139457702637,0
178,1064,0.7123693823814392,0
178,743,0.895602822303772,0
178,385,0.7643842101097107,0
178,1282,0.689968466758728,0
178,1084,0.6892000436782837,0
178,45,0.49288856983184814,0
178,1758,0.5082895159721375,0
178,1090,0.7236368656158447,0
178,2007,0.4783712923526764,0
178,1878,0.8201252818107605,0
178,1182,0.8798731565475464,0
178,764,0.6607970595359802,0
178,1769,0.4470747411251068,0
420,499,0.7084838151931763,1
420,128,0.6415667533874512,0
420,1214,1.2920093536376953,0
420,330,1.6947097778320312,0
420,1576,0.5041341781616211,0
420,596,0.9706134796142578,0
420,1787,1.1495169401168823,0
420,2065,0.6910864114761353,0
420,416,0.7869477868080139,0
420,796,0.7819263339042664,0
420,1696,0.7338434457778931,0
420,1913,1.1772327423095703,0
420,2044,0.960486650466919,0
420,1547,1.190293788909912,0
420,1849,0.7641482353210449,0
420,1897,0.728560745716095,0
420,601,0.6001543402671814,0
420,300,0.5753046274185181,0
420,1595,0.7202438116073608,0
420,915,0.9419185519218445,0
1736,201,0.5634920597076416,1
1736,402,0.6290960311889648,0
1736,262,0.9548486471176147,0
1736,176,1.1415143013000488,0
1736,244,0.6390211582183838,0
1736,1397,0.7500877976417542,0
1736,334,0.7071077227592468,0
1736,1798,0.7376543283462524,0
1736,1176,0.5494368672370911,0
1736,1679,0.6342628002166748,0
1736,1867,1.0856164693832397,0
1736,1645,0.6562570333480835,0
1736,1784,0.6810561418533325,0
1736,1145,0.6017401814460754,0
1736,422,0.6449308395385742,0
1736,354,0.5168704390525818,0
1736,1387,0.5707879066467285,0
1736,1376,0.6104916930198669,0
1736,296,0.5381937026977539,0
1736,535,0.6657588481903076,0
2446,1111,0.609111487865448,1
2446,857,0.620805025100708,0
2446,58,0.7722452282905579,0
2446,950,0.6139121055603027,0
2446,2040,0.7930747270584106,0
2446,839,0.6944431662559509,0
2446,1857,0.6489295363426208,0
2446,1436,0.6818721890449524,0
2446,1400,1.0817615985870361,0
2446,185,0.67418372631073,0
2446,335,0.977110743522644,0
2446,1806,1.951714277267456,0
2446,1484,0.5303233861923218,0
2446,1804,0.6897292137145996,0
2446,925,0.5923752784729004,0
2446,1438,0.5854259729385376,0
2446,1344,0.7321682572364807,0
2446,1416,0.8595207929611206,0
2446,1470,0.8008393049240112,0
2446,1323,1.5736581087112427,0
3179,741,0.5238914489746094,1
3179,1297,0.6004721522331238,0
3179,1167,0.5434980988502502,0
3179,2012,0.6560490727424622,0
3179,1568,0.607012152671814,0
3179,1110,0.7111959457397461,0
3179,1824,0.5431060194969177,0
3179,492,0.5240193605422974,0
3179,363,0.534793496131897,0
3179,688,0.6309723854064941,0
3179,466,0.6589273810386658,0
3179,730,0.545097291469574,0
3179,1360,0.7090756297111511,0
3179,1058,0.8004675507545471,0
3179,151,1.2410712242126465,0
3179,1553,0.6757023334503174,0
3179,841,1.1958644390106201,0
3179,754,0.9030208587646484,0
3179,412,0.5731204152107239,0
3179,1991,0.6471877694129944,0
1368,873,0.43416881561279297,1
1368,300,0.46457645297050476,0
1368,489,0.5304485559463501,0
1368,470,0.5601369142532349,0
1368,642,0.547309160232544,0
1368,632,0.5011987686157227,0
1368,720,0.6769088506698608,0
1368,518,0.6027623414993286,0
1368,1770,0.647638201713562,0
1368,685,0.6231951713562012,0
1368,253,0.5733403563499451,0
1368,1563,0.6126714944839478,0
1368,1775,0.4686417579650879,0
1368,1525,0.9062033891677856,0
1368,769,0.5211580395698547,0
1368,1602,0.6331356763839722,0
1368,1912,0.568282961845398,0
1368,795,0.5706635117530823,0
1368,248,0.6477264165878296,0
1368,1587,0.5117559432983398,0
1327,1693,1.1505317687988281,1
1327,314,0.5788764953613281,0
1327,1732,1.070070505142212,0
1327,736,0.7764294743537903,0
1327,104,1.5532268285751343,0
1327,135,0.6987732648849487,0
1327,1525,1.3069300651550293,0
1327,383,0.6282631158828735,0
1327,63,0.7376527786254883,0
1327,1748,0.6778582334518433,0
1327,728,0.6971386671066284,0
1327,1728,1.039052963256836,0
1327,1565,0.8622408509254456,0
1327,369,1.546852707862854,0
1327,1027,0.7595012187957764,0
1327,678,0.851209819316864,0
1327,278,0.6002790927886963,0
1327,427,1.2969536781311035,0
1327,968,0.9174786806106567,0
1327,1721,1.0076606273651123,0
1882,1997,0.676913321018219,1
1882,279,0.5900884866714478,0
1882,636,0.6933171153068542,0
1882,255,0.6937015056610107,0
1882,973,0.6649437546730042,0
1882,1200,0.6167504787445068,0
1882,727,0.5132358074188232,0
1882,1508,0.7474561929702759,0
1882,1203,0.7359616160392761,0
1882,650,0.6872087121009827,0
1882,675,0.5656647682189941,0
1882,475,0.9102481007575989,0
1882,801,1.1205440759658813,0
1882,1919,0.6043763160705566,0
1882,1845,0.8065273761749268,0
1882,1903,0.5483047962188721,0
1882,877,0.5675768256187439,0
1882,1274,0.6082368493080139,0
1882,89,0.46352678537368774,0
1882,1445,1.081681489944458,0
3306,1455,0.6656288504600525,1
3306,558,0.481286883354187,0
3306,1813,0.7190991640090942,0
3306,1584,0.7313332557678223,0
3306,737,0.5301585793495178,0
3306,1510,0.6528330445289612,0
3306,1256,0.5522840023040771,0
3306,567,1.0785082578659058,0
3306,1356,0.7878418564796448,0
3306,1923,0.8768200278282166,0
3306,1606,0.5768799781799316,0
3306,1239,0.6855064034461975,0
3306,1423,1.3658593893051147,0
3306,322,0.7282784581184387,0
3306,1298,0.586742103099823,0
3306,1707,0.8150058388710022,0
3306,1276,0.7322201132774353,0
3306,1578,1.524423599243164,0
3306,967,0.6096816658973694,0
3306,1339,0.826628565788269,0
2841,1768,0.45053890347480774,1
2841,276,0.5755529999732971,0
2841,701,0.5154833793640137,0
2841,708,0.6282410025596619,0
2841,1077,0.7391372919082642,0
2841,864,0.5964950323104858,0
2841,810,0.5934622287750244,0
2841,170,0.6550159454345703,0
2841,1112,0.6869820952415466,0
2841,1847,0.7313793301582336,0
2841,311,0.7035916447639465,0
2841,267,0.47242027521133423,0
2841,367,0.5701719522476196,0
2841,341,0.4424715042114258,0
2841,491,0.44670915603637695,0
2841,1831,0.6859883069992065,0
2841,335,0.8752841353416443,0
2841,1396,0.7455823421478271,0
2841,248,0.7239487171173096,0
2841,1156,0.6151667237281799,0
508,173,0.8087504506111145,1
508,438,0.6570996046066284,0
508,1403,0.7214008569717407,0
508,758,0.6770734190940857,0
508,241,0.6156903505325317,0
508,1327,0.9116107225418091,0
508,635,0.6078216433525085,0
508,827,0.6276413202285767,0
508,1393,1.2473772764205933,0
508,41,0.8456870317459106,0
508,384,0.5687812566757202,0
508,1587,0.6271425485610962,0
508,1583,0.6691756248474121,0
508,283,0.7397474050521851,0
508,1159,0.8333165645599365,0
508,1103,0.6061190962791443,0
508,1836,0.8417250514030457,0
508,864,0.647960901260376,0
508,1292,0.6719661355018616,0
508,675,0.6255302429199219,0
3612,1346,0.6200830340385437,1
3612,1235,0.7038216590881348,0
3612,1110,0.7600708603858948,0
3612,398,0.9527884125709534,0
3612,0,0.7587831020355225,0
3612,723,0.536988377571106,0
3612,954,0.8166938424110413,0
3612,2063,0.5158511400222778,0
3612,1619,0.5825860500335693,0
3612,1741,0.7235952615737915,0
3612,2044,0.8339951038360596,0
3612,2072,0.7255326509475708,0
3612,165,0.6777472496032715,0
3612,679,0.6142489910125732,0
3612,238,0.8829337954521179,0
3612,800,0.7276507616043091,0
3612,513,0.859887421131134,0
3612,1534,0.4710858166217804,0
3612,1781,0.6106486916542053,0
3612,1156,0.6530555486679077,0
962,472,0.7766187787055969,1
962,329,0.5563365817070007,0
962,1551,0.6885554790496826,0
962,1494,0.7390742301940918,0
962,1731,0.6056638360023499,0
962,971,0.5214732885360718,0
962,10,1.1711862087249756,0
962,163,0.6161361336708069,0
962,1216,0.6450232267379761,0
962,745,0.8131189346313477,0
962,584,0.6224050521850586,0
962,620,0.46494755148887634,0
962,749,0.7159693837165833,0
962,412,0.5804378986358643,0
962,305,0.5696223974227905,0
962,69,0.46599602699279785,0
962,380,0.5854766368865967,0
962,542,0.6508957147598267,0
962,1536,1.1124746799468994,0
962,64,0.5708098411560059,0
3637,1695,0.43089377880096436,1
3637,1916,0.4573576748371124,0
3637,208,0.8951354026794434,0
3637,1272,0.7900046110153198,0
3637,1980,0.7234447002410889,0
3637,52,0.5634306073188782,0
3637,847,0.6992325782775879,0
3637,1135,0.535036027431488,0
3637,225,0.5062024593353271,0
3637,617,0.43120118975639343,0
3637,1155,0.5312369465827942,0
3637,398,0.8399844765663147,0
3637,552,0.7998898029327393,0
3637,1889,0.5872321128845215,0
3637,1428,0.6637872457504272,0
3637,483,1.2859559059143066,0
3637,1727,0.5446241497993469,0
3637,515,0.44449901580810547,0
3637,1862,0.6189510226249695,0
3637,102,0.6074385046958923,0
3432,572,1.3109052181243896,1
3432,1088,0.9467672109603882,0
3432,488,0.6453983187675476,0
3432,2003,0.4834524989128113,0
3432,972,0.6103186011314392,0
3432,1744,0.8899459838867188,0
3432,836,1.0861291885375977,0
3432,283,0.7202608585357666,0
3432,248,0.7826813459396362,0
3432,31,0.7070419788360596,0
3432,1715,0.917628824710846,0
3432,206,0.6549203395843506,0
3432,1009,0.8592226505279541,0
3432,1484,0.4938323497772217,0
3432,1838,0.6546083688735962,0
3432,641,0.6716948747634888,0
3432,96,0.641344428062439,0
3432,369,1.3097989559173584,0
3432,994,0.549553394317627,0
3432,1145,0.6040822267532349,0
3021,1751,0.5174379348754883,1
3021,258,1.0264776945114136,0
3021,1348,0.8380324840545654,0
3021,1409,0.48485517501831055,0
3021,2054,0.7088074088096619,0
3021,1416,0.8032484650611877,0
3021,480,0.5953136682510376,0
3021,1519,1.639798641204834,0
3021,1717,0.5662661790847778,0
3021,639,0.8846794962882996,0
3021,1900,0.6110801100730896,0
3021,326,0.5393346548080444,0
3021,2070,0.6553800106048584,0
3021,1224,1.1110014915466309,0
3021,286,0.6490894556045532,0
3021,1651,0.6080750823020935,0
3021,1155,0.6105417013168335,0
3021,1523,0.6043610572814941,0
3021,2031,0.6965734958648682,0
3021,718,0.636344313621521,0
2524,1521,1.249100685119629,1
2524,920,0.6850764155387878,0
2524,518,0.7738014459609985,0
2524,2054,0.773045539855957,0
2524,85,0.6025919318199158,0
2524,2073,1.4610114097595215,0
2524,1334,0.6943237781524658,0
2524,1937,0.7715569734573364,0
2524,1909,0.7501003742218018,0
2524,1461,0.6744885444641113,0
2524,1003,0.5777459144592285,0
2524,2000,0.9224217534065247,0
2524,1958,0.689338207244873,0
2524,782,0.6877480745315552,0
2524,1382,0.7398456335067749,0
2524,593,0.6066268682479858,0
2524,1055,0.959269642829895,0
2524,1105,0.5784796476364136,0
2524,459,0.6424169540405273,0
2524,796,0.738958477973938,0
4025,128,0.668095588684082,1
4025,1362,0.7474097609519958,0
4025,2048,0.5038677453994751,0
4025,76,0.555173397064209,0
4025,1743,0.749502420425415,0
4025,1618,0.8269099593162537,0
4025,1965,0.9145522117614746,0
4025,80,0.952789843082428,0
4025,1945,0.5667921900749207,0
4025,703,0.5865879058837891,0
4025,1020,0.8744083642959595,0
4025,1671,1.3447611331939697,0
4025,1887,0.7279585599899292,0
4025,620,0.5352154970169067,0
4025,1726,0.6181711554527283,0
4025,1398,0.5985293388366699,0
4025,1347,1.0087031126022339,0
4025,2001,0.6519457101821899,0
4025,963,0.634590208530426,0
4025,490,0.7123755216598511,0
3326,1639,0.6180365681648254,1
3326,541,0.8116748332977295,0
3326,1820,0.6197595000267029,0
3326,1478,0.682966947555542,0
3326,227,0.47121506929397583,0
3326,1431,0.6415591239929199,0
3326,1733,0.8074111938476562,0
3326,355,0.513401985168457,0
3326,733,0.8300801515579224,0
3326,1900,0.6123875975608826,0
3326,1626,0.6946600675582886,0
3326,936,0.8040118217468262,0
3326,821,0.46851450204849243,0
3326,96,0.6387271881103516,0
3326,1575,0.6503603458404541,0
3326,137,0.7232457399368286,0
3326,218,0.8241486549377441,0
3326,2000,0.855125367641449,0
3326,890,0.6260542869567871,0
3326,69,0.47566044330596924,0
155,467,0.5045334100723267,1
155,155,0.6110522150993347,0
155,1846,1.1294498443603516,0
155,2039,0.8596208095550537,0
155,2001,0.5618909597396851,0
155,724,0.8712844848632812,0
155,692,0.7575384974479675,0
155,1369,0.764711856842041,0
155,313,0.527350664138794,0
155,1999,1.0067074298858643,0
155,877,0.6282052397727966,0
155,1310,0.9350358843803406,0
155,560,0.6543210744857788,0
155,1172,0.497144877910614,0
155,1181,0.6906601786613464,0
155,820,0.7093570232391357,0
155,1501,0.6956849098205566,0
155,1026,0.690564751625061,0
155,1186,0.5747201442718506,0
155,502,0.6396733522415161,0
578,1466,0.7015515565872192,1
578,73,0.6344765424728394,0
578,719,1.3334215879440308,0
578,1025,0.6040059328079224,0
578,1350,0.565683901309967,0
578,1891,0.8546863198280334,0
578,1,0.6672453284263611,0
578,949,0.5842185020446777,0
578,1574,0.5943395495414734,0
578,1873,0.7077666521072388,0
578,2079,0.6224648952484131,0
578,1930,0.6835699677467346,0
578,490,0.6584527492523193,0
578,1505,0.41662654280662537,0
578,927,0.6084988713264465,0
578,386,0.4848954379558563,0
578,967,0.5997127294540405,0
578,82,0.7712869644165039,0
578,1708,0.7733869552612305,0
578,1231,0.9548413753509521,0
1315,369,1.3839750289916992,1
1315,405,0.6561560034751892,0
1315,1266,0.6030263900756836,0
1315,1697,0.6676813364028931,0
1315,1101,0.6430733799934387,0
1315,1161,0.5303418636322021,0
1315,967,0.6208535432815552,0
1315,555,0.5739466547966003,0
1315,1364,0.9091283082962036,0
1315,1277,0.8659362196922302,0
1315,1369,0.7826226949691772,0
1315,1288,0.6998720169067383,0
1315,522,0.8147597908973694,0
1315,577,0.5622568726539612,0
1315,1011,1.1207938194274902,0
1315,373,0.8689061403274536,0
1315,1137,1.2034448385238647,0
1315,1579,0.8667715191841125,0
1315,334,0.7375651597976685,0
1315,1432,0.595166027545929,0
4178,166,0.41537970304489136,1
4178,230,0.520673930644989,0
4178,293,0.5966683626174927,0
4178,1572,0.5721338987350464,0
4178,680,0.9701226949691772,0
4178,1843,0.7720889449119568,0
4178,1140,0.4428558647632599,0
4178,1814,0.5862195491790771,0
4178,992,0.5992546081542969,0
4178,1350,0.48720234632492065,0
4178,1745,0.3819391131401062,0
4178,684,0.4843299984931946,0
4178,1489,0.5147766470909119,0
4178,1689,1.0420832633972168,0
4178,416,0.5883945822715759,0
4178,503,0.5085132718086243,0
4178,1469,0.5313376784324646,0
4178,1093,0.4633718430995941,0
4178,699,1.034978985786438,0
4178,134,0.5626867413520813,0
2341,2036,0.9433947801589966,1
2341,980,1.2642202377319336,0
2341,1883,0.5634991526603699,0
2341,393,0.640380859375,0
2341,831,0.9451471567153931,0
2341,306,0.5790131092071533,0
2341,1701,0.3856230080127716,0
2341,1574,0.511444091796875,0
2341,1387,0.4834271967411041,0
2341,373,0.7220088243484497,0
2341,1976,0.7127048969268799,0
2341,2,0.4144524931907654,0
2341,1841,0.44693729281425476,0
2341,1353,0.657062292098999,0
2341,1643,1.2403391599655151,0
2341,1369,0.6283699870109558,0
2341,433,0.802793025970459,0
2341,1918,0.7633413672447205,0
2341,1068,0.5271310806274414,0
2341,564,0.5228966474533081,0
3788,1625,0.5960886478424072,1
3788,565,0.9310739040374756,0
3788,248,0.8692752718925476,0
3788,1363,0.6587169170379639,0
3788,318,0.7375407218933105,0
3788,371,0.6166306734085083,0
3788,67,0.8504154682159424,0
3788,18,0.7628065943717957,0
3788,1701,0.5280872583389282,0
3788,1648,0.600227952003479,0
3788,1831,0.8231866359710693,0
3788,1886,0.6883246302604675,0
3788,123,1.1951236724853516,0
3788,1197,0.7980281114578247,0
3788,746,0.6360597610473633,0
3788,1068,0.6703798770904541,0
3788,1086,0.6643927693367004,0
3788,962,1.3293719291687012,0
3788,2059,0.4941347539424896,0
3788,113,0.7115649580955505,0
1964,992,0.7870137691497803,1
1964,1315,0.5591456890106201,0
1964,662,0.890129029750824,0
1964,1134,0.9230550527572632,0
1964,1113,0.7318152189254761,0
1964,1320,0.7968008518218994,0
1964,1844,1.5531115531921387,0
1964,1326,0.7691076397895813,0
1964,1465,0.6928019523620605,0
1964,85,0.623131513595581,0
1964,653,0.6032853722572327,0
1964,1653,0.6851856708526611,0
1964,864,0.6903892159461975,0
1964,1060,0.8353806734085083,0
1964,1001,0.6409043073654175,0
1964,624,1.6347501277923584,0
1964,798,0.8769885897636414,0
1964,980,1.2908740043640137,0
1964,20,0.7894939184188843,0
1964,952,0.783241868019104,0
3664,1409,0.46928900480270386,1
3664,1640,0.7437760829925537,0
3664,1745,0.4375985860824585,0
3664,1301,0.5911263227462769,0
3664,888,0.7810356616973877,0
3664,168,0.7661411762237549,0
3664,1175,0.680798351764679,0
3664,786,0.5815850496292114,0
3664,367,0.5825183391571045,0
3664,702,1.1451534032821655,0
3664,18,0.6612352728843689,0
3664,1085,0.5047569870948792,0
3664,805,0.9920027256011963,0
3664,203,0.579553484916687,0
3664,375,0.8593012690544128,0
3664,82,0.7317847013473511,0
3664,1177,0.6832476258277893,0
3664,1911,0.6101416349411011,0
3664,1591,0.5771633386611938,0
3664,248,0.7290278077125549,0
910,357,0.6084036827087402,1
910,1870,0.5731030702590942,0
910,861,0.9779390692710876,0
910,734,0.6586444973945618,0
910,532,0.6547999382019043,0
910,527,0.5561570525169373,0
910,1034,0.766246497631073,0
910,2076,0.7276054620742798,0
910,1170,0.8447014093399048,0
910,1556,0.609129786491394,0
910,619,0.699028730392456,0
910,1771,0.6510889530181885,0
910,1298,0.5325051546096802,0
910,1985,0.7924865484237671,0
910,739,0.7686420679092407,0
910,32,0.6936913728713989,0
910,468,0.6688823103904724,0
910,847,0.7705729007720947,0
910,456,0.6995101571083069,0
910,35,0.5801556706428528,0
121,766,0.46615171432495117,1
121,1493,0.8395175933837891,0
121,1559,1.3434255123138428,0
121,322,0.6940240859985352,0
121,436,2.072385787963867,0
121,310,0.7585741877555847,0
121,816,0.8563065528869629,0
121,642,0.6425110101699829,0
121,1125,0.6706551313400269,0
121,581,0.6461208462715149,0
121,1528,1.0151400566101074,0
121,683,0.6666640043258667,0
121,1505,0.4137135446071625,0
121,871,0.6832640767097473,0
121,1444,0.6933470368385315,0
121,1695,0.48630833625793457,0
121,2068,1.2951849699020386,0
121,960,1.098109245300293,0
121,844,0.5890759825706482,0
121,1334,0.6489821076393127,0
3377,198,0.7402940392494202,1
3377,1668,0.6791413426399231,0
3377,232,0.6246923208236694,0
3377,295,0.655310869216919,0
3377,1562,0.7872850298881531,0
3377,732,0.5207239389419556,0
3377,4,0.6960477828979492,0
3377,1886,0.680421769618988,0
3377,519,0.7949427962303162,0
3377,187,0.7283433675765991,0
3377,119,0.5911021828651428,0
3377,849,0.6740988492965698,0
3377,1663,1.1481716632843018,0
3377,1331,0.6025694608688354,0
3377,1696,0.7416122555732727,0
3377,758,0.6947619915008545,0
3377,296,0.6338645815849304,0
3377,217,0.7568575143814087,0
3377,1689,1.393096923828125,0
3377,1080,0.6519929766654968,0
3120,932,0.9798545837402344,1
3120,1600,0.5449262857437134,0
3120,954,0.7567341327667236,0
3120,968,0.76346755027771,0
3120,1877,2.3031504154205322,0
3120,449,0.7846227288246155,0
3120,1982,0.6219989657402039,0
3120,916,0.6234866380691528,0
3120,1839,0.6583056449890137,0
3120,1528,0.8719683289527893,0
3120,1050,0.8532837629318237,0
3120,1555,0.6470324397087097,0
3120,996,0.8489331007003784,0
3120,1630,0.853082001209259,0
3120,1796,0.7548192739486694,0
3120,1421,0.6193802356719971,0
3120,223,0.6626557111740112,0
3120,182,0.907416582107544,0
3120,927,0.5694766044616699,0
3120,258,0.9855054616928101,0
895,90,0.6906992197036743,1
895,1235,0.6434860825538635,0
895,1911,0.6227747797966003,0
895,28,0.5503538846969604,0
895,672,0.41051727533340454,0
895,569,0.6736020445823669,0
895,1167,0.545925498008728,0
895,198,0.6542190313339233,0
895,1696,0.6420833468437195,0
895,804,0.5966166853904724,0
895,1158,0.5639388561248779,0
895,1653,0.6094567775726318,0
895,1389,0.5009074211120605,0
895,363,0.5268312692642212,0
895,1366,0.6207605004310608,0
895,2012,0.6766613721847534,0
895,1817,0.4868549406528473,0
895,499,0.6158455014228821,0
895,1342,0.5531421303749084,0
895,317,0.7061828970909119,0
2104,1712,1.2436846494674683,1
2104,1579,0.9051917195320129,0
2104,1008,0.6865904927253723,0
2104,32,0.8261783123016357,0
2104,674,0.5919430255889893,0
2104,1769,0.45713749527931213,0
2104,1019,1.0883285999298096,0
2104,1409,0.4752365052700043,0
2104,326,0.5645034313201904,0
2104,1396,0.9037569165229797,0
2104,497,0.6946657299995422,0
2104,1391,0.6791319847106934,0
2104,1723,1.661350965499878,0
2104,1156,0.6872375011444092,0
2104,63,0.7107716798782349,0
2104,488,0.6852498650550842,0
2104,535,0.7466292977333069,0
2104,1499,0.7939614057540894,0
2104,2004,0.8803562521934509,0
2104,655,1.4859542846679688,0
3321,1150,0.9042448997497559,1
3321,1710,0.7468447685241699,0
3321,615,0.5688958764076233,0
3321,1384,0.6633481979370117,0
3321,570,0.6635687947273254,0
3321,713,0.565895140171051,0
3321,1559,1.1070122718811035,0
3321,1635,0.45494210720062256,0
3321,1342,0.5399947762489319,0
3321,1490,0.6132968664169312,0
3321,1095,0.7232784032821655,0
3321,1115,0.5864012241363525,0
3321,590,1.3014945983886719,0
3321,315,0.7300480008125305,0
3321,2074,0.5193000435829163,0
3321,89,0.45753151178359985,0
3321,431,0.7755698561668396,0
3321,1601,0.7181359529495239,0
3321,1105,0.5141435265541077,0
3321,439,1.1917755603790283,0
2315,669,0.5693394541740417,1
2315,1078,0.5574618577957153,0
2315,189,0.5080046653747559,0
2315,612,0.4763963222503662,0
2315,1778,0.5784727334976196,0
2315,2058,0.5212529301643372,0
2315,247,0.4035428464412689,0
2315,572,1.1852244138717651,0
2315,1865,0.6394108533859253,0
2315,812,0.5340320467948914,0
2315,274,0.5681494474411011,0
2315,76,0.4648051857948303,0
2315,1774,0.5483771562576294,0
2315,1015,0.5597717761993408,0
2315,1317,0.5920372009277344,0
2315,979,0.5217304825782776,0
2315,662,0.6820218563079834,0
2315,1563,0.6735355257987976,0
2315,886,0.5298653244972229,0
2315,1926,0.48797914385795593,0
1055,1824,0.6175705194473267,1
1055,2000,0.8784483671188354,0
1055,1071,0.7038222551345825,0
1055,684,0.6230363249778748,0
1055,1953,0.946067214012146,0
1055,1651,0.657431960105896,0
1055,1079,0.7065136432647705,0
1055,1616,0.7014065384864807,0
1055,93,0.7042272090911865,0
1055,988,1.2909132242202759,0
1055,833,0.6986140608787537,0
1055,1289,0.6334901452064514,0
1055,1406,0.48036396503448486,0
1055,311,0.8124728202819824,0
1055,533,1.1091973781585693,0
1055,872,0.6288229823112488,0
1055,24,0.6732707619667053,0
1055,631,0.5059717893600464,0
1055,350,0.7431353330612183,0
1055,402,0.6681981086730957,0
709,21,0.457514226436615,1
709,1899,0.5757877826690674,0
709,723,0.49004536867141724,0
709,950,0.5618550777435303,0
709,812,0.5982739329338074,0
709,81,0.6842905282974243,0
709,358,0.556027889251709,0
709,324,0.52788907289505,0
709,1466,0.6739771962165833,0
709,1484,0.4821363687515259,0
709,2015,0.481906533241272,0
709,1485,0.5550119280815125,0
709,107,0.7213416695594788,0
709,668,0.404670774936676,0
709,841,1.260538101196289,0
709,831,1.0341600179672241,0
709,1946,0.9351488351821899,0
709,1875,0.5033878087997437,0
709,42,0.5663573741912842,0
709,204,0.7137438058853149,0
504,596,0.8881826400756836,1
504,295,0.5789570808410645,0
504,456,0.7588708996772766,0
504,1050,0.9310765266418457,0
504,1081,0.48851537704467773,0
504,877,0.6191271543502808,0
504,1728,0.9258431196212769,0
504,882,0.5624796152114868,0
504,151,1.4251399040222168,0
504,1369,0.7483251690864563,0
504,1420,0.709163248538971,0
504,260,0.5419214367866516,0
504,1646,0.6453803181648254,0
504,1029,0.6877140402793884,0
504,631,0.4861496090888977,0
504,1949,0.7853325009346008,0
504,281,0.56331467628479,0
504,1482,0.7118147015571594,0
504,30,0.47138530015945435,0
504,749,0.7576366662979126,0
3111,878,0.43252670764923096,1
3111,915,0.7074930667877197,0
3111,1568,0.5061951875686646,0
3111,2031,0.5801506638526917,0
3111,18,0.5690009593963623,0
3111,112,0.7350037097930908,0
3111,1159,0.6303799748420715,0
3111,1240,0.5884634852409363,0
3111,1468,0.52616286277771,0
3111,1662,0.5672409534454346,0
3111,852,0.5300246477127075,0
3111,873,0.44198915362358093,0
3111,1706,0.4878595471382141,0
3111,752,0.5025750398635864,0
3111,942,0.6489341259002686,0
3111,1391,0.5338805317878723,0
3111,1828,0.8128902912139893,0
3111,570,0.5712854266166687,0
3111,25,0.5912948250770569,0
3111,1915,0.6101043224334717,0
3688,209,0.48850369453430176,1
3688,1342,0.6041616797447205,0
3688,1945,0.5521354675292969,0
3688,903,0.917049765586853,0
3688,1691,0.7138031125068665,0
3688,1658,1.779383659362793,0
3688,1663,1.0573068857192993,0
3688,1370,0.8404000997543335,0
3688,1364,0.8579976558685303,0
3688,1493,0.8066713809967041,0
3688,1264,0.6667317152023315,0
3688,99,0.5847958922386169,0
3688,716,0.7051486372947693,0
3688,1256,0.5755464434623718,0
3688,588,0.6575047969818115,0
3688,565,0.8855183720588684,0
3688,1452,0.5474908947944641,0
3688,310,0.78891921043396,0
3688,1158,0.5889073014259338,0
3688,2026,0.809422492980957,0
3791,1504,0.5825085639953613,1
3791,1879,0.6973209381103516,0
3791,486,0.4792356491088867,0
3791,593,0.6205087900161743,0
3791,55,0.923790693283081,0
3791,1556,0.6634610891342163,0
3791,474,0.7171571850776672,0
3791,2008,0.9177016615867615,0
3791,216,0.6972670555114746,0
3791,491,0.5263407826423645,0
3791,1448,0.60636305809021,0
3791,111,0.6098645329475403,0
3791,653,0.5870524048805237,0
3791,1597,1.0426585674285889,0
3791,1985,0.8560389280319214,0
3791,734,0.7342406511306763,0
3791,158,0.7861502766609192,0
3791,2039,0.8476057052612305,0
3791,1383,0.5663127899169922,0
3791,926,0.7093802690505981,0
1889,1161,0.5355653166770935,1
1889,1894,0.8157272338867188,0
1889,1310,0.956531822681427,0
1889,289,0.8083351850509644,0
1889,1103,0.605796217918396,0
1889,136,0.7379727959632874,0
1889,967,0.6259825229644775,0
1889,307,0.851797878742218,0
1889,1087,0.6665452718734741,0
1889,1576,0.4898037910461426,0
1889,886,0.6399348974227905,0
1889,851,0.7302963733673096,0
1889,1597,1.1873464584350586,0
1889,569,0.7490999698638916,0
1889,214,0.5731208920478821,0
1889,1624,0.48141467571258545,0
1889,824,1.0446484088897705,0
1889,1613,0.5930798649787903,0
1889,1646,0.6825666427612305,0
1889,1452,0.5281391143798828,0
3576,1962,0.4980199337005615,1
3576,1826,0.7317183017730713,0
3576,1717,0.5717324018478394,0
3576,209,0.46331143379211426,0
3576,101,1.33344304561615,0
3576,652,0.8012592196464539,0
3576,153,1.1509597301483154,0
3576,1592,0.7462342977523804,0
3576,93,0.7062791585922241,0
3576,1576,0.48370152711868286,0
3576,689,1.0231494903564453,0
3576,185,0.6677522659301758,0
3576,2019,0.6773917078971863,0
3576,219,0.4520450234413147,0
3576,1404,0.6606807708740234,0
3576,1546,0.6986148357391357,0
3576,1240,0.7952949404716492,0
3576,250,0.6989305019378662,0
3576,1665,0.7498071789741516,0
3576,1643,1.5630619525909424,0
1427,1973,0.4427356421947479,1
1427,1666,0.7652373313903809,0
1427,1694,1.1334638595581055,0
1427,354,0.4055075943470001,0
1427,659,0.737764835357666,0
1427,831,0.9720245003700256,0
1427,1410,0.5355008244514465,0
1427,1630,0.7955309152603149,0
1427,1000,0.709869921207428,0
1427,574,0.5258517861366272,0
1427,1002,0.8688244819641113,0
1427,1810,0.5087193846702576,0
1427,1658,2.0483810901641846,0
1427,199,0.7302391529083252,0
1427,1030,0.5455241799354553,0
1427,1490,0.549079954624176,0
1427,56,0.6471718549728394,0
1427,1890,0.582301139831543,0
1427,91,0.7117424011230469,0
1427,1004,0.5600032806396484,0
1163,482,1.142493724822998,1
1163,129,0.8493096828460693,0
1163,1269,0.825365424156189,0
1163,536,0.8038497567176819,0
1163,1880,0.8198449015617371,0
1163,325,1.07133948802948,0
1163,1151,0.8331654071807861,0
1163,1231,1.0594435930252075,0
1163,632,0.7161701321601868,0
1163,928,0.8778559565544128,0
1163,205,0.7391868233680725,0
1163,1302,1.160359501838684,0
1163,1753,0.7180258631706238,0
1163,1732,1.0964243412017822,0
1163,1682,0.788154125213623,0
1163,1894,0.8866733908653259,0
1163,1056,0.6845559477806091,0
1163,1928,1.0659866333007812,0
1163,1457,0.9592069983482361,0
1163,1580,0.8452802896499634,0
1846,1434,0.8888944387435913,1
1846,263,0.6425567865371704,0
1846,121,0.6226766705513,0
1846,1949,0.7458798289299011,0
1846,1842,0.7844096422195435,0
1846,1825,0.8041300773620605,0
1846,1447,0.9899614453315735,0
1846,1535,0.9082141518592834,0
1846,1040,0.64324951171875,0
1846,896,0.7186542749404907,0
1846,843,0.5874667167663574,0
1846,1684,0.6414086818695068,0
1846,1837,0.6116081476211548,0
1846,351,0.5098299980163574,0
1846,1369,0.7214893102645874,0
1846,502,0.6179428100585938,0
1846,1432,0.5804483294487,0
1846,35,0.6245425939559937,0
1846,864,0.6441394090652466,0
1846,250,0.6600325703620911,0
2743,1677,0.40716516971588135,1
2743,107,0.6314674615859985,0
2743,1622,0.7652129530906677,0
2743,1248,0.6401283740997314,0
2743,82,0.6337372064590454,0
2743,1922,0.550801694393158,0
2743,1667,0.7287741899490356,0
2743,1756,0.48697394132614136,0
2743,1094,0.5177428722381592,0
2743,1928,0.7211669683456421,0
2743,464,0.5644201636314392,0
2743,518,0.585697591304779,0
2743,116,0.4338443875312805,0
2743,1190,0.5683388710021973,0
2743,971,0.4530561566352844,0
2743,1142,0.5258786082267761,0
2743,625,0.5794460773468018,0
2743,1510,0.5133470892906189,0
2743,14,0.6569135785102844,0
2743,351,0.4061862826347351,0
4031,1506,0.5746553540229797,1
4031,1947,0.7205356955528259,0
4031,890,0.6460981369018555,0
4031,746,0.6096960306167603,0
4031,719,1.316889762878418,0
4031,1075,0.4506738483905792,0
4031,1402,0.8350443243980408,0
4031,381,0.7882495522499084,0
4031,1011,1.0825952291488647,0
4031,1379,0.9892240762710571,0
4031,888,0.8734053373336792,0
4031,1191,0.5135520696640015,0
4031,1068,0.6812046766281128,0
4031,1391,0.6887578368186951,0
4031,1229,0.7131399512290955,0
4031,1,0.6702424883842468,0
4031,578,0.796489953994751,0
4031,665,0.5927178859710693,0
4031,1417,0.6217688918113708,0
4031,1268,0.9731385707855225,0
873,998,0.6988396048545837,1
873,773,0.7019751071929932,0
873,807,0.6791504621505737,0
873,1935,0.6920409798622131,0
873,769,0.6156589388847351,0
873,1283,0.6443426012992859,0
873,1303,0.6173112392425537,0
873,70,0.5962555408477783,0
873,101,1.1401206254959106,0
873,562,0.7000885605812073,0
873,1547,1.0374196767807007,0
873,1799,0.8170870542526245,0
873,711,0.783103346824646,0
873,404,0.6810098886489868,0
873,333,0.7355871200561523,0
873,1953,0.922537624835968,0
873,1635,0.45547032356262207,0
873,1254,0.652045726776123,0
873,441,0.6008527278900146,0
873,1828,0.9589234590530396,0
2956,1255,0.9939637184143066,1
2956,88,0.5892401337623596,0
2956,1469,0.6114988327026367,0
2956,559,0.6943476796150208,0
2956,392,0.46099090576171875,0
2956,498,0.603536069393158,0
2956,937,0.52609783411026,0
2956,494,0.628726601600647,0
2956,1944,0.5555225014686584,0
2956,1929,0.5767530798912048,0
2956,218,0.803859531879425,0
2956,1680,0.6547387838363647,0
2956,552,0.9182285070419312,0
2956,1551,0.7032721042633057,0
2956,4,0.6101190447807312,0
2956,954,0.7700704336166382,0
2956,1591,0.6007027626037598,0
2956,159,1.0939419269561768,0
2956,1408,0.672058641910553,0
2956,1733,0.7712345719337463,0
1521,2017,0.8016160130500793,1
1521,1930,0.7188971638679504,0
1521,1338,0.659787654876709,0
1521,243,0.7186422944068909,0
1521,1061,0.6745607852935791,0
1521,1684,0.6924802660942078,0
1521,1104,1.232667326927185,0
1521,381,0.8091542720794678,0
1521,588,0.6675282716751099,0
1521,1288,0.7230880856513977,0
1521,1946,0.974142849445343,0
1521,84,0.7589981555938721,0
1521,850,1.21209716796875,0
1521,1059,0.5534454584121704,0
1521,30,0.5257710218429565,0
1521,830,0.7471617460250854,0
1521,1721,0.9088138341903687,0
1521,580,0.7283622622489929,0
1521,1798,0.799771785736084,0
1521,928,0.7388286590576172,0
2925,407,1.0734384059906006,1
2925,905,0.5445151925086975,0
2925,977,0.7723616361618042,0
2925,76,0.5323706865310669,0
2925,1901,0.800189733505249,0
2925,1361,0.8487485647201538,0
2925,287,0.8629470467567444,0
2925,1192,0.7136414647102356,0
2925,684,0.5628284215927124,0
2925,809,0.5954992771148682,0
2925,321,0.6151564717292786,0
2925,829,0.6449432969093323,0
2925,654,0.9655680656433105,0
2925,845,1.1198841333389282,0
2925,1121,0.7720073461532593,0
2925,198,0.6573501825332642,0
2925,1809,0.8365241289138794,0
2925,1522,0.7970302700996399,0
2925,1704,0.7071449160575867,0
2925,183,0.5060593485832214,0
2783,2010,0.43239590525627136,1
2783,1276,0.5672478079795837,0
2783,968,0.6655410528182983,0
2783,1759,0.5610491037368774,0
2783,246,0.5320347547531128,0
2783,1892,0.4292007088661194,0
2783,1477,0.4043281674385071,0
2783,1009,0.6922165751457214,0
2783,1046,0.5510329604148865,0
2783,710,0.5601736903190613,0
2783,1131,0.5086889863014221,0
2783,1655,0.6291587352752686,0
2783,1861,0.5630705952644348,0
2783,815,0.5761756896972656,0
2783,440,0.5640000700950623,0
2783,1564,0.8802530169487,0
2783,2018,0.4601626396179199,0
2783,272,0.5414206981658936,0
2783,896,0.5825981497764587,0
2783,1619,0.45451584458351135,0
3955,331,0.4129679203033447,1
3955,79,0.7845858335494995,0
3955,471,0.47122496366500854,0
3955,607,0.6332167387008667,0
3955,104,1.006890058517456,0
3955,323,0.6208770871162415,0
3955,1404,0.5331622958183289,0
3955,830,0.5864698886871338,0
3955,1206,0.47275248169898987,0
3955,785,0.6869814395904541,0
3955,923,1.3121309280395508,0
3955,303,0.5785017013549805,0
3955,1498,0.5425604581832886,0
3955,371,0.4893927276134491,0
3955,329,0.5193387269973755,0
3955,2060,0.6988741755485535,0
3955,1267,0.611628532409668,0
3955,1301,0.5357949733734131,0
3955,1000,0.700993537902832,0
3955,338,0.5640842914581299,0
1234,1180,0.802724301815033,1
1234,1033,0.6767727732658386,0
1234,1138,0.5643946528434753,0
1234,1528,0.8822300434112549,0
1234,222,0.5582753419876099,0
1234,1653,0.6124279499053955,0
1234,1769,0.40193426609039307,0
1234,736,0.6749573945999146,0
1234,1690,0.6327911615371704,0
1234,1703,1.5669257640838623,0
1234,102,0.661774754524231,0
1234,1539,0.5633137822151184,0
1234,244,0.5849772095680237,0
1234,1912,0.6210180521011353,0
1234,1943,0.6318531036376953,0
1234,1675,0.6949881315231323,0
1234,1250,0.7833245992660522,0
1234,1249,0.5055080652236938,0
1234,873,0.4644465148448944,0
1234,1356,0.6756446361541748,0
112,251,0.5715894103050232,1
112,1985,0.9172288179397583,0
112,266,0.6236115097999573,0
112,1484,0.5339663028717041,0
112,1537,0.6105474233627319,0
112,326,0.587141752243042,0
112,1138,0.6496946215629578,0
112,2034,0.8341781497001648,0
112,713,0.6423070430755615,0
112,593,0.5966323614120483,0
112,1374,0.5205679535865784,0
112,501,0.8145192861557007,0
112,1641,0.9812238812446594,0
112,502,0.6416725516319275,0
112,1960,0.7546059489250183,0
112,240,0.7491211891174316,0
112,447,0.8996245861053467,0
112,589,0.6158716678619385,0
112,786,0.6269631385803223,0
112,1836,0.8228331804275513,0
3826,701,0.4649008512496948,1
3826,421,0.3824152648448944,0
3826,1382,0.564569354057312,0
3826,897,0.45630091428756714,0
3826,1191,0.40133368968963623,0
3826,1721,0.7483034133911133,0
3826,433,0.8164003491401672,0
3826,370,0.5076818466186523,0
3826,635,0.5166680216789246,0
3826,1889,0.6000243425369263,0
3826,865,0.5667020678520203,0
3826,776,0.41234833002090454,0
3826,523,0.7583149671554565,0
3826,1118,0.41133594512939453,0
3826,551,0.5409408807754517,0
3826,215,0.5213570594787598,0
3826,684,0.4995543360710144,0
3826,895,0.5955963730812073,0
3826,928,0.5920583009719849,0
3826,1058,0.7348474860191345,0
4123,1701,0.4170054495334625,1
4123,1471,0.5131012797355652,0
4123,1729,0.7315511703491211,0
4123,883,0.7659463882446289,0
4123,1482,0.6262019276618958,0
4123,1424,0.596756637096405,0
4123,1062,0.5534898042678833,0
4123,1107,0.9248542785644531,0
4123,95,0.5045206546783447,0
4123,52,0.5627997517585754,0
4123,1114,0.766311526298523,0
4123,562,0.5858169794082642,0
4123,1632,1.374120831489563,0
4123,1434,0.8022613525390625,0
4123,805,0.9411458373069763,0
4123,385,0.6379600167274475,0
4123,1318,0.5118438601493835,0
4123,1260,0.620739758014679,0
4123,66,0.6330522298812866,0
4123,1575,0.5878843665122986,0
208,275,0.48677629232406616,1
208,1366,0.6214996576309204,0
208,258,1.0314826965332031,0
208,891,0.7357809543609619,0
208,677,0.5080439448356628,0
208,742,0.5749327540397644,0
208,389,0.6663334369659424,0
208,1013,0.7769792675971985,0
208,1533,0.585004448890686,0
208,447,0.8335902690887451,0
208,24,0.6289103031158447,0
208,1635,0.44293826818466187,0
208,1508,0.773476243019104,0
208,909,0.5598849058151245,0
208,1964,0.5811212658882141,0
208,1778,0.6544622182846069,0
208,1789,0.6018306016921997,0
208,471,0.4991595149040222,0
208,770,0.4641566574573517,0
208,1604,0.4865858852863312,0
3605,659,0.7613887786865234,1
3605,1897,0.5663675665855408,0
3605,169,0.4502355456352234,0
3605,1256,0.4741736054420471,0
3605,920,0.5793408751487732,0
3605,1189,0.566745400428772,0
3605,1693,0.8636606931686401,0
3605,3,0.5562506318092346,0
3605,802,0.6501168012619019,0
3605,1802,0.8688915967941284,0
3605,151,1.1470870971679688,0
3605,1878,0.6809710264205933,0
3605,128,0.4988311529159546,0
3605,543,0.428589403629303,0
3605,801,1.0509185791015625,0
3605,1972,0.7923614978790283,0
3605,285,0.5884022116661072,0
3605,989,0.9287980794906616,0
3605,1512,0.6624516248703003,0
3605,1571,0.6552622318267822,0
3667,1337,0.8146095871925354,1
3667,102,0.8882172703742981,0
3667,941,0.7954856753349304,0
3667,767,0.7765225768089294,0
3667,183,0.6299718618392944,0
3667,571,0.7926141619682312,0
3667,1746,0.8164352774620056,0
3667,923,1.7875021696090698,0
3667,1493,0.9663901925086975,0
3667,51,0.5218764543533325,0
3667,1190,0.8484571576118469,0
3667,1075,0.5470249652862549,0
3667,1760,1.0441027879714966,0
3667,8,0.9045872688293457,0
3667,983,1.2584317922592163,0
3667,199,1.0256747007369995,0
3667,419,0.6925622224807739,0
3667,1679,0.8174101114273071,0
3667,1422,0.6944616436958313,0
3667,430,0.8355812430381775,0
2844,1339,0.7057662606239319,1
2844,1827,0.4985889792442322,0
2844,547,0.5165693759918213,0
2844,1873,0.658949613571167,0
2844,1126,0.6407924294471741,0
2844,1091,0.6298347115516663,0
2844,1281,0.49346280097961426,0
2844,711,0.7150483131408691,0
2844,1421,0.5912814736366272,0
2844,953,0.7269667387008667,0
2844,432,0.6807453632354736,0
2844,505,0.5984174013137817,0
2844,569,0.6317928433418274,0
2844,280,0.6225072741508484,0
2844,1950,0.7064923048019409,0
2844,1864,0.607515811920166,0
2844,1520,0.591842532157898,0
2844,1153,0.6755437850952148,0
2844,1293,0.5567653179168701,0
2844,987,0.7481561899185181,0
2578,232,0.5053737759590149,1
2578,1696,0.60123610496521,0
2578,1202,0.6918773055076599,0
2578,1362,0.6037628650665283,0
2578,1030,0.5858355164527893,0
2578,352,0.6283198595046997,0
2578,373,0.691980242729187,0
2578,1263,0.5215868949890137,0
2578,1025,0.5222125053405762,0
2578,516,0.5853768587112427,0
2578,1364,0.743628740310669,0
2578,934,0.6988149285316467,0
2578,1069,0.4372895061969757,0
2578,576,0.5933070778846741,0
2578,917,0.5291309356689453,0
2578,604,0.5018823146820068,0
2578,1677,0.44455277919769287,0
2578,462,0.8143983483314514,0
2578,1273,0.9344233274459839,0
2578,1411,0.6078305244445801,0
314,1310,0.8952038288116455,1
314,94,0.7720615863800049,0
314,1601,0.7477240562438965,0
314,38,0.4593883454799652,0
314,1744,0.8531135320663452,0
314,633,0.9486081600189209,0
314,128,0.5492786169052124,0
314,1141,0.6439180970191956,0
314,1411,0.6618736982345581,0
314,1395,0.7153388261795044,0
314,1364,0.8405965566635132,0
314,1193,0.5043303370475769,0
314,216,0.65316241979599,0
314,1034,0.8404743671417236,0
314,590,1.6114225387573242,0
314,891,0.755179762840271,0
314,1778,0.6543671488761902,0
314,74,0.9907034039497375,0
314,993,0.8870444297790527,0
314,315,0.7629461288452148,0
1750,1893,0.7063149809837341,1
1750,92,0.6792106032371521,0
1750,630,0.5111202001571655,0
1750,1540,0.5193241834640503,0
1750,122,1.135742425918579,0
1750,169,0.4740939140319824,0
1750,226,0.49872472882270813,0
1750,1870,0.6142652034759521,0
1750,195,0.6120256185531616,0
1750,1869,0.679095447063446,0
1750,433,0.876389741897583,0
1750,704,0.6988652944564819,0
1750,1010,0.7172417640686035,0
1750,1482,0.6799615621566772,0
1750,1486,0.6911598443984985,0
1750,540,0.8658750057220459,0
1750,320,0.6536921858787537,0
1750,1968,0.6050829291343689,0
1750,807,0.6377592086791992,0
1750,1296,0.5517614483833313,0
3923,821,0.4744686782360077,1
3923,847,0.8345881700515747,0
3923,1907,0.7910966873168945,0
3923,1595,0.6284968852996826,0
3923,369,1.2005910873413086,0
3923,29,0.5800749063491821,0
3923,830,0.698280930519104,0
3923,1279,0.7115025520324707,0
3923,305,0.599604070186615,0
3923,918,0.813408613204956,0
3923,836,0.9948654174804688,0
3923,1380,0.6734355688095093,0
3923,2037,0.8502309322357178,0
3923,1967,0.590221643447876,0
3923,360,0.6969080567359924,0
3923,1846,1.026313066482544,0
3923,1107,1.0818591117858887,0
3923,1377,0.9395062923431396,0
3923,1357,0.5489810705184937,0
3923,1953,0.9206610918045044,0
3732,594,0.9767252206802368,1
3732,1952,1.2524406909942627,0
3732,1370,0.7349979877471924,0
3732,1976,0.7327821254730225,0
3732,211,0.5749444365501404,0
3732,489,0.5657683610916138,0
3732,777,0.6184195280075073,0
3732,735,0.5552414655685425,0
3732,1141,0.5647792220115662,0
3732,1589,0.9789263606071472,0
3732,2049,0.5912410020828247,0
3732,1682,0.5531259179115295,0
3732,916,0.5863162279129028,0
3732,1573,0.6996580362319946,0
3732,928,0.6103250980377197,0
3732,1447,0.895399808883667,0
3732,1375,0.6968086957931519,0
3732,1224,1.0016059875488281,0
3732,1780,0.578916072845459,0
3732,1046,0.5738126039505005,0
1414,1184,1.0030672550201416,1
1414,1482,0.8461121916770935,0
1414,281,0.6629641652107239,0
1414,999,0.6066689491271973,0
1414,682,0.7631719708442688,0
1414,573,0.8254680633544922,0
1414,659,1.008907437324524,0
1414,1569,0.5452880859375,0
1414,1452,0.5907967686653137,0
1414,171,1.068346381187439,0
1414,1620,2.1124277114868164,0
1414,1475,0.8268753886222839,0
1414,1756,0.6832775473594666,0
1414,273,0.711594820022583,0
1414,2068,1.3087501525878906,0
1414,1721,1.040250301361084,0
1414,1692,0.5969018936157227,0
1414,1239,0.7559480667114258,0
1414,49,1.3660273551940918,0
1414,987,0.939812958240509,0
3130,527,0.612078070640564,1
3130,2040,0.8160285949707031,0
3130,1548,1.0246105194091797,0
3130,1866,0.9377846717834473,0
3130,1786,0.6507548093795776,0
3130,613,1.0358221530914307,0
3130,1288,0.7016785740852356,0
3130,1667,0.8537381291389465,0
3130,1403,0.7663069367408752,0
3130,911,0.6477358937263489,0
3130,556,0.7502151727676392,0
3130,1572,0.7576877474784851,0
3130,9,0.5899885892868042,0
3130,1658,1.9654269218444824,0
3130,1743,0.7381742000579834,0
3130,2042,0.5151547193527222,0
3130,2027,0.8285109996795654,0
3130,1226,0.5089336633682251,0
3130,949,0.6299287676811218,0
3130,305,0.6364991664886475,0
3777,1945,0.556914210319519,1
3777,470,0.7155340909957886,0
3777,1765,0.6428605914115906,0
3777,1326,0.7549349665641785,0
3777,1591,0.6230812072753906,0
3777,1570,0.5768240690231323,0
3777,693,0.6340177655220032,0
3777,1909,0.7385491728782654,0
3777,214,0.588985800743103,0
3777,1800,0.6908547878265381,0
3777,1349,0.7257143259048462,0
3777,518,0.747252881526947,0
3777,1523,0.6386113166809082,0
3777,45,0.5369441509246826,0
3777,1152,0.5771844983100891,0
3777,1600,0.6169177293777466,0
3777,784,0.8157607316970825,0
3777,698,0.6832504868507385,0
3777,1401,0.6802772879600525,0
3777,928,0.7092230319976807,0
3542,1152,0.4223902225494385,1
3542,1794,0.48433271050453186,0
3542,166,0.40249282121658325,0
3542,1248,0.6318252086639404,0
3542,1081,0.4059320092201233,0
3542,238,0.7245351672172546,0
3542,1075,0.37858980894088745,0
3542,1736,0.5056858062744141,0
3542,1946,0.7922983169555664,0
3542,2074,0.44874221086502075,0
3542,662,0.6443728804588318,0
3542,2011,0.5542658567428589,0
3542,1753,0.48990851640701294,0
3542,1963,0.6757240891456604,0
3542,79,0.7368308901786804,0
3542,1067,0.7027729749679565,0
3542,1607,0.6882548928260803,0
3542,32,0.5948557257652283,0
3542,627,0.5251199007034302,0
3542,321,0.5238632559776306,0
2004,1231,0.7657871246337891,1
2004,2005,0.5168159008026123,0
2004,442,0.40510523319244385,0
2004,1860,0.7702386975288391,0
2004,147,0.501032829284668,0
2004,77,0.47422271966934204,0
2004,192,0.5300925970077515,0
2004,548,0.5382195711135864,0
2004,1372,0.5626096725463867,0
2004,549,0.51799476146698,0
2004,1628,0.48541682958602905,0
2004,1737,0.43769362568855286,0
2004,1985,0.7120531797409058,0
2004,552,0.755323052406311,0
2004,1464,0.5108977556228638,0
2004,1988,0.40733444690704346,0
2004,144,0.5423054099082947,0
2004,1713,0.778281033039093,0
2004,1816,0.4468376040458679,0
2004,2047,0.6092991828918457,0
2557,1521,1.1747828722000122,1
2557,1601,0.73634934425354,0
2557,1983,0.8113477230072021,0
2557,1698,0.5623952150344849,0
2557,1697,0.6235724687576294,0
2557,338,0.6219850182533264,0
2557,778,1.0584614276885986,0
2557,1194,0.6470585465431213,0
2557,263,0.5976361632347107,0
2557,907,0.723652720451355,0
2557,762,0.8564401865005493,0
2557,571,0.639661967754364,0
2557,465,0.44609686732292175,0
2557,35,0.5827810764312744,0
2557,345,2.6164257526397705,0
2557,483,1.4566843509674072,0
2557,989,1.06904935836792,0
2557,138,0.5626447796821594,0
2557,207,0.6070222854614258,0
2557,32,0.7197203636169434,0
3768,976,0.8528305888175964,1
3768,446,0.542823314666748,0
3768,1698,0.5805104374885559,0
3768,1123,0.8733783960342407,0
3768,1031,0.49758628010749817,0
3768,636,0.678817093372345,0
3768,1544,0.6379201412200928,0
3768,253,0.6272380352020264,0
3768,525,0.5540395379066467,0
3768,1573,0.7157394289970398,0
3768,1110,0.7025511264801025,0
3768,703,0.514471173286438,0
3768,1109,0.5976241827011108,0
3768,1485,0.5531246066093445,0
3768,912,0.6130549311637878,0
3768,694,0.4754074215888977,0
3768,1133,0.5994913578033447,0
3768,839,0.6342853903770447,0
3768,1195,0.551771879196167,0
3768,1687,0.6406264305114746,0
3957,1988,0.45644745230674744,1
3957,1570,0.4999197721481323,0
3957,1828,0.8913496136665344,0
3957,217,0.6249090433120728,0
3957,1500,0.765220582485199,0
3957,1844,1.5097386837005615,0
3957,609,0.38728421926498413,0
3957,1177,0.6534801721572876,0
3957,1778,0.6055780053138733,0
3957,1528,0.8568721413612366,0
3957,1447,0.983257532119751,0
3957,591,0.5923920273780823,0
3957,2056,0.4490565061569214,0
3957,1605,0.5805361866950989,0
3957,446,0.5147733688354492,0
3957,1912,0.6029887199401855,0
3957,1895,0.6989935636520386,0
3957,1330,0.4124937057495117,0
3957,347,0.4220247268676758,0
3957,1334,0.5785021781921387,0
4113,178,0.5310617089271545,1
4113,366,0.7849091291427612,0
4113,1456,0.8670117259025574,0
4113,1588,0.5875755548477173,0
4113,1140,0.5532278418540955,0
4113,350,0.6682010293006897,0
4113,1087,0.5719707608222961,0
4113,1073,0.5508503913879395,0
4113,823,0.8577417731285095,0
4113,1334,0.5987916588783264,0
4113,575,0.6372995972633362,0
4113,360,0.6261023879051208,0
4113,7,0.5232929587364197,0
4113,1805,0.7041445970535278,0
4113,1849,0.6377043724060059,0
4113,1568,0.5974543690681458,0
4113,635,0.5662155747413635,0
4113,1027,0.6336880326271057,0
4113,898,0.5308519005775452,0
4113,1257,1.0414458513259888,0
2122,1689,1.1857318878173828,1
2122,1170,0.8379480838775635,0
2122,676,0.738046407699585,0
2122,1640,0.7176214456558228,0
2122,1501,0.6117042303085327,0
2122,749,0.6725642085075378,0
2122,1782,0.5315353274345398,0
2122,390,0.45182082056999207,0
2122,1353,0.6850403547286987,0
2122,669,0.6152976751327515,0
2122,779,0.5537258386611938,0
2122,592,0.6553452014923096,0
2122,1056,0.5138564109802246,0
2122,2063,0.45633265376091003,0
2122,1335,0.6321618556976318,0
2122,750,0.6089390516281128,0
2122,1862,0.6581904292106628,0
2122,870,0.5233477354049683,0
2122,1240,0.6560654044151306,0
2122,732,0.43653714656829834,0
3859,1233,0.5502496957778931,1
3859,1406,0.413282573223114,0
3859,1490,0.6157383322715759,0
3859,998,0.6442345380783081,0
3859,977,0.7231305241584778,0
3859,1913,0.887187123298645,0
3859,330,1.165122151374817,0
3859,462,0.8283292055130005,0
3859,984,0.6041259765625,0
3859,1519,1.402187705039978,0
3859,89,0.45875775814056396,0
3859,169,0.4663543105125427,0
3859,920,0.5782902836799622,0
3859,1880,0.6023432016372681,0
3859,661,1.042518973350525,0
3859,1325,0.6722196340560913,0
3859,1930,0.62862628698349,0
3859,580,0.646247386932373,0
3859,824,0.8599235415458679,0
3859,1020,0.7749146819114685,0
3743,1438,0.5832937359809875,1
3743,836,1.0308301448822021,0
3743,85,0.5978987216949463,0
3743,1621,0.5965333580970764,0
3743,1702,0.7584562301635742,0
3743,918,0.871425449848175,0
3743,1514,0.7001551389694214,0
3743,1802,1.003812313079834,0
3743,608,0.6501132249832153,0
3743,1084,0.731236457824707,0
3743,556,0.7938066720962524,0
3743,1313,1.069615364074707,0
3743,1995,1.1608858108520508,0
3743,547,0.605421781539917,0
3743,1732,0.9215758442878723,0
3743,192,0.6935346126556396,0
3743,2033,0.6985673904418945,0
3743,1562,0.7910886406898499,0
3743,1015,0.6941196918487549,0
3743,123,1.1464253664016724,0
200,654,1.0071017742156982,1
200,716,0.6255103945732117,0
200,970,0.6076856255531311,0
200,1393,1.122671365737915,0
200,899,0.6248576641082764,0
200,1938,0.5363470315933228,0
200,1237,0.48002123832702637,0
200,1155,0.5770981311798096,0
200,810,0.5608314275741577,0
200,1995,1.147774338722229,0
200,1542,0.5961788296699524,0
200,2048,0.3880583643913269,0
200,1157,0.9767293930053711,0
200,839,0.595456600189209,0
200,313,0.4770362079143524,0
200,261,0.6675822734832764,0
200,1516,1.200843334197998,0
200,529,1.0361082553863525,0
200,323,0.6623930335044861,0
200,1305,0.46876630187034607,0
3110,1693,1.0165503025054932,1
3110,1961,0.7141416072845459,0
3110,7,0.5510369539260864,0
3110,731,0.7586973905563354,0
3110,1803,0.523693859577179,0
3110,846,0.6811956167221069,0
3110,291,0.6221768260002136,0
3110,13,1.148730993270874,0
3110,411,0.503472089767456,0
3110,206,0.6536132097244263,0
3110,493,0.6686683297157288,0
3110,180,0.7099603414535522,0
3110,1969,0.6225393414497375,0
3110,1230,0.6284273862838745,0
3110,469,1.0323750972747803,0
3110,450,0.39010605216026306,0
3110,427,1.105440378189087,0
3110,482,0.9633516669273376,0
3110,1078,0.6374908089637756,0
3110,240,0.7081423997879028,0
196,1150,1.043349266052246,1
196,1997,0.7973583340644836,0
196,1630,0.9680864810943604,0
196,41,0.9012550115585327,0
196,262,0.9851552248001099,0
196,528,0.6996464729309082,0
196,1286,0.6384513974189758,0
196,1237,0.6242214441299438,0
196,2040,0.839707612991333,0
196,1699,0.6371662616729736,0
196,1896,0.7057617902755737,0
196,368,0.7143751382827759,0
196,562,0.7607211470603943,0
196,474,0.7572551965713501,0
196,289,0.8278645277023315,0
196,33,0.9367859363555908,0
196,215,0.671170711517334,0
196,1723,1.3551018238067627,0
196,369,1.2834445238113403,0
196,973,0.7853543162345886,0
3171,327,0.5077675580978394,1
3171,1933,0.5085570812225342,0
3171,716,0.6766582727432251,0
3171,207,0.6012470126152039,0
3171,848,0.7133386135101318,0
3171,1772,0.6190850734710693,0
3171,870,0.5572240948677063,0
3171,620,0.47823023796081543,0
3171,344,0.6281692981719971,0
3171,1879,0.6571923494338989,0
3171,1074,0.6671793460845947,0
3171,1,0.623676598072052,0
3171,991,0.6006354093551636,0
3171,135,0.602702796459198,0
3171,911,0.588775098323822,0
3171,1323,1.4654313325881958,0
3171,1851,0.597589373588562,0
3171,635,0.5732307434082031,0
3171,900,0.6874315738677979,0
3171,1371,0.7114596366882324,0
3874,119,0.4747058153152466,1
3874,318,0.6093468070030212,0
3874,1885,0.6049753427505493,0
3874,1850,0.806786060333252,0
3874,299,0.6349486112594604,0
3874,498,0.5651763677597046,0
3874,2071,0.6257185935974121,0
3874,1657,0.524245023727417,0
3874,162,0.5399959087371826,0
3874,1263,0.5545486807823181,0
3874,805,0.991463840007782,0
3874,19,0.4783882796764374,0
3874,389,0.6336418986320496,0
3874,358,0.5186976790428162,0
3874,1894,0.6729291081428528,0
3874,638,0.5890761613845825,0
3874,469,0.9238401651382446,0
3874,1652,0.6335583925247192,0
3874,1092,0.8043192028999329,0
3874,1844,1.3702583312988281,0
560,1349,0.6935297846794128,1
560,1273,1.1196587085723877,0
560,785,0.7967616319656372,0
560,1587,0.6098488569259644,0
560,135,0.6305480003356934,0
560,873,0.4893086850643158,0
560,1361,0.9149907231330872,0
560,448,0.6465849280357361,0
560,1831,0.7224371433258057,0
560,1583,0.6615080237388611,0
560,1895,0.7745917439460754,0
560,1033,0.7686987519264221,0
560,1524,0.6861533522605896,0
560,817,0.5051405429840088,0
560,800,0.700819730758667,0
560,1679,0.6475926041603088,0
560,1506,0.5377277135848999,0
560,1610,1.1196775436401367,0
560,492,0.5241526961326599,0
560,517,0.7082005739212036,0
240,1323,2.095409870147705,1
240,513,1.0155669450759888,0
240,1310,1.1021637916564941,0
240,1329,1.0017611980438232,0
240,2006,0.8002086877822876,0
240,1406,0.4884505271911621,0
240,414,0.714443027973175,0
240,2032,0.7806340456008911,0
240,990,0.6257020831108093,0
240,1739,1.1580379009246826,0
240,125,0.8812185525894165,0
240,766,0.5336003303527832,0
240,1464,0.6953299641609192,0
240,1057,0.5910779237747192,0
240,337,1.0818753242492676,0
240,1283,0.6980649828910828,0
240,1450,0.6970055103302002,0
240,1881,1.111343264579773,0
240,229,1.183367133140564,0
240,986,1.1299927234649658,0
4047,937,0.5792601108551025,1
4047,1903,0.5954031348228455,0
4047,703,0.5686526894569397,0
4047,1312,1.2128710746765137,0
4047,1887,0.704004168510437,0
4047,1244,0.6778182983398438,0
4047,920,0.6583142280578613,0
4047,1074,0.7211425304412842,0
4047,632,0.6006568670272827,0
4047,953,0.7970778942108154,0
4047,883,0.8676984906196594,0
4047,1930,0.6905127167701721,0
4047,1022,0.6418479681015015,0
4047,843,0.5886151790618896,0
4047,96,0.6477222442626953,0
4047,1963,0.8797513246536255,0
4047,1124,1.687195897102356,0
4047,411,0.5259753465652466,0
4047,1005,0.7124883532524109,0
4047,1361,0.9041012525558472,0
1423,764,0.68722003698349,1
1423,17,0.7462108135223389,0
1423,1113,0.7084436416625977,0
1423,682,0.7220388650894165,0
1423,956,1.0166659355163574,0
1423,955,0.7712019681930542,0
1423,1388,0.9136191010475159,0
1423,222,0.6600568294525146,0
1423,385,0.8068985939025879,0
1423,1795,1.061739206314087,0
1423,1146,0.718052864074707,0
1423,469,1.101624846458435,0
1423,1586,0.7727718949317932,0
1423,1545,1.076460838317871,0
1423,829,0.7280177474021912,0
1423,1530,0.6730014681816101,0
1423,1469,0.7234187722206116,0
1423,761,0.6399363279342651,0
1423,886,0.6519086956977844,0
1423,1507,1.4241797924041748,0
2276,1105,0.574583888053894,1
2276,769,0.645953893661499,0
2276,162,0.6024122834205627,0
2276,2031,0.7562326788902283,0
2276,897,0.5613229274749756,0
2276,1629,0.5443338751792908,0
2276,1920,0.6641660332679749,0
2276,91,0.8713797926902771,0
2276,1699,0.6076788306236267,0
2276,2035,0.771106481552124,0
2276,315,0.8318244814872742,0
2276,229,0.9476915001869202,0
2276,674,0.5904479026794434,0
2276,1693,1.0032250881195068,0
2276,736,0.7472617626190186,0
2276,71,1.00128972530365,0
2276,1506,0.5813438892364502,0
2276,755,0.9244320392608643,0
2276,1970,0.7384634017944336,0
2276,166,0.5356342792510986,0
928,1877,2.948730945587158,1
928,1578,1.4886116981506348,0
928,120,0.9243594408035278,0
928,294,0.4893403649330139,0
928,193,0.9875789880752563,0
928,1935,0.6498556137084961,0
928,43,0.44569167494773865,0
928,1601,0.7303746938705444,0
928,425,0.4579269289970398,0
928,490,0.6200222373008728,0
928,833,0.6358578205108643,0
928,1791,0.49968525767326355,0
928,1985,0.8325501084327698,0
928,1467,1.1692583560943604,0
928,871,0.6332157254219055,0
928,1282,0.6236839294433594,0
928,87,0.45128750801086426,0
928,2011,0.6692018508911133,0
928,1237,0.49969857931137085,0
928,1070,0.556706964969635,0
29,390,0.5502163171768188,1
29,1920,0.7185274958610535,0
29,1561,1.2943867444992065,0
29,635,0.6818931102752686,0
29,1125,0.7783282399177551,0
29,1857,0.7592474818229675,0
29,416,0.8588796257972717,0
29,1751,0.5988055467605591,0
29,443,0.6894793510437012,0
29,708,0.7633649706840515,0
29,1553,0.8222598433494568,0
29,1976,0.9961735606193542,0
29,733,0.9761452674865723,0
29,767,0.6827662587165833,0
29,1671,1.8216910362243652,0
29,1686,1.1175329685211182,0
29,1035,0.9995546936988831,0
29,242,0.7719618082046509,0
29,170,0.8078407049179077,0
29,1482,0.7932835817337036,0
3936,1324,0.4419175386428833,1
3936,1603,0.5309860706329346,0
3936,122,1.0930054187774658,0
3936,201,0.5785044431686401,0
3936,2076,0.7356735467910767,0
3936,358,0.5530778169631958,0
3936,1216,0.6202479004859924,0
3936,919,0.8703422546386719,0
3936,127,0.5407158732414246,0
3936,1162,0.5527247190475464,0
3936,1561,1.0348212718963623,0
3936,751,0.5318918228149414,0
3936,1681,0.6292291879653931,0
3936,36,0.6076022386550903,0
3936,787,0.6263361573219299,0
3936,1737,0.4961753785610199,0
3936,1936,1.1164735555648804,0
3936,782,0.6232900619506836,0
3936,813,0.6022517085075378,0
3936,1520,0.5758422613143921,0
556,1796,0.9161457419395447,1
556,706,0.6588712930679321,0
556,1399,1.3808048963546753,0
556,1291,0.716172456741333,0
556,777,0.7501513361930847,0
556,1880,0.7208307981491089,0
556,1903,0.5401151180267334,0
556,439,1.6860871315002441,0
556,808,0.9862260818481445,0
556,1487,0.7263002395629883,0
556,2023,0.7218818664550781,0
556,14,0.8899316787719727,0
556,870,0.5573924779891968,0
556,1936,1.5419169664382935,0
556,1318,0.6232515573501587,0
556,523,0.9981547594070435,0
556,1567,1.2274296283721924,0
556,1738,0.4555872678756714,0
556,1120,1.0265347957611084,0
556,801,1.522560477256775,0
328,1703,1.6631054878234863,1
328,803,0.9982777833938599,0
328,2069,0.39348870515823364,0
328,298,0.5394089221954346,0
328,1891,0.8127140998840332,0
328,1545,1.0256695747375488,0
328,343,0.5422662496566772,0
328,1555,0.6225374341011047,0
328,1424,0.6519739627838135,0
328,1992,0.6278940439224243,0
328,661,1.1397418975830078,0
328,1619,0.4799926280975342,0
328,707,0.44825032353401184,0
328,1348,0.8202115297317505,0
328,23,0.5324279069900513,0
328,471,0.47760075330734253,0
328,92,0.6459280848503113,0
328,1322,0.779338002204895,0
328,335,0.9277275204658508,0
328,692,0.6884863376617432,0
1156,1850,0.7047903537750244,1
1156,138,0.48582854866981506,0
1156,940,0.5620591044425964,0
1156,276,0.5583651065826416,0
1156,1833,0.6115550994873047,0
1156,1844,1.554450273513794,0
1156,388,0.5027297139167786,0
1156,1289,0.5350762009620667,0
1156,1694,1.1514265537261963,0
1156,1271,0.6078821420669556,0
1156,624,1.5442897081375122,0
1156,128,0.4556073844432831,0
1156,1152,0.4330711364746094,0
1156,1323,1.569455623626709,0
1156,1031,0.4900539517402649,0
1156,193,0.9334406852722168,0
1156,1672,0.42146557569503784,0
1156,969,0.6120926737785339,0
1156,1861,0.5694042444229126,0
1156,124,0.37772026658058167,0
4099,252,0.569237470626831,1
4099,134,0.6794793605804443,0
4099,1076,0.741828203201294,0
4099,1386,0.706433892250061,0
4099,729,0.4796068072319031,0
4099,2069,0.4217822849750519,0
4099,1839,0.6558647751808167,0
4099,1363,0.5877969264984131,0
4099,256,1.1170774698257446,0
4099,475,0.9149007201194763,0
4099,1752,0.6443570256233215,0
4099,1831,0.7029563784599304,0
4099,1753,0.5845921635627747,0
4099,1126,0.665703535079956,0
4099,721,0.6091299653053284,0
4099,1916,0.5509740710258484,0
4099,481,0.5966286659240723,0
4099,178,0.5184696912765503,0
4099,446,0.5718342065811157,0
4099,739,0.7682955861091614,0
1821,805,1.1234843730926514,1
1821,1864,0.648965060710907,0
1821,317,0.6920933723449707,0
1821,352,0.6693059802055359,0
1821,989,1.0559747219085693,0
1821,1957,0.7031307220458984,0
1821,641,0.6345062851905823,0
1821,1371,0.7149741649627686,0
1821,983,1.0579160451889038,0
1821,1079,0.6475798487663269,0
1821,752,0.5978525876998901,0
1821,433,0.9405291080474854,0
1821,362,0.725610077381134,0
1821,1431,0.6298171281814575,0
1821,1332,0.7683516144752502,0
1821,1966,0.6568104028701782,0
1821,1760,0.9396998882293701,0
1821,2050,0.8191779255867004,0
1821,1618,0.7267627120018005,0
1821,182,0.9593499898910522,0
436,655,1.268277883529663,1
436,839,0.7243525385856628,0
436,1191,0.5260984897613525,0
436,1895,0.8296259641647339,0
436,1894,0.7581042051315308,0
436,1461,0.6372886896133423,0
436,1720,0.7977039813995361,0
436,1260,0.7627028226852417,0
436,1617,1.0703177452087402,0
436,1118,0.5383869409561157,0
436,1054,0.6677810549736023,0
436,508,1.2091810703277588,0
436,1882,0.4447768032550812,0
436,769,0.6414027214050293,0
436,816,0.8436865210533142,0
436,1866,0.9186402559280396,0
436,1478,0.7278001308441162,0
436,400,0.6623190641403198,0
436,1832,1.1816496849060059,0
436,664,0.735143780708313,0
964,549,0.5935816764831543,1
964,959,0.8640828132629395,0
964,455,1.0621922016143799,0
964,156,0.6998143196105957,0
964,16,0.42513012886047363,0
964,302,0.6737076640129089,0
964,1304,0.5883709788322449,0
964,864,0.6105301976203918,0
964,1379,0.9340208172798157,0
964,1058,0.8312698006629944,0
964,1919,0.6181352734565735,0
964,2040,0.7617068290710449,0
964,194,0.6187042593955994,0
964,973,0.6809671521186829,0
964,480,0.5927398204803467,0
964,1717,0.5431798696517944,0
964,772,0.6089015007019043,0
964,573,0.6900626420974731,0
964,1698,0.6069244742393494,0
964,601,0.5456197261810303,0
1727,1843,0.9281150102615356,1
1727,1464,0.5618814826011658,0
1727,360,0.6434682011604309,0
1727,781,0.6337630748748779,0
1727,1912,0.6201358437538147,0
1727,1185,0.6479121446609497,0
1727,1350,0.5382838845252991,0
1727,582,0.6231557130813599,0
1727,918,0.7801641225814819,0
1727,535,0.6379031538963318,0
1727,1798,0.7099093198776245,0
1727,588,0.5643291473388672,0
1727,1588,0.519550085067749,0
1727,1693,0.9494649171829224,0
1727,347,0.4106737971305847,0
1727,2058,0.5550966262817383,0
1727,1074,0.6395213603973389,0
1727,547,0.4876593053340912,0
1727,10,1.221566915512085,0
1727,67,0.7255988121032715,0
948,77,0.5690035223960876,1
948,1443,0.6768531799316406,0
948,807,0.6625638008117676,0
948,704,0.7046549320220947,0
948,1841,0.5492318868637085,0
948,1860,0.8617346882820129,0
948,1945,0.5158765316009521,0
948,1598,0.6645921468734741,0
948,1377,0.8882248401641846,0
948,460,0.6926161646842957,0
948,1739,0.8722858428955078,0
948,386,0.5060926675796509,0
948,2010,0.5373483300209045,0
948,1453,0.6692764163017273,0
948,1494,0.7570700645446777,0
948,1379,0.8625491261482239,0
948,767,0.6076529026031494,0
948,1025,0.5602982640266418,0
948,1806,1.6490662097930908,0
948,857,0.6056342720985413,0
1081,231,1.094214916229248,1
1081,202,1.248941421508789,0
1081,534,0.7226463556289673,0
1081,1108,0.6756056547164917,0
1081,1592,0.6630865931510925,0
1081,1614,0.6524842977523804,0
1081,2035,0.7377490401268005,0
1081,522,0.7720982432365417,0
1081,1774,0.6322261095046997,0
1081,1155,0.6195661425590515,0
1081,1852,0.6213884949684143,0
1081,685,0.7118135690689087,0
1081,2062,3.7083873748779297,0
1081,924,0.8954324722290039,0
1081,1144,0.6057181358337402,0
1081,77,0.5510817766189575,0
1081,277,0.6752195358276367,0
1081,429,0.5675411224365234,0
1081,1642,1.0460097789764404,0
1081,474,0.7265754342079163,0
1211,970,0.6705932021141052,1
1211,521,0.4503774344921112,0
1211,643,0.7385478615760803,0
1211,788,0.6427513957023621,0
1211,10,1.177973985671997,0
1211,914,1.0976897478103638,0
1211,2005,0.6021901369094849,0
1211,2001,0.5595704317092896,0
1211,2039,0.8157960176467896,0
1211,221,0.7222415804862976,0
1211,952,0.7023455500602722,0
1211,1307,0.7380995750427246,0
1211,343,0.6251170635223389,0
1211,130,0.679377555847168,0
1211,814,0.6843957304954529,0
1211,890,0.6150650978088379,0
1211,1838,0.6464898586273193,0
1211,201,0.6005065441131592,0
1211,87,0.5214159488677979,0
1211,1438,0.5637487173080444,0
2051,431,0.8022481203079224,1
2051,668,0.3786219656467438,0
2051,1920,0.6121172904968262,0
2051,1984,0.7011435031890869,0
2051,549,0.5774799585342407,0
2051,812,0.6042184829711914,0
2051,726,0.6609147191047668,0
2051,1902,0.42008334398269653,0
2051,51,0.38285017013549805,0
2051,1818,1.0583934783935547,0
2051,244,0.6237244606018066,0
2051,379,0.4703299403190613,0
2051,129,0.5623053908348083,0
2051,924,0.8710323572158813,0
2051,1585,0.4522888660430908,0
2051,467,0.47497162222862244,0
2051,259,0.5091354846954346,0
2051,128,0.5089548826217651,0
2051,997,0.6255131363868713,0
2051,750,0.6341419816017151,0
1207,1322,0.8488527536392212,1
1207,1556,0.6937664151191711,0
1207,307,0.8209431171417236,0
1207,530,0.962818443775177,0
1207,639,0.966946005821228,0
1207,775,0.6218597888946533,0
1207,1328,0.7197630405426025,0
1207,1398,0.5807730555534363,0
1207,1145,0.6254417896270752,0
1207,1863,0.630986213684082,0
1207,1323,1.5871745347976685,0
1207,768,0.6129722595214844,0
1207,1104,1.2502448558807373,0
1207,2016,0.6240763068199158,0
1207,558,0.4733004570007324,0
1207,193,1.0642621517181396,0
1207,974,0.7502093315124512,0
1207,313,0.5628191828727722,0
1207,937,0.589061439037323,0
1207,721,0.6442435383796692,0
1683,1597,1.0565850734710693,1
1683,1300,0.6615996956825256,0
1683,1670,0.6390752792358398,0
1683,1101,0.6063162088394165,0
1683,210,0.7951438426971436,0
1683,301,0.8488970398902893,0
1683,1118,0.48756125569343567,0
1683,1454,0.49384355545043945,0
1683,571,0.6381691098213196,0
1683,595,1.0585558414459229,0
1683,283,0.6951423287391663,0
1683,1316,0.5797954797744751,0
1683,1653,0.6416656970977783,0
1683,700,1.2696819305419922,0
1683,1231,0.9102749228477478,0
1683,163,0.634823203086853,0
1683,335,0.9470010995864868,0
1683,203,0.6108993291854858,0
1683,464,0.6664933562278748,0
1683,756,0.8634107708930969,0
3007,484,0.5141727328300476,1
3007,830,0.5746375918388367,0
3007,984,0.5699307322502136,0
3007,83,0.5827251672744751,0
3007,1850,0.6917281150817871,0
3007,74,0.8055587410926819,0
3007,1718,0.5699276924133301,0
3007,1753,0.4820287227630615,0
3007,266,0.4954964816570282,0
3007,82,0.6287150979042053,0
3007,2019,0.5305984020233154,0
3007,612,0.48560798168182373,0
3007,1086,0.5055080652236938,0
3007,71,0.8311416506767273,0
3007,373,0.6739498376846313,0
3007,160,0.5738131999969482,0
3007,1160,1.0664103031158447,0
3007,2000,0.7006620168685913,0
3007,1492,0.5272477269172668,0
3007,437,0.7590245008468628,0
4023,1973,0.6602098941802979,1
4023,546,0.6606482863426208,0
4023,1520,0.68109530210495,0
4023,2056,0.541680097579956,0
4023,79,0.9781160354614258,0
4023,1684,0.6614366769790649,0
4023,608,0.6324424147605896,0
4023,397,0.6660255193710327,0
4023,691,0.7967685461044312,0
4023,1644,0.8800716996192932,0
4023,1074,0.7404943704605103,0
4023,670,0.7147218585014343,0
4023,648,0.8255999088287354,0
4023,1131,0.6465205550193787,0
4023,1626,0.7633955478668213,0
4023,1151,0.6939563155174255,0
4023,457,0.6625691056251526,0
4023,699,1.2810676097869873,0
4023,1330,0.49982738494873047,0
4023,1599,0.4922190308570862,0
2975,1090,0.7043251991271973,1
2975,336,0.5339775681495667,0
2975,756,0.8485848903656006,0
2975,1875,0.5569038987159729,0
2975,1476,0.8071051836013794,0
2975,1569,0.4970123767852783,0
2975,694,0.5283520817756653,0
2975,534,0.7359882593154907,0
2975,1556,0.6646195650100708,0
2975,1990,0.8077714443206787,0
2975,235,1.1552330255508423,0
2975,830,0.7127306461334229,0
2975,1299,0.6223976612091064,0
2975,1916,0.595557451248169,0
2975,1782,0.5817424654960632,0
2975,764,0.6537227630615234,0
2975,343,0.6578790545463562,0
2975,243,0.6764363646507263,0
2975,730,0.5721450448036194,0
2975,1524,0.6990722417831421,0
48,1247,0.44665980339050293,1
48,1689,1.3332948684692383,0
48,1759,0.6483316421508789,0
48,1390,0.7082585096359253,0
48,1999,0.920508623123169,0
48,19,0.47086596488952637,0
48,824,0.8868182897567749,0
48,1818,1.028267502784729,0
48,1273,1.040460467338562,0
48,773,0.6359732747077942,0
48,1848,0.7770618200302124,0
48,521,0.40857046842575073,0
48,950,0.5125011205673218,0
48,1091,0.6302382946014404,0
48,859,0.7282465696334839,0
48,221,0.6786491870880127,0
48,439,1.3542088270187378,0
48,1744,0.8153859376907349,0
48,54,0.6109036207199097,0
48,1663,1.0715051889419556,0
3885,419,0.5323036313056946,1
3885,67,0.7334339618682861,0
3885,1117,0.5933774709701538,0
3885,349,0.7529903650283813,0
3885,360,0.6642110347747803,0
3885,564,0.6102749109268188,0
3885,1617,0.9724863767623901,0
3885,457,0.5962782502174377,0
3885,1220,0.7985864877700806,0
3885,1705,0.9533848166465759,0
3885,1147,0.8620767593383789,0
3885,1329,0.7723057866096497,0
3885,745,0.8323734998703003,0
3885,0,0.7175139784812927,0
3885,921,1.0322163105010986,0
3885,1824,0.5718850493431091,0
3885,850,1.1041159629821777,0
3885,1727,0.617945671081543,0
3885,1367,0.5659323930740356,0
3885,1467,1.072401523590088,0
1944,1001,0.5163198113441467,1
1944,1056,0.5515236854553223,0
1944,1508,0.7704126834869385,0
1944,1016,0.593264102935791,0
1944,1726,0.5536048412322998,0
1944,1847,0.7427056431770325,0
1944,1785,0.5713856220245361,0
1944,287,0.8654458522796631,0
1944,1572,0.6677359342575073,0
1944,373,0.7731887102127075,0
1944,425,0.4635763168334961,0
1944,92,0.6465641260147095,0
1944,1035,0.8169445991516113,0
1944,1556,0.6153029799461365,0
1944,1718,0.6699232459068298,0
1944,444,0.6615188121795654,0
1944,1025,0.5613278150558472,0
1944,1983,0.8124423027038574,0
1944,550,0.6280292868614197,0
1944,26,0.6401724219322205,0
1519,1459,0.7401543259620667,1
1519,583,0.6780948042869568,0
1519,72,0.7012893557548523,0
1519,182,1.0305100679397583,0
1519,1114,0.946172833442688,0
1519,269,0.7851710319519043,0
1519,107,0.7779354453086853,0
1519,319,0.8212255835533142,0
1519,1251,0.6889649629592896,0
1519,961,0.7013614773750305,0
1519,840,0.6130578517913818,0
1519,1605,0.6540777683258057,0
1519,1266,0.604623019695282,0
1519,1646,0.6738954782485962,0
1519,1735,0.7157939672470093,0
1519,1347,1.0560181140899658,0
1519,1982,0.669651210308075,0
1519,604,0.5341628789901733,0
1519,133,0.5269137620925903,0
1519,1417,0.5940982699394226,0
3000,341,0.4566420316696167,1
3000,1351,0.7839178442955017,0
3000,1154,0.4897977113723755,0
3000,721,0.5935224294662476,0
3000,16,0.4266854524612427,0
3000,457,0.6114221215248108,0
3000,1128,0.5439848899841309,0
3000,1949,0.7213530540466309,0
3000,913,0.9121717214584351,0
3000,1237,0.5414589643478394,0
3000,1409,0.4373318552970886,0
3000,36,0.6199288964271545,0
3000,531,0.5019475221633911,0
3000,568,0.6733530163764954,0
3000,399,0.7367158532142639,0
3000,224,1.3996373414993286,0
3000,1837,0.570597231388092,0
3000,351,0.47967928647994995,0
3000,1830,0.6084635257720947,0
3000,205,0.5785561203956604,0
3794,365,0.6304024457931519,1
3794,3,0.5911378860473633,0
3794,1419,0.6726151704788208,0
3794,1102,0.6290348172187805,0
3794,1113,0.6648688912391663,0
3794,1693,0.9313360452651978,0
3794,1111,0.5695114135742188,0
3794,318,0.6499724984169006,0
3794,1764,0.5271902084350586,0
3794,2043,0.4969959855079651,0
3794,1935,0.6640262603759766,0
3794,1060,0.7495915293693542,0
3794,672,0.4225657880306244,0
3794,1107,1.0279555320739746,0
3794,421,0.44575607776641846,0
3794,838,1.0226861238479614,0
3794,1344,0.6964101195335388,0
3794,204,0.7193009853363037,0
3794,1919,0.6334813833236694,0
3794,1866,0.8478258848190308,0
2262,1081,0.4792637526988983,1
2262,1214,1.108431100845337,0
2262,774,0.5936882495880127,0
2262,1133,0.6209368705749512,0
2262,1284,0.671222448348999,0
2262,692,0.6788650155067444,0
2262,2044,0.8523942232131958,0
2262,536,0.6134082078933716,0
2262,1895,0.7453500032424927,0
2262,203,0.6012624502182007,0
2262,1196,0.5753200650215149,0
2262,1294,0.9139699935913086,0
2262,1814,0.678817093372345,0
2262,511,1.277357578277588,0
2262,1011,0.9932659268379211,0
2262,1874,0.5956436395645142,0
2262,1802,0.9565209746360779,0
2262,937,0.5216541886329651,0
2262,1195,0.5485106706619263,0
2262,257,0.8593089580535889,0
956,533,1.3146544694900513,1
956,105,0.8699818253517151,0
956,1284,0.6924655437469482,0
956,234,0.8042140007019043,0
956,291,0.6218283772468567,0
956,983,1.199262261390686,0
956,565,0.9220890402793884,0
956,1949,0.8124878406524658,0
956,833,0.6590827703475952,0
956,1189,0.6268738508224487,0
956,183,0.5424235463142395,0
956,1894,0.8169422149658203,0
956,725,0.49541234970092773,0
956,1656,0.4010685682296753,0
956,1357,0.4798227846622467,0
956,1597,1.1718528270721436,0
956,1017,0.6690442562103271,0
956,732,0.43127715587615967,0
956,363,0.5006996393203735,0
956,1839,0.6996673345565796,0
2036,1137,1.164294719696045,1
2036,689,0.9239303469657898,0
2036,678,0.7369459867477417,0
2036,840,0.5678205490112305,0
2036,830,0.6646254062652588,0
2036,150,0.6038515567779541,0
2036,301,0.8322703242301941,0
2036,1819,0.6798938512802124,0
2036,1123,0.9983088970184326,0
2036,1108,0.6370949745178223,0
2036,1575,0.6416774392127991,0
2036,390,0.4545055627822876,0
2036,1328,0.6728278994560242,0
2036,287,0.8900958299636841,0
2036,1942,1.2979432344436646,0
2036,1119,0.7906042337417603,0
2036,1563,0.7481412291526794,0
2036,1571,0.73957759141922,0
2036,639,0.930999219417572,0
2036,547,0.49721136689186096,0
586,1006,1.2577368021011353,1
586,866,0.7082343697547913,0
586,1124,2.100085496902466,0
586,396,0.8087460994720459,0
586,1455,0.6829584836959839,0
586,34,0.6939703226089478,0
586,31,0.7455317974090576,0
586,832,0.630740761756897,0
586,1243,0.5516526103019714,0
586,1152,0.5367512702941895,0
586,123,1.1979260444641113,0
586,1451,0.8545655012130737,0
586,1900,0.6417183876037598,0
586,173,0.8642380237579346,0
586,377,0.979438304901123,0
586,609,0.4570314884185791,0
586,987,0.9112398624420166,0
586,1578,1.6206471920013428,0
586,1704,0.7598995566368103,0
586,1856,0.7051064372062683,0
2904,129,0.55614173412323,1
2904,1605,0.575602650642395,0
2904,567,0.9679919481277466,0
2904,659,0.8079553842544556,0
2904,1647,0.47961482405662537,0
2904,1763,0.5499184727668762,0
2904,418,0.6119135618209839,0
2904,1543,0.6021214723587036,0
2904,1412,0.5051056146621704,0
2904,209,0.4131999909877777,0
2904,1555,0.6095965504646301,0
2904,1820,0.5840532183647156,0
2904,966,0.5523063540458679,0
2904,1443,0.6217087507247925,0
2904,625,0.6118850111961365,0
2904,396,0.6748083829879761,0
2904,826,0.6103338003158569,0
2904,97,1.0074087381362915,0
2904,445,0.5107572674751282,0
2904,1004,0.6128672361373901,0
3032,2,0.41597020626068115,1
3032,690,1.0849289894104004,0
3032,1555,0.5959650278091431,0
3032,845,1.270350456237793,0
3032,1727,0.6105554699897766,0
3032,990,0.4655396342277527,0
3032,1793,0.4218372702598572,0
3032,1744,0.8380335569381714,0
3032,1654,1.0159333944320679,0
3032,408,0.654468297958374,0
3032,424,0.6817946434020996,0
3032,1107,1.1043189764022827,0
3032,1432,0.5542160272598267,0
3032,980,1.4833128452301025,0
3032,1419,0.6293017268180847,0
3032,1586,0.6869463324546814,0
3032,531,0.43726789951324463,0
3032,1688,0.43334439396858215,0
3032,660,0.6124070882797241,0
3032,822,0.592494547367096,0
3543,589,0.6991275548934937,1
3543,1205,1.0793938636779785,0
3543,826,0.7742446064949036,0
3543,1651,0.7163345813751221,0
3543,747,0.8364394903182983,0
3543,683,0.7795522212982178,0
3543,984,0.7797767519950867,0
3543,1808,1.2269638776779175,0
3543,1675,0.868404746055603,0
3543,588,0.7321021556854248,0
3543,1819,0.8197981119155884,0
3543,1535,1.053279161453247,0
3543,1749,0.7364722490310669,0
3543,1454,0.5984183549880981,0
3543,1359,1.1107869148254395,0
3543,1157,1.0979728698730469,0
3543,665,0.653749942779541,0
3543,1786,0.7266805768013,0
3543,1680,0.8013259172439575,0
3543,1297,0.7528307437896729,0
1909,1641,0.993162989616394,1
1909,1348,0.9109780788421631,0
1909,2057,0.8066398501396179,0
1909,546,0.6732993125915527,0
1909,1860,1.0274972915649414,0
1909,1964,0.6312759518623352,0
1909,2010,0.5352343320846558,0
1909,1568,0.6612635850906372,0
1909,415,0.6426165103912354,0
1909,1203,0.8105525970458984,0
1909,1564,1.134742259979248,0
1909,1537,0.5934652090072632,0
1909,917,0.5998672842979431,0
1909,2011,0.729570746421814,0
1909,1855,0.730401337146759,0
1909,804,0.6401271820068359,0
1909,609,0.44691088795661926,0
1909,1397,0.7915688753128052,0
1909,584,0.6959414482116699,0
1909,214,0.5595775842666626,0
3151,1216,0.5416765213012695,1
3151,709,0.5720022320747375,0
3151,2062,3.2254438400268555,0
3151,1611,0.4506245255470276,0
3151,1976,0.6709369421005249,0
3151,731,0.5879276990890503,0
3151,1081,0.40999120473861694,0
3151,811,0.5461190342903137,0
3151,1638,0.5598567128181458,0
3151,1221,0.5281007289886475,0
3151,1955,0.41301754117012024,0
3151,121,0.5209862589836121,0
3151,187,0.5338411927223206,0
3151,1311,0.3998565375804901,0
3151,1680,0.5538108348846436,0
3151,2059,0.3705238699913025,0
3151,1695,0.4405584931373596,0
3151,690,0.8649154901504517,0
3151,358,0.47247114777565,0
3151,654,0.8782846927642822,0
3990,253,0.6798222661018372,1
3990,168,0.7845661640167236,0
3990,1403,0.709685206413269,0
3990,1215,0.7189993858337402,0
3990,1703,1.475498914718628,0
3990,1456,0.9200525283813477,0
3990,1645,0.6359596252441406,0
3990,864,0.6204146146774292,0
3990,1520,0.6640474796295166,0
3990,89,0.4876527786254883,0
3990,2022,0.48963820934295654,0
3990,1321,0.6228349208831787,0
3990,549,0.6122742295265198,0
3990,1238,0.6640563607215881,0
3990,1277,0.7564302682876587,0
3990,1377,0.893550455570221,0
3990,1163,0.7453550100326538,0
3990,1473,1.991511344909668,0
3990,1498,0.6080923080444336,0
3990,1420,0.690772294998169,0
1783,954,0.8526923656463623,1
1783,441,0.6096774339675903,0
1783,1728,0.9793539047241211,0
1783,465,0.43507498502731323,0
1783,246,0.6571605801582336,0
1783,51,0.3934701383113861,0
1783,787,0.7010090947151184,0
1783,537,0.7489047050476074,0
1783,1100,0.410730242729187,0
1783,361,0.7085171937942505,0
1783,1111,0.5261886119842529,0
1783,698,0.6642435789108276,0
1783,828,0.6566157341003418,0
1783,572,1.448750615119934,0
1783,2017,0.7358935475349426,0
1783,1752,0.6832576990127563,0
1783,1867,1.2087655067443848,0
1783,279,0.6472771763801575,0
1783,949,0.5384544730186462,0
1783,523,0.9199092388153076,0
666,295,0.4811239540576935,1
666,635,0.530597448348999,0
666,630,0.4388907551765442,0
666,1479,0.5675061345100403,0
666,447,0.7663843035697937,0
666,987,0.7435545325279236,0
666,596,0.7553194761276245,0
666,1132,0.7253533601760864,0
666,1533,0.5275479555130005,0
666,847,0.7292267680168152,0
666,2050,0.7665510773658752,0
666,1452,0.45107561349868774,0
666,511,1.182538628578186,0
666,1311,0.41815173625946045,0
666,273,0.5368176698684692,0
666,1299,0.543877124786377,0
666,1783,0.7126071453094482,0
666,505,0.5466641187667847,0
666,483,1.359013557434082,0
666,750,0.5882288217544556,0
2728,1751,0.5431681871414185,1
2728,1944,0.5870480537414551,0
2728,1204,0.5368072390556335,0
2728,873,0.5331383347511292,0
2728,903,0.9363397359848022,0
2728,1557,0.7144829034805298,0
2728,1084,0.6666246652603149,0
2728,1424,0.7006889581680298,0
2728,1670,0.6628515720367432,0
2728,1305,0.5437462329864502,0
2728,1001,0.5663825869560242,0
2728,2003,0.5045692324638367,0
2728,1766,0.7166358828544617,0
2728,532,0.6962708830833435,0
2728,37,0.5559474229812622,0
2728,1940,0.6438401937484741,0
2728,950,0.6068937182426453,0
2728,1552,0.5910323858261108,0
2728,1995,1.177520513534546,0
2728,608,0.5926580429077148,0
779,1554,0.543846070766449,1
779,2055,0.479494571685791,0
779,1713,0.8805022239685059,0
779,1484,0.4584469199180603,0
779,1873,0.6576465964317322,0
779,876,0.6831947565078735,0
779,1254,0.5951344966888428,0
779,911,0.5670685172080994,0
779,2062,3.435307502746582,0
779,1067,0.8055440187454224,0
779,728,0.5581701397895813,0
779,312,0.5663515329360962,0
779,309,0.6378676295280457,0
779,1186,0.5387700796127319,0
779,726,0.6670277118682861,0
779,1010,0.6641559600830078,0
779,324,0.49280083179473877,0
779,1026,0.6501121520996094,0
779,2043,0.4760371148586273,0
779,346,0.49703818559646606,0
2323,230,0.6661890745162964,1
2323,216,0.6624216437339783,0
2323,1437,0.9623630046844482,0
2323,1411,0.6921908855438232,0
2323,1484,0.5078936219215393,0
2323,1454,0.5073689222335815,0
2323,1405,1.1603606939315796,0
2323,1567,0.950488805770874,0
2323,1938,0.6306995153427124,0
2323,410,0.8420416712760925,0
2323,586,0.8079550266265869,0
2323,851,0.6966800689697266,0
2323,1639,0.6023619174957275,0
2323,339,0.6876013875007629,0
2323,1626,0.753390371799469,0
2323,483,1.361156940460205,0
2323,281,0.611783504486084,0
2323,1672,0.5154945850372314,0
2323,220,0.6797274947166443,0
2323,574,0.6038315892219543,0
1845,609,0.4041924476623535,1
1845,1769,0.4113767743110657,0
1845,698,0.5789914727210999,0
1845,65,0.638510525226593,0
1845,591,0.5577934384346008,0
1845,437,0.8203009963035583,0
1845,1771,0.6301088333129883,0
1845,1691,0.6361145377159119,0
1845,1727,0.5667946338653564,0
1845,1299,0.5619506239891052,0
1845,1693,0.8677217960357666,0
1845,964,0.5378247499465942,0
1845,1122,0.9204017519950867,0
1845,570,0.6256923675537109,0
1845,554,0.5297483205795288,0
1845,1302,0.8206955790519714,0
1845,1406,0.4182114005088806,0
1845,1085,0.4913662075996399,0
1845,1206,0.48721805214881897,0
1845,491,0.4512104392051697,0
2944,1456,0.8492645621299744,1
2944,1566,0.5573426485061646,0
2944,217,0.6180608868598938,0
2944,1592,0.6066322326660156,0
2944,1113,0.5745528936386108,0
2944,1962,0.4224902391433716,0
2944,3,0.5520908832550049,0
2944,926,0.5930805206298828,0
2944,78,0.8213083744049072,0
2944,1193,0.4820004105567932,0
2944,1382,0.5970516800880432,0
2944,741,0.47690385580062866,0
2944,742,0.5417919754981995,0
2944,1102,0.5892903804779053,0
2944,1444,0.611457884311676,0
2944,1019,0.8105766773223877,0
2944,1020,0.7670586109161377,0
2944,880,0.7010272741317749,0
2944,991,0.5633140802383423,0
2944,798,0.6976449489593506,0
1191,1697,0.6007677912712097,1
1191,1730,0.8310019969940186,0
1191,640,0.9245590567588806,0
1191,1162,0.5327202081680298,0
1191,1505,0.4010942876338959,0
1191,556,0.6466144919395447,0
1191,616,0.6641578078269958,0
1191,1763,0.5604209899902344,0
1191,1833,0.6634603142738342,0
1191,1721,0.8137950301170349,0
1191,28,0.5371271371841431,0
1191,1492,0.582350492477417,0
1191,1940,0.5630858540534973,0
1191,1529,0.6391928195953369,0
1191,1281,0.4945198893547058,0
1191,1979,0.5716341733932495,0
1191,950,0.5410802364349365,0
1191,1013,0.7291022539138794,0
1191,1364,0.7687679529190063,0
1191,266,0.5453767776489258,0
4041,557,0.488960862159729,1
4041,231,1.020275592803955,0
4041,605,0.6583713889122009,0
4041,1637,0.6590421795845032,0
4041,1740,0.5216745138168335,0
4041,1877,2.569875717163086,0
4041,1712,1.0530178546905518,0
4041,56,0.7854245901107788,0
4041,1094,0.5849783420562744,0
4041,1012,0.5791994333267212,0
4041,1391,0.6121964454650879,0
4041,131,0.6869552731513977,0
4041,390,0.48556095361709595,0
4041,1537,0.5600254535675049,0
4041,941,0.6442502737045288,0
4041,1840,0.4863748252391815,0
4041,754,0.908591091632843,0
4041,647,0.7440171241760254,0
4041,1548,0.9462138414382935,0
4041,762,0.8851472735404968,0
1157,763,0.6691299080848694,1
1157,1614,0.586455225944519,0
1157,1548,0.9100065231323242,0
1157,717,0.8362792134284973,0
1157,1900,0.5628693103790283,0
1157,287,0.8320162296295166,0
1157,544,0.6114372611045837,0
1157,1449,0.5293889045715332,0
1157,1316,0.5431731343269348,0
1157,437,0.8471461534500122,0
1157,606,0.6455140113830566,0
1157,981,0.6305542588233948,0
1157,1169,0.7382869124412537,0
1157,1959,0.6430269479751587,0
1157,1777,0.9043573141098022,0
1157,1399,1.051243543624878,0
1157,651,0.7958775758743286,0
1157,123,1.000261902809143,0
1157,689,0.8404077291488647,0
1157,189,0.539574384689331,0
1863,1627,0.5734147429466248,1
1863,706,0.5140724778175354,0
1863,513,0.7129769325256348,0
1863,460,0.5926841497421265,0
1863,550,0.5373539328575134,0
1863,1485,0.4763559103012085,0
1863,1816,0.43232399225234985,0
1863,1178,0.7895221710205078,0
1863,1446,0.5383360385894775,0
1863,1762,1.003057599067688,0
1863,975,0.4284922480583191,0
1863,1149,0.45982831716537476,0
1863,2032,0.5430235266685486,0
1863,1638,0.5980611443519592,0
1863,67,0.6387473940849304,0
1863,1298,0.50249844789505,0
1863,1062,0.5172078609466553,0
1863,403,0.5796553492546082,0
1863,1176,0.45145565271377563,0
1863,1501,0.5656834840774536,0
4147,1225,0.4882119297981262,1
4147,1751,0.51827073097229,0
4147,1147,0.870867908000946,0
4147,2021,0.6738473773002625,0
4147,318,0.6748846769332886,0
4147,1492,0.6441736817359924,0
4147,1786,0.6155457496643066,0
4147,1306,0.7114251255989075,0
4147,1427,0.6473605036735535,0
4147,556,0.7198266983032227,0
4147,1359,0.9610609412193298,0
4147,632,0.5715886354446411,0
4147,528,0.6262418031692505,0
4147,1731,0.6401472687721252,0
4147,188,0.8205106258392334,0
4147,1414,0.8219791650772095,0
4147,91,0.8309541940689087,0
4147,634,0.48747825622558594,0
4147,874,0.6683789491653442,0
4147,2044,0.7990004420280457,0
1068,1205,1.1149020195007324,1
1068,778,1.298595905303955,0
1068,1981,0.9141726493835449,0
1068,438,0.7617219686508179,0
1068,1386,0.9148911237716675,0
1068,1594,0.7789030075073242,0
1068,605,0.8110260963439941,0
1068,59,0.8736156225204468,0
1068,1104,1.5125761032104492,0
1068,1992,0.8018656969070435,0
1068,892,0.708193302154541,0
1068,1193,0.6164171695709229,0
1068,1393,1.4728039503097534,0
1068,189,0.6924006342887878,0
1068,861,1.3527944087982178,0
1068,1192,0.8195562958717346,0
1068,729,0.5377862453460693,0
1068,1622,1.0963859558105469,0
1068,1722,0.7020756006240845,0
1068,732,0.5328397154808044,0
2027,1374,0.39813071489334106,1
2027,79,0.7361630797386169,0
2027,1102,0.524871826171875,0
2027,601,0.4170401096343994,0
2027,522,0.5960741639137268,0
2027,811,0.5506031513214111,0
2027,539,0.6227487921714783,0
2027,120,0.7896087169647217,0
2027,527,0.49023258686065674,0
2027,1834,0.5442905426025391,0
2027,368,0.5075900554656982,0
2027,957,0.5959211587905884,0
2027,2054,0.5516006350517273,0
2027,1507,1.1637275218963623,0
2027,1498,0.5201886296272278,0
2027,80,0.7307437062263489,0
2027,1486,0.5451763868331909,0
2027,1076,0.6521921157836914,0
2027,850,0.964748740196228,0
2027,149,1.7011064291000366,0
1622,628,1.3096342086791992,1
1622,1177,0.7539900541305542,0
1622,1239,0.6843220591545105,0
1622,387,0.5211098790168762,0
1622,238,1.0179063081741333,0
1622,775,0.5937508344650269,0
1622,2055,0.49282127618789673,0
1622,1230,0.657095730304718,0
1622,968,0.8953646421432495,0
1622,1599,0.4562274217605591,0
1622,597,0.5788804888725281,0
1622,112,1.0212507247924805,0
1622,1528,1.0762951374053955,0
1622,937,0.5587377548217773,0
1622,756,1.0148181915283203,0
1622,263,0.6606265306472778,0
1622,257,1.0083825588226318,0
1622,793,0.5560747385025024,0
1622,1010,0.7382598519325256,0
1622,46,0.5410593152046204,0
3902,1368,0.5459822416305542,1
3902,685,0.6641849875450134,0
3902,491,0.4619308412075043,0
3902,421,0.4263461232185364,0
3902,232,0.516137957572937,0
3902,1959,0.6646032929420471,0
3902,320,0.6085686683654785,0
3902,1967,0.5361102819442749,0
3902,250,0.5702501535415649,0
3902,1281,0.49957528710365295,0
3902,1354,0.631388783454895,0
3902,560,0.5591700673103333,0
3902,1181,0.6303325891494751,0
3902,179,0.8150876760482788,0
3902,1857,0.580669641494751,0
3902,350,0.634404182434082,0
3902,122,1.0085101127624512,0
3902,645,0.6140952706336975,0
3902,969,0.6341649889945984,0
3902,1457,0.6976834535598755,0
3914,819,0.7671025395393372,1
3914,765,0.9438422322273254,0
3914,2044,0.8115109801292419,0
3914,1555,0.6954670548439026,0
3914,638,0.6640802621841431,0
3914,1134,0.857978105545044,0
3914,835,0.6579150557518005,0
3914,1771,0.7108793258666992,0
3914,1231,0.8796501159667969,0
3914,1074,0.7516376972198486,0
3914,758,0.6472275257110596,0
3914,963,0.606107234954834,0
3914,408,0.7212119102478027,0
3914,351,0.5001594424247742,0
3914,522,0.7960696220397949,0
3914,1006,1.1008777618408203,0
3914,327,0.5849860310554504,0
3914,828,0.6423560380935669,0
3914,1660,0.6881886720657349,0
3914,820,0.6779892444610596,0
346,2060,0.9173061847686768,1
346,237,1.2430514097213745,0
346,584,0.7123012542724609,0
346,830,0.7228497266769409,0
346,986,1.0159732103347778,0
346,798,0.8916994333267212,0
346,1993,0.5682558417320251,0
346,1682,0.660672664642334,0
346,564,0.6650235056877136,0
346,349,0.885323166847229,0
346,1024,0.7776848673820496,0
346,731,0.7815794944763184,0
346,1743,0.7338639497756958,0
346,2005,0.6570727229118347,0
346,1984,0.7682304382324219,0
346,1726,0.6115190982818604,0
346,1999,1.0632286071777344,0
346,623,0.6540151238441467,0
346,766,0.4874647855758667,0
346,12,1.00432288646698,0
2592,834,1.0221494436264038,1
2592,1827,0.5869903564453125,0
2592,1625,0.5798485279083252,0
2592,1303,0.682328462600708,0
2592,973,0.7771173715591431,0
2592,374,0.7146549224853516,0
2592,1272,0.990835428237915,0
2592,632,0.6502572298049927,0
2592,1092,0.999066174030304,0
2592,1475,0.7880829572677612,0
2592,155,0.6481334567070007,0
2592,1160,1.4470182657241821,0
2592,1028,0.7833704352378845,0
2592,1083,0.7419949173927307,0
2592,1101,0.670842170715332,0
2592,528,0.7060908675193787,0
2592,1695,0.5723035335540771,0
2592,1812,0.7350790500640869,0
2592,921,1.2256321907043457,0
2592,795,0.7577285766601562,0
1114,1544,0.6145531535148621,1
1114,1134,0.7646300792694092,0
1114,1944,0.513948380947113,0
1114,777,0.6328715682029724,0
1114,45,0.44964271783828735,0
1114,1756,0.5127520561218262,0
1114,1357,0.4898611307144165,0
1114,1214,1.0571582317352295,0
1114,1294,0.8667436838150024,0
1114,482,0.8994848132133484,0
1114,1189,0.5885140299797058,0
1114,772,0.5594249367713928,0
1114,550,0.6027876734733582,0
1114,989,1.0491353273391724,0
1114,1123,0.8913413286209106,0
1114,635,0.5525833368301392,0
1114,1841,0.48022687435150146,0
1114,1341,0.7742493152618408,0
1114,2026,0.76519775390625,0
1114,95,0.545982837677002,0
4163,48,0.5561699867248535,1
4163,2,0.4415041208267212,0
4163,1791,0.511118471622467,0
4163,30,0.4307611286640167,0
4163,855,0.49838560819625854,0
4163,1382,0.6016685962677002,0
4163,1521,1.001749873161316,0
4163,1771,0.6260128021240234,0
4163,150,0.5629391670227051,0
4163,102,0.6314477920532227,0
4163,992,0.6463590264320374,0
4163,933,0.5871528387069702,0
4163,1251,0.5878593921661377,0
4163,1000,0.6944733262062073,0
4163,697,0.7154046893119812,0
4163,1399,0.9506639838218689,0
4163,1147,0.7516831159591675,0
4163,1296,0.5053903460502625,0
4163,860,0.5867624878883362,0
4163,1707,0.6735992431640625,0
1741,202,1.3915152549743652,1
1741,1671,1.6923933029174805,0
1741,1242,0.7581813335418701,0
1741,2054,0.7434885501861572,0
1741,1053,1.0089994668960571,0
1741,68,0.7285262942314148,0
1741,826,0.6964097023010254,0
1741,1694,1.343733549118042,0
1741,1876,2.535935163497925,0
1741,1348,0.9290200471878052,0
1741,74,1.05379319190979,0
1741,1677,0.48394668102264404,0
1741,1531,0.48704794049263,0
1741,1609,0.708932638168335,0
1741,358,0.6075308322906494,0
1741,1733,0.8305271863937378,0
1741,1640,0.8699043393135071,0
1741,542,0.6735264658927917,0
1741,47,0.6935731172561646,0
1741,825,0.6393088102340698,0
542,631,0.4595179855823517,1
542,1469,0.6742125749588013,0
542,704,0.7486057281494141,0
542,1195,0.5638769865036011,0
542,174,0.5862504243850708,0
542,1471,0.6173177361488342,0
542,595,1.2837398052215576,0
542,1638,0.7624680399894714,0
542,1736,0.6622287034988403,0
542,915,0.9196838736534119,0
542,1318,0.6198400259017944,0
542,1694,1.446765422821045,0
542,8,0.7720968127250671,0
542,1074,0.7161471843719482,0
542,1916,0.5251054167747498,0
542,1479,0.6801667213439941,0
542,1057,0.5114363431930542,0
542,97,1.2669637203216553,0
542,176,1.3432666063308716,0
542,1425,0.6418529748916626,0
973,475,0.8694276809692383,1
973,2054,0.6383713483810425,0
973,1059,0.46931248903274536,0
973,1876,1.8275809288024902,0
973,1951,0.6980200409889221,0
973,1003,0.47609469294548035,0
973,217,0.6246477961540222,0
973,1164,0.7407134175300598,0
973,1241,0.45696261525154114,0
973,448,0.61948561668396,0
973,1069,0.41396576166152954,0
973,816,0.7308462858200073,0
973,1306,0.6221128702163696,0
973,933,0.6044594645500183,0
973,189,0.51877760887146,0
973,721,0.5711248517036438,0
973,677,0.4764680862426758,0
973,488,0.5899956822395325,0
973,804,0.5625655651092529,0
973,65,0.6150367259979248,0
422,2015,0.505486786365509,1
422,794,0.7229260206222534,0
422,1558,0.4108814597129822,0
422,702,1.2232227325439453,0
422,697,0.8339675664901733,0
422,538,0.6896837949752808,0
422,1385,0.7954489588737488,0
422,366,0.8415110111236572,0
422,872,0.5751522779464722,0
422,1304,0.6088503003120422,0
422,674,0.5711514949798584,0
422,21,0.45417821407318115,0
422,319,0.7900722622871399,0
422,1258,0.6952604055404663,0
422,13,1.1152944564819336,0
422,971,0.5378856062889099,0
422,1038,0.6656210422515869,0
422,866,0.6566094756126404,0
422,1628,0.5827507376670837,0
422,857,0.5658307075500488,0
1464,1908,0.5144935846328735,1
1464,1503,0.504041314125061,0
1464,328,1.0665838718414307,0
1464,1585,0.5007105469703674,0
1464,452,0.693016529083252,0
1464,2059,0.4509364068508148,0
1464,779,0.6284719705581665,0
1464,1366,0.6589968204498291,0
1464,1812,0.6766265630722046,0
1464,1942,1.312204360961914,0
1464,734,0.738991379737854,0
1464,1148,0.6397637128829956,0
1464,1811,0.7270225286483765,0
1464,993,0.9236676692962646,0
1464,735,0.6483401656150818,0
1464,466,0.7061811089515686,0
1464,1077,0.8606278896331787,0
1464,555,0.5605012774467468,0
1464,819,0.7596063613891602,0
1464,56,0.8430159687995911,0
1130,1404,0.6077905297279358,1
1130,1598,0.6634138822555542,0
1130,358,0.5635499954223633,0
1130,2051,1.0907663106918335,0
1130,1279,0.675665020942688,0
1130,483,1.515763282775879,0
1130,398,0.9882723093032837,0
1130,206,0.6498287320137024,0
1130,240,0.6842693090438843,0
1130,1217,0.6601947546005249,0
1130,658,0.8381609320640564,0
1130,1120,0.8831417560577393,0
1130,1060,0.7903783917427063,0
1130,927,0.5864071846008301,0
1130,1136,0.7881907224655151,0
1130,1078,0.6135293245315552,0
1130,1489,0.6153351068496704,0
1130,1469,0.6142421960830688,0
1130,541,0.8122698664665222,0
1130,110,0.5010608434677124,0
4174,1694,1.0946028232574463,1
4174,527,0.5812655091285706,0
4174,1216,0.6607825756072998,0
4174,1149,0.5739707946777344,0
4174,2033,0.6386553645133972,0
4174,181,0.7591429948806763,0
4174,1728,0.8527935743331909,0
4174,1591,0.5829933881759644,0
4174,640,0.9637839198112488,0
4174,1707,0.7498253583908081,0
4174,1016,0.586864173412323,0
4174,1827,0.5424944758415222,0
4174,1633,0.6730114221572876,0
4174,411,0.5081630945205688,0
4174,924,0.8660798668861389,0
4174,783,0.6270351409912109,0
4174,775,0.5868507623672485,0
4174,159,1.0478498935699463,0
4174,350,0.6763173341751099,0
4174,324,0.5657733678817749,0
986,884,0.5838367938995361,1
986,258,1.044581413269043,0
986,710,0.6226933002471924,0
986,1310,0.9045865535736084,0
986,492,0.4520913362503052,0
986,1175,0.6424630880355835,0
986,630,0.4216212034225464,0
986,1623,0.6361348032951355,0
986,1836,0.7579177618026733,0
986,1965,0.8391579985618591,0
986,1002,0.9643221497535706,0
986,1542,0.6154535412788391,0
986,448,0.6055150032043457,0
986,1178,0.9962750673294067,0
986,873,0.42657822370529175,0
986,1364,0.7901963591575623,0
986,1970,0.6392074227333069,0
986,1398,0.5415648818016052,0
986,719,1.361624002456665,0
986,660,0.6118263006210327,0
2158,297,0.9656984210014343,1
2158,1388,0.7956520318984985,0
2158,2068,1.094043493270874,0
2158,951,0.45918989181518555,0
2158,859,0.7480184435844421,0
2158,983,1.008120059967041,0
2158,396,0.7073240876197815,0
2158,402,0.6213005781173706,0
2158,998,0.6712731719017029,0
2158,1736,0.5915092825889587,0
2158,255,0.6952134966850281,0
2158,410,0.7993060946464539,0
2158,1541,0.6721151471138,0
2158,1266,0.5551608204841614,0
2158,536,0.6131196618080139,0
2158,1828,0.893304705619812,0
2158,1116,0.5856595635414124,0
2158,1746,0.6377789378166199,0
2158,1662,0.6641579270362854,0
2158,1064,0.6562955975532532,0
3204,1717,0.4492563307285309,1
3204,1432,0.507409930229187,0
3204,328,0.8403489589691162,0
3204,92,0.5676501989364624,0
3204,1921,0.39341339468955994,0
3204,68,0.5638442635536194,0
3204,385,0.60643070936203,0
3204,1978,0.6615647077560425,0
3204,721,0.5341237187385559,0
3204,660,0.5543749332427979,0
3204,496,0.5364328622817993,0
3204,83,0.5710203051567078,0
3204,1559,1.0381808280944824,0
3204,1784,0.5622755885124207,0
3204,886,0.5056207776069641,0
3204,1893,0.5999530553817749,0
3204,1563,0.6303673386573792,0
3204,1518,0.8653894662857056,0
3204,1602,0.6178780198097229,0
3204,1376,0.5365618467330933,0
677,122,1.0944242477416992,1
677,1483,0.6002905964851379,0
677,1319,0.5678401589393616,0
677,86,0.8500367403030396,0
677,1085,0.523817777633667,0
677,1872,0.5729374289512634,0
677,511,1.1822547912597656,0
677,679,0.579460620880127,0
677,1944,0.5761595964431763,0
677,1370,0.7926672101020813,0
677,1226,0.4800766110420227,0
677,829,0.6406875848770142,0
677,1677,0.47955942153930664,0
677,1925,0.5841994285583496,0
677,1767,0.46766647696495056,0
677,554,0.5607566237449646,0
677,292,0.5324192047119141,0
677,189,0.5816873908042908,0
677,705,0.4973730444908142,0
677,368,0.5995680093765259,0
3122,610,0.4179518520832062,1
3122,1211,0.6091181039810181,0
3122,661,1.0188850164413452,0
3122,254,0.6519222259521484,0
3122,873,0.4422365427017212,0
3122,628,0.9615100622177124,0
3122,944,0.6326940059661865,0
3122,2052,0.5900818109512329,0
3122,846,0.5887044668197632,0
3122,1247,0.45049047470092773,0
3122,329,0.5190895795822144,0
3122,1857,0.5720139741897583,0
3122,1659,0.6132282614707947,0
3122,240,0.6070603728294373,0
3122,1379,0.8270506858825684,0
3122,1781,0.5244379043579102,0
3122,1227,0.6003984808921814,0
3122,177,0.5939534306526184,0
3122,283,0.6165207028388977,0
3122,750,0.5699699521064758,0
3672,412,0.5670597553253174,1
3672,1235,0.6214867234230042,0
3672,84,0.6532849073410034,0
3672,662,0.7236494421958923,0
3672,953,0.734286367893219,0
3672,14,0.7159737348556519,0
3672,1578,1.328834056854248,0
3672,1365,0.8160704374313354,0
3672,1851,0.5641723871231079,0
3672,471,0.4954107999801636,0
3672,139,1.0475289821624756,0
3672,1505,0.39670127630233765,0
3672,1885,0.5927053689956665,0
3672,187,0.6096686720848083,0
3672,1545,0.909136176109314,0
3672,1186,0.5238639712333679,0
3672,625,0.6167065501213074,0
3672,1303,0.5584849715232849,0
3672,99,0.48213642835617065,0
3672,478,0.6119830012321472,0
3890,2022,0.3726247549057007,1
3890,596,0.6481747627258301,0
3890,451,0.6082038879394531,0
3890,1675,0.556701123714447,0
3890,1682,0.47794920206069946,0
3890,1180,0.665780782699585,0
3890,1239,0.5003557205200195,0
3890,1570,0.41184359788894653,0
3890,226,0.3773215413093567,0
3890,138,0.4330061674118042,0
3890,133,0.40169498324394226,0
3890,1254,0.48573699593544006,0
3890,1728,0.6708031892776489,0
3890,511,0.9965075254440308,0
3890,1087,0.47054123878479004,0
3890,468,0.5287318229675293,0
3890,305,0.4544534683227539,0
3890,732,0.3408734202384949,0
3890,421,0.3432217836380005,0
3890,1329,0.6349331140518188,0
1415,2038,1.850031852722168,1
1415,84,0.8636935949325562,0
1415,957,0.9620317220687866,0
1415,1045,0.7761428356170654,0
1415,1915,0.9582014083862305,0
1415,1159,0.9850931167602539,0
1415,753,0.7591968774795532,0
1415,236,0.7987841367721558,0
1415,1730,1.1390085220336914,0
1415,629,0.5125617384910583,0
1415,1477,0.5589321255683899,0
1415,1645,0.77561354637146,0
1415,486,0.5051039457321167,0
1415,794,0.9113733172416687,0
1415,1531,0.569428563117981,0
1415,756,1.132602572441101,0
1415,1609,0.8205220103263855,0
1415,1491,0.9197253584861755,0
1415,282,1.1250426769256592,0
1415,402,0.7895453572273254,0
268,1972,1.1172394752502441,1
268,1467,1.4006266593933105,0
268,1504,0.5757443904876709,0
268,116,0.5603611469268799,0
268,575,0.7598738670349121,0
268,1568,0.6885877847671509,0
268,83,0.780529260635376,0
268,1441,0.7841646671295166,0
268,345,3.191895008087158,0
268,1668,0.7089776396751404,0
268,1826,0.7729875445365906,0
268,1805,0.8833500742912292,0
268,990,0.6261917352676392,0
268,18,0.7899383306503296,0
268,1429,0.5691713690757751,0
268,2070,0.7585824728012085,0
268,641,0.7489006519317627,0
268,222,0.6965430974960327,0
268,847,0.9430375099182129,0
268,508,1.4511280059814453,0
2760,1199,0.5687198638916016,1
2760,1259,0.7117313742637634,0
2760,1838,0.5838494896888733,0
2760,1329,0.72803795337677,0
2760,1266,0.5108921527862549,0
2760,1464,0.5408489108085632,0
2760,546,0.5886707305908203,0
2760,856,0.6339712142944336,0
2760,1880,0.5877362489700317,0
2760,2077,0.6324201226234436,0
2760,1895,0.6949646472930908,0
2760,655,1.1118059158325195,0
2760,21,0.4373036324977875,0
2760,1028,0.6408747434616089,0
2760,959,0.7794629335403442,0
2760,11,0.47599372267723083,0
2760,984,0.6072078943252563,0
2760,25,0.6407057046890259,0
2760,13,0.9950078725814819,0
2760,1314,0.5018656849861145,0
2395,449,0.7185277938842773,1
2395,1117,0.5118911862373352,0
2395,1407,0.6647809743881226,0
2395,701,0.4352704882621765,0
2395,1400,0.9829420447349548,0
2395,539,0.6497588157653809,0
2395,1369,0.6321854591369629,0
2395,258,0.9222944974899292,0
2395,706,0.5267889499664307,0
2395,523,0.7736307382583618,0
2395,993,0.7558432221412659,0
2395,353,0.5819369554519653,0
2395,269,0.6212874054908752,0
2395,41,0.7220122814178467,0
2395,180,0.5870427489280701,0
2395,410,0.7230521440505981,0
2395,431,0.7267050743103027,0
2395,1236,0.7160738706588745,0
2395,880,0.7067205309867859,0
2395,749,0.5993309020996094,0
254,335,0.9748860001564026,1
254,800,0.7035385966300964,0
254,979,0.5874659419059753,0
254,1113,0.6727046966552734,0
254,696,0.8481721878051758,0
254,88,0.6173083782196045,0
254,960,1.0620694160461426,0
254,1889,0.719842791557312,0
254,775,0.6038182377815247,0
254,669,0.6874486207962036,0
254,1446,0.6532191634178162,0
254,1521,1.2439532279968262,0
254,1956,0.6581664681434631,0
254,754,0.9569991827011108,0
254,1269,0.6515629887580872,0
254,2071,0.6774765849113464,0
254,1119,0.7892557382583618,0
254,64,0.6014854311943054,0
254,2057,0.7937796115875244,0
254,802,0.7444069981575012,0
641,572,1.3551862239837646,1
641,181,0.7424102425575256,0
641,1768,0.41892343759536743,0
641,1391,0.6118112802505493,0
641,1964,0.5952417850494385,0
641,377,0.9173533916473389,0
641,1843,1.0101009607315063,0
641,1502,0.45810627937316895,0
641,335,0.9872719645500183,0
641,278,0.5023844242095947,0
641,1035,0.8563084602355957,0
641,1175,0.6733368635177612,0
641,634,0.4162401556968689,0
641,721,0.6088805794715881,0
641,388,0.5497114062309265,0
641,1008,0.6286972761154175,0
641,204,0.6923403739929199,0
641,700,1.4208488464355469,0
641,960,1.1049113273620605,0
641,329,0.5117618441581726,0
2116,1917,1.2880723476409912,1
2116,656,0.4809732139110565,0
2116,809,0.6178799867630005,0
2116,736,0.7141677141189575,0
2116,1848,0.8174322843551636,0
2116,1789,0.641054093837738,0
2116,1302,0.9318304657936096,0
2116,170,0.7108350992202759,0
2116,2025,0.6923065185546875,0
2116,108,0.6277034282684326,0
2116,942,0.8415268063545227,0
2116,116,0.48159104585647583,0
2116,1804,0.6404271125793457,0
2116,53,0.5138344764709473,0
2116,1744,0.8573204278945923,0
2116,1539,0.6046704053878784,0
2116,1159,0.7819597721099854,0
2116,1125,0.6674864292144775,0
2116,1419,0.6974701881408691,0
2116,982,0.5001892447471619,0
3649,1406,0.4181371331214905,1
3649,1791,0.5205633640289307,0
3649,438,0.6019618511199951,0
3649,1042,0.552872896194458,0
3649,1032,0.5159929990768433,0
3649,818,0.6948515176773071,0
3649,637,1.0438905954360962,0
3649,1412,0.513967752456665,0
3649,545,0.6427667737007141,0
3649,96,0.5698078274726868,0
3649,234,0.6869087815284729,0
3649,830,0.6340550184249878,0
3649,954,0.7270331978797913,0
3649,576,0.6059666872024536,0
3649,1414,0.7463187575340271,0
3649,1670,0.5967777371406555,0
3649,736,0.6529704332351685,0
3649,572,1.091327428817749,0
3649,1199,0.5469003319740295,0
3649,1714,0.726492166519165,0
547,1349,0.6846973896026611,1
547,2009,0.6893743276596069,0
547,985,0.9235640168190002,0
547,438,0.6441873908042908,0
547,668,0.4327685236930847,0
547,726,0.7074646949768066,0
547,1563,0.7256812453269958,0
547,992,0.7384705543518066,0
547,1950,0.7659186124801636,0
547,1707,0.7681465148925781,0
547,2071,0.6596959829330444,0
547,638,0.645611047744751,0
547,172,0.5364927053451538,0
547,974,0.6950391530990601,0
547,464,0.6787655353546143,0
547,1300,0.6533982157707214,0
547,1550,0.6853528022766113,0
547,591,0.6337356567382812,0
547,913,0.9424024820327759,0
547,1839,0.6849551200866699,0
282,1278,2.5116348266601562,1
282,821,0.46757787466049194,0
282,1838,0.686511754989624,0
282,625,0.6666547060012817,0
282,594,1.2641429901123047,0
282,1987,0.6882576942443848,0
282,1327,0.9517799615859985,0
282,833,0.6918936967849731,0
282,326,0.5263307690620422,0
282,1319,0.5545000433921814,0
282,1879,0.7091330289840698,0
282,900,0.7547826766967773,0
282,70,0.6238266229629517,0
282,1310,0.9590103030204773,0
282,565,0.9278980493545532,0
282,346,0.5330092906951904,0
282,1430,0.7102257013320923,0
282,1422,0.5025862455368042,0
282,307,0.8015510439872742,0
282,2072,0.7336487770080566,0
3657,1243,0.4652337431907654,1
3657,224,1.2937872409820557,0
3657,1599,0.4258965253829956,0
3657,1507,1.1855034828186035,0
3657,49,1.0787700414657593,0
3657,1935,0.6152482628822327,0
3657,145,0.6279861330986023,0
3657,820,0.5976214408874512,0
3657,288,0.6232206225395203,0
3657,309,0.6177854537963867,0
3657,1777,0.8806853294372559,0
3657,1519,1.5174264907836914,0
3657,1916,0.4977279305458069,0
3657,44,0.6282835006713867,0
3657,211,0.5818292498588562,0
3657,135,0.571136474609375,0
3657,1221,0.5704696774482727,0
3657,905,0.49378567934036255,0
3657,1399,1.0173957347869873,0
3657,828,0.5876253247261047,0
2802,1842,0.6887787580490112,1
2802,527,0.5084866881370544,0
2802,398,0.8339300155639648,0
2802,658,0.6776332855224609,0
2802,1617,0.9024955034255981,0
2802,1509,0.7142521739006042,0
2802,224,1.300837516784668,0
2802,1024,0.6163396239280701,0
2802,1353,0.6357713937759399,0
2802,1584,0.5876355171203613,0
2802,1501,0.5695063471794128,0
2802,912,0.5635285377502441,0
2802,1023,0.800369381904602,0
2802,288,0.5843936204910278,0
2802,589,0.47062361240386963,0
2802,1940,0.5437608957290649,0
2802,693,0.5104684233665466,0
2802,1266,0.48482781648635864,0
2802,1515,0.8225277662277222,0
2802,1482,0.5795712471008301,0
2675,1160,1.4371962547302246,1
2675,1263,0.5884350538253784,0
2675,1075,0.44195663928985596,0
2675,1159,0.8457525968551636,0
2675,911,0.6375819444656372,0
2675,1110,0.7929772138595581,0
2675,585,0.6608946919441223,0
2675,905,0.541778564453125,0
2675,1796,0.8407374620437622,0
2675,954,0.8559544086456299,0
2675,311,0.790557861328125,0
2675,2023,0.696941614151001,0
2675,1818,1.1504912376403809,0
2675,1090,0.7333663702011108,0
2675,966,0.6320968866348267,0
2675,1012,0.6177157759666443,0
2675,262,1.0016334056854248,0
2675,776,0.4695720970630646,0
2675,991,0.638870894908905,0
2675,50,0.7154862880706787,0
517,1620,2.27506947517395,1
517,606,0.7143305540084839,0
517,1789,0.628183126449585,0
517,1027,0.6652520895004272,0
517,1241,0.490039587020874,0
517,150,0.6328575015068054,0
517,1496,0.6865993142127991,0
517,1619,0.5035508871078491,0
517,907,0.7287262678146362,0
517,816,0.8633525371551514,0
517,414,0.5893967151641846,0
517,1674,0.4790446162223816,0
517,235,1.406843900680542,0
517,654,1.1157172918319702,0
517,1735,0.6667861938476562,0
517,86,0.9124202728271484,0
517,922,0.6758132576942444,0
517,487,0.5609636306762695,0
517,2069,0.3886839747428894,0
517,1322,0.8235791325569153,0
3561,186,0.9086065888404846,1
3561,1509,0.86124587059021,0
3561,1792,0.8742125630378723,0
3561,1408,0.733293890953064,0
3561,2029,0.6943067908287048,0
3561,870,0.633983850479126,0
3561,1599,0.5048918724060059,0
3561,1650,0.8977416157722473,0
3561,814,0.7053125500679016,0
3561,283,0.7304283976554871,0
3561,759,0.7546727657318115,0
3561,1316,0.6135194301605225,0
3561,657,0.6644748449325562,0
3561,1781,0.6107509136199951,0
3561,165,0.6951197385787964,0
3561,1577,0.6836267113685608,0
3561,1158,0.5918574929237366,0
3561,1725,0.909980297088623,0
3561,797,0.5872046947479248,0
3561,356,0.5467392802238464,0
2404,139,1.1427347660064697,1
2404,922,0.6957884430885315,0
2404,2024,0.6455450057983398,0
2404,846,0.6879313588142395,0
2404,526,0.7440025210380554,0
2404,1836,0.7999197244644165,0
2404,1134,0.8288053870201111,0
2404,806,0.5986403822898865,0
2404,373,0.8162127733230591,0
2404,487,0.5661510229110718,0
2404,342,0.6107615828514099,0
2404,385,0.7366244792938232,0
2404,973,0.7000937461853027,0
2404,190,0.7428576350212097,0
2404,1146,0.6805607080459595,0
2404,1753,0.5875208377838135,0
2404,2073,1.422257423400879,0
2404,1027,0.6630223989486694,0
2404,1050,0.910111665725708,0
2404,257,0.8976341485977173,0
3873,695,0.7122296690940857,1
3873,664,0.6520193219184875,0
3873,126,0.6097807884216309,0
3873,1788,0.5784739255905151,0
3873,1573,0.7384373545646667,0
3873,2075,0.5806300044059753,0
3873,136,0.6509013772010803,0
3873,1872,0.5561478137969971,0
3873,1238,0.6566349864006042,0
3873,757,0.5719881057739258,0
3873,1793,0.47373899817466736,0
3873,228,0.6817481517791748,0
3873,940,0.6251470446586609,0
3873,643,0.7161991596221924,0
3873,1522,0.7883188724517822,0
3873,431,0.7983156442642212,0
3873,1362,0.6482211947441101,0
3873,327,0.4952634871006012,0
3873,1022,0.6013084053993225,0
3873,1411,0.6536585688591003,0
2687,673,0.47134652733802795,1
2687,1027,0.5870679020881653,0
2687,1365,0.7828048467636108,0
2687,1404,0.5345562696456909,0
2687,1441,0.5924527049064636,0
2687,368,0.5608464479446411,0
2687,1202,0.6923811435699463,0
2687,546,0.5611007809638977,0
2687,1986,1.7386294603347778,0
2687,1770,0.6738682389259338,0
2687,1041,0.7602547407150269,0
2687,1906,0.4473128914833069,0
2687,772,0.5439805388450623,0
2687,1840,0.44290900230407715,0
2687,1309,0.4554991126060486,0
2687,1654,0.8804746270179749,0
2687,922,0.603470504283905,0
2687,1131,0.5449164509773254,0
2687,770,0.44114452600479126,0
2687,1201,0.7300298810005188,0
1606,439,1.08753502368927,1
1606,63,0.556623101234436,0
1606,1917,0.9802840948104858,0
1606,805,0.8856817483901978,0
1606,858,0.5557754039764404,0
1606,1866,0.7039891481399536,0
1606,381,0.5836970806121826,0
1606,105,0.6603426933288574,0
1606,770,0.40923523902893066,0
1606,874,0.5438544750213623,0
1606,1204,0.4308847486972809,0
1606,137,0.5924782156944275,0
1606,212,0.7696541547775269,0
1606,963,0.5018220543861389,0
1606,285,0.5531753301620483,0
1606,934,0.6279930472373962,0
1606,695,0.6083829998970032,0
1606,199,0.6857764720916748,0
1606,586,0.6847915053367615,0
1606,1472,0.7699992060661316,0
302,968,0.9336283206939697,1
302,677,0.610226035118103,0
302,229,1.0833927392959595,0
302,919,1.0843493938446045,0
302,1867,1.2691841125488281,0
302,592,0.8301650285720825,0
302,433,1.0963056087493896,0
302,125,0.860180675983429,0
302,342,0.7014399766921997,0
302,1545,1.2175606489181519,0
302,234,0.8612809181213379,0
302,706,0.711480438709259,0
302,1110,0.8760750889778137,0
302,1002,1.094901442527771,0
302,530,1.0619275569915771,0
302,1201,0.9256036877632141,0
302,1992,0.7890225648880005,0
302,650,0.8026522397994995,0
302,1526,0.7256137728691101,0
302,1917,1.40312659740448,0
1755,1505,0.4824936091899872,1
1755,1512,0.8178467750549316,0
1755,446,0.6415178775787354,0
1755,1540,0.5968198776245117,0
1755,1569,0.530400276184082,0
1755,1937,0.7763811945915222,0
1755,771,0.7074706554412842,0
1755,453,0.7132046222686768,0
1755,557,0.5543017387390137,0
1755,477,0.70023113489151,0
1755,1613,0.6313861608505249,0
1755,1303,0.651930570602417,0
1755,207,0.6464055776596069,0
1755,1462,0.7524315118789673,0
1755,883,0.8634374141693115,0
1755,1712,1.112684965133667,0
1755,1007,0.691811203956604,0
1755,1873,0.7714213728904724,0
1755,779,0.6362782716751099,0
1755,1886,0.6785036325454712,0
2784,1955,0.5090696811676025,1
2784,1070,0.5817704796791077,0
2784,1769,0.4601360559463501,0
2784,1007,0.6625800728797913,0
2784,1529,0.721955418586731,0
2784,1266,0.5915336608886719,0
2784,1998,0.6569207906723022,0
2784,591,0.6184176206588745,0
2784,1977,0.6960387825965881,0
2784,474,0.739177405834198,0
2784,158,0.7474287748336792,0
2784,2039,0.8302121758460999,0
2784,1212,0.7188199162483215,0
2784,642,0.6751115918159485,0
2784,697,0.8802618980407715,0
2784,1792,0.8791512250900269,0
2784,1535,0.965592622756958,0
2784,1094,0.6279762983322144,0
2784,486,0.45255246758461,0
2784,811,0.7148800492286682,0
127,1170,0.8684147596359253,1
127,623,0.5875228643417358,0
127,382,0.4758155345916748,0
127,1370,0.7814282774925232,0
127,1039,0.686276912689209,0
127,1504,0.5099486112594604,0
127,1007,0.6155890226364136,0
127,986,0.8535352945327759,0
127,2015,0.4804419279098511,0
127,1046,0.600420355796814,0
127,1673,0.6751673817634583,0
127,233,0.5564889311790466,0
127,892,0.5724767446517944,0
127,1572,0.655164361000061,0
127,2065,0.5810091495513916,0
127,98,0.6245687007904053,0
127,650,0.6654766798019409,0
127,1391,0.6050836443901062,0
127,819,0.6753702163696289,0
127,2004,0.7049942016601562,0
1087,1349,0.7392116785049438,1
1087,776,0.5244361758232117,0
1087,727,0.5545441508293152,0
1087,288,0.7660683989524841,0
1087,9,0.5903353691101074,0
1087,1518,1.047208547592163,0
1087,620,0.5252412557601929,0
1087,125,0.8064224720001221,0
1087,1979,0.6720510721206665,0
1087,775,0.6515867710113525,0
1087,1767,0.5139604806900024,0
1087,1436,0.6908271312713623,0
1087,974,0.7456554770469666,0
1087,42,0.6234466433525085,0
1087,1911,0.6670588254928589,0
1087,956,1.0121400356292725,0
1087,954,0.8366398811340332,0
1087,1710,0.8586912751197815,0
1087,1839,0.7331481575965881,0
1087,1817,0.5466944575309753,0
34,959,0.8874713182449341,1
34,49,1.2342820167541504,0
34,883,0.8946472406387329,0
34,251,0.5623487830162048,0
34,59,0.7843679189682007,0
34,1018,0.5110383033752441,0
34,1739,0.9370808005332947,0
34,55,0.9514883756637573,0
34,1987,0.6912988424301147,0
34,1029,0.6697753071784973,0
34,1471,0.5866599082946777,0
34,1796,0.8269005417823792,0
34,1133,0.6539703011512756,0
34,1664,1.4155380725860596,0
34,1886,0.6356101632118225,0
34,1536,1.2050087451934814,0
34,478,0.7026866674423218,0
34,2072,0.719184398651123,0
34,718,0.6637571454048157,0
34,53,0.5337381362915039,0
1043,595,1.0891599655151367,1
1043,1991,0.6697361469268799,0
1043,1002,0.9409886598587036,0
1043,1546,0.6362361311912537,0
1043,919,0.9224095344543457,0
1043,78,0.9596363306045532,0
1043,4,0.6319421529769897,0
1043,558,0.46677640080451965,0
1043,1967,0.5578330755233765,0
1043,2002,0.6801828742027283,0
1043,1326,0.692976713180542,0
1043,1560,0.5102711915969849,0
1043,1586,0.7028368711471558,0
1043,1792,0.8557206988334656,0
1043,1379,0.9418029189109802,0
1043,637,1.1740846633911133,0
1043,1705,1.004234790802002,0
1043,898,0.5968531370162964,0
1043,1731,0.6214662194252014,0
1043,1080,0.602573037147522,0
1482,1939,0.798840343952179,1
1482,634,0.5544278621673584,0
1482,997,0.743837833404541,0
1482,1729,0.9500024914741516,0
1482,811,0.7721589207649231,0
1482,1555,0.7595502138137817,0
1482,297,1.148910641670227,0
1482,1202,0.8884276747703552,0
1482,1141,0.7217885851860046,0
1482,1698,0.7012996673583984,0
1482,1628,0.6652765274047852,0
1482,1852,0.6978035569190979,0
1482,105,0.9122739434242249,0
1482,25,0.8293325901031494,0
1482,1550,0.7770943641662598,0
1482,882,0.6121116876602173,0
1482,986,1.0406320095062256,0
1482,255,0.8287506699562073,0
1482,794,0.8643926978111267,0
1482,1742,0.7340736985206604,0
2680,567,1.0423319339752197,1
2680,954,0.8267843127250671,0
2680,1608,0.8482159376144409,0
2680,841,1.263420581817627,0
2680,1293,0.6212755441665649,0
2680,164,0.6980236768722534,0
2680,1613,0.5995147824287415,0
2680,187,0.6978833675384521,0
2680,1809,0.9046440720558167,0
2680,1614,0.6946592330932617,0
2680,935,0.6872154474258423,0
2680,1119,0.8155789375305176,0
2680,1601,0.7869017124176025,0
2680,408,0.748569130897522,0
2680,821,0.49866509437561035,0
2680,2015,0.5479060411453247,0
2680,631,0.5325818061828613,0
2680,1680,0.7014448046684265,0
2680,958,1.0558236837387085,0
2680,1018,0.5737727880477905,0
1917,939,0.49981924891471863,1
1917,1561,0.9439273476600647,0
1917,1947,0.6019413471221924,0
1917,1759,0.6048314571380615,0
1917,410,0.7338155508041382,0
1917,1935,0.594307541847229,0
1917,275,0.4676169157028198,0
1917,1515,0.7959516644477844,0
1917,1575,0.5783246755599976,0
1917,1223,0.45697903633117676,0
1917,51,0.3867915868759155,0
1917,1945,0.47650858759880066,0
1917,1215,0.640468180179596,0
1917,936,0.7112870216369629,0
1917,160,0.6049730181694031,0
1917,1159,0.6834276914596558,0
1917,1678,0.5969332456588745,0
1917,97,0.9358185529708862,0
1917,1409,0.4304024875164032,0
1917,125,0.6548897624015808,0
1697,656,0.5564910769462585,1
1697,636,0.8096981048583984,0
1697,1164,0.9531899690628052,0
1697,770,0.5369268655776978,0
1697,1709,0.7276003360748291,0
1697,135,0.6741223335266113,0
1697,1742,0.6953458786010742,0
1697,198,0.7347000241279602,0
1697,246,0.7100256681442261,0
1697,1528,1.014443039894104,0
1697,796,0.7860913872718811,0
1697,1697,0.7000877261161804,0
1697,2050,0.9162502288818359,0
1697,1458,0.6725318431854248,0
1697,1359,1.0720845460891724,0
1697,1943,0.7499386072158813,0
1697,2030,0.9424149394035339,0
1697,575,0.731086790561676,0
1697,1842,0.8439344763755798,0
1697,336,0.5817133784294128,0
1772,1485,0.5730268359184265,1
1772,1136,0.7938627600669861,0
1772,36,0.638915479183197,0
1772,42,0.5779443383216858,0
1772,627,0.6438743472099304,0
1772,182,0.9347239136695862,0
1772,1574,0.5894986391067505,0
1772,987,0.8029630184173584,0
1772,1416,0.7929118871688843,0
1772,629,0.46150514483451843,0
1772,118,0.6681617498397827,0
1772,1524,0.6793099641799927,0
1772,519,0.7025957703590393,0
1772,493,0.658357560634613,0
1772,911,0.6167433857917786,0
1772,641,0.6644413471221924,0
1772,1005,0.6863616704940796,0
1772,777,0.6942035555839539,0
1772,1671,1.3673231601715088,0
1772,603,0.5850691795349121,0
3336,1213,0.47715023159980774,1
3336,184,0.5924590826034546,0
3336,57,0.5969672799110413,0
3336,335,0.8228005170822144,0
3336,789,1.0587867498397827,0
3336,1079,0.5844478607177734,0
3336,1192,0.6223385334014893,0
3336,1792,0.7447595596313477,0
3336,77,0.49573323130607605,0
3336,1349,0.6036435961723328,0
3336,266,0.5144386291503906,0
3336,1872,0.5234513878822327,0
3336,1690,0.5808501243591309,0
3336,636,0.6457452774047852,0
3336,1834,0.5967859625816345,0
3336,1289,0.5269170999526978,0
3336,1100,0.3953874111175537,0
3336,869,0.5695210695266724,0
3336,1169,0.6933073401451111,0
3336,229,0.8137258291244507,0
503,465,0.5024462938308716,1
503,302,0.6945423483848572,0
503,90,0.7484617829322815,0
503,1343,0.6626412272453308,0
503,576,0.6780225038528442,0
503,713,0.6053131818771362,0
503,1690,0.6708425283432007,0
503,1313,1.0349483489990234,0
503,594,1.106105089187622,0
503,1583,0.67122882604599,0
503,1629,0.5220944881439209,0
503,1121,0.7970256805419922,0
503,1401,0.6375862956047058,0
503,893,0.5582189559936523,0
503,941,0.662524938583374,0
503,564,0.6282820105552673,0
503,288,0.7192100286483765,0
503,581,0.6475557088851929,0
503,462,0.925649881362915,0
503,230,0.6479799747467041,0
810,1011,0.8950418829917908,1
810,67,0.6607096791267395,0
810,572,1.0447503328323364,0
810,1498,0.5530397891998291,0
810,1283,0.5629638433456421,0
810,890,0.5544923543930054,0
810,598,0.80908203125,0
810,1279,0.6040921211242676,0
810,176,0.9626147747039795,0
810,437,0.8070648908615112,0
810,669,0.5847901701927185,0
810,1722,0.5440739989280701,0
810,523,0.7617820501327515,0
810,168,0.69138103723526,0
810,433,0.8312718272209167,0
810,1715,0.7768316268920898,0
810,808,0.7182724475860596,0
810,153,0.8775485754013062,0
810,1422,0.4645724892616272,0
810,854,0.44313013553619385,0
101,208,1.1199572086334229,1
101,656,0.5632952451705933,0
101,1466,0.7703125476837158,0
101,1569,0.54182368516922,0
101,1798,0.8467694520950317,0
101,790,0.9419839382171631,0
101,1007,0.7209316492080688,0
101,129,0.7073163986206055,0
101,774,0.6950059533119202,0
101,1518,1.165614128112793,0
101,1987,0.7647126317024231,0
101,1029,0.7456349730491638,0
101,2028,0.9481549263000488,0
101,267,0.5759578943252563,0
101,440,0.7407176494598389,0
101,1435,0.8510155081748962,0
101,77,0.6214035749435425,0
101,1546,0.7063484787940979,0
101,1744,0.9515141248703003,0
101,923,1.8805606365203857,0
537,97,1.0663530826568604,1
537,535,0.6669772267341614,0
537,673,0.5193226337432861,0
537,53,0.5127810835838318,0
537,1032,0.5380645394325256,0
537,581,0.6425781846046448,0
537,517,0.7085109949111938,0
537,1310,0.8891189694404602,0
537,1578,1.4179975986480713,0
537,583,0.6635127067565918,0
537,1956,0.6598425507545471,0
537,816,0.8120015859603882,0
537,1182,0.8350428342819214,0
537,252,0.6028285622596741,0
537,556,0.7201365828514099,0
537,728,0.6075215339660645,0
537,635,0.5934293866157532,0
537,1776,0.5818326473236084,0
537,793,0.5268842577934265,0
537,1249,0.5556215643882751,0
2138,590,1.7859008312225342,1
2138,1195,0.6154568195343018,0
2138,381,0.8034104704856873,0
2138,751,0.5718943476676941,0
2138,266,0.6437589526176453,0
2138,1370,0.9273034930229187,0
2138,495,0.6296508312225342,0
2138,778,1.2011548280715942,0
2138,785,0.9077803492546082,0
2138,532,0.7434934973716736,0
2138,1828,1.0845892429351807,0
2138,138,0.6324411034584045,0
2138,1081,0.5038923025131226,0
2138,760,1.5586180686950684,0
2138,106,1.0498161315917969,0
2138,191,0.7058320641517639,0
2138,2009,0.7752231359481812,0
2138,1359,1.1741065979003906,0
2138,168,0.8756613731384277,0
2138,1038,0.7540587186813354,0
3760,1587,0.6038069725036621,1
3760,454,0.6194136142730713,0
3760,770,0.4929187297821045,0
3760,268,0.6679842472076416,0
3760,122,1.1005659103393555,0
3760,1728,0.8680566549301147,0
3760,15,0.6545206904411316,0
3760,1320,0.713678777217865,0
3760,1505,0.43805813789367676,0
3760,629,0.45344454050064087,0
3760,51,0.4203488230705261,0
3760,71,0.9735817909240723,0
3760,426,1.1231403350830078,0
3760,1621,0.5231421589851379,0
3760,2056,0.5038917064666748,0
3760,2018,0.5129705667495728,0
3760,197,0.7030837535858154,0
3760,1077,0.7790555953979492,0
3760,311,0.7501956820487976,0
3760,267,0.4939580261707306,0
1779,1629,0.5201239585876465,1
1779,396,0.7748860120773315,0
1779,465,0.48885372281074524,0
1779,997,0.6897368431091309,0
1779,639,0.9684327840805054,0
1779,1750,0.6930419206619263,0
1779,1917,1.2740882635116577,0
1779,1692,0.5513622164726257,0
1779,1842,0.8274808526039124,0
1779,977,0.8458483219146729,0
1779,432,0.779359757900238,0
1779,1130,0.7096234560012817,0
1779,1736,0.6456536650657654,0
1779,589,0.5950151681900024,0
1779,650,0.7419598698616028,0
1779,370,0.6190635561943054,0
1779,435,0.6908661723136902,0
1779,81,0.7396417856216431,0
1779,1870,0.6148697733879089,0
1779,1621,0.5526938438415527,0
4139,1389,0.4674991965293884,1
4139,897,0.49813562631607056,0
4139,610,0.4467270076274872,0
4139,280,0.599359929561615,0
4139,1104,1.0989091396331787,0
4139,2008,0.8034446835517883,0
4139,649,0.7954620122909546,0
4139,169,0.45558464527130127,0
4139,481,0.5676475763320923,0
4139,1570,0.47634631395339966,0
4139,850,1.0581090450286865,0
4139,1399,1.010156512260437,0
4139,61,0.5739808082580566,0
4139,228,0.6435133218765259,0
4139,1158,0.5476980805397034,0
4139,842,0.5222669839859009,0
4139,1065,0.6759892702102661,0
4139,956,0.8281315565109253,0
4139,1174,0.5287721753120422,0
4139,1952,1.3223280906677246,0
1607,250,0.6286959052085876,1
1607,979,0.5539040565490723,0
1607,1288,0.6311602592468262,0
1607,146,0.8312616944313049,0
1607,1251,0.6438916325569153,0
1607,315,0.7591306567192078,0
1607,1568,0.6246436834335327,0
1607,934,0.7771642208099365,0
1607,1651,0.5812232494354248,0
1607,2037,0.8141366839408875,0
1607,610,0.4844059944152832,0
1607,1609,0.6539229154586792,0
1607,763,0.7149222493171692,0
1607,740,0.560516893863678,0
1607,1662,0.6696347594261169,0
1607,1786,0.6046359539031982,0
1607,1371,0.7191479206085205,0
1607,796,0.6688448190689087,0
1607,1083,0.6580958366394043,0
1607,427,1.0075403451919556,0
3689,1503,0.48155802488327026,1
3689,1333,0.7235861420631409,0
3689,1860,0.832045316696167,0
3689,1305,0.5196105241775513,0
3689,1124,1.5092594623565674,0
3689,1154,0.4721393585205078,0
3689,731,0.6845405101776123,0
3689,1479,0.5982339382171631,0
3689,428,0.6791086792945862,0
3689,1521,1.0727585554122925,0
3689,1443,0.6190264225006104,0
3689,1661,0.6078312993049622,0
3689,1505,0.420735627412796,0
3689,985,0.8347426652908325,0
3689,239,0.49091535806655884,0
3689,840,0.5434004068374634,0
3689,661,1.0382293462753296,0
3689,84,0.6511361598968506,0
3689,1890,0.6763167381286621,0
3689,533,0.9793078303337097,0
2382,1472,1.0127122402191162,1
2382,650,0.6897565126419067,0
2382,1897,0.6374711394309998,0
2382,40,1.3601062297821045,0
2382,1164,0.8767894506454468,0
2382,186,0.9675022959709167,0
2382,1719,0.8313415050506592,0
2382,252,0.5329943895339966,0
2382,686,0.6122987270355225,0
2382,1576,0.4326566457748413,0
2382,1240,0.7151169180870056,0
2382,85,0.5648937821388245,0
2382,921,1.2103610038757324,0
2382,1579,0.8408600687980652,0
2382,2063,0.44788670539855957,0
2382,654,1.1394562721252441,0
2382,2038,1.61456298828125,0
2382,830,0.6739071607589722,0
2382,1878,0.816645622253418,0
2382,1771,0.6868940591812134,0
623,1589,1.0853774547576904,1
623,1835,0.6584190726280212,0
623,1351,0.7803397178649902,0
623,1622,0.8458043336868286,0
623,664,0.6638784408569336,0
623,51,0.3946352005004883,0
623,2053,0.600452184677124,0
623,1164,0.8177744150161743,0
623,1347,0.9184471368789673,0
623,2048,0.4195411503314972,0
623,317,0.6790332198143005,0
623,952,0.666873574256897,0
623,1920,0.6040090918540955,0
623,1812,0.6063439249992371,0
623,464,0.6262485980987549,0
623,498,0.6398513317108154,0
623,188,0.7895220518112183,0
623,1373,1.0938366651535034,0
623,1078,0.5903488397598267,0
623,953,0.7520601153373718,0
2612,1829,2.0332489013671875,1
2612,1318,0.5485999584197998,0
2612,1332,0.7203260660171509,0
2612,1321,0.5701141357421875,0
2612,447,0.7916787266731262,0
2612,1635,0.4387190639972687,0
2612,528,0.5785272717475891,0
2612,921,1.0179420709609985,0
2612,75,0.44777119159698486,0
2612,401,0.6536117196083069,0
2612,973,0.6328334212303162,0
2612,350,0.6566640734672546,0
2612,1,0.6084710955619812,0
2612,281,0.5325232744216919,0
2612,590,1.372956395149231,0
2612,1277,0.7264942526817322,0
2612,1688,0.49480581283569336,0
2612,642,0.6050729155540466,0
2612,93,0.628022313117981,0
2612,1584,0.6435887217521667,0
3185,2055,0.5086466073989868,1
3185,685,0.7330993413925171,0
3185,1417,0.5821840763092041,0
3185,1585,0.5097314119338989,0
3185,988,1.2153946161270142,0
3185,1454,0.5078607797622681,0
3185,1140,0.5400528311729431,0
3185,719,1.1910637617111206,0
3185,171,0.8969424962997437,0
3185,884,0.6167723536491394,0
3185,346,0.5659850835800171,0
3185,2022,0.4940223693847656,0
3185,1559,1.169257640838623,0
3185,2011,0.686095118522644,0
3185,515,0.5687398314476013,0
3185,178,0.5409268140792847,0
3185,698,0.6486656665802002,0
3185,314,0.5543029308319092,0
3185,2046,0.686561107635498,0
3185,1778,0.6717950701713562,0
3123,1763,0.5987640023231506,1
3123,1839,0.6633103489875793,0
3123,1157,0.9455745816230774,0
3123,1564,1.0034379959106445,0
3123,1991,0.6584563255310059,0
3123,901,0.6006009578704834,0
3123,1110,0.7128544449806213,0
3123,1958,0.6201611161231995,0
3123,89,0.4666234850883484,0
3123,1401,0.6192265748977661,0
3123,828,0.6237428784370422,0
3123,1767,0.45979997515678406,0
3123,893,0.509350061416626,0
3123,686,0.6059138774871826,0
3123,1802,0.9297868013381958,0
3123,849,0.5860317945480347,0
3123,2003,0.4811387360095978,0
3123,68,0.6835591197013855,0
3123,1504,0.520077645778656,0
3123,1352,0.5967593789100647,0
1202,1694,1.4834582805633545,1
1202,1651,0.7192379832267761,0
1202,1680,0.7984446287155151,0
1202,439,1.6731233596801758,0
1202,1353,0.8761061429977417,0
1202,330,1.8399142026901245,0
1202,887,0.6782139539718628,0
1202,867,0.8101674914360046,0
1202,337,1.071943759918213,0
1202,1306,0.8378034234046936,0
1202,1777,1.2032665014266968,0
1202,990,0.6196591258049011,0
1202,1863,0.6672348380088806,0
1202,1073,0.6339472532272339,0
1202,38,0.5497539043426514,0
1202,130,0.7978109121322632,0
1202,1311,0.5561060905456543,0
1202,1280,0.7237290740013123,0
1202,1645,0.76767897605896,0
1202,433,1.137974739074707,0
710,237,1.015455961227417,1
710,759,0.7449257373809814,0
710,179,0.9391149282455444,0
710,1983,0.8756743669509888,0
710,55,0.9438169002532959,0
710,314,0.5993442535400391,0
710,515,0.577721357345581,0
710,978,0.978057861328125,0
710,46,0.5836239457130432,0
710,685,0.7612154483795166,0
710,713,0.6182262301445007,0
710,1710,0.8124662637710571,0
710,1572,0.7398611903190613,0
710,458,0.6774078607559204,0
710,1523,0.6383289098739624,0
710,672,0.45926976203918457,0
710,87,0.5556888580322266,0
710,1623,0.7624332308769226,0
710,1141,0.6666593551635742,0
710,630,0.5402953624725342,0
977,1924,0.4268542528152466,1
977,1034,0.8849185705184937,0
977,582,0.7290960550308228,0
977,723,0.5223668217658997,0
977,1590,0.7164602279663086,0
977,858,0.7263914346694946,0
977,1737,0.507591187953949,0
977,2000,0.9087395668029785,0
977,1353,0.791711151599884,0
977,680,1.2946823835372925,0
977,271,1.3092846870422363,0
977,142,0.5381792783737183,0
977,1809,0.9274235367774963,0
977,1405,1.2635786533355713,0
977,1194,0.6956655979156494,0
977,1062,0.6654320955276489,0
977,1663,1.1729682683944702,0
977,977,0.8505678772926331,0
977,398,1.0341764688491821,0
977,456,0.7749626636505127,0
2895,1309,0.43071264028549194,1
2895,177,0.5543528199195862,0
2895,1062,0.5278394222259521,0
2895,1197,0.5734497904777527,0
2895,826,0.5257307291030884,0
2895,2008,0.7229189872741699,0
2895,651,0.7144483327865601,0
2895,1298,0.47385016083717346,0
2895,390,0.4037353992462158,0
2895,984,0.5515164136886597,0
2895,12,0.7407069206237793,0
2895,1208,0.4205513298511505,0
2895,501,0.6290810108184814,0
2895,1701,0.3860372304916382,0
2895,1064,0.5708152055740356,0
2895,961,0.5529497265815735,0
2895,565,0.7310456037521362,0
2895,628,0.9138001203536987,0
2895,553,0.566946804523468,0
2895,1506,0.42142409086227417,0
2218,629,0.4159572422504425,1
2218,1353,0.693137526512146,0
2218,1201,0.7441654801368713,0
2218,1895,0.706104576587677,0
2218,724,0.779329776763916,0
2218,570,0.6432868838310242,0
2218,1635,0.43154358863830566,0
2218,354,0.4976944327354431,0
2218,363,0.499151349067688,0
2218,733,0.7663183212280273,0
2218,1322,0.7494722008705139,0
2218,267,0.47575902938842773,0
2218,1342,0.5571330785751343,0
2218,1570,0.489801287651062,0
2218,1422,0.49485811591148376,0
2218,1517,0.7048481702804565,0
2218,22,0.5105496644973755,0
2218,197,0.6602038145065308,0
2218,892,0.5435529947280884,0
2218,959,0.8138705492019653,0
2734,348,0.5871954560279846,1
2734,1685,0.5265545845031738,0
2734,456,0.7889969944953918,0
2734,1320,0.7434237003326416,0
2734,1523,0.6404609084129333,0
2734,890,0.6561302542686462,0
2734,1950,0.8225991725921631,0
2734,2,0.537243127822876,0
2734,1473,2.380951166152954,0
2734,879,0.7823648452758789,0
2734,558,0.5081279277801514,0
2734,1316,0.6232393980026245,0
2734,1849,0.727028489112854,0
2734,17,0.7003768682479858,0
2734,349,0.8503242135047913,0
2734,557,0.5160704851150513,0
2734,533,1.169305682182312,0
2734,1491,0.8065271377563477,0
2734,577,0.5893750786781311,0
2734,1838,0.6890057325363159,0
1626,312,0.5669150352478027,1
1626,1452,0.4818565845489502,0
1626,354,0.5087401270866394,0
1626,1869,0.6565252542495728,0
1626,519,0.6390023231506348,0
1626,471,0.5031185150146484,0
1626,2079,0.5558418035507202,0
1626,458,0.5954830646514893,0
1626,763,0.6848793029785156,0
1626,1872,0.5561358332633972,0
1626,1034,0.7757435441017151,0
1626,1896,0.6068251132965088,0
1626,1840,0.47593528032302856,0
1626,1640,0.7325769066810608,0
1626,1429,0.49049246311187744,0
1626,1098,0.5998761653900146,0
1626,1732,0.8353834748268127,0
1626,68,0.6415371298789978,0
1626,365,0.5865978002548218,0
1626,1390,0.7041307687759399,0
616,1578,1.380453109741211,1
616,604,0.5015465021133423,0
616,926,0.6479465961456299,0
616,1071,0.6397262215614319,0
616,1083,0.6065489053726196,0
616,441,0.5633419752120972,0
616,1678,0.6329188942909241,0
616,678,0.7107033729553223,0
616,54,0.6388691663742065,0
616,1495,0.6683316826820374,0
616,1758,0.46991920471191406,0
616,776,0.45224037766456604,0
616,1862,0.6910136938095093,0
616,1842,0.7688060402870178,0
616,806,0.5774354934692383,0
616,836,1.0073466300964355,0
616,1499,0.6957772970199585,0
616,17,0.6591280698776245,0
616,397,0.6056761145591736,0
616,175,0.5605280995368958,0
4057,1241,0.5549736022949219,1
4057,514,0.5653815269470215,0
4057,870,0.6013410687446594,0
4057,918,0.7955362200737,0
4057,1706,0.5923415422439575,0
4057,404,0.6546570658683777,0
4057,267,0.5262179374694824,0
4057,2033,0.6572830080986023,0
4057,743,0.8155617713928223,0
4057,1581,0.6551380157470703,0
4057,526,0.7212831974029541,0
4057,1041,0.8402234315872192,0
4057,677,0.5687215924263,0
4057,601,0.5616629123687744,0
4057,212,0.8854965567588806,0
4057,781,0.6878361105918884,0
4057,55,0.8808180093765259,0
4057,160,0.6594641804695129,0
4057,1113,0.649507462978363,0
4057,2050,0.8110007643699646,0
3776,597,0.6072351932525635,1
3776,312,0.6189264059066772,0
3776,1849,0.6940345764160156,0
3776,433,0.9406253099441528,0
3776,921,1.0859273672103882,0
3776,73,0.6408154964447021,0
3776,842,0.5872982144355774,0
3776,158,0.7792585492134094,0
3776,674,0.5759872198104858,0
3776,525,0.6110732555389404,0
3776,1821,0.8553270101547241,0
3776,827,0.6403073668479919,0
3776,230,0.6620454788208008,0
3776,103,1.265174388885498,0
3776,41,0.8413056135177612,0
3776,86,0.8955327272415161,0
3776,1493,0.8207675814628601,0
3776,1886,0.6455892324447632,0
3776,397,0.649568498134613,0
3776,1998,0.6246329545974731,0
1803,1793,0.4747633934020996,1
1803,1575,0.6203869581222534,0
1803,751,0.5323557257652283,0
1803,1341,0.8062549829483032,0
1803,887,0.5578421950340271,0
1803,451,0.7821251153945923,0
1803,1365,0.8397942781448364,0
1803,327,0.49778467416763306,0
1803,458,0.6015053987503052,0
1803,576,0.6233190298080444,0
1803,2005,0.5783373713493347,0
1803,55,0.8835986852645874,0
1803,1263,0.5707668662071228,0
1803,1876,1.9501266479492188,0
1803,636,0.7016189098358154,0
1803,1339,0.7312819957733154,0
1803,227,0.46455469727516174,0
1803,983,1.0053634643554688,0
1803,45,0.48007848858833313,0
1803,246,0.6090874075889587,0
74,1720,0.7839760184288025,1
74,1307,0.785111129283905,0
74,1369,0.7479798793792725,0
74,1064,0.7187308669090271,0
74,1974,0.6560790538787842,0
74,430,0.7203081250190735,0
74,1633,0.7274167537689209,0
74,1225,0.5051853656768799,0
74,717,0.9067392349243164,0
74,129,0.6884063482284546,0
74,584,0.7139960527420044,0
74,1887,0.7287598252296448,0
74,728,0.6203610301017761,0
74,1073,0.6180242300033569,0
74,1953,0.9507512450218201,0
74,300,0.5561555027961731,0
74,692,0.7742214202880859,0
74,1922,0.6573455929756165,0
74,198,0.6906564235687256,0
74,1982,0.66605544090271,0
2399,207,0.5667258501052856,1
2399,139,1.0870673656463623,0
2399,454,0.5856314301490784,0
2399,861,0.9949638247489929,0
2399,954,0.7358663082122803,0
2399,417,0.989892303943634,0
2399,162,0.5259132981300354,0
2399,602,0.6947943568229675,0
2399,1996,0.6267855167388916,0
2399,1430,0.6107012033462524,0
2399,1756,0.5168663263320923,0
2399,656,0.45342573523521423,0
2399,1604,0.4544103145599365,0
2399,84,0.6534838080406189,0
2399,415,0.5641345381736755,0
2399,337,0.8154976963996887,0
2399,544,0.6208194494247437,0
2399,1669,0.9459986090660095,0
2399,1121,0.7523956298828125,0
2399,1141,0.5981789231300354,0
2403,1128,0.42519718408584595,1
2403,711,0.5961124897003174,0
2403,1848,0.6286656856536865,0
2403,1120,0.6825557351112366,0
2403,1236,0.6369043588638306,0
2403,1583,0.5054479241371155,0
2403,461,0.6346334218978882,0
2403,1850,0.6186037063598633,0
2403,1555,0.506026029586792,0
2403,2009,0.5093722343444824,0
2403,884,0.48803192377090454,0
2403,203,0.4710833430290222,0
2403,1077,0.6180649399757385,0
2403,1254,0.5008312463760376,0
2403,118,0.5159637331962585,0
2403,537,0.5633150935173035,0
2403,1080,0.46946460008621216,0
2403,1893,0.566018283367157,0
2403,978,0.7471840381622314,0
2403,1363,0.4777529835700989,0
1520,733,0.8712142705917358,1
1520,731,0.7439265251159668,0
1520,1513,1.022159457206726,0
1520,767,0.5661212205886841,0
1520,196,0.5878718495368958,0
1520,2019,0.6449500918388367,0
1520,1287,0.7158108949661255,0
1520,1194,0.6727335453033447,0
1520,1705,1.1152184009552002,0
1520,1547,1.169848084449768,0
1520,700,1.4485268592834473,0
1520,984,0.7020978927612305,0
1520,1257,1.3230249881744385,0
1520,456,0.7528666257858276,0
1520,532,0.7053430676460266,0
1520,1238,0.7036018371582031,0
1520,1875,0.5277426838874817,0
1520,1493,0.8580466508865356,0
1520,1145,0.6271467208862305,0
1520,416,0.7397708892822266,0
1593,1302,0.782278835773468,1
1593,1869,0.6053068041801453,0
1593,1365,0.7662439942359924,0
1593,562,0.5806204080581665,0
1593,485,0.6456407308578491,0
1593,678,0.6461871266365051,0
1593,1629,0.4348074793815613,0
1593,835,0.5515105128288269,0
1593,477,0.5835328698158264,0
1593,1674,0.43584346771240234,0
1593,1191,0.41509300470352173,0
1593,1195,0.49781692028045654,0
1593,395,0.7578201293945312,0
1593,1795,0.8373745679855347,0
1593,902,0.44160667061805725,0
1593,1127,0.4447553753852844,0
1593,2028,0.7310183644294739,0
1593,149,1.6338181495666504,0
1593,1976,0.6924911737442017,0
1593,2055,0.4286389648914337,0
3749,139,1.1757172346115112,1
3749,943,0.6788058876991272,0
3749,690,1.0738766193389893,0
3749,1512,0.7699916958808899,0
3749,1756,0.5799640417098999,0
3749,1408,0.7267113924026489,0
3749,1270,0.5789545774459839,0
3749,45,0.5173237919807434,0
3749,1857,0.6619341373443604,0
3749,1290,0.5449320077896118,0
3749,719,1.312786340713501,0
3749,1217,0.6672109365463257,0
3749,1224,1.184569239616394,0
3749,1092,0.9335691928863525,0
3749,1381,0.8541609048843384,0
3749,106,0.967646598815918,0
3749,2053,0.6274820566177368,0
3749,498,0.6775925159454346,0
3749,1028,0.717101514339447,0
3749,265,0.6487920880317688,0
1529,1434,1.0352308750152588,1
1529,1693,1.0642379522323608,0
1529,2056,0.47763800621032715,0
1529,1946,1.0281062126159668,0
1529,856,0.6836203932762146,0
1529,888,0.8767518997192383,0
1529,1493,0.8570753335952759,0
1529,2029,0.6716352105140686,0
1529,1199,0.5730420351028442,0
1529,2040,0.8104097843170166,0
1529,1335,0.6993317604064941,0
1529,1928,0.8906878232955933,0
1529,1981,0.8127363920211792,0
1529,1769,0.42765429615974426,0
1529,2042,0.46925246715545654,0
1529,1436,0.6545773148536682,0
1529,134,0.7000592350959778,0
1529,1403,0.7322975397109985,0
1529,1023,0.9431689977645874,0
1529,233,0.5864912867546082,0
2233,1875,0.555963397026062,1
2233,868,0.7078744769096375,0
2233,1016,0.6394345164299011,0
2233,1548,1.052220106124878,0
2233,1060,0.8442205190658569,0
2233,1160,1.424936056137085,0
2233,1936,1.3161969184875488,0
2233,253,0.7035875916481018,0
2233,1683,0.7701389193534851,0
2233,0,0.7672305703163147,0
2233,70,0.6229175925254822,0
2233,605,0.7301945090293884,0
2233,1685,0.533571720123291,0
2233,1867,1.1709932088851929,0
2233,813,0.6641969084739685,0
2233,647,0.8096773624420166,0
2233,1556,0.677117109298706,0
2233,1028,0.7349578738212585,0
2233,600,1.4247570037841797,0
2233,648,0.8709741234779358,0
1595,1493,0.798362135887146,1
1595,572,1.2219905853271484,0
1595,2027,0.7621496319770813,0
1595,573,0.6948054432868958,0
1595,1560,0.5079180002212524,0
1595,2042,0.4691566824913025,0
1595,729,0.4696204364299774,0
1595,1668,0.6192883253097534,0
1595,1203,0.7595005035400391,0
1595,884,0.6153926849365234,0
1595,623,0.6064726710319519,0
1595,1823,0.858144223690033,0
1595,590,1.43149733543396,0
1595,656,0.49612492322921753,0
1595,1036,0.6400187611579895,0
1595,668,0.41964903473854065,0
1595,296,0.5441948175430298,0
1595,1677,0.4822426438331604,0
1595,790,0.8475557565689087,0
1595,1918,0.8699964880943298,0
451,491,0.45637989044189453,1
451,1503,0.46476656198501587,0
451,1682,0.6319398880004883,0
451,870,0.5441871881484985,0
451,1074,0.6870239973068237,0
451,1309,0.4976671040058136,0
451,23,0.5819587111473083,0
451,570,0.7158819437026978,0
451,79,0.9705876111984253,0
451,1645,0.6824343204498291,0
451,159,1.261644959449768,0
451,833,0.6750901937484741,0
451,914,1.2725437879562378,0
451,1321,0.6590061187744141,0
451,1917,1.3980283737182617,0
451,492,0.528099000453949,0
451,751,0.5345489978790283,0
451,586,0.8923560976982117,0
451,590,1.8206353187561035,0
451,1947,0.7025783658027649,0
3435,1759,0.6769677996635437,1
3435,19,0.5163429975509644,0
3435,543,0.4683930277824402,0
3435,1102,0.6356810927391052,0
3435,1073,0.5352823734283447,0
3435,756,0.8154823184013367,0
3435,1392,0.9650700092315674,0
3435,1485,0.5534535646438599,0
3435,453,0.6258338093757629,0
3435,123,1.0394501686096191,0
3435,1554,0.5483822822570801,0
3435,461,0.822527289390564,0
3435,1685,0.5229204893112183,0
3435,1735,0.6788812875747681,0
3435,700,1.1883018016815186,0
3435,358,0.5713715553283691,0
3435,201,0.5673949718475342,0
3435,1393,1.1035311222076416,0
3435,1718,0.7054218649864197,0
3435,1937,0.6959733963012695,0
1604,1362,0.6483249068260193,1
1604,1201,0.7947237491607666,0
1604,1744,0.8024052381515503,0
1604,701,0.5340158939361572,0
1604,1454,0.4872514605522156,0
1604,144,0.6086429357528687,0
1604,875,0.6089125871658325,0
1604,134,0.6717168092727661,0
1604,324,0.5450240969657898,0
1604,235,1.1523162126541138,0
1604,1271,0.6574847102165222,0
1604,422,0.6256164312362671,0
1604,434,0.6009561419487,0
1604,609,0.4279242753982544,0
1604,1049,0.6140049695968628,0
1604,1036,0.641609251499176,0
1604,300,0.5052537322044373,0
1604,1353,0.7105481028556824,0
1604,1660,0.6409366726875305,0
1604,1200,0.6207740902900696,0
315,1278,2.3334426879882812,1
315,1144,0.5741655826568604,0
315,2053,0.5771900415420532,0
315,1692,0.5074057579040527,0
315,1222,0.44859886169433594,0
315,477,0.6429852247238159,0
315,2024,0.6261370778083801,0
315,124,0.3964422345161438,0
315,166,0.424533873796463,0
315,521,0.3910233676433563,0
315,260,0.473047137260437,0
315,1578,1.6440176963806152,0
315,1527,0.4231116771697998,0
315,413,0.5952856540679932,0
315,1809,0.8535715341567993,0
315,740,0.4717577397823334,0
315,458,0.6058140397071838,0
315,1687,0.6411798000335693,0
315,1554,0.58144211769104,0
315,1985,0.8300046920776367,0
2115,411,0.474046915769577,1
2115,588,0.5696749687194824,0
2115,734,0.6435564160346985,0
2115,68,0.6324597001075745,0
2115,1392,0.9326208829879761,0
2115,116,0.4821631610393524,0
2115,178,0.5095722675323486,0
2115,2021,0.6405351161956787,0
2115,659,0.7926208972930908,0
2115,1970,0.643974781036377,0
2115,942,0.7653669118881226,0
2115,120,0.8473977446556091,0
2115,875,0.5960177183151245,0
2115,1112,0.6686429977416992,0
2115,928,0.6469703316688538,0
2115,2045,0.6486912965774536,0
2115,1519,1.525036334991455,0
2115,1887,0.6369084715843201,0
2115,1019,0.8471996188163757,0
2115,1429,0.4925970137119293,0
790,1013,0.7346593141555786,1
790,786,0.5624414682388306,0
790,186,0.8608266115188599,0
790,59,0.7234362959861755,0
790,1346,0.5601305961608887,0
790,1,0.6100344657897949,0
790,221,0.7038490176200867,0
790,1483,0.591182291507721,0
790,1625,0.5306656360626221,0
790,11,0.48987144231796265,0
790,637,1.0897257328033447,0
790,1211,0.6856235861778259,0
790,1536,1.1008782386779785,0
790,473,0.628027617931366,0
790,261,0.683501124382019,0
790,1182,0.8195706605911255,0
790,457,0.5882455706596375,0
790,1168,0.8362001776695251,0
790,1573,0.72818922996521,0
790,1455,0.6078546047210693,0
2697,476,0.573230504989624,1
2697,1433,0.9307940006256104,0
2697,259,0.5304356813430786,0
2697,553,0.6964740753173828,0
2697,1015,0.6930456161499023,0
2697,44,0.7302614450454712,0
2697,1354,0.7289236187934875,0
2697,1186,0.5968721508979797,0
2697,221,0.7780585885047913,0
2697,1479,0.6836175918579102,0
2697,543,0.49761587381362915,0
2697,51,0.44722431898117065,0
2697,1056,0.5757555365562439,0
2697,889,0.6921679973602295,0
2697,262,0.9556145071983337,0
2697,331,0.4983249604701996,0
2697,1727,0.6905446648597717,0
2697,894,0.6851741671562195,0
2697,1154,0.5293800234794617,0
2697,1277,0.8127412796020508,0
2871,1900,0.5618403553962708,1
2871,1695,0.45576709508895874,0
2871,1387,0.5086231827735901,0
2871,1894,0.6732326745986938,0
2871,12,0.8360020518302917,0
2871,1090,0.6137428283691406,0
2871,310,0.6759984493255615,0
2871,1225,0.4464613199234009,0
2871,431,0.7537671327590942,0
2871,470,0.59007328748703,0
2871,318,0.59196937084198,0
2871,1011,0.9193569421768188,0
2871,241,0.5292432904243469,0
2871,1213,0.4717681407928467,0
2871,197,0.6438137292861938,0
2871,277,0.6178363561630249,0
2871,1596,0.6550659537315369,0
2871,63,0.6004772186279297,0
2871,1323,1.5003166198730469,0
2871,1608,0.756043553352356,0
2334,1656,0.3909456729888916,1
2334,464,0.5962570309638977,0
2334,377,0.8083473443984985,0
2334,16,0.376262903213501,0
2334,1583,0.5880746841430664,0
2334,48,0.5622769594192505,0
2334,1082,0.9561339616775513,0
2334,1436,0.5654796957969666,0
2334,1448,0.47713717818260193,0
2334,350,0.6106655597686768,0
2334,1086,0.5366510152816772,0
2334,61,0.5605897903442383,0
2334,1005,0.61038738489151,0
2334,1386,0.6629652976989746,0
2334,1304,0.5341544151306152,0
2334,828,0.5534019470214844,0
2334,94,0.6882030963897705,0
2334,1466,0.6118450164794922,0
2334,1107,0.9825299382209778,0
2334,900,0.6516233086585999,0
2752,1357,0.48922979831695557,1
2752,877,0.5796132683753967,0
2752,1162,0.5167996883392334,0
2752,1098,0.5672838687896729,0
2752,1627,0.6438515186309814,0
2752,1759,0.6144628524780273,0
2752,49,1.1935083866119385,0
2752,856,0.6489729285240173,0
2752,16,0.40055418014526367,0
2752,952,0.6400604844093323,0
2752,785,0.7428674697875977,0
2752,707,0.45136189460754395,0
2752,422,0.621075451374054,0
2752,949,0.5388617515563965,0
2752,1896,0.5960949659347534,0
2752,449,0.778244137763977,0
2752,1751,0.46947652101516724,0
2752,85,0.5263017416000366,0
2752,1326,0.6427168846130371,0
2752,1990,0.7703498005867004,0
1027,1173,0.8527508974075317,1
1027,1283,0.5819077491760254,0
1027,2035,0.6968753337860107,0
1027,1651,0.5848392248153687,0
1027,220,0.6387768983840942,0
1027,811,0.641937255859375,0
1027,1067,0.8366402387619019,0
1027,1041,0.8298307061195374,0
1027,1942,1.166945457458496,0
1027,2023,0.631784975528717,0
1027,828,0.5933412909507751,0
1027,777,0.6559658050537109,0
1027,742,0.5606468915939331,0
1027,103,1.2192926406860352,0
1027,720,0.7727135419845581,0
1027,1032,0.5407646298408508,0
1027,1436,0.6200949549674988,0
1027,944,0.6777783632278442,0
1027,1725,0.8436059951782227,0
1027,24,0.622848391532898,0
224,2043,0.5700744390487671,1
224,1749,0.7003569602966309,0
224,1846,1.2371971607208252,0
224,1335,0.8056843876838684,0
224,489,0.6642599105834961,0
224,201,0.661079466342926,0
224,2078,0.7761736512184143,0
224,1309,0.5823174715042114,0
224,1255,1.1901081800460815,0
224,226,0.5696315169334412,0
224,203,0.6858081221580505,0
224,415,0.6983491778373718,0
224,1987,0.7725252509117126,0
224,15,0.7322484850883484,0
224,434,0.7061490416526794,0
224,964,0.6319597363471985,0
224,2024,0.7523775696754456,0
224,200,0.755562961101532,0
224,2016,0.673444390296936,0
224,521,0.5112131834030151,0
1429,965,1.1805949211120605,1
1429,1133,0.5588303804397583,0
1429,41,0.7162244319915771,0
1429,1360,0.6132316589355469,0
1429,1191,0.40165644884109497,0
1429,1994,0.5910550355911255,0
1429,119,0.40720152854919434,0
1429,1417,0.45988553762435913,0
1429,874,0.5730436444282532,0
1429,938,0.6835627555847168,0
1429,580,0.5873114466667175,0
1429,182,0.8534746766090393,0
1429,198,0.5745505690574646,0
1429,65,0.6065479516983032,0
1429,1110,0.6652029752731323,0
1429,455,1.003339409828186,0
1429,1491,0.6408125162124634,0
1429,508,1.1040287017822266,0
1429,28,0.4478437304496765,0
1429,1099,0.6822165250778198,0
3759,857,0.551674485206604,1
3759,621,0.8721835017204285,0
3759,1000,0.7573769092559814,0
3759,2049,0.6139291524887085,0
3759,1831,0.6854544281959534,0
3759,75,0.4498955011367798,0
3759,503,0.5520754456520081,0
3759,237,0.9779969453811646,0
3759,1541,0.650061845779419,0
3759,2004,0.6960549354553223,0
3759,1295,0.7273580431938171,0
3759,1291,0.6442617774009705,0
3759,406,0.7169880867004395,0
3759,2059,0.42716556787490845,0
3759,1433,0.8401648998260498,0
3759,1476,0.7408020496368408,0
3759,945,0.5003282427787781,0
3759,1306,0.6734486818313599,0
3759,2027,0.727935791015625,0
3759,367,0.581146776676178,0
2461,473,0.5891668796539307,1
2461,436,1.5965237617492676,0
2461,853,0.541929304599762,0
2461,154,0.5357930064201355,0
2461,1249,0.5088357925415039,0
2461,504,0.6859499216079712,0
2461,1902,0.4066387712955475,0
2461,1431,0.5805651545524597,0
2461,398,0.853671669960022,0
2461,141,0.5134690999984741,0
2461,863,0.8885180950164795,0
2461,982,0.47606804966926575,0
2461,1064,0.613642156124115,0
2461,779,0.5387150645256042,0
2461,81,0.6251739263534546,0
2461,457,0.5545021891593933,0
2461,1485,0.4919199049472809,0
2461,755,0.7886516451835632,0
2461,784,0.6537895798683167,0
2461,791,0.5719805359840393,0
2798,1075,0.38580942153930664,1
2798,1238,0.6226447820663452,0
2798,1743,0.6301881074905396,0
2798,521,0.4050353765487671,0
2798,572,1.1668546199798584,0
2798,56,0.7288818359375,0
2798,1817,0.45743250846862793,0
2798,1244,0.6005380749702454,0
2798,1787,0.9258745908737183,0
2798,1742,0.5849880576133728,0
2798,492,0.4849025011062622,0
2798,1877,2.6269757747650146,0
2798,628,1.0254919528961182,0
2798,1886,0.5623291730880737,0
2798,807,0.6065893173217773,0
2798,893,0.4652048945426941,0
2798,785,0.7165559530258179,0
2798,1123,0.8975423574447632,0
2798,95,0.5330784320831299,0
2798,1695,0.460252046585083,0
3258,1780,0.5980890989303589,1
3258,985,0.8250645995140076,0
3258,1995,1.0510108470916748,0
3258,613,0.8985415697097778,0
3258,807,0.6288454532623291,0
3258,1206,0.48758745193481445,0
3258,1050,0.8207470178604126,0
3258,911,0.5651686191558838,0
3258,320,0.6176789402961731,0
3258,481,0.5648847222328186,0
3258,706,0.5779560804367065,0
3258,1820,0.5684322118759155,0
3258,1289,0.5527612566947937,0
3258,1356,0.660597562789917,0
3258,579,0.8096358180046082,0
3258,352,0.6489576101303101,0
3258,1809,0.7986443042755127,0
3258,1378,0.6950625777244568,0
3258,1837,0.5546810626983643,0
3258,461,0.7715169191360474,0
4036,371,0.5336228609085083,1
4036,1169,0.7804545164108276,0
4036,378,0.4477570652961731,0
4036,1965,0.8417847156524658,0
4036,1957,0.6874575614929199,0
4036,1828,0.9038698673248291,0
4036,1060,0.7356917858123779,0
4036,719,1.164229393005371,0
4036,752,0.5864179730415344,0
4036,804,0.5870178937911987,0
4036,666,0.6801835298538208,0
4036,1916,0.5344141721725464,0
4036,1351,0.7614213228225708,0
4036,2026,0.7577008008956909,0
4036,619,0.7156888246536255,0
4036,880,0.7643490433692932,0
4036,1961,0.6765028834342957,0
4036,106,0.8679506778717041,0
4036,35,0.5786975026130676,0
4036,1501,0.6418323516845703,0
543,965,1.1770732402801514,1
543,1914,0.7903549671173096,0
543,1072,0.6158847808837891,0
543,1692,0.5078194737434387,0
543,1643,1.256047010421753,0
543,435,0.6240060925483704,0
543,211,0.611397922039032,0
543,787,0.6378798484802246,0
543,1687,0.6460552215576172,0
543,1642,0.9560849070549011,0
543,1937,0.6851617097854614,0
543,1381,0.790956974029541,0
543,1211,0.6605954170227051,0
543,1550,0.6222270131111145,0
543,1631,0.7037563323974609,0
543,1946,0.9005053639411926,0
543,336,0.5109559893608093,0
543,1018,0.4880445599555969,0
543,868,0.6368048787117004,0
543,1694,1.1102099418640137,0
2012,1461,0.5316916108131409,1
2012,1367,0.485710471868515,0
2012,623,0.553164005279541,0
2012,1723,1.232704997062683,0
2012,1035,0.7481269240379333,0
2012,1299,0.5306476354598999,0
2012,569,0.6095542907714844,0
2012,170,0.60155189037323,0
2012,76,0.48133403062820435,0
2012,2026,0.7063049674034119,0
2012,563,0.5003299713134766,0
2012,506,0.6426855325698853,0
2012,139,1.0303369760513306,0
2012,595,0.9883056879043579,0
2012,389,0.6166790127754211,0
2012,924,0.7610540390014648,0
2012,952,0.6137886643409729,0
2012,1586,0.6478970050811768,0
2012,1733,0.7162784337997437,0
2012,1101,0.5417088866233826,0
210,58,0.6925961375236511,1
210,1101,0.5679926872253418,0
210,1781,0.5507681965827942,0
210,1910,0.5271438360214233,0
210,1117,0.5718647837638855,0
210,96,0.5966544151306152,0
210,1633,0.6402976512908936,0
210,731,0.6815582513809204,0
210,693,0.5656446218490601,0
210,1402,0.7218133211135864,0
210,1121,0.7413452863693237,0
210,1877,2.272634983062744,0
210,1213,0.5173858404159546,0
210,1898,0.6419148445129395,0
210,1145,0.5603934526443481,0
210,1735,0.6253281235694885,0
210,925,0.5460542440414429,0
210,974,0.654071033000946,0
210,663,0.5631946921348572,0
210,440,0.614517331123352,0
1680,1877,2.8897347450256348,1
1680,1632,1.7076096534729004,0
1680,1000,0.8835479617118835,0
1680,693,0.6383232474327087,0
1680,488,0.6821038126945496,0
1680,1281,0.5659136772155762,0
1680,1418,0.7016973495483398,0
1680,926,0.7274919748306274,0
1680,1947,0.7212316393852234,0
1680,239,0.5320925116539001,0
1680,1092,0.9503136277198792,0
1680,984,0.7088500261306763,0
1680,1557,0.7321539521217346,0
1680,1540,0.5472509860992432,0
1680,1225,0.5110843181610107,0
1680,208,1.0272423028945923,0
1680,268,0.7152710556983948,0
1680,189,0.6152387261390686,0
1680,1465,0.6646701693534851,0
1680,475,1.0466198921203613,0
3184,1635,0.46162548661231995,1
3184,1670,0.7081577777862549,0
3184,1999,1.0593055486679077,0
3184,1806,2.1836960315704346,0
3184,178,0.5539355278015137,0
3184,140,0.7476452589035034,0
3184,1611,0.6266044974327087,0
3184,632,0.6157894134521484,0
3184,1723,1.570920705795288,0
3184,1003,0.5447052717208862,0
3184,1148,0.6665708422660828,0
3184,1949,0.8214685916900635,0
3184,993,0.9806301593780518,0
3184,334,0.760284423828125,0
3184,1285,0.5309949517250061,0
3184,1056,0.5987190008163452,0
3184,731,0.8050063252449036,0
3184,412,0.618489146232605,0
3184,1772,0.6904361248016357,0
3184,156,0.7581424713134766,0
2430,407,1.0935125350952148,1
2430,1318,0.5631057620048523,0
2430,356,0.5118976831436157,0
2430,161,0.5708346366882324,0
2430,199,0.7992242574691772,0
2430,731,0.720687985420227,0
2430,1932,1.7858123779296875,0
2430,1827,0.5317987203598022,0
2430,1778,0.6595763564109802,0
2430,1176,0.5605646371841431,0
2430,1451,0.7387505769729614,0
2430,1735,0.6569768786430359,0
2430,860,0.6523850560188293,0
2430,1175,0.7169812321662903,0
2430,1723,1.2350499629974365,0
2430,1806,1.7309913635253906,0
2430,1760,0.8727942705154419,0
2430,292,0.5465871691703796,0
2430,406,0.7472072839736938,0
2430,1645,0.6509717702865601,0
1938,1865,0.6774662137031555,1
1938,2067,0.6809353232383728,0
1938,1996,0.628790557384491,0
1938,718,0.6253721117973328,0
1938,1407,0.689338207244873,0
1938,753,0.5897364616394043,0
1938,1601,0.7338509559631348,0
1938,536,0.5971100926399231,0
1938,62,0.5171334743499756,0
1938,69,0.47200584411621094,0
1938,1002,0.8948124647140503,0
1938,1708,0.703874409198761,0
1938,1726,0.5546587109565735,0
1938,1616,0.6395626068115234,0
1938,502,0.5768303871154785,0
1938,146,0.8426805734634399,0
1938,424,0.7292916774749756,0
1938,1530,0.5742733478546143,0
1938,1593,0.5768221616744995,0
1938,1501,0.6288464665412903,0
365,195,0.5737403631210327,1
365,132,0.6095389723777771,0
365,893,0.5017367601394653,0
365,1264,0.5764077305793762,0
365,509,0.513196587562561,0
365,53,0.4665834903717041,0
365,1638,0.6611813306808472,0
365,1107,0.9966978430747986,0
365,1435,0.6767838001251221,0
365,2030,0.8175452947616577,0
365,730,0.5366582870483398,0
365,948,0.9448145031929016,0
365,1972,0.8662132024765015,0
365,665,0.4965009093284607,0
365,1271,0.6394680738449097,0
365,2004,0.7070741653442383,0
365,453,0.5988405346870422,0
365,147,0.5377955436706543,0
365,628,1.0006895065307617,0
365,1641,0.8639920949935913,0
2801,1047,0.5376654863357544,1
2801,573,0.6697103977203369,0
2801,230,0.636001467704773,0
2801,898,0.5879024267196655,0
2801,1086,0.5872356295585632,0
2801,1144,0.6003362536430359,0
2801,1683,0.7091727256774902,0
2801,1780,0.6277000308036804,0
2801,728,0.5801416635513306,0
2801,1407,0.6916158199310303,0
2801,1961,0.7015459537506104,0
2801,1385,0.7854115962982178,0
2801,451,0.7921656370162964,0
2801,241,0.5689443349838257,0
2801,341,0.4587171971797943,0
2801,410,0.7995637655258179,0
2801,685,0.6920419931411743,0
2801,789,1.1776444911956787,0
2801,636,0.7044965028762817,0
2801,808,0.7966985106468201,0
3438,770,0.5432395935058594,1
3438,85,0.5935076475143433,0
3438,132,0.6883702278137207,0
3438,184,0.7166100144386292,0
3438,270,0.4807063937187195,0
3438,100,0.6409772634506226,0
3438,651,0.9005849361419678,0
3438,620,0.5206780433654785,0
3438,2033,0.6931321024894714,0
3438,590,1.3884165287017822,0
3438,521,0.5081189870834351,0
3438,1640,0.8280649781227112,0
3438,1675,0.7859905958175659,0
3438,1621,0.5748952031135559,0
3438,1098,0.661300539970398,0
3438,769,0.6521335244178772,0
3438,265,0.6505072712898254,0
3438,2041,0.7513207197189331,0
3438,1541,0.7347893714904785,0
3438,1233,0.6473524570465088,0
3770,776,0.38526904582977295,1
3770,789,1.0059785842895508,0
3770,1799,0.64183109998703,0
3770,1357,0.44051864743232727,0
3770,1406,0.3842219114303589,0
3770,245,0.5653414726257324,0
3770,422,0.543035626411438,0
3770,979,0.4679212272167206,0
3770,998,0.5553937554359436,0
3770,650,0.5644569993019104,0
3770,1502,0.4198131263256073,0
3770,806,0.48420315980911255,0
3770,586,0.6438242197036743,0
3770,2053,0.5189833641052246,0
3770,1663,0.8572851419448853,0
3770,1865,0.5870031118392944,0
3770,1552,0.4798913598060608,0
3770,1379,0.7795978784561157,0
3770,265,0.5264959335327148,0
3770,135,0.5171797275543213,0
2711,1846,1.0169014930725098,1
2711,117,0.9271272420883179,0
2711,360,0.6866796612739563,0
2711,55,0.9229310750961304,0
2711,1240,0.7094089984893799,0
2711,1608,0.8152518272399902,0
2711,1510,0.5942781567573547,0
2711,457,0.5919990539550781,0
2711,743,0.8506516814231873,0
2711,1289,0.599612295627594,0
2711,1364,0.8190800547599792,0
2711,1722,0.5713843703269958,0
2711,1459,0.7110707759857178,0
2711,907,0.7056781053543091,0
2711,175,0.581923246383667,0
2711,199,0.8396745920181274,0
2711,2018,0.5081387758255005,0
2711,597,0.5705164670944214,0
2711,153,0.997305691242218,0
2711,1618,0.7469422817230225,0
2602,1631,0.639966607093811,1
2602,1008,0.5692198872566223,0
2602,749,0.6418488025665283,0
2602,1233,0.5124623775482178,0
2602,2004,0.6490494012832642,0
2602,276,0.5349658727645874,0
2602,1744,0.7263743281364441,0
2602,808,0.7011166214942932,0
2602,1856,0.5703890919685364,0
2602,866,0.5763159990310669,0
2602,456,0.6502090692520142,0
2602,760,1.09834885597229,0
2602,1433,0.7548056244850159,0
2602,719,1.0712714195251465,0
2602,1211,0.6191536784172058,0
2602,1007,0.5665701627731323,0
2602,1690,0.5784132480621338,0
2602,1331,0.4536401629447937,0
2602,393,0.6308196783065796,0
2602,496,0.5244280099868774,0
931,1578,1.5445215702056885,1
931,1362,0.6107144951820374,0
931,566,0.3968547582626343,0
931,1957,0.6423458456993103,0
931,373,0.7362260818481445,0
931,1092,0.892641007900238,0
931,1297,0.5768864154815674,0
931,520,0.5115597248077393,0
931,638,0.5753408670425415,0
931,1166,0.5722211003303528,0
931,848,0.6352020502090454,0
931,1984,0.647386908531189,0
931,1013,0.7462486028671265,0
931,1922,0.573261022567749,0
931,846,0.6054381728172302,0
931,418,0.6105411052703857,0
931,1693,0.9939316511154175,0
931,272,0.5851364731788635,0
931,1629,0.4352560341358185,0
931,1671,1.5491219758987427,0
1597,919,0.775715172290802,1
1597,994,0.46144944429397583,0
1597,0,0.5847060680389404,0
1597,259,0.42048072814941406,0
1597,699,1.1216175556182861,0
1597,247,0.3906809687614441,0
1597,905,0.44019603729248047,0
1597,698,0.5333219170570374,0
1597,2078,0.5515872836112976,0
1597,1174,0.4830997586250305,0
1597,976,0.7877084016799927,0
1597,189,0.4879465103149414,0
1597,847,0.6622909307479858,0
1597,1230,0.5093059539794922,0
1597,1836,0.6717814803123474,0
1597,1984,0.5897434949874878,0
1597,1732,0.7544489502906799,0
1597,1951,0.6487924456596375,0
1597,11,0.39907389879226685,0
1597,1457,0.6548212766647339,0
2741,795,0.7188119292259216,1
2741,4,0.673173189163208,0
2741,149,1.7832989692687988,0
2741,890,0.6627224683761597,0
2741,1165,0.6301994323730469,0
2741,1249,0.6564676761627197,0
2741,1850,0.9471509456634521,0
2741,1610,1.0473154783248901,0
2741,1409,0.5254479646682739,0
2741,286,0.7115521430969238,0
2741,1121,0.8283699154853821,0
2741,658,0.8509264588356018,0
2741,1001,0.6303243637084961,0
2741,1560,0.5726966261863708,0
2741,75,0.5071390867233276,0
2741,161,0.6069869995117188,0
2741,769,0.6477243900299072,0
2741,1520,0.7136791944503784,0
2741,1306,0.7598423957824707,0
2741,958,1.0567209720611572,0
2912,2018,0.48732832074165344,1
2912,1698,0.5598299503326416,0
2912,1733,0.7177676558494568,0
2912,878,0.46678435802459717,0
2912,439,1.1377174854278564,0
2912,1517,0.6822953820228577,0
2912,1941,0.544520378112793,0
2912,1300,0.5894337296485901,0
2912,585,0.5726438760757446,0
2912,1292,0.573581874370575,0
2912,1078,0.5549037456512451,0
2912,680,1.0196912288665771,0
2912,1455,0.5649520754814148,0
2912,454,0.558360755443573,0
2912,1675,0.6583950519561768,0
2912,1678,0.5754906535148621,0
2912,963,0.5311660170555115,0
2912,499,0.5577444434165955,0
2912,735,0.5486595630645752,0
2912,148,0.8031806945800781,0
2649,455,1.0962042808532715,1
2649,128,0.5477859973907471,0
2649,1999,0.9717758893966675,0
2649,1152,0.5066116452217102,0
2649,458,0.618609607219696,0
2649,348,0.5353466868400574,0
2649,1806,1.9007307291030884,0
2649,1194,0.6642905473709106,0
2649,1062,0.6481236219406128,0
2649,1586,0.6925063133239746,0
2649,1535,0.9561145305633545,0
2649,126,0.6297897100448608,0
2649,838,1.0321288108825684,0
2649,818,0.7241785526275635,0
2649,281,0.5557504892349243,0
2649,1189,0.6182154417037964,0
2649,1477,0.519977867603302,0
2649,1615,0.6938304901123047,0
2649,80,0.8932378888130188,0
2649,88,0.6135318279266357,0
3065,43,0.4364554286003113,1
3065,1554,0.4915682077407837,0
3065,725,0.4822235405445099,0
3065,1011,0.8207603693008423,0
3065,229,0.7778019905090332,0
3065,394,0.5925030708312988,0
3065,12,0.792489230632782,0
3065,49,0.9699541330337524,0
3065,684,0.512076735496521,0
3065,529,0.8818132877349854,0
3065,241,0.5242906808853149,0
3065,1225,0.4465048313140869,0
3065,950,0.5332099199295044,0
3065,899,0.5782763361930847,0
3065,1330,0.4140726923942566,0
3065,460,0.6079478859901428,0
3065,1250,0.7024831771850586,0
3065,415,0.5244918465614319,0
3065,201,0.5184245109558105,0
3065,1922,0.5474680662155151,0
225,1697,0.5952807664871216,1
225,1002,0.8884894847869873,0
225,312,0.5565057992935181,0
225,1362,0.6289438009262085,0
225,2067,0.637094259262085,0
225,1332,0.7299847602844238,0
225,319,0.7344720959663391,0
225,1252,0.450015127658844,0
225,343,0.5429220199584961,0
225,1705,0.9391666054725647,0
225,1107,1.0227383375167847,0
225,113,0.6236501932144165,0
225,1384,0.6430816054344177,0
225,1976,0.7604882717132568,0
225,307,0.7020716667175293,0
225,1424,0.6314656734466553,0
225,1993,0.4985617399215698,0
225,1208,0.4422471523284912,0
225,668,0.3717650771141052,0
225,1696,0.6018301248550415,0
2554,843,0.6205464601516724,1
2554,836,1.037356972694397,0
2554,961,0.7278568744659424,0
2554,827,0.6716870069503784,0
2554,305,0.642749011516571,0
2554,1487,0.7114415168762207,0
2554,413,0.6605991125106812,0
2554,835,0.6733620762825012,0
2554,1394,0.6668615937232971,0
2554,1879,0.7310305833816528,0
2554,1530,0.6407662630081177,0
2554,993,0.9465078115463257,0
2554,1895,0.8174580335617065,0
2554,161,0.620387077331543,0
2554,7,0.592523992061615,0
2554,976,0.9880357980728149,0
2554,612,0.6597732901573181,0
2554,862,0.7308687567710876,0
2554,284,0.8019034266471863,0
2554,237,1.0976611375808716,0
2394,1706,0.5699797868728638,1
2394,643,0.7422730326652527,0
2394,335,0.9827284812927246,0
2394,1174,0.5945634841918945,0
2394,570,0.7252599000930786,0
2394,681,0.7102518081665039,0
2394,1931,0.667908787727356,0
2394,7,0.5709234476089478,0
2394,181,0.7947624325752258,0
2394,1034,0.8465849161148071,0
2394,90,0.7234951257705688,0
2394,248,0.7852287888526917,0
2394,1751,0.5237360000610352,0
2394,1642,1.0518088340759277,0
2394,1840,0.49919018149375916,0
2394,519,0.726958155632019,0
2394,918,0.8350620269775391,0
2394,1777,1.0154287815093994,0
2394,151,1.3959320783615112,0
2394,667,0.726215124130249,0
1918,909,0.5498165488243103,1
1918,1772,0.6159173250198364,0
1918,636,0.6930558681488037,0
1918,313,0.505495548248291,0
1918,74,0.910680890083313,0
1918,1541,0.6359934210777283,0
1918,1174,0.5486180782318115,0
1918,785,0.748367190361023,0
1918,1259,0.7392337322235107,0
1918,79,0.879385769367218,0
1918,1916,0.5076067447662354,0
1918,1793,0.46016061305999756,0
1918,1739,0.8468518853187561,0
1918,1642,0.9504285454750061,0
1918,1874,0.5627562403678894,0
1918,1226,0.450966477394104,0
1918,1351,0.755199670791626,0
1918,23,0.5496255159378052,0
1918,252,0.5516189336776733,0
1918,1988,0.44608575105667114,0
2997,1738,0.4833657741546631,1
2997,691,0.7920799255371094,0
2997,1147,0.9204287528991699,0
2997,1234,0.6036098599433899,0
2997,936,0.8368891477584839,0
2997,1679,0.6998611688613892,0
2997,1562,0.7327467203140259,0
2997,1620,1.8616669178009033,0
2997,661,1.1977382898330688,0
2997,391,0.4672163724899292,0
2997,1376,0.634347677230835,0
2997,1537,0.5991241335868835,0
2997,721,0.652415931224823,0
2997,1746,0.6912320256233215,0
2997,130,0.7315578460693359,0
2997,28,0.5989533066749573,0
2997,855,0.5814297199249268,0
2997,1170,0.926379382610321,0
2997,223,0.7208229303359985,0
2997,1502,0.538989782333374,0
1448,834,1.0140961408615112,1
1448,1970,0.708194375038147,0
1448,1592,0.6889184713363647,0
1448,1600,0.6046445369720459,0
1448,363,0.5656177997589111,0
1448,1676,0.6227466464042664,0
1448,1804,0.707076370716095,0
1448,853,0.6432679295539856,0
1448,1113,0.6989527344703674,0
1448,1224,1.2392040491104126,0
1448,573,0.7404145002365112,0
1448,2006,0.7101353406906128,0
1448,1351,0.8666112422943115,0
1448,2064,0.6430549025535583,0
1448,1479,0.6776005029678345,0
1448,1862,0.755756676197052,0
1448,1199,0.6174570918083191,0
1448,596,0.9196708798408508,0
1448,1346,0.6214416027069092,0
1448,1617,1.1170247793197632,0
529,649,1.005281925201416,1
529,552,1.0520156621932983,0
529,1792,0.9232176542282104,0
529,950,0.5459619760513306,0
529,183,0.5448334813117981,0
529,1994,0.712976336479187,0
529,914,1.288806676864624,0
529,1249,0.5442774891853333,0
529,216,0.6758332252502441,0
529,1236,0.9157096147537231,0
529,1573,0.7828086614608765,0
529,1270,0.5956497192382812,0
529,943,0.6837007999420166,0
529,78,1.0702382326126099,0
529,786,0.5902984142303467,0
529,392,0.466438353061676,0
529,1164,0.9180147647857666,0
529,997,0.666796863079071,0
529,1925,0.6082415580749512,0
529,294,0.49237796664237976,0
1962,971,0.5058862566947937,1
1962,624,1.703920841217041,0
1962,1867,1.1358402967453003,0
1962,1037,0.6683107018470764,0
1962,1426,0.5655621290206909,0
1962,460,0.6925390362739563,0
1962,1295,0.7653340697288513,0
1962,770,0.47370147705078125,0
1962,282,0.9029151797294617,0
1962,1288,0.6357976794242859,0
1962,298,0.5771349668502808,0
1962,141,0.557518482208252,0
1962,416,0.7012233138084412,0
1962,1169,0.8118457794189453,0
1962,1687,0.6702712774276733,0
1962,1906,0.48834824562072754,0
1962,1793,0.474700927734375,0
1962,990,0.5287027359008789,0
1962,342,0.608535885810852,0
1962,854,0.48159295320510864,0
3127,1740,0.5525915622711182,1
3127,1849,0.6911070346832275,0
3127,1022,0.6429610252380371,0
3127,333,0.7399269342422485,0
3127,1998,0.6297881007194519,0
3127,416,0.7344897389411926,0
3127,888,0.8493958711624146,0
3127,1263,0.5832436084747314,0
3127,29,0.5696987509727478,0
3127,1922,0.6432228088378906,0
3127,1687,0.6850801110267639,0
3127,1063,0.48569244146347046,0
3127,550,0.6922376155853271,0
3127,724,0.8613662719726562,0
3127,1379,0.9299682378768921,0
3127,608,0.6154196262359619,0
3127,156,0.7123169302940369,0
3127,103,1.2131907939910889,0
3127,1616,0.679356575012207,0
3127,1769,0.45280808210372925,0
2647,1843,0.8075616359710693,1
2647,409,0.5653426647186279,0
2647,1889,0.5925872325897217,0
2647,185,0.5459606051445007,0
2647,1788,0.5394834280014038,0
2647,1552,0.5116555094718933,0
2647,1528,0.7813339233398438,0
2647,46,0.4671321511268616,0
2647,704,0.5952855944633484,0
2647,1605,0.5450720191001892,0
2647,1526,0.5450072288513184,0
2647,1249,0.48877182602882385,0
2647,849,0.5230461955070496,0
2647,1947,0.5748345851898193,0
2647,2044,0.7168312072753906,0
2647,1709,0.5683506727218628,0
2647,1023,0.751031756401062,0
2647,149,1.5758085250854492,0
2647,1314,0.47671765089035034,0
2647,538,0.5996124744415283,0
2431,14,0.8381950259208679,1
2431,132,0.7340824604034424,0
2431,749,0.8266965746879578,0
2431,511,1.2838385105133057,0
2431,1511,0.7444884777069092,0
2431,852,0.6764942407608032,0
2431,902,0.5839047431945801,0
2431,820,0.7441049218177795,0
2431,1518,1.0619864463806152,0
2431,1596,0.8138521909713745,0
2431,277,0.7024040222167969,0
2431,1617,1.1141161918640137,0
2431,1276,0.7669014930725098,0
2431,621,0.9916930198669434,0
2431,526,0.8085016012191772,0
2431,1109,0.7076683044433594,0
2431,1599,0.5364671945571899,0
2431,1161,0.5923216938972473,0
2431,1204,0.5987831354141235,0
2431,2080,0.6759706735610962,0
2698,555,0.5178472995758057,1
2698,1417,0.5424569845199585,0
2698,775,0.5453099012374878,0
2698,907,0.6584868431091309,0
2698,402,0.5826581716537476,0
2698,1426,0.5213727951049805,0
2698,352,0.63764488697052,0
2698,1166,0.5821003317832947,0
2698,247,0.4625905156135559,0
2698,212,0.8626695871353149,0
2698,1313,0.9423284530639648,0
2698,818,0.6741405129432678,0
2698,457,0.5545147061347961,0
2698,1461,0.5651071071624756,0
2698,60,0.6449381113052368,0
2698,995,1.0294610261917114,0
2698,249,1.21515953540802,0
2698,809,0.5569824576377869,0
2698,1634,0.5919404029846191,0
2698,1626,0.6388450860977173,0
940,805,1.267669916152954,1
940,1139,0.7941275238990784,0
940,1548,1.1067781448364258,0
940,725,0.5946268439292908,0
940,1069,0.49215635657310486,0
940,1510,0.6802687644958496,0
940,2052,0.7366142272949219,0
940,297,1.1644353866577148,0
940,149,2.13667893409729,0
940,54,0.7462638020515442,0
940,1019,1.057382583618164,0
940,1806,2.170053005218506,0
940,645,0.7582484483718872,0
940,931,0.5748351812362671,0
940,148,1.0491230487823486,0
940,587,0.514403223991394,0
940,66,0.8170297145843506,0
940,389,0.7788721323013306,0
940,224,1.6541740894317627,0
940,1688,0.5753719806671143,0
157,552,0.8619111776351929,1
157,1599,0.42606449127197266,0
157,278,0.5491340160369873,0
157,591,0.5992509722709656,0
157,484,0.6041838526725769,0
157,1651,0.5832441449165344,0
157,1764,0.5063610076904297,0
157,1708,0.6974314451217651,0
157,1420,0.6694302558898926,0
157,48,0.5916951894760132,0
157,1079,0.6397533416748047,0
157,1313,0.9568000435829163,0
157,1319,0.5328893661499023,0
157,2043,0.47007787227630615,0
157,352,0.6513824462890625,0
157,573,0.6755023002624512,0
157,608,0.5768123865127563,0
157,865,0.5884004235267639,0
157,1595,0.5928389430046082,0
157,1675,0.6851987242698669,0
3361,265,0.6025881767272949,1
3361,43,0.505111038684845,0
3361,1707,0.7302241921424866,0
3361,540,0.814146876335144,0
3361,1546,0.6211429238319397,0
3361,42,0.5493655204772949,0
3361,615,0.59023517370224,0
3361,1300,0.6291544437408447,0
3361,1327,0.853058934211731,0
3361,316,0.7823405265808105,0
3361,1478,0.6775677800178528,0
3361,1820,0.5853883624076843,0
3361,1953,0.847466230392456,0
3361,718,0.6454727053642273,0
3361,55,0.875680685043335,0
3361,1001,0.5251991152763367,0
3361,376,0.5070215463638306,0
3361,277,0.6474924087524414,0
3361,892,0.5785709023475647,0
3361,977,0.7739439606666565,0
655,842,0.5566806197166443,1
655,1427,0.6450993418693542,0
655,572,1.1819394826889038,0
655,1771,0.6896669864654541,0
655,1491,0.7444515824317932,0
655,289,0.7423456907272339,0
655,416,0.7070633172988892,0
655,1557,0.6940876841545105,0
655,1727,0.627872109413147,0
655,680,1.163752555847168,0
655,1520,0.6313387751579285,0
655,960,1.0007309913635254,0
655,234,0.7402653694152832,0
655,1223,0.5121448040008545,0
655,1346,0.6012018322944641,0
655,67,0.7640955448150635,0
655,469,0.9974020719528198,0
655,188,0.830080509185791,0
655,454,0.6225003004074097,0
655,566,0.48330041766166687,0
2688,1191,0.45005175471305847,1
2688,889,0.5689582824707031,0
2688,1729,0.7142409086227417,0
2688,29,0.4713659882545471,0
2688,316,0.7083708047866821,0
2688,330,1.1400805711746216,0
2688,1391,0.5733526945114136,0
2688,1042,0.5443733334541321,0
2688,1266,0.5059154033660889,0
2688,1117,0.5469754338264465,0
2688,2077,0.6028825640678406,0
2688,82,0.6586486101150513,0
2688,1358,0.5193052887916565,0
2688,1725,0.7580496072769165,0
2688,1147,0.7504652142524719,0
2688,1445,0.9996627569198608,0
2688,1368,0.5179997682571411,0
2688,593,0.4789045453071594,0
2688,369,1.036492109298706,0
2688,376,0.4640769064426422,0
400,483,1.5422470569610596,1
400,130,0.7331987023353577,0
400,19,0.5390533208847046,0
400,334,0.7312350869178772,0
400,1881,0.963897168636322,0
400,1657,0.5851592421531677,0
400,1791,0.5684518814086914,0
400,910,0.7662899494171143,0
400,197,0.7532146573066711,0
400,1876,2.2938954830169678,0
400,2015,0.5395129323005676,0
400,1676,0.6404833793640137,0
400,670,0.6988663673400879,0
400,211,0.6843320727348328,0
400,1677,0.5040974020957947,0
400,2052,0.6969392895698547,0
400,1123,1.0084576606750488,0
400,2040,0.8086706399917603,0
400,1518,1.1092383861541748,0
400,1684,0.647599458694458,0
3022,649,0.9503623843193054,1
3022,1465,0.6752191185951233,0
3022,258,1.1416003704071045,0
3022,444,0.7465851902961731,0
3022,523,0.9023533463478088,0
3022,860,0.6789960265159607,0
3022,1192,0.7756017446517944,0
3022,1321,0.6766399145126343,0
3022,1332,0.8302449584007263,0
3022,1006,1.2185149192810059,0
3022,3,0.653510570526123,0
3022,1023,0.9436607360839844,0
3022,520,0.5884876251220703,0
3022,801,1.2986654043197632,0
3022,1934,0.786026656627655,0
3022,581,0.6750760078430176,0
3022,1363,0.6382766366004944,0
3022,1419,0.7508853077888489,0
3022,709,0.7645618915557861,0
3022,1800,0.6729351878166199,0
3596,799,0.6334484815597534,1
3596,1082,0.98600172996521,0
3596,228,0.672127366065979,0
3596,1964,0.5593647956848145,0
3596,1656,0.40486377477645874,0
3596,915,0.7833982706069946,0
3596,364,0.646977424621582,0
3596,1946,0.8910477161407471,0
3596,184,0.6201694011688232,0
3596,428,0.6691530346870422,0
3596,26,0.6092174649238586,0
3596,1267,0.668876051902771,0
3596,1824,0.5114439129829407,0
3596,417,1.014014482498169,0
3596,345,2.4611222743988037,0
3596,1020,0.8220235109329224,0
3596,1325,0.7045724391937256,0
3596,167,0.5787112712860107,0
3596,1019,0.8444024324417114,0
3596,583,0.6069232821464539,0
3775,1422,0.5097674131393433,1
3775,1465,0.6009368300437927,0
3775,179,0.831410825252533,0
3775,752,0.5778758525848389,0
3775,1424,0.6292448043823242,0
3775,1431,0.5987469553947449,0
3775,951,0.43015387654304504,0
3775,1233,0.5627283453941345,0
3775,699,1.1586897373199463,0
3775,137,0.6761042475700378,0
3775,1709,0.6013450622558594,0
3775,1176,0.5259775519371033,0
3775,195,0.5832148790359497,0
3775,361,0.6473211050033569,0
3775,615,0.5672801733016968,0
3775,1814,0.6794913411140442,0
3775,621,0.837473452091217,0
3775,386,0.4692843556404114,0
3775,487,0.5236120223999023,0
3775,472,0.7377716898918152,0
3510,479,0.5896599888801575,1
3510,35,0.5496538877487183,0
3510,1062,0.5646636486053467,0
3510,1444,0.6049591898918152,0
3510,1993,0.5132426023483276,0
3510,1729,0.7242234945297241,0
3510,1134,0.7101762890815735,0
3510,1976,0.7252009510993958,0
3510,2050,0.7366880178451538,0
3510,466,0.6100817918777466,0
3510,1435,0.6561923027038574,0
3510,579,0.7507205009460449,0
3510,1634,0.5676193237304688,0
3510,281,0.5053377747535706,0
3510,2023,0.5964418649673462,0
3510,1749,0.5680837035179138,0
3510,829,0.5836562514305115,0
3510,443,0.5356206297874451,0
3510,1283,0.5413069725036621,0
3510,789,1.055394172668457,0
1891,314,0.43557655811309814,1
1891,1145,0.5005099177360535,0
1891,1248,0.6216793060302734,0
1891,196,0.4797672629356384,0
1891,1458,0.5130102634429932,0
1891,971,0.4387596845626831,0
1891,1906,0.38947802782058716,0
1891,909,0.46688681840896606,0
1891,14,0.6195309162139893,0
1891,313,0.45681342482566833,0
1891,289,0.6048128008842468,0
1891,699,1.1057758331298828,0
1891,1958,0.5134430527687073,0
1891,2032,0.5554270148277283,0
1891,2020,0.5736916065216064,0
1891,993,0.7324674129486084,0
1891,1402,0.6441007852554321,0
1891,602,0.6165556907653809,0
1891,742,0.5094259977340698,0
1891,775,0.4603157639503479,0
2336,1455,0.6538189649581909,1
2336,850,1.19307541847229,0
2336,2000,0.8766227960586548,0
2336,922,0.7138122916221619,0
2336,1137,1.1487493515014648,0
2336,1836,0.808552622795105,0
2336,347,0.45468640327453613,0
2336,1205,0.9504613876342773,0
2336,487,0.5772969722747803,0
2336,698,0.6748281717300415,0
2336,1868,0.9523518681526184,0
2336,1689,1.3930977582931519,0
2336,1224,1.1973551511764526,0
2336,897,0.5254100561141968,0
2336,516,0.6730639934539795,0
2336,625,0.6776261329650879,0
2336,1,0.6656181812286377,0
2336,252,0.6138380765914917,0
2336,925,0.5773900151252747,0
2336,95,0.5919176936149597,0
2674,492,0.5130054950714111,1
2674,1638,0.6568277478218079,0
2674,1706,0.5378513932228088,0
2674,1284,0.6428055167198181,0
2674,719,1.159087896347046,0
2674,912,0.6120389699935913,0
2674,307,0.7232839465141296,0
2674,1992,0.6387674808502197,0
2674,543,0.4336644113063812,0
2674,997,0.6008868217468262,0
2674,1395,0.6887805461883545,0
2674,498,0.6164801716804504,0
2674,649,0.8261287212371826,0
2674,1360,0.6851572394371033,0
2674,1276,0.6476192474365234,0
2674,1228,0.6482227444648743,0
2674,1344,0.6736159920692444,0
2674,406,0.7080378532409668,0
2674,1979,0.587078869342804,0
2674,1209,0.5404229760169983,0
307,959,0.8815878629684448,1
307,1255,1.0154194831848145,0
307,913,0.9683537483215332,0
307,373,0.7928497791290283,0
307,801,1.2666624784469604,0
307,1484,0.4468461275100708,0
307,1407,0.7283436059951782,0
307,125,0.6827331185340881,0
307,1370,0.804696261882782,0
307,2010,0.4527284801006317,0
307,2067,0.661743700504303,0
307,123,1.078275203704834,0
307,2,0.44328802824020386,0
307,547,0.47255033254623413,0
307,828,0.6074211001396179,0
307,451,0.7989690899848938,0
307,119,0.45469212532043457,0
307,653,0.4711611866950989,0
307,523,0.8483575582504272,0
307,561,0.46515917778015137,0
1172,313,0.5574018955230713,1
1172,1335,0.7177454233169556,0
1172,2006,0.6957549452781677,0
1172,1965,0.920616626739502,0
1172,1624,0.46383601427078247,0
1172,648,0.8610779047012329,0
1172,1264,0.6810716986656189,0
1172,1678,0.6788860559463501,0
1172,1488,0.5736662149429321,0
1172,1507,1.4626201391220093,0
1172,338,0.6851648688316345,0
1172,956,0.99204421043396,0
1172,1575,0.6704249978065491,0
1172,1775,0.5556843280792236,0
1172,869,0.697178840637207,0
1172,170,0.7266039848327637,0
1172,1584,0.7176399230957031,0
1172,1270,0.5986055731773376,0
1172,1418,0.6882734298706055,0
1172,687,1.0244485139846802,0
408,1773,0.6727064847946167,1
408,1143,0.507190465927124,0
408,1367,0.5756874084472656,0
408,337,0.9207363128662109,0
408,227,0.48968538641929626,0
408,103,1.3571858406066895,0
408,1421,0.6776700019836426,0
408,55,0.9707964658737183,0
408,1097,0.7152692079544067,0
408,1247,0.5218044519424438,0
408,1080,0.6170278191566467,0
408,553,0.677634596824646,0
408,1358,0.6191419363021851,0
408,619,0.7406914234161377,0
408,1295,0.7967939376831055,0
408,1520,0.6628668308258057,0
408,1694,1.2435710430145264,0
408,516,0.6530697345733643,0
408,817,0.5158213973045349,0
408,1956,0.6601011157035828,0
1947,1850,0.7711052894592285,1
1947,883,0.7817952632904053,0
1947,28,0.5275307893753052,0
1947,1324,0.4314512014389038,0
1947,1748,0.5386778116226196,0
1947,492,0.5061062574386597,0
1947,1986,1.7848929166793823,0
1947,710,0.6175147294998169,0
1947,720,0.7378284931182861,0
1947,142,0.482564240694046,0
1947,1642,0.9013878107070923,0
1947,1894,0.6634725332260132,0
1947,1581,0.6051101684570312,0
1947,993,0.796944260597229,0
1947,1577,0.5993291735649109,0
1947,973,0.618611216545105,0
1947,1957,0.6465734243392944,0
1947,836,0.8990336656570435,0
1947,1173,0.8081965446472168,0
1947,1600,0.5346459746360779,0
842,297,1.1047450304031372,1
842,1654,1.0323727130889893,0
842,1151,0.6393282413482666,0
842,251,0.5058785080909729,0
842,835,0.6437844634056091,0
842,432,0.7143237590789795,0
842,8,0.7114033102989197,0
842,1908,0.45799192786216736,0
842,1408,0.6910151243209839,0
842,292,0.4998396337032318,0
842,1697,0.6236432194709778,0
842,581,0.6079559326171875,0
842,327,0.4776466488838196,0
842,1796,0.8081005215644836,0
842,1770,0.745897114276886,0
842,1165,0.5898003578186035,0
842,364,0.7150164842605591,0
842,1525,1.1662076711654663,0
842,1744,0.8705854415893555,0
842,1473,2.6528303623199463,0
216,1715,0.761513888835907,1
216,960,0.8844894766807556,0
216,955,0.6085050702095032,0
216,1081,0.4429246187210083,0
216,981,0.6151888370513916,0
216,1583,0.575210690498352,0
216,1771,0.5946407318115234,0
216,178,0.4505853056907654,0
216,1080,0.5206941366195679,0
216,367,0.5482897758483887,0
216,2023,0.5880247354507446,0
216,1426,0.5058279037475586,0
216,264,0.4670438766479492,0
216,1874,0.5242218375205994,0
216,1860,0.8578187227249146,0
216,651,0.7642079591751099,0
216,14,0.6676796674728394,0
216,1543,0.5597869157791138,0
216,1108,0.5898736715316772,0
216,327,0.44270238280296326,0
3071,1648,0.5024417638778687,1
3071,614,0.6110399961471558,0
3071,2010,0.4824584722518921,0
3071,176,1.001594066619873,0
3071,1915,0.6793456673622131,0
3071,415,0.565626859664917,0
3071,1997,0.6289891004562378,0
3071,206,0.5833818912506104,0
3071,406,0.6738241910934448,0
3071,1031,0.48683157563209534,0
3071,2026,0.7166064977645874,0
3071,2043,0.47384339570999146,0
3071,1772,0.5926439762115479,0
3071,389,0.6189195513725281,0
3071,269,0.6486507058143616,0
3071,10,1.0945868492126465,0
3071,1889,0.6398732662200928,0
3071,876,0.6692487001419067,0
3071,400,0.5624423027038574,0
3071,1590,0.6187348961830139,0
3014,14,0.7561802268028259,1
3014,1861,0.6380470395088196,0
3014,1924,0.429354190826416,0
3014,1555,0.6432943344116211,0
3014,153,0.9583396315574646,0
3014,1175,0.6990315914154053,0
3014,386,0.49116361141204834,0
3014,1287,0.7057921886444092,0
3014,274,0.6743707656860352,0
3014,119,0.5241442322731018,0
3014,1074,0.6794372797012329,0
3014,595,1.0143730640411377,0
3014,1611,0.5815190076828003,0
3014,1301,0.5923091769218445,0
3014,1892,0.4851621389389038,0
3014,1914,0.8058995008468628,0
3014,90,0.6909065842628479,0
3014,788,0.6329786777496338,0
3014,936,0.7738442420959473,0
3014,780,0.7842140197753906,0
2692,999,0.5542294979095459,1
2692,608,0.6300180554389954,0
2692,28,0.6262301206588745,0
2692,191,0.6721251606941223,0
2692,645,0.7422492504119873,0
2692,1901,0.8990360498428345,0
2692,1508,0.8270166516304016,0
2692,1562,0.7664440870285034,0
2692,1982,0.6973085999488831,0
2692,1247,0.5553618669509888,0
2692,1406,0.49725908041000366,0
2692,1985,0.9210405349731445,0
2692,22,0.5915498733520508,0
2692,1606,0.6135810017585754,0
2692,921,1.1539311408996582,0
2692,1590,0.7517081499099731,0
2692,302,0.7361506223678589,0
2692,928,0.7418454885482788,0
2692,431,0.8978927135467529,0
2692,1107,1.1474294662475586,0
321,636,0.741763174533844,1
321,1983,0.8594632744789124,0
321,1109,0.6481181979179382,0
321,1718,0.7162901163101196,0
321,1420,0.7028020024299622,0
321,846,0.6994434595108032,0
321,508,1.1737399101257324,0
321,1010,0.7042843103408813,0
321,925,0.5827071666717529,0
321,412,0.6280531883239746,0
321,1896,0.6714143753051758,0
321,499,0.6453638672828674,0
321,1404,0.6205678582191467,0
321,1039,0.7264052033424377,0
321,139,1.1403563022613525,0
321,1821,0.8438750505447388,0
321,1036,0.6946937441825867,0
321,1711,0.6600805521011353,0
321,1783,0.789889395236969,0
321,803,1.0831098556518555,0
3242,501,0.7495806217193604,1
3242,919,0.9192534685134888,0
3242,2054,0.7219805121421814,0
3242,6,0.5418017506599426,0
3242,492,0.5680162906646729,0
3242,398,0.9890440702438354,0
3242,1198,0.8556993007659912,0
3242,337,0.8890700340270996,0
3242,1882,0.4238736033439636,0
3242,402,0.6408642530441284,0
3242,64,0.5858491659164429,0
3242,896,0.7073615193367004,0
3242,382,0.5173519849777222,0
3242,1621,0.5258574485778809,0
3242,1027,0.68319171667099,0
3242,1425,0.5926408171653748,0
3242,705,0.510355532169342,0
3242,575,0.669680655002594,0
3242,1487,0.6508567929267883,0
3242,244,0.6537994742393494,0
2212,563,0.5853039026260376,1
2212,1139,0.7452145218849182,0
2212,781,0.7350623607635498,0
2212,730,0.5921549201011658,0
2212,1889,0.7087711095809937,0
2212,293,0.7547341585159302,0
2212,57,0.722448468208313,0
2212,2057,0.8009768724441528,0
2212,908,0.6916179656982422,0
2212,141,0.5886293649673462,0
2212,186,0.9633113145828247,0
2212,1625,0.5572154521942139,0
2212,1593,0.6285542845726013,0
2212,2066,0.7877116799354553,0
2212,1819,0.7148197889328003,0
2212,772,0.6473169326782227,0
2212,115,0.6146083474159241,0
2212,1420,0.7300585508346558,0
2212,770,0.5100640058517456,0
2212,1369,0.7644519805908203,0
3879,392,0.4697633981704712,1
3879,509,0.49648523330688477,0
3879,1091,0.6309129595756531,0
3879,878,0.49001067876815796,0
3879,1274,0.5817512273788452,0
3879,523,0.8036167621612549,0
3879,1935,0.6413532495498657,0
3879,992,0.6767114400863647,0
3879,469,0.9249619245529175,0
3879,1478,0.6316484212875366,0
3879,618,0.6536787152290344,0
3879,761,0.5567741990089417,0
3879,708,0.626043975353241,0
3879,110,0.4951716363430023,0
3879,1970,0.640880286693573,0
3879,309,0.6530514359474182,0
3879,693,0.565522313117981,0
3879,922,0.6424078941345215,0
3879,1354,0.641497790813446,0
3879,297,0.9525431394577026,0
1527,1914,0.7619259357452393,1
1527,1682,0.5595136284828186,0
1527,1483,0.5677812099456787,0
1527,256,1.099713683128357,0
1527,1046,0.5887176394462585,0
1527,915,0.7643575668334961,0
1527,977,0.7410359382629395,0
1527,87,0.4707964360713959,0
1527,418,0.6268396973609924,0
1527,1742,0.5786331295967102,0
1527,788,0.5804649591445923,0
1527,1410,0.5743076205253601,0
1527,400,0.5301529169082642,0
1527,504,0.7250515222549438,0
1527,1236,0.7678179144859314,0
1527,1571,0.6752439141273499,0
1527,1974,0.5639788508415222,0
1527,1146,0.600247859954834,0
1527,648,0.7453367710113525,0
1527,532,0.6292990446090698,0
841,1612,0.6785004734992981,1
841,68,0.7094908952713013,0
841,1773,0.682335615158081,0
841,1791,0.5625723004341125,0
841,975,0.5298872590065002,0
841,1374,0.4983677566051483,0
841,84,0.740233302116394,0
841,1304,0.6291859745979309,0
841,1158,0.5963373184204102,0
841,6,0.5580126643180847,0
841,383,0.581126868724823,0
841,1401,0.648787796497345,0
841,961,0.6884335279464722,0
841,916,0.6468918323516846,0
841,443,0.6158702373504639,0
841,427,1.1372196674346924,0
841,174,0.5569334030151367,0
841,136,0.6958602666854858,0
841,1945,0.511459231376648,0
841,832,0.5821382999420166,0
3642,1643,1.2095729112625122,1
3642,1261,0.5819655656814575,0
3642,1789,0.5794382095336914,0
3642,585,0.5811101794242859,0
3642,1713,0.8418183326721191,0
3642,2000,0.7704054117202759,0
3642,840,0.5473423004150391,0
3642,1288,0.5939942598342896,0
3642,1646,0.5913874506950378,0
3642,1446,0.5648177862167358,0
3642,59,0.6678760051727295,0
3642,1983,0.7658380270004272,0
3642,353,0.6009529232978821,0
3642,1816,0.43571266531944275,0
3642,462,0.8536840081214905,0
3642,798,0.7025125026702881,0
3642,1000,0.7184363007545471,0
3642,836,0.9210406541824341,0
3642,646,0.44477322697639465,0
3642,7,0.5014265775680542,0
469,1273,1.0591505765914917,1
469,1392,0.9662519693374634,0
469,1192,0.6787422895431519,0
469,982,0.45724189281463623,0
469,2021,0.6119077801704407,0
469,959,0.8462015390396118,0
469,29,0.4944128096103668,0
469,908,0.6048510670661926,0
469,1051,0.5549200177192688,0
469,386,0.42287126183509827,0
469,136,0.6231704950332642,0
469,732,0.4029192328453064,0
469,1778,0.6221407055854797,0
469,764,0.6195018887519836,0
469,663,0.5696753263473511,0
469,961,0.628084123134613,0
469,838,1.0168976783752441,0
469,1048,0.9057415127754211,0
469,60,0.6404975652694702,0
469,1476,0.7799472808837891,0
752,122,1.2501219511032104,1
752,694,0.5026484727859497,0
752,494,0.6710313558578491,0
752,491,0.4917387068271637,0
752,1827,0.5394233465194702,0
752,6,0.537225604057312,0
752,1164,0.8983412981033325,0
752,1736,0.6534969806671143,0
752,1328,0.7097956538200378,0
752,937,0.5530412197113037,0
752,1072,0.6644876003265381,0
752,1008,0.6583513021469116,0
752,1219,0.613641619682312,0
752,425,0.5079755783081055,0
752,1785,0.5991559028625488,0
752,1204,0.5135042667388916,0
752,1583,0.6828750967979431,0
752,722,0.6985832452774048,0
752,1892,0.4984031617641449,0
752,65,0.7284157872200012,0
2159,1379,0.9157823324203491,1
2159,1098,0.5609685182571411,0
2159,156,0.5979020595550537,0
2159,2051,1.0140430927276611,0
2159,1899,0.5233069658279419,0
2159,1982,0.550034761428833,0
2159,321,0.5597330331802368,0
2159,1890,0.6111994981765747,0
2159,926,0.5768324136734009,0
2159,778,1.0747532844543457,0
2159,1060,0.728671669960022,0
2159,1562,0.6075014472007751,0
2159,1185,0.5620719790458679,0
2159,217,0.5930460691452026,0
2159,1928,0.7792444229125977,0
2159,16,0.37120938301086426,0
2159,1956,0.5729806423187256,0
2159,326,0.43686676025390625,0
2159,999,0.4071037173271179,0
2159,555,0.45289182662963867,0
653,1349,0.6632934212684631,1
653,1491,0.7269774079322815,0
653,381,0.710246205329895,0
653,356,0.45748233795166016,0
653,1981,0.7815546989440918,0
653,1893,0.7142847180366516,0
653,1956,0.6273996829986572,0
653,940,0.5939534902572632,0
653,66,0.6983281373977661,0
653,915,0.8178218603134155,0
653,1054,0.610370934009552,0
653,811,0.6508787870407104,0
653,107,0.7229943871498108,0
653,735,0.5903218388557434,0
653,584,0.6221684813499451,0
653,318,0.63895183801651,0
653,1017,0.6245982050895691,0
653,989,1.1012296676635742,0
653,1979,0.6002302169799805,0
653,47,0.6563506126403809,0
3497,1374,0.4530334770679474,1
3497,47,0.6502313613891602,0
3497,1764,0.5183754563331604,0
3497,1382,0.6299828290939331,0
3497,370,0.5560678243637085,0
3497,339,0.6110929250717163,0
3497,1157,0.9694065451622009,0
3497,1758,0.47475725412368774,0
3497,359,0.5730950832366943,0
3497,1633,0.6667352914810181,0
3497,861,1.0083370208740234,0
3497,1892,0.4771529734134674,0
3497,1621,0.49875497817993164,0
3497,782,0.5895870327949524,0
3497,1624,0.42020392417907715,0
3497,2039,0.7769480347633362,0
3497,1491,0.709405779838562,0
3497,1405,1.1337268352508545,0
3497,1050,0.8541085720062256,0
3497,1477,0.45057934522628784,0
1573,751,0.4973081052303314,1
1573,558,0.4240320920944214,0
1573,51,0.377159982919693,0
1573,497,0.5732574462890625,0
1573,1992,0.6128246784210205,0
1573,356,0.4624632000923157,0
1573,1448,0.5015966892242432,0
1573,1476,0.7206634283065796,0
1573,525,0.539147138595581,0
1573,1976,0.7262793779373169,0
1573,1161,0.452442467212677,0
1573,1202,0.6851692199707031,0
1573,506,0.6563986539840698,0
1573,1277,0.6919463872909546,0
1573,450,0.3810461759567261,0
1573,897,0.47989898920059204,0
1573,2046,0.6329938769340515,0
1573,1034,0.7248068451881409,0
1573,1585,0.4454096257686615,0
1573,904,0.6456559896469116,0
995,459,0.47367623448371887,1
995,164,0.5727307200431824,0
995,129,0.49895477294921875,0
995,1324,0.3939450681209564,0
995,1677,0.4093859791755676,0
995,581,0.5279211401939392,0
995,425,0.4304041266441345,0
995,938,0.6341565251350403,0
995,1747,0.4244270324707031,0
995,1071,0.5535528659820557,0
995,1935,0.5560990571975708,0
995,1861,0.5442178249359131,0
995,275,0.42572739720344543,0
995,281,0.4739360809326172,0
995,103,1.054474115371704,0
995,1855,0.5867382287979126,0
995,27,0.6093935966491699,0
995,1038,0.5715837478637695,0
995,1842,0.655777633190155,0
995,221,0.6081287860870361,0
1465,1211,0.7367211580276489,1
1465,888,0.8392171859741211,0
1465,703,0.5623630285263062,0
1465,483,1.4241814613342285,0
1465,1225,0.4925258159637451,0
1465,819,0.7420697808265686,0
1465,1037,0.6764665842056274,0
1465,1651,0.6271713376045227,0
1465,244,0.653070330619812,0
1465,1826,0.6930707097053528,0
1465,1424,0.7071151733398438,0
1465,1358,0.6077443957328796,0
1465,1548,1.0043776035308838,0
1465,947,0.6032084226608276,0
1465,1135,0.6207273006439209,0
1465,1076,0.7782639861106873,0
1465,1305,0.5568804740905762,0
1465,65,0.7256110310554504,0
1465,2044,0.8377223014831543,0
1465,83,0.700613796710968,0
2933,1104,1.322263240814209,1
2933,889,0.630414605140686,0
2933,529,1.1832120418548584,0
2933,936,0.8223274350166321,0
2933,271,1.2699066400527954,0
2933,753,0.5921310186386108,0
2933,911,0.5894657373428345,0
2933,904,0.6886792778968811,0
2933,2029,0.6256126761436462,0
2933,613,1.0113112926483154,0
2933,1234,0.5526111721992493,0
2933,2038,1.5816268920898438,0
2933,148,0.934305727481842,0
2933,1856,0.6321823000907898,0
2933,2005,0.5827686190605164,0
2933,1225,0.44162553548812866,0
2933,1736,0.6057252883911133,0
2933,1236,0.8542998433113098,0
2933,220,0.6420409679412842,0
2933,227,0.4282867908477783,0
1931,157,0.6081138253211975,1
1931,2024,0.6500119566917419,0
1931,1156,0.610454797744751,0
1931,888,0.8428084850311279,0
1931,588,0.5728262662887573,0
1931,869,0.64637291431427,0
1931,499,0.6180925965309143,0
1931,183,0.5091174244880676,0
1931,1390,0.735828161239624,0
1931,1273,1.108616828918457,0
1931,644,0.5352350473403931,0
1931,367,0.5929740071296692,0
1931,1463,0.8594979047775269,0
1931,742,0.6018979549407959,0
1931,1366,0.6278762221336365,0
1931,1300,0.6439237594604492,0
1931,1897,0.619795560836792,0
1931,1984,0.7210756540298462,0
1931,1321,0.6235319375991821,0
1931,744,0.6674648523330688,0
1399,1278,2.1558103561401367,1
1399,2056,0.519078254699707,0
1399,256,1.3134965896606445,0
1399,970,0.6969828605651855,0
1399,200,0.7006194591522217,0
1399,821,0.4921681880950928,0
1399,694,0.5078197717666626,0
1399,642,0.6756367683410645,0
1399,870,0.6168058514595032,0
1399,631,0.5066168904304504,0
1399,1020,0.933383584022522,0
1399,968,0.8460642695426941,0
1399,1180,0.9122427701950073,0
1399,508,1.295438289642334,0
1399,135,0.659967303276062,0
1399,2003,0.5249106884002686,0
1399,1053,0.9949882626533508,0
1399,1159,0.8173708915710449,0
1399,282,0.948644757270813,0
1399,520,0.6099576950073242,0
3989,1588,0.45551779866218567,1
3989,775,0.47113776206970215,0
3989,606,0.5985904335975647,0
3989,2014,0.34822940826416016,0
3989,1923,0.6961480379104614,0
3989,1750,0.5508071184158325,0
3989,1299,0.49202704429626465,0
3989,1804,0.5288412570953369,0
3989,311,0.6265230178833008,0
3989,1150,0.8541176319122314,0
3989,232,0.4552285969257355,0
3989,1971,0.990575909614563,0
3989,1922,0.5245970487594604,0
3989,1237,0.4471530318260193,0
3989,735,0.5091742277145386,0
3989,233,0.4837266802787781,0
3989,1880,0.5359827280044556,0
3989,887,0.4827130436897278,0
3989,1331,0.43074142932891846,0
3989,394,0.5589791536331177,0
593,1310,0.9191160202026367,1
593,1182,0.9258825778961182,0
593,1103,0.6272263526916504,0
593,962,1.293488621711731,0
593,96,0.6685842871665955,0
593,184,0.7299243807792664,0
593,854,0.5351957678794861,0
593,1360,0.8061673641204834,0
593,71,1.0823904275894165,0
593,1949,0.8084717988967896,0
593,971,0.5848057866096497,0
593,442,0.49271589517593384,0
593,372,0.5576067566871643,0
593,1662,0.7397030591964722,0
593,261,0.7614737749099731,0
593,1689,1.4275155067443848,0
593,613,1.0642168521881104,0
593,1379,0.9882915019989014,0
593,792,1.058837652206421,0
593,2036,1.1464715003967285,0
91,2060,0.7987208366394043,1
91,1618,0.7355330586433411,0
91,1143,0.4938049614429474,0
91,75,0.43739500641822815,0
91,1475,0.6700296401977539,0
91,1428,0.764561116695404,0
91,64,0.5675202012062073,0
91,985,0.8677399754524231,0
91,1584,0.6629509925842285,0
91,1568,0.6255687475204468,0
91,1561,1.030359148979187,0
91,1650,0.8553227782249451,0
91,331,0.4511845111846924,0
91,943,0.6259479522705078,0
91,2046,0.6890555024147034,0
91,441,0.5843409895896912,0
91,412,0.5949413776397705,0
91,816,0.7676296234130859,0
91,1893,0.6984575390815735,0
91,186,0.8649893403053284,0
1987,1694,1.1500165462493896,1
1987,1089,0.6325768232345581,0
1987,86,0.9071858525276184,0
1987,512,0.6822365522384644,0
1987,970,0.6998578906059265,0
1987,1575,0.6502991914749146,0
1987,189,0.6246492862701416,0
1987,1392,0.9942322969436646,0
1987,1768,0.5019593238830566,0
1987,1118,0.5125829577445984,0
1987,422,0.6526448726654053,0
1987,281,0.5793267488479614,0
1987,1692,0.5343294143676758,0
1987,397,0.6478447318077087,0
1987,1909,0.7177306413650513,0
1987,63,0.6745425462722778,0
1987,607,0.7651562690734863,0
1987,1327,0.9192973971366882,0
1987,1481,0.7423385381698608,0
1987,1916,0.5739752054214478,0
1216,468,0.7024893164634705,1
1216,1448,0.5225040912628174,0
1216,1742,0.6241136789321899,0
1216,1484,0.5019137859344482,0
1216,1503,0.4883672595024109,0
1216,251,0.5267074704170227,0
1216,1460,0.6291064620018005,0
1216,1071,0.6525269150733948,0
1216,1749,0.6013514995574951,0
1216,296,0.551144540309906,0
1216,545,0.6737277507781982,0
1216,859,0.7714403867721558,0
1216,888,0.8038985133171082,0
1216,193,0.990036129951477,0
1216,831,1.0356858968734741,0
1216,38,0.488357275724411,0
1216,693,0.5981035232543945,0
1216,1124,1.804394245147705,0
1216,1042,0.5822774767875671,0
1216,1939,0.6768512725830078,0
2562,1443,0.6257140636444092,1
2562,1202,0.6937307715415955,0
2562,494,0.6155776381492615,0
2562,323,0.6630426645278931,0
2562,326,0.4986528158187866,0
2562,1587,0.5403321981430054,0
2562,1034,0.7576651573181152,0
2562,16,0.38482534885406494,0
2562,1807,0.5059140920639038,0
2562,895,0.6419216394424438,0
2562,1287,0.6486997604370117,0
2562,1447,0.9448757171630859,0
2562,675,0.549167811870575,0
2562,628,1.0183038711547852,0
2562,728,0.5503495335578918,0
2562,1304,0.5667330622673035,0
2562,2036,0.9582063555717468,0
2562,599,0.5281220078468323,0
2562,595,0.9751209616661072,0
2562,1619,0.49459099769592285,0
2861,1224,1.0554909706115723,1
2861,1078,0.5929291844367981,0
2861,3,0.5892658233642578,0
2861,773,0.6419898271560669,0
2861,898,0.5836108326911926,0
2861,1370,0.7911232709884644,0
2861,589,0.5364148020744324,0
2861,1977,0.6473490595817566,0
2861,867,0.6478345394134521,0
2861,1911,0.6084666848182678,0
2861,1408,0.6499754786491394,0
2861,415,0.570462167263031,0
2861,1277,0.7514575123786926,0
2861,1503,0.4766373336315155,0
2861,648,0.7509530782699585,0
2861,307,0.7337825298309326,0
2861,579,0.8146592378616333,0
2861,1070,0.5387730002403259,0
2861,729,0.4602836072444916,0
2861,892,0.5669520497322083,0
3209,727,0.48731762170791626,1
3209,1869,0.6400682330131531,0
3209,641,0.6145652532577515,0
3209,1159,0.7292301654815674,0
3209,834,0.8080901503562927,0
3209,1088,0.802446722984314,0
3209,431,0.766111433506012,0
3209,555,0.535943865776062,0
3209,764,0.5913739800453186,0
3209,738,0.5969882011413574,0
3209,775,0.5574060678482056,0
3209,728,0.5498713254928589,0
3209,1924,0.40027475357055664,0
3209,1896,0.615520179271698,0
3209,1555,0.5874288082122803,0
3209,1669,0.9028462171554565,0
3209,554,0.5158401131629944,0
3209,1843,0.8755148649215698,0
3209,1806,1.6798094511032104,0
3209,936,0.728782057762146,0
1936,82,0.6776505708694458,1
1936,211,0.5706714987754822,0
1936,1814,0.6411811709403992,0
1936,3,0.5554333925247192,0
1936,348,0.4978671371936798,0
1936,648,0.6870173811912537,0
1936,167,0.5650427937507629,0
1936,133,0.46955251693725586,0
1936,198,0.59922194480896,0
1936,1759,0.6173096299171448,0
1936,1922,0.5632761716842651,0
1936,1566,0.5470658540725708,0
1936,1363,0.5492882132530212,0
1936,442,0.42533791065216064,0
1936,750,0.5937099456787109,0
1936,831,0.923222541809082,0
1936,1199,0.5519012212753296,0
1936,1744,0.7460001707077026,0
1936,1826,0.5985947251319885,0
1936,152,0.7206786274909973,0
3977,685,0.662636399269104,1
3977,1425,0.5510749816894531,0
3977,439,1.2083489894866943,0
3977,1538,0.5716571807861328,0
3977,1306,0.6533145904541016,0
3977,849,0.5503469109535217,0
3977,1434,0.8474838137626648,0
3977,1643,1.2277226448059082,0
3977,1741,0.6352725028991699,0
3977,1308,0.47928786277770996,0
3977,1270,0.49741989374160767,0
3977,817,0.47015467286109924,0
3977,1299,0.5569424033164978,0
3977,514,0.5459023714065552,0
3977,545,0.6401376724243164,0
3977,919,0.8434920907020569,0
3977,1560,0.4776051640510559,0
3977,494,0.5811508893966675,0
3977,645,0.6139389276504517,0
3977,248,0.7072015404701233,0
3709,1832,1.1193592548370361,1
3709,1916,0.5638688802719116,0
3709,568,0.6690406203269958,0
3709,1304,0.5700296759605408,0
3709,1872,0.6076316833496094,0
3709,1564,0.9968538880348206,0
3709,724,0.8378651738166809,0
3709,165,0.6719319820404053,0
3709,422,0.6203325390815735,0
3709,1231,0.8886391520500183,0
3709,158,0.7353156208992004,0
3709,1341,0.8187698721885681,0
3709,413,0.6053752899169922,0
3709,431,0.7889972925186157,0
3709,1754,0.517099142074585,0
3709,89,0.48396268486976624,0
3709,652,0.694953441619873,0
3709,1100,0.42751258611679077,0
3709,809,0.5933122038841248,0
3709,1949,0.715045154094696,0
3488,461,0.7738506197929382,1
3488,1811,0.6590157747268677,0
3488,1473,1.9762458801269531,0
3488,1205,0.8656810522079468,0
3488,641,0.615480363368988,0
3488,1514,0.6227686405181885,0
3488,1328,0.6515358686447144,0
3488,1119,0.7164515852928162,0
3488,1726,0.5248807072639465,0
3488,255,0.6861038208007812,0
3488,1490,0.6227020025253296,0
3488,1870,0.5625224113464355,0
3488,877,0.5595520734786987,0
3488,738,0.5981348752975464,0
3488,1228,0.6532907485961914,0
3488,1161,0.48267531394958496,0
3488,123,1.0021356344223022,0
3488,1812,0.6079553365707397,0
3488,1658,1.7390069961547852,0
3488,37,0.5157210826873779,0
1776,1132,0.8363311290740967,1
1776,390,0.4834510087966919,0
1776,379,0.4948604106903076,0
1776,218,0.8864961862564087,0
1776,1235,0.6953074932098389,0
1776,1599,0.443217396736145,0
1776,1728,0.9743454456329346,0
1776,164,0.7115691900253296,0
1776,1811,0.7365505695343018,0
1776,757,0.5942094922065735,0
1776,5,0.5014439821243286,0
1776,93,0.67190021276474,0
1776,1330,0.4545741677284241,0
1776,1428,0.7854843735694885,0
1776,191,0.6567619442939758,0
1776,942,0.8615442514419556,0
1776,708,0.6851481199264526,0
1776,532,0.7121672630310059,0
1776,1639,0.6526129841804504,0
1776,1562,0.7368350028991699,0
535,1723,1.4244390726089478,1
535,645,0.6893573999404907,0
535,1694,1.247198462486267,0
535,507,0.5083714723587036,0
535,425,0.5023926496505737,0
535,1484,0.5081995725631714,0
535,1364,0.8635572195053101,0
535,1530,0.6247913837432861,0
535,1660,0.6755598187446594,0
535,971,0.5412328243255615,0
535,834,0.963950514793396,0
535,698,0.6476689577102661,0
535,2015,0.5050055980682373,0
535,407,1.2208425998687744,0
535,736,0.7074997425079346,0
535,1563,0.7451539039611816,0
535,1198,0.8877450823783875,0
535,1846,1.0782523155212402,0
535,636,0.7285405397415161,0
535,575,0.6883876323699951,0
887,808,0.7333424091339111,1
887,454,0.5726912617683411,0
887,1265,0.6162323951721191,0
887,1239,0.5946281552314758,0
887,188,0.7427643537521362,0
887,657,0.573177695274353,0
887,649,0.7746025323867798,0
887,876,0.6654212474822998,0
887,983,0.9219162464141846,0
887,1465,0.579245924949646,0
887,988,1.139920711517334,0
887,1849,0.6160474419593811,0
887,1892,0.44321808218955994,0
887,1699,0.5083091259002686,0
887,187,0.5985603332519531,0
887,1315,0.46807342767715454,0
887,367,0.5411826372146606,0
887,1792,0.7581104040145874,0
887,235,1.088698387145996,0
887,549,0.5422995686531067,0
2106,1787,0.9401620626449585,1
2106,1924,0.4119829535484314,0
2106,287,0.8565864562988281,0
2106,243,0.6284950375556946,0
2106,2079,0.5771691203117371,0
2106,790,0.8177951574325562,0
2106,1021,0.8938885927200317,0
2106,1453,0.647912859916687,0
2106,1611,0.5551756024360657,0
2106,1510,0.5834503173828125,0
2106,753,0.5958558320999146,0
2106,472,0.7738018035888672,0
2106,88,0.5841756463050842,0
2106,1426,0.5363256931304932,0
2106,527,0.5831913948059082,0
2106,293,0.688380241394043,0
2106,1638,0.6754961609840393,0
2106,180,0.6771605014801025,0
2106,1962,0.45193469524383545,0
2106,1558,0.40164846181869507,0
2169,1341,0.7569977045059204,1
2169,993,0.8029462695121765,0
2169,133,0.4808042645454407,0
2169,1045,0.5898023843765259,0
2169,972,0.5375917553901672,0
2169,1207,0.6425321698188782,0
2169,217,0.6212254762649536,0
2169,1352,0.5631875395774841,0
2169,1144,0.5573199987411499,0
2169,1088,0.787985622882843,0
2169,1670,0.5912403464317322,0
2169,940,0.5727959275245667,0
2169,101,0.9813181161880493,0
2169,770,0.4504196345806122,0
2169,325,0.789804995059967,0
2169,1005,0.6267033815383911,0
2169,1631,0.6606402397155762,0
2169,1648,0.48579832911491394,0
2169,1156,0.5700507164001465,0
2169,844,0.523734450340271,0
3867,665,0.5449788570404053,1
3867,937,0.5566314458847046,0
3867,1199,0.6143975257873535,0
3867,1292,0.6720423698425293,0
3867,761,0.6004970669746399,0
3867,1513,0.949626624584198,0
3867,460,0.7163338661193848,0
3867,640,1.0528473854064941,0
3867,1134,0.8406401872634888,0
3867,587,0.48835495114326477,0
3867,2080,0.6351556181907654,0
3867,1190,0.6894092559814453,0
3867,1440,0.5938791036605835,0
3867,638,0.668505847454071,0
3867,86,0.9063987731933594,0
3867,145,0.7366638779640198,0
3867,1604,0.5244619846343994,0
3867,1896,0.6744776964187622,0
3867,742,0.6203516125679016,0
3867,1504,0.5439701080322266,0
3493,447,0.7029501795768738,1
3493,317,0.5863470435142517,0
3493,871,0.5594071745872498,0
3493,291,0.501082181930542,0
3493,2025,0.5857014060020447,0
3493,1767,0.37984633445739746,0
3493,1260,0.5753438472747803,0
3493,536,0.5206457376480103,0
3493,1412,0.4559202790260315,0
3493,441,0.49763765931129456,0
3493,1672,0.40589964389801025,0
3493,284,0.5884901285171509,0
3493,190,0.5898414850234985,0
3493,1964,0.504923939704895,0
3493,1472,0.7640700340270996,0
3493,1849,0.5576691031455994,0
3493,738,0.5322316884994507,0
3493,1391,0.524388313293457,0
3493,1321,0.5081023573875427,0
3493,2050,0.6747279167175293,0
603,1310,1.0195159912109375,1
603,1322,0.9506275653839111,0
603,1729,1.0203139781951904,0
603,789,1.4853529930114746,0
603,1776,0.7241174578666687,0
603,1832,1.3576794862747192,0
603,51,0.4666367173194885,0
603,1216,0.8007317185401917,0
603,1057,0.6104210019111633,0
603,1189,0.7224630117416382,0
603,1679,0.7670387029647827,0
603,203,0.719565749168396,0
603,264,0.6384977698326111,0
603,1547,1.2161402702331543,0
603,1095,0.9124625325202942,0
603,1662,0.8121415376663208,0
603,1243,0.5886667370796204,0
603,41,0.9816946983337402,0
603,152,0.976996123790741,0
603,2001,0.667805552482605,0
2556,1877,2.6993584632873535,1
2556,1714,0.7173156142234802,0
2556,1751,0.45327192544937134,0
2556,320,0.5958535671234131,0
2556,1034,0.756744384765625,0
2556,132,0.5591819286346436,0
2556,1556,0.5859870910644531,0
2556,531,0.44708049297332764,0
2556,590,1.4492748975753784,0
2556,789,1.1821510791778564,0
2556,739,0.7236754298210144,0
2556,1504,0.46682530641555786,0
2556,2035,0.6699175834655762,0
2556,309,0.6186031699180603,0
2556,1588,0.4966370165348053,0
2556,1214,1.0536260604858398,0
2556,1502,0.4526415467262268,0
2556,654,0.9618373513221741,0
2556,1927,0.7491036057472229,0
2556,1402,0.6804807186126709,0
1638,909,0.5837870836257935,1
1638,1700,0.6880167722702026,0
1638,976,0.9744786024093628,0
1638,2053,0.6311147212982178,0
1638,1992,0.6974906325340271,0
1638,660,0.6816610097885132,0
1638,675,0.6132546663284302,0
1638,1778,0.6972624063491821,0
1638,789,1.3048278093338013,0
1638,1399,1.1755986213684082,0
1638,1928,0.8881774544715881,0
1638,1060,0.8011125326156616,0
1638,901,0.6221790313720703,0
1638,273,0.6236737966537476,0
1638,1570,0.5582224130630493,0
1638,617,0.5302685499191284,0
1638,1231,0.9246586561203003,0
1638,1295,0.7865030169487,0
1638,533,1.1522220373153687,0
1638,970,0.68982994556427,0
246,1932,1.9152806997299194,1
246,1788,0.5948098301887512,0
246,317,0.7126312255859375,0
246,1658,1.9500170946121216,0
246,1526,0.6249115467071533,0
246,811,0.6745826005935669,0
246,217,0.6756131649017334,0
246,857,0.5799968242645264,0
246,1831,0.7134689092636108,0
246,403,0.680659830570221,0
246,575,0.6455888748168945,0
246,1651,0.6041393280029297,0
246,1079,0.6607549786567688,0
246,1063,0.4390637278556824,0
246,966,0.6004896759986877,0
246,338,0.6446521282196045,0
246,199,0.8277921676635742,0
246,644,0.5457839965820312,0
246,1102,0.649194598197937,0
246,789,1.2165913581848145,0
1775,1724,0.6311722993850708,1
1775,130,0.5977236032485962,0
1775,481,0.5496917366981506,0
1775,1482,0.6150761842727661,0
1775,1839,0.5948399305343628,0
1775,1589,0.9793333411216736,0
1775,723,0.44984549283981323,0
1775,746,0.5159699320793152,0
1775,641,0.5757451057434082,0
1775,1173,0.7697585821151733,0
1775,365,0.545174777507782,0
1775,147,0.5208503007888794,0
1775,1127,0.4575716257095337,0
1775,236,0.5907373428344727,0
1775,1789,0.5578391551971436,0
1775,388,0.5037319660186768,0
1775,469,0.8724183440208435,0
1775,916,0.571034848690033,0
1775,454,0.543249785900116,0
1775,1133,0.5508716702461243,0
4040,1096,0.8263713121414185,1
4040,1038,0.7230877876281738,0
4040,1645,0.6690642237663269,0
4040,1072,0.6631578207015991,0
4040,1946,0.957205593585968,0
4040,396,0.7660061717033386,0
4040,600,1.2471610307693481,0
4040,1280,0.6289699673652649,0
4040,1800,0.6454077959060669,0
4040,553,0.6526843905448914,0
4040,828,0.6522772312164307,0
4040,826,0.6882256269454956,0
4040,880,0.835691511631012,0
4040,1053,0.9252957105636597,0
4040,1350,0.5761516094207764,0
4040,1779,0.7074705958366394,0
4040,1984,0.7543179988861084,0
4040,422,0.6480884552001953,0
4040,123,1.1131834983825684,0
4040,164,0.716799259185791,0
3733,613,0.9232417345046997,1
3733,1874,0.5564665794372559,0
3733,800,0.6379303336143494,0
3733,1995,1.0616590976715088,0
3733,1117,0.5729124546051025,0
3733,1599,0.44250959157943726,0
3733,1335,0.6472565531730652,0
3733,636,0.668938398361206,0
3733,858,0.6274785995483398,0
3733,313,0.5031343698501587,0
3733,1641,0.8609474897384644,0
3733,1845,0.7744710445404053,0
3733,2067,0.6604604125022888,0
3733,1806,1.7348220348358154,0
3733,2023,0.6273219585418701,0
3733,1497,0.565650224685669,0
3733,464,0.6215502619743347,0
3733,716,0.6476966738700867,0
3733,875,0.5841441750526428,0
3733,395,0.8024711608886719,0
414,1848,0.7599462866783142,1
414,838,1.022605061531067,0
414,1308,0.4754374921321869,0
414,1307,0.6987382769584656,0
414,2052,0.6157206892967224,0
414,233,0.5388345718383789,0
414,38,0.4451634883880615,0
414,886,0.5603413581848145,0
414,485,0.7209208011627197,0
414,379,0.44999200105667114,0
414,1075,0.3950203061103821,0
414,959,0.8220229148864746,0
414,288,0.6482311487197876,0
414,1508,0.7488577961921692,0
414,443,0.5390191674232483,0
414,625,0.6047526597976685,0
414,999,0.4630768299102783,0
414,871,0.635357141494751,0
414,816,0.7789801359176636,0
414,881,0.5950322151184082,0
630,2025,0.8397647142410278,1
630,638,0.7412334680557251,0
630,841,1.369523048400879,0
630,1140,0.6498067378997803,0
630,2050,0.9636454582214355,0
630,351,0.5698980093002319,0
630,2061,0.5477173328399658,0
630,1617,1.1537748575210571,0
630,569,0.8044190406799316,0
630,422,0.755161702632904,0
630,74,1.0679666996002197,0
630,635,0.6794251203536987,0
630,2074,0.6442632675170898,0
630,560,0.718725860118866,0
630,549,0.699438750743866,0
630,815,0.8209493160247803,0
630,1929,0.704780101776123,0
630,1315,0.5966472625732422,0
630,2064,0.7156282663345337,0
630,1776,0.7125658988952637,0
1718,1099,0.8384476900100708,1
1718,1098,0.6621101498603821,0
1718,1328,0.7497316002845764,0
1718,187,0.7096771001815796,0
1718,1115,0.6754371523857117,0
1718,1467,1.2233126163482666,0
1718,1540,0.5940183997154236,0
1718,1591,0.6498479843139648,0
1718,438,0.689468502998352,0
1718,1481,0.7960273027420044,0
1718,1362,0.7379072308540344,0
1718,521,0.4934786260128021,0
1718,733,0.8838947415351868,0
1718,1045,0.692683219909668,0
1718,841,1.3476762771606445,0
1718,914,1.2044730186462402,0
1718,1088,0.9441138505935669,0
1718,597,0.6435494422912598,0
1718,1285,0.5510287284851074,0
1718,1143,0.5454980134963989,0
2379,1373,1.1327413320541382,1
2379,210,0.8042333722114563,0
2379,1766,0.6584595441818237,0
2379,641,0.6573449373245239,0
2379,866,0.6487106084823608,0
2379,1512,0.7310613393783569,0
2379,377,0.9189997911453247,0
2379,511,1.2647265195846558,0
2379,1530,0.5713412165641785,0
2379,751,0.5029196739196777,0
2379,897,0.5054125785827637,0
2379,570,0.6803078651428223,0
2379,1201,0.7957200407981873,0
2379,852,0.5769525170326233,0
2379,2010,0.506238579750061,0
2379,1721,0.8661490678787231,0
2379,588,0.5701092481613159,0
2379,324,0.532663881778717,0
2379,1625,0.4838027060031891,0
2379,632,0.5598206520080566,0
73,1294,0.950478732585907,1
73,999,0.4520476460456848,0
73,1344,0.6590524911880493,0
73,1835,0.636525571346283,0
73,1780,0.600879967212677,0
73,1735,0.6219636797904968,0
73,61,0.6058770418167114,0
73,1155,0.5913480520248413,0
73,1757,1.770260214805603,0
73,1227,0.6190166473388672,0
73,114,0.6965281367301941,0
73,417,1.1368533372879028,0
73,1446,0.6032170057296753,0
73,2051,1.0817453861236572,0
73,1728,0.8907947540283203,0
73,802,0.6588006615638733,0
73,835,0.6223929524421692,0
73,347,0.3899053633213043,0
73,1861,0.6263982057571411,0
73,11,0.437624990940094,0
898,1972,0.8900998830795288,1
898,1845,0.8327054977416992,0
898,428,0.7356007099151611,0
898,922,0.6870945692062378,0
898,1461,0.6036399006843567,0
898,311,0.7514331340789795,0
898,115,0.5909473896026611,0
898,939,0.5502758026123047,0
898,1760,0.9299260377883911,0
898,894,0.6376856565475464,0
898,1563,0.7193967700004578,0
898,689,0.9418370723724365,0
898,749,0.7337379455566406,0
898,1438,0.5463990569114685,0
898,1480,0.6618096232414246,0
898,84,0.6880210041999817,0
898,260,0.5448697209358215,0
898,637,1.1610502004623413,0
898,1352,0.618011474609375,0
898,1974,0.6195163726806641,0
1014,411,0.4636830985546112,1
1014,1823,0.8693149089813232,0
1014,1536,1.156660556793213,0
1014,1821,0.8238622546195984,0
1014,1150,1.021028995513916,0
1014,1344,0.6856171488761902,0
1014,2002,0.6657537221908569,0
1014,2073,1.452343225479126,0
1014,1669,1.017884373664856,0
1014,1284,0.6455321311950684,0
1014,645,0.6263002157211304,0
1014,902,0.4763711392879486,0
1014,1964,0.5820009708404541,0
1014,212,0.8710625171661377,0
1014,1246,0.6833755970001221,0
1014,299,0.6433537006378174,0
1014,621,0.944275438785553,0
1014,1039,0.6758021712303162,0
1014,680,1.1959195137023926,0
1014,1457,0.7526628375053406,0
3385,1124,1.9957211017608643,1
3385,869,0.7166863679885864,0
3385,1460,0.6987913846969604,0
3385,47,0.716498076915741,0
3385,1227,0.7347373962402344,0
3385,1999,1.0406932830810547,0
3385,1800,0.6985056400299072,0
3385,90,0.791218638420105,0
3385,2078,0.7446895241737366,0
3385,515,0.5883035659790039,0
3385,1878,0.8336719274520874,0
3385,1348,0.93459153175354,0
3385,867,0.737455427646637,0
3385,1441,0.7445147037506104,0
3385,1689,1.4440112113952637,0
3385,1507,1.488837480545044,0
3385,463,0.7319812178611755,0
3385,1778,0.7307596802711487,0
3385,267,0.5424326062202454,0
3385,600,1.3850207328796387,0
649,224,1.7900643348693848,1
649,528,0.721146821975708,0
649,1229,0.7796801328659058,0
649,1485,0.6427013874053955,0
649,739,0.9267700910568237,0
649,1594,0.7807697057723999,0
649,1646,0.7263714075088501,0
649,1159,0.9109354019165039,0
649,1520,0.7067376375198364,0
649,1286,0.6869980692863464,0
649,450,0.44661200046539307,0
649,494,0.7722898125648499,0
649,900,0.8223212361335754,0
649,233,0.6623939275741577,0
649,40,1.4795920848846436,0
649,1438,0.6052412390708923,0
649,1026,0.7803750038146973,0
649,1389,0.5887555480003357,0
649,612,0.664722204208374,0
649,971,0.6105929613113403,0
1946,141,0.5254064798355103,1
1946,1191,0.414287269115448,0
1946,1456,0.9368907809257507,0
1946,1658,2.114880084991455,0
1946,1484,0.4175017476081848,0
1946,483,1.50747549533844,0
1946,1678,0.6088936924934387,0
1946,1988,0.4279072880744934,0
1946,135,0.5687088370323181,0
1946,934,0.6735233068466187,0
1946,754,0.8813338279724121,0
1946,1821,0.7878444790840149,0
1946,1440,0.5222779512405396,0
1946,852,0.5694743394851685,0
1946,820,0.5975279808044434,0
1946,1108,0.5946695804595947,0
1946,1234,0.5383366346359253,0
1946,2054,0.6323082447052002,0
1946,2078,0.6230804920196533,0
1946,868,0.6096609830856323,0
3981,1413,0.5039910078048706,1
3981,787,0.6805012822151184,0
3981,1534,0.44752341508865356,0
3981,2049,0.6552003026008606,0
3981,95,0.5593208074569702,0
3981,1507,1.2629355192184448,0
3981,223,0.6642805933952332,0
3981,1955,0.505247950553894,0
3981,2020,0.7013744115829468,0
3981,1590,0.6921129822731018,0
3981,199,0.8079177141189575,0
3981,618,0.6798707246780396,0
3981,1508,0.7690314650535583,0
3981,531,0.5144940614700317,0
3981,259,0.4821372628211975,0
3981,1850,0.817834198474884,0
3981,536,0.6181694269180298,0
3981,359,0.6210300326347351,0
3981,1086,0.5911096930503845,0
3981,2069,0.41800767183303833,0
809,1694,1.1908198595046997,1
809,2074,0.5748815536499023,0
809,287,0.9518788456916809,0
809,740,0.5827889442443848,0
809,858,0.7095698118209839,0
809,2019,0.6484272480010986,0
809,2079,0.6226325035095215,0
809,1899,0.6058024764060974,0
809,9,0.5723273754119873,0
809,1340,0.607196569442749,0
809,755,0.9101969003677368,0
809,2037,0.861747145652771,0
809,769,0.6247785687446594,0
809,1206,0.5675663352012634,0
809,1251,0.6771280169487,0
809,1569,0.5074285268783569,0
809,326,0.5808141231536865,0
809,978,1.015817642211914,0
809,961,0.6973655819892883,0
809,835,0.6628750562667847,0
2008,71,1.0797961950302124,1
2008,1582,0.6961171627044678,0
2008,1409,0.5496852993965149,0
2008,1268,1.0110929012298584,0
2008,1781,0.6591679453849792,0
2008,1938,0.7287901639938354,0
2008,912,0.7439079284667969,0
2008,855,0.6642576456069946,0
2008,1526,0.7168859839439392,0
2008,1062,0.7294127941131592,0
2008,601,0.6514580845832825,0
2008,466,0.7851914763450623,0
2008,965,1.2539474964141846,0
2008,1560,0.6196401119232178,0
2008,2005,0.6946913599967957,0
2008,1793,0.5887514352798462,0
2008,1112,0.8416917324066162,0
2008,1070,0.6489199995994568,0
2008,241,0.6512821912765503,0
2008,1541,0.8071647882461548,0
2694,587,0.4577000141143799,1
2694,328,0.9454203844070435,0
2694,659,0.8299633264541626,0
2694,302,0.6504369378089905,0
2694,928,0.6523306369781494,0
2694,205,0.5743203163146973,0
2694,104,1.1990845203399658,0
2694,945,0.5104359984397888,0
2694,1457,0.7664209604263306,0
2694,738,0.6192207336425781,0
2694,1225,0.4762205183506012,0
2694,1035,0.8195614218711853,0
2694,155,0.5869186520576477,0
2694,1426,0.5632585287094116,0
2694,830,0.6607832312583923,0
2694,1440,0.5502689480781555,0
2694,1823,0.8449385166168213,0
2694,1076,0.7467278242111206,0
2694,732,0.45018449425697327,0
2694,909,0.5481958389282227,0
3327,172,0.48524782061576843,1
3327,533,1.0183863639831543,0
3327,420,0.5529028177261353,0
3327,2071,0.6085810661315918,0
3327,1502,0.48458582162857056,0
3327,411,0.4654347598552704,0
3327,614,0.6348439455032349,0
3327,214,0.4933057427406311,0
3327,451,0.7744384407997131,0
3327,71,0.9196930527687073,0
3327,1295,0.7111663818359375,0
3327,1416,0.7597794532775879,0
3327,856,0.6333744525909424,0
3327,1387,0.5551587343215942,0
3327,541,0.7658004760742188,0
3327,528,0.5608551502227783,0
3327,1243,0.48287495970726013,0
3327,752,0.5562127828598022,0
3327,1380,0.5883416533470154,0
3327,592,0.6700952053070068,0
3268,1515,0.7983521223068237,1
3268,384,0.5782736539840698,0
3268,1861,0.6012122631072998,0
3268,1240,0.6837835311889648,0
3268,1983,0.7817647457122803,0
3268,1563,0.650421142578125,0
3268,1930,0.6246024966239929,0
3268,121,0.5867354869842529,0
3268,1648,0.5183738470077515,0
3268,1249,0.5530459880828857,0
3268,1753,0.558185875415802,0
3268,1162,0.5424384474754333,0
3268,1627,0.6601918935775757,0
3268,612,0.5832481384277344,0
3268,1092,0.7833970189094543,0
3268,356,0.49172189831733704,0
3268,1048,0.8455928564071655,0
3268,648,0.7076014280319214,0
3268,54,0.6248764395713806,0
3268,1,0.6172415614128113,0
2493,323,0.6838989853858948,1
2493,482,0.8706433176994324,0
2493,1081,0.4667477607727051,0
2493,95,0.5458746552467346,0
2493,675,0.5341015458106995,0
2493,157,0.5782099366188049,0
2493,2048,0.4301968812942505,0
2493,368,0.5688907504081726,0
2493,1310,0.8126469850540161,0
2493,87,0.4562236964702606,0
2493,362,0.7006980776786804,0
2493,1099,0.726771354675293,0
2493,573,0.6600040197372437,0
2493,1949,0.6884438395500183,0
2493,1062,0.6136408448219299,0
2493,1986,1.8547301292419434,0
2493,968,0.7539288997650146,0
2493,1794,0.5537413954734802,0
2493,1619,0.5130437612533569,0
2493,1554,0.5240553021430969,0
1039,952,0.7122934460639954,1
1039,1779,0.7093590497970581,0
1039,1653,0.6293330192565918,0
1039,651,0.8847835063934326,0
1039,1745,0.45398199558258057,0
1039,270,0.4240925908088684,0
1039,309,0.6772336959838867,0
1039,245,0.6867727637290955,0
1039,272,0.6071409583091736,0
1039,1580,0.7005105018615723,0
1039,2074,0.5250394940376282,0
1039,504,0.7838953137397766,0
1039,1332,0.7691680192947388,0
1039,1156,0.6340996623039246,0
1039,1355,0.970437228679657,0
1039,376,0.5021276473999023,0
1039,930,0.9741405844688416,0
1039,1879,0.6950777769088745,0
1039,1192,0.7145871520042419,0
1039,349,0.7980818152427673,0
711,2028,0.7447890639305115,1
711,2059,0.39847469329833984,0
711,1770,0.675020158290863,0
711,768,0.51287442445755,0
711,294,0.46441689133644104,0
711,1624,0.4070093631744385,0
711,1569,0.42471787333488464,0
711,1750,0.5987257361412048,0
711,1341,0.7602416276931763,0
711,375,0.8151751756668091,0
711,593,0.48049893975257874,0
711,1721,0.7773420214653015,0
711,947,0.49836307764053345,0
711,329,0.5081086158752441,0
711,301,0.7363944053649902,0
711,250,0.5719726085662842,0
711,2071,0.6090841889381409,0
711,750,0.58649742603302,0
711,982,0.47086602449417114,0
711,1268,0.8076611757278442,0
3118,1134,0.845919132232666,1
3118,1468,0.6392623782157898,0
3118,1512,0.7880344390869141,0
3118,1321,0.6468089818954468,0
3118,29,0.5864987373352051,0
3118,494,0.6960190534591675,0
3118,380,0.6448782682418823,0
3118,645,0.6900774240493774,0
3118,1441,0.7041224241256714,0
3118,1143,0.5221544504165649,0
3118,777,0.7140769362449646,0
3118,508,1.1844489574432373,0
3118,1613,0.5899449586868286,0
3118,1827,0.5538318753242493,0
3118,89,0.510672390460968,0
3118,181,0.8135990500450134,0
3118,1004,0.6913316249847412,0
3118,1783,0.7808555364608765,0
3118,1332,0.7953650951385498,0
3118,2002,0.7195145487785339,0
2388,699,1.4765468835830688,1
2388,347,0.48291298747062683,0
2388,1951,0.8940163254737854,0
2388,564,0.6995829343795776,0
2388,1060,0.8885446786880493,0
2388,442,0.5016287565231323,0
2388,218,0.934462308883667,0
2388,1380,0.7477211356163025,0
2388,568,0.7704156041145325,0
2388,220,0.7370939254760742,0
2388,1262,0.6865519881248474,0
2388,1720,0.8663132190704346,0
2388,847,0.9392762780189514,0
2388,556,0.7874319553375244,0
2388,1599,0.4888797402381897,0
2388,1272,1.0183970928192139,0
2388,572,1.3775055408477783,0
2388,1696,0.7198666334152222,0
2388,1805,0.8458924293518066,0
2388,894,0.7370627522468567,0
1887,743,0.8036710023880005,1
1887,918,0.7770988941192627,0
1887,1069,0.41974133253097534,0
1887,436,1.795903205871582,0
1887,415,0.5985243320465088,0
1887,1157,0.9549902677536011,0
1887,727,0.4765408933162689,0
1887,1637,0.6542290449142456,0
1887,721,0.6002743244171143,0
1887,1145,0.5796777606010437,0
1887,1261,0.653846025466919,0
1887,1690,0.6180651187896729,0
1887,1860,0.9393821358680725,0
1887,763,0.6907857060432434,0
1887,988,1.2547080516815186,0
1887,1306,0.6811829805374146,0
1887,1858,0.7835686206817627,0
1887,607,0.7238927483558655,0
1887,2021,0.6357974410057068,0
1887,157,0.5870316028594971,0
1720,612,0.6675670146942139,1
1720,290,0.7054318189620972,0
1720,191,0.6959344744682312,0
1720,276,0.6897352933883667,0
1720,1948,0.8875283002853394,0
1720,1427,0.7334439158439636,0
1720,1495,0.7743864059448242,0
1720,1686,1.024828553199768,0
1720,706,0.6800241470336914,0
1720,1165,0.6363374590873718,0
1720,1503,0.5490882396697998,0
1720,1007,0.7234736680984497,0
1720,393,0.8054476976394653,0
1720,1643,1.4180216789245605,0
1720,1619,0.6035073399543762,0
1720,1715,0.9469420313835144,0
1720,934,0.8916942477226257,0
1720,1727,0.7120127081871033,0
1720,652,0.7849093675613403,0
1720,954,0.8619092106819153,0
1968,1122,1.1217585802078247,1
1968,1469,0.7404001951217651,0
1968,158,0.8629715442657471,0
1968,497,0.7299602031707764,0
1968,1406,0.5372911095619202,0
1968,1310,0.932119607925415,0
1968,673,0.624051570892334,0
1968,798,0.8932725191116333,0
1968,1261,0.76583331823349,0
1968,563,0.6711162328720093,0
1968,1630,0.9976147413253784,0
1968,1264,0.7388967871665955,0
1968,1100,0.5223822593688965,0
1968,543,0.5500596761703491,0
1968,1412,0.6171711087226868,0
1968,1858,0.9062196016311646,0
1968,1459,0.8522891998291016,0
1968,1105,0.6187868118286133,0
1968,285,0.7693502902984619,0
1968,896,0.7982764840126038,0
384,1932,1.7963052988052368,1
384,32,0.7048012018203735,0
384,961,0.6408870220184326,0
384,1710,0.7386612892150879,0
384,1148,0.6044217944145203,0
384,366,0.8300430774688721,0
384,102,0.6946889162063599,0
384,1515,0.8601392507553101,0
384,1887,0.6602201461791992,0
384,503,0.5991381406784058,0
384,322,0.6517884135246277,0
384,1738,0.47320613265037537,0
384,1525,1.0511438846588135,0
384,2012,0.6809154748916626,0
384,1681,0.6572513580322266,0
384,526,0.6994200348854065,0
384,563,0.5397089719772339,0
384,1413,0.5013736486434937,0
384,1346,0.5834259986877441,0
384,1727,0.6354405283927917,0
1404,1250,0.7170462608337402,1
1404,284,0.6369795203208923,0
1404,977,0.6956535577774048,0
1404,482,0.8314381837844849,0
1404,1561,0.9448400735855103,0
1404,1419,0.6205101013183594,0
1404,1057,0.46280813217163086,0
1404,229,0.83984375,0
1404,1226,0.4089779257774353,0
1404,738,0.5558801889419556,0
1404,1165,0.5295587778091431,0
1404,1071,0.5878662467002869,0
1404,162,0.5059985518455505,0
1404,769,0.5475549697875977,0
1404,666,0.6081886887550354,0
1404,935,0.5769273042678833,0
1404,1943,0.5772779583930969,0
1404,1763,0.5205931663513184,0
1404,1065,0.672472357749939,0
1404,1507,1.1920056343078613,0
3538,827,0.5997414588928223,1
3538,1654,0.9538916945457458,0
3538,564,0.5982301235198975,0
3538,1961,0.6988677382469177,0
3538,80,0.8712413311004639,0
3538,1572,0.701485276222229,0
3538,1064,0.670522928237915,0
3538,1833,0.6817722320556641,0
3538,44,0.6616811156272888,0
3538,635,0.5751144886016846,0
3538,575,0.6429249048233032,0
3538,1824,0.5270978212356567,0
3538,396,0.7186831831932068,0
3538,1065,0.738511323928833,0
3538,1831,0.7015237808227539,0
3538,616,0.6954548954963684,0
3538,837,0.928259551525116,0
3538,967,0.5471380352973938,0
3538,1415,0.6165325045585632,0
3538,1356,0.7169593572616577,0
839,1434,1.1891703605651855,1
839,428,0.801996111869812,0
839,1879,0.7357122898101807,0
839,190,0.7946338057518005,0
839,191,0.707157552242279,0
839,1964,0.6717715859413147,0
839,1151,0.7216929197311401,0
839,1560,0.5155028104782104,0
839,462,1.0741569995880127,0
839,1608,0.9809930920600891,0
839,958,1.3102588653564453,0
839,1938,0.6001443862915039,0
839,2039,0.9208999872207642,0
839,1476,0.9381433129310608,0
839,776,0.4851689636707306,0
839,682,0.7156399488449097,0
839,1909,0.755742609500885,0
839,1000,1.0003080368041992,0
839,261,0.7759169340133667,0
839,1836,0.9085879921913147,0
221,1374,0.506905734539032,1
221,1384,0.7391654253005981,0
221,1600,0.6049233078956604,0
221,1841,0.5537183284759521,0
221,895,0.7131354808807373,0
221,729,0.525657057762146,0
221,885,0.6871379017829895,0
221,579,0.9223010540008545,0
221,536,0.6759214997291565,0
221,516,0.678968608379364,0
221,1174,0.6140254735946655,0
221,815,0.7428209781646729,0
221,1899,0.6247846484184265,0
221,75,0.47945645451545715,0
221,91,0.873968780040741,0
221,388,0.581861138343811,0
221,46,0.5720220804214478,0
221,159,1.1652588844299316,0
221,979,0.6063389182090759,0
221,364,0.7382934093475342,0
212,421,0.531446635723114,1
212,39,0.7979862689971924,0
212,267,0.5973296165466309,0
212,954,0.9310688972473145,0
212,793,0.6575979590415955,0
212,764,0.7466431260108948,0
212,1860,1.0515893697738647,0
212,1979,0.7358618974685669,0
212,1858,0.9474006295204163,0
212,289,0.8769631385803223,0
212,1076,0.8953032493591309,0
212,1343,0.7713105082511902,0
212,1939,0.8265124559402466,0
212,474,0.8107715249061584,0
212,33,0.9979262351989746,0
212,1711,0.7652319669723511,0
212,1809,1.0184049606323242,0
212,1527,0.6362440586090088,0
212,116,0.5952118635177612,0
212,1603,0.6923251748085022,0
3148,1759,0.6486799120903015,1
3148,1619,0.5394926071166992,0
3148,1842,0.7617828845977783,0
3148,595,1.064424753189087,0
3148,511,1.1891131401062012,0
3148,521,0.4606439471244812,0
3148,63,0.6557784676551819,0
3148,318,0.6359825730323792,0
3148,1766,0.6843606233596802,0
3148,1634,0.6518561840057373,0
3148,748,0.6509361863136292,0
3148,819,0.7273535132408142,0
3148,1894,0.705754280090332,0
3148,1146,0.6613293290138245,0
3148,1992,0.6544352769851685,0
3148,1615,0.6873775720596313,0
3148,962,1.1609442234039307,0
3148,993,0.8482604026794434,0
3148,652,0.703255295753479,0
3148,1905,0.8283200263977051,0
3331,277,0.5700991749763489,1
3331,942,0.6825101375579834,0
3331,657,0.5419052243232727,0
3331,1348,0.7352301478385925,0
3331,837,0.8328651785850525,0
3331,1081,0.4631815552711487,0
3331,511,1.0536906719207764,0
3331,2062,2.7677831649780273,0
3331,1383,0.5071916580200195,0
3331,321,0.5456393957138062,0
3331,1109,0.5654071569442749,0
3331,1142,0.5557317733764648,0
3331,1889,0.5930410027503967,0
3331,305,0.5145052075386047,0
3331,1093,0.5064591765403748,0
3331,66,0.6456125974655151,0
3331,1662,0.6149666905403137,0
3331,895,0.6193868517875671,0
3331,1475,0.6126391887664795,0
3331,507,0.4645146131515503,0
693,1688,0.47447633743286133,1
693,594,1.0492275953292847,0
693,631,0.4321102499961853,0
693,424,0.6937263607978821,0
693,984,0.6121134757995605,0
693,988,1.2195781469345093,0
693,1147,0.8101613521575928,0
693,1073,0.4945303797721863,0
693,751,0.4859461784362793,0
693,245,0.6292186379432678,0
693,1716,0.5298286080360413,0
693,1058,0.7861366271972656,0
693,1822,0.9209891557693481,0
693,932,1.0062683820724487,0
693,1889,0.6331098675727844,0
693,1350,0.5355709195137024,0
693,2066,0.6800268888473511,0
693,21,0.42915743589401245,0
693,1089,0.5716612339019775,0
693,1853,0.9577181935310364,0
2285,1160,1.2261717319488525,1
2285,403,0.6171910166740417,0
2285,102,0.6569809913635254,0
2285,1916,0.49905723333358765,0
2285,1200,0.5873200297355652,0
2285,1658,1.907787561416626,0
2285,1242,0.6666532754898071,0
2285,1580,0.6628789305686951,0
2285,810,0.5674655437469482,0
2285,411,0.4419998526573181,0
2285,1024,0.6754867434501648,0
2285,1918,0.8047124147415161,0
2285,1260,0.6664563417434692,0
2285,325,0.8394699096679688,0
2285,1241,0.45868128538131714,0
2285,266,0.5329932570457458,0
2285,1788,0.5441029071807861,0
2285,632,0.5338725447654724,0
2285,882,0.500880777835846,0
2285,864,0.566299557685852,0
2588,292,0.562082052230835,1
2588,1084,0.6570040583610535,0
2588,1729,0.8449746966362,0
2588,845,1.1696566343307495,0
2588,1876,2.003571033477783,0
2588,1642,0.9878884553909302,0
2588,1234,0.577461302280426,0
2588,1889,0.7125751376152039,0
2588,295,0.5796928405761719,0
2588,1255,0.9881901741027832,0
2588,628,1.0621470212936401,0
2588,105,0.798596978187561,0
2588,1666,0.8949050307273865,0
2588,1960,0.7033724784851074,0
2588,987,0.8116711378097534,0
2588,83,0.709714412689209,0
2588,300,0.5400449633598328,0
2588,348,0.5480644106864929,0
2588,1321,0.6235668659210205,0
2588,1127,0.5418251752853394,0
453,1852,0.5899786949157715,1
453,1919,0.6005508899688721,0
453,834,0.9017998576164246,0
453,1200,0.6189830303192139,0
453,95,0.557331383228302,0
453,1425,0.5689775347709656,0
453,1170,0.9013057947158813,0
453,1878,0.7380359172821045,0
453,1092,0.8776768445968628,0
453,138,0.550412118434906,0
453,1818,1.0021474361419678,0
453,897,0.5052390098571777,0
453,596,0.7958762645721436,0
453,110,0.4772617220878601,0
453,240,0.6736274361610413,0
453,1063,0.4344574213027954,0
453,904,0.699752926826477,0
453,485,0.7305606007575989,0
453,1533,0.570521354675293,0
453,1213,0.5097386837005615,0
913,511,1.311086893081665,1
913,1446,0.6228083968162537,0
913,1582,0.6001062989234924,0
913,1365,0.8795877695083618,0
913,236,0.6482160091400146,0
913,278,0.5450716018676758,0
913,1885,0.6633867621421814,0
913,4,0.6225051879882812,0
913,384,0.5688307881355286,0
913,1908,0.4790290296077728,0
913,338,0.6329285502433777,0
913,1854,0.44981977343559265,0
913,130,0.6698650121688843,0
913,320,0.6716520190238953,0
913,292,0.5182482004165649,0
913,1674,0.48226267099380493,0
913,973,0.6854481101036072,0
913,498,0.6144804954528809,0
913,1084,0.6395648121833801,0
913,1931,0.6325765252113342,0
1965,1224,1.0577303171157837,1
1965,1570,0.49062997102737427,0
1965,1672,0.4602011442184448,0
1965,324,0.4943408966064453,0
1965,147,0.5171312093734741,0
1965,1965,0.8102445006370544,0
1965,1766,0.6164838075637817,0
1965,1944,0.5285989046096802,0
1965,666,0.6541838645935059,0
1965,425,0.4770868718624115,0
1965,1984,0.6736635565757751,0
1965,1283,0.5586140751838684,0
1965,1937,0.6582043766975403,0
1965,1025,0.5445539355278015,0
1965,1930,0.6046959757804871,0
1965,1333,0.7164775729179382,0
1965,42,0.5359610915184021,0
1965,1826,0.6247994899749756,0
1965,613,0.9060753583908081,0
1965,946,0.7586807608604431,0
1494,1195,0.6172278523445129,1
1494,35,0.6349275708198547,0
1494,1511,0.7071144580841064,0
1494,1424,0.7237314581871033,0
1494,1573,0.8178101181983948,0
1494,2043,0.5275318026542664,0
1494,2041,0.7268338203430176,0
1494,1242,0.782141387462616,0
1494,1009,0.8623179197311401,0
1494,869,0.6803727149963379,0
1494,527,0.599423348903656,0
1494,1920,0.6744604706764221,0
1494,1731,0.6590745449066162,0
1494,376,0.5574716329574585,0
1494,238,0.8925248384475708,0
1494,215,0.6356090903282166,0
1494,1214,1.1577844619750977,0
1494,1640,0.8412975072860718,0
1494,1336,0.6818032264709473,0
1494,625,0.6894007921218872,0
3651,901,0.5470608472824097,1
3651,507,0.4680556058883667,0
3651,1304,0.5528206825256348,0
3651,706,0.5754879117012024,0
3651,676,0.7146117687225342,0
3651,2060,0.7653141021728516,0
3651,2053,0.5690758228302002,0
3651,1726,0.5247976779937744,0
3651,543,0.40352362394332886,0
3651,155,0.5365700721740723,0
3651,1722,0.5466248989105225,0
3651,650,0.6389899253845215,0
3651,801,1.09771728515625,0
3651,788,0.5696321725845337,0
3651,682,0.5894156098365784,0
3651,388,0.5183229446411133,0
3651,604,0.48973548412323,0
3651,2063,0.4403317868709564,0
3651,903,0.836113691329956,0
3651,460,0.6306600570678711,0
3739,590,1.6146905422210693,1
3739,161,0.6448606252670288,0
3739,1132,0.8818803429603577,0
3739,385,0.8455163836479187,0
3739,1372,0.7699887752532959,0
3739,920,0.7158389091491699,0
3739,1889,0.7846083641052246,0
3739,1552,0.6620165109634399,0
3739,1687,0.7733670473098755,0
3739,330,1.5351982116699219,0
3739,1813,0.7769309878349304,0
3739,248,0.883328914642334,0
3739,686,0.7010613083839417,0
3739,1987,0.7901324033737183,0
3739,1621,0.6083558201789856,0
3739,737,0.5910913944244385,0
3739,813,0.7233651280403137,0
3739,1943,0.7550806403160095,0
3739,377,1.0406386852264404,0
3739,1433,1.0100469589233398,0
2626,1818,1.0556931495666504,1
2626,1732,0.9457712173461914,0
2626,1169,0.8304389715194702,0
2626,940,0.6408088207244873,0
2626,341,0.48277848958969116,0
2626,1797,0.9892358183860779,0
2626,1998,0.6347904205322266,0
2626,101,1.13926362991333,0
2626,1631,0.7429025769233704,0
2626,373,0.8137003779411316,0
2626,103,1.2945306301116943,0
2626,1121,0.8144028782844543,0
2626,930,0.9773890972137451,0
2626,60,0.7196016311645508,0
2626,1143,0.5214906930923462,0
2626,1431,0.6655300855636597,0
2626,562,0.7023980617523193,0
2626,1162,0.5933928489685059,0
2626,966,0.6329323053359985,0
2626,1652,0.7067213654518127,0
1139,297,1.0892966985702515,1
1139,335,1.0137265920639038,0
1139,1240,0.7591286301612854,0
1139,1722,0.6148322820663452,0
1139,1279,0.7181546092033386,0
1139,1420,0.7188012599945068,0
1139,963,0.6293192505836487,0
1139,507,0.5332780480384827,0
1139,1873,0.7387599945068359,0
1139,1014,0.877165675163269,0
1139,1057,0.5570248961448669,0
1139,1792,0.9053776860237122,0
1139,1662,0.7186194658279419,0
1139,1455,0.6530006527900696,0
1139,1118,0.5113263726234436,0
1139,977,0.83427894115448,0
1139,945,0.5481991767883301,0
1139,265,0.662394106388092,0
1139,588,0.6287818551063538,0
1139,1111,0.5929228067398071,0
82,1023,0.8794889450073242,1
82,1532,0.96470046043396,0
82,121,0.6079543232917786,0
82,280,0.6436747312545776,0
82,535,0.651401698589325,0
82,788,0.6341148018836975,0
82,515,0.5233204960823059,0
82,324,0.5300524234771729,0
82,1360,0.7343804836273193,0
82,976,0.932015061378479,0
82,332,0.6474462151527405,0
82,663,0.5917542576789856,0
82,1264,0.6392039060592651,0
82,747,0.6933664083480835,0
82,711,0.77818363904953,0
82,852,0.5937237739562988,0
82,149,1.8807789087295532,0
82,1497,0.5979539155960083,0
82,382,0.4848330020904541,0
82,2046,0.6778112649917603,0
3713,1222,0.4981817603111267,1
3713,1750,0.639967143535614,0
3713,110,0.4787130355834961,0
3713,894,0.6175130009651184,0
3713,1330,0.4509498178958893,0
3713,1440,0.5732383131980896,0
3713,943,0.6196920871734619,0
3713,1974,0.5949745774269104,0
3713,1772,0.6338302493095398,0
3713,1681,0.6028145551681519,0
3713,741,0.5187524557113647,0
3713,1450,0.5708886384963989,0
3713,2001,0.5237486362457275,0
3713,1043,0.8159357309341431,0
3713,308,0.9792771935462952,0
3713,652,0.7039071321487427,0
3713,1680,0.6318681240081787,0
3713,1237,0.5223064422607422,0
3713,768,0.5635072588920593,0
3713,836,0.9849749207496643,0
2137,1675,0.7169119715690613,1
2137,925,0.5508401393890381,0
2137,756,0.8443716764450073,0
2137,63,0.6459954977035522,0
2137,1252,0.46657049655914307,0
2137,1640,0.7867168188095093,0
2137,228,0.6915125250816345,0
2137,259,0.49579885601997375,0
2137,1280,0.5941362380981445,0
2137,1907,0.8200965523719788,0
2137,968,0.7887442111968994,0
2137,611,0.6592267751693726,0
2137,1631,0.7277721166610718,0
2137,1345,0.5516205430030823,0
2137,764,0.6447992920875549,0
2137,1638,0.6599238514900208,0
2137,1321,0.6172306537628174,0
2137,350,0.6738488078117371,0
2137,1597,1.0155466794967651,0
2137,1566,0.5963646173477173,0
3946,1433,0.8634365797042847,1
3946,95,0.5627809762954712,0
3946,794,0.743567943572998,0
3946,1036,0.6591742038726807,0
3946,617,0.5344018340110779,0
3946,910,0.7240236401557922,0
3946,553,0.6713961362838745,0
3946,604,0.5298916101455688,0
3946,1376,0.6130915880203247,0
3946,995,1.1079133749008179,0
3946,792,0.9674935340881348,0
3946,939,0.5520051121711731,0
3946,1031,0.5284943580627441,0
3946,1225,0.4911651909351349,0
3946,355,0.554245114326477,0
3946,522,0.7591846585273743,0
3946,1600,0.5676354765892029,0
3946,1780,0.6408668756484985,0
3946,1162,0.5824940800666809,0
3946,1426,0.5764405131340027,0
2038,1180,0.741926908493042,1
2038,761,0.5108128786087036,0
2038,1854,0.4082070589065552,0
2038,1745,0.37240809202194214,0
2038,2034,0.672461986541748,0
2038,53,0.46125227212905884,0
2038,1786,0.523444652557373,0
2038,1507,1.1302168369293213,0
2038,61,0.548251211643219,0
2038,1008,0.5473858118057251,0
2038,1940,0.5281996130943298,0
2038,979,0.4899740219116211,0
2038,902,0.43043994903564453,0
2038,589,0.4810032844543457,0
2038,922,0.5982571244239807,0
2038,997,0.5602548718452454,0
2038,1269,0.5542691349983215,0
2038,1527,0.4276963770389557,0
2038,439,1.131266713142395,0
2038,191,0.5527970194816589,0
10,1231,0.879349946975708,1
10,1916,0.5619495511054993,0
10,1476,0.7837495803833008,0
10,1763,0.6358329057693481,0
10,369,1.2390683889389038,0
10,1902,0.4423741102218628,0
10,800,0.6844373941421509,0
10,964,0.5556044578552246,0
10,3,0.6149381995201111,0
10,1384,0.7026509642601013,0
10,766,0.4716152548789978,0
10,188,0.8133782744407654,0
10,931,0.5279129147529602,0
10,1174,0.59066241979599,0
10,407,1.1810474395751953,0
10,1589,1.114717721939087,0
10,2008,0.9061902761459351,0
10,1053,0.8997782468795776,0
10,1548,0.9939143657684326,0
10,1439,0.6338707208633423,0
122,1719,0.8128458261489868,1
122,569,0.6962581276893616,0
122,1783,0.8020270466804504,0
122,928,0.672627866268158,0
122,706,0.610594630241394,0
122,619,0.7284202575683594,0
122,404,0.6554591059684753,0
122,773,0.6752455830574036,0
122,2074,0.5162712335586548,0
122,1057,0.4955821931362152,0
122,450,0.4058895707130432,0
122,2005,0.6136945486068726,0
122,198,0.6753106117248535,0
122,1961,0.7148958444595337,0
122,1116,0.5992723107337952,0
122,352,0.7053698897361755,0
122,434,0.6244065761566162,0
122,1433,0.9075679779052734,0
122,1579,0.8263792991638184,0
122,158,0.7378926277160645,0
2936,509,0.49822330474853516,1
2936,1391,0.5945690870285034,0
2936,405,0.6187688112258911,0
2936,790,0.8157221078872681,0
2936,1018,0.47301819920539856,0
2936,976,0.9007121324539185,0
2936,1059,0.45630717277526855,0
2936,324,0.5086299777030945,0
2936,1998,0.5875697135925293,0
2936,704,0.6505066156387329,0
2936,1081,0.47841909527778625,0
2936,1728,0.8612948656082153,0
2936,1446,0.6083247661590576,0
2936,289,0.7103667855262756,0
2936,574,0.5966790318489075,0
2936,194,0.6153540015220642,0
2936,1325,0.7185609340667725,0
2936,1241,0.5097267627716064,0
2936,980,1.2623791694641113,0
2936,237,1.0278711318969727,0
291,1864,0.7779198884963989,1
291,1481,0.8573501706123352,0
291,227,0.5880202651023865,0
291,27,0.8865834474563599,0
291,120,1.0669798851013184,0
291,387,0.6381741762161255,0
291,1711,0.7802239656448364,0
291,1044,0.5972144603729248,0
291,404,0.80405193567276,0
291,1991,0.7990013360977173,0
291,787,0.8051702380180359,0
291,591,0.7401537895202637,0
291,1349,0.8289995193481445,0
291,467,0.6269077062606812,0
291,1536,1.3559057712554932,0
291,1122,1.2049578428268433,0
291,607,0.913364052772522,0
291,330,1.5393145084381104,0
291,17,0.7901597023010254,0
291,1659,0.8392423987388611,0
2405,615,0.5449755787849426,1
2405,1152,0.4676518440246582,0
2405,1297,0.565705418586731,0
2405,1890,0.6667312979698181,0
2405,464,0.6203510165214539,0
2405,1019,0.8172830939292908,0
2405,1871,0.7389166355133057,0
2405,1924,0.3937610387802124,0
2405,1747,0.4648199677467346,0
2405,1957,0.6385724544525146,0
2405,1891,0.7669895887374878,0
2405,1524,0.6399813890457153,0
2405,774,0.5553209781646729,0
2405,1807,0.4993482828140259,0
2405,1800,0.5846386551856995,0
2405,928,0.6059781312942505,0
2405,1211,0.6467984914779663,0
2405,289,0.6719856262207031,0
2405,2015,0.44747817516326904,0
2405,1007,0.5772299766540527,0
1732,1140,0.5383012294769287,1
1732,1284,0.713219404220581,0
1732,533,1.157597541809082,0
1732,755,0.9361589550971985,0
1732,1361,0.9122725129127502,0
1732,212,1.0196164846420288,0
1732,1535,0.9933447241783142,0
1732,1275,0.44692501425743103,0
1732,2009,0.7436612844467163,0
1732,322,0.6819102168083191,0
1732,697,0.883590579032898,0
1732,335,1.0144305229187012,0
1732,1396,0.8315241932868958,0
1732,2057,0.7713490724563599,0
1732,879,0.7667214870452881,0
1732,140,0.7537139654159546,0
1732,16,0.4365161061286926,0
1732,665,0.5746432542800903,0
1732,699,1.3937958478927612,0
1732,522,0.798114538192749,0
1542,1434,0.8324695229530334,1
1542,1159,0.7347345948219299,0
1542,1699,0.5508391857147217,0
1542,447,0.8047277927398682,0
1542,1553,0.6795508861541748,0
1542,527,0.5762219429016113,0
1542,627,0.6038312315940857,0
1542,1351,0.7611379027366638,0
1542,666,0.6786791682243347,0
1542,175,0.5763183832168579,0
1542,1558,0.40836066007614136,0
1542,1499,0.7117627263069153,0
1542,680,1.087031602859497,0
1542,338,0.6345458626747131,0
1542,1888,0.7066301107406616,0
1542,610,0.47696518898010254,0
1542,1318,0.5653420686721802,0
1542,1140,0.5099831819534302,0
1542,642,0.614342987537384,0
1542,1008,0.6336389183998108,0
1770,1489,0.6092517375946045,1
1770,115,0.5834552049636841,0
1770,72,0.6695130467414856,0
1770,2031,0.7048336863517761,0
1770,311,0.7495520114898682,0
1770,1648,0.5360097885131836,0
1770,1296,0.5639918446540833,0
1770,308,1.0189212560653687,0
1770,1230,0.6191422343254089,0
1770,1284,0.6897095441818237,0
1770,1816,0.5007533431053162,0
1770,378,0.46742600202560425,0
1770,1359,0.9842086434364319,0
1770,1174,0.586626410484314,0
1770,1235,0.6602570414543152,0
1770,1780,0.6398507356643677,0
1770,1390,0.7489604949951172,0
1770,1438,0.5371222496032715,0
1770,1063,0.4545907974243164,0
1770,1575,0.6388241052627563,0
1952,1435,0.8025411367416382,1
1952,299,0.7405909895896912,0
1952,775,0.6214654445648193,0
1952,42,0.6181421279907227,0
1952,362,0.8071030974388123,0
1952,1861,0.6958878636360168,0
1952,874,0.6988493800163269,0
1952,654,1.1087981462478638,0
1952,1196,0.6350682973861694,0
1952,1954,0.5271192789077759,0
1952,1579,0.8578277826309204,0
1952,1806,2.0248868465423584,0
1952,1599,0.4953014552593231,0
1952,568,0.7361561059951782,0
1952,236,0.7252245545387268,0
1952,1549,1.0196664333343506,0
1952,1225,0.5168837308883667,0
1952,2020,0.7888705134391785,0
1952,646,0.5379468202590942,0
1952,1775,0.5877095460891724,0
2476,104,1.327784776687622,1
2476,57,0.6896764636039734,0
2476,1035,0.8773441314697266,0
2476,284,0.7248231768608093,0
2476,714,0.663885235786438,0
2476,1452,0.4869237542152405,0
2476,1295,0.7574490308761597,0
2476,1480,0.6716117262840271,0
2476,1675,0.7151021957397461,0
2476,234,0.7684630155563354,0
2476,1325,0.7617502212524414,0
2476,731,0.7194055318832397,0
2476,313,0.5056748986244202,0
2476,862,0.6345692276954651,0
2476,1210,0.867182195186615,0
2476,788,0.6395782828330994,0
2476,711,0.7875366806983948,0
2476,1239,0.6376549005508423,0
2476,1938,0.5630319714546204,0
2476,1204,0.5046531558036804,0
3193,732,0.41158467531204224,1
3193,474,0.6218612194061279,0
3193,1872,0.489397794008255,0
3193,1953,0.7762961387634277,0
3193,1191,0.43460091948509216,0
3193,737,0.4483170211315155,0
3193,712,0.6122220754623413,0
3193,519,0.5740083456039429,0
3193,1812,0.5469394326210022,0
3193,924,0.7609438896179199,0
3193,1217,0.5717597007751465,0
3193,126,0.5378495454788208,0
3193,152,0.6947780847549438,0
3193,2055,0.42063355445861816,0
3193,32,0.611380398273468,0
3193,14,0.6455259323120117,0
3193,1634,0.5653793811798096,0
3193,757,0.49004536867141724,0
3193,726,0.5966618061065674,0
3193,1915,0.6509444117546082,0
2662,229,0.826818585395813,1
2662,152,0.7322543859481812,0
2662,466,0.6201386451721191,0
2662,1946,0.8308457732200623,0
2662,1428,0.7022407054901123,0
2662,1764,0.47781357169151306,0
2662,491,0.42465710639953613,0
2662,1708,0.6491677761077881,0
2662,1879,0.597445011138916,0
2662,1,0.5708649158477783,0
2662,120,0.8116298317909241,0
2662,1171,0.6392942070960999,0
2662,94,0.6682069897651672,0
2662,922,0.607907235622406,0
2662,29,0.4920400083065033,0
2662,161,0.4963999092578888,0
2662,1348,0.7536020278930664,0
2662,1573,0.6829739809036255,0
2662,1603,0.519723653793335,0
2662,420,0.5296506285667419,0
2981,241,0.517196774482727,1
2981,1886,0.5556774139404297,0
2981,435,0.5816383361816406,0
2981,124,0.3985397219657898,0
2981,2078,0.6074163317680359,0
2981,1914,0.7423648238182068,0
2981,1223,0.4353710114955902,0
2981,1987,0.5982420444488525,0
2981,22,0.49265560507774353,0
2981,1262,0.5416359305381775,0
2981,1158,0.5208486318588257,0
2981,587,0.424967885017395,0
2981,1606,0.48092031478881836,0
2981,1316,0.5149665474891663,0
2981,86,0.7856529355049133,0
2981,814,0.596418559551239,0
2981,2021,0.6053629517555237,0
2981,826,0.5947293639183044,0
2981,304,0.48511144518852234,0
2981,1705,0.8947257995605469,0
4016,554,0.5958538055419922,1
4016,1871,0.7720934152603149,0
4016,622,0.5137666463851929,0
4016,2039,0.782333254814148,0
4016,1650,0.8377104997634888,0
4016,908,0.6422250866889954,0
4016,299,0.6570280194282532,0
4016,1251,0.6303476095199585,0
4016,205,0.578152060508728,0
4016,1110,0.71177077293396,0
4016,1057,0.5093609094619751,0
4016,438,0.6153363585472107,0
4016,125,0.7087804079055786,0
4016,752,0.611334502696991,0
4016,1466,0.6703701615333557,0
4016,1362,0.6444869637489319,0
4016,1657,0.5369811654090881,0
4016,537,0.7340021729469299,0
4016,354,0.5076863169670105,0
4016,1252,0.48039382696151733,0
2490,1924,0.33968615531921387,1
2490,1377,0.7619383335113525,0
2490,824,0.7595280408859253,0
2490,1835,0.5432567596435547,0
2490,1109,0.5175522565841675,0
2490,579,0.7294740676879883,0
2490,318,0.5664152503013611,0
2490,190,0.579414963722229,0
2490,907,0.5891575813293457,0
2490,196,0.47804152965545654,0
2490,353,0.5509926080703735,0
2490,1989,0.5705040097236633,0
2490,895,0.5444478392601013,0
2490,1338,0.496906578540802,0
2490,340,0.6708702445030212,0
2490,1202,0.6267868280410767,0
2490,821,0.3811463713645935,0
2490,1075,0.33789244294166565,0
2490,1657,0.4484846591949463,0
2490,1193,0.4271228313446045,0
243,1658,2.197706937789917,1
243,385,0.8277215957641602,0
243,809,0.6937307119369507,0
243,116,0.5629363059997559,0
243,470,0.7543988823890686,0
243,2008,1.004197597503662,0
243,337,0.9936246871948242,0
243,1975,0.8699016571044922,0
243,581,0.7200900316238403,0
243,170,0.7650667428970337,0
243,1446,0.7147560715675354,0
243,1343,0.7200633883476257,0
243,1280,0.7129230499267578,0
243,1028,0.787684440612793,0
243,1998,0.684904158115387,0
243,1976,0.9413412809371948,0
243,493,0.7459295392036438,0
243,227,0.5426375269889832,0
243,902,0.5797692537307739,0
243,2076,0.8672829866409302,0
2671,1820,0.545880138874054,1
2671,1644,0.7564518451690674,0
2671,953,0.741165280342102,0
2671,1321,0.5672152042388916,0
2671,1701,0.39694416522979736,0
2671,765,0.8735767006874084,0
2671,367,0.5536032319068909,0
2671,396,0.6342237591743469,0
2671,673,0.43844926357269287,0
2671,1683,0.6306635141372681,0
2671,1795,0.9036437273025513,0
2671,655,1.173715591430664,0
2671,965,1.2266926765441895,0
2671,1280,0.5650895833969116,0
2671,1004,0.5828707218170166,0
2671,1968,0.5509064793586731,0
2671,1749,0.5562793612480164,0
2671,99,0.4459374248981476,0
2671,1308,0.4408015310764313,0
2671,1482,0.6176857352256775,0
2193,356,0.4827820360660553,1
2193,951,0.414490669965744,0
2193,296,0.5520696640014648,0
2193,1485,0.5338842868804932,0
2193,8,0.7033138275146484,0
2193,307,0.7539600133895874,0
2193,1878,0.7835887670516968,0
2193,150,0.6208271384239197,0
2193,764,0.5961803793907166,0
2193,500,0.6509599685668945,0
2193,1396,0.8084571957588196,0
2193,1300,0.6419486403465271,0
2193,1355,1.008370041847229,0
2193,1767,0.4528285562992096,0
2193,1866,0.8767120838165283,0
2193,1925,0.5737125873565674,0
2193,1837,0.5917928814888,0
2193,866,0.6243706345558167,0
2193,459,0.5465522408485413,0
2193,997,0.6487675905227661,0
1614,1053,0.8673808574676514,1
1614,132,0.6512817144393921,0
1614,758,0.6293056607246399,0
1614,1235,0.6628431677818298,0
1614,733,0.7963641285896301,0
1614,779,0.59027099609375,0
1614,365,0.6081584692001343,0
1614,1455,0.6057297587394714,0
1614,315,0.7739930748939514,0
1614,39,0.6719993352890015,0
1614,517,0.7095457315444946,0
1614,1939,0.673557460308075,0
1614,1476,0.7651613354682922,0
1614,494,0.652553141117096,0
1614,136,0.6592455506324768,0
1614,1645,0.6470282077789307,0
1614,285,0.6545010805130005,0
1614,640,0.9629032611846924,0
1614,1934,0.7335449457168579,0
1614,694,0.49115413427352905,0
2620,1075,0.4610799551010132,1
2620,686,0.6222030520439148,0
2620,1552,0.6014733910560608,0
2620,1768,0.4849569499492645,0
2620,732,0.4851037561893463,0
2620,1987,0.6986792087554932,0
2620,676,0.7896765470504761,0
2620,1287,0.7326318621635437,0
2620,380,0.6387478113174438,0
2620,1945,0.5263299942016602,0
2620,1574,0.604843258857727,0
2620,328,0.9716020822525024,0
2620,1898,0.6973744034767151,0
2620,1487,0.672516405582428,0
2620,1266,0.5810537934303284,0
2620,221,0.7373372912406921,0
2620,1098,0.6393131613731384,0
2620,245,0.7011328935623169,0
2620,640,1.0033700466156006,0
2620,1666,0.8877577185630798,0
3047,1515,0.806694746017456,1
3047,1306,0.6527566909790039,0
3047,1108,0.6068216562271118,0
3047,622,0.49342215061187744,0
3047,1890,0.6646593809127808,0
3047,1333,0.7233991622924805,0
3047,1882,0.38681280612945557,0
3047,1612,0.621985673904419,0
3047,1823,0.8038874268531799,0
3047,1977,0.6284526586532593,0
3047,1104,1.0947654247283936,0
3047,331,0.4240149259567261,0
3047,2015,0.4635559320449829,0
3047,1431,0.5904149413108826,0
3047,1320,0.6427649259567261,0
3047,889,0.6064823269844055,0
3047,955,0.6426658630371094,0
3047,1354,0.6280455589294434,0
3047,64,0.5446025729179382,0
3047,2034,0.725186824798584,0
3290,550,0.6215521693229675,1
3290,1636,1.0439786911010742,0
3290,777,0.6682621836662292,0
3290,1229,0.6409450769424438,0
3290,1356,0.6900011897087097,0
3290,1863,0.5610753893852234,0
3290,1501,0.6346750259399414,0
3290,347,0.4448181986808777,0
3290,132,0.621715784072876,0
3290,1078,0.605893075466156,0
3290,271,1.1126925945281982,0
3290,1879,0.642697274684906,0
3290,665,0.5175213813781738,0
3290,1992,0.6417368054389954,0
3290,891,0.7413963079452515,0
3290,31,0.6875835657119751,0
3290,1704,0.6915529370307922,0
3290,1658,1.8554785251617432,0
3290,589,0.5405435562133789,0
3290,1175,0.6789160370826721,0
3442,1052,0.5566627383232117,1
3442,2011,0.6726716756820679,0
3442,45,0.49987706542015076,0
3442,143,0.6386376619338989,0
3442,832,0.5829313397407532,0
3442,675,0.6015259027481079,0
3442,1308,0.5180657505989075,0
3442,1465,0.6300311088562012,0
3442,1087,0.6016407608985901,0
3442,1580,0.6628161072731018,0
3442,310,0.7293849587440491,0
3442,1684,0.6048742532730103,0
3442,1019,0.8522776365280151,0
3442,123,1.0307103395462036,0
3442,285,0.6515352725982666,0
3442,68,0.6787841320037842,0
3442,798,0.7804222702980042,0
3442,40,1.092164397239685,0
3442,462,0.9142768979072571,0
3442,691,0.755272388458252,0
1289,90,0.739588737487793,1
1289,1163,0.7754594683647156,0
1289,1395,0.7382544875144958,0
1289,1894,0.7576882839202881,0
1289,805,1.1303131580352783,0
1289,1384,0.7241541147232056,0
1289,919,0.9168641567230225,0
1289,1992,0.6892253756523132,0
1289,1733,0.8305361270904541,0
1289,1851,0.6443564295768738,0
1289,1578,1.4090321063995361,0
1289,1452,0.5363204479217529,0
1289,1482,0.7067910432815552,0
1289,1232,1.0633834600448608,0
1289,1416,0.8378250002861023,0
1289,1837,0.5825521349906921,0
1289,354,0.534220814704895,0
1289,1261,0.6716107130050659,0
1289,1775,0.5548174381256104,0
1289,1029,0.6630013585090637,0
1583,13,1.3036611080169678,1
1583,847,0.8791825771331787,0
1583,469,1.1738990545272827,0
1583,908,0.7156803011894226,0
1583,545,0.7219182848930359,0
1583,1700,0.7136606574058533,0
1583,1652,0.7350455522537231,0
1583,1730,0.9787675738334656,0
1583,143,0.6976667046546936,0
1583,1854,0.4833299219608307,0
1583,1792,0.9276819229125977,0
1583,1126,0.7313991189002991,0
1583,2037,0.94119793176651,0
1583,1457,0.8625110387802124,0
1583,755,0.9499161243438721,0
1583,1929,0.6562086939811707,0
1583,946,0.8862900733947754,0
1583,568,0.7531287670135498,0
1583,1333,0.8577498197555542,0
1583,1888,0.7673871517181396,0
1904,1990,0.7545158863067627,1
1904,1746,0.5911802053451538,0
1904,1797,0.8888596296310425,0
1904,1399,0.9967256784439087,0
1904,356,0.4492412507534027,0
1904,1721,0.7705589532852173,0
1904,541,0.7238645553588867,0
1904,991,0.5517498850822449,0
1904,1329,0.7447787523269653,0
1904,1286,0.542949378490448,0
1904,764,0.585616946220398,0
1904,115,0.5430152416229248,0
1904,1055,0.7757182717323303,0
1904,1690,0.5848916172981262,0
1904,26,0.6005079746246338,0
1904,2042,0.4202842116355896,0
1904,744,0.6144595146179199,0
1904,1364,0.751215934753418,0
1904,1915,0.6569938659667969,0
1904,536,0.5761615633964539,0
3422,329,0.5331113338470459,1
3422,540,0.7755318284034729,0
3422,1669,0.8717533349990845,0
3422,1796,0.7182723879814148,0
3422,703,0.49829190969467163,0
3422,65,0.6382783651351929,0
3422,58,0.6768045425415039,0
3422,284,0.6585977673530579,0
3422,1597,0.9190905690193176,0
3422,822,0.5686129331588745,0
3422,1506,0.490029513835907,0
3422,697,0.7436254024505615,0
3422,484,0.5691887140274048,0
3422,609,0.39607569575309753,0
3422,454,0.5513133406639099,0
3422,1423,1.1239981651306152,0
3422,2051,0.9164400696754456,0
3422,1708,0.6443604230880737,0
3422,1925,0.5325095057487488,0
3422,1985,0.7624530792236328,0
716,1273,1.1837584972381592,1
716,493,0.697742760181427,0
716,1442,0.6930700540542603,0
716,637,1.2732336521148682,0
716,1517,0.8053146600723267,0
716,649,0.9732750654220581,0
716,1903,0.5695525407791138,0
716,1351,0.8704389333724976,0
716,157,0.6471834182739258,0
716,1759,0.7472565770149231,0
716,259,0.5486223101615906,0
716,987,0.9095858931541443,0
716,1502,0.5301889777183533,0
716,1993,0.5848724246025085,0
716,2004,0.8218172192573547,0
716,940,0.6677691340446472,0
716,966,0.6365430355072021,0
716,1116,0.6407167315483093,0
716,55,1.0266313552856445,0
716,1876,2.4480509757995605,0
3480,700,1.2268952131271362,1
3480,481,0.6097486019134521,0
3480,1108,0.6537891030311584,0
3480,458,0.6073017120361328,0
3480,1922,0.629211962223053,0
3480,339,0.6576513648033142,0
3480,1932,1.7858446836471558,0
3480,748,0.6674754619598389,0
3480,1928,0.838935136795044,0
3480,1683,0.7209620475769043,0
3480,1726,0.5641685724258423,0
3480,609,0.4471564292907715,0
3480,1419,0.6937311887741089,0
3480,403,0.6996548771858215,0
3480,1417,0.5989532470703125,0
3480,767,0.6072180271148682,0
3480,1161,0.5186792612075806,0
3480,1313,0.9942127466201782,0
3480,917,0.5649080872535706,0
3480,1892,0.5100020170211792,0
3678,1569,0.42461341619491577,1
3678,764,0.5454893708229065,0
3678,744,0.5896393060684204,0
3678,1098,0.5487488508224487,0
3678,1824,0.48640578985214233,0
3678,1944,0.5185554623603821,0
3678,934,0.6789824366569519,0
3678,338,0.5585079193115234,0
3678,414,0.5114721059799194,0
3678,622,0.45364290475845337,0
3678,1321,0.5458844304084778,0
3678,1703,1.3607749938964844,0
3678,2020,0.6444442272186279,0
3678,156,0.6008210182189941,0
3678,1618,0.6531758308410645,0
3678,1831,0.6273589730262756,0
3678,462,0.7899753451347351,0
3678,890,0.5443248748779297,0
3678,865,0.5604594945907593,0
3678,505,0.5467644929885864,0
1561,1545,0.9989035129547119,1
1561,1062,0.6030306816101074,0
1561,1073,0.49844086170196533,0
1561,854,0.4662286341190338,0
1561,801,1.229663372039795,0
1561,1066,0.6742011308670044,0
1561,398,0.9284593462944031,0
1561,1419,0.659896969795227,0
1561,339,0.6359848976135254,0
1561,785,0.7563800811767578,0
1561,680,1.1863906383514404,0
1561,1410,0.588043749332428,0
1561,996,0.8787733316421509,0
1561,1004,0.6295852661132812,0
1561,1861,0.6057372689247131,0
1561,173,0.7543320655822754,0
1561,197,0.6810156106948853,0
1561,927,0.5753613710403442,0
1561,148,0.900483250617981,0
1561,295,0.5286210179328918,0
2407,628,1.2439411878585815,1
2407,1783,0.8441694378852844,0
2407,1463,0.9217721223831177,0
2407,143,0.679743766784668,0
2407,52,0.6842813491821289,0
2407,688,0.6840770840644836,0
2407,775,0.5650767087936401,0
2407,302,0.7038553953170776,0
2407,381,0.7517937421798706,0
2407,610,0.47553694248199463,0
2407,1088,0.976488471031189,0
2407,949,0.572236955165863,0
2407,400,0.5897855758666992,0
2407,1033,0.7616020441055298,0
2407,115,0.6205057501792908,0
2407,72,0.6950646042823792,0
2407,714,0.7054064273834229,0
2407,393,0.7407709360122681,0
2407,1967,0.5543437004089355,0
2407,57,0.7093105316162109,0
1677,1581,0.5952473878860474,1
1677,324,0.4875417947769165,0
1677,1686,0.8869286775588989,0
1677,823,0.9086320400238037,0
1677,1294,0.8672854900360107,0
1677,1690,0.5941382646560669,0
1677,649,0.833951473236084,0
1677,535,0.6018286347389221,0
1677,10,1.208540439605713,0
1677,18,0.6194441318511963,0
1677,258,0.9714477062225342,0
1677,1758,0.4404336214065552,0
1677,236,0.590456485748291,0
1677,1500,0.7675726413726807,0
1677,1739,0.8712708950042725,0
1677,342,0.551851212978363,0
1677,2048,0.39715123176574707,0
1677,1092,0.8605759739875793,0
1677,1138,0.5486303567886353,0
1677,1323,1.5414314270019531,0
3896,1283,0.5866037011146545,1
3896,677,0.5254574418067932,0
3896,239,0.5003660917282104,0
3896,141,0.5381266474723816,0
3896,1191,0.4545844793319702,0
3896,871,0.6390202641487122,0
3896,1150,0.954559326171875,0
3896,643,0.705865740776062,0
3896,1043,0.8079543709754944,0
3896,202,1.1395622491836548,0
3896,335,0.8859589695930481,0
3896,23,0.5782492756843567,0
3896,1447,0.9752140045166016,0
3896,1995,1.0848655700683594,0
3896,76,0.5085245966911316,0
3896,199,0.802030086517334,0
3896,1816,0.49626967310905457,0
3896,1786,0.5960547924041748,0
3896,454,0.6003090143203735,0
3896,1837,0.5906914472579956,0
3724,1208,0.516025722026825,1
3724,974,0.6998670101165771,0
3724,1312,1.2081652879714966,0
3724,764,0.6447309851646423,0
3724,646,0.49874088168144226,0
3724,1196,0.5965131521224976,0
3724,1192,0.7422727346420288,0
3724,550,0.6768832802772522,0
3724,1314,0.544241726398468,0
3724,834,0.8941003084182739,0
3724,457,0.6305819749832153,0
3724,1849,0.6928682923316956,0
3724,589,0.5906254053115845,0
3724,431,0.8353110551834106,0
3724,1441,0.6797281503677368,0
3724,1481,0.7380259037017822,0
3724,1492,0.6482912302017212,0
3724,377,0.9287179708480835,0
3724,1446,0.6424657702445984,0
3724,2003,0.5009084939956665,0
3519,1057,0.6125009059906006,1
3519,513,0.9772423505783081,0
3519,1870,0.6569883823394775,0
3519,1324,0.5121055841445923,0
3519,1213,0.614227294921875,0
3519,421,0.5006402730941772,0
3519,2030,0.9690014123916626,0
3519,316,0.8891372680664062,0
3519,1557,0.7901427149772644,0
3519,1227,0.7573572397232056,0
3519,646,0.5655064582824707,0
3519,271,1.3000998497009277,0
3519,1533,0.6643317937850952,0
3519,1561,1.2165253162384033,0
3519,858,0.7635583281517029,0
3519,994,0.6392194628715515,0
3519,114,0.8512558937072754,0
3519,83,0.7815829515457153,0
3519,1577,0.7448680996894836,0
3519,610,0.536483883857727,0
3623,1488,0.5361758470535278,1
3623,466,0.6280726194381714,0
3623,2059,0.41296273469924927,0
3623,583,0.5914821624755859,0
3623,1686,0.8285264372825623,0
3623,1132,0.7145087718963623,0
3623,582,0.6228892207145691,0
3623,1661,0.5911036729812622,0
3623,1206,0.4934556484222412,0
3623,2034,0.7210228443145752,0
3623,320,0.6182838082313538,0
3623,1533,0.5535547733306885,0
3623,238,0.7746820449829102,0
3623,1996,0.5950760245323181,0
3623,1709,0.5781850814819336,0
3623,1061,0.5745898485183716,0
3623,97,0.952593982219696,0
3623,2,0.4600537419319153,0
3623,1902,0.42047640681266785,0
3623,29,0.5182558298110962,0
1460,1871,0.7386448383331299,1
1460,1691,0.6410214304924011,0
1460,971,0.53023362159729,0
1460,148,0.8368772268295288,0
1460,935,0.613020122051239,0
1460,2007,0.4512031674385071,0
1460,1527,0.48474493622779846,0
1460,777,0.6464305520057678,0
1460,104,1.1020301580429077,0
1460,215,0.5363646149635315,0
1460,1219,0.5601551532745361,0
1460,1278,1.619387149810791,0
1460,1272,0.7835865616798401,0
1460,1108,0.6174781322479248,0
1460,1121,0.7301154732704163,0
1460,1510,0.5658026337623596,0
1460,1878,0.6936131715774536,0
1460,697,0.7792099118232727,0
1460,1157,0.8791137933731079,0
1460,1956,0.6150486469268799,0
1119,965,1.0035723447799683,1
1119,1070,0.4834814667701721,0
1119,809,0.49090319871902466,0
1119,1530,0.49012428522109985,0
1119,264,0.44510388374328613,0
1119,1856,0.5611655712127686,0
1119,1350,0.4856671094894409,0
1119,1550,0.5613557696342468,0
1119,365,0.48902034759521484,0
1119,1101,0.5126257538795471,0
1119,853,0.5217949151992798,0
1119,304,0.4574585556983948,0
1119,879,0.5701536536216736,0
1119,1298,0.48673170804977417,0
1119,601,0.4453754723072052,0
1119,1503,0.4226137399673462,0
1119,1349,0.5525665879249573,0
1119,1216,0.5516762733459473,0
1119,383,0.4717276096343994,0
1119,161,0.4461897611618042,0
2786,1463,0.9249317646026611,1
2786,1409,0.49994832277297974,0
2786,987,0.8454428315162659,0
2786,2037,0.8881359696388245,0
2786,1090,0.7413826584815979,0
2786,2051,1.073561191558838,0
2786,2016,0.6109947562217712,0
2786,1950,0.8008097410202026,0
2786,1126,0.7114854454994202,0
2786,1870,0.6011121273040771,0
2786,2019,0.6446484923362732,0
2786,1589,1.178521990776062,0
2786,1251,0.681853175163269,0
2786,307,0.8126877546310425,0
2786,1788,0.634030818939209,0
2786,1228,0.7420784831047058,0
2786,1491,0.7826308012008667,0
2786,1288,0.6899844408035278,0
2786,437,0.9670947790145874,0
2786,1641,0.9463518261909485,0
1996,1265,0.7450956702232361,1
1996,1069,0.5145400762557983,0
1996,1749,0.6986510753631592,0
1996,1182,0.9318471550941467,0
1996,56,0.9053990244865417,0
1996,523,0.9483704566955566,0
1996,1966,0.74068284034729,0
1996,1727,0.7114668488502502,0
1996,1981,0.8482025861740112,0
1996,494,0.745709240436554,0
1996,1351,0.8813015222549438,0
1996,1382,0.7349215149879456,0
1996,1530,0.6755809187889099,0
1996,1177,0.786541223526001,0
1996,279,0.7084792256355286,0
1996,80,0.9954779148101807,0
1996,434,0.6863275766372681,0
1996,400,0.6702964305877686,0
1996,2046,0.7690218091011047,0
1996,1360,0.828694224357605,0
3038,698,0.5623316168785095,1
3038,904,0.6401601433753967,0
3038,1216,0.6060872077941895,0
3038,1728,0.8025405406951904,0
3038,1989,0.6092374324798584,0
3038,1084,0.5775893926620483,0
3038,483,1.2624623775482178,0
3038,1965,0.7623459100723267,0
3038,1670,0.5702174305915833,0
3038,1971,1.0174744129180908,0
3038,1788,0.5551335215568542,0
3038,811,0.6111290454864502,0
3038,1243,0.45554119348526,0
3038,1044,0.4534497857093811,0
3038,1011,0.8784031867980957,0
3038,2024,0.5915240049362183,0
3038,1691,0.6136621236801147,0
3038,1858,0.7124755382537842,0
3038,1988,0.44010239839553833,0
3038,1949,0.6663079857826233,0
2390,1281,0.5480297207832336,1
2390,1410,0.621562123298645,0
2390,2044,0.8100438117980957,0
2390,2046,0.7172470688819885,0
2390,308,1.0169973373413086,0
2390,1415,0.6377829313278198,0
2390,1820,0.6163416504859924,0
2390,1599,0.4766182601451874,0
2390,2021,0.674579381942749,0
2390,1316,0.5960893630981445,0
2390,1772,0.6519685387611389,0
2390,384,0.5872647762298584,0
2390,1682,0.6194561123847961,0
2390,760,1.2805285453796387,0
2390,1713,0.9268903732299805,0
2390,13,1.080389380455017,0
2390,1416,0.8107929229736328,0
2390,1533,0.5933706164360046,0
2390,1678,0.6516608595848083,0
2390,825,0.6109382510185242,0
3779,1737,0.47397130727767944,1
3779,1368,0.553054690361023,0
3779,957,0.7223497033119202,0
3779,79,0.8468501567840576,0
3779,633,0.8228957056999207,0
3779,1010,0.6445056200027466,0
3779,595,0.9605292081832886,0
3779,571,0.5860613584518433,0
3779,1805,0.7129823565483093,0
3779,364,0.637448251247406,0
3779,2032,0.6175660490989685,0
3779,1239,0.6181799173355103,0
3779,1531,0.46804749965667725,0
3779,1982,0.6018761396408081,0
3779,2052,0.6191396117210388,0
3779,368,0.6011725068092346,0
3779,1544,0.6408796906471252,0
3779,1116,0.565162181854248,0
3779,1888,0.6957120895385742,0
3779,131,0.6695363521575928,0
2559,1362,0.7536753416061401,1
2559,629,0.5327997207641602,0
2559,1195,0.6657487154006958,0
2559,838,1.1630929708480835,0
2559,438,0.7433739900588989,0
2559,229,1.005391001701355,0
2559,2038,1.443081021308899,0
2559,450,0.4709234833717346,0
2559,1125,0.7281744480133057,0
2559,188,0.9026994109153748,0
2559,1518,1.0963057279586792,0
2559,1893,0.8336986303329468,0
2559,487,0.6280680298805237,0
2559,372,0.6027172803878784,0
2559,292,0.6190295219421387,0
2559,331,0.5288982391357422,0
2559,779,0.6714485287666321,0
2559,1005,0.7587892413139343,0
2559,259,0.5600192546844482,0
2559,1859,0.8726656436920166,0
3059,1827,0.510870099067688,1
3059,2064,0.6085584163665771,0
3059,71,1.0023143291473389,0
3059,727,0.49904680252075195,0
3059,2019,0.632302463054657,0
3059,1441,0.6492359638214111,0
3059,1518,1.0476713180541992,0
3059,1078,0.6405543684959412,0
3059,1161,0.48238199949264526,0
3059,1232,1.0138328075408936,0
3059,690,1.0158766508102417,0
3059,413,0.6268103718757629,0
3059,1393,1.1871919631958008,0
3059,157,0.6037768125534058,0
3059,99,0.5065692067146301,0
3059,1655,0.7292115688323975,0
3059,998,0.6781021356582642,0
3059,565,0.8523906469345093,0
3059,265,0.6134982109069824,0
3059,1593,0.5925976634025574,0
1532,1449,0.640841007232666,1
1532,297,1.1987029314041138,0
1532,1096,0.9297431707382202,0
1532,1786,0.6932368278503418,0
1532,389,0.770354151725769,0
1532,1965,0.9982185363769531,0
1532,1701,0.5060681700706482,0
1532,1895,0.8541150093078613,0
1532,1404,0.6737095713615417,0
1532,726,0.7866085171699524,0
1532,1039,0.8107834458351135,0
1532,970,0.7470455169677734,0
1532,1177,0.7839244604110718,0
1532,1197,0.7879030108451843,0
1532,1372,0.7322981357574463,0
1532,1898,0.7611343860626221,0
1532,1630,1.0079658031463623,0
1532,1240,0.7918366193771362,0
1532,1655,0.8328014612197876,0
1532,779,0.6634969115257263,0
2907,2061,0.44435352087020874,1
2907,742,0.5977505445480347,0
2907,564,0.5888153314590454,0
2907,1656,0.41251206398010254,0
2907,350,0.654101550579071,0
2907,440,0.6000297665596008,0
2907,1644,0.7769415378570557,0
2907,1239,0.6478052735328674,0
2907,933,0.6249442100524902,0
2907,408,0.6697791814804077,0
2907,268,0.6223179697990417,0
2907,369,1.1160626411437988,0
2907,1695,0.5063278675079346,0
2907,790,0.7608121037483215,0
2907,1176,0.5477608442306519,0
2907,235,1.1363813877105713,0
2907,1221,0.61734539270401,0
2907,959,0.843951940536499,0
2907,1352,0.6070152521133423,0
2907,646,0.4862133264541626,0
3602,2074,0.5188829898834229,1
3602,1975,0.7374026775360107,0
3602,317,0.6756809949874878,0
3602,301,0.8053626418113708,0
3602,851,0.6264463067054749,0
3602,1098,0.6093772649765015,0
3602,1075,0.418956458568573,0
3602,1276,0.6521579027175903,0
3602,1923,0.7905384302139282,0
3602,1737,0.4819077253341675,0
3602,1018,0.49882176518440247,0
3602,1128,0.5308752655982971,0
3602,655,1.1692659854888916,0
3602,512,0.631149172782898,0
3602,1063,0.4376593828201294,0
3602,1184,0.794802188873291,0
3602,836,0.9505575895309448,0
3602,1369,0.6879353523254395,0
3602,1822,0.8937643766403198,0
3602,1926,0.5614680647850037,0
532,634,0.5010506510734558,1
532,878,0.5256998538970947,0
532,488,0.6424275636672974,0
532,2077,0.717235803604126,0
532,513,0.8383153676986694,0
532,2010,0.5451180338859558,0
532,895,0.6930596232414246,0
532,918,0.8317695260047913,0
532,401,0.7369126677513123,0
532,986,0.9357374906539917,0
532,303,0.688339114189148,0
532,1614,0.6605644226074219,0
532,768,0.6027433276176453,0
532,263,0.6287597417831421,0
532,67,0.7852573394775391,0
532,380,0.6477000713348389,0
532,824,0.964958667755127,0
532,853,0.6259142756462097,0
532,1688,0.5481841564178467,0
532,104,1.2353185415267944,0
1333,499,0.632155179977417,1
1333,1957,0.7361223697662354,0
1333,1643,1.235405683517456,0
1333,1480,0.6689187288284302,0
1333,501,0.7272804975509644,0
1333,1434,0.8895503282546997,0
1333,590,1.3675137758255005,0
1333,387,0.5056800842285156,0
1333,1066,0.7298538088798523,0
1333,1383,0.557677686214447,0
1333,500,0.6762047410011292,0
1333,496,0.587636411190033,0
1333,610,0.49092406034469604,0
1333,2048,0.4426692724227905,0
1333,115,0.5925571918487549,0
1333,1300,0.6350983381271362,0
1333,718,0.666009783744812,0
1333,1751,0.5352671146392822,0
1333,932,1.0092780590057373,0
1333,2029,0.6492579579353333,0
2317,1806,1.7403626441955566,1
2317,152,0.8109025359153748,0
2317,64,0.5697546601295471,0
2317,737,0.5077333450317383,0
2317,1157,0.9568576812744141,0
2317,655,1.187979817390442,0
2317,1155,0.6155405044555664,0
2317,2060,0.8322295546531677,0
2317,574,0.6106077432632446,0
2317,1861,0.6497535109519958,0
2317,47,0.6708929538726807,0
2317,670,0.6784008145332336,0
2317,2030,0.854983925819397,0
2317,665,0.5794855952262878,0
2317,1460,0.6357938647270203,0
2317,1486,0.6919158697128296,0
2317,480,0.6180523633956909,0
2317,346,0.569404661655426,0
2317,630,0.5060918927192688,0
2317,361,0.7032462358474731,0
1551,1231,0.9744223356246948,1
1551,490,0.6855047345161438,0
1551,1833,0.7421509027481079,0
1551,240,0.7396659851074219,0
1551,658,0.8482416868209839,0
1551,546,0.6854144334793091,0
1551,2010,0.5533726215362549,0
1551,935,0.6999350190162659,0
1551,385,0.7734899520874023,0
1551,1494,0.8326188325881958,0
1551,1694,1.2284345626831055,0
1551,101,1.2204349040985107,0
1551,122,1.2257810831069946,0
1551,1260,0.7467374801635742,0
1551,1814,0.7621870636940002,0
1551,1532,1.0509915351867676,0
1551,1055,0.9364688396453857,0
1551,2069,0.44624704122543335,0
1551,1807,0.5998337864875793,0
1551,25,0.7639473676681519,0
4131,1059,0.537634015083313,1
4131,1907,0.821485698223114,0
4131,133,0.5547778606414795,0
4131,1539,0.617272675037384,0
4131,1247,0.548414945602417,0
4131,524,0.6006442308425903,0
4131,1829,1.9690282344818115,0
4131,1620,1.7667633295059204,0
4131,162,0.5881260633468628,0
4131,723,0.5460708141326904,0
4131,1216,0.6830317378044128,0
4131,1305,0.5647590756416321,0
4131,1802,0.9798083305358887,0
4131,405,0.6458004713058472,0
4131,681,0.7346605658531189,0
4131,312,0.6311333179473877,0
4131,580,0.7117400169372559,0
4131,1056,0.5769298076629639,0
4131,469,0.9826215505599976,0
4131,742,0.6313809752464294,0
4127,524,0.5275065302848816,1
4127,865,0.586122989654541,0
4127,1469,0.5897168517112732,0
4127,1045,0.6011002659797668,0
4127,1831,0.6664241552352905,0
4127,371,0.5047028064727783,0
4127,1918,0.8128037452697754,0
4127,1704,0.6677627563476562,0
4127,1540,0.5071303844451904,0
4127,1170,0.8575617074966431,0
4127,345,2.391698122024536,0
4127,349,0.737973690032959,0
4127,397,0.594745397567749,0
4127,1955,0.47895264625549316,0
4127,1998,0.5883771181106567,0
4127,1982,0.6072712540626526,0
4127,1175,0.673454999923706,0
4127,1506,0.5130023956298828,0
4127,1513,0.8421133160591125,0
4127,458,0.5933412313461304,0
1873,1102,0.5996081233024597,1
1873,1574,0.5422002077102661,0
1873,991,0.5775358080863953,0
1873,285,0.6043133735656738,0
1873,1007,0.5868517160415649,0
1873,2025,0.6373643279075623,0
1873,150,0.5809705257415771,0
1873,1589,1.0264347791671753,0
1873,569,0.6411257386207581,0
1873,1135,0.5821495056152344,0
1873,505,0.5814975500106812,0
1873,541,0.7346663475036621,0
1873,664,0.632272481918335,0
1873,1160,1.1407136917114258,0
1873,682,0.6057942509651184,0
1873,371,0.49785369634628296,0
1873,302,0.6280967593193054,0
1873,1880,0.6062930226325989,0
1873,745,0.7974988222122192,0
1873,770,0.4677770435810089,0
2618,1534,0.5125335454940796,1
2618,2038,1.3935611248016357,0
2618,567,1.0821433067321777,0
2618,1382,0.7471386790275574,0
2618,1503,0.5862464308738708,0
2618,519,0.8074535727500916,0
2618,746,0.6524407863616943,0
2618,804,0.6741817593574524,0
2618,1934,0.8472304344177246,0
2618,59,0.8600324988365173,0
2618,447,0.9753128290176392,0
2618,2059,0.516173243522644,0
2618,1822,0.9980274438858032,0
2618,525,0.6576464772224426,0
2618,1690,0.7262893319129944,0
2618,628,1.1338924169540405,0
2618,561,0.6155638694763184,0
2618,1102,0.7395332455635071,0
2618,1800,0.7183759212493896,0
2618,1526,0.7057238221168518,0
245,1273,1.0920631885528564,1
245,842,0.5685359835624695,0
245,553,0.6835779547691345,0
245,761,0.6008062958717346,0
245,1659,0.7035643458366394,0
245,115,0.5953896641731262,0
245,158,0.772333562374115,0
245,352,0.7061218619346619,0
245,1957,0.737026572227478,0
245,461,0.8552212715148926,0
245,370,0.5925067067146301,0
245,614,0.7064619064331055,0
245,54,0.6623514890670776,0
245,1906,0.5253779292106628,0
245,1982,0.6590537428855896,0
245,1873,0.7151457071304321,0
245,1788,0.6151102781295776,0
245,936,0.8146153688430786,0
245,602,0.7915135622024536,0
245,738,0.6631724834442139,0
161,1938,0.587565541267395,1
161,384,0.5660163760185242,0
161,1267,0.665864109992981,0
161,389,0.6475561261177063,0
161,1697,0.5944666862487793,0
161,28,0.5244712829589844,0
161,1071,0.6141806244850159,0
161,794,0.6916913390159607,0
161,941,0.5935754179954529,0
161,671,0.7162109017372131,0
161,983,0.9690371751785278,0
161,1239,0.6012003421783447,0
161,1634,0.6104327440261841,0
161,1457,0.7241197824478149,0
161,1501,0.6185966730117798,0
161,951,0.4335286617279053,0
161,289,0.6930714249610901,0
161,939,0.5210576057434082,0
161,109,0.437057226896286,0
161,1510,0.569064736366272,0
804,500,0.7204817533493042,1
804,210,0.8523896932601929,0
804,1977,0.7249696850776672,0
804,1075,0.445917010307312,0
804,3,0.6514073014259338,0
804,1753,0.611842155456543,0
804,1526,0.6679319143295288,0
804,739,0.8446042537689209,0
804,561,0.544114351272583,0
804,1591,0.6300002336502075,0
804,1677,0.5004716515541077,0
804,250,0.6750586628913879,0
804,521,0.4631984233856201,0
804,1101,0.6342622637748718,0
804,356,0.4955872595310211,0
804,482,1.0149905681610107,0
804,1072,0.6827154159545898,0
804,1962,0.4751608967781067,0
804,1539,0.6520611047744751,0
804,1552,0.6164188385009766,0
2267,1629,0.5178084373474121,1
2267,1070,0.5964207053184509,0
2267,133,0.5638626217842102,0
2267,1147,0.9349361658096313,0
2267,1638,0.7740576267242432,0
2267,335,0.9909435510635376,0
2267,1949,0.7881284952163696,0
2267,345,2.694338798522949,0
2267,721,0.6482422947883606,0
2267,1901,0.8829858303070068,0
2267,480,0.6326732635498047,0
2267,1082,1.1598997116088867,0
2267,20,0.748683750629425,0
2267,1501,0.7022439241409302,0
2267,819,0.7603668570518494,0
2267,1983,0.9118817448616028,0
2267,34,0.6526968479156494,0
2267,2013,0.8797138929367065,0
2267,715,0.735459566116333,0
2267,558,0.4888666272163391,0
2081,39,0.6048548221588135,1
2081,1851,0.5608929395675659,0
2081,651,0.8267207741737366,0
2081,238,0.826636552810669,0
2081,1460,0.6132254004478455,0
2081,1862,0.6536797881126404,0
2081,1613,0.5241165161132812,0
2081,384,0.5278271436691284,0
2081,1396,0.7714321613311768,0
2081,947,0.5531004071235657,0
2081,677,0.48263686895370483,0
2081,1250,0.7637252807617188,0
2081,1566,0.5878886580467224,0
2081,803,0.9656564593315125,0
2081,52,0.5891228318214417,0
2081,1011,0.9653365612030029,0
2081,1777,0.9001182317733765,0
2081,403,0.6210677027702332,0
2081,631,0.43828916549682617,0
2081,1611,0.5277196168899536,0
1762,245,0.7308149933815002,1
1762,166,0.5207235813140869,0
1762,1197,0.7763029932975769,0
1762,1895,0.8393010497093201,0
1762,479,0.713463544845581,0
1762,1401,0.6757674813270569,0
1762,484,0.6945205330848694,0
1762,1915,0.8398663997650146,0
1762,1642,1.0346126556396484,0
1762,725,0.611258864402771,0
1762,450,0.4347984790802002,0
1762,572,1.2641401290893555,0
1762,1312,1.2693288326263428,0
1762,1938,0.6591858267784119,0
1762,605,0.7403992414474487,0
1762,680,1.227508544921875,0
1762,179,0.970828115940094,0
1762,1086,0.649246871471405,0
1762,1355,1.0222861766815186,0
1762,1772,0.6806495785713196,0
3060,1650,0.8556257486343384,1
3060,2044,0.7700045108795166,0
3060,1047,0.5065627098083496,0
3060,1780,0.5952620506286621,0
3060,1367,0.5092878937721252,0
3060,256,1.1226831674575806,0
3060,1687,0.6099514365196228,0
3060,1478,0.6189022660255432,0
3060,1698,0.5787688493728638,0
3060,203,0.5796276330947876,0
3060,1173,0.8348613381385803,0
3060,376,0.4776304066181183,0
3060,670,0.6307490468025208,0
3060,1550,0.6505306959152222,0
3060,1459,0.6599438786506653,0
3060,1027,0.6209959387779236,0
3060,1436,0.6223171949386597,0
3060,626,0.6178268194198608,0
3060,229,0.8746505379676819,0
3060,485,0.7193524837493896,0
1280,2025,0.7297031879425049,1
1280,800,0.7144423723220825,0
1280,1586,0.7224549055099487,0
1280,1034,0.8412442207336426,0
1280,1339,0.8090181350708008,0
1280,533,1.1601122617721558,0
1280,474,0.7390424013137817,0
1280,484,0.6464608907699585,0
1280,945,0.5270069241523743,0
1280,317,0.7509581446647644,0
1280,252,0.5982362031936646,0
1280,1251,0.6757150888442993,0
1280,1335,0.7127541899681091,0
1280,851,0.6923205852508545,0
1280,132,0.6710898876190186,0
1280,152,0.8625003099441528,0
1280,1227,0.7058882713317871,0
1280,868,0.6845012307167053,0
1280,1217,0.6591554880142212,0
1280,460,0.7196482419967651,0
1328,967,0.6035178899765015,1
1328,259,0.524212658405304,0
1328,349,0.8113788962364197,0
1328,1615,0.7252590656280518,0
1328,638,0.6709926128387451,0
1328,608,0.6131237745285034,0
1328,1148,0.6192576885223389,0
1328,542,0.6762711405754089,0
1328,1938,0.6488246917724609,0
1328,1209,0.608893096446991,0
1328,774,0.6463037133216858,0
1328,410,0.8309808373451233,0
1328,227,0.5118145942687988,0
1328,2028,0.8463839292526245,0
1328,271,1.1529688835144043,0
1328,1983,0.8683615922927856,0
1328,1350,0.5965639352798462,0
1328,1465,0.6708487272262573,0
1328,138,0.6285484433174133,0
1328,1528,0.9072980880737305,0
1340,1703,1.5737427473068237,1
1340,1803,0.4475545287132263,0
1340,2017,0.6538003087043762,0
1340,559,0.6322985291481018,0
1340,1821,0.7597812414169312,0
1340,647,0.7073529362678528,0
1340,878,0.4545830190181732,0
1340,782,0.568821132183075,0
1340,173,0.7130345702171326,0
1340,393,0.6423395872116089,0
1340,1284,0.6152046322822571,0
1340,843,0.48057085275650024,0
1340,1482,0.6445817947387695,0
1340,1290,0.46897149085998535,0
1340,1567,0.921005368232727,0
1340,244,0.5724496841430664,0
1340,1929,0.5444088578224182,0
1340,1871,0.7749805450439453,0
1340,156,0.6362017393112183,0
1340,501,0.6988699436187744,0
2508,983,1.0168893337249756,1
2508,1961,0.6598313450813293,0
2508,1850,0.7664086818695068,0
2508,1326,0.6245574951171875,0
2508,255,0.689588725566864,0
2508,2003,0.45456570386886597,0
2508,455,1.051292896270752,0
2508,769,0.5759001970291138,0
2508,83,0.6341133713722229,0
2508,207,0.5645886063575745,0
2508,663,0.5667666792869568,0
2508,1742,0.5971012115478516,0
2508,1659,0.6272852420806885,0
2508,1788,0.5575008392333984,0
2508,1803,0.47383931279182434,0
2508,125,0.6753038763999939,0
2508,1498,0.5787362456321716,0
2508,1548,0.9346727132797241,0
2508,1279,0.6295804381370544,0
2508,420,0.5448818206787109,0
1966,1044,0.4285401701927185,1
1966,1738,0.4107031524181366,0
1966,668,0.37599796056747437,0
1966,449,0.7375361323356628,0
1966,131,0.6328166127204895,0
1966,1941,0.5351325273513794,0
1966,1851,0.5591321587562561,0
1966,1620,1.6931474208831787,0
1966,1305,0.4692744016647339,0
1966,319,0.6951940655708313,0
1966,1324,0.4104255735874176,0
1966,1431,0.5611214637756348,0
1966,1611,0.5020471811294556,0
1966,609,0.38703033328056335,0
1966,1879,0.5979738235473633,0
1966,162,0.5091425180435181,0
1966,1944,0.5131285786628723,0
1966,100,0.5419509410858154,0
1966,2005,0.5338414907455444,0
1966,1964,0.5450706481933594,0
3577,507,0.5143681764602661,1
3577,1782,0.557801365852356,0
3577,1185,0.6665890216827393,0
3577,1584,0.6820009350776672,0
3577,1143,0.4909820258617401,0
3577,1867,1.078686237335205,0
3577,339,0.6502764225006104,0
3577,1230,0.587395429611206,0
3577,1654,1.0139726400375366,0
3577,150,0.6201465725898743,0
3577,1023,0.8696379065513611,0
3577,1277,0.7869859933853149,0
3577,1077,0.8128412961959839,0
3577,1818,1.036454677581787,0
3577,556,0.6873394250869751,0
3577,145,0.7210744023323059,0
3577,1543,0.6607810854911804,0
3577,967,0.5796366930007935,0
3577,1537,0.5588646531105042,0
3577,151,1.3405907154083252,0
2622,267,0.5450177788734436,1
2622,27,0.7964162826538086,0
2622,744,0.7270663976669312,0
2622,305,0.6374143362045288,0
2622,1998,0.6624584794044495,0
2622,1236,0.8976200222969055,0
2622,1407,0.7733801603317261,0
2622,712,0.7972583770751953,0
2622,1305,0.5871767997741699,0
2622,1452,0.5562018752098083,0
2622,665,0.5995089411735535,0
2622,1657,0.5961916446685791,0
2622,658,0.8490995764732361,0
2622,1891,0.8855236172676086,0
2622,1845,0.893680214881897,0
2622,1690,0.7014291286468506,0
2622,1130,0.7182892560958862,0
2622,190,0.7736188173294067,0
2622,531,0.5658084154129028,0
2622,1798,0.7951136827468872,0
184,1719,0.7647337913513184,1
184,1763,0.5416516065597534,0
184,797,0.4832490086555481,0
184,2054,0.6716634631156921,0
184,587,0.4319642186164856,0
184,179,0.8738341331481934,0
184,265,0.5885860323905945,0
184,1063,0.39238226413726807,0
184,750,0.6071820259094238,0
184,236,0.6169495582580566,0
184,1995,1.1657358407974243,0
184,526,0.6713100671768188,0
184,371,0.48116225004196167,0
184,809,0.5730961561203003,0
184,1412,0.5039513111114502,0
184,1106,0.6468255519866943,0
184,1230,0.5733299255371094,0
184,304,0.48680517077445984,0
184,672,0.3773731589317322,0
184,1678,0.6093278527259827,0
3219,653,0.5835198163986206,1
3219,540,0.8985034227371216,0
3219,606,0.7634486556053162,0
3219,1977,0.7325416803359985,0
3219,1072,0.6993247270584106,0
3219,505,0.6698890924453735,0
3219,344,0.7027992010116577,0
3219,1215,0.750659167766571,0
3219,11,0.574735164642334,0
3219,446,0.636644721031189,0
3219,818,0.7555321455001831,0
3219,1609,0.7170650959014893,0
3219,407,1.1714388132095337,0
3219,1816,0.5615370273590088,0
3219,1841,0.5871745347976685,0
3219,140,0.7405799031257629,0
3219,928,0.7114150524139404,0
3219,489,0.6758022308349609,0
3219,1264,0.6878129839897156,0
3219,53,0.6019224524497986,0
3825,854,0.48342007398605347,1
3825,827,0.5944216847419739,0
3825,2009,0.6438588500022888,0
3825,422,0.6138097047805786,0
3825,1431,0.614369809627533,0
3825,517,0.669243335723877,0
3825,1105,0.5123279690742493,0
3825,2052,0.6304300427436829,0
3825,1196,0.5680270195007324,0
3825,2012,0.6626389026641846,0
3825,441,0.5659376978874207,0
3825,297,0.9437047243118286,0
3825,1688,0.5080853700637817,0
3825,544,0.6439595222473145,0
3825,957,0.710841178894043,0
3825,681,0.6668481826782227,0
3825,214,0.5179526805877686,0
3825,1630,0.8162577152252197,0
3825,1311,0.4727339446544647,0
3825,871,0.6344107985496521,0
172,1697,0.7075198888778687,1
172,280,0.7408965826034546,0
172,148,1.0321176052093506,0
172,821,0.49542754888534546,0
172,710,0.729127824306488,0
172,632,0.6370472311973572,0
172,1471,0.6466840505599976,0
172,532,0.7511275410652161,0
172,831,1.1801985502243042,0
172,41,0.8949130773544312,0
172,1324,0.4699629545211792,0
172,677,0.5652616024017334,0
172,791,0.6921036243438721,0
172,456,0.796218991279602,0
172,933,0.7413763403892517,0
172,1813,0.757565975189209,0
172,2048,0.4686351418495178,0
172,1780,0.7226330637931824,0
172,1371,0.8285272717475891,0
172,58,0.814832329750061,0
2194,1916,0.4996616840362549,1
2194,1680,0.6279149055480957,0
2194,269,0.6949506998062134,0
2194,303,0.6358270645141602,0
2194,2002,0.642357587814331,0
2194,1619,0.49186819791793823,0
2194,129,0.5720394849777222,0
2194,1010,0.6384612321853638,0
2194,47,0.6141360998153687,0
2194,1141,0.59562748670578,0
2194,248,0.7169775366783142,0
2194,1344,0.6823179721832275,0
2194,1719,0.7347109913825989,0
2194,438,0.6050993204116821,0
2194,1612,0.6453793048858643,0
2194,946,0.755867600440979,0
2194,778,0.9877527356147766,0
2194,1928,0.8127490282058716,0
2194,777,0.646737813949585,0
2194,1590,0.6455401182174683,0
313,159,1.0984992980957031,1
313,1016,0.5544044375419617,0
313,1495,0.6547268033027649,0
313,507,0.4871896207332611,0
313,1785,0.5511401891708374,0
313,1458,0.5789147019386292,0
313,1872,0.5566474199295044,0
313,673,0.4830906391143799,0
313,472,0.791042149066925,0
313,893,0.5111618638038635,0
313,1635,0.4482194185256958,0
313,1155,0.5977576971054077,0
313,734,0.6585817337036133,0
313,1909,0.662326455116272,0
313,239,0.46889013051986694,0
313,241,0.5428049564361572,0
313,297,1.0333776473999023,0
313,1857,0.604885458946228,0
313,1963,0.8380776047706604,0
313,1841,0.5027627944946289,0
3403,902,0.45543670654296875,1
3403,1921,0.43142378330230713,0
3403,594,0.9655595421791077,0
3403,1443,0.6153541207313538,0
3403,847,0.7200230360031128,0
3403,892,0.5470176339149475,0
3403,332,0.6101815700531006,0
3403,1155,0.5581287741661072,0
3403,569,0.6380069255828857,0
3403,75,0.44235679507255554,0
3403,1015,0.5916870832443237,0
3403,1262,0.548009991645813,0
3403,88,0.5493704676628113,0
3403,1926,0.5349811315536499,0
3403,2037,0.7620607614517212,0
3403,1249,0.5219962000846863,0
3403,100,0.5629079937934875,0
3403,2039,0.7301270961761475,0
3403,1568,0.5687309503555298,0
3403,766,0.43980872631073,0
3499,169,0.565557599067688,1
3499,893,0.629772424697876,0
3499,368,0.7278724312782288,0
3499,1776,0.6946093440055847,0
3499,2019,0.713937520980835,0
3499,1149,0.6500617265701294,0
3499,326,0.6530216932296753,0
3499,930,1.0970368385314941,0
3499,833,0.7744336724281311,0
3499,802,0.8489634394645691,0
3499,260,0.6340055465698242,0
3499,484,0.7426189184188843,0
3499,178,0.6295018196105957,0
3499,433,1.0721447467803955,0
3499,388,0.6462599635124207,0
3499,874,0.759867787361145,0
3499,727,0.5983569622039795,0
3499,676,0.9215282201766968,0
3499,1060,0.9005200266838074,0
3499,761,0.6867040991783142,0
1142,1548,0.867814302444458,1
1142,1319,0.49078044295310974,0
1142,612,0.5219709873199463,0
1142,1536,1.0247066020965576,0
1142,1268,0.7908813953399658,0
1142,1084,0.5943882465362549,0
1142,310,0.6590620279312134,0
1142,1931,0.5717300772666931,0
1142,1093,0.47555795311927795,0
1142,462,0.8173641562461853,0
1142,1168,0.7808730602264404,0
1142,370,0.5207352042198181,0
1142,383,0.5129892230033875,0
1142,406,0.6522316932678223,0
1142,634,0.43104249238967896,0
1142,1784,0.5991646647453308,0
1142,437,0.8384684324264526,0
1142,483,1.2777469158172607,0
1142,1498,0.5699524283409119,0
1142,283,0.632273256778717,0
41,766,0.5537856817245483,1
41,658,0.9236541390419006,0
41,46,0.6231217384338379,0
41,1064,0.7882252931594849,0
41,1323,1.6589250564575195,0
41,1333,0.9038214683532715,0
41,237,1.1390719413757324,0
41,153,1.1191048622131348,0
41,2071,0.764936089515686,0
41,501,0.8496381044387817,0
41,1582,0.6961458921432495,0
41,1330,0.5384073257446289,0
41,81,0.8139595985412598,0
41,715,0.802964985370636,0
41,1420,0.7902542352676392,0
41,291,0.6867787837982178,0
41,1500,0.969279944896698,0
41,1837,0.6867679357528687,0
41,1888,0.8741795420646667,0
41,1959,0.813917875289917,0
2600,2060,0.8441439867019653,1
2600,285,0.6799824237823486,0
2600,1331,0.5708054304122925,0
2600,618,0.7145625352859497,0
2600,712,0.7703914642333984,0
2600,2021,0.6992197632789612,0
2600,782,0.6636161208152771,0
2600,1100,0.4593200385570526,0
2600,804,0.6309670805931091,0
2600,891,0.7777858376502991,0
2600,1867,1.0386648178100586,0
2600,257,0.8880999684333801,0
2600,1124,1.622619867324829,0
2600,1515,0.8797070980072021,0
2600,1409,0.4981789290904999,0
2600,1293,0.6095844507217407,0
2600,1291,0.709122359752655,0
2600,322,0.6995825171470642,0
2600,1740,0.5632396936416626,0
2600,211,0.6580349206924438,0
258,1822,1.2103126049041748,1
258,654,1.2661787271499634,0
258,857,0.5682582855224609,0
258,833,0.7126195430755615,0
258,132,0.695719838142395,0
258,490,0.7069132328033447,0
258,94,0.8824775218963623,0
258,478,0.7069792747497559,0
258,1462,0.760796070098877,0
258,301,0.9537709951400757,0
258,1804,0.7069892883300781,0
258,593,0.5462872982025146,0
258,41,0.9569783806800842,0
258,701,0.5372536182403564,0
258,92,0.7268651723861694,0
258,1573,0.831595778465271,0
258,1261,0.717011570930481,0
258,931,0.499928742647171,0
258,1574,0.6522206664085388,0
258,451,0.9438134431838989,0
1086,1942,1.210821270942688,1
1086,1635,0.43618595600128174,0
1086,1645,0.6269972920417786,0
1086,1586,0.6828850507736206,0
1086,1370,0.8183526992797852,0
1086,236,0.6338797807693481,0
1086,486,0.42324909567832947,0
1086,1753,0.5639907717704773,0
1086,339,0.6409160494804382,0
1086,1848,0.7858591079711914,0
1086,767,0.5584597587585449,0
1086,1008,0.6240133047103882,0
1086,929,0.6544729471206665,0
1086,1810,0.5719632506370544,0
1086,301,0.8071247935295105,0
1086,1593,0.5936473608016968,0
1086,939,0.4961321949958801,0
1086,1210,0.8367982506752014,0
1086,819,0.6890442967414856,0
1086,1754,0.47093909978866577,0
1003,949,0.5628184080123901,1
1003,754,0.8742156624794006,0
1003,1832,1.067585825920105,0
1003,1005,0.660116970539093,0
1003,39,0.6622611284255981,0
1003,1149,0.5477141737937927,0
1003,1039,0.6776755452156067,0
1003,1470,0.7149221301078796,0
1003,1147,0.8374974727630615,0
1003,1928,0.8064223527908325,0
1003,1099,0.7295885682106018,0
1003,308,0.9550139904022217,0
1003,163,0.618844211101532,0
1003,161,0.52033531665802,0
1003,335,0.8975747227668762,0
1003,513,0.7972216606140137,0
1003,92,0.6380781531333923,0
1003,1755,0.6008957028388977,0
1003,565,0.7959655523300171,0
1003,1208,0.479061096906662,0
4106,1386,0.8029361367225647,1
4106,612,0.6631267070770264,0
4106,967,0.6082307696342468,0
4106,1901,0.8688644766807556,0
4106,1445,1.1355135440826416,0
4106,1808,1.0603551864624023,0
4106,1620,1.7309539318084717,0
4106,9,0.5953962802886963,0
4106,722,0.7143386006355286,0
4106,1339,0.7880467176437378,0
4106,1761,0.8112123012542725,0
4106,639,0.8841080069541931,0
4106,314,0.5845555067062378,0
4106,1184,0.8752326369285583,0
4106,980,1.2413666248321533,0
4106,277,0.6753008365631104,0
4106,1888,0.7754859924316406,0
4106,1444,0.7166666388511658,0
4106,1487,0.6992723345756531,0
4106,576,0.6859509944915771,0
892,1632,1.7140529155731201,1
892,1031,0.5982266664505005,0
892,757,0.6350347399711609,0
892,1172,0.5630525350570679,0
892,1168,1.0047411918640137,0
892,259,0.5447165966033936,0
892,60,0.8031573295593262,0
892,1842,0.8845845460891724,0
892,120,1.0180011987686157,0
892,1623,0.8170772194862366,0
892,436,1.9593174457550049,0
892,2061,0.5262470245361328,0
892,478,0.7501056790351868,0
892,1823,0.9882315397262573,0
892,452,0.7742201089859009,0
892,1697,0.7179883718490601,0
892,906,0.48409801721572876,0
892,1215,0.8371149301528931,0
892,257,1.008489727973938,0
892,940,0.7446671724319458,0
153,1203,0.7912163734436035,1
153,774,0.5924972295761108,0
153,24,0.6135356426239014,0
153,1900,0.6093848347663879,0
153,567,1.0570616722106934,0
153,1339,0.7764859199523926,0
153,860,0.6345168948173523,0
153,169,0.47817373275756836,0
153,560,0.6058449745178223,0
153,981,0.6667075753211975,0
153,1275,0.3953501880168915,0
153,1095,0.7331171631813049,0
153,1115,0.6284738183021545,0
153,622,0.49470168352127075,0
153,73,0.6018887162208557,0
153,1531,0.4744335412979126,0
153,533,1.1184203624725342,0
153,313,0.5050803422927856,0
153,396,0.7190565466880798,0
153,108,0.5952515602111816,0
695,719,1.4253387451171875,1
695,915,0.8994771838188171,0
695,776,0.4761870801448822,0
695,1828,1.0543756484985352,0
695,303,0.6947495341300964,0
695,2075,0.5758175253868103,0
695,281,0.5521643161773682,0
695,121,0.6423298120498657,0
695,636,0.7351337671279907,0
695,255,0.7661780714988708,0
695,828,0.6421135663986206,0
695,1230,0.6495190262794495,0
695,1645,0.6882666945457458,0
695,1703,1.8994598388671875,0
695,685,0.7427937388420105,0
695,1830,0.6699188947677612,0
695,1066,0.736364483833313,0
695,1624,0.4497981369495392,0
695,708,0.6836215257644653,0
695,0,0.7521432042121887,0
3406,1756,0.4860532581806183,1
3406,116,0.43267691135406494,0
3406,940,0.5777950286865234,0
3406,2040,0.7067050337791443,0
3406,775,0.5021581649780273,0
3406,68,0.6141659617424011,0
3406,1001,0.4707047641277313,0
3406,377,0.837240993976593,0
3406,426,1.1390976905822754,0
3406,1375,0.682335376739502,0
3406,348,0.47998708486557007,0
3406,1845,0.7592261433601379,0
3406,304,0.47138819098472595,0
3406,1252,0.42152196168899536,0
3406,923,1.6641666889190674,0
3406,1940,0.5806760787963867,0
3406,994,0.4819059669971466,0
3406,1601,0.686761736869812,0
3406,1432,0.5192165374755859,0
3406,33,0.767300546169281,0
2787,312,0.5919944643974304,1
2787,2016,0.5626767873764038,0
2787,1705,0.9489790797233582,0
2787,778,0.9947253465652466,0
2787,1579,0.7807607054710388,0
2787,1020,0.8108772039413452,0
2787,33,0.8069041967391968,0
2787,145,0.7007962465286255,0
2787,1320,0.684986412525177,0
2787,455,1.0158010721206665,0
2787,1157,0.9137834906578064,0
2787,1578,1.2666473388671875,0
2787,1496,0.6791061758995056,0
2787,1497,0.5839511752128601,0
2787,949,0.5833831429481506,0
2787,1804,0.6383626461029053,0
2787,47,0.6487008929252625,0
2787,2026,0.7628786563873291,0
2787,1084,0.6561539173126221,0
2787,1730,0.8518595695495605,0
1869,1381,0.7701824307441711,1
1869,2080,0.5642576813697815,0
1869,2052,0.6223087906837463,0
1869,1682,0.5756646394729614,0
1869,439,1.2538483142852783,0
1869,1870,0.566973090171814,0
1869,1245,0.838024377822876,0
1869,115,0.5616469979286194,0
1869,740,0.5195667147636414,0
1869,906,0.4199358820915222,0
1869,1816,0.47388023138046265,0
1869,1199,0.5574424266815186,0
1869,479,0.619616687297821,0
1869,576,0.6108990907669067,0
1869,252,0.5462127923965454,0
1869,1750,0.6280531883239746,0
1869,1116,0.5603159666061401,0
1869,1235,0.6178233027458191,0
1869,506,0.684694230556488,0
1869,1495,0.6563681960105896,0
1185,1792,0.8882436752319336,1
1185,1882,0.4157142639160156,0
1185,311,0.786415159702301,0
1185,2061,0.4822254180908203,0
1185,343,0.6230911016464233,0
1185,1238,0.699152410030365,0
1185,166,0.49435704946517944,0
1185,1859,0.840242326259613,0
1185,155,0.6022348403930664,0
1185,1290,0.5414862632751465,0
1185,1242,0.7595893740653992,0
1185,1806,2.011521339416504,0
1185,1891,0.8652741312980652,0
1185,100,0.6438994407653809,0
1185,1170,0.9473260045051575,0
1185,1565,0.8016595244407654,0
1185,232,0.5750327706336975,0
1185,1113,0.6777665615081787,0
1185,603,0.5828995704650879,0
1185,57,0.7247952818870544,0
3221,1305,0.5234537124633789,1
3221,1885,0.6359490156173706,0
3221,1433,0.8022618293762207,0
3221,187,0.6318734884262085,0
3221,649,0.7821381092071533,0
3221,1252,0.4710204601287842,0
3221,490,0.6194712519645691,0
3221,883,0.7933158874511719,0
3221,85,0.5201649069786072,0
3221,299,0.6368151903152466,0
3221,931,0.4910339415073395,0
3221,1198,0.7715890407562256,0
3221,1820,0.5622596740722656,0
3221,726,0.6719779372215271,0
3221,2033,0.6261519193649292,0
3221,809,0.5621583461761475,0
3221,517,0.6547881960868835,0
3221,1508,0.7305597066879272,0
3221,1288,0.6106516122817993,0
3221,1628,0.5575252771377563,0
2014,1256,0.49666479229927063,1
2014,1344,0.7096118330955505,0
2014,1948,0.7855156660079956,0
2014,1162,0.5344111323356628,0
2014,759,0.6948674321174622,0
2014,927,0.5941200256347656,0
2014,1565,0.7622220516204834,0
2014,439,1.3395321369171143,0
2014,1079,0.6472443342208862,0
2014,1102,0.620484471321106,0
2014,1000,0.7910397052764893,0
2014,1330,0.4450308680534363,0
2014,501,0.7356722950935364,0
2014,2075,0.570787787437439,0
2014,690,1.004462480545044,0
2014,1297,0.610612154006958,0
2014,1873,0.6547090411186218,0
2014,431,0.8134324550628662,0
2014,1244,0.6471492648124695,0
2014,934,0.7533601522445679,0
2854,2067,0.6275936365127563,1
2854,1432,0.5241318941116333,0
2854,2011,0.6216367483139038,0
2854,814,0.6172179579734802,0
2854,1540,0.49831441044807434,0
2854,649,0.7760955095291138,0
2854,884,0.5574459433555603,0
2854,636,0.639301061630249,0
2854,715,0.6080782413482666,0
2854,851,0.5867207050323486,0
2854,2030,0.7970530390739441,0
2854,544,0.5969734787940979,0
2854,56,0.7105799317359924,0
2854,1196,0.5462676286697388,0
2854,281,0.5106066465377808,0
2854,1994,0.6165473461151123,0
2854,16,0.4039127826690674,0
2854,1009,0.7152060866355896,0
2854,1948,0.7328164577484131,0
2854,1634,0.590302050113678,0
3005,1815,0.5158576369285583,1
3005,188,0.7436283826828003,0
3005,914,0.9969108700752258,0
3005,1889,0.6447916030883789,0
3005,837,0.8984034061431885,0
3005,192,0.5976876616477966,0
3005,1151,0.6126278638839722,0
3005,485,0.7176474332809448,0
3005,30,0.4705546796321869,0
3005,239,0.49355047941207886,0
3005,1234,0.5217337012290955,0
3005,824,0.8497994542121887,0
3005,159,0.969889760017395,0
3005,1165,0.5501664280891418,0
3005,1264,0.6078211069107056,0
3005,1685,0.49328479170799255,0
3005,422,0.5973187685012817,0
3005,1327,0.8105495572090149,0
3005,2064,0.5598316192626953,0
3005,34,0.5982968211174011,0
3903,372,0.4724365472793579,1
3903,794,0.6272392272949219,0
3903,1173,0.7790141105651855,0
3903,811,0.5726710557937622,0
3903,1209,0.5126706957817078,0
3903,1806,1.485995888710022,0
3903,1201,0.7018977403640747,0
3903,894,0.5565115809440613,0
3903,1098,0.5373966693878174,0
3903,1883,0.5270267724990845,0
3903,1046,0.5542892217636108,0
3903,1370,0.688420295715332,0
3903,1502,0.4559624195098877,0
3903,657,0.5333443284034729,0
3903,979,0.5016231536865234,0
3903,1985,0.727797269821167,0
3903,373,0.6471875309944153,0
3903,746,0.5009270310401917,0
3903,891,0.6435760259628296,0
3903,459,0.5121067762374878,0
871,436,1.699648141860962,1
871,415,0.581577479839325,0
871,680,1.149075984954834,0
871,858,0.655532956123352,0
871,2010,0.5186963081359863,0
871,1945,0.5028523206710815,0
871,776,0.4705774188041687,0
871,145,0.6786885261535645,0
871,1365,0.85159832239151,0
871,33,0.8104190826416016,0
871,2015,0.5015732049942017,0
871,3,0.6058335304260254,0
871,53,0.5116179585456848,0
871,1766,0.6512356400489807,0
871,830,0.6749830842018127,0
871,386,0.4768766760826111,0
871,604,0.5147296190261841,0
871,1177,0.691798985004425,0
871,2080,0.5881643295288086,0
871,382,0.48480576276779175,0
1021,82,0.7308566570281982,1
1021,609,0.41501617431640625,0
1021,871,0.6539098024368286,0
1021,761,0.5786699056625366,0
1021,279,0.6178125739097595,0
1021,234,0.7293713092803955,0
1021,1112,0.7040914297103882,0
1021,1428,0.7686440944671631,0
1021,1691,0.6727104187011719,0
1021,252,0.5463545322418213,0
1021,23,0.5856993794441223,0
1021,84,0.6848171353340149,0
1021,398,0.9337030053138733,0
1021,1269,0.6294984221458435,0
1021,1001,0.526596188545227,0
1021,1238,0.6649145483970642,0
1021,1092,0.8875283598899841,0
1021,763,0.7035788893699646,0
1021,1826,0.6588909029960632,0
1021,91,0.8036490678787231,0
2597,1011,1.013380527496338,1
2597,1065,0.770587146282196,0
2597,1547,1.0016629695892334,0
2597,983,1.0590262413024902,0
2597,270,0.4384511709213257,0
2597,541,0.7862906455993652,0
2597,363,0.5401791334152222,0
2597,481,0.6351905465126038,0
2597,1559,1.2279988527297974,0
2597,600,1.2517074346542358,0
2597,937,0.5417197942733765,0
2597,1298,0.5646020174026489,0
2597,1654,1.0127536058425903,0
2597,1857,0.6354800462722778,0
2597,52,0.6411058306694031,0
2597,2006,0.6906699538230896,0
2597,1428,0.7945316433906555,0
2597,338,0.6328131556510925,0
2597,830,0.6968162059783936,0
2597,1405,1.171613097190857,0
311,1571,0.7395629286766052,1
311,435,0.6482284069061279,0
311,1544,0.6826246380805969,0
311,1637,0.6706255078315735,0
311,2021,0.6743361949920654,0
311,1420,0.7016901969909668,0
311,469,1.0073413848876953,0
311,1362,0.6695418953895569,0
311,1834,0.6645160913467407,0
311,1875,0.5273019671440125,0
311,1046,0.6382920145988464,0
311,1257,1.1843414306640625,0
311,1872,0.5929282307624817,0
311,385,0.7302423119544983,0
311,664,0.6800029277801514,0
311,1173,0.8990346193313599,0
311,806,0.5900236368179321,0
311,1559,1.2406212091445923,0
311,813,0.6347885727882385,0
311,815,0.7065887451171875,0
1034,250,0.6724820137023926,1
1034,457,0.6252362728118896,0
1034,1344,0.7244694232940674,0
1034,1085,0.5408188104629517,0
1034,455,1.0774174928665161,0
1034,1781,0.602303683757782,0
1034,1674,0.539875864982605,0
1034,760,1.2817414999008179,0
1034,209,0.48489537835121155,0
1034,399,0.7765750885009766,0
1034,511,1.2383692264556885,0
1034,430,0.7132685780525208,0
1034,639,0.8929049968719482,0
1034,462,0.9359054565429688,0
1034,188,0.8198915123939514,0
1034,417,1.0316827297210693,0
1034,1801,0.6297886967658997,0
1034,917,0.5821667313575745,0
1034,856,0.7104926109313965,0
1034,517,0.7275381088256836,0
43,1399,1.019420862197876,1
43,315,0.6672323942184448,0
43,1031,0.48730406165122986,0
43,2003,0.42912280559539795,0
43,465,0.41282206773757935,0
43,689,0.8189775943756104,0
43,1445,1.0685780048370361,0
43,1570,0.47970157861709595,0
43,1688,0.45686179399490356,0
43,1095,0.6491230130195618,0
43,757,0.5240745544433594,0
43,261,0.6475976705551147,0
43,1428,0.6989744901657104,0
43,896,0.6099600195884705,0
43,1018,0.4458705186843872,0
43,562,0.5991901159286499,0
43,664,0.6008570194244385,0
43,86,0.7866901159286499,0
43,48,0.5698168277740479,0
43,604,0.4711539149284363,0
3932,646,0.4844203293323517,1
3932,877,0.550878643989563,0
3932,398,0.8633596897125244,0
3932,464,0.6235256791114807,0
3932,1936,1.03328537940979,0
3932,1143,0.48166966438293457,0
3932,766,0.4573606550693512,0
3932,215,0.5585466027259827,0
3932,1456,0.8748582005500793,0
3932,1168,0.8222691416740417,0
3932,853,0.5655336380004883,0
3932,1693,0.8788872957229614,0
3932,1657,0.5161283016204834,0
3932,897,0.5036790370941162,0
3932,74,0.8696070313453674,0
3932,1637,0.6227699518203735,0
3932,1062,0.5975173115730286,0
3932,837,0.9174676537513733,0
3932,1821,0.7687386870384216,0
3932,1889,0.6355822682380676,0
739,1111,0.5197793245315552,1
739,153,0.9726267457008362,0
739,1369,0.6837260127067566,0
739,1211,0.6631338596343994,0
739,1433,0.8415870666503906,0
739,879,0.6751681566238403,0
739,554,0.5143700838088989,0
739,288,0.6543851494789124,0
739,1261,0.6281905770301819,0
739,1429,0.470630019903183,0
739,1167,0.539000391960144,0
739,752,0.5799031257629395,0
739,905,0.4960581660270691,0
739,529,1.0521628856658936,0
739,685,0.6670622825622559,0
739,67,0.7447324395179749,0
739,1219,0.5596157312393188,0
739,1664,1.369827151298523,0
739,712,0.6804883480072021,0
739,532,0.6470115184783936,0
1037,1714,0.8105599880218506,1
1037,1101,0.5812075138092041,0
1037,788,0.628821074962616,0
1037,1997,0.68051677942276,0
1037,1338,0.6161506175994873,0
1037,78,0.9683706760406494,0
1037,740,0.526160478591919,0
1037,501,0.7572380900382996,0
1037,816,0.8073248267173767,0
1037,1464,0.5958974957466125,0
1037,1023,0.9103298187255859,0
1037,730,0.5588185787200928,0
1037,1773,0.6292615532875061,0
1037,324,0.5031591057777405,0
1037,1250,0.8306873440742493,0
1037,117,0.9431357383728027,0
1037,81,0.6669831275939941,0
1037,1234,0.563159704208374,0
1037,995,1.233471393585205,0
1037,1104,1.2710497379302979,0
672,644,0.4951016902923584,1
672,1885,0.6225306987762451,0
672,338,0.6039751768112183,0
672,877,0.5569136142730713,0
672,917,0.5374571084976196,0
672,907,0.6753656268119812,0
672,1052,0.5094432830810547,0
672,1905,0.7957637310028076,0
672,1297,0.5784254670143127,0
672,1227,0.6222537755966187,0
672,1027,0.6055753827095032,0
672,1330,0.4267295002937317,0
672,1948,0.7593497037887573,0
672,1360,0.6825940608978271,0
672,814,0.6320606470108032,0
672,1387,0.537138819694519,0
672,731,0.6822855472564697,0
672,497,0.5979506969451904,0
672,1613,0.4964250326156616,0
672,1657,0.5292263031005859,0
3379,1875,0.5096466541290283,1
3379,1135,0.582996129989624,0
3379,300,0.5247360467910767,0
3379,1227,0.6493673324584961,0
3379,87,0.49238303303718567,0
3379,1346,0.576312780380249,0
3379,692,0.7109619975090027,0
3379,1553,0.6685887575149536,0
3379,1260,0.6660647392272949,0
3379,74,0.9087584614753723,0
3379,1015,0.6380437612533569,0
3379,1772,0.6364171504974365,0
3379,69,0.4895852208137512,0
3379,1652,0.6319090723991394,0
3379,1793,0.48533326387405396,0
3379,189,0.5817273855209351,0
3379,1712,1.0015840530395508,0
3379,1308,0.5344782471656799,0
3379,1006,1.0364468097686768,0
3379,109,0.46118152141571045,0
1228,1516,1.1696398258209229,1
1228,1279,0.6857328414916992,0
1228,1420,0.6975669264793396,0
1228,587,0.5080505013465881,0
1228,871,0.6685375571250916,0
1228,1335,0.7014688849449158,0
1228,791,0.6390889286994934,0
1228,1330,0.48507198691368103,0
1228,1223,0.5135564208030701,0
1228,1641,0.8959625959396362,0
1228,462,0.9088708162307739,0
1228,1657,0.5557894110679626,0
1228,1824,0.5632108449935913,0
1228,453,0.6620916128158569,0
1228,728,0.6165561676025391,0
1228,1807,0.5679857134819031,0
1228,1852,0.6172779202461243,0
1228,1935,0.6872235536575317,0
1228,816,0.7943962812423706,0
1228,2055,0.5353006720542908,0
2471,278,0.5434768199920654,1
2471,84,0.6572999358177185,0
2471,942,0.7468045949935913,0
2471,1396,0.7226191759109497,0
2471,1032,0.5320921540260315,0
2471,1373,1.0172054767608643,0
2471,2079,0.5554434657096863,0
2471,1534,0.43743371963500977,0
2471,480,0.5606844425201416,0
2471,512,0.6107015609741211,0
2471,693,0.5521895885467529,0
2471,1715,0.7906420230865479,0
2471,421,0.4306197762489319,0
2471,1204,0.49210983514785767,0
2471,1084,0.6282365322113037,0
2471,1750,0.6114299297332764,0
2471,1312,1.1042683124542236,0
2471,704,0.6516013145446777,0
2471,1578,1.2581968307495117,0
2471,1205,0.8370035290718079,0
622,480,0.5455437302589417,1
622,1823,0.8382004499435425,0
622,1950,0.7230466604232788,0
622,706,0.5837237238883972,0
622,80,0.8323951959609985,0
622,1415,0.5714269280433655,0
622,111,0.5573440194129944,0
622,87,0.44242244958877563,0
622,447,0.767998218536377,0
622,1724,0.6630511283874512,0
622,1238,0.6214325428009033,0
622,1189,0.5494836568832397,0
622,227,0.43228036165237427,0
622,160,0.6208795309066772,0
622,1684,0.6032523512840271,0
622,1201,0.7502534985542297,0
622,991,0.5894635319709778,0
622,1840,0.47344109416007996,0
622,567,0.9866781234741211,0
622,510,0.4469272196292877,0
4142,247,0.4896979331970215,1
4142,998,0.666598916053772,0
4142,605,0.6159731149673462,0
4142,133,0.5145962238311768,0
4142,967,0.5571615099906921,0
4142,930,0.8512189984321594,0
4142,1240,0.6586085557937622,0
4142,899,0.6294925212860107,0
4142,1266,0.5258201360702515,0
4142,1729,0.7654670476913452,0
4142,631,0.47891390323638916,0
4142,642,0.5573699474334717,0
4142,48,0.5904304385185242,0
4142,2025,0.6536624431610107,0
4142,92,0.6150463223457336,0
4142,252,0.5390630960464478,0
4142,1653,0.5793948173522949,0
4142,1930,0.6194186806678772,0
4142,1908,0.479155957698822,0
4142,1942,1.0301363468170166,0
1506,760,1.1354246139526367,1
1506,468,0.5681973695755005,0
1506,174,0.4664310812950134,0
1506,921,0.9139505624771118,0
1506,89,0.3833928108215332,0
1506,1233,0.47320622205734253,0
1506,13,0.9923351407051086,0
1506,1689,1.1217386722564697,0
1506,803,0.8696045875549316,0
1506,46,0.4361026883125305,0
1506,1206,0.4289993643760681,0
1506,1647,0.4318057596683502,0
1506,1102,0.5265733003616333,0
1506,510,0.4069984555244446,0
1506,2017,0.576869547367096,0
1506,896,0.572600245475769,0
1506,415,0.5048521161079407,0
1506,2041,0.5592169165611267,0
1506,528,0.5149168968200684,0
1506,14,0.6589090824127197,0
362,1767,0.46822917461395264,1
362,1378,0.7824556827545166,0
362,1536,1.2504825592041016,0
362,1850,0.8912038803100586,0
362,157,0.6312366127967834,0
362,2066,0.7803233861923218,0
362,1161,0.5113911032676697,0
362,133,0.5298420786857605,0
362,686,0.633648693561554,0
362,518,0.7347561717033386,0
362,1238,0.6860954761505127,0
362,1231,0.9815527200698853,0
362,1856,0.6741771697998047,0
362,885,0.6775447130203247,0
362,1549,1.0179860591888428,0
362,817,0.5167920589447021,0
362,1207,0.740935206413269,0
362,953,0.8186466693878174,0
362,1079,0.7083579301834106,0
362,1321,0.6352351903915405,0
768,905,0.5413619875907898,1
768,1139,0.7159585952758789,0
768,1346,0.6068421602249146,0
768,140,0.6999567747116089,0
768,1663,1.104004979133606,0
768,180,0.7203837037086487,0
768,576,0.6399990320205688,0
768,1640,0.8007065653800964,0
768,1623,0.6899678111076355,0
768,1359,1.0160260200500488,0
768,1842,0.8085302114486694,0
768,639,0.916009783744812,0
768,1133,0.638116717338562,0
768,43,0.49098747968673706,0
768,808,0.8552159070968628,0
768,16,0.43733811378479004,0
768,1151,0.6606941819190979,0
768,1088,0.8984343409538269,0
768,535,0.6787832975387573,0
768,1022,0.6154128909111023,0
2293,799,0.6697289943695068,1
2293,1148,0.5925384759902954,0
2293,46,0.5353057384490967,0
2293,221,0.6983729600906372,0
2293,1591,0.5819975733757019,0
2293,1911,0.609768807888031,0
2293,1919,0.6089141964912415,0
2293,1216,0.6405470371246338,0
2293,1844,1.3610084056854248,0
2293,1839,0.6519352793693542,0
2293,1191,0.48601430654525757,0
2293,1725,0.8443782329559326,0
2293,291,0.5931624174118042,0
2293,744,0.6423254013061523,0
2293,1166,0.6059924960136414,0
2293,1743,0.664113461971283,0
2293,1807,0.5347095727920532,0
2293,429,0.5678988695144653,0
2293,381,0.7134852409362793,0
2293,795,0.6441261172294617,0
457,552,1.0445683002471924,1
457,1532,1.0880837440490723,0
457,1912,0.7479611039161682,0
457,1547,1.1648141145706177,0
457,406,0.8287533521652222,0
457,404,0.728196382522583,0
457,1106,0.7804038524627686,0
457,1143,0.550063967704773,0
457,73,0.7003012895584106,0
457,1597,1.1754283905029297,0
457,1845,0.9288174510002136,0
457,869,0.7150726914405823,0
457,1240,0.8172763586044312,0
457,858,0.7498602271080017,0
457,1879,0.7449153065681458,0
457,79,1.0303369760513306,0
457,799,0.7791042327880859,0
457,207,0.6851299405097961,0
457,1891,0.939913809299469,0
457,1500,0.9246100187301636,0
455,1719,0.8461759090423584,1
455,235,1.2904651165008545,0
455,530,0.9615246653556824,0
455,175,0.6270925402641296,0
455,701,0.5890761613845825,0
455,130,0.7299622893333435,0
455,770,0.5428200960159302,0
455,1065,0.8264000415802002,0
455,1059,0.5438121557235718,0
455,1240,0.776127815246582,0
455,400,0.6624627113342285,0
455,828,0.6985317468643188,0
455,1503,0.5562244653701782,0
455,546,0.7022117972373962,0
455,1819,0.7516571879386902,0
455,128,0.6149795055389404,0
455,1879,0.7239253520965576,0
455,996,0.9565026760101318,0
455,1109,0.6853933930397034,0
455,779,0.6402217745780945,0
1994,1869,0.5595700144767761,1
1994,1570,0.4387959837913513,0
1994,1937,0.5819383859634399,0
1994,83,0.5651262402534485,0
1994,1255,0.827175498008728,0
1994,637,0.9716325402259827,0
1994,1167,0.4878358840942383,0
1994,1745,0.3672482967376709,0
1994,29,0.449031263589859,0
1994,1691,0.5557184219360352,0
1994,1435,0.6148331761360168,0
1994,1882,0.3374592065811157,0
1994,49,0.9835415482521057,0
1994,310,0.5992584824562073,0
1994,1291,0.5566012263298035,0
1994,850,0.944619357585907,0
1994,899,0.5650671124458313,0
1994,1689,1.0679125785827637,0
1994,1794,0.4914763569831848,0
1994,1114,0.7262289524078369,0
3102,2059,0.3891751766204834,1
3102,179,0.7593476176261902,0
3102,1370,0.6935262680053711,0
3102,1825,0.6871587038040161,0
3102,1013,0.6768307685852051,0
3102,1815,0.4591129422187805,0
3102,1890,0.6244937181472778,0
3102,169,0.43274566531181335,0
3102,1869,0.6082069277763367,0
3102,11,0.4281473755836487,0
3102,1308,0.4550592303276062,0
3102,1829,1.7646088600158691,0
3102,1257,0.9822790622711182,0
3102,905,0.47928500175476074,0
3102,609,0.3820149898529053,0
3102,1579,0.7001969814300537,0
3102,1493,0.6803000569343567,0
3102,1056,0.4823065400123596,0
3102,272,0.5396102666854858,0
3102,1880,0.5689448118209839,0
3486,2068,1.0763448476791382,1
3486,2060,0.835120439529419,0
3486,815,0.7425436973571777,0
3486,677,0.5602023601531982,0
3486,1388,0.8496265411376953,0
3486,536,0.6302403807640076,0
3486,1470,0.7650733590126038,0
3486,1032,0.5454370975494385,0
3486,1999,0.9192677140235901,0
3486,1642,0.9547356963157654,0
3486,1537,0.6041364669799805,0
3486,385,0.7437961101531982,0
3486,1799,0.8154284954071045,0
3486,1329,0.779526948928833,0
3486,1577,0.6600513458251953,0
3486,1602,0.7635781764984131,0
3486,371,0.5712543725967407,0
3486,1779,0.6691677570343018,0
3486,121,0.6038686633110046,0
3486,568,0.7045372128486633,0
1212,1322,0.8817786574363708,1
1212,1128,0.6198736429214478,0
1212,900,0.7961094975471497,0
1212,587,0.5180612802505493,0
1212,980,1.4424469470977783,0
1212,636,0.8042557239532471,0
1212,1795,1.0863560438156128,0
1212,359,0.6919565200805664,0
1212,193,1.1191264390945435,0
1212,1296,0.6079160571098328,0
1212,1353,0.8233920335769653,0
1212,739,0.8993224501609802,0
1212,2058,0.6528900861740112,0
1212,410,0.9149506092071533,0
1212,1069,0.4907614588737488,0
1212,833,0.7259829044342041,0
1212,1118,0.5409737229347229,0
1212,378,0.5149891972541809,0
1212,1537,0.6241536140441895,0
1212,648,0.8971490859985352,0
2039,1180,0.7404625415802002,1
2039,57,0.5820949673652649,0
2039,859,0.6333534717559814,0
2039,1831,0.5888993740081787,0
2039,2074,0.43483126163482666,0
2039,1495,0.5889720916748047,0
2039,923,1.5943052768707275,0
2039,977,0.6826896667480469,0
2039,567,0.9205054640769958,0
2039,1178,0.8459224700927734,0
2039,723,0.42214760184288025,0
2039,526,0.6095644235610962,0
2039,1708,0.6407795548439026,0
2039,770,0.3971911668777466,0
2039,1451,0.6573569774627686,0
2039,706,0.5161935091018677,0
2039,578,0.6107022762298584,0
2039,1719,0.6939501762390137,0
2039,1592,0.5646424293518066,0
2039,1401,0.5286561250686646,0
2444,1398,0.537449300289154,1
2444,1712,1.0230730772018433,0
2444,560,0.607264518737793,0
2444,976,0.8905942440032959,0
2444,2049,0.6394534111022949,0
2444,1685,0.5066059827804565,0
2444,1125,0.6315112113952637,0
2444,1653,0.6234285831451416,0
2444,1757,1.5440003871917725,0
2444,734,0.6745669841766357,0
2444,1025,0.5649904012680054,0
2444,59,0.7211966514587402,0
2444,1339,0.7456060647964478,0
2444,896,0.6694043874740601,0
2444,519,0.6736053228378296,0
2444,179,0.8693945407867432,0
2444,709,0.6831424236297607,0
2444,372,0.5101034641265869,0
2444,1798,0.7108640074729919,0
2444,394,0.6467849612236023,0
137,766,0.4954192638397217,1
137,72,0.6994156241416931,0
137,1788,0.639211118221283,0
137,437,0.9848663210868835,0
137,31,0.7414679527282715,0
137,1927,0.8720345497131348,0
137,1327,0.9672026634216309,0
137,404,0.7086952924728394,0
137,116,0.5353410243988037,0
137,200,0.6970871090888977,0
137,609,0.44733119010925293,0
137,1711,0.6999256014823914,0
137,1040,0.6377065181732178,0
137,722,0.7069465517997742,0
137,899,0.719738781452179,0
137,403,0.7398415803909302,0
137,635,0.6315385103225708,0
137,1679,0.6962483525276184,0
137,1476,0.851191520690918,0
137,876,0.7805026769638062,0
3719,1630,0.9279735088348389,1
3719,729,0.5545167922973633,0
3719,1035,0.9046512842178345,0
3719,1347,0.996000349521637,0
3719,946,0.8514611721038818,0
3719,1416,0.8580540418624878,0
3719,1262,0.6330265998840332,0
3719,281,0.630680501461029,0
3719,922,0.7487190961837769,0
3719,359,0.6752564311027527,0
3719,1865,0.7819834351539612,0
3719,146,0.9341296553611755,0
3719,822,0.6939281821250916,0
3719,1411,0.7291301488876343,0
3719,1358,0.6280338168144226,0
3719,1327,0.970393180847168,0
3719,695,0.8629621267318726,0
3719,1544,0.7343248128890991,0
3719,701,0.613766610622406,0
3719,1912,0.7047774195671082,0
337,27,0.7317101359367371,1
337,817,0.48764604330062866,0
337,1071,0.6802441477775574,0
337,1967,0.5440393686294556,0
337,1351,0.8555280566215515,0
337,1853,1.1274441480636597,0
337,1210,0.8873695135116577,0
337,1187,0.635702908039093,0
337,2042,0.46390336751937866,0
337,1404,0.6299437284469604,0
337,1639,0.6274496912956238,0
337,886,0.6174822449684143,0
337,1253,0.6962810754776001,0
337,869,0.675414502620697,0
337,197,0.7197222113609314,0
337,2055,0.47147732973098755,0
337,1954,0.48011624813079834,0
337,1207,0.6941183805465698,0
337,1861,0.6544938087463379,0
337,1526,0.638154149055481,0
3958,109,0.43864667415618896,1
3958,953,0.7518225312232971,0
3958,900,0.6594017148017883,0
3958,1965,0.8254237174987793,0
3958,499,0.5826738476753235,0
3958,1602,0.7033184170722961,0
3958,428,0.6690051555633545,0
3958,2055,0.4813289940357208,0
3958,1695,0.4789937734603882,0
3958,1263,0.539452075958252,0
3958,1726,0.5256569981575012,0
3958,1599,0.43975991010665894,0
3958,1023,0.813545823097229,0
3958,929,0.6328786015510559,0
3958,1730,0.848383367061615,0
3958,2023,0.6195744872093201,0
3958,429,0.5321277379989624,0
3958,1617,0.969980001449585,0
3958,1020,0.8239639401435852,0
3958,2067,0.6656998991966248,0
4086,1204,0.48946788907051086,1
4086,298,0.5576353669166565,0
4086,1491,0.7025550603866577,0
4086,1457,0.7046229839324951,0
4086,437,0.8428348302841187,0
4086,276,0.5780525803565979,0
4086,1254,0.5869524478912354,0
4086,761,0.5382815599441528,0
4086,1067,0.7883756160736084,0
4086,2050,0.762779712677002,0
4086,984,0.634173572063446,0
4086,192,0.5850500464439392,0
4086,1904,0.856174111366272,0
4086,986,0.8434203863143921,0
4086,911,0.567521333694458,0
4086,608,0.5261324644088745,0
4086,1146,0.6390374302864075,0
4086,1910,0.531959056854248,0
4086,1664,1.2586681842803955,0
4086,1033,0.6877421736717224,0
3537,1085,0.5460478663444519,1
3537,545,0.6932143568992615,0
3537,2019,0.6273819208145142,0
3537,1265,0.6490297913551331,0
3537,1846,0.9746934175491333,0
3537,1655,0.7274154424667358,0
3537,1418,0.6373549699783325,0
3537,1125,0.654220461845398,0
3537,576,0.6555121541023254,0
3537,2077,0.7027060985565186,0
3537,698,0.6410708427429199,0
3537,1876,1.9293445348739624,0
3537,1968,0.611474871635437,0
3537,1808,1.0162837505340576,0
3537,381,0.7358658313751221,0
3537,823,0.9332098960876465,0
3537,1475,0.6942233443260193,0
3537,564,0.6024659276008606,0
3537,1993,0.5779213905334473,0
3537,252,0.6052193641662598,0
90,1006,1.3192440271377563,1
90,1759,0.7817603349685669,0
90,2005,0.6984992027282715,0
90,1059,0.5511218309402466,0
90,1930,0.7803698182106018,0
90,1194,0.768302857875824,0
90,1330,0.5187124013900757,0
90,105,0.9239212274551392,0
90,1822,1.1065797805786133,0
90,20,0.8301409482955933,0
90,287,1.0660089254379272,0
90,919,1.065567970275879,0
90,2020,0.8676018118858337,0
90,1856,0.7679570913314819,0
90,154,0.6739706993103027,0
90,1607,1.0009655952453613,0
90,1472,1.0884296894073486,0
90,1307,0.8686505556106567,0
90,87,0.5842037200927734,0
90,1851,0.7167328596115112,0
2134,1403,0.7031387686729431,1
2134,634,0.46406951546669006,0
2134,1707,0.7733273506164551,0
2134,525,0.5906950235366821,0
2134,748,0.6665623188018799,0
2134,278,0.5509185791015625,0
2134,826,0.650213360786438,0
2134,1587,0.5806541442871094,0
2134,1021,0.9432876110076904,0
2134,1785,0.5781038999557495,0
2134,1382,0.6548399925231934,0
2134,747,0.6870542764663696,0
2134,548,0.6340653896331787,0
2134,1664,1.4060879945755005,0
2134,1852,0.6063442826271057,0
2134,391,0.4379771947860718,0
2134,982,0.5095412731170654,0
2134,811,0.6715549826622009,0
2134,633,0.9218807220458984,0
2134,393,0.7074078917503357,0
2432,624,1.655195951461792,1
2432,1327,0.838060200214386,0
2432,335,0.9457808136940002,0
2432,1505,0.3824850916862488,0
2432,416,0.6387354135513306,0
2432,762,0.8349182605743408,0
2432,62,0.48192211985588074,0
2432,21,0.4037453830242157,0
2432,1992,0.6385608315467834,0
2432,348,0.515993058681488,0
2432,568,0.634498655796051,0
2432,646,0.4323562979698181,0
2432,1652,0.6267223358154297,0
2432,606,0.6517216563224792,0
2432,1271,0.645586371421814,0
2432,1047,0.46163469552993774,0
2432,669,0.6172550320625305,0
2432,1203,0.7534838318824768,0
2432,1332,0.7717117071151733,0
2432,1364,0.777289092540741,0
391,1397,0.8245459794998169,1
391,1281,0.6045430898666382,0
391,432,0.8412686586380005,0
391,237,1.1569606065750122,0
391,591,0.7108644843101501,0
391,847,0.9293309450149536,0
391,1544,0.7577344179153442,0
391,816,0.9130162000656128,0
391,480,0.6960801482200623,0
391,1521,1.3399248123168945,0
391,2002,0.7768667340278625,0
391,1248,0.868739128112793,0
391,581,0.7347429990768433,0
391,159,1.242187261581421,0
391,1625,0.5886144638061523,0
391,775,0.6691898107528687,0
391,1408,0.7848660945892334,0
391,1498,0.6768765449523926,0
391,750,0.743554949760437,0
391,250,0.7410193085670471,0
1313,980,1.0981245040893555,1
1313,1396,0.7055583000183105,0
1313,1914,0.7231780290603638,0
1313,121,0.5587294101715088,0
1313,881,0.5640056133270264,0
1313,1234,0.5206954479217529,0
1313,2002,0.6080869436264038,0
1313,1494,0.7008395195007324,0
1313,1510,0.5330076217651367,0
1313,1669,0.8611165881156921,0
1313,942,0.7323479056358337,0
1313,210,0.7313557863235474,0
1313,615,0.5426813364028931,0
1313,151,1.149810552597046,0
1313,1785,0.5316892862319946,0
1313,946,0.7204751372337341,0
1313,342,0.5407781600952148,0
1313,2026,0.7015631794929504,0
1313,321,0.5541160702705383,0
1313,71,0.8679680824279785,0
1341,1728,0.844718337059021,1
1341,1255,0.9521992802619934,0
1341,1385,0.7734493613243103,0
1341,958,0.9718751907348633,0
1341,1846,0.9187464714050293,0
1341,621,0.8803507685661316,0
1341,895,0.6730467677116394,0
1341,752,0.6015472412109375,0
1341,670,0.6694188117980957,0
1341,993,0.8677988648414612,0
1341,1906,0.5129162073135376,0
1341,612,0.6033570766448975,0
1341,51,0.4182007908821106,0
1341,1617,0.9821696281433105,0
1341,582,0.6780925393104553,0
1341,2007,0.4724934995174408,0
1341,382,0.507706880569458,0
1341,1011,0.9695085287094116,0
1341,361,0.6866071224212646,0
1341,429,0.5891215801239014,0
3177,138,0.5230605602264404,1
3177,1917,1.0805954933166504,0
3177,246,0.5893004536628723,0
3177,209,0.4101014733314514,0
3177,1382,0.6087669134140015,0
3177,433,0.8207740187644958,0
3177,65,0.6262482404708862,0
3177,1128,0.49769675731658936,0
3177,652,0.6599268317222595,0
3177,315,0.6922802329063416,0
3177,725,0.4792930483818054,0
3177,1139,0.6427062153816223,0
3177,335,0.858620822429657,0
3177,1302,0.8095859289169312,0
3177,534,0.6370935440063477,0
3177,1378,0.6907698512077332,0
3177,859,0.6805094480514526,0
3177,22,0.5047833323478699,0
3177,1912,0.5920592546463013,0
3177,1998,0.5699278116226196,0
3299,183,0.49204519391059875,1
3299,1307,0.6716275215148926,0
3299,1535,0.8871166706085205,0
3299,1983,0.7937276363372803,0
3299,1635,0.4088514745235443,0
3299,1106,0.6293755173683167,0
3299,978,0.9352439641952515,0
3299,1304,0.5566902160644531,0
3299,1513,0.8863765597343445,0
3299,2022,0.42420095205307007,0
3299,477,0.6067143082618713,0
3299,303,0.615875244140625,0
3299,1161,0.44274166226387024,0
3299,1366,0.5891532301902771,0
3299,3,0.5798355340957642,0
3299,1545,0.9807161092758179,0
3299,2005,0.5616954565048218,0
3299,1328,0.6368996500968933,0
3299,1220,0.708514392375946,0
3299,1240,0.6653647422790527,0
1472,614,0.6715840101242065,1
1472,1037,0.6811560392379761,0
1472,413,0.6094211935997009,0
1472,1659,0.6751838326454163,0
1472,1406,0.44675785303115845,0
1472,520,0.559686541557312,0
1472,1690,0.6537226438522339,0
1472,658,0.7995455265045166,0
1472,1461,0.5878899097442627,0
1472,1809,0.8813400268554688,0
1472,1622,0.8919308185577393,0
1472,335,0.9758669137954712,0
1472,329,0.548447847366333,0
1472,1259,0.8113173246383667,0
1472,830,0.6801971197128296,0
1472,1919,0.6347975730895996,0
1472,583,0.6308184862136841,0
1472,779,0.5988001227378845,0
1472,894,0.6198075413703918,0
1472,162,0.5566499829292297,0
2114,1828,1.0337647199630737,1
2114,1381,0.8766378164291382,0
2114,1773,0.6595920920372009,0
2114,1686,0.9924684762954712,0
2114,1107,1.154620885848999,0
2114,341,0.43038514256477356,0
2114,1411,0.6632249355316162,0
2114,1575,0.6343051195144653,0
2114,1492,0.6300615072250366,0
2114,2051,1.1565406322479248,0
2114,1695,0.4921545386314392,0
2114,1690,0.6660527586936951,0
2114,1065,0.7770183682441711,0
2114,806,0.58978271484375,0
2114,1810,0.5940361022949219,0
2114,489,0.5564725399017334,0
2114,1025,0.6194385886192322,0
2114,1885,0.6669524312019348,0
2114,1364,0.8425788879394531,0
2114,512,0.6529226303100586,0
1871,1627,0.7393634915351868,1
1871,156,0.7495298385620117,0
1871,652,0.7968419790267944,0
1871,699,1.5147584676742554,0
1871,1111,0.5823388695716858,0
1871,721,0.6614125967025757,0
1871,1721,0.961713969707489,0
1871,863,1.1244029998779297,0
1871,1081,0.5146288871765137,0
1871,1719,0.8730517625808716,0
1871,1931,0.6995028257369995,0
1871,1545,1.1493691205978394,0
1871,2024,0.6983252167701721,0
1871,836,1.1524295806884766,0
1871,215,0.6445267200469971,0
1871,50,0.747694194316864,0
1871,686,0.651853084564209,0
1871,193,1.1418801546096802,0
1871,2078,0.7125864624977112,0
1871,1321,0.6643674373626709,0
1288,968,0.6996249556541443,1
1288,1931,0.5613980293273926,0
1288,655,1.1033239364624023,0
1288,891,0.6552213430404663,0
1288,1081,0.4237838387489319,0
1288,122,1.0224132537841797,0
1288,1792,0.7477903962135315,0
1288,1184,0.7249716520309448,0
1288,1093,0.4771224856376648,0
1288,1447,0.9228560924530029,0
1288,1920,0.5498020052909851,0
1288,492,0.4634988307952881,0
1288,195,0.5572755336761475,0
1288,598,0.7982749342918396,0
1288,886,0.5106433629989624,0
1288,675,0.522045373916626,0
1288,1851,0.5365663170814514,0
1288,1176,0.4791010618209839,0
1288,586,0.7015169858932495,0
1288,1965,0.7526990175247192,0
1861,345,2.7603960037231445,1
1861,2034,0.7868292331695557,0
1861,1563,0.7250820994377136,0
1861,1422,0.4970218539237976,0
1861,1926,0.5384906530380249,0
1861,537,0.7125281095504761,0
1861,1404,0.5881944894790649,0
1861,939,0.5007621049880981,0
1861,1053,0.8867534399032593,0
1861,1754,0.46439704298973083,0
1861,1518,1.0443274974822998,0
1861,2050,0.813549816608429,0
1861,181,0.7499340772628784,0
1861,195,0.5835611820220947,0
1861,331,0.42678654193878174,0
1861,8,0.683414101600647,0
1861,328,0.9802796840667725,0
1861,103,1.272324562072754,0
1861,1415,0.6106863021850586,0
1861,1896,0.6210382580757141,0
689,339,0.6561002135276794,1
689,890,0.6203198432922363,0
689,1585,0.4979114830493927,0
689,707,0.5010898113250732,0
689,134,0.6886460781097412,0
689,197,0.7523213028907776,0
689,1850,0.8695253133773804,0
689,633,0.9147274494171143,0
689,943,0.6463489532470703,0
689,549,0.6161319017410278,0
689,1225,0.4844546318054199,0
689,1938,0.6105244159698486,0
689,1531,0.5091225504875183,0
689,1731,0.6375479102134705,0
689,1332,0.7723463773727417,0
689,792,0.9794238209724426,0
689,1838,0.6571662425994873,0
689,591,0.6251164078712463,0
689,1452,0.5164898633956909,0
689,1751,0.5304903984069824,0
961,1476,0.8540565967559814,1
961,1324,0.48156070709228516,0
961,1999,1.0014564990997314,0
961,540,0.9259732365608215,0
961,1,0.6851765513420105,0
961,878,0.5379493832588196,0
961,418,0.7110400199890137,0
961,1438,0.5684217214584351,0
961,1663,1.141798496246338,0
961,1860,1.0020995140075684,0
961,1855,0.7295056581497192,0
961,1986,2.1955156326293945,0
961,1274,0.6769853234291077,0
961,1994,0.7376960515975952,0
961,809,0.6397851705551147,0
961,393,0.7735918760299683,0
961,952,0.735334575176239,0
961,1396,0.8518681526184082,0
961,1051,0.642770528793335,0
961,461,0.8904844522476196,0
36,1172,0.4833986759185791,1
36,861,1.141476035118103,0
36,1070,0.5713270902633667,0
36,1993,0.5513760447502136,0
36,776,0.46912622451782227,0
36,620,0.4660947918891907,0
36,1025,0.5940701365470886,0
36,92,0.6782749891281128,0
36,1586,0.7264958620071411,0
36,619,0.7377128601074219,0
36,87,0.509565532207489,0
36,1717,0.5492314100265503,0
36,167,0.6353884935379028,0
36,953,0.7996326684951782,0
36,1391,0.6433521509170532,0
36,24,0.649256706237793,0
36,1464,0.6130222678184509,0
36,1338,0.6111477613449097,0
36,994,0.5638478994369507,0
36,587,0.4661608934402466,0
290,174,0.526310384273529,1
290,878,0.4821069836616516,0
290,1714,0.7344042062759399,0
290,1981,0.7047199010848999,0
290,758,0.6035515069961548,0
290,409,0.6216148138046265,0
290,1988,0.4625806510448456,0
290,1236,0.7713102102279663,0
290,424,0.7112727165222168,0
290,94,0.7091087102890015,0
290,952,0.664463996887207,0
290,755,0.823032021522522,0
290,2037,0.8122712969779968,0
290,231,0.9831292033195496,0
290,1601,0.6994462013244629,0
290,770,0.4554535150527954,0
290,1097,0.6349518895149231,0
290,1810,0.5443411469459534,0
290,429,0.5405162572860718,0
290,1244,0.6131971478462219,0
1559,805,0.9460736513137817,1
1559,279,0.5623247027397156,0
1559,761,0.5217727422714233,0
1559,1941,0.5277498960494995,0
1559,788,0.5601335763931274,0
1559,1441,0.597246527671814,0
1559,1684,0.5551103353500366,0
1559,1164,0.7555739879608154,0
1559,1933,0.46633821725845337,0
1559,1841,0.48019424080848694,0
1559,2041,0.6273112893104553,0
1559,1750,0.6029061079025269,0
1559,1779,0.6297320127487183,0
1559,1829,1.860960841178894,0
1559,1182,0.7517940402030945,0
1559,327,0.4700089395046234,0
1559,1926,0.5063414573669434,0
1559,1024,0.6574627757072449,0
1559,1489,0.5616059303283691,0
1559,140,0.6298578977584839,0
3192,638,0.6371864080429077,1
3192,1852,0.6063136458396912,0
3192,895,0.6630088686943054,0
3192,1999,0.9025471210479736,0
3192,1795,0.9325225353240967,0
3192,1566,0.600043773651123,0
3192,1588,0.5905542373657227,0
3192,1807,0.5573880076408386,0
3192,950,0.6021373867988586,0
3192,548,0.6268779039382935,0
3192,2062,2.9890284538269043,0
3192,1600,0.5591467022895813,0
3192,1688,0.54050213098526,0
3192,325,0.8304808139801025,0
3192,1517,0.7674518823623657,0
3192,1762,1.1387760639190674,0
3192,1317,0.6664979457855225,0
3192,1656,0.4386640191078186,0
3192,2024,0.6382935643196106,0
3192,1012,0.619641900062561,0
1198,989,0.929865837097168,1
1198,618,0.6164626479148865,0
1198,1510,0.5337052941322327,0
1198,851,0.600355327129364,0
1198,2019,0.5884349346160889,0
1198,2025,0.6246345043182373,0
1198,2066,0.664668083190918,0
1198,1612,0.5679161548614502,0
1198,1755,0.5666242837905884,0
1198,1440,0.5059865713119507,0
1198,60,0.6219180226325989,0
1198,1116,0.5491708517074585,0
1198,805,0.9518408179283142,0
1198,612,0.5339903831481934,0
1198,70,0.5286409854888916,0
1198,1496,0.6062085032463074,0
1198,325,0.7998529672622681,0
1198,672,0.38712120056152344,0
1198,1670,0.5669938921928406,0
1198,1055,0.7717627286911011,0
2023,445,0.5685951113700867,1
2023,1150,0.9636411666870117,0
2023,325,0.8721996545791626,0
2023,456,0.767013669013977,0
2023,2002,0.6976739168167114,0
2023,700,1.2162220478057861,0
2023,1046,0.6507301330566406,0
2023,52,0.6855075359344482,0
2023,11,0.5337182879447937,0
2023,420,0.5942270755767822,0
2023,328,0.9783884286880493,0
2023,1449,0.6289220452308655,0
2023,409,0.6756020188331604,0
2023,1208,0.5281981229782104,0
2023,363,0.5658224821090698,0
2023,1968,0.632336437702179,0
2023,1649,0.700404942035675,0
2023,1872,0.6170608401298523,0
2023,1420,0.7195231914520264,0
2023,1702,0.7267560362815857,0
1725,1252,0.41797563433647156,1
1725,656,0.41750553250312805,0
1725,1241,0.47459256649017334,0
1725,379,0.42158663272857666,0
1725,307,0.6570722460746765,0
1725,811,0.5974077582359314,0
1725,423,0.5296428203582764,0
1725,1253,0.5849590301513672,0
1725,292,0.4716727137565613,0
1725,1895,0.6504839658737183,0
1725,870,0.4610811471939087,0
1725,1677,0.42435958981513977,0
1725,437,0.8030439615249634,0
1725,173,0.6871249675750732,0
1725,863,0.8889090418815613,0
1725,2036,0.9566094875335693,0
1725,1699,0.5104459524154663,0
1725,122,1.0539586544036865,0
1725,1403,0.6122113466262817,0
1725,1280,0.5576402544975281,0
1356,417,1.0727393627166748,1
1356,1097,0.6623106002807617,0
1356,723,0.4882204532623291,0
1356,1888,0.7078566551208496,0
1356,86,0.8709771037101746,0
1356,1829,2.3287415504455566,0
1356,434,0.6220595836639404,0
1356,2077,0.7020784616470337,0
1356,1008,0.6497848629951477,0
1356,1777,1.0148797035217285,0
1356,1547,1.05863356590271,0
1356,1541,0.6769598722457886,0
1356,1538,0.6089410781860352,0
1356,352,0.6893458366394043,0
1356,1615,0.6807143688201904,0
1356,2052,0.6666755676269531,0
1356,1663,1.1163784265518188,0
1356,17,0.6797913908958435,0
1356,1897,0.6219562292098999,0
1356,1222,0.4901583790779114,0
3818,9,0.6055107712745667,1
3818,860,0.7038850784301758,0
3818,778,1.0726401805877686,0
3818,1876,1.9987417459487915,0
3818,198,0.7179203629493713,0
3818,428,0.7762615084648132,0
3818,1930,0.7175952196121216,0
3818,154,0.608535647392273,0
3818,534,0.7816722393035889,0
3818,392,0.5421614646911621,0
3818,1318,0.6212978959083557,0
3818,1369,0.7512282133102417,0
3818,221,0.7741447687149048,0
3818,511,1.2460230588912964,0
3818,173,0.8035176992416382,0
3818,1873,0.7394183874130249,0
3818,1188,0.7186037302017212,0
3818,1416,0.854261577129364,0
3818,1619,0.5977048277854919,0
3818,1461,0.6443274021148682,0
4148,439,1.2312073707580566,1
4148,100,0.5826823711395264,0
4148,655,1.2009661197662354,0
4148,1651,0.5950533747673035,0
4148,1707,0.7225127220153809,0
4148,1500,0.82094407081604,0
4148,2054,0.7189767956733704,0
4148,28,0.5362886786460876,0
4148,1725,0.8504250049591064,0
4148,611,0.6583899259567261,0
4148,1126,0.666155993938446,0
4148,1507,1.2235543727874756,0
4148,1670,0.6097507476806641,0
4148,867,0.6834574341773987,0
4148,896,0.6678645610809326,0
4148,1259,0.7442747354507446,0
4148,1880,0.6305643916130066,0
4148,323,0.7273179292678833,0
4148,418,0.631096601486206,0
4148,818,0.6957607865333557,0
4085,1794,0.5554012060165405,1
4085,153,0.9565521478652954,0
4085,2039,0.7583973407745361,0
4085,175,0.5563818216323853,0
4085,1463,0.820110559463501,0
4085,506,0.6807584762573242,0
4085,656,0.46238040924072266,0
4085,517,0.6527535915374756,0
4085,1495,0.6340509653091431,0
4085,18,0.641118586063385,0
4085,600,1.1891968250274658,0
4085,311,0.7194215059280396,0
4085,1879,0.6221206188201904,0
4085,2001,0.49941110610961914,0
4085,607,0.6928308010101318,0
4085,201,0.5621486902236938,0
4085,405,0.5837446451187134,0
4085,651,0.8217052221298218,0
4085,1181,0.6318944692611694,0
4085,1793,0.45837587118148804,0
3250,486,0.4171231687068939,1
3250,1516,1.0972857475280762,0
3250,1489,0.5709367990493774,0
3250,1317,0.6367154717445374,0
3250,1866,0.8142974972724915,0
3250,1732,0.8273546695709229,0
3250,1761,0.6989391446113586,0
3250,1575,0.5914641618728638,0
3250,1168,0.8208326101303101,0
3250,1839,0.6200050711631775,0
3250,2043,0.47397512197494507,0
3250,79,0.8530023097991943,0
3250,118,0.6167826652526855,0
3250,511,1.1188126802444458,0
3250,0,0.6684437990188599,0
3250,1222,0.46843236684799194,0
3250,392,0.4629777669906616,0
3250,1302,0.826229453086853,0
3250,31,0.6384704113006592,0
3250,2002,0.6232752203941345,0
714,445,0.533545970916748,1
714,1003,0.47835206985473633,0
714,504,0.7474448680877686,0
714,1297,0.5987231135368347,0
714,1347,0.9511631727218628,0
714,1991,0.6431613564491272,0
714,1346,0.585357129573822,0
714,1889,0.6674146056175232,0
714,146,0.8385450839996338,0
714,699,1.3459349870681763,0
714,1696,0.6303335428237915,0
714,167,0.5917004346847534,0
714,1073,0.505117654800415,0
714,94,0.7424269914627075,0
714,1472,0.9054105281829834,0
714,1239,0.6166352033615112,0
714,1494,0.7382326722145081,0
714,852,0.5869249105453491,0
714,452,0.6280410289764404,0
714,821,0.44099268317222595,0
2657,1941,0.5683408975601196,1
2657,649,0.810291051864624,0
2657,1476,0.7328065633773804,0
2657,410,0.7390233874320984,0
2657,1426,0.5337731838226318,0
2657,1163,0.6665555238723755,0
2657,1764,0.49364230036735535,0
2657,1652,0.6250964999198914,0
2657,933,0.6185258626937866,0
2657,791,0.5914058685302734,0
2657,987,0.7346324324607849,0
2657,1646,0.5861508846282959,0
2657,1197,0.6546252965927124,0
2657,728,0.5548154711723328,0
2657,479,0.6062686443328857,0
2657,1103,0.5254834890365601,0
2657,1399,1.0352349281311035,0
2657,1915,0.7175140380859375,0
2657,1863,0.543174147605896,0
2657,736,0.6469539999961853,0
1534,1387,0.5641355514526367,1
1534,1833,0.683114230632782,0
1534,1694,1.2012931108474731,0
1534,90,0.7038701176643372,0
1534,922,0.6723116636276245,0
1534,1805,0.7426761984825134,0
1534,1072,0.6483086943626404,0
1534,259,0.529440701007843,0
1534,689,0.9257426857948303,0
1534,705,0.49894246459007263,0
1534,1640,0.7904630899429321,0
1534,1568,0.6126582622528076,0
1534,2005,0.6050871014595032,0
1534,1671,1.5172040462493896,0
1534,1338,0.6291365623474121,0
1534,342,0.6016271710395813,0
1534,94,0.7539809346199036,0
1534,1924,0.41532114148139954,0
1534,1460,0.6380139589309692,0
1534,1129,0.5017741918563843,0
1705,10,1.4297209978103638,1
1705,1640,0.8627656102180481,0
1705,1878,0.8369919657707214,0
1705,2019,0.6602764129638672,0
1705,492,0.5509862899780273,0
1705,36,0.6614569425582886,0
1705,503,0.6339503526687622,0
1705,540,0.942949652671814,0
1705,395,0.9753018617630005,0
1705,3,0.6526919007301331,0
1705,939,0.5557923316955566,0
1705,720,0.8808006048202515,0
1705,859,0.8230576515197754,0
1705,314,0.5376946926116943,0
1705,865,0.6682055592536926,0
1705,1353,0.7739194631576538,0
1705,1202,0.80429607629776,0
1705,1348,0.9292489290237427,0
1705,234,0.8141440153121948,0
1705,1349,0.7230465412139893,0
3058,53,0.5109670162200928,1
3058,1972,0.9116544723510742,0
3058,502,0.5891395211219788,0
3058,1551,0.7193787097930908,0
3058,1356,0.7089897394180298,0
3058,598,0.912662923336029,0
3058,2035,0.7186856269836426,0
3058,1630,0.8366497755050659,0
3058,816,0.7942964434623718,0
3058,1598,0.6543915271759033,0
3058,1544,0.6615033745765686,0
3058,1825,0.7907388210296631,0
3058,1565,0.770639955997467,0
3058,933,0.6471654176712036,0
3058,529,1.0595364570617676,0
3058,1798,0.7156635522842407,0
3058,1387,0.5841215252876282,0
3058,1345,0.552840530872345,0
3058,129,0.6242378950119019,0
3058,1070,0.5675643682479858,0
3426,376,0.5404512882232666,1
3426,1762,1.182547688484192,0
3426,227,0.5006396174430847,0
3426,1,0.673607349395752,0
3426,1764,0.554398238658905,0
3426,1893,0.7559158802032471,0
3426,41,0.8232383728027344,0
3426,1452,0.5190654993057251,0
3426,1275,0.41234278678894043,0
3426,1612,0.6487908363342285,0
3426,1474,0.7917006015777588,0
3426,1495,0.7261240482330322,0
3426,744,0.7030529975891113,0
3426,425,0.5510185956954956,0
3426,284,0.7432076930999756,0
3426,593,0.583215594291687,0
3426,1696,0.6763258576393127,0
3426,1279,0.7139038443565369,0
3426,984,0.6873733997344971,0
3426,1714,0.8033461570739746,0
2901,1716,0.5613964796066284,1
2901,1791,0.5336717367172241,0
2901,1049,0.6340881586074829,0
2901,169,0.46688127517700195,0
2901,1569,0.4674522876739502,0
2901,1726,0.54557204246521,0
2901,793,0.5173165798187256,0
2901,1393,1.072914481163025,0
2901,995,1.087778091430664,0
2901,998,0.6636947989463806,0
2901,1433,0.803606390953064,0
2901,1237,0.5310368537902832,0
2901,1339,0.7187888622283936,0
2901,701,0.5181921720504761,0
2901,198,0.6386571526527405,0
2901,1447,0.9613339900970459,0
2901,1717,0.5468740463256836,0
2901,1979,0.5938206911087036,0
2901,1070,0.5449552536010742,0
2901,1819,0.6371630430221558,0
113,737,0.44149982929229736,1
113,1524,0.5810151696205139,0
113,749,0.6091884970664978,0
113,482,0.8215768337249756,0
113,592,0.608036994934082,0
113,797,0.47223472595214844,0
113,483,1.30666184425354,0
113,1568,0.5452313423156738,0
113,1986,1.8421285152435303,0
113,951,0.4014067053794861,0
113,1836,0.7076331377029419,0
113,719,1.1209728717803955,0
113,196,0.5439745187759399,0
113,1474,0.6988704204559326,0
113,2001,0.4742785096168518,0
113,1022,0.5345437526702881,0
113,703,0.48792457580566406,0
113,902,0.431500643491745,0
113,1374,0.43184688687324524,0
113,1737,0.45024460554122925,0
1675,345,2.310854911804199,1
1675,174,0.5579824447631836,0
1675,210,0.8394717574119568,0
1675,945,0.584654688835144,0
1675,1331,0.5693837404251099,0
1675,1137,1.0820660591125488,0
1675,813,0.6768196821212769,0
1675,1120,0.8865296840667725,0
1675,40,1.1827185153961182,0
1675,1671,1.378661870956421,0
1675,830,0.7359217405319214,0
1675,1691,0.7430245876312256,0
1675,1558,0.4501248002052307,0
1675,1753,0.6214035749435425,0
1675,117,0.9254196882247925,0
1675,1696,0.6993589401245117,0
1675,1694,1.1461565494537354,0
1675,299,0.7337596416473389,0
1675,944,0.7714363932609558,0
1675,489,0.6778143644332886,0
3693,1902,0.46989524364471436,1
3693,1723,1.3905766010284424,0
3693,786,0.607352614402771,0
3693,416,0.7190754413604736,0
3693,572,1.2480056285858154,0
3693,1509,0.8549087643623352,0
3693,1661,0.6680033802986145,0
3693,518,0.7286983728408813,0
3693,2074,0.563025176525116,0
3693,864,0.6340284943580627,0
3693,484,0.6459854245185852,0
3693,1256,0.5455340147018433,0
3693,1804,0.6788244843482971,0
3693,1343,0.6584423780441284,0
3693,245,0.7144020199775696,0
3693,109,0.4862508773803711,0
3693,1979,0.6552427411079407,0
3693,1761,0.7895129323005676,0
3693,1426,0.5808317065238953,0
3693,1513,0.9327219724655151,0
3966,1642,1.0166898965835571,1
3966,1723,1.307945966720581,0
3966,755,0.9408633708953857,0
3966,499,0.6718134880065918,0
3966,960,1.055248737335205,0
3966,1514,0.7080287933349609,0
3966,709,0.7839818000793457,0
3966,1176,0.639045238494873,0
3966,1368,0.6578304171562195,0
3966,689,1.0243803262710571,0
3966,85,0.5991978049278259,0
3966,2050,0.8919690251350403,0
3966,39,0.7457199096679688,0
3966,705,0.561353862285614,0
3966,992,0.7639340162277222,0
3966,1222,0.5832422375679016,0
3966,430,0.741448163986206,0
3966,158,0.806920051574707,0
3966,117,0.9494181871414185,0
3966,44,0.7485358715057373,0
2152,2062,4.040183067321777,1
2152,1737,0.4284692704677582,0
2152,1111,0.4802502691745758,0
2152,1250,0.7977173328399658,0
2152,1603,0.4829551577568054,0
2152,593,0.44766664505004883,0
2152,1017,0.6028612852096558,0
2152,1491,0.67303466796875,0
2152,1932,2.1541051864624023,0
2152,1764,0.5040249228477478,0
2152,1292,0.615373969078064,0
2152,1256,0.43169811367988586,0
2152,953,0.7684681415557861,0
2152,600,1.3413217067718506,0
2152,361,0.6263241767883301,0
2152,964,0.46242907643318176,0
2152,1208,0.42317208647727966,0
2152,7,0.5303164720535278,0
2152,1853,1.038905143737793,0
2152,1260,0.6383206248283386,0
2456,543,0.4103582501411438,1
2456,1528,0.9176993370056152,0
2456,1025,0.5509627461433411,0
2456,1310,0.8858962655067444,0
2456,1808,1.0365270376205444,0
2456,1057,0.47116711735725403,0
2456,254,0.7080975770950317,0
2456,1866,0.8266248106956482,0
2456,832,0.5000432133674622,0
2456,1874,0.5624256730079651,0
2456,666,0.6701847314834595,0
2456,80,0.8702408671379089,0
2456,792,0.9277061223983765,0
2456,1475,0.6500758528709412,0
2456,133,0.47067496180534363,0
2456,530,0.8893609046936035,0
2456,979,0.547639012336731,0
2456,517,0.6676236391067505,0
2456,227,0.42554736137390137,0
2456,69,0.432218462228775,0
3452,142,0.5079213380813599,1
3452,507,0.5042195916175842,0
3452,1377,0.8630408644676208,0
3452,330,1.3002862930297852,0
3452,1772,0.6220559477806091,0
3452,150,0.60948646068573,0
3452,1973,0.5885175466537476,0
3452,1528,0.9096869230270386,0
3452,1051,0.6013375520706177,0
3452,1773,0.6374532580375671,0
3452,832,0.5663213729858398,0
3452,1383,0.5476611256599426,0
3452,1140,0.5259824991226196,0
3452,1480,0.6413959264755249,0
3452,1317,0.6507514715194702,0
3452,1548,0.9358875155448914,0
3452,54,0.6205289363861084,0
3452,338,0.62727952003479,0
3452,1007,0.6160768270492554,0
3452,1643,1.2614212036132812,0
159,1258,0.6555474400520325,1
159,1727,0.5982834696769714,0
159,1442,0.5976337790489197,0
159,1570,0.5181611776351929,0
159,1707,0.7431959509849548,0
159,1481,0.6818380951881409,0
159,706,0.5867965221405029,0
159,1823,0.857662558555603,0
159,1673,0.6496378779411316,0
159,1686,0.8969233632087708,0
159,209,0.40800386667251587,0
159,1277,0.7739952802658081,0
159,1032,0.528374969959259,0
159,1981,0.7454961538314819,0
159,1679,0.5937792658805847,0
159,831,1.0255770683288574,0
159,1584,0.6278111338615417,0
159,1108,0.617571234703064,0
159,1926,0.5303925275802612,0
159,1578,1.419058084487915,0
3501,1831,0.586334228515625,1
3501,1005,0.5636322498321533,0
3501,1662,0.5721207857131958,0
3501,84,0.5789991617202759,0
3501,226,0.42315924167633057,0
3501,884,0.5262802243232727,0
3501,1427,0.5439262390136719,0
3501,1150,0.8212310075759888,0
3501,944,0.5935930013656616,0
3501,759,0.5880770087242126,0
3501,631,0.4023955464363098,0
3501,555,0.4612910747528076,0
3501,405,0.4940251111984253,0
3501,65,0.5808429718017578,0
3501,653,0.46510225534439087,0
3501,1826,0.5471906661987305,0
3501,837,0.8362464308738708,0
3501,537,0.6031004190444946,0
3501,1208,0.41489195823669434,0
3501,1147,0.707236111164093,0
49,1067,0.7811943292617798,1
49,1712,0.9511261582374573,0
49,68,0.6232420206069946,0
49,1740,0.5016951560974121,0
49,1126,0.6246692538261414,0
49,1799,0.728722095489502,0
49,867,0.6274513006210327,0
49,71,0.8763175010681152,0
49,676,0.7108480930328369,0
49,1728,0.7874463796615601,0
49,552,0.8140830993652344,0
49,1821,0.7650161385536194,0
49,23,0.5741997361183167,0
49,1583,0.5982630848884583,0
49,517,0.6335768699645996,0
49,769,0.5649958252906799,0
49,1551,0.6781209111213684,0
49,1642,0.8725143074989319,0
49,472,0.7345316410064697,0
49,1847,0.7182518243789673,0
416,725,0.5288952589035034,1
416,1218,1.4570564031600952,0
416,1281,0.5412017703056335,0
416,892,0.6173866987228394,0
416,461,0.8691270351409912,0
416,1460,0.6425251960754395,0
416,1007,0.6368579864501953,0
416,1883,0.6281657814979553,0
416,811,0.6740813255310059,0
416,1784,0.7040231227874756,0
416,1645,0.6671299934387207,0
416,263,0.6291149258613586,0
416,1064,0.7044420838356018,0
416,65,0.7035987973213196,0
416,453,0.6663145422935486,0
416,617,0.523605465888977,0
416,125,0.7512943744659424,0
416,109,0.4683869481086731,0
416,1888,0.7396472692489624,0
416,1944,0.5933159589767456,0
785,1081,0.5788935422897339,1
785,1715,1.005531907081604,0
785,687,1.098559856414795,0
785,868,0.7844364643096924,0
785,48,0.7410439848899841,0
785,1250,0.9549410939216614,0
785,812,0.7307993769645691,0
785,1585,0.5795571208000183,0
785,615,0.6959244012832642,0
785,527,0.6663188338279724,0
785,1934,0.8701176643371582,0
785,545,0.8107014894485474,0
785,2067,0.8477166891098022,0
785,2016,0.6751583814620972,0
785,761,0.6881928443908691,0
785,1475,0.8075284957885742,0
785,1287,0.8430171608924866,0
785,1456,1.125746488571167,0
785,313,0.6309329271316528,0
785,169,0.5655646324157715,0
3103,1963,0.7390393018722534,1
3103,1622,0.793253481388092,0
3103,1238,0.6097640991210938,0
3103,1789,0.5622722506523132,0
3103,1730,0.8014841079711914,0
3103,672,0.40429723262786865,0
3103,1986,1.7131454944610596,0
3103,1994,0.617330014705658,0
3103,600,1.0874841213226318,0
3103,1966,0.6049768328666687,0
3103,829,0.5920484662055969,0
3103,1239,0.5824342966079712,0
3103,1378,0.667768657207489,0
3103,1202,0.6976108551025391,0
3103,1279,0.6146062612533569,0
3103,1258,0.6204735636711121,0
3103,497,0.5639150142669678,0
3103,1274,0.5730129480361938,0
3103,1243,0.46296435594558716,0
3103,978,0.8587937355041504,0
1531,853,0.5323987603187561,1
1531,74,0.8257550001144409,0
1531,61,0.5450758934020996,0
1531,204,0.6130492687225342,0
1531,514,0.48516055941581726,0
1531,22,0.49093252420425415,0
1531,894,0.5478979349136353,0
1531,1651,0.529069185256958,0
1531,304,0.47824135422706604,0
1531,1646,0.5363392233848572,0
1531,1859,0.691289484500885,0
1531,1580,0.6111874580383301,0
1531,1322,0.6898466348648071,0
1531,271,1.0165913105010986,0
1531,1173,0.7446560859680176,0
1531,795,0.5792394876480103,0
1531,1762,1.0075371265411377,0
1531,1421,0.5497962236404419,0
1531,31,0.5857320427894592,0
1531,723,0.4404069781303406,0
3916,1741,0.5380237102508545,1
3916,542,0.4962688088417053,0
3916,750,0.5205828547477722,0
3916,298,0.4783332645893097,0
3916,412,0.45810848474502563,0
3916,83,0.5406531691551208,0
3916,1076,0.6190242767333984,0
3916,720,0.6581481695175171,0
3916,850,0.9021088480949402,0
3916,1579,0.6555092334747314,0
3916,1220,0.61033695936203,0
3916,134,0.5493021607398987,0
3916,747,0.5738319754600525,0
3916,1069,0.35077518224716187,0
3916,1771,0.5506273508071899,0
3916,1064,0.5186058878898621,0
3916,184,0.5246697068214417,0
3916,1329,0.6513214707374573,0
3916,365,0.5045693516731262,0
3916,952,0.5481433868408203,0
3267,207,0.7291017174720764,1
3267,1817,0.5926607847213745,0
3267,1953,1.1164630651474,0
3267,734,0.8323304057121277,0
3267,110,0.5790248513221741,0
3267,965,1.5052027702331543,0
3267,1172,0.5649365186691284,0
3267,863,1.225165843963623,0
3267,982,0.6075001955032349,0
3267,1475,0.8208585381507874,0
3267,732,0.5458570122718811,0
3267,530,1.0725935697555542,0
3267,135,0.7430917024612427,0
3267,1665,0.837249755859375,0
3267,1346,0.6986258029937744,0
3267,580,0.8031158447265625,0
3267,2061,0.5260647535324097,0
3267,1320,0.8387186527252197,0
3267,1978,0.8834841251373291,0
3267,598,1.107024908065796,0
1466,2056,0.5076121091842651,1
1466,1167,0.5406668782234192,0
1466,1281,0.5277551412582397,0
1466,1012,0.5982314944267273,0
1466,78,0.9227690696716309,0
1466,510,0.47330594062805176,0
1466,1319,0.5672882795333862,0
1466,1395,0.712708055973053,0
1466,861,1.0001827478408813,0
1466,1879,0.6473020315170288,0
1466,918,0.7707163691520691,0
1466,990,0.5645141005516052,0
1466,296,0.5761899948120117,0
1466,1857,0.613487184047699,0
1466,1455,0.6194217205047607,0
1466,133,0.5185783505439758,0
1466,509,0.5183829069137573,0
1466,1487,0.6274186372756958,0
1466,706,0.6112930774688721,0
1466,1328,0.6741645932197571,0
3238,149,1.7201975584030151,1
3238,1604,0.43248945474624634,0
3238,1208,0.4228723347187042,0
3238,1433,0.7567594051361084,0
3238,597,0.4881574511528015,0
3238,1552,0.5202168226242065,0
3238,565,0.7236666679382324,0
3238,932,0.9463436603546143,0
3238,150,0.5603787899017334,0
3238,491,0.42500945925712585,0
3238,18,0.6038128137588501,0
3238,711,0.6902008056640625,0
3238,726,0.6075196266174316,0
3238,2024,0.5897665619850159,0
3238,168,0.6907467842102051,0
3238,923,1.5413883924484253,0
3238,648,0.6842293739318848,0
3238,968,0.6929312348365784,0
3238,925,0.4696534276008606,0
3238,1527,0.4077810049057007,0
2082,400,0.565589189529419,1
2082,568,0.6461821794509888,0
2082,304,0.522243320941925,0
2082,98,0.5984579920768738,0
2082,1608,0.7636171579360962,0
2082,1846,0.9384666085243225,0
2082,593,0.5060969591140747,0
2082,1665,0.6331876516342163,0
2082,54,0.59492427110672,0
2082,1891,0.7838691473007202,0
2082,770,0.46545541286468506,0
2082,2007,0.44512689113616943,0
2082,843,0.5271913409233093,0
2082,273,0.5469763875007629,0
2082,1655,0.6892936825752258,0
2082,1920,0.586060643196106,0
2082,847,0.7482607364654541,0
2082,984,0.6171488761901855,0
2082,1071,0.6332501173019409,0
2082,135,0.5924332141876221,0
2048,612,0.6113702058792114,1
2048,1723,1.3186566829681396,0
2048,268,0.7267199158668518,0
2048,1769,0.4803903102874756,0
2048,1278,1.8105231523513794,0
2048,679,0.6399868130683899,0
2048,1762,1.1942139863967896,0
2048,966,0.639746904373169,0
2048,1474,0.8120337724685669,0
2048,943,0.6783530116081238,0
2048,1789,0.652997612953186,0
2048,697,0.876328706741333,0
2048,507,0.5396988391876221,0
2048,84,0.7230443358421326,0
2048,118,0.69961017370224,0
2048,1961,0.7700463533401489,0
2048,922,0.7267420291900635,0
2048,128,0.6083970665931702,0
2048,336,0.5430376529693604,0
2048,983,1.097378134727478,0
3620,1158,0.5646718740463257,1
3620,609,0.4246535301208496,0
3620,1242,0.7248998284339905,0
3620,1921,0.45303773880004883,0
3620,642,0.6339678168296814,0
3620,1703,1.6118886470794678,0
3620,169,0.488497257232666,0
3620,679,0.591364324092865,0
3620,1018,0.49263620376586914,0
3620,1254,0.6226630210876465,0
3620,1276,0.6676579713821411,0
3620,608,0.5733382105827332,0
3620,744,0.6639336943626404,0
3620,1328,0.6752787828445435,0
3620,446,0.5433332324028015,0
3620,873,0.5049821138381958,0
3620,1717,0.5536094903945923,0
3620,157,0.6080875992774963,0
3620,364,0.6882412433624268,0
3620,526,0.702093243598938,0
264,533,1.1656745672225952,1
264,1155,0.5897376537322998,0
264,2067,0.6597744226455688,0
264,1916,0.499800443649292,0
264,731,0.7091525793075562,0
264,720,0.821095883846283,0
264,693,0.5716996192932129,0
264,1917,1.2774477005004883,0
264,1345,0.5226057171821594,0
264,29,0.4816758930683136,0
264,1484,0.4425934851169586,0
264,26,0.6268966197967529,0
264,1645,0.6235490441322327,0
264,1153,0.666212797164917,0
264,992,0.7357653379440308,0
264,1699,0.5651034116744995,0
264,1229,0.6313080787658691,0
264,1296,0.5059255361557007,0
264,41,0.8312681317329407,0
264,1611,0.5294708609580994,0
370,1597,0.9837448000907898,1
370,741,0.5254817008972168,0
370,1538,0.5878771543502808,0
370,2056,0.48748815059661865,0
370,666,0.691817581653595,0
370,1544,0.6478515267372131,0
370,900,0.6745432019233704,0
370,305,0.5701591372489929,0
370,125,0.6845780611038208,0
370,281,0.5567352771759033,0
370,1524,0.6492713093757629,0
370,1705,0.9483542442321777,0
370,932,0.9954361915588379,0
370,47,0.6161811947822571,0
370,962,1.1336722373962402,0
370,1127,0.5053095817565918,0
370,422,0.6271271109580994,0
370,2068,1.0781341791152954,0
370,1562,0.665282130241394,0
370,132,0.6291051506996155,0
2685,16,0.40183067321777344,1
2685,772,0.5581437945365906,0
2685,407,1.0137736797332764,0
2685,931,0.470625638961792,0
2685,1712,0.9552116394042969,0
2685,1755,0.5560092329978943,0
2685,1919,0.5892336964607239,0
2685,668,0.3823481798171997,0
2685,1085,0.46711260080337524,0
2685,793,0.5009753108024597,0
2685,103,1.139235258102417,0
2685,1069,0.39110755920410156,0
2685,362,0.6585524082183838,0
2685,2014,0.406514048576355,0
2685,817,0.4545102119445801,0
2685,987,0.7282694578170776,0
2685,741,0.48084068298339844,0
2685,277,0.5955572724342346,0
2685,2034,0.7007353901863098,0
2685,109,0.4246200919151306,0
477,702,1.1801278591156006,1
477,1898,0.6761118173599243,0
477,508,1.1444567441940308,0
477,1955,0.5039112567901611,0
477,1574,0.5969581604003906,0
477,2007,0.46951058506965637,0
477,481,0.6267105340957642,0
477,1647,0.5202199220657349,0
477,530,0.8763135671615601,0
477,1330,0.4635501503944397,0
477,1006,1.0748564004898071,0
477,1820,0.6092795729637146,0
477,1423,1.2122230529785156,0
477,170,0.6972764134407043,0
477,1029,0.6712731719017029,0
477,204,0.7371270656585693,0
477,1206,0.5294122695922852,0
477,226,0.5169525742530823,0
477,207,0.5933797359466553,0
477,1601,0.7575218677520752,0
1780,1705,0.9895161390304565,1
1780,1066,0.7061116099357605,0
1780,1121,0.7940611839294434,0
1780,862,0.6525118350982666,0
1780,114,0.741987943649292,0
1780,229,0.9214561581611633,0
1780,733,0.8245718479156494,0
1780,317,0.7243882417678833,0
1780,738,0.6418958902359009,0
1780,2015,0.514966607093811,0
1780,656,0.49993830919265747,0
1780,311,0.7535296678543091,0
1780,1636,1.1042718887329102,0
1780,718,0.6392562985420227,0
1780,1845,0.8250800967216492,0
1780,572,1.209838628768921,0
1780,1567,0.9735766053199768,0
1780,205,0.6017088294029236,0
1780,1670,0.6299325227737427,0
1780,163,0.6234096884727478,0
1719,304,0.5184822082519531,1
1719,1216,0.6390893459320068,0
1719,444,0.6555320620536804,0
1719,271,1.1065047979354858,0
1719,498,0.6248023509979248,0
1719,1158,0.5595688223838806,0
1719,1677,0.4567570090293884,0
1719,800,0.6553906202316284,0
1719,1428,0.7636994123458862,0
1719,1015,0.6221573352813721,0
1719,162,0.5340851545333862,0
1719,1388,0.8097532987594604,0
1719,1314,0.5257654786109924,0
1719,745,0.823804497718811,0
1719,730,0.5444052219390869,0
1719,118,0.6400748491287231,0
1719,956,0.8888344764709473,0
1719,487,0.5386186838150024,0
1719,1586,0.6729109287261963,0
1719,1016,0.5724273324012756,0
4096,1649,0.681866466999054,1
4096,460,0.6932374835014343,0
4096,1300,0.684291660785675,0
4096,1826,0.6674512624740601,0
4096,1372,0.6903656721115112,0
4096,1206,0.5391710996627808,0
4096,832,0.5964561700820923,0
4096,692,0.7405735850334167,0
4096,1496,0.6893337965011597,0
4096,1129,0.5189304351806641,0
4096,997,0.6582844257354736,0
4096,1995,1.1604188680648804,0
4096,1363,0.6017035245895386,0
4096,1918,0.8845902681350708,0
4096,92,0.6833810806274414,0
4096,1510,0.6005010008811951,0
4096,899,0.6962550282478333,0
4096,2053,0.6248783469200134,0
4096,894,0.6451979279518127,0
4096,1756,0.5688180923461914,0
4005,270,0.4277385473251343,1
4005,1720,0.6829996705055237,0
4005,330,1.144745111465454,0
4005,110,0.4825136065483093,0
4005,1347,0.8307041525840759,0
4005,1346,0.5340968370437622,0
4005,568,0.6335161924362183,0
4005,264,0.5116856694221497,0
4005,1865,0.6655269861221313,0
4005,1569,0.4655555784702301,0
4005,1409,0.4647875428199768,0
4005,896,0.6470023989677429,0
4005,172,0.5082517862319946,0
4005,1315,0.4890742301940918,0
4005,1355,0.87162846326828,0
4005,1312,1.0264737606048584,0
4005,1277,0.7126933336257935,0
4005,1798,0.6803284287452698,0
4005,811,0.6242954730987549,0
4005,1445,0.992514967918396,0
540,13,1.0454754829406738,1
540,1443,0.6483981013298035,0
540,1585,0.4957423806190491,0
540,914,1.066962718963623,0
540,1415,0.6243816614151001,0
540,759,0.7039355635643005,0
540,140,0.6939405798912048,0
540,1160,1.1767905950546265,0
540,1557,0.6738564968109131,0
540,973,0.6717368364334106,0
540,1744,0.8029220700263977,0
540,1682,0.6000146865844727,0
540,113,0.6310505867004395,0
540,838,0.9918212890625,0
540,469,0.9312436580657959,0
540,840,0.5619834661483765,0
540,703,0.5425124764442444,0
540,1731,0.6187873482704163,0
540,1315,0.4971682131290436,0
540,1181,0.6682050824165344,0
949,1502,0.5278236269950867,1
949,1963,0.8638847470283508,0
949,732,0.46798527240753174,0
949,1617,1.0461210012435913,0
949,2018,0.5505751371383667,0
949,655,1.2588121891021729,0
949,1167,0.590368390083313,0
949,1747,0.5445199012756348,0
949,544,0.6889561414718628,0
949,1939,0.7170991897583008,0
949,334,0.7120700478553772,0
949,1370,0.8518739938735962,0
949,1862,0.7527795433998108,0
949,593,0.572547435760498,0
949,834,0.9399054050445557,0
949,773,0.7092379331588745,0
949,1581,0.6740853786468506,0
949,803,1.098042368888855,0
949,1919,0.6493621468544006,0
949,1845,0.8459676504135132,0
2986,241,0.581367552280426,1
2986,1162,0.5335690975189209,0
2986,729,0.465116024017334,0
2986,639,0.8698403835296631,0
2986,677,0.5276931524276733,0
2986,274,0.640302300453186,0
2986,545,0.6823073029518127,0
2986,2061,0.42916083335876465,0
2986,1929,0.6017025709152222,0
2986,1878,0.7539529800415039,0
2986,1966,0.639816164970398,0
2986,2049,0.6734473705291748,0
2986,1855,0.6485959887504578,0
2986,673,0.5093330144882202,0
2986,675,0.5677520036697388,0
2986,1165,0.5798640847206116,0
2986,231,1.0597233772277832,0
2986,357,0.6128717064857483,0
2986,686,0.5893046855926514,0
2986,727,0.4955872595310211,0
427,1170,1.0037975311279297,1
427,2025,0.7391359806060791,0
427,1748,0.6079187393188477,0
427,986,0.9695025086402893,0
427,1203,0.8396543264389038,0
427,630,0.4980819821357727,0
427,521,0.45099520683288574,0
427,1006,1.2105658054351807,0
427,79,0.9690573811531067,0
427,2006,0.7140908241271973,0
427,918,0.8566819429397583,0
427,1688,0.5314556956291199,0
427,1246,0.7413422465324402,0
427,915,0.8682228326797485,0
427,1665,0.7370117902755737,0
427,1587,0.6016018986701965,0
427,987,0.8724309206008911,0
427,1249,0.576667845249176,0
427,355,0.5421867370605469,0
427,1033,0.7559406757354736,0
1384,826,0.6699686050415039,1
1384,2029,0.6850189566612244,0
1384,335,0.9621776938438416,0
1384,938,0.7732046842575073,0
1384,881,0.6523483395576477,0
1384,1937,0.7290762662887573,0
1384,1825,0.8475239872932434,0
1384,1744,0.8553705215454102,0
1384,578,0.7690556049346924,0
1384,360,0.7182964086532593,0
1384,764,0.6546196937561035,0
1384,1259,0.8135339021682739,0
1384,349,0.8273374438285828,0
1384,1903,0.5913556814193726,0
1384,540,0.8719851970672607,0
1384,1118,0.5217264890670776,0
1384,248,0.7925084829330444,0
1384,26,0.6662591695785522,0
1384,1054,0.6413488984107971,0
1384,752,0.6365610361099243,0
628,437,1.0035369396209717,1
628,1224,1.2348220348358154,0
628,446,0.616155743598938,0
628,357,0.6896941661834717,0
628,1495,0.7483707666397095,0
628,663,0.6576288938522339,0
628,208,1.0318922996520996,0
628,550,0.7058432102203369,0
628,574,0.6442649364471436,0
628,1958,0.6874582171440125,0
628,21,0.4947012662887573,0
628,1873,0.7793731689453125,0
628,1871,0.8724353313446045,0
628,2052,0.7190975546836853,0
628,1500,0.8859419822692871,0
628,274,0.7186075448989868,0
628,20,0.7878551483154297,0
628,1996,0.7131054401397705,0
628,190,0.7863339185714722,0
628,768,0.6268942356109619,0
2316,817,0.4537957012653351,1
2316,898,0.5253276824951172,0
2316,56,0.723907470703125,0
2316,242,0.5889826416969299,0
2316,1630,0.8017852306365967,0
2316,1258,0.6313894987106323,0
2316,1401,0.5773273706436157,0
2316,1444,0.6342908143997192,0
2316,1254,0.5793315172195435,0
2316,1574,0.5269250273704529,0
2316,1257,1.0358178615570068,0
2316,437,0.8433663249015808,0
2316,970,0.6017696261405945,0
2316,1064,0.6077055335044861,0
2316,2006,0.5920032262802124,0
2316,1357,0.4733988642692566,0
2316,653,0.4778079390525818,0
2316,1386,0.6415435075759888,0
2316,815,0.5994367599487305,0
2316,125,0.6537722945213318,0
2263,1448,0.5484997034072876,1
2263,1260,0.7566269636154175,0
2263,2019,0.6500570178031921,0
2263,1332,0.874070942401886,0
2263,1031,0.5676537752151489,0
2263,1485,0.5714353322982788,0
2263,641,0.7002469897270203,0
2263,1318,0.6040277481079102,0
2263,438,0.7184938192367554,0
2263,28,0.5699969530105591,0
2263,1965,0.9511340856552124,0
2263,536,0.6878454089164734,0
2263,1745,0.455884724855423,0
2263,1794,0.6116770505905151,0
2263,943,0.6960210800170898,0
2263,234,0.8437110781669617,0
2263,1606,0.5690814256668091,0
2263,897,0.5158567428588867,0
2263,1943,0.7137186527252197,0
2263,1623,0.7526031732559204,0
3257,519,0.7474497556686401,1
3257,1325,0.8017556667327881,0
3257,856,0.7337476015090942,0
3257,687,1.0183576345443726,0
3257,684,0.6185721755027771,0
3257,1437,1.0223209857940674,0
3257,69,0.5207352042198181,0
3257,757,0.6251710653305054,0
3257,1729,0.8932729959487915,0
3257,514,0.6050528287887573,0
3257,1270,0.5794705152511597,0
3257,1074,0.744238555431366,0
3257,1431,0.6846302151679993,0
3257,981,0.7466869950294495,0
3257,972,0.6392016410827637,0
3257,9,0.5727831125259399,0
3257,991,0.6632715463638306,0
3257,957,0.8139317035675049,0
3257,1773,0.7037123441696167,0
3257,1516,1.3257005214691162,0
2305,767,0.6498011350631714,1
2305,941,0.6840897798538208,0
2305,332,0.6838831305503845,0
2305,64,0.6072582006454468,0
2305,455,1.0878865718841553,0
2305,665,0.584494948387146,0
2305,119,0.5500594973564148,0
2305,185,0.6682332158088684,0
2305,977,0.8215169310569763,0
2305,1237,0.6069822907447815,0
2305,638,0.6761460900306702,0
2305,1589,1.1191766262054443,0
2305,1342,0.5881735682487488,0
2305,381,0.7674297094345093,0
2305,377,0.9282455444335938,0
2305,204,0.7664246559143066,0
2305,352,0.7375867366790771,0
2305,239,0.5690918564796448,0
2305,548,0.665366530418396,0
2305,2069,0.45948314666748047,0
1976,101,1.2310798168182373,1
1976,1442,0.7051217555999756,0
1976,810,0.7043992877006531,0
1976,2024,0.7156192660331726,0
1976,1070,0.6203212738037109,0
1976,1127,0.5934123396873474,0
1976,1438,0.6044183373451233,0
1976,933,0.7413859963417053,0
1976,1582,0.6678482294082642,0
1976,803,1.1640225648880005,0
1976,1415,0.6940527558326721,0
1976,1515,0.9876520037651062,0
1976,481,0.6962475776672363,0
1976,724,0.9355695843696594,0
1976,348,0.5960879325866699,0
1976,619,0.8001390695571899,0
1976,1468,0.6791064739227295,0
1976,349,0.8789007663726807,0
1976,1028,0.7708932161331177,0
1976,830,0.7606877684593201,0
2342,671,0.7569756507873535,1
2342,1174,0.5533241033554077,0
2342,917,0.5414891242980957,0
2342,1626,0.6380884051322937,0
2342,127,0.5276320576667786,0
2342,718,0.6118373870849609,0
2342,1897,0.598361611366272,0
2342,1192,0.6571045517921448,0
2342,309,0.6371030211448669,0
2342,2044,0.8003255128860474,0
2342,871,0.6131185293197632,0
2342,348,0.5026758909225464,0
2342,1871,0.7741308212280273,0
2342,1907,0.765799880027771,0
2342,1209,0.5528097748756409,0
2342,1624,0.4245532751083374,0
2342,107,0.6656710505485535,0
2342,1891,0.7827642560005188,0
2342,227,0.4375009834766388,0
2342,1132,0.7289536595344543,0
3614,1906,0.562565267086029,1
3614,1030,0.7041732668876648,0
3614,1712,1.1267443895339966,0
3614,1893,0.7905356884002686,0
3614,146,0.9390568733215332,0
3614,876,0.804319441318512,0
3614,1262,0.6515234112739563,0
3614,969,0.7479759454727173,0
3614,902,0.555774450302124,0
3614,1542,0.7134183645248413,0
3614,141,0.6082420945167542,0
3614,1526,0.6851710081100464,0
3614,40,1.223183512687683,0
3614,327,0.584335207939148,0
3614,1981,0.7906043529510498,0
3614,187,0.71628737449646,0
3614,1736,0.6612141132354736,0
3614,1564,1.090706706047058,0
3614,150,0.6827858090400696,0
3614,1791,0.6165965795516968,0
2426,668,0.39981189370155334,1
2426,1705,0.9822959303855896,0
2426,1256,0.502364456653595,0
2426,962,1.230393409729004,0
2426,1241,0.5245030522346497,0
2426,1639,0.5842407941818237,0
2426,1551,0.7095305323600769,0
2426,2053,0.6124743819236755,0
2426,88,0.6019749641418457,0
2426,1569,0.46088069677352905,0
2426,1371,0.7393053770065308,0
2426,1805,0.7401753067970276,0
2426,114,0.7051506042480469,0
2426,679,0.5911590456962585,0
2426,1757,1.6303415298461914,0
2426,872,0.5674556493759155,0
2426,1804,0.6330317258834839,0
2426,669,0.6460301280021667,0
2426,206,0.6217641234397888,0
2426,1942,1.2017067670822144,0
2459,1057,0.48496174812316895,1
2459,1471,0.5224844813346863,0
2459,1142,0.5534994006156921,0
2459,765,0.8300075531005859,0
2459,1697,0.5747779607772827,0
2459,472,0.7096426486968994,0
2459,703,0.49612513184547424,0
2459,336,0.48804470896720886,0
2459,273,0.5363577604293823,0
2459,1120,0.7941523790359497,0
2459,1328,0.6463413834571838,0
2459,1780,0.5785702466964722,0
2459,1146,0.583317220211029,0
2459,600,1.079077124595642,0
2459,1258,0.6375182867050171,0
2459,189,0.5225973725318909,0
2459,1803,0.4929596781730652,0
2459,888,0.7355185151100159,0
2459,1150,0.8731266260147095,0
2459,389,0.6395481824874878,0
3436,1630,0.7835050821304321,1
3436,1091,0.5732711553573608,0
3436,1711,0.5421711206436157,0
3436,1387,0.487272173166275,0
3436,1470,0.6354861259460449,0
3436,1979,0.5503350496292114,0
3436,1668,0.5251831412315369,0
3436,830,0.5836576223373413,0
3436,402,0.5364776849746704,0
3436,1180,0.7571768760681152,0
3436,262,0.8252824544906616,0
3436,1100,0.3887490928173065,0
3436,984,0.5730524063110352,0
3436,298,0.5108413696289062,0
3436,725,0.46646648645401,0
3436,1826,0.5753470659255981,0
3436,147,0.4824848771095276,0
3436,688,0.5537948608398438,0
3436,1364,0.6973481178283691,0
3436,1000,0.7096376419067383,0
3528,547,0.5414771437644958,1
3528,141,0.5587616562843323,0
3528,1206,0.5447320342063904,0
3528,292,0.5505005121231079,0
3528,1111,0.578693687915802,0
3528,991,0.611435055732727,0
3528,325,0.8756781816482544,0
3528,46,0.5484350919723511,0
3528,22,0.5518960356712341,0
3528,1999,0.920120120048523,0
3528,949,0.5871397256851196,0
3528,453,0.6406657695770264,0
3528,1537,0.5806567668914795,0
3528,1668,0.6058490872383118,0
3528,568,0.6879222989082336,0
3528,1717,0.5673815011978149,0
3528,1356,0.7289242148399353,0
3528,450,0.41089022159576416,0
3528,1300,0.6349381804466248,0
3528,1095,0.7667089104652405,0
3884,705,0.5097706317901611,1
3884,1261,0.6723016500473022,0
3884,1295,0.7735090851783752,0
3884,295,0.5932098031044006,0
3884,1402,0.809661865234375,0
3884,568,0.7096388339996338,0
3884,1360,0.7588986158370972,0
3884,199,0.8463714122772217,0
3884,8,0.7255944013595581,0
3884,2006,0.6812915205955505,0
3884,783,0.6616023778915405,0
3884,197,0.7380383014678955,0
3884,1081,0.5015313625335693,0
3884,1508,0.8075444102287292,0
3884,1623,0.7159039974212646,0
3884,108,0.6229798793792725,0
3884,756,0.8473352789878845,0
3884,639,0.887630820274353,0
3884,1584,0.7086083889007568,0
3884,469,1.0012127161026,0
2723,1092,0.9463149309158325,1
2723,668,0.43357354402542114,0
2723,348,0.5664868354797363,0
2723,1599,0.4910866618156433,0
2723,1471,0.6045880913734436,0
2723,1382,0.7046955227851868,0
2723,116,0.5281658172607422,0
2723,1184,0.8924916982650757,0
2723,1621,0.5767732858657837,0
2723,1474,0.8646595478057861,0
2723,1219,0.6267988681793213,0
2723,2041,0.739328920841217,0
2723,101,1.2136175632476807,0
2723,1843,1.0356085300445557,0
2723,601,0.5730791091918945,0
2723,963,0.6487218141555786,0
2723,228,0.7792189717292786,0
2723,1430,0.7333942651748657,0
2723,1564,1.1061724424362183,0
2723,1632,1.708082914352417,0
110,655,1.405727505683899,1
110,440,0.6782182455062866,0
110,2016,0.6147472858428955,0
110,1768,0.46360814571380615,0
110,1105,0.5141773223876953,0
110,354,0.5159196257591248,0
110,1001,0.529274582862854,0
110,261,0.7382388114929199,0
110,791,0.6639292240142822,0
110,843,0.5384950637817383,0
110,646,0.4801490604877472,0
110,413,0.6367487907409668,0
110,1461,0.614946722984314,0
110,1806,2.2680110931396484,0
110,2010,0.4984428286552429,0
110,1602,0.7778082489967346,0
110,1805,0.7674958109855652,0
110,768,0.6034542918205261,0
110,859,0.7897657155990601,0
110,1454,0.46944063901901245,0
188,104,1.185248613357544,1
188,1584,0.6725554466247559,0
188,485,0.7544360160827637,0
188,828,0.6118016242980957,0
188,1474,0.7442218661308289,0
188,1222,0.49198031425476074,0
188,1428,0.7636370062828064,0
188,397,0.6366382837295532,0
188,1587,0.5866863131523132,0
188,1974,0.6242141127586365,0
188,367,0.5998629927635193,0
188,1148,0.612176775932312,0
188,1419,0.6707534790039062,0
188,1327,0.8736114501953125,0
188,1294,0.8740540146827698,0
188,1182,0.8376389145851135,0
188,987,0.7958760857582092,0
188,239,0.49623262882232666,0
188,1787,0.958574652671814,0
188,716,0.6632988452911377,0
1168,409,0.6422007083892822,1
1168,1418,0.632566511631012,0
1168,140,0.6779916286468506,0
1168,768,0.585735023021698,0
1168,170,0.6759030818939209,0
1168,2025,0.7109039425849915,0
1168,1520,0.6160330772399902,0
1168,1755,0.6212372779846191,0
1168,606,0.7107118368148804,0
1168,1089,0.6112204790115356,0
1168,332,0.6630294322967529,0
1168,912,0.6264374852180481,0
1168,1410,0.6014206409454346,0
1168,1185,0.6312272548675537,0
1168,727,0.5043038129806519,0
1168,1440,0.573693573474884,0
1168,2072,0.676661491394043,0
1168,1580,0.7059449553489685,0
1168,411,0.49794530868530273,0
1168,1893,0.7032902240753174,0
764,1956,0.6195442080497742,1
764,1922,0.5831502676010132,0
764,448,0.5921995043754578,0
764,1570,0.4764738082885742,0
764,1100,0.41918832063674927,0
764,890,0.5905399322509766,0
764,1680,0.6217344999313354,0
764,1945,0.48856863379478455,0
764,884,0.583540678024292,0
764,771,0.5985892415046692,0
764,1795,0.8949426412582397,0
764,1380,0.5911763906478882,0
764,1831,0.6721286773681641,0
764,1442,0.6288871765136719,0
764,548,0.597743570804596,0
764,947,0.5335219502449036,0
764,826,0.5955146551132202,0
764,203,0.5610833764076233,0
764,958,0.957937479019165,0
764,675,0.5741490125656128,0
681,970,0.6033865809440613,1
681,653,0.4641920328140259,0
681,1692,0.4777107834815979,0
681,1349,0.6125081777572632,0
681,668,0.3852224051952362,0
681,299,0.6165029406547546,0
681,222,0.5401195883750916,0
681,1855,0.6162799596786499,0
681,2080,0.5541329383850098,0
681,248,0.6862373948097229,0
681,1301,0.5604835152626038,0
681,665,0.46435171365737915,0
681,1169,0.7254544496536255,0
681,1546,0.5786126852035522,0
681,386,0.4250956177711487,0
681,444,0.6292644143104553,0
681,1263,0.5204630494117737,0
681,994,0.5054227113723755,0
681,701,0.4772074222564697,0
681,1302,0.8259305953979492,0
1685,1373,0.9984196424484253,1
1685,407,1.0563130378723145,0
1685,1988,0.4688849449157715,0
1685,33,0.7781839370727539,0
1685,1507,1.1840715408325195,0
1685,1130,0.6165648698806763,0
1685,234,0.7090922594070435,0
1685,1521,1.0720553398132324,0
1685,1349,0.6385738253593445,0
1685,1739,0.8346951007843018,0
1685,6,0.5247812271118164,0
1685,1615,0.6321434378623962,0
1685,1841,0.5072234272956848,0
1685,2016,0.5363926291465759,0
1685,841,1.128122091293335,0
1685,286,0.5980730056762695,0
1685,36,0.5649157166481018,0
1685,713,0.56123286485672,0
1685,1420,0.651269257068634,0
1685,947,0.5596042275428772,0
1225,567,1.227813482284546,1
1225,2020,0.7880302667617798,0
1225,1831,0.7446315288543701,0
1225,1457,0.875584602355957,0
1225,519,0.7269130945205688,0
1225,558,0.4456900656223297,0
1225,1825,0.9102048873901367,0
1225,1940,0.6717237830162048,0
1225,403,0.7242844104766846,0
1225,762,0.972451388835907,0
1225,1988,0.4868689179420471,0
1225,1447,1.2370126247406006,0
1225,1724,0.7630871534347534,0
1225,542,0.7267218828201294,0
1225,1821,0.9376218318939209,0
1225,386,0.4934861660003662,0
1225,1015,0.7110803127288818,0
1225,844,0.6238493919372559,0
1225,220,0.7082950472831726,0
1225,11,0.5045671463012695,0
1848,1509,0.9233406782150269,1
1848,877,0.6570630669593811,0
1848,78,1.0961458683013916,0
1848,2033,0.7330977320671082,0
1848,1800,0.6931633353233337,0
1848,392,0.5169894695281982,0
1848,167,0.6785727739334106,0
1848,2071,0.735447347164154,0
1848,1644,0.9599987268447876,0
1848,1617,1.1683894395828247,0
1848,85,0.6142012476921082,0
1848,1790,0.9067718982696533,0
1848,81,0.757768988609314,0
1848,198,0.7440235614776611,0
1848,1319,0.596132755279541,0
1848,612,0.6131885647773743,0
1848,1028,0.7604905962944031,0
1848,1346,0.6503574848175049,0
1848,731,0.8027501106262207,0
1848,1710,0.936295747756958,0
3419,1647,0.5339831709861755,1
3419,1653,0.6278865933418274,0
3419,720,0.7847472429275513,0
3419,1061,0.6292638182640076,0
3419,1104,1.1491920948028564,0
3419,1842,0.7544270157814026,0
3419,77,0.5705702304840088,0
3419,47,0.6534847617149353,0
3419,1022,0.6147967576980591,0
3419,1041,0.8508628606796265,0
3419,1823,0.8438432216644287,0
3419,1378,0.7613704800605774,0
3419,1896,0.6471327543258667,0
3419,847,0.7909812927246094,0
3419,1804,0.6567335724830627,0
3419,649,0.8522626161575317,0
3419,1196,0.5847842693328857,0
3419,165,0.656604528427124,0
3419,494,0.6436004042625427,0
3419,115,0.57933509349823,0
3157,925,0.5686362981796265,1
3157,1544,0.6517446041107178,0
3157,1894,0.7048786878585815,0
3157,1075,0.4257664382457733,0
3157,1315,0.5027048587799072,0
3157,218,0.8032263517379761,0
3157,1752,0.6422421336174011,0
3157,311,0.7239788174629211,0
3157,1233,0.5839099884033203,0
3157,673,0.5136187672615051,0
3157,1344,0.6935925483703613,0
3157,1098,0.6076595783233643,0
3157,358,0.5577292442321777,0
3157,1010,0.6917914152145386,0
3157,1281,0.5116373300552368,0
3157,1105,0.5088897943496704,0
3157,1716,0.57337486743927,0
3157,1135,0.5919682383537292,0
3157,1604,0.5134628415107727,0
3157,1249,0.5527466535568237,0
1079,566,0.46939799189567566,1
1079,1044,0.48948657512664795,0
1079,875,0.6971560716629028,0
1079,592,0.7705919146537781,0
1079,760,1.5031633377075195,0
1079,1730,0.9700325727462769,0
1079,294,0.5205325484275818,0
1079,1775,0.5556623935699463,0
1079,966,0.6444336771965027,0
1079,761,0.6457540392875671,0
1079,485,0.8267001509666443,0
1079,1013,0.8693909645080566,0
1079,1503,0.5255516767501831,0
1079,719,1.4868438243865967,0
1079,1291,0.7362977862358093,0
1079,359,0.6858828067779541,0
1079,998,0.7207057476043701,0
1079,565,0.9510444402694702,0
1079,327,0.5438516736030579,0
1079,1934,0.7884554862976074,0
585,989,1.1029038429260254,1
585,741,0.5351362228393555,0
585,1799,0.8011792898178101,0
585,364,0.7005085945129395,0
585,1263,0.5754834413528442,0
585,423,0.5815199613571167,0
585,1237,0.5081316828727722,0
585,2007,0.44126641750335693,0
585,1798,0.7339962720870972,0
585,30,0.4404187798500061,0
585,1713,0.9398947358131409,0
585,353,0.6626087427139282,0
585,13,1.1659194231033325,0
585,82,0.7354363203048706,0
585,751,0.5161917805671692,0
585,646,0.4764377772808075,0
585,1732,0.9423819780349731,0
585,1199,0.5708268284797668,0
585,1165,0.5801388025283813,0
585,1422,0.5059136152267456,0
2059,1951,0.8522195816040039,1
2059,2054,0.7432267665863037,0
2059,435,0.6773779392242432,0
2059,1949,0.7876654267311096,0
2059,662,0.820407509803772,0
2059,1802,1.0665394067764282,0
2059,763,0.733665943145752,0
2059,986,0.9737074971199036,0
2059,505,0.650908350944519,0
2059,1577,0.678464949131012,0
2059,133,0.5244859457015991,0
2059,1385,0.846935510635376,0
2059,1742,0.6741294264793396,0
2059,39,0.7127774953842163,0
2059,1927,0.8713803291320801,0
2059,426,1.3069188594818115,0
2059,917,0.6033111214637756,0
2059,256,1.3050339221954346,0
2059,785,0.8419515490531921,0
2059,775,0.5876250863075256,0
1213,1846,0.9673245549201965,1
1213,67,0.7457377314567566,0
1213,1762,1.1657029390335083,0
1213,1624,0.4432182312011719,0
1213,1089,0.5987598299980164,0
1213,1562,0.6887123584747314,0
1213,579,0.8229110240936279,0
1213,1944,0.5714846849441528,0
1213,1955,0.4969136416912079,0
1213,920,0.6134465336799622,0
1213,195,0.6088194847106934,0
1213,1083,0.6337466239929199,0
1213,184,0.6546973586082458,0
1213,930,0.9321314096450806,0
1213,725,0.5337531566619873,0
1213,218,0.8101266622543335,0
1213,1726,0.561729907989502,0
1213,2028,0.8100696802139282,0
1213,1909,0.6698576807975769,0
1213,248,0.7377231121063232,0
2932,1103,0.5282044410705566,1
2932,1166,0.5883681774139404,0
2932,1122,0.9462902545928955,0
2932,565,0.7798622846603394,0
2932,571,0.6051119565963745,0
2932,170,0.6254016160964966,0
2932,928,0.6184773445129395,0
2932,1442,0.5850394368171692,0
2932,582,0.6067814826965332,0
2932,577,0.5151797533035278,0
2932,81,0.6261196136474609,0
2932,716,0.6389074325561523,0
2932,2034,0.7388020753860474,0
2932,1606,0.49914616346359253,0
2932,1418,0.5996296405792236,0
2932,226,0.452897846698761,0
2932,418,0.6234911680221558,0
2932,1070,0.5232294201850891,0
2932,1156,0.5882099866867065,0
2932,1037,0.6218609809875488,0
381,229,0.9861859083175659,1
381,995,1.2496283054351807,0
381,76,0.5147257447242737,0
381,2045,0.6867861151695251,0
381,830,0.6668190360069275,0
381,1985,0.8756331205368042,0
381,1214,1.1797863245010376,0
381,347,0.4325212836265564,0
381,1294,0.9271416664123535,0
381,348,0.5401390194892883,0
381,1055,0.9182546734809875,0
381,86,0.8691914081573486,0
381,632,0.5708250999450684,0
381,1635,0.415983647108078,0
381,413,0.6125096678733826,0
381,646,0.46564197540283203,0
381,1548,1.0064828395843506,0
381,1311,0.4622182250022888,0
381,94,0.76060950756073,0
381,1104,1.2882163524627686,0
3089,511,1.1817374229431152,1
3089,1236,0.7887917757034302,0
3089,409,0.6443401575088501,0
3089,163,0.6033989787101746,0
3089,55,0.874194324016571,0
3089,2025,0.6882635354995728,0
3089,1669,0.9629430770874023,0
3089,992,0.7070258855819702,0
3089,241,0.5617327094078064,0
3089,1557,0.6560984253883362,0
3089,1706,0.5535016655921936,0
3089,1975,0.7464393377304077,0
3089,1738,0.4624897837638855,0
3089,2038,1.297235131263733,0
3089,1980,0.7611121535301208,0
3089,2061,0.4487802982330322,0
3089,1350,0.5585413575172424,0
3089,619,0.7055666446685791,0
3089,1607,0.826485276222229,0
3089,2043,0.4924857020378113,0
777,202,1.2998669147491455,1
777,825,0.6301140785217285,0
777,1868,0.9666069746017456,0
777,537,0.794965386390686,0
777,1495,0.7123361825942993,0
777,884,0.6488112807273865,0
777,971,0.5567705631256104,0
777,715,0.72273850440979,0
777,469,1.1123547554016113,0
777,889,0.67000812292099,0
777,190,0.7622299194335938,0
777,201,0.6231197118759155,0
777,1855,0.7087007164955139,0
777,589,0.587343692779541,0
777,934,0.8335235714912415,0
777,1722,0.631224513053894,0
777,702,1.3692984580993652,0
777,1314,0.5651785731315613,0
777,551,0.6511970162391663,0
777,1698,0.6395834684371948,0
1473,919,0.9028782844543457,1
1473,1203,0.7738639116287231,0
1473,1432,0.562289834022522,0
1473,1277,0.8046128153800964,0
1473,647,0.7415519952774048,0
1473,314,0.5335361957550049,0
1473,579,0.863072395324707,0
1473,860,0.6672563552856445,0
1473,1417,0.5943236351013184,0
1473,350,0.6814488172531128,0
1473,1089,0.6093156337738037,0
1473,611,0.664827287197113,0
1473,1577,0.6755169034004211,0
1473,744,0.6757317185401917,0
1473,889,0.6489188075065613,0
1473,268,0.6820088028907776,0
1473,913,0.9418994188308716,0
1473,1205,0.9373446702957153,0
1473,351,0.4755014479160309,0
1473,1979,0.6243196725845337,0
3888,603,0.5351212024688721,1
3888,1081,0.4721065163612366,0
3888,1641,0.8858394026756287,0
3888,1745,0.4419425129890442,0
3888,505,0.5924804210662842,0
3888,827,0.5942766666412354,0
3888,1247,0.4858868718147278,0
3888,1855,0.6744884848594666,0
3888,1373,1.0680118799209595,0
3888,1887,0.6413733959197998,0
3888,980,1.222266435623169,0
3888,861,0.9684364795684814,0
3888,341,0.4535406827926636,0
3888,2053,0.600416362285614,0
3888,1215,0.6817985773086548,0
3888,1028,0.6557548642158508,0
3888,733,0.7988429069519043,0
3888,1698,0.5781620740890503,0
3888,1129,0.4939403235912323,0
3888,1411,0.6403261423110962,0
1152,717,0.8882361650466919,1
1152,21,0.45262962579727173,0
1152,221,0.7366739511489868,0
1152,499,0.6168007254600525,0
1152,1420,0.6966274380683899,0
1152,14,0.7726020812988281,0
1152,713,0.609919548034668,0
1152,2075,0.5825526714324951,0
1152,671,0.7863008975982666,0
1152,1671,1.5228863954544067,0
1152,53,0.5039814710617065,0
1152,1513,0.941215991973877,0
1152,1195,0.5693067312240601,0
1152,1218,1.4657673835754395,0
1152,1844,1.6219673156738281,0
1152,774,0.6278203129768372,0
1152,34,0.6449977159500122,0
1152,1767,0.44087985157966614,0
1152,1132,0.7915327548980713,0
1152,15,0.6441019773483276,0
903,30,0.4572993218898773,1
903,1665,0.7184857726097107,0
903,1947,0.6966766715049744,0
903,1400,1.141758680343628,0
903,121,0.6224814653396606,0
903,1956,0.6826364994049072,0
903,697,0.8686206340789795,0
903,1242,0.7563119530677795,0
903,322,0.6974409222602844,0
903,176,1.2034212350845337,0
903,1841,0.5286629796028137,0
903,297,1.1173551082611084,0
903,675,0.6115207672119141,0
903,632,0.6016494035720825,0
903,956,0.9630099534988403,0
903,1763,0.6094546914100647,0
903,2037,0.8879144787788391,0
903,783,0.655085563659668,0
903,642,0.6618780493736267,0
903,1002,1.0095363855361938,0
4064,515,0.6228827238082886,1
4064,1705,1.0606176853179932,0
4064,1050,0.9797242283821106,0
4064,714,0.7367544174194336,0
4064,97,1.1247203350067139,0
4064,1944,0.6575366258621216,0
4064,1091,0.755038321018219,0
4064,846,0.767735481262207,0
4064,451,0.8981273174285889,0
4064,1411,0.7476546168327332,0
4064,1361,0.9594018459320068,0
4064,1702,0.795982837677002,0
4064,1214,1.1826961040496826,0
4064,1559,1.3009893894195557,0
4064,470,0.7518163323402405,0
4064,1065,0.8506905436515808,0
4064,995,1.211567997932434,0
4064,1113,0.7226635217666626,0
4064,1339,0.8259553909301758,0
4064,858,0.7579244375228882,0
3516,1914,0.7437992095947266,1
3516,48,0.564306378364563,0
3516,1635,0.3898124098777771,0
3516,3,0.5553964972496033,0
3516,1431,0.5746380090713501,0
3516,1758,0.4393620491027832,0
3516,985,0.8281632661819458,0
3516,793,0.47287270426750183,0
3516,1267,0.6368752717971802,0
3516,1963,0.7875176668167114,0
3516,1446,0.5708544254302979,0
3516,978,0.8942081332206726,0
3516,1551,0.6530617475509644,0
3516,591,0.5527400970458984,0
3516,774,0.5589255690574646,0
3516,1731,0.5782171487808228,0
3516,858,0.6023271083831787,0
3516,1030,0.57691490650177,0
3516,1563,0.6624103784561157,0
3516,1216,0.5841724276542664,0
1017,656,0.5495908856391907,1
1017,540,0.9332296848297119,0
1017,1503,0.5470985770225525,0
1017,1382,0.7217504382133484,0
1017,545,0.7326717972755432,0
1017,1996,0.6921988129615784,0
1017,206,0.7073554992675781,0
1017,1179,0.6619822978973389,0
1017,83,0.7523936629295349,0
1017,1915,0.8300135135650635,0
1017,992,0.7744978666305542,0
1017,178,0.5834822654724121,0
1017,166,0.5265148282051086,0
1017,1713,0.9963638186454773,0
1017,735,0.6745989322662354,0
1017,291,0.6471964716911316,0
1017,573,0.7502519488334656,0
1017,1693,1.0337040424346924,0
1017,71,1.0475952625274658,0
1017,516,0.6799304485321045,0
1115,1520,0.6220078468322754,1
1115,890,0.6086593866348267,0
1115,630,0.49052032828330994,0
1115,1557,0.6799328327178955,0
1115,1486,0.6672149896621704,0
1115,1898,0.6594069004058838,0
1115,1055,0.8749421834945679,0
1115,1429,0.5080360770225525,0
1115,552,0.8827005624771118,0
1115,346,0.5521513223648071,0
1115,1978,0.7182854413986206,0
1115,60,0.6732171177864075,0
1115,289,0.7290140390396118,0
1115,75,0.48850148916244507,0
1115,1626,0.6915459632873535,0
1115,879,0.7130516767501831,0
1115,1942,1.1470823287963867,0
1115,866,0.6346582770347595,0
1115,1357,0.5205022692680359,0
1115,1407,0.714460551738739,0
3160,1745,0.46172696352005005,1
3160,372,0.5278842449188232,0
3160,1329,0.8865414261817932,0
3160,1902,0.4606126546859741,0
3160,812,0.6791195273399353,0
3160,1232,1.1057960987091064,0
3160,1716,0.6066848039627075,0
3160,1503,0.499198317527771,0
3160,554,0.5817495584487915,0
3160,538,0.7276825308799744,0
3160,586,0.8799811005592346,0
3160,1533,0.637219250202179,0
3160,1574,0.6240228414535522,0
3160,276,0.6708236932754517,0
3160,426,1.3858262300491333,0
3160,998,0.7505921125411987,0
3160,712,0.7682622671127319,0
3160,509,0.5331563949584961,0
3160,1906,0.5213814377784729,0
3160,1834,0.6952124834060669,0
1036,1571,0.6911749839782715,1
1036,855,0.478121280670166,0
1036,618,0.6162247061729431,0
1036,781,0.6127691268920898,0
1036,93,0.5969655513763428,0
1036,282,0.8271687030792236,0
1036,1576,0.3943806290626526,0
1036,1773,0.5865342617034912,0
1036,1493,0.7397556304931641,0
1036,191,0.5719500780105591,0
1036,2047,0.6457362174987793,0
1036,548,0.5699103474617004,0
1036,1107,1.025946855545044,0
1036,1267,0.658542275428772,0
1036,1985,0.8015222549438477,0
1036,1728,0.85068678855896,0
1036,1059,0.4082050323486328,0
1036,1251,0.5954235792160034,0
1036,1798,0.6725915670394897,0
1036,1631,0.6848626136779785,0
2650,863,0.923579752445221,1
2650,975,0.49881941080093384,0
2650,1428,0.7330156564712524,0
2650,1960,0.6641908884048462,0
2650,1975,0.7230739593505859,0
2650,1105,0.5006787776947021,0
2650,951,0.437766969203949,0
2650,1579,0.7514088153839111,0
2650,914,1.0299867391586304,0
2650,965,1.1189178228378296,0
2650,1097,0.6394684314727783,0
2650,1623,0.6590924859046936,0
2650,144,0.6026686429977417,0
2650,207,0.588204562664032,0
2650,426,1.0759985446929932,0
2650,1180,0.7996762990951538,0
2650,77,0.52077716588974,0
2650,2016,0.5490700602531433,0
2650,1187,0.5942039489746094,0
2650,1027,0.6178960800170898,0
1900,1559,1.226217269897461,1
1900,40,1.1833490133285522,0
1900,1970,0.7199608087539673,0
1900,108,0.63528972864151,0
1900,736,0.758336067199707,0
1900,948,1.0336987972259521,0
1900,2009,0.7213718295097351,0
1900,532,0.7341038584709167,0
1900,111,0.606032133102417,0
1900,1848,0.8411335349082947,0
1900,787,0.7260630130767822,0
1900,1976,0.8684633374214172,0
1900,778,1.0685348510742188,0
1900,1890,0.7648683190345764,0
1900,764,0.6873659491539001,0
1900,1787,0.9918050169944763,0
1900,940,0.6803452968597412,0
1900,947,0.6228325963020325,0
1900,1583,0.685855507850647,0
1900,1193,0.5835521817207336,0
617,400,0.6364535093307495,1
617,130,0.711930513381958,0
617,1137,1.0780985355377197,0
617,1882,0.45292943716049194,0
617,546,0.6553840637207031,0
617,1107,1.050797700881958,0
617,1751,0.5466687083244324,0
617,2042,0.5136675834655762,0
617,1923,0.8456426858901978,0
617,615,0.6361984610557556,0
617,1177,0.7142709493637085,0
617,1336,0.6605894565582275,0
617,1621,0.5535587668418884,0
617,1899,0.5976417064666748,0
617,1695,0.5528690218925476,0
617,1973,0.6465244293212891,0
617,362,0.7554202079772949,0
617,345,2.3022756576538086,0
617,760,1.234679937362671,0
617,1008,0.6709150671958923,0
820,1403,0.702631413936615,1
820,55,0.8755427598953247,0
820,762,0.8575646877288818,0
820,852,0.5919176936149597,0
820,495,0.5663511157035828,0
820,691,0.7258938550949097,0
820,498,0.6160627603530884,0
820,148,0.865062415599823,0
820,1825,0.7639986276626587,0
820,1854,0.45340025424957275,0
820,864,0.6032382845878601,0
820,435,0.6356091499328613,0
820,1444,0.6442094445228577,0
820,1630,0.8552029132843018,0
820,1202,0.7360069751739502,0
820,855,0.5419178009033203,0
820,2066,0.7132219076156616,0
820,1442,0.6251320838928223,0
820,868,0.6345962882041931,0
820,1130,0.6553148031234741,0
205,1136,0.8497150540351868,1
205,817,0.5317026972770691,0
205,1171,0.791654109954834,0
205,1818,1.1957082748413086,0
205,1973,0.6286096572875977,0
205,276,0.6738739013671875,0
205,373,0.915502667427063,0
205,1111,0.5888410806655884,0
205,1017,0.7378318309783936,0
205,484,0.6647921800613403,0
205,1625,0.538210391998291,0
205,164,0.7340945601463318,0
205,1562,0.7577993869781494,0
205,1234,0.6231717467308044,0
205,285,0.7250879406929016,0
205,1332,0.8945002555847168,0
205,394,0.7383471131324768,0
205,1918,0.9862791299819946,0
205,1174,0.6199971437454224,0
205,139,1.3088792562484741,0
821,1278,2.4086828231811523,1
821,974,0.6778329014778137,0
821,117,1.0379912853240967,0
821,989,1.194831132888794,0
821,1647,0.4799921214580536,0
821,1564,1.1679328680038452,0
821,1211,0.6998162269592285,0
821,1571,0.7691346406936646,0
821,1146,0.6499832272529602,0
821,959,0.937950849533081,0
821,1611,0.555595338344574,0
821,509,0.4736233949661255,0
821,811,0.6599045395851135,0
821,2064,0.6198961138725281,0
821,979,0.5893326997756958,0
821,491,0.45247671008110046,0
821,910,0.7135958075523376,0
821,1548,1.03982412815094,0
821,1849,0.6825546622276306,0
821,1092,0.9808136224746704,0
738,13,1.2805802822113037,1
738,756,1.0280890464782715,0
738,863,1.1807587146759033,0
738,435,0.7696161866188049,0
738,318,0.7864016890525818,0
738,246,0.7660967111587524,0
738,757,0.706864595413208,0
738,1162,0.6741678714752197,0
738,1596,0.8495928645133972,0
738,1199,0.7476317882537842,0
738,2039,0.9569723010063171,0
738,483,1.6425166130065918,0
738,527,0.6918323040008545,0
738,1553,0.8247687220573425,0
738,1461,0.7106793522834778,0
738,1578,1.6558897495269775,0
738,1348,1.0038843154907227,0
738,155,0.6708440184593201,0
738,1077,0.9559787511825562,0
738,1154,0.6045644283294678,0
1920,1877,2.976533889770508,1
1920,1762,1.2071526050567627,0
1920,896,0.6565659046173096,0
1920,457,0.5912886261940002,0
1920,1087,0.5720411539077759,0
1920,1161,0.458614706993103,0
1920,35,0.5847795605659485,0
1920,1337,0.6242650747299194,0
1920,1736,0.5773084163665771,0
1920,1158,0.5618441700935364,0
1920,2050,0.8092731237411499,0
1920,1824,0.49460357427597046,0
1920,759,0.6635222434997559,0
1920,959,0.8551927804946899,0
1920,681,0.6570267677307129,0
1920,1884,0.8882433176040649,0
1920,1011,1.0040395259857178,0
1920,1387,0.5310548543930054,0
1920,231,1.062941074371338,0
1920,536,0.6041247844696045,0
984,1725,0.8102456331253052,1
984,1196,0.5513418912887573,0
984,1269,0.5974863171577454,0
984,1928,0.7849808931350708,0
984,1888,0.6620140075683594,0
984,560,0.5675944685935974,0
984,783,0.5825350880622864,0
984,1221,0.5820887088775635,0
984,1658,1.8419703245162964,0
984,1163,0.6714290380477905,0
984,1091,0.6188026666641235,0
984,2012,0.6299055814743042,0
984,624,1.4610627889633179,0
984,170,0.6445436477661133,0
984,1111,0.5124764442443848,0
984,167,0.5682274699211121,0
984,1781,0.5439613461494446,0
984,1789,0.5823661684989929,0
984,1464,0.5501210689544678,0
984,857,0.5188828110694885,0
1426,1367,0.5358865261077881,1
1426,642,0.6206961870193481,0
1426,865,0.6175215244293213,0
1426,873,0.4949829876422882,0
1426,1410,0.6079425811767578,0
1426,155,0.5822234153747559,0
1426,336,0.5274634957313538,0
1426,401,0.6969946026802063,0
1426,99,0.5087378025054932,0
1426,565,0.8356524705886841,0
1426,1269,0.622393786907196,0
1426,2026,0.7919861674308777,0
1426,1381,0.7952955961227417,0
1426,1045,0.624138593673706,0
1426,1518,1.0205105543136597,0
1426,301,0.834827184677124,0
1426,696,0.81075119972229,0
1426,2067,0.6987199783325195,0
1426,1070,0.5647599697113037,0
1426,1535,0.9220045804977417,0
2102,239,0.4959709644317627,1
2102,688,0.634821891784668,0
2102,1509,0.8121928572654724,0
2102,1362,0.6663259267807007,0
2102,553,0.6441550254821777,0
2102,141,0.5415017604827881,0
2102,1206,0.5186719298362732,0
2102,1145,0.5777125358581543,0
2102,214,0.5217169523239136,0
2102,101,1.1315088272094727,0
2102,421,0.43219447135925293,0
2102,1985,0.850554883480072,0
2102,563,0.5399995446205139,0
2102,1877,2.677504301071167,0
2102,560,0.598871648311615,0
2102,1897,0.6251420378684998,0
2102,1960,0.6789419651031494,0
2102,1640,0.7789050340652466,0
2102,695,0.7417510151863098,0
2102,217,0.6763495802879333,0
2845,2001,0.5478153228759766,1
2845,821,0.45809614658355713,0
2845,434,0.6005342602729797,0
2845,1716,0.6032190322875977,0
2845,1282,0.655891478061676,0
2845,676,0.7365641593933105,0
2845,444,0.7218150496482849,0
2845,1701,0.4831610321998596,0
2845,1314,0.5330961346626282,0
2845,502,0.6004649996757507,0
2845,1073,0.5777522325515747,0
2845,1036,0.6506696939468384,0
2845,1155,0.5932117104530334,0
2845,873,0.49124157428741455,0
2845,2049,0.6661598086357117,0
2845,1730,0.8685086965560913,0
2845,1679,0.622769832611084,0
2845,1868,0.8584144115447998,0
2845,139,1.0562870502471924,0
2845,1965,0.8376754522323608,0
3109,1698,0.5870885252952576,1
3109,969,0.6593093276023865,0
3109,855,0.5384442806243896,0
3109,1432,0.5511728525161743,0
3109,54,0.6191096901893616,0
3109,1420,0.6547366976737976,0
3109,1306,0.6798504590988159,0
3109,522,0.7204779982566833,0
3109,745,0.8130306601524353,0
3109,995,1.0563032627105713,0
3109,1738,0.45657604932785034,0
3109,23,0.5918044447898865,0
3109,1985,0.8224773406982422,0
3109,665,0.525528073310852,0
3109,1453,0.6373094320297241,0
3109,1094,0.5787023901939392,0
3109,1158,0.5497890710830688,0
3109,941,0.6152690649032593,0
3109,2065,0.58616703748703,0
3109,1791,0.5281675457954407,0
2637,1944,0.5656082630157471,1
2637,917,0.5332525968551636,0
2637,1191,0.46801111102104187,0
2637,637,1.0471961498260498,0
2637,532,0.655697226524353,0
2637,1825,0.7462224960327148,0
2637,1640,0.735419750213623,0
2637,1293,0.564234733581543,0
2637,886,0.5515879392623901,0
2637,179,0.8420332074165344,0
2637,1970,0.6328240036964417,0
2637,204,0.6812525391578674,0
2637,592,0.6680720448493958,0
2637,1108,0.6239863634109497,0
2637,974,0.6532402634620667,0
2637,741,0.5120823979377747,0
2637,1382,0.6302146911621094,0
2637,55,0.8388345241546631,0
2637,411,0.47440117597579956,0
2637,530,0.8327187299728394,0
2808,384,0.5466601252555847,1
2808,17,0.6256936192512512,0
2808,328,0.8961533904075623,0
2808,1115,0.591834306716919,0
2808,922,0.6278550624847412,0
2808,495,0.5420731902122498,0
2808,1239,0.6293208599090576,0
2808,1352,0.5822576880455017,0
2808,1611,0.5577237010002136,0
2808,636,0.6809701919555664,0
2808,1092,0.806552529335022,0
2808,1522,0.7529977560043335,0
2808,1261,0.6170604228973389,0
2808,703,0.5153798460960388,0
2808,1810,0.5473765730857849,0
2808,1877,2.331408739089966,0
2808,1216,0.6326321959495544,0
2808,695,0.7139844298362732,0
2808,995,1.0579153299331665,0
2808,2030,0.8240786194801331,0
4002,577,0.5320295095443726,1
4002,858,0.6365531086921692,0
4002,1264,0.6069817543029785,0
4002,1649,0.6352047920227051,0
4002,1671,1.2752583026885986,0
4002,1818,0.9339759349822998,0
4002,1044,0.4808465242385864,0
4002,92,0.6461722254753113,0
4002,180,0.6731308698654175,0
4002,14,0.7118707895278931,0
4002,1379,0.8492172956466675,0
4002,248,0.7341353893280029,0
4002,91,0.7926756143569946,0
4002,1998,0.5968192219734192,0
4002,1284,0.6526877880096436,0
4002,158,0.6932386159896851,0
4002,1907,0.7425530552864075,0
4002,1576,0.44992291927337646,0
4002,1573,0.7239643335342407,0
4002,1911,0.6006454229354858,0
495,344,0.6362539529800415,1
495,87,0.5076010227203369,0
495,1138,0.6024469137191772,0
495,943,0.6586886644363403,0
495,458,0.6380838751792908,0
495,289,0.7512650489807129,0
495,2044,0.8377219438552856,0
495,1260,0.7267856597900391,0
495,1556,0.6505877375602722,0
495,309,0.712023913860321,0
495,1469,0.6487530469894409,0
495,1001,0.5553869009017944,0
495,2000,0.856634795665741,0
495,298,0.5730981826782227,0
495,1760,0.9486292600631714,0
495,1737,0.5158324837684631,0
495,1575,0.6588232517242432,0
495,1253,0.6938273310661316,0
495,925,0.5983167290687561,0
495,845,1.233191967010498,0
3792,1018,0.511631965637207,1
3792,674,0.564100444316864,0
3792,1755,0.6528539061546326,0
3792,521,0.4639841318130493,0
3792,971,0.5457050800323486,0
3792,1141,0.6739012598991394,0
3792,1767,0.484053373336792,0
3792,1071,0.6986932158470154,0
3792,1305,0.5345349311828613,0
3792,923,1.9068986177444458,0
3792,567,1.1112562417984009,0
3792,1706,0.5785049796104431,0
3792,626,0.6551979780197144,0
3792,175,0.611910343170166,0
3792,1261,0.6959040760993958,0
3792,52,0.6826428771018982,0
3792,765,0.9865531921386719,0
3792,196,0.6529677510261536,0
3792,446,0.5723378658294678,0
3792,1007,0.6667934656143188,0
696,993,1.0180931091308594,1
696,1566,0.6873106956481934,0
696,663,0.6658229827880859,0
696,889,0.7098526358604431,0
696,1353,0.8117557764053345,0
696,725,0.5255345702171326,0
696,1730,1.016589641571045,0
696,459,0.5552959442138672,0
696,555,0.5400391817092896,0
696,391,0.4254873991012573,0
696,157,0.6823505163192749,0
696,1154,0.4718475639820099,0
696,851,0.7200290560722351,0
696,1997,0.7733850479125977,0
696,205,0.6582814455032349,0
696,572,1.586187481880188,0
696,1336,0.7220543622970581,0
696,1236,0.9811685085296631,0
696,214,0.5116071701049805,0
696,1250,0.9749040603637695,0
1187,174,0.5658888816833496,1
1187,930,0.9911962151527405,0
1187,1001,0.5968003273010254,0
1187,40,1.216334342956543,0
1187,1714,0.8343751430511475,0
1187,1508,0.805801510810852,0
1187,1747,0.5428428649902344,0
1187,812,0.6662087440490723,0
1187,113,0.6784513592720032,0
1187,1214,1.1515973806381226,0
1187,552,0.9525333642959595,0
1187,1552,0.6199852228164673,0
1187,1318,0.6060954332351685,0
1187,72,0.707610011100769,0
1187,272,0.6617459058761597,0
1187,269,0.7742595076560974,0
1187,956,0.9829967617988586,0
1187,1319,0.6273019909858704,0
1187,1444,0.7082240581512451,0
1187,986,0.9518470764160156,0
3064,1803,0.4933171570301056,1
3064,59,0.6643949151039124,0
3064,281,0.5070101022720337,0
3064,330,1.2417166233062744,0
3064,1335,0.6212084889411926,0
3064,1008,0.5910850763320923,0
3064,1263,0.5341821312904358,0
3064,798,0.7189438343048096,0
3064,1933,0.48222148418426514,0
3064,1353,0.6784628629684448,0
3064,1005,0.6272934675216675,0
3064,1208,0.4492068290710449,0
3064,1441,0.6124215126037598,0
3064,804,0.5653990507125854,0
3064,2032,0.6065685749053955,0
3064,1019,0.8265771865844727,0
3064,826,0.6115648150444031,0
3064,1235,0.6055321097373962,0
3064,1693,0.8879427909851074,0
3064,1972,0.8040370941162109,0
1382,235,1.0841436386108398,1
1382,306,0.5574066638946533,0
1382,119,0.39884674549102783,0
1382,1486,0.5750588178634644,0
1382,482,0.7936997413635254,0
1382,230,0.5396859049797058,0
1382,1947,0.5731661319732666,0
1382,864,0.5504351258277893,0
1382,1819,0.5599979162216187,0
1382,1634,0.5432382225990295,0
1382,1635,0.3917919099330902,0
1382,2051,0.8813414573669434,0
1382,1331,0.42128250002861023,0
1382,1185,0.5382966995239258,0
1382,20,0.6160980463027954,0
1382,1232,0.844031810760498,0
1382,1638,0.5547541379928589,0
1382,382,0.4061194062232971,0
1382,494,0.5454375743865967,0
1382,1525,0.9376577138900757,0
1434,624,1.7580513954162598,1
1434,604,0.5810160040855408,0
1434,807,0.7523122429847717,0
1434,363,0.6019847393035889,0
1434,563,0.6009471416473389,0
1434,986,1.0292208194732666,0
1434,1616,0.7538352012634277,0
1434,259,0.5450947284698486,0
1434,1881,1.002413272857666,0
1434,1780,0.712353527545929,0
1434,591,0.691177487373352,0
1434,411,0.5525132417678833,0
1434,79,1.0386805534362793,0
1434,481,0.7012409567832947,0
1434,1688,0.5803075432777405,0
1434,1332,0.8833248615264893,0
1434,1429,0.5587468147277832,0
1434,1808,1.1964824199676514,0
1434,976,1.0567991733551025,0
1434,1168,0.9998637437820435,0
1969,1954,0.5194987058639526,1
1969,1436,0.6956592202186584,0
1969,1486,0.73356032371521,0
1969,77,0.570737898349762,0
1969,1728,0.9242064952850342,0
1969,796,0.7479318380355835,0
1969,1555,0.6848584413528442,0
1969,512,0.697818398475647,0
1969,439,1.3995444774627686,0
1969,1381,0.8677838444709778,0
1969,377,0.9731185436248779,0
1969,1684,0.6565158367156982,0
1969,1831,0.7485783100128174,0
1969,1075,0.4510517716407776,0
1969,132,0.6717830896377563,0
1969,1266,0.6049723625183105,0
1969,2021,0.7025316953659058,0
1969,236,0.7032948732376099,0
1969,1971,1.2537519931793213,0
1969,86,0.9283720254898071,0
3353,1825,0.9218794107437134,1
3353,400,0.6254106760025024,0
3353,1826,0.7144990563392639,0
3353,92,0.7180920839309692,0
3353,158,0.7950314283370972,0
3353,1792,0.9495165348052979,0
3353,601,0.5626840591430664,0
3353,356,0.5182204246520996,0
3353,54,0.696840763092041,0
3353,1057,0.5439695715904236,0
3353,448,0.683468222618103,0
3353,841,1.4446063041687012,0
3353,971,0.5556288361549377,0
3353,193,1.1102299690246582,0
3353,1171,0.7526935338973999,0
3353,178,0.5291717052459717,0
3353,238,0.9763849973678589,0
3353,1607,0.9520201683044434,0
3353,711,0.8709160089492798,0
3353,1327,0.9550148248672485,0
572,1168,0.9310908317565918,1
572,849,0.6532214283943176,0
572,540,0.9261525869369507,0
572,84,0.755279541015625,0
572,1328,0.7277268171310425,0
572,724,0.8886368274688721,0
572,432,0.7744132280349731,0
572,694,0.5135555267333984,0
572,1803,0.5540093183517456,0
572,1124,2.0337061882019043,0
572,995,1.2661285400390625,0
572,1167,0.6145334243774414,0
572,824,1.0078856945037842,0
572,515,0.5795380473136902,0
572,1508,0.8333902359008789,0
572,526,0.7682322263717651,0
572,768,0.6197307705879211,0
572,1682,0.6560133099555969,0
572,1037,0.7140681743621826,0
572,962,1.3364663124084473,0
546,202,1.1478207111358643,1
546,1224,1.0851471424102783,0
546,430,0.737541913986206,0
546,1675,0.763481616973877,0
546,378,0.5027883648872375,0
546,1106,0.7441433072090149,0
546,1953,0.8887081146240234,0
546,641,0.6868141889572144,0
546,1005,0.7047089338302612,0
546,1152,0.5446679592132568,0
546,574,0.626621663570404,0
546,401,0.7485334277153015,0
546,1720,0.7792952060699463,0
546,826,0.6931793689727783,0
546,1284,0.7122073173522949,0
546,968,0.817635178565979,0
546,1664,1.3039882183074951,0
546,1494,0.8038488626480103,0
546,25,0.7356078624725342,0
546,1438,0.5811535716056824,0
3070,590,1.385354995727539,1
3070,1329,0.7735031843185425,0
3070,40,1.134221076965332,0
3070,519,0.6864697337150574,0
3070,1989,0.6761294603347778,0
3070,943,0.62848299741745,0
3070,1317,0.6438859105110168,0
3070,136,0.654615581035614,0
3070,1139,0.685238242149353,0
3070,1210,0.822571337223053,0
3070,700,1.2190682888031006,0
3070,816,0.7747519016265869,0
3070,2070,0.6381915807723999,0
3070,1014,0.7963401079177856,0
3070,5,0.4926447868347168,0
3070,315,0.7548835873603821,0
3070,1771,0.6790663003921509,0
3070,724,0.8207753300666809,0
3070,1580,0.6715332269668579,0
3070,601,0.5375939011573792,0
22,120,1.0202083587646484,1
22,1956,0.6740830540657043,0
22,1908,0.462864488363266,0
22,354,0.4780377149581909,0
22,761,0.5872068405151367,0
22,1628,0.579228937625885,0
22,1636,1.2369879484176636,0
22,1444,0.6730411648750305,0
22,1772,0.6459189057350159,0
22,1396,0.8259486556053162,0
22,1713,1.0322411060333252,0
22,39,0.6573225855827332,0
22,14,0.8243038654327393,0
22,1179,0.617176353931427,0
22,1307,0.7268304824829102,0
22,2049,0.670627772808075,0
22,352,0.6901862621307373,0
22,222,0.5886648893356323,0
22,306,0.6737938523292542,0
22,956,0.9435237050056458,0
3976,1816,0.4828745126724243,1
3976,1155,0.5652648210525513,0
3976,1362,0.6236414909362793,0
3976,1712,0.9505414962768555,0
3976,162,0.5241837501525879,0
3976,624,1.3178379535675049,0
3976,1182,0.7391881346702576,0
3976,928,0.6192195415496826,0
3976,758,0.5906009674072266,0
3976,1910,0.5185632705688477,0
3976,1229,0.6075884699821472,0
3976,768,0.535396158695221,0
3976,385,0.6548853516578674,0
3976,38,0.4622040390968323,0
3976,1442,0.5993020534515381,0
3976,1251,0.6057323813438416,0
3976,378,0.4432666301727295,0
3976,1846,0.8995784521102905,0
3976,1545,0.8600485920906067,0
3976,1638,0.6463967561721802,0
3747,281,0.6128813624382019,1
3747,417,1.0226134061813354,0
3747,268,0.7162351012229919,0
3747,1820,0.6575785279273987,0
3747,339,0.6979429125785828,0
3747,863,0.9859145283699036,0
3747,261,0.7674733400344849,0
3747,1805,0.837575376033783,0
3747,1019,0.8893693685531616,0
3747,1029,0.7145366668701172,0
3747,1481,0.758945107460022,0
3747,1631,0.7466299533843994,0
3747,1596,0.776228129863739,0
3747,715,0.728097677230835,0
3747,1124,1.5500445365905762,0
3747,1718,0.7446138858795166,0
3747,1288,0.7083195447921753,0
3747,1958,0.6710877418518066,0
3747,2036,1.0409430265426636,0
3747,49,1.1179447174072266,0
3397,464,0.7161879539489746,1
3397,1868,0.9471880197525024,0
3397,1401,0.6731764078140259,0
3397,1604,0.5507311820983887,0
3397,1960,0.7383589148521423,0
3397,291,0.6359441876411438,0
3397,1514,0.6892670392990112,0
3397,232,0.5901390314102173,0
3397,566,0.5066775679588318,0
3397,56,0.8621137142181396,0
3397,340,0.8627073168754578,0
3397,230,0.670031726360321,0
3397,1615,0.7250701189041138,0
3397,1398,0.5820346474647522,0
3397,951,0.4762943387031555,0
3397,814,0.7035514116287231,0
3397,1613,0.5856918096542358,0
3397,973,0.7280846834182739,0
3397,1789,0.6654568910598755,0
3397,1696,0.694730818271637,0
95,1323,1.6356711387634277,1
95,1916,0.6097539663314819,0
95,336,0.5806297659873962,0
95,1796,0.8704219460487366,0
95,650,0.7667086720466614,0
95,1567,1.0894291400909424,0
95,566,0.5033524036407471,0
95,735,0.6642811298370361,0
95,106,1.0211901664733887,0
95,893,0.5713843107223511,0
95,1913,1.1401135921478271,0
95,242,0.7138136029243469,0
95,1338,0.7069905400276184,0
95,1817,0.5355936288833618,0
95,497,0.6899672746658325,0
95,30,0.49895724654197693,0
95,1809,0.9395867586135864,0
95,1227,0.7332427501678467,0
95,894,0.7119318842887878,0
95,966,0.654222846031189,0
3420,28,0.46758580207824707,1
3420,1740,0.43915462493896484,0
3420,736,0.5974987745285034,0
3420,812,0.5341456532478333,0
3420,1939,0.5929746031761169,0
3420,934,0.6565908193588257,0
3420,1857,0.5703020095825195,0
3420,901,0.5061817169189453,0
3420,823,0.8295626044273376,0
3420,405,0.5398537516593933,0
3420,1476,0.6955454349517822,0
3420,1310,0.7587134838104248,0
3420,678,0.6362232565879822,0
3420,1772,0.5661200284957886,0
3420,403,0.580051839351654,0
3420,1837,0.522456705570221,0
3420,254,0.6456947326660156,0
3420,274,0.5933696627616882,0
3420,919,0.7978016138076782,0
3420,282,0.7614740133285522,0
1657,1323,1.6557046175003052,1
1657,1446,0.6264232397079468,0
1657,694,0.4725680947303772,0
1657,1755,0.6275928020477295,0
1657,908,0.6618459224700928,0
1657,811,0.6795292496681213,0
1657,121,0.6104081869125366,0
1657,1144,0.6000320315361023,0
1657,665,0.5348788499832153,0
1657,932,1.11049485206604,0
1657,1306,0.7099030017852783,0
1657,1850,0.87330561876297,0
1657,824,0.9609901905059814,0
1657,15,0.6355783343315125,0
1657,905,0.5159939527511597,0
1657,101,1.222513198852539,0
1657,1522,0.8679114580154419,0
1657,1658,2.18550443649292,0
1657,1951,0.7943202257156372,0
1657,809,0.6139380931854248,0
3146,425,0.46322935819625854,1
3146,1323,1.3719160556793213,0
3146,61,0.5753636956214905,0
3146,17,0.5894327759742737,0
3146,75,0.43668675422668457,0
3146,1816,0.47046273946762085,0
3146,1658,1.7119429111480713,0
3146,1926,0.5198312401771545,0
3146,73,0.5665374994277954,0
3146,705,0.45201361179351807,0
3146,1925,0.536398708820343,0
3146,1075,0.3973091244697571,0
3146,878,0.4680340588092804,0
3146,1365,0.7851811647415161,0
3146,97,0.9427704215049744,0
3146,645,0.6110609173774719,0
3146,430,0.635013997554779,0
3146,49,1.0583312511444092,0
3146,753,0.5507268309593201,0
3146,1010,0.6196049451828003,0
915,2051,1.1665127277374268,1
915,1177,0.7984391450881958,0
915,521,0.5033627152442932,0
915,2044,0.9319767951965332,0
915,937,0.6392016410827637,0
915,1828,1.0802801847457886,0
915,1081,0.556052565574646,0
915,741,0.6083799004554749,0
915,1559,1.3823295831680298,0
915,1281,0.6077145338058472,0
915,862,0.7530342936515808,0
915,1794,0.6948554515838623,0
915,1818,1.1516056060791016,0
915,17,0.7550057172775269,0
915,395,1.0143405199050903,0
915,342,0.689265251159668,0
915,60,0.7945383787155151,0
915,1506,0.6258673667907715,0
915,831,1.1836615800857544,0
915,69,0.5550283193588257,0
552,466,0.6907052993774414,1
552,1989,0.7326827049255371,0
552,645,0.6884962320327759,0
552,418,0.6802955865859985,0
552,1674,0.5029787421226501,0
552,653,0.5524827241897583,0
552,621,0.9466497898101807,0
552,1919,0.6418707370758057,0
552,1892,0.493594765663147,0
552,182,0.9902322888374329,0
552,1110,0.76219242811203,0
552,366,0.8731520771980286,0
552,194,0.6476806402206421,0
552,234,0.757209837436676,0
552,1719,0.7990810871124268,0
552,1823,0.9016356468200684,0
552,410,0.8437881469726562,0
552,1495,0.6773355603218079,0
552,255,0.7445841431617737,0
552,525,0.6236845850944519,0
3736,450,0.4280245304107666,1
3736,1702,0.7670190334320068,0
3736,1053,0.9555930495262146,0
3736,1539,0.6436871886253357,0
3736,442,0.5015994310379028,0
3736,794,0.8118558526039124,0
3736,652,0.7490345239639282,0
3736,713,0.655576765537262,0
3736,499,0.6632675528526306,0
3736,9,0.5837007761001587,0
3736,1936,1.215438723564148,0
3736,836,1.0449872016906738,0
3736,1297,0.6774076819419861,0
3736,518,0.7569853663444519,0
3736,399,0.8166203498840332,0
3736,1666,0.955710232257843,0
3736,456,0.8041883707046509,0
3736,966,0.6484314203262329,0
3736,1867,1.1113401651382446,0
3736,1301,0.6454923748970032,0
3756,723,0.5558621287345886,1
3756,615,0.628669023513794,0
3756,39,0.735456109046936,0
3756,38,0.5376952886581421,0
3756,516,0.6626641750335693,0
3756,1732,1.0102033615112305,0
3756,1797,1.0514702796936035,0
3756,997,0.7235819697380066,0
3756,1601,0.8658405542373657,0
3756,532,0.7516614198684692,0
3756,172,0.566347599029541,0
3756,406,0.8329033851623535,0
3756,1985,0.9241738319396973,0
3756,1634,0.7250447869300842,0
3756,818,0.8071465492248535,0
3756,1023,0.9174803495407104,0
3756,1126,0.7296223640441895,0
3756,181,0.861720085144043,0
3756,162,0.6083467602729797,0
3756,1533,0.6635786890983582,0
2814,29,0.5403003692626953,1
2814,1878,0.7547060251235962,0
2814,1780,0.6418068408966064,0
2814,1198,0.8509197235107422,0
2814,1248,0.780130922794342,0
2814,1345,0.5683169364929199,0
2814,317,0.7251182794570923,0
2814,1383,0.5523844361305237,0
2814,1083,0.6623152494430542,0
2814,98,0.6661258935928345,0
2814,445,0.5624762177467346,0
2814,430,0.7148928642272949,0
2814,1255,1.0224108695983887,0
2814,247,0.511972188949585,0
2814,736,0.7026134729385376,0
2814,653,0.5289556980133057,0
2814,1339,0.7904835343360901,0
2814,2013,0.8402769565582275,0
2814,758,0.6529654264450073,0
2814,1797,0.9178447127342224,0
3665,1154,0.4304514527320862,1
3665,582,0.5495557188987732,0
3665,1371,0.6125819087028503,0
3665,1937,0.5980772972106934,0
3665,1615,0.5586367845535278,0
3665,1857,0.5074753761291504,0
3665,654,0.8219947814941406,0
3665,1376,0.5059539675712585,0
3665,747,0.5820428133010864,0
3665,811,0.5694177150726318,0
3665,1543,0.540355920791626,0
3665,263,0.5029232501983643,0
3665,113,0.532459020614624,0
3665,380,0.5018547773361206,0
3665,266,0.49296271800994873,0
3665,1944,0.46755895018577576,0
3665,1981,0.6287077069282532,0
3665,1831,0.585624098777771,0
3665,944,0.5727062821388245,0
3665,1427,0.5202019810676575,0
3563,1599,0.4248884618282318,1
3563,704,0.6231933832168579,0
3563,611,0.5824275612831116,0
3563,1081,0.4416484534740448,0
3563,882,0.5067949891090393,0
3563,2038,1.2289892435073853,0
3563,248,0.6812442541122437,0
3563,179,0.7993707656860352,0
3563,223,0.6206557750701904,0
3563,1947,0.6003372669219971,0
3563,12,0.7997809648513794,0
3563,1328,0.6196815371513367,0
3563,1804,0.5974170565605164,0
3563,1220,0.6875566244125366,0
3563,1723,1.2169172763824463,0
3563,1917,1.0550322532653809,0
3563,1550,0.5950714349746704,0
3563,494,0.6041858792304993,0
3563,2071,0.604395866394043,0
3563,1437,0.8587551116943359,0
211,1712,0.92731112241745,1
211,93,0.5871041417121887,0
211,1384,0.6100410223007202,0
211,1237,0.48358720541000366,0
211,61,0.5666988492012024,0
211,514,0.48694610595703125,0
211,1847,0.6733270287513733,0
211,274,0.5834750533103943,0
211,694,0.44543904066085815,0
211,1692,0.46928972005844116,0
211,520,0.4999527633190155,0
211,1435,0.6541576385498047,0
211,550,0.5717781782150269,0
211,979,0.5013927817344666,0
211,180,0.6037099957466125,0
211,1591,0.5222601294517517,0
211,596,0.7396363019943237,0
211,2028,0.7376683354377747,0
211,1032,0.4978260099887848,0
211,168,0.6954936385154724,0
2757,1844,1.4289923906326294,1
2757,242,0.564079761505127,0
2757,829,0.5569396018981934,0
2757,2023,0.5766580700874329,0
2757,38,0.4112744927406311,0
2757,1441,0.5858358144760132,0
2757,817,0.42659133672714233,0
2757,239,0.430741548538208,0
2757,1353,0.6374080181121826,0
2757,574,0.528931736946106,0
2757,1126,0.5820963978767395,0
2757,567,0.9203009605407715,0
2757,1361,0.768873929977417,0
2757,373,0.698487401008606,0
2757,393,0.6282076239585876,0
2757,2080,0.5340379476547241,0
2757,1461,0.5140475630760193,0
2757,1045,0.5644400715827942,0
2757,591,0.5402597784996033,0
2757,1120,0.7783185243606567,0
4159,1999,0.8765588998794556,1
4159,1613,0.49090951681137085,0
4159,1440,0.5427253842353821,0
4159,71,0.9048314094543457,0
4159,284,0.6806563138961792,0
4159,679,0.5642802715301514,0
4159,1910,0.5146799683570862,0
4159,311,0.7126339077949524,0
4159,832,0.5339146852493286,0
4159,1519,1.5675150156021118,0
4159,1294,0.8277369737625122,0
4159,708,0.5824136734008789,0
4159,1920,0.5757267475128174,0
4159,1741,0.6380873918533325,0
4159,274,0.6066333651542664,0
4159,1427,0.5904446840286255,0
4159,1036,0.5967583060264587,0
4159,62,0.4902891218662262,0
4159,1728,0.7993635535240173,0
4159,1375,0.6745078563690186,0
1694,281,0.5913825631141663,1
1694,1639,0.6407238245010376,0
1694,452,0.7129621505737305,0
1694,2031,0.7366721630096436,0
1694,1016,0.6185592412948608,0
1694,2024,0.6883785128593445,0
1694,671,0.8291748762130737,0
1694,1577,0.6806932091712952,0
1694,2021,0.6985140442848206,0
1694,1594,0.701021671295166,0
1694,753,0.6447156071662903,0
1694,970,0.7006645798683167,0
1694,1554,0.6030997037887573,0
1694,1470,0.798829972743988,0
1694,579,0.9276056885719299,0
1694,667,0.7612941861152649,0
1694,84,0.7478922009468079,0
1694,1747,0.5448690056800842,0
1694,955,0.7383306622505188,0
1694,1637,0.7163018584251404,0
3293,1548,0.9048901796340942,1
3293,970,0.62748122215271,0
3293,1110,0.7039250731468201,0
3293,1298,0.5136914849281311,0
3293,848,0.7008359432220459,0
3293,354,0.5145806670188904,0
3293,1337,0.6042488217353821,0
3293,1138,0.5736798048019409,0
3293,1267,0.696797788143158,0
3293,1686,0.8633889555931091,0
3293,1719,0.728542149066925,0
3293,148,0.8766240477561951,0
3293,1843,0.9077717065811157,0
3293,1073,0.5301712155342102,0
3293,984,0.5988690853118896,0
3293,709,0.6540384292602539,0
3293,720,0.7550798654556274,0
3293,544,0.6227447390556335,0
3293,1820,0.560249388217926,0
3293,2027,0.716063380241394,0
1781,1160,1.3081954717636108,1
1781,1200,0.6560788154602051,0
1781,693,0.5975860357284546,0
1781,1835,0.7229486107826233,0
1781,956,0.9532787799835205,0
1781,300,0.5584911108016968,0
1781,1440,0.5782192945480347,0
1781,1422,0.5427312850952148,0
1781,1205,0.9628744125366211,0
1781,1616,0.662696897983551,0
1781,1161,0.5175063610076904,0
1781,1426,0.571590006351471,0
1781,396,0.7551183700561523,0
1781,953,0.8008772730827332,0
1781,399,0.8076941967010498,0
1781,1336,0.6358509659767151,0
1781,482,0.9487413167953491,0
1781,1378,0.8001137971878052,0
1781,562,0.6966218948364258,0
1781,2071,0.6782324314117432,0
417,643,0.8142033219337463,1
417,1005,0.7419037818908691,0
417,74,1.1148467063903809,0
417,34,0.6903316378593445,0
417,1129,0.536247968673706,0
417,351,0.510470986366272,0
417,745,0.9770568013191223,0
417,24,0.7038285136222839,0
417,994,0.5815521478652954,0
417,1377,1.0195964574813843,0
417,402,0.7095860242843628,0
417,2062,4.508368492126465,0
417,1819,0.7670513987541199,0
417,464,0.7274014353752136,0
417,2014,0.4611935615539551,0
417,746,0.6570829153060913,0
417,217,0.7457859516143799,0
417,359,0.6770564913749695,0
417,1970,0.7567012310028076,0
417,1131,0.6520297527313232,0
1847,1823,0.8348421454429626,1
1847,490,0.6109128594398499,0
1847,1503,0.47120070457458496,0
1847,974,0.6709866523742676,0
1847,673,0.5026140213012695,0
1847,1997,0.6657552719116211,0
1847,1481,0.6917998790740967,0
1847,527,0.5853615999221802,0
1847,661,1.1155107021331787,0
1847,1417,0.5574769973754883,0
1847,1136,0.7436695694923401,0
1847,77,0.5296564102172852,0
1847,1116,0.5729197263717651,0
1847,396,0.7082982063293457,0
1847,80,0.8555357456207275,0
1847,713,0.5851330161094666,0
1847,696,0.8085240721702576,0
1847,1260,0.676453709602356,0
1847,1160,1.2244408130645752,0
1847,936,0.7584260702133179,0
2332,847,0.7746211290359497,1
2332,520,0.5387952327728271,0
2332,1219,0.5617146492004395,0
2332,1837,0.5710645914077759,0
2332,0,0.6757689118385315,0
2332,308,0.9360102415084839,0
2332,425,0.480745404958725,0
2332,1736,0.5908030271530151,0
2332,1665,0.6588815450668335,0
2332,1264,0.6065816879272461,0
2332,1189,0.6046366691589355,0
2332,1078,0.5829490423202515,0
2332,1608,0.7523676156997681,0
2332,1067,0.816706120967865,0
2332,1142,0.5900611877441406,0
2332,1400,0.9750237464904785,0
2332,221,0.6848082542419434,0
2332,1070,0.5347704887390137,0
2332,1275,0.379608690738678,0
2332,1040,0.5667610168457031,0
1155,147,0.5587667226791382,1
1155,10,1.3641403913497925,0
1155,461,0.8420721292495728,0
1155,1818,1.136847734451294,0
1155,553,0.6568311452865601,0
1155,1841,0.505508542060852,0
1155,1263,0.579574704170227,0
1155,1373,1.226824164390564,0
1155,1125,0.6646665930747986,0
1155,1195,0.5361661911010742,0
1155,743,0.868325412273407,0
1155,407,1.2647334337234497,0
1155,1553,0.6817435026168823,0
1155,569,0.702534556388855,0
1155,1910,0.5123717784881592,0
1155,2026,0.841504693031311,0
1155,1199,0.5468505620956421,0
1155,431,0.84287428855896,0
1155,1126,0.6741649508476257,0
1155,241,0.5741747617721558,0
6,1429,0.5018765926361084,1
6,870,0.5429922342300415,0
6,476,0.5071452260017395,0
6,950,0.5583921670913696,0
6,2042,0.4626839756965637,0
6,1173,0.8487867116928101,0
6,105,0.7571032047271729,0
6,112,0.838802695274353,0
6,277,0.6228309869766235,0
6,672,0.4118410646915436,0
6,1387,0.5693501234054565,0
6,432,0.6946606636047363,0
6,290,0.6052688360214233,0
6,1240,0.6846640706062317,0
6,1859,0.7559518218040466,0
6,1198,0.8088230490684509,0
6,1042,0.573249340057373,0
6,570,0.6644425392150879,0
6,727,0.48986881971359253,0
6,1949,0.7112159132957458,0
1893,255,0.7606524229049683,1
1893,231,1.1312733888626099,0
1893,100,0.6449621319770813,0
1893,1431,0.6779403686523438,0
1893,885,0.6547117233276367,0
1893,1405,1.233853816986084,0
1893,1840,0.5084103345870972,0
1893,257,0.9188485145568848,0
1893,306,0.6961487531661987,0
1893,1424,0.7051887512207031,0
1893,354,0.5368177890777588,0
1893,1082,1.137421727180481,0
1893,1344,0.7547608017921448,0
1893,38,0.5035202503204346,0
1893,1940,0.6439881324768066,0
1893,445,0.5846171379089355,0
1893,1025,0.6019630432128906,0
1893,314,0.55126953125,0
1893,777,0.717238187789917,0
1893,797,0.5554773211479187,0
1738,379,0.5108575820922852,1
1738,1685,0.5319657921791077,0
1738,2028,0.8378268480300903,0
1738,1353,0.7553334832191467,0
1738,1625,0.5328689813613892,0
1738,332,0.6634697318077087,0
1738,137,0.7297530174255371,0
1738,279,0.6249881386756897,0
1738,1326,0.7013800144195557,0
1738,1828,0.9475451707839966,0
1738,2061,0.47187137603759766,0
1738,950,0.588752806186676,0
1738,1968,0.6287347078323364,0
1738,191,0.6439976692199707,0
1738,1272,0.8561795353889465,0
1738,1310,0.8624247908592224,0
1738,997,0.6491456627845764,0
1738,1927,0.8154703378677368,0
1738,49,1.158437728881836,0
1738,1060,0.7682714462280273,0
1949,1063,0.4229884743690491,1
1949,643,0.6919727921485901,0
1949,109,0.44429486989974976,0
1949,1215,0.665418267250061,0
1949,1505,0.4108966588973999,0
1949,25,0.6845293045043945,0
1949,1092,0.8063803911209106,0
1949,2045,0.6396207213401794,0
1949,1390,0.7007863521575928,0
1949,1914,0.759913980960846,0
1949,1309,0.49341854453086853,0
1949,672,0.4082905650138855,0
1949,741,0.4881436228752136,0
1949,2,0.480068564414978,0
1949,746,0.5483759641647339,0
1949,1251,0.6204556822776794,0
1949,2047,0.7027665972709656,0
1949,1900,0.5611209869384766,0
1949,204,0.6686626672744751,0
1949,17,0.6213163733482361,0
670,1754,0.46292924880981445,1
670,712,0.7062082886695862,0
670,609,0.4133676290512085,0
670,1102,0.6146100759506226,0
670,1614,0.6348926424980164,0
670,1130,0.6428818106651306,0
670,1813,0.6521257162094116,0
670,1935,0.6437395215034485,0
670,1103,0.5465977787971497,0
670,1636,1.117840051651001,0
670,2046,0.679511547088623,0
670,57,0.6557567119598389,0
670,137,0.6912493705749512,0
670,1832,1.126187801361084,0
670,750,0.6350142955780029,0
670,1585,0.4558996260166168,0
670,1481,0.6936107277870178,0
670,1218,1.4183279275894165,0
670,1780,0.621283769607544,0
670,1590,0.6619618535041809,0
3992,622,0.48076966404914856,1
3992,10,1.1195937395095825,0
3992,1147,0.7795125246047974,0
3992,1533,0.5306383371353149,0
3992,584,0.5890946984291077,0
3992,1479,0.5660781860351562,0
3992,1709,0.5766539573669434,0
3992,2077,0.6144701838493347,0
3992,692,0.6505470275878906,0
3992,2055,0.4504024386405945,0
3992,1552,0.5240285396575928,0
3992,1369,0.651168167591095,0
3992,1579,0.7236211895942688,0
3992,1721,0.7727515697479248,0
3992,1910,0.4809389114379883,0
3992,2051,0.9369297027587891,0
3992,1712,0.9572575092315674,0
3992,183,0.4661250710487366,0
3992,2075,0.5524562001228333,0
3992,1868,0.7963606119155884,0
3080,481,0.5894187092781067,1
3080,1865,0.6901648044586182,0
3080,1111,0.5613250136375427,0
3080,61,0.6208550930023193,0
3080,388,0.5487720966339111,0
3080,650,0.6741217374801636,0
3080,1510,0.5732890963554382,0
3080,1257,1.0886110067367554,0
3080,197,0.7122951745986938,0
3080,632,0.558857798576355,0
3080,470,0.6434699892997742,0
3080,393,0.6826946139335632,0
3080,1251,0.6303686499595642,0
3080,169,0.48276883363723755,0
3080,1653,0.6269361972808838,0
3080,1409,0.4526260495185852,0
3080,1328,0.6753621697425842,0
3080,2020,0.6942800283432007,0
3080,1795,0.8992252945899963,0
3080,647,0.7043635845184326,0
713,599,0.5788683295249939,1
713,1887,0.6679334044456482,0
713,1986,2.227607250213623,0
713,134,0.6831743717193604,0
713,1155,0.6303966641426086,0
713,688,0.6325594186782837,0
713,75,0.4519833028316498,0
713,692,0.7373864054679871,0
713,705,0.4937995672225952,0
713,342,0.6036373376846313,0
713,1899,0.5855712890625,0
713,546,0.6459507942199707,0
713,297,1.0786306858062744,0
713,1752,0.6842218637466431,0
713,469,1.0527530908584595,0
713,1923,0.8486708402633667,0
713,1638,0.7264965176582336,0
713,849,0.609670877456665,0
713,1280,0.6153704524040222,0
713,929,0.6620535850524902,0
4022,1290,0.49094152450561523,1
4022,693,0.5462774634361267,0
4022,662,0.7170959115028381,0
4022,1723,1.1372045278549194,0
4022,885,0.585923969745636,0
4022,552,0.803969144821167,0
4022,1802,0.85210120677948,0
4022,212,0.8206630945205688,0
4022,1050,0.8015766143798828,0
4022,308,0.890905499458313,0
4022,1537,0.5351889133453369,0
4022,986,0.8102878332138062,0
4022,951,0.42028313875198364,0
4022,243,0.5905889272689819,0
4022,540,0.7676637768745422,0
4022,2021,0.6325821280479431,0
4022,738,0.5738844871520996,0
4022,1265,0.60566246509552,0
4022,1381,0.735313355922699,0
4022,1967,0.5243144035339355,0
3531,75,0.4494076371192932,1
3531,1967,0.5356581807136536,0
3531,1546,0.5897853970527649,0
3531,886,0.567188024520874,0
3531,393,0.6889986395835876,0
3531,856,0.6700714230537415,0
3531,441,0.5748729705810547,0
3531,1031,0.5088232159614563,0
3531,735,0.589346170425415,0
3531,525,0.5680768489837646,0
3531,738,0.6106808185577393,0
3531,1372,0.6340877413749695,0
3531,993,0.8157910108566284,0
3531,2071,0.657853364944458,0
3531,1289,0.5705699920654297,0
3531,592,0.6753557920455933,0
3531,547,0.5149121880531311,0
3531,259,0.488913893699646,0
3531,1925,0.560570478439331,0
3531,686,0.5906296968460083,0
855,2060,0.8736814260482788,1
855,402,0.6672632694244385,0
855,859,0.8028193712234497,0
855,938,0.851791501045227,0
855,609,0.4140845537185669,0
855,1002,1.0887744426727295,0
855,1519,2.2038252353668213,0
855,604,0.49324241280555725,0
855,863,1.1461228132247925,0
855,820,0.6865740418434143,0
855,1698,0.5643115639686584,0
855,495,0.6078605651855469,0
855,522,0.758513867855072,0
855,34,0.648934006690979,0
855,494,0.6702274680137634,0
855,869,0.6748941540718079,0
855,1878,0.8343849182128906,0
855,430,0.7018783092498779,0
855,1303,0.6293895244598389,0
855,1820,0.638983964920044,0
2427,1537,0.5885703563690186,1
2427,2017,0.7439103126525879,0
2427,1362,0.6789233684539795,0
2427,1237,0.5737177133560181,0
2427,2077,0.6985629200935364,0
2427,244,0.6510892510414124,0
2427,882,0.5407202243804932,0
2427,844,0.5677040815353394,0
2427,1636,1.064300775527954,0
2427,733,0.8220170140266418,0
2427,689,0.9250703454017639,0
2427,1851,0.6075054407119751,0
2427,202,1.1351442337036133,0
2427,1278,1.6536208391189575,0
2427,842,0.5465822219848633,0
2427,165,0.681890070438385,0
2427,1715,0.8765909671783447,0
2427,1710,0.8032659888267517,0
2427,2045,0.6783169507980347,0
2427,2016,0.5901925563812256,0
613,841,1.2244268655776978,1
613,202,1.1656672954559326,0
613,1148,0.5875970125198364,0
613,293,0.7041163444519043,0
613,1224,1.0857338905334473,0
613,1640,0.7771375179290771,0
613,1768,0.4749552607536316,0
613,1410,0.6189960241317749,0
613,1444,0.6755623817443848,0
613,401,0.6956518292427063,0
613,619,0.7039538025856018,0
613,1209,0.5810434818267822,0
613,147,0.5954699516296387,0
613,1590,0.6802489757537842,0
613,1408,0.6959744095802307,0
613,1453,0.6720480918884277,0
613,1800,0.6301847100257874,0
613,384,0.6116870641708374,0
613,990,0.5718856453895569,0
613,1554,0.5733336806297302,0
1689,229,1.063305377960205,1
1689,1725,0.9760533571243286,0
1689,1937,0.7657445669174194,0
1689,1429,0.5269312858581543,0
1689,1848,0.8733997344970703,0
1689,326,0.5622299909591675,0
1689,537,0.8041151762008667,0
1689,1779,0.7390872240066528,0
1689,161,0.5757512450218201,0
1689,122,1.3129029273986816,0
1689,907,0.7856853604316711,0
1689,63,0.7147645354270935,0
1689,1529,0.7489967346191406,0
1689,1885,0.7303785085678101,0
1689,271,1.3681339025497437,0
1689,42,0.6220546960830688,0
1689,1134,0.9013267755508423,0
1689,2033,0.7016356587409973,0
1689,1056,0.6009482145309448,0
1689,1339,0.8721690773963928,0
404,36,0.6492676734924316,1
404,308,1.1185342073440552,0
404,286,0.6942519545555115,0
404,45,0.4848537743091583,0
404,553,0.6881558895111084,0
404,1605,0.6360805034637451,0
404,1105,0.5177316665649414,0
404,1051,0.6290304064750671,0
404,1651,0.6581383347511292,0
404,1699,0.6146801114082336,0
404,1988,0.4631527364253998,0
404,968,0.8502593040466309,0
404,543,0.42903685569763184,0
404,383,0.5805611610412598,0
404,588,0.5916265249252319,0
404,1501,0.6998400688171387,0
404,565,0.9363918304443359,0
404,672,0.4164332151412964,0
404,271,1.368270993232727,0
404,259,0.5446382164955139,0
3659,196,0.6281741857528687,1
3659,953,0.755463719367981,0
3659,673,0.5269063711166382,0
3659,531,0.5124271512031555,0
3659,272,0.5951011180877686,0
3659,1769,0.4407839775085449,0
3659,829,0.6280876398086548,0
3659,2056,0.5082718133926392,0
3659,1022,0.599173903465271,0
3659,2016,0.5643636584281921,0
3659,1448,0.543685257434845,0
3659,1862,0.7015496492385864,0
3659,1027,0.6434739828109741,0
3659,903,0.850665807723999,0
3659,2072,0.680817723274231,0
3659,50,0.6766362190246582,0
3659,1564,0.9750224947929382,0
3659,781,0.6848777532577515,0
3659,1059,0.4894849956035614,0
3659,1758,0.4999235272407532,0
2966,531,0.44303038716316223,1
2966,539,0.6696428060531616,0
2966,1129,0.4461342692375183,0
2966,900,0.6341527700424194,0
2966,1334,0.5597629547119141,0
2966,1508,0.7157732248306274,0
2966,1625,0.4590924084186554,0
2966,963,0.5554903745651245,0
2966,1474,0.7274861335754395,0
2966,247,0.4396872818470001,0
2966,1972,0.8771487474441528,0
2966,1617,0.9446568489074707,0
2966,1164,0.768987774848938,0
2966,103,1.2026829719543457,0
2966,752,0.5625000596046448,0
2966,192,0.5678197145462036,0
2966,1368,0.4825842082500458,0
2966,869,0.5943704843521118,0
2966,1486,0.6086395978927612,0
2966,478,0.6060983538627625,0
4157,1435,0.6955544948577881,1
4157,1046,0.5988953709602356,0
4157,139,1.0257490873336792,0
4157,1939,0.6509035229682922,0
4157,790,0.780551552772522,0
4157,1151,0.6094551086425781,0
4157,1320,0.6817991733551025,0
4157,830,0.6492016315460205,0
4157,1201,0.7656620740890503,0
4157,874,0.6179078817367554,0
4157,1080,0.5537920594215393,0
4157,1369,0.6583177447319031,0
4157,727,0.49787697196006775,0
4157,1682,0.5886185169219971,0
4157,231,0.9495434761047363,0
4157,773,0.6443021297454834,0
4157,700,1.1511106491088867,0
4157,923,1.4399116039276123,0
4157,253,0.62803053855896,0
4157,1125,0.6091988682746887,0
3356,1231,0.9487470984458923,1
3356,1923,0.8639726638793945,0
3356,1214,1.151534080505371,0
3356,265,0.6471517086029053,0
3356,1901,0.8575382232666016,0
3356,1394,0.6330773830413818,0
3356,403,0.7043792605400085,0
3356,1955,0.5270323157310486,0
3356,1029,0.6884255409240723,0
3356,1640,0.817009687423706,0
3356,365,0.638045608997345,0
3356,289,0.7716817259788513,0
3356,643,0.7659093737602234,0
3356,1590,0.7179436683654785,0
3356,457,0.6416864991188049,0
3356,511,1.2972121238708496,0
3356,1344,0.7492803931236267,0
3356,40,1.2400774955749512,0
3356,710,0.6882261037826538,0
3356,50,0.7276443839073181,0
2126,2003,0.501272439956665,1
2126,2018,0.5316640138626099,0
2126,919,0.9744106531143188,0
2126,1090,0.7014061808586121,0
2126,1643,1.4507615566253662,0
2126,1672,0.4901827871799469,0
2126,1961,0.7238699197769165,0
2126,1931,0.6508622169494629,0
2126,1661,0.655171275138855,0
2126,780,0.8391255736351013,0
2126,77,0.5385041832923889,0
2126,1245,0.9151159524917603,0
2126,494,0.6697294116020203,0
2126,478,0.6837946176528931,0
2126,1060,0.8186514377593994,0
2126,307,0.778352677822113,0
2126,1246,0.7409170269966125,0
2126,1151,0.6647214889526367,0
2126,751,0.5488105416297913,0
2126,1006,1.188643455505371,0
472,176,1.1123979091644287,1
472,1777,0.9785119891166687,0
472,865,0.6375365853309631,0
472,513,0.8326972126960754,0
472,1393,1.167630910873413,0
472,1477,0.46474701166152954,0
472,66,0.7044534087181091,0
472,380,0.6105969548225403,0
472,1248,0.7514761686325073,0
472,320,0.6640511751174927,0
472,1913,1.0106172561645508,0
472,366,0.8350620269775391,0
472,1435,0.7204927802085876,0
472,1887,0.669278621673584,0
472,1224,1.1318402290344238,0
472,102,0.7066904902458191,0
472,1238,0.6621589064598083,0
472,1412,0.5481871962547302,0
472,1023,0.8639388084411621,0
472,189,0.6047289967536926,0
3029,1654,0.9895626902580261,1
3029,245,0.6716978549957275,0
3029,502,0.5848298072814941,0
3029,581,0.6098947525024414,0
3029,1702,0.6910958290100098,0
3029,780,0.7801623344421387,0
3029,1032,0.561934232711792,0
3029,1073,0.5488139390945435,0
3029,173,0.7675374746322632,0
3029,892,0.5728078484535217,0
3029,1676,0.5925978422164917,0
3029,1764,0.5272778272628784,0
3029,1950,0.7278567552566528,0
3029,1071,0.6626914143562317,0
3029,98,0.6387085318565369,0
3029,577,0.5498037338256836,0
3029,1513,0.8679193258285522,0
3029,427,1.0449635982513428,0
3029,448,0.6310513615608215,0
3029,1988,0.46978047490119934,0
637,219,0.34831884503364563,1
637,1804,0.5297338366508484,0
637,1924,0.35682106018066406,0
637,1580,0.6046514511108398,0
637,155,0.48732998967170715,0
637,804,0.4805639386177063,0
637,735,0.48948121070861816,0
637,1292,0.5068041682243347,0
637,1473,1.8319306373596191,0
637,1861,0.5150325894355774,0
637,355,0.428833544254303,0
637,475,0.7738856673240662,0
637,263,0.5042941570281982,0
637,1966,0.539621114730835,0
637,1543,0.5214618444442749,0
637,1106,0.5734161138534546,0
637,1247,0.39264440536499023,0
637,1132,0.6434248685836792,0
637,172,0.421580046415329,0
637,1218,1.1316518783569336,0
1241,945,0.5070154666900635,1
1241,606,0.7160376310348511,0
1241,2067,0.6980199217796326,0
1241,1927,0.8216109871864319,0
1241,275,0.4974716603755951,0
1241,938,0.776832103729248,0
1241,1658,2.1869516372680664,0
1241,686,0.607528030872345,0
1241,171,0.9133063554763794,0
1241,1509,0.83684903383255,0
1241,183,0.5245912075042725,0
1241,1179,0.6173518896102905,0
1241,1342,0.5820617079734802,0
1241,1597,1.0901154279708862,0
1241,1576,0.44700467586517334,0
1241,106,0.9684573411941528,0
1241,1469,0.6423229575157166,0
1241,973,0.6928339600563049,0
1241,854,0.4711737036705017,0
1241,1432,0.5831074714660645,0
3335,1285,0.42960771918296814,1
3335,1092,0.8577828407287598,0
3335,529,1.058502435684204,0
3335,470,0.5996078252792358,0
3335,1141,0.5953041911125183,0
3335,742,0.5556485652923584,0
3335,1046,0.5840091109275818,0
3335,1672,0.4574580788612366,0
3335,852,0.5619559288024902,0
3335,74,0.916502833366394,0
3335,1207,0.6381978392601013,0
3335,1263,0.52715003490448,0
3335,181,0.7085036039352417,0
3335,828,0.5740954875946045,0
3335,1254,0.5879111289978027,0
3335,1977,0.6212849617004395,0
3335,406,0.6817243099212646,0
3335,1828,0.9161320924758911,0
3335,1851,0.5738474130630493,0
3335,1010,0.6430134177207947,0
3104,387,0.5461381673812866,1
3104,1594,0.6964699625968933,0
3104,1926,0.5517832040786743,0
3104,958,1.0162079334259033,0
3104,1362,0.693473756313324,0
3104,1825,0.8388104438781738,0
3104,730,0.5782799124717712,0
3104,1448,0.5865805149078369,0
3104,1154,0.5019229054450989,0
3104,625,0.6523669362068176,0
3104,1782,0.581351637840271,0
3104,234,0.749669075012207,0
3104,346,0.5749305486679077,0
3104,1541,0.7133561372756958,0
3104,1851,0.6360132098197937,0
3104,536,0.6378720998764038,0
3104,1416,0.8139107823371887,0
3104,713,0.6168174147605896,0
3104,533,1.0430370569229126,0
3104,395,0.8948174118995667,0
1205,591,0.6050875186920166,1
1205,1273,1.086503505706787,0
1205,529,1.1073065996170044,0
1205,1491,0.7511288523674011,0
1205,1075,0.41042402386665344,0
1205,2027,0.7745904922485352,0
1205,1332,0.7980691194534302,0
1205,73,0.6126906871795654,0
1205,515,0.518800675868988,0
1205,1791,0.516062319278717,0
1205,1231,0.9493443965911865,0
1205,12,0.9017723798751831,0
1205,351,0.4623323976993561,0
1205,1088,0.8948227167129517,0
1205,232,0.5310134887695312,0
1205,35,0.6002714037895203,0
1205,136,0.6795137524604797,0
1205,1980,0.8026255369186401,0
1205,2073,1.4795451164245605,0
1205,363,0.5346972942352295,0
2206,911,0.6083223223686218,1
2206,463,0.6800868511199951,0
2206,1923,0.8627576231956482,0
2206,1908,0.49843430519104004,0
2206,1562,0.7207040190696716,0
2206,40,1.2991321086883545,0
2206,96,0.6412978172302246,0
2206,360,0.6902120113372803,0
2206,744,0.6777495741844177,0
2206,1100,0.4359290301799774,0
2206,7,0.5619457364082336,0
2206,524,0.5648399591445923,0
2206,1886,0.634647786617279,0
2206,1866,0.8965059518814087,0
2206,395,0.9217855930328369,0
2206,923,1.8568921089172363,0
2206,1534,0.4491969347000122,0
2206,1328,0.6830939054489136,0
2206,354,0.5302712917327881,0
2206,608,0.5889593362808228,0
1849,113,0.6400842666625977,1
1849,403,0.6868348121643066,0
1849,1983,0.8323248624801636,0
1849,1243,0.5133494138717651,0
1849,510,0.5012912750244141,0
1849,1488,0.5999282598495483,0
1849,1007,0.6425929069519043,0
1849,297,0.9884339570999146,0
1849,393,0.7293693423271179,0
1849,697,0.8119655251502991,0
1849,1635,0.46823886036872864,0
1849,2054,0.7121723890304565,0
1849,1923,0.8093639016151428,0
1849,235,1.1659260988235474,0
1849,944,0.7055290937423706,0
1849,1045,0.6383154988288879,0
1849,652,0.7036228775978088,0
1849,1812,0.6459914445877075,0
1849,655,1.1899505853652954,0
1849,1510,0.603402853012085,0
3055,848,0.6721723675727844,1
3055,1635,0.45375245809555054,0
3055,297,0.9359598159790039,0
3055,1605,0.571229100227356,0
3055,1061,0.5967791676521301,0
3055,1603,0.54380863904953,0
3055,2004,0.6972029209136963,0
3055,824,0.8681432008743286,0
3055,1513,0.8246557116508484,0
3055,1969,0.5763837099075317,0
3055,1833,0.6533781290054321,0
3055,452,0.6495246887207031,0
3055,1404,0.5828240513801575,0
3055,1782,0.5348728895187378,0
3055,472,0.7530159950256348,0
3055,231,0.9430318474769592,0
3055,335,0.8475762605667114,0
3055,1494,0.6988118290901184,0
3055,658,0.7512034177780151,0
3055,1968,0.58173668384552,0
1629,1575,0.7453353404998779,1
1629,1423,1.5438101291656494,0
1629,2071,0.7770227789878845,0
1629,1760,1.1277682781219482,0
1629,1535,1.105669617652893,0
1629,1971,1.450087070465088,0
1629,1089,0.7159191370010376,0
1629,1805,0.8746294975280762,0
1629,913,1.1463220119476318,0
1629,1920,0.7196785807609558,0
1629,1447,1.2521727085113525,0
1629,846,0.7922350168228149,0
1629,109,0.5188109874725342,0
1629,1442,0.761992335319519,0
1629,832,0.6622177958488464,0
1629,1839,0.783012866973877,0
1629,1591,0.7018136978149414,0
1629,1100,0.4966731071472168,0
1629,1422,0.6009717583656311,0
1629,115,0.67386794090271,0
3849,85,0.5361754894256592,1
3849,2067,0.6857070922851562,0
3849,1007,0.6224979758262634,0
3849,2029,0.6415553092956543,0
3849,371,0.5381006002426147,0
3849,897,0.5257713198661804,0
3849,1919,0.599312961101532,0
3849,883,0.8103622198104858,0
3849,779,0.5827511548995972,0
3849,1013,0.7420199513435364,0
3849,58,0.717642068862915,0
3849,311,0.7223126292228699,0
3849,773,0.6756575703620911,0
3849,888,0.786349892616272,0
3849,978,0.9098939299583435,0
3849,274,0.6563202738761902,0
3849,1586,0.6662081480026245,0
3849,1132,0.7430096864700317,0
3849,1280,0.596929669380188,0
3849,1135,0.5863259434700012,0
3666,1143,0.48195135593414307,1
3666,730,0.5455752611160278,0
3666,1215,0.6321066617965698,0
3666,1135,0.5934080481529236,0
3666,1387,0.5516854524612427,0
3666,2056,0.49146440625190735,0
3666,411,0.4806910753250122,0
3666,1254,0.5849412679672241,0
3666,734,0.6748440265655518,0
3666,420,0.5275087952613831,0
3666,1422,0.5363444089889526,0
3666,110,0.46316009759902954,0
3666,252,0.5578166246414185,0
3666,1341,0.7655822038650513,0
3666,1296,0.5491800308227539,0
3666,638,0.5926672220230103,0
3666,625,0.5864821076393127,0
3666,441,0.5585063695907593,0
3666,959,0.8165934681892395,0
3666,76,0.4807002544403076,0
3334,990,0.527651846408844,1
3334,2011,0.6306021213531494,0
3334,1866,0.7781871557235718,0
3334,130,0.6339836120605469,0
3334,1737,0.4871157705783844,0
3334,304,0.5148699879646301,0
3334,236,0.6121271848678589,0
3334,197,0.6488909721374512,0
3334,282,0.8007373809814453,0
3334,1017,0.6015334725379944,0
3334,131,0.660346508026123,0
3334,135,0.5826200246810913,0
3334,35,0.5560082197189331,0
3334,48,0.5681321620941162,0
3334,1741,0.6332488656044006,0
3334,1941,0.5505073070526123,0
3334,879,0.6632642149925232,0
3334,1268,0.8337352275848389,0
3334,176,0.9794965386390686,0
3334,950,0.5322747230529785,0
3802,672,0.44263964891433716,1
3802,1036,0.6687822937965393,0
3802,1172,0.5086218118667603,0
3802,1029,0.6896922588348389,0
3802,1313,1.0198930501937866,0
3802,1873,0.7675672769546509,0
3802,1294,0.8870283961296082,0
3802,623,0.6281499862670898,0
3802,1884,0.9466431140899658,0
3802,1182,0.8671846389770508,0
3802,1213,0.5643643140792847,0
3802,1279,0.71640944480896,0
3802,1209,0.6188307404518127,0
3802,512,0.6869136691093445,0
3802,161,0.6049480438232422,0
3802,1625,0.5627022981643677,0
3802,196,0.672610878944397,0
3802,645,0.704463541507721,0
3802,1818,1.0052344799041748,0
3802,538,0.7491773366928101,0
3668,740,0.46573856472969055,1
3668,1684,0.577497124671936,0
3668,1217,0.5832632780075073,0
3668,1236,0.784437358379364,0
3668,1318,0.5446606874465942,0
3668,1661,0.6017938256263733,0
3668,1607,0.8152259588241577,0
3668,1719,0.7620226144790649,0
3668,57,0.6476700305938721,0
3668,210,0.7874237895011902,0
3668,296,0.44926100969314575,0
3668,1033,0.6448067426681519,0
3668,842,0.5264933705329895,0
3668,571,0.6229355335235596,0
3668,1365,0.8971424102783203,0
3668,2011,0.6418579816818237,0
3668,1258,0.6510114073753357,0
3668,342,0.5573980212211609,0
3668,1879,0.6302195191383362,0
3668,1864,0.6253536939620972,0
1791,1721,0.8222390413284302,1
1791,1334,0.582880973815918,0
1791,69,0.4386116862297058,0
1791,1945,0.4708678126335144,0
1791,787,0.6244798302650452,0
1791,1167,0.5460047721862793,0
1791,622,0.4897400140762329,0
1791,894,0.6088238954544067,0
1791,557,0.4491732716560364,0
1791,613,0.9324401021003723,0
1791,461,0.7798925638198853,0
1791,1493,0.7557019591331482,0
1791,1513,0.8632245659828186,0
1791,1999,0.8939951658248901,0
1791,1430,0.6430309414863586,0
1791,1235,0.6171015501022339,0
1791,2059,0.4096161723136902,0
1791,338,0.5987361073493958,0
1791,1143,0.45126402378082275,0
1791,683,0.6136829257011414,0
2028,1844,1.4248319864273071,1
2028,809,0.5727874040603638,0
2028,1624,0.4423861801624298,0
2028,1328,0.6741704940795898,0
2028,1542,0.637337327003479,0
2028,1003,0.5083239078521729,0
2028,2045,0.6601312160491943,0
2028,1198,0.8090394735336304,0
2028,753,0.5994993448257446,0
2028,509,0.5129876136779785,0
2028,1286,0.559739887714386,0
2028,1357,0.5169718265533447,0
2028,659,0.8073831796646118,0
2028,62,0.5286290049552917,0
2028,38,0.4705137610435486,0
2028,1345,0.5643550157546997,0
2028,533,1.0358424186706543,0
2028,1368,0.5561561584472656,0
2028,168,0.7573987245559692,0
2028,1250,0.7847849130630493,0
2509,345,2.341230869293213,1
2509,403,0.699210524559021,0
2509,988,1.250040888786316,0
2509,304,0.5419824719429016,0
2509,1667,0.7905653715133667,0
2509,2023,0.6828800439834595,0
2509,229,0.8969179391860962,0
2509,667,0.7285019159317017,0
2509,799,0.7058619260787964,0
2509,1341,0.8541377782821655,0
2509,110,0.518775224685669,0
2509,1870,0.6119321584701538,0
2509,1048,0.9121088981628418,0
2509,1322,0.7650614380836487,0
2509,605,0.6866437196731567,0
2509,1830,0.6262185573577881,0
2509,1623,0.7039538621902466,0
2509,1413,0.500724732875824,0
2509,676,0.7768557071685791,0
2509,445,0.5396522283554077,0
2857,1913,1.1223540306091309,1
2857,1043,0.938348650932312,0
2857,527,0.6417034268379211,0
2857,2013,0.9326647520065308,0
2857,609,0.46766701340675354,0
2857,648,0.8780211806297302,0
2857,745,0.9538393020629883,0
2857,1430,0.7638025283813477,0
2857,1569,0.5324889421463013,0
2857,717,1.0041892528533936,0
2857,1891,0.9190754890441895,0
2857,1127,0.5831167697906494,0
2857,788,0.7074880003929138,0
2857,862,0.7351810336112976,0
2857,1177,0.7875200510025024,0
2857,151,1.4648617506027222,0
2857,100,0.6798897385597229,0
2857,1326,0.7653705477714539,0
2857,209,0.49820083379745483,0
2857,668,0.45694637298583984,0
3202,1193,0.613237202167511,1
3202,188,0.8607282638549805,0
3202,1789,0.6558218598365784,0
3202,680,1.1934432983398438,0
3202,567,1.0018784999847412,0
3202,1218,1.36831533908844,0
3202,614,0.7467696070671082,0
3202,1934,0.7929673194885254,0
3202,1785,0.6064636707305908,0
3202,1600,0.622100830078125,0
3202,642,0.6701866984367371,0
3202,168,0.8482919335365295,0
3202,683,0.7237402200698853,0
3202,943,0.6778308749198914,0
3202,404,0.7174842357635498,0
3202,394,0.7156379222869873,0
3202,144,0.6878505945205688,0
3202,1393,1.1601548194885254,0
3202,209,0.4991212487220764,0
3202,1375,0.806991696357727,0
4140,530,0.7132960557937622,1
4140,304,0.4438024163246155,0
4140,893,0.42862921953201294,0
4140,1900,0.5311536192893982,0
4140,1799,0.6359223127365112,0
4140,440,0.5351040959358215,0
4140,1065,0.6069960594177246,0
4140,1159,0.638995349407196,0
4140,1656,0.3661600947380066,0
4140,971,0.4520261883735657,0
4140,1647,0.43155938386917114,0
4140,737,0.433118611574173,0
4140,503,0.506541907787323,0
4140,449,0.672325611114502,0
4140,2009,0.564684271812439,0
4140,288,0.576626718044281,0
4140,2067,0.581694483757019,0
4140,773,0.5573097467422485,0
4140,1942,0.9681227207183838,0
4140,308,0.8127939701080322,0
3427,1441,0.657065749168396,1
3427,137,0.714510440826416,0
3427,441,0.5862396955490112,0
3427,1430,0.6683722734451294,0
3427,5,0.4872262477874756,0
3427,701,0.5327293872833252,0
3427,1614,0.6381417512893677,0
3427,491,0.4663645625114441,0
3427,1163,0.718816876411438,0
3427,1897,0.6170217394828796,0
3427,1434,0.900965690612793,0
3427,1941,0.5950015187263489,0
3427,24,0.6260578632354736,0
3427,53,0.527449905872345,0
3427,2071,0.6348341703414917,0
3427,1969,0.6043215990066528,0
3427,556,0.7078019976615906,0
3427,1113,0.6333943605422974,0
3427,1651,0.5961257219314575,0
3427,1544,0.6632516384124756,0
259,1006,1.2606539726257324,1
259,398,1.0740768909454346,0
259,344,0.6784846782684326,0
259,132,0.714934229850769,0
259,1506,0.6005306243896484,0
259,545,0.758233904838562,0
259,268,0.7452961802482605,0
259,419,0.5699872374534607,0
259,807,0.738209068775177,0
259,448,0.7116578817367554,0
259,1859,0.8721433877944946,0
259,1849,0.7454657554626465,0
259,1715,0.9756810665130615,0
259,1474,0.8614784479141235,0
259,1284,0.7537418603897095,0
259,948,1.2046886682510376,0
259,1662,0.7548210024833679,0
259,2036,1.1968516111373901,0
259,1076,0.8585168123245239,0
259,318,0.7413950562477112,0
3681,351,0.49986889958381653,1
3681,178,0.5518602132797241,0
3681,386,0.505176842212677,0
3681,37,0.5606955289840698,0
3681,181,0.7947705388069153,0
3681,58,0.7443513870239258,0
3681,1112,0.7329436540603638,0
3681,1725,0.8745486736297607,0
3681,1771,0.6861932873725891,0
3681,137,0.7295002341270447,0
3681,960,0.9962095618247986,0
3681,427,1.0259556770324707,0
3681,1522,0.8037195205688477,0
3681,2049,0.6422695517539978,0
3681,1190,0.6525277495384216,0
3681,538,0.6980237364768982,0
3681,34,0.6382530927658081,0
3681,481,0.6136412620544434,0
3681,899,0.6979711055755615,0
3681,373,0.7836814522743225,0
1110,948,1.0304713249206543,1
1110,277,0.6615314483642578,0
1110,1576,0.4665566682815552,0
1110,1971,1.148351788520813,0
1110,2031,0.6931198239326477,0
1110,1263,0.5835098028182983,0
1110,210,0.7939766645431519,0
1110,1804,0.6645516753196716,0
1110,1870,0.5964811444282532,0
1110,784,0.7502439022064209,0
1110,320,0.6822888851165771,0
1110,865,0.6152572631835938,0
1110,1174,0.5874547362327576,0
1110,207,0.6048489809036255,0
1110,1866,0.854394793510437,0
1110,1352,0.6108881235122681,0
1110,2029,0.6524429321289062,0
1110,1240,0.709793210029602,0
1110,221,0.7096355557441711,0
1110,1975,0.7690755128860474,0
1908,455,1.2357550859451294,1
1908,969,0.6711878180503845,0
1908,1352,0.5897008776664734,0
1908,1336,0.649122953414917,0
1908,354,0.44154685735702515,0
1908,1043,0.871895968914032,0
1908,1664,1.6331737041473389,0
1908,1405,1.254349708557129,0
1908,1299,0.5649303197860718,0
1908,202,1.4074047803878784,0
1908,750,0.636734127998352,0
1908,1165,0.6012476086616516,0
1908,1301,0.6122318506240845,0
1908,1803,0.45802927017211914,0
1908,1716,0.4950830340385437,0
1908,2067,0.680279552936554,0
1908,1340,0.5638142228126526,0
1908,1518,1.1414228677749634,0
1908,1360,0.6775373220443726,0
1908,1377,0.8865644931793213,0
1160,1846,1.1028547286987305,1
1160,478,0.7181024551391602,0
1160,272,0.6632551550865173,0
1160,1473,2.4718127250671387,0
1160,1542,0.7191805839538574,0
1160,775,0.6398062705993652,0
1160,1026,0.7088050842285156,0
1160,569,0.7544556260108948,0
1160,1212,0.7406424880027771,0
1160,1403,0.7819131016731262,0
1160,216,0.7115243673324585,0
1160,2056,0.5447772145271301,0
1160,973,0.7689400315284729,0
1160,384,0.6396793127059937,0
1160,1872,0.646629273891449,0
1160,1308,0.5732773542404175,0
1160,1332,0.8319978713989258,0
1160,653,0.597544252872467,0
1160,1499,0.790777862071991,0
1160,429,0.6167440414428711,0
2378,1725,0.9432497024536133,1
2378,1266,0.6154004335403442,0
2378,902,0.5492387413978577,0
2378,891,0.8179332613945007,0
2378,1207,0.7747146487236023,0
2378,1489,0.6816500425338745,0
2378,547,0.6100120544433594,0
2378,1342,0.6219567060470581,0
2378,1238,0.7310618162155151,0
2378,1286,0.6286563277244568,0
2378,331,0.516556441783905,0
2378,578,0.816346287727356,0
2378,442,0.505329430103302,0
2378,1808,1.1221283674240112,0
2378,484,0.7130517959594727,0
2378,1502,0.571794867515564,0
2378,1094,0.6395409107208252,0
2378,420,0.6288337111473083,0
2378,532,0.7490651607513428,0
2378,1178,1.037431001663208,0
46,1877,3.4619531631469727,1
46,1537,0.6038221120834351,0
46,1261,0.7195515036582947,0
46,1064,0.7772597670555115,0
46,1390,0.8490856885910034,0
46,1972,1.108853816986084,0
46,759,0.7702568173408508,0
46,1862,0.8002080917358398,0
46,230,0.7185463905334473,0
46,144,0.7113690972328186,0
46,1629,0.5174103379249573,0
46,189,0.65843665599823,0
46,123,1.2850441932678223,0
46,399,0.8483583331108093,0
46,168,0.8721103072166443,0
46,554,0.6067893505096436,0
46,1929,0.6604592800140381,0
46,1936,1.4406156539916992,0
46,7,0.6032111644744873,0
46,822,0.7020461559295654,0
2828,1674,0.5222623348236084,1
2828,1089,0.632904052734375,0
2828,203,0.6252613067626953,0
2828,1117,0.6177145838737488,0
2828,2057,0.7794263362884521,0
2828,1247,0.537432849407196,0
2828,863,0.9696276187896729,0
2828,1576,0.48219582438468933,0
2828,488,0.6706653237342834,0
2828,1279,0.6800292730331421,0
2828,1523,0.6163378357887268,0
2828,1596,0.7348753213882446,0
2828,1878,0.7467085719108582,0
2828,1557,0.6979898810386658,0
2828,1495,0.7152257561683655,0
2828,639,0.8639909029006958,0
2828,1587,0.6292762160301208,0
2828,140,0.6846076250076294,0
2828,313,0.582968533039093,0
2828,1465,0.6731318831443787,0
1054,570,0.658064603805542,1
1054,1878,0.7612799406051636,0
1054,1207,0.6543009281158447,0
1054,1735,0.6361162662506104,0
1054,1479,0.6086605787277222,0
1054,2046,0.6526931524276733,0
1054,1436,0.6140369772911072,0
1054,614,0.6320223212242126,0
1054,1709,0.6159186363220215,0
1054,536,0.60797119140625,0
1054,1055,0.8537980318069458,0
1054,575,0.6293548345565796,0
1054,1739,0.9098551273345947,0
1054,190,0.6815456748008728,0
1054,1720,0.7722803950309753,0
1054,1024,0.6987808346748352,0
1054,1301,0.572436511516571,0
1054,2002,0.6643897891044617,0
1054,655,1.2744131088256836,0
1054,1596,0.6857729554176331,0
2940,1379,1.097739338874817,1
2940,41,0.9332325458526611,0
2940,457,0.6973491907119751,0
2940,1503,0.5573168992996216,0
2940,1829,2.6133203506469727,0
2940,195,0.7225072979927063,0
2940,1277,0.9175655841827393,0
2940,1971,1.3947339057922363,0
2940,1874,0.6784114837646484,0
2940,1362,0.7842461466789246,0
2940,1996,0.7460837960243225,0
2940,1908,0.5714505910873413,0
2940,1598,0.7567539215087891,0
2940,1337,0.7592276334762573,0
2940,1553,0.8082212209701538,0
2940,126,0.7230470776557922,0
2940,1731,0.7372891902923584,0
2940,839,0.7551054954528809,0
2940,640,1.1998735666275024,0
2940,1862,0.8241734504699707,0
2725,684,0.4743175804615021,1
2725,1998,0.4999062716960907,0
2725,1969,0.5088734030723572,0
2725,1273,0.8768252730369568,0
2725,217,0.5673699975013733,0
2725,1882,0.3389284312725067,0
2725,441,0.4889994263648987,0
2725,1508,0.6491888761520386,0
2725,1602,0.6100346446037292,0
2725,707,0.4087187945842743,0
2725,1555,0.5325695872306824,0
2725,779,0.49419060349464417,0
2725,323,0.5789453983306885,0
2725,1203,0.6468337774276733,0
2725,1207,0.5644327998161316,0
2725,1665,0.5632848143577576,0
2725,1742,0.5194648504257202,0
2725,1300,0.5164192914962769,0
2725,1175,0.5812742114067078,0
2725,924,0.714429497718811,0
1618,1635,0.4364297389984131,1
1618,1688,0.5256020426750183,0
1618,731,0.7221032381057739,0
1618,472,0.7326067090034485,0
1618,519,0.6757264137268066,0
1618,1963,0.7931047677993774,0
1618,385,0.703976571559906,0
1618,2031,0.664150595664978,0
1618,1416,0.7562230229377747,0
1618,888,0.7762901782989502,0
1618,964,0.5519274473190308,0
1618,54,0.6378076672554016,0
1618,269,0.7273097038269043,0
1618,1207,0.6712482571601868,0
1618,453,0.6368456482887268,0
1618,2018,0.51551353931427,0
1618,1469,0.6276307106018066,0
1618,730,0.5608826279640198,0
1618,1427,0.6298081874847412,0
1618,86,0.8131770491600037,0
4121,48,0.5719544887542725,1
4121,565,0.8019519448280334,0
4121,491,0.44068729877471924,0
4121,1891,0.7697522640228271,0
4121,571,0.5926879048347473,0
4121,722,0.6267935037612915,0
4121,900,0.6752771139144897,0
4121,1278,1.660146951675415,0
4121,1513,0.8263400197029114,0
4121,492,0.4942176342010498,0
4121,2068,1.0366284847259521,0
4121,193,0.8878774642944336,0
4121,267,0.4583744406700134,0
4121,926,0.6342502236366272,0
4121,2003,0.4813978672027588,0
4121,195,0.572548508644104,0
4121,261,0.6634973287582397,0
4121,141,0.5193941593170166,0
4121,1598,0.6223303079605103,0
4121,423,0.5485016703605652,0
2886,1535,0.8842527866363525,1
2886,110,0.5141403675079346,0
2886,1724,0.7082701325416565,0
2886,2067,0.7059006690979004,0
2886,315,0.7731162309646606,0
2886,768,0.5782400369644165,0
2886,1797,0.9061042666435242,0
2886,1717,0.5719611048698425,0
2886,880,0.7851947546005249,0
2886,1477,0.499488890171051,0
2886,1410,0.5956534147262573,0
2886,508,1.1094344854354858,0
2886,1534,0.448614239692688,0
2886,332,0.6621738076210022,0
2886,1123,0.8893535137176514,0
2886,434,0.600458025932312,0
2886,1364,0.8095238208770752,0
2886,532,0.6785738468170166,0
2886,2018,0.5471125841140747,0
2886,1415,0.6145756244659424,0
1348,849,0.5562602281570435,1
1348,1760,0.8342773914337158,0
1348,680,1.0559055805206299,0
1348,1874,0.5577900409698486,0
1348,1565,0.6923900246620178,0
1348,15,0.5811931490898132,0
1348,135,0.5633800029754639,0
1348,720,0.7202402353286743,0
1348,293,0.6417693495750427,0
1348,427,0.9473320841789246,0
1348,1199,0.559785008430481,0
1348,1669,0.9026951193809509,0
1348,1247,0.4844437539577484,0
1348,9,0.4795619547367096,0
1348,414,0.5453441143035889,0
1348,168,0.7264084815979004,0
1348,234,0.6758481860160828,0
1348,1594,0.6156640648841858,0
1348,1662,0.6073858737945557,0
1348,1684,0.5764741897583008,0
1179,645,0.5754854083061218,1
1179,143,0.5699569582939148,0
1179,136,0.568443775177002,0
1179,814,0.5824816226959229,0
1179,499,0.550045371055603,0
1179,1277,0.6967188119888306,0
1179,821,0.40108880400657654,0
1179,707,0.4178864359855652,0
1179,2025,0.6041163206100464,0
1179,1993,0.4752342402935028,0
1179,1366,0.5555679202079773,0
1179,1392,0.871690034866333,0
1179,167,0.542320728302002,0
1179,1648,0.44878262281417847,0
1179,2014,0.373656690120697,0
1179,1397,0.6496816277503967,0
1179,1813,0.5794933438301086,0
1179,381,0.6284012198448181,0
1179,1180,0.754636287689209,0
1179,862,0.5799465179443359,0
2800,702,1.4331068992614746,1
2800,175,0.6563608646392822,0
2800,1938,0.6643644571304321,0
2800,403,0.7821559906005859,0
2800,1325,0.8280451893806458,0
2800,716,0.7473242282867432,0
2800,731,0.8273568153381348,0
2800,1900,0.6839060187339783,0
2800,1820,0.6802770495414734,0
2800,2045,0.744350016117096,0
2800,1180,0.9708137512207031,0
2800,1773,0.7425142526626587,0
2800,915,0.918494701385498,0
2800,58,0.8621936440467834,0
2800,30,0.5157374143600464,0
2800,604,0.5811513662338257,0
2800,1234,0.6347025632858276,0
2800,1785,0.6517834663391113,0
2800,605,0.7783074378967285,0
2800,669,0.7268253564834595,0
2818,133,0.4862251281738281,1
2818,1842,0.7252321243286133,0
2818,1369,0.6618270874023438,0
2818,1746,0.6083772778511047,0
2818,1953,0.8652299642562866,0
2818,900,0.6657227873802185,0
2818,250,0.5967187285423279,0
2818,72,0.6127157211303711,0
2818,1948,0.741437554359436,0
2818,1801,0.5834510326385498,0
2818,1773,0.6077739000320435,0
2818,848,0.6592401266098022,0
2818,676,0.7559049129486084,0
2818,411,0.46265479922294617,0
2818,851,0.6145214438438416,0
2818,86,0.8201320171356201,0
2818,1263,0.5481211543083191,0
2818,657,0.5714760422706604,0
2818,140,0.6369305849075317,0
2818,1912,0.6195440292358398,0
596,1400,0.9778808355331421,1
596,442,0.44145771861076355,0
596,1707,0.6985218524932861,0
596,861,0.9413765072822571,0
596,994,0.5078098773956299,0
596,41,0.7416313290596008,0
596,1610,0.937021017074585,0
596,1682,0.5758751630783081,0
596,1592,0.600104808807373,0
596,1080,0.5393852591514587,0
596,946,0.7474261522293091,0
596,110,0.45932936668395996,0
596,654,0.9233051538467407,0
596,810,0.5680297017097473,0
596,1659,0.633266806602478,0
596,1914,0.7670019865036011,0
596,1213,0.5017479062080383,0
596,502,0.5597436428070068,0
596,1921,0.4413565993309021,0
596,982,0.4932805299758911,0
2521,1001,0.6211130619049072,1
2521,372,0.6150693297386169,0
2521,1323,1.55195951461792,0
2521,2055,0.5819848775863647,0
2521,208,1.0218799114227295,0
2521,1876,2.0528454780578613,0
2521,1333,0.8674798011779785,0
2521,1305,0.6181614398956299,0
2521,234,0.816412091255188,0
2521,2034,0.8275320529937744,0
2521,336,0.5597421526908875,0
2521,1575,0.6886143684387207,0
2521,447,0.940226674079895,0
2521,641,0.7374394536018372,0
2521,497,0.7066798806190491,0
2521,1392,1.0553709268569946,0
2521,1158,0.6261085271835327,0
2521,145,0.8160431385040283,0
2521,783,0.7130051255226135,0
2521,1678,0.7132716178894043,0
1080,1466,0.6593636870384216,1
1080,1691,0.6896016597747803,0
1080,296,0.5070391297340393,0
1080,900,0.7006545066833496,0
1080,982,0.4705924391746521,0
1080,1717,0.5379853844642639,0
1080,406,0.7450003623962402,0
1080,1299,0.5933219194412231,0
1080,274,0.6762441396713257,0
1080,1356,0.7036687135696411,0
1080,1163,0.7321308851242065,0
1080,343,0.5670511722564697,0
1080,1000,0.8113585710525513,0
1080,1018,0.4742357134819031,0
1080,1347,0.9800062775611877,0
1080,1254,0.6312219500541687,0
1080,889,0.6393235921859741,0
1080,1465,0.6204208135604858,0
1080,746,0.568416178226471,0
1080,1064,0.6724967360496521,0
982,959,0.8966230154037476,1
982,1887,0.6889784932136536,0
982,130,0.7003397345542908,0
982,161,0.5322778224945068,0
982,155,0.5876747369766235,0
982,1155,0.6364206075668335,0
982,2017,0.7268107533454895,0
982,343,0.6147302389144897,0
982,128,0.5763764381408691,0
982,1748,0.6082727909088135,0
982,217,0.6974798440933228,0
982,1232,1.0387665033340454,0
982,2025,0.7229201197624207,0
982,1511,0.6796157956123352,0
982,831,1.1087669134140015,0
982,1501,0.6874393224716187,0
982,402,0.6644454598426819,0
982,1031,0.544842004776001,0
982,1423,1.350398302078247,0
982,1620,2.014435291290283,0
3019,842,0.5397775173187256,1
3019,265,0.6302940845489502,0
3019,325,0.8910253047943115,0
3019,1047,0.5315937995910645,0
3019,1455,0.626634418964386,0
3019,1234,0.5773171782493591,0
3019,1289,0.5867146253585815,0
3019,415,0.5866841077804565,0
3019,267,0.5098966360092163,0
3019,911,0.6063631772994995,0
3019,1000,0.8157271146774292,0
3019,895,0.6740169525146484,0
3019,756,0.8617383241653442,0
3019,1237,0.567237913608551,0
3019,868,0.6456025838851929,0
3019,1231,0.9120674133300781,0
3019,1885,0.6562546491622925,0
3019,1071,0.6664869785308838,0
3019,603,0.5576524138450623,0
3019,1628,0.5713676810264587,0
3641,1803,0.5749990344047546,1
3641,410,0.8667590022087097,0
3641,104,1.2124477624893188,0
3641,1874,0.6303275227546692,0
3641,1881,0.9396942853927612,0
3641,779,0.6285914182662964,0
3641,784,0.798363447189331,0
3641,1818,1.0322871208190918,0
3641,136,0.7039099931716919,0
3641,2079,0.6398074626922607,0
3641,1155,0.6427762508392334,0
3641,743,0.8659789562225342,0
3641,1541,0.7310208082199097,0
3641,1560,0.5655804872512817,0
3641,583,0.6965608596801758,0
3641,786,0.6209015846252441,0
3641,1410,0.6530462503433228,0
3641,1092,0.9022026062011719,0
3641,90,0.7529321908950806,0
3641,389,0.7460448145866394,0
955,905,0.4706577956676483,1
955,796,0.5976667404174805,0
955,216,0.5569859743118286,0
955,1830,0.559184193611145,0
955,613,0.8453981876373291,0
955,1749,0.5278292894363403,0
955,404,0.5606905221939087,0
955,1343,0.5546424388885498,0
955,2003,0.43478143215179443,0
955,1771,0.5920372009277344,0
955,266,0.5201911926269531,0
955,883,0.779582142829895,0
955,344,0.5323689579963684,0
955,733,0.7080109119415283,0
955,94,0.6470769643783569,0
955,1103,0.5073919892311096,0
955,708,0.5663579106330872,0
955,1383,0.5050913095474243,0
955,1268,0.7850167155265808,0
955,1333,0.6693334579467773,0
551,1568,0.6441768407821655,1
551,1048,1.0778543949127197,0
551,1915,0.8284321427345276,0
551,1530,0.6559897661209106,0
551,727,0.522193968296051,0
551,2027,0.8554149270057678,0
551,103,1.5262360572814941,0
551,1564,1.2484318017959595,0
551,1047,0.545914888381958,0
551,1218,1.6912641525268555,0
551,1977,0.7388070821762085,0
551,254,0.8445358276367188,0
551,1245,0.9925714731216431,0
551,1574,0.6629552841186523,0
551,368,0.6915983557701111,0
551,1956,0.7267237305641174,0
551,1580,0.8126079440116882,0
551,159,1.3058427572250366,0
551,77,0.5652585029602051,0
551,1652,0.7355384826660156,0
1088,1907,0.7882041931152344,1
1088,108,0.6238846778869629,0
1088,638,0.641950786113739,0
1088,1633,0.7111260890960693,0
1088,64,0.6062335968017578,0
1088,1776,0.6137665510177612,0
1088,1819,0.7179356217384338,0
1088,844,0.588826596736908,0
1088,14,0.7589616775512695,0
1088,1072,0.6803063154220581,0
1088,1067,0.881184458732605,0
1088,87,0.5641260743141174,0
1088,678,0.7776015400886536,0
1088,417,1.0234979391098022,0
1088,653,0.5419555902481079,0
1088,1862,0.7447004318237305,0
1088,2038,1.3143162727355957,0
1088,1232,1.0251433849334717,0
1088,574,0.643481433391571,0
1088,810,0.6533128023147583,0
20,1549,1.0241291522979736,1
20,1131,0.6507555842399597,0
20,896,0.7598459720611572,0
20,1672,0.5477733016014099,0
20,731,0.8217488527297974,0
20,1401,0.6838524341583252,0
20,2052,0.7249792814254761,0
20,333,0.7972874641418457,0
20,1284,0.7507688999176025,0
20,997,0.7089254856109619,0
20,77,0.60621178150177,0
20,1920,0.688911497592926,0
20,1347,1.0656650066375732,0
20,1204,0.5596924424171448,0
20,122,1.2671326398849487,0
20,1126,0.734542727470398,0
20,37,0.6114914417266846,0
20,2078,0.7413014769554138,0
20,845,1.3292393684387207,0
20,1017,0.7367945909500122,0
1169,1224,1.1919653415679932,1
1169,115,0.5998762249946594,0
1169,1653,0.6493545770645142,0
1169,1480,0.6535412073135376,0
1169,1196,0.603515625,0
1169,1589,1.1801836490631104,0
1169,1082,1.1037362813949585,0
1169,1243,0.4959613084793091,0
1169,1483,0.6052848100662231,0
1169,1328,0.6844825744628906,0
1169,1392,1.0130088329315186,0
1169,902,0.4671891927719116,0
1169,1907,0.7898801565170288,0
1169,612,0.5283846855163574,0
1169,326,0.5187405347824097,0
1169,1307,0.7455377578735352,0
1169,766,0.45182090997695923,0
1169,886,0.5893365740776062,0
1169,1720,0.7798311710357666,0
1169,477,0.6478750109672546,0
3557,1359,0.9878698587417603,1
3557,337,0.894591212272644,0
3557,109,0.49364250898361206,0
3557,1357,0.5576874613761902,0
3557,1432,0.5807597041130066,0
3557,1330,0.48422908782958984,0
3557,1103,0.6238963603973389,0
3557,139,1.1390302181243896,0
3557,1295,0.8015745282173157,0
3557,1870,0.6322126388549805,0
3557,1786,0.6230655312538147,0
3557,399,0.7986314296722412,0
3557,2018,0.5589239597320557,0
3557,640,1.0320311784744263,0
3557,383,0.5740013122558594,0
3557,1202,0.8200361728668213,0
3557,1856,0.70204758644104,0
3557,1753,0.5864125490188599,0
3557,350,0.735864520072937,0
3557,1510,0.6162094473838806,0
2046,1694,1.14412260055542,1
2046,1880,0.6470498442649841,0
2046,287,0.8873142004013062,0
2046,1497,0.6133996844291687,0
2046,418,0.6625206470489502,0
2046,1287,0.7170839309692383,0
2046,608,0.5946524143218994,0
2046,702,1.22352933883667,0
2046,1882,0.40714871883392334,0
2046,1374,0.48609575629234314,0
2046,1931,0.6486650705337524,0
2046,571,0.6355047225952148,0
2046,153,0.9853619337081909,0
2046,1921,0.4647933840751648,0
2046,686,0.6013991236686707,0
2046,1725,0.8793239593505859,0
2046,1345,0.5634981393814087,0
2046,520,0.563141942024231,0
2046,2023,0.6760308742523193,0
2046,743,0.8273476362228394,0
3478,950,0.5626844763755798,1
3478,162,0.5464967489242554,0
3478,1984,0.6940649747848511,0
3478,669,0.6297069787979126,0
3478,647,0.709039568901062,0
3478,1057,0.520596981048584,0
3478,1144,0.5783728361129761,0
3478,1757,1.4666359424591064,0
3478,1775,0.5213820338249207,0
3478,1391,0.6126420497894287,0
3478,689,0.8772604465484619,0
3478,1116,0.5735304951667786,0
3478,455,0.9963974356651306,0
3478,549,0.5790751576423645,0
3478,2074,0.5114057064056396,0
3478,44,0.6586995124816895,0
3478,709,0.66941237449646,0
3478,375,0.8727258443832397,0
3478,2009,0.6477360129356384,0
3478,1701,0.4610162079334259,0
4151,214,0.5969549417495728,1
4151,1900,0.6486772894859314,0
4151,206,0.7169060111045837,0
4151,864,0.655849039554596,0
4151,1592,0.7521440386772156,0
4151,102,0.7632931470870972,0
4151,4,0.6711639165878296,0
4151,1357,0.5593361854553223,0
4151,168,0.8764898777008057,0
4151,1041,0.9293516874313354,0
4151,1868,0.9461312890052795,0
4151,865,0.6822041273117065,0
4151,2080,0.6737585067749023,0
4151,1558,0.43320339918136597,0
4151,1602,0.829826295375824,0
4151,304,0.6055698394775391,0
4151,1608,0.883520245552063,0
4151,2031,0.7729547023773193,0
4151,870,0.6441698670387268,0
4151,685,0.7868868112564087,0
1546,355,0.5040831565856934,1
1546,867,0.6486918926239014,0
1546,1767,0.44311609864234924,0
1546,1001,0.5233606100082397,0
1546,723,0.47570568323135376,0
1546,83,0.6460456848144531,0
1546,738,0.5889716744422913,0
1546,2001,0.5421234369277954,0
1546,1544,0.6415680646896362,0
1546,1983,0.8027646541595459,0
1546,156,0.6426315903663635,0
1546,1004,0.6319745182991028,0
1546,1656,0.4191852807998657,0
1546,783,0.6186649799346924,0
1546,112,0.8444942235946655,0
1546,1075,0.4072681665420532,0
1546,1717,0.5287042856216431,0
1546,1474,0.727001965045929,0
1546,1730,0.8450732827186584,0
1546,830,0.6374431848526001,0
2867,161,0.585029125213623,1
2867,1864,0.7022771239280701,0
2867,75,0.494076669216156,0
2867,1840,0.541521430015564,0
2867,416,0.7522953748703003,0
2867,292,0.5704027414321899,0
2867,1813,0.7197738885879517,0
2867,652,0.7600128650665283,0
2867,901,0.6477391123771667,0
2867,694,0.5287588238716125,0
2867,724,0.883457601070404,0
2867,749,0.7946727275848389,0
2867,816,0.8694360852241516,0
2867,1420,0.727217972278595,0
2867,1118,0.5274003744125366,0
2867,769,0.6496607065200806,0
2867,220,0.6939895153045654,0
2867,912,0.6771283149719238,0
2867,699,1.345474362373352,0
2867,995,1.2345998287200928,0
3611,772,0.6735467910766602,1
3611,907,0.7531905174255371,0
3611,328,0.9175678491592407,0
3611,274,0.6825585961341858,0
3611,854,0.5220769047737122,0
3611,862,0.6679063439369202,0
3611,61,0.640288770198822,0
3611,383,0.5619460344314575,0
3611,1366,0.6393239498138428,0
3611,1105,0.5661190152168274,0
3611,1505,0.46645981073379517,0
3611,587,0.5101396441459656,0
3611,1240,0.7321000099182129,0
3611,1688,0.5665917992591858,0
3611,1187,0.6114247441291809,0
3611,706,0.6271880269050598,0
3611,922,0.6965296268463135,0
3611,1518,0.9406967163085938,0
3611,1216,0.6746838092803955,0
3611,743,0.8127946853637695,0
2240,1540,0.5764555931091309,1
2240,170,0.7440333366394043,0
2240,621,1.027142882347107,0
2240,2051,1.1083321571350098,0
2240,231,1.1157152652740479,0
2240,1988,0.5059640407562256,0
2240,1599,0.5044122934341431,0
2240,1842,0.8274690508842468,0
2240,1090,0.7333043217658997,0
2240,404,0.7133657336235046,0
2240,796,0.7315616607666016,0
2240,1483,0.6585397124290466,0
2240,393,0.8001734614372253,0
2240,789,1.3119224309921265,0
2240,2004,0.79339599609375,0
2240,148,0.9708846807479858,0
2240,1825,0.8770657181739807,0
2240,1007,0.6698859333992004,0
2240,2031,0.7476464509963989,0
2240,1344,0.7667860388755798,0
3803,343,0.5981103777885437,1
3803,851,0.6303842067718506,0
3803,2038,1.1742063760757446,0
3803,842,0.5288617610931396,0
3803,1767,0.45844316482543945,0
3803,1929,0.5767755508422852,0
3803,1629,0.4964817464351654,0
3803,940,0.5988830924034119,0
3803,1386,0.6996129751205444,0
3803,1026,0.6422551870346069,0
3803,260,0.5149011611938477,0
3803,29,0.5538152456283569,0
3803,479,0.6257962584495544,0
3803,263,0.5808491110801697,0
3803,1402,0.7209372520446777,0
3803,1548,0.8923882246017456,0
3803,930,0.8784891366958618,0
3803,374,0.5919885039329529,0
3803,1310,0.775565505027771,0
3803,577,0.536537766456604,0
1670,1904,0.9427139759063721,1
1670,1986,2.117920160293579,0
1670,815,0.7196633815765381,0
1670,246,0.6416183710098267,0
1670,1932,1.9909873008728027,0
1670,1301,0.612331748008728,0
1670,530,0.9173495769500732,0
1670,2008,0.9003710746765137,0
1670,1847,0.7731000185012817,0
1670,1839,0.6871256828308105,0
1670,695,0.7821575403213501,0
1670,1050,0.9065591096878052,0
1670,164,0.6899643540382385,0
1670,217,0.6854619979858398,0
1670,395,0.8949254751205444,0
1670,1478,0.6836313605308533,0
1670,1639,0.6217683553695679,0
1670,1816,0.514838457107544,0
1670,166,0.4987304210662842,0
1670,1963,0.8694561719894409,0
3766,6,0.5401709079742432,1
3766,357,0.6385185718536377,0
3766,768,0.5730323791503906,0
3766,1308,0.5087801218032837,0
3766,1910,0.5472903251647949,0
3766,1682,0.6024935245513916,0
3766,1117,0.5673012137413025,0
3766,1136,0.7711878418922424,0
3766,450,0.41510286927223206,0
3766,1040,0.5782329440116882,0
3766,1019,0.8982113599777222,0
3766,232,0.5448155403137207,0
3766,806,0.5651349425315857,0
3766,1092,0.8715145587921143,0
3766,1004,0.6492714285850525,0
3766,1658,1.8770885467529297,0
3766,1190,0.6583483219146729,0
3766,1542,0.6587220430374146,0
3766,1714,0.7710312008857727,0
3766,828,0.5967985391616821,0
2689,1613,0.5169826745986938,1
2689,283,0.6318766474723816,0
2689,1667,0.7407823204994202,0
2689,2009,0.6233612298965454,0
2689,960,0.9388255476951599,0
2689,1431,0.5858975648880005,0
2689,1874,0.5394282341003418,0
2689,549,0.5530503988265991,0
2689,1625,0.4800000488758087,0
2689,326,0.5154650807380676,0
2689,927,0.5425140857696533,0
2689,372,0.49925747513771057,0
2689,393,0.6684281826019287,0
2689,21,0.4361836314201355,0
2689,1412,0.5006340146064758,0
2689,521,0.4168373942375183,0
2689,1885,0.6119189262390137,0
2689,494,0.6100490689277649,0
2689,1743,0.6374070048332214,0
2689,1981,0.6782766580581665,0
1302,743,0.9152681827545166,1
1302,408,0.7537093162536621,0
1302,573,0.7329884767532349,0
1302,628,1.2050187587738037,0
1302,605,0.7240540385246277,0
1302,1173,0.9742220044136047,0
1302,1343,0.6843481063842773,0
1302,341,0.49167904257774353,0
1302,1147,0.9427989721298218,0
1302,478,0.7144412398338318,0
1302,1505,0.4459550678730011,0
1302,2053,0.6642872095108032,0
1302,275,0.5432829260826111,0
1302,1509,0.909911572933197,0
1302,1200,0.6878408193588257,0
1302,1089,0.6695395112037659,0
1302,111,0.6110581755638123,0
1302,15,0.6976609230041504,0
1302,1213,0.5684151649475098,0
1302,448,0.6861300468444824,0
3511,380,0.6586815118789673,1
3511,1775,0.577041506767273,0
3511,1174,0.6138175129890442,0
3511,948,1.0842784643173218,0
3511,1151,0.6896278858184814,0
3511,1588,0.6093669533729553,0
3511,902,0.5286352634429932,0
3511,140,0.7452613115310669,0
3511,1612,0.7067738175392151,0
3511,1726,0.5997946262359619,0
3511,1974,0.6616007685661316,0
3511,1227,0.7120978832244873,0
3511,1047,0.5798748731613159,0
3511,997,0.6726951599121094,0
3511,970,0.6956897974014282,0
3511,1614,0.679783284664154,0
3511,998,0.729503870010376,0
3511,717,0.951185405254364,0
3511,1292,0.672652542591095,0
3511,1239,0.686305582523346,0
3907,1603,0.6058785915374756,1
3907,1112,0.7484710216522217,0
3907,1031,0.546422004699707,0
3907,713,0.6214008331298828,0
3907,1464,0.611387312412262,0
3907,1720,0.7815603613853455,0
3907,406,0.7964953780174255,0
3907,1823,0.893805742263794,0
3907,481,0.6423660516738892,0
3907,1580,0.7375604510307312,0
3907,508,1.1742596626281738,0
3907,93,0.6909715533256531,0
3907,1574,0.6127914786338806,0
3907,729,0.5091250538825989,0
3907,867,0.7013407945632935,0
3907,1157,0.9931363463401794,0
3907,1517,0.8044726848602295,0
3907,1549,0.9490089416503906,0
3907,644,0.5775809288024902,0
3907,1248,0.783564567565918,0
1425,823,0.9874337911605835,1
1425,103,1.329850196838379,0
1425,1543,0.649208664894104,0
1425,1044,0.471987783908844,0
1425,555,0.5232815146446228,0
1425,629,0.4383823871612549,0
1425,1324,0.43625038862228394,0
1425,212,0.9277494549751282,0
1425,585,0.630549430847168,0
1425,113,0.6466661691665649,0
1425,958,1.0870389938354492,0
1425,482,0.9717369079589844,0
1425,1608,0.826292872428894,0
1425,1725,0.9009133577346802,0
1425,378,0.4443133473396301,0
1425,1616,0.6544716358184814,0
1425,1926,0.5701481699943542,0
1425,451,0.8212029933929443,0
1425,1280,0.6239848136901855,0
1425,970,0.6691492795944214,0
50,224,1.3257431983947754,1
50,1110,0.6894999742507935,0
50,1474,0.723038911819458,0
50,1313,0.9684342741966248,0
50,1867,0.9825698137283325,0
50,1971,1.080273151397705,0
50,665,0.5142074823379517,0
50,1840,0.47131311893463135,0
50,1365,0.8134096264839172,0
50,1452,0.4798232316970825,0
50,1910,0.5098211169242859,0
50,66,0.670836329460144,0
50,970,0.6190387606620789,0
50,369,1.1318676471710205,0
50,832,0.5377746820449829,0
50,1885,0.63383948802948,0
50,1921,0.4392005503177643,0
50,818,0.6869659423828125,0
50,1550,0.6358964443206787,0
50,962,1.1172935962677002,0
2095,1832,1.1437413692474365,1
2095,455,1.0772464275360107,0
2095,679,0.6130027770996094,0
2095,2012,0.7069100737571716,0
2095,1359,0.9932262897491455,0
2095,1506,0.5675911903381348,0
2095,1788,0.6158984303474426,0
2095,597,0.6153333187103271,0
2095,1428,0.8299556970596313,0
2095,982,0.5582130551338196,0
2095,1255,0.9972236156463623,0
2095,1366,0.6542670130729675,0
2095,1798,0.7682309150695801,0
2095,252,0.6117522716522217,0
2095,146,0.8815088272094727,0
2095,1696,0.6837723255157471,0
2095,2059,0.46955442428588867,0
2095,1321,0.6475814580917358,0
2095,334,0.7200466990470886,0
2095,624,1.5351674556732178,0
615,1168,0.9197146892547607,1
615,80,0.9213312864303589,0
615,1700,0.6923423409461975,0
615,889,0.6725764274597168,0
615,129,0.6119339466094971,0
615,1003,0.5152249336242676,0
615,1114,0.9167377948760986,0
615,1570,0.5635756254196167,0
615,17,0.7027986645698547,0
615,1718,0.7399907112121582,0
615,910,0.7293964624404907,0
615,1805,0.8021048903465271,0
615,1797,1.006339430809021,0
615,208,1.0874824523925781,0
615,1621,0.5246380567550659,0
615,257,0.92307448387146,0
615,40,1.3072080612182617,0
615,789,1.3444322347640991,0
615,1256,0.5228537321090698,0
615,64,0.6043998003005981,0
985,1315,0.5333927869796753,1
985,1759,0.7321789264678955,0
985,585,0.6877020001411438,0
985,1798,0.7996737957000732,0
985,1211,0.771132230758667,0
985,742,0.620437741279602,0
985,1691,0.7371236085891724,0
985,1448,0.6090108752250671,0
985,1748,0.6364024877548218,0
985,216,0.6964054107666016,0
985,752,0.6585758924484253,0
985,997,0.6992546319961548,0
985,956,0.978118360042572,0
985,364,0.734624445438385,0
985,40,1.1981480121612549,0
985,1132,0.8304777145385742,0
985,603,0.6243321895599365,0
985,1221,0.7019357085227966,0
985,1114,0.9089360237121582,0
985,506,0.7949532866477966,0
1673,297,1.050511360168457,1
1673,1424,0.6749376654624939,0
1673,1995,1.174640417098999,0
1673,1731,0.6443227529525757,0
1673,307,0.752226710319519,0
1673,1240,0.7111997604370117,0
1673,1235,0.6460280418395996,0
1673,1762,1.2631827592849731,0
1673,1220,0.7964255809783936,0
1673,43,0.4827391803264618,0
1673,675,0.5990666151046753,0
1673,502,0.6184359788894653,0
1673,1836,0.8072185516357422,0
1673,1423,1.2758699655532837,0
1673,63,0.6603953242301941,0
1673,1794,0.5747756958007812,0
1673,944,0.720199465751648,0
1673,1952,1.4753313064575195,0
1673,1436,0.631165087223053,0
1673,2064,0.6084578037261963,0
1802,1012,0.5070663094520569,1
1802,1782,0.4943639636039734,0
1802,790,0.7463671565055847,0
1802,606,0.619504451751709,0
1802,166,0.40974557399749756,0
1802,402,0.5396372079849243,0
1802,1051,0.5391038060188293,0
1802,193,0.8825846910476685,0
1802,6,0.4506274163722992,0
1802,1342,0.5054619312286377,0
1802,704,0.6017692685127258,0
1802,523,0.7689694166183472,0
1802,461,0.7370464205741882,0
1802,413,0.5358337759971619,0
1802,1003,0.4335103929042816,0
1802,1776,0.5187726616859436,0
1802,1408,0.594199538230896,0
1802,277,0.5973559617996216,0
1802,722,0.5807801485061646,0
1802,1699,0.49902018904685974,0
607,1721,0.764762282371521,1
607,1533,0.5337867736816406,0
607,1218,1.276484489440918,0
607,1079,0.5938457250595093,0
607,1530,0.5552326440811157,0
607,1775,0.4743806719779968,0
607,115,0.54913729429245,0
607,662,0.7074127793312073,0
607,409,0.573601245880127,0
607,42,0.513485848903656,0
607,214,0.449605256319046,0
607,1803,0.47605499625205994,0
607,1556,0.5603510737419128,0
607,599,0.5271295309066772,0
607,1220,0.7235081195831299,0
607,446,0.49858057498931885,0
607,223,0.6006307601928711,0
607,52,0.5887343883514404,0
607,936,0.7294057607650757,0
607,1225,0.44687381386756897,0
2331,447,0.7681971788406372,1
2331,109,0.4417177438735962,0
2331,996,0.8025720715522766,0
2331,1925,0.5606762170791626,0
2331,434,0.5600247383117676,0
2331,1265,0.6182317733764648,0
2331,1566,0.5739728212356567,0
2331,978,0.8877047896385193,0
2331,1108,0.5943723917007446,0
2331,1929,0.5700710415840149,0
2331,682,0.607923150062561,0
2331,180,0.6187118291854858,0
2331,665,0.4938165247440338,0
2331,1178,0.8782516717910767,0
2331,169,0.44579970836639404,0
2331,532,0.6292528510093689,0
2331,1271,0.6275318264961243,0
2331,2006,0.604407787322998,0
2331,803,0.9422146081924438,0
2331,441,0.5385283827781677,0
59,995,1.3220442533493042,1
59,1909,0.7242224812507629,0
59,1766,0.7145648002624512,0
59,171,0.9910587072372437,0
59,632,0.5997693538665771,0
59,818,0.8070992231369019,0
59,44,0.7506563663482666,0
59,647,0.8137954473495483,0
59,1442,0.6535266637802124,0
59,1502,0.5106055736541748,0
59,1412,0.5778403282165527,0
59,1130,0.6936869621276855,0
59,1998,0.6592664122581482,0
59,1214,1.2266831398010254,0
59,1608,0.8828074932098389,0
59,832,0.5890676379203796,0
59,55,1.0277737379074097,0
59,1928,0.9388672113418579,0
59,1525,1.2035943269729614,0
59,515,0.5117945671081543,0
2308,1322,0.7566220164299011,1
2308,4,0.6058315634727478,0
2308,1493,0.7716072201728821,0
2308,1213,0.5102498531341553,0
2308,1383,0.546495258808136,0
2308,1513,0.8955494165420532,0
2308,1673,0.684890866279602,0
2308,1059,0.45519915223121643,0
2308,356,0.46557119488716125,0
2308,531,0.48164528608322144,0
2308,942,0.7696614861488342,0
2308,950,0.5401769280433655,0
2308,723,0.4767484962940216,0
2308,448,0.6150360107421875,0
2308,1929,0.5777266025543213,0
2308,840,0.5570006370544434,0
2308,281,0.5292844176292419,0
2308,2,0.4695546329021454,0
2308,555,0.5223435163497925,0
2308,1951,0.7574809193611145,0
2514,986,0.8787194490432739,1
2514,1691,0.6684979200363159,0
2514,1673,0.6868495941162109,0
2514,902,0.4906069040298462,0
2514,1245,0.8523944020271301,0
2514,278,0.5531284809112549,0
2514,2011,0.6523077487945557,0
2514,858,0.6537147164344788,0
2514,176,1.0715436935424805,0
2514,1055,0.8231635093688965,0
2514,247,0.48813706636428833,0
2514,81,0.6738311052322388,0
2514,983,1.0056681632995605,0
2514,600,1.2091690301895142,0
2514,1785,0.5632449984550476,0
2514,1568,0.6069600582122803,0
2514,2065,0.5805888175964355,0
2514,1392,0.9450002908706665,0
2514,1404,0.580142080783844,0
2514,119,0.4810827374458313,0
1977,426,1.333685278892517,1
1977,562,0.7360588312149048,0
1977,799,0.756260871887207,0
1977,347,0.4838055372238159,0
1977,209,0.48433518409729004,0
1977,146,0.9664247035980225,0
1977,815,0.7887961268424988,0
1977,1857,0.6909236311912537,0
1977,1525,1.2068837881088257,0
1977,511,1.4031286239624023,0
1977,1015,0.7274595499038696,0
1977,387,0.553851842880249,0
1977,355,0.5771600008010864,0
1977,429,0.6085360050201416,0
1977,958,1.1645641326904297,0
1977,397,0.6946080923080444,0
1977,1388,0.934237003326416,0
1977,1197,0.8021777868270874,0
1977,445,0.6023120880126953,0
1977,670,0.7407544851303101,0
1562,1723,1.3626600503921509,1
1562,316,0.7991774082183838,0
1562,84,0.6839929223060608,0
1562,724,0.7978150248527527,0
1562,1363,0.5885518789291382,0
1562,1963,0.8375274538993835,0
1562,726,0.6908926367759705,0
1562,920,0.6129705309867859,0
1562,1671,1.4206571578979492,0
1562,981,0.6709271669387817,0
1562,1646,0.6174647808074951,0
1562,959,0.8632103800773621,0
1562,1216,0.6578222513198853,0
1562,1028,0.6773298382759094,0
1562,188,0.7897286415100098,0
1562,1166,0.603681206703186,0
1562,1625,0.5072159767150879,0
1562,1788,0.5796343684196472,0
1562,1022,0.6101520657539368,0
1562,1554,0.5481099486351013,0
