movie_local,target_local,score,label
2852,2852,0.34537413716316223,1
2852,2029,0.4092232584953308,0
2852,1446,0.35689640045166016,0
2852,3210,0.35880693793296814,0
2852,101,0.351020485162735,0
2852,203,0.36448296904563904,0
2852,2819,0.38915443420410156,0
2852,3127,0.3678245544433594,0
2852,1279,0.3458857238292694,0
2852,4166,0.37532946467399597,0
2852,3305,0.36297309398651123,0
2852,3765,0.36970055103302,0
2852,2949,0.37700188159942627,0
2852,2316,0.34700101613998413,0
2852,567,0.39975738525390625,0
2852,771,0.3998942971229553,0
2852,2569,0.37125539779663086,0
2852,749,0.4026336371898651,0
2852,2258,0.41066116094589233,0
2852,1090,0.4512041211128235,0
1674,1674,0.3961940407752991,1
1674,2725,0.35716521739959717,0
1674,2403,0.3474850058555603,0
1674,2539,0.43957284092903137,0
1674,1746,0.3811500072479248,0
1674,956,0.4328025281429291,0
1674,3225,0.34658336639404297,0
1674,1256,0.3535885214805603,0
1674,3514,0.40086445212364197,0
1674,2097,0.3372948467731476,0
1674,823,0.3581569194793701,0
1674,3242,0.33167845010757446,0
1674,2206,0.3694624602794647,0
1674,3931,0.34663525223731995,0
1674,3715,0.3490135371685028,0
1674,2891,0.3928559422492981,0
1674,2511,0.3903553783893585,0
1674,3605,0.3526080548763275,0
1674,62,0.37839967012405396,0
1674,2581,0.3995763957500458,0
2613,2613,0.36733269691467285,1
2613,2695,0.4044259786605835,0
2613,691,0.4464055299758911,0
2613,3134,0.41072607040405273,0
2613,2679,0.42977815866470337,0
2613,2846,0.3817649781703949,0
2613,960,0.40455105900764465,0
2613,3971,0.39173656702041626,0
2613,24,0.4013766348361969,0
2613,2896,0.38404011726379395,0
2613,164,0.433545857667923,0
2613,1460,0.42822057008743286,0
2613,2567,0.5935105681419373,0
2613,2765,0.39573800563812256,0
2613,267,0.38834822177886963,0
2613,806,0.4138434827327728,0
2613,1075,0.40951699018478394,0
2613,3933,0.42260509729385376,0
2613,2509,0.38385459780693054,0
2613,2342,0.37948182225227356,0
2715,2715,0.3919689953327179,1
2715,1759,0.40747830271720886,0
2715,3669,0.4024161994457245,0
2715,1788,0.4141583740711212,0
2715,278,0.4524119794368744,0
2715,683,0.43310976028442383,0
2715,1325,0.40535709261894226,0
2715,1870,0.43727821111679077,0
2715,1229,0.5196946263313293,0
2715,2642,0.42566850781440735,0
2715,979,0.40614053606987,0
2715,3103,0.4096580445766449,0
2715,2665,0.39945223927497864,0
2715,3307,0.4161445200443268,0
2715,864,0.41390085220336914,0
2715,3989,0.39976614713668823,0
2715,1609,0.4206862151622772,0
2715,2564,0.45329779386520386,0
2715,1416,0.4520629048347473,0
2715,1429,0.3945275843143463,0
2019,2019,0.39880815148353577,1
2019,690,0.44446974992752075,0
2019,1170,0.40202999114990234,0
2019,1150,0.4032894968986511,0
2019,63,0.5072985291481018,0
2019,2822,0.3886306881904602,0
2019,3261,0.41726499795913696,0
2019,4126,0.40949612855911255,0
2019,3935,0.39867183566093445,0
2019,3975,0.3873438239097595,0
2019,3375,0.40971845388412476,0
2019,1231,0.46501052379608154,0
2019,158,0.4568827152252197,0
2019,3954,0.3925122022628784,0
2019,3078,0.4156751036643982,0
2019,2585,0.384352445602417,0
2019,700,0.4405336380004883,0
2019,3186,0.3812400698661804,0
2019,3652,0.4675554931163788,0
2019,3391,0.5671707987785339,0
141,141,0.390024870634079,1
141,3846,0.3523930609226227,0
141,1072,0.3869054913520813,0
141,2298,0.434501051902771,0
141,3936,0.38446658849716187,0
141,505,0.42083418369293213,0
141,148,0.38501787185668945,0
141,3748,0.3931046426296234,0
141,2820,0.3780335783958435,0
141,3295,0.41937124729156494,0
141,185,0.4691592752933502,0
141,1957,0.3949558734893799,0
141,3351,0.3850909471511841,0
141,2489,0.4254777431488037,0
141,3799,0.3804582953453064,0
141,3823,0.4252931475639343,0
141,3325,0.36265313625335693,0
141,2080,0.41018494963645935,0
141,4123,0.36058369278907776,0
141,13,0.3833250105381012,0
1550,1550,0.4726373553276062,1
1550,1498,0.4263921082019806,0
1550,3665,0.3573209345340729,0
1550,305,0.3970838785171509,0
1550,1748,0.44155481457710266,0
1550,4045,0.3827722370624542,0
1550,3798,0.38532689213752747,0
1550,1816,0.4003782868385315,0
1550,1307,0.5052070021629333,0
1550,3402,0.39904528856277466,0
1550,2745,0.40152817964553833,0
1550,916,0.44407525658607483,0
1550,975,0.3868938982486725,0
1550,1545,0.360274076461792,0
1550,761,0.41214796900749207,0
1550,344,0.45630982518196106,0
1550,3353,0.4535531997680664,0
1550,1925,0.37681764364242554,0
1550,216,0.3414246737957001,0
1550,13,0.4014699459075928,0
621,621,0.35660532116889954,1
621,3015,0.39460381865501404,0
621,2329,0.3613002598285675,0
621,649,0.42053258419036865,0
621,3738,0.3681670129299164,0
621,4106,0.3707239031791687,0
621,697,0.4222809970378876,0
621,2526,0.38261958956718445,0
621,3081,0.34934136271476746,0
621,1688,0.3482235372066498,0
621,2353,0.36278781294822693,0
621,2252,0.38620510697364807,0
621,3240,0.3706897497177124,0
621,339,0.33926141262054443,0
621,2631,0.45970338582992554,0
621,3227,0.37424519658088684,0
621,3430,0.3399108648300171,0
621,314,0.4015599191188812,0
621,2741,0.35799771547317505,0
621,1798,0.36029595136642456,0
1076,1076,0.3592088222503662,1
1076,1401,0.38199254870414734,0
1076,349,0.371681272983551,0
1076,3269,0.3775939643383026,0
1076,1681,0.3931899964809418,0
1076,3279,0.4050803780555725,0
1076,908,0.42410770058631897,0
1076,2439,0.38239237666130066,0
1076,4009,0.3652733266353607,0
1076,2837,0.379060834646225,0
1076,89,0.4087747037410736,0
1076,3029,0.3814973533153534,0
1076,449,0.3854230046272278,0
1076,1988,0.39241915941238403,0
1076,1299,0.3611542284488678,0
1076,3520,0.380695104598999,0
1076,3803,0.37617430090904236,0
1076,3398,0.42315778136253357,0
1076,3604,0.3851510286331177,0
1076,324,0.38418179750442505,0
2045,2045,0.40433380007743835,1
2045,2470,0.3761788308620453,0
2045,1566,0.44945862889289856,0
2045,2845,0.3521004319190979,0
2045,145,0.4086531698703766,0
2045,3173,0.3898769021034241,0
2045,2980,0.3731861710548401,0
2045,512,0.4219035804271698,0
2045,1554,0.358008474111557,0
2045,2605,0.3627784252166748,0
2045,2345,0.336311936378479,0
2045,2552,0.43676990270614624,0
2045,3154,0.38089418411254883,0
2045,3485,0.3765160143375397,0
2045,3190,0.37413981556892395,0
2045,3022,0.4539525806903839,0
2045,1757,0.3577885925769806,0
2045,2971,0.3729718029499054,0
2045,1923,0.37801671028137207,0
2045,3474,0.3578542172908783,0
2494,2494,0.4217308461666107,1
2494,1407,0.38324683904647827,0
2494,3545,0.37926650047302246,0
2494,356,0.4051230847835541,0
2494,518,0.39076536893844604,0
2494,1541,0.4254361093044281,0
2494,3975,0.37343651056289673,0
2494,1359,0.36397966742515564,0
2494,3046,0.40168994665145874,0
2494,2637,0.4220077097415924,0
2494,3766,0.3751145899295807,0
2494,1131,0.38560929894447327,0
2494,1659,0.39049386978149414,0
2494,1583,0.4448273479938507,0
2494,3322,0.380889356136322,0
2494,362,0.4114924371242523,0
2494,3270,0.39200279116630554,0
2494,2116,0.42268967628479004,0
2494,4051,0.4048503637313843,0
2494,116,0.4604775905609131,0
1056,1056,0.3710663914680481,1
1056,1141,0.4034210741519928,0
1056,720,0.3698386251926422,0
1056,297,0.41384637355804443,0
1056,327,0.36037254333496094,0
1056,2133,0.3888210356235504,0
1056,927,0.3845406472682953,0
1056,1449,0.3679793179035187,0
1056,3122,0.37164169549942017,0
1056,2266,0.4016164541244507,0
1056,3151,0.3864583671092987,0
1056,944,0.3765999376773834,0
1056,948,0.3710070848464966,0
1056,1563,0.39389944076538086,0
1056,1615,0.3741210997104645,0
1056,420,0.4307827055454254,0
1056,2363,0.3990355134010315,0
1056,3343,0.41193532943725586,0
1056,1394,0.3870947062969208,0
1056,2166,0.37101101875305176,0
2615,2615,0.37253743410110474,1
2615,770,0.4125078618526459,0
2615,311,0.4015820026397705,0
2615,1657,0.45470044016838074,0
2615,3039,0.39879849553108215,0
2615,169,0.41627368330955505,0
2615,1940,0.4162786304950714,0
2615,2222,0.43115174770355225,0
2615,3414,0.4034310579299927,0
2615,179,0.3698376417160034,0
2615,219,0.4180600941181183,0
2615,4056,0.4036639332771301,0
2615,32,0.38808807730674744,0
2615,1163,0.3913971483707428,0
2615,146,0.48198217153549194,0
2615,919,0.4569660723209381,0
2615,1015,0.39298903942108154,0
2615,478,0.411197304725647,0
2615,2031,0.3961232006549835,0
2615,1771,0.38464874029159546,0
3297,3297,0.3768303692340851,1
3297,345,0.43768545985221863,0
3297,2190,0.3747577369213104,0
3297,325,0.4030507504940033,0
3297,3169,0.36052897572517395,0
3297,2397,0.44395413994789124,0
3297,3697,0.38949066400527954,0
3297,544,0.361426442861557,0
3297,1217,0.4232734143733978,0
3297,698,0.43860331177711487,0
3297,783,0.41186749935150146,0
3297,1525,0.3525891900062561,0
3297,279,0.3870573043823242,0
3297,2866,0.4370722472667694,0
3297,1630,0.3833252191543579,0
3297,969,0.4209667444229126,0
3297,1722,0.41152769327163696,0
3297,2623,0.40300115942955017,0
3297,722,0.3513513505458832,0
3297,3627,0.3967449963092804,0
369,369,0.3715439736843109,1
369,421,0.38245028257369995,0
369,3009,0.38561108708381653,0
369,877,0.3780333399772644,0
369,1581,0.3603052496910095,0
369,485,0.4625268578529358,0
369,691,0.40880951285362244,0
369,84,0.41021138429641724,0
369,3223,0.3705955743789673,0
369,3083,0.3792542815208435,0
369,1735,0.3627178966999054,0
369,1113,0.424032598733902,0
369,650,0.4670482873916626,0
369,2581,0.4195656478404999,0
369,1304,0.37755143642425537,0
369,1461,0.40115678310394287,0
369,2687,0.3771533966064453,0
369,1391,0.38731521368026733,0
369,3841,0.3669734597206116,0
369,3151,0.3890521824359894,0
443,443,0.40655583143234253,1
443,368,0.38720905780792236,0
443,3547,0.3899325728416443,0
443,3920,0.43787989020347595,0
443,2943,0.40209588408470154,0
443,1393,0.4279431700706482,0
443,914,0.3895895183086395,0
443,1760,0.39793381094932556,0
443,3028,0.3946378529071808,0
443,3112,0.479749470949173,0
443,263,0.3916597366333008,0
443,585,0.4275260269641876,0
443,3882,0.3761814534664154,0
443,2369,0.42259645462036133,0
443,2267,0.38746702671051025,0
443,884,0.38906994462013245,0
443,1203,0.4223770797252655,0
443,1356,0.39700794219970703,0
443,3609,0.3916967511177063,0
443,3975,0.37683382630348206,0
1637,1637,0.37945225834846497,1
1637,3159,0.4204633831977844,0
1637,1247,0.3802632987499237,0
1637,1809,0.4108436107635498,0
1637,3442,0.3691462278366089,0
1637,2055,0.3949156105518341,0
1637,1893,0.3772450089454651,0
1637,1572,0.42737606167793274,0
1637,621,0.38743266463279724,0
1637,2054,0.3897925615310669,0
1637,793,0.3694521486759186,0
1637,3596,0.3646979033946991,0
1637,478,0.3998766243457794,0
1637,2925,0.3696349263191223,0
1637,3257,0.4486645460128784,0
1637,2104,0.4280368983745575,0
1637,608,0.4281078577041626,0
1637,1706,0.49960318207740784,0
1637,3200,0.3930550217628479,0
1637,619,0.4670543372631073,0
3840,3840,0.37420517206192017,1
3840,878,0.41212791204452515,0
3840,2582,0.4486311674118042,0
3840,3172,0.3593768775463104,0
3840,3099,0.3953973352909088,0
3840,563,0.413356751203537,0
3840,3986,0.38201794028282166,0
3840,3730,0.3828790485858917,0
3840,428,0.5728840231895447,0
3840,3369,0.4075154662132263,0
3840,518,0.3955284059047699,0
3840,165,0.4766305685043335,0
3840,3544,0.382425993680954,0
3840,3276,0.37778276205062866,0
3840,1262,0.4176134467124939,0
3840,2748,0.35844728350639343,0
3840,187,0.43562838435173035,0
3840,2221,0.3874209225177765,0
3840,2678,0.38617080450057983,0
3840,3977,0.3834715187549591,0
2720,2720,0.4804157018661499,1
2720,3878,0.366894006729126,0
2720,1227,0.4455106854438782,0
2720,3481,0.4060773253440857,0
2720,1693,0.37459084391593933,0
2720,3995,0.38287627696990967,0
2720,488,0.394049733877182,0
2720,2215,0.39010584354400635,0
2720,2866,0.45721614360809326,0
2720,1411,0.42161422967910767,0
2720,2876,0.4347158372402191,0
2720,1442,0.44535472989082336,0
2720,1254,0.3838750123977661,0
2720,200,0.4457642436027527,0
2720,2401,0.4004177451133728,0
2720,2820,0.398792564868927,0
2720,1014,0.437205970287323,0
2720,3993,0.35964468121528625,0
2720,2188,0.5317713022232056,0
2720,1162,0.39594870805740356,0
2776,2776,0.3512609302997589,1
2776,1538,0.5064171552658081,0
2776,1697,0.3889079988002777,0
2776,1230,0.3704453408718109,0
2776,3530,0.3556951880455017,0
2776,748,0.37166929244995117,0
2776,1747,0.4620169401168823,0
2776,2813,0.4165474772453308,0
2776,701,0.4063538908958435,0
2776,3586,0.3797847330570221,0
2776,2182,0.34773704409599304,0
2776,3950,0.3555695414543152,0
2776,1077,0.36963552236557007,0
2776,2191,0.38358965516090393,0
2776,1792,0.42550748586654663,0
2776,1685,0.3521932065486908,0
2776,731,0.39799001812934875,0
2776,2049,0.38992947340011597,0
2776,2540,0.3480693995952606,0
2776,658,0.4457519054412842,0
145,145,0.44628486037254333,1
145,3121,0.400458961725235,0
145,350,0.48303061723709106,0
145,839,0.43344053626060486,0
145,1824,0.4001500904560089,0
145,1613,0.3598899841308594,0
145,1219,0.4158233404159546,0
145,534,0.44054925441741943,0
145,3512,0.3803737461566925,0
145,2955,0.4025263786315918,0
145,1795,0.38596636056900024,0
145,3261,0.4190388321876526,0
145,3809,0.35925036668777466,0
145,3025,0.39770472049713135,0
145,3715,0.37363213300704956,0
145,37,0.4473171830177307,0
145,470,0.4543803334236145,0
145,734,0.4317324161529541,0
145,859,0.36053845286369324,0
145,183,0.3793673515319824,0
999,999,0.37890535593032837,1
999,2182,0.37679511308670044,0
999,2953,0.42308735847473145,0
999,1959,0.4128883481025696,0
999,2225,0.44283899664878845,0
999,3023,0.4508205056190491,0
999,2287,0.39320558309555054,0
999,1572,0.44987544417381287,0
999,499,0.3996003270149231,0
999,424,0.4714885354042053,0
999,3541,0.3616907596588135,0
999,167,0.40194013714790344,0
999,4099,0.38273337483406067,0
999,960,0.41706907749176025,0
999,3994,0.367877334356308,0
999,3778,0.3902081847190857,0
999,3260,0.42035529017448425,0
999,2628,0.4164498746395111,0
999,890,0.41576045751571655,0
999,1556,0.4359719455242157,0
1975,1975,0.4015181064605713,1
1975,659,0.3629700839519501,0
1975,393,0.38384342193603516,0
1975,7,0.37512025237083435,0
1975,1333,0.356976181268692,0
1975,2701,0.39732909202575684,0
1975,581,0.39972278475761414,0
1975,621,0.3742658793926239,0
1975,3289,0.3897438645362854,0
1975,847,0.38582494854927063,0
1975,1297,0.39306795597076416,0
1975,2860,0.3867967426776886,0
1975,1942,0.36615195870399475,0
1975,626,0.40346410870552063,0
1975,2819,0.37689727544784546,0
1975,2792,0.35853347182273865,0
1975,1247,0.3781774938106537,0
1975,122,0.4253861904144287,0
1975,347,0.41979268193244934,0
1975,1102,0.3657827377319336,0
30,30,0.3880787491798401,1
30,240,0.4179774224758148,0
30,2208,0.4064192771911621,0
30,1919,0.37112241983413696,0
30,3353,0.4528425633907318,0
30,291,0.43406981229782104,0
30,1534,0.3917006254196167,0
30,1967,0.42076197266578674,0
30,3048,0.3870092034339905,0
30,1922,0.3787956237792969,0
30,2031,0.39351335167884827,0
30,621,0.38621485233306885,0
30,1054,0.4268829822540283,0
30,3340,0.39518240094184875,0
30,2400,0.38005372881889343,0
30,1193,0.4371474087238312,0
30,3524,0.44976678490638733,0
30,2039,0.3848568797111511,0
30,2369,0.412630170583725,0
30,613,0.35758814215660095,0
144,144,0.37979942560195923,1
144,1790,0.40719255805015564,0
144,2837,0.3839224576950073,0
144,3019,0.4001445770263672,0
144,2441,0.41010910272598267,0
144,987,0.41088247299194336,0
144,3187,0.41532647609710693,0
144,2831,0.3896394968032837,0
144,2492,0.4214838147163391,0
144,3933,0.41864845156669617,0
144,1530,0.4057425260543823,0
144,2022,0.3990173637866974,0
144,4173,0.38939473032951355,0
144,4063,0.37855231761932373,0
144,2784,0.39156055450439453,0
144,4150,0.39954468607902527,0
144,3380,0.4121190011501312,0
144,3671,0.379376620054245,0
144,3323,0.3352358043193817,0
144,1744,0.36415010690689087,0
3119,3119,0.35955530405044556,1
3119,3852,0.3593989908695221,0
3119,594,0.3985438346862793,0
3119,2810,0.48324790596961975,0
3119,2357,0.346940815448761,0
3119,3619,0.3731834888458252,0
3119,2599,0.41371867060661316,0
3119,3967,0.4018579125404358,0
3119,1460,0.3860934376716614,0
3119,1449,0.34905847907066345,0
3119,3412,0.3862650990486145,0
3119,1483,0.34931737184524536,0
3119,1656,0.39969128370285034,0
3119,2965,0.33963748812675476,0
3119,1429,0.3541281819343567,0
3119,2980,0.35824528336524963,0
3119,3300,0.36630484461784363,0
3119,968,0.44640979170799255,0
3119,4048,0.4029507339000702,0
3119,896,0.37594541907310486,0
3975,3975,0.37963607907295227,1
3975,3566,0.3790278434753418,0
3975,1220,0.3841840624809265,0
3975,353,0.39925840497016907,0
3975,1914,0.36016547679901123,0
3975,697,0.46239200234413147,0
3975,4039,0.37264010310173035,0
3975,716,0.4244602918624878,0
3975,2079,0.4190029203891754,0
3975,4014,0.38325631618499756,0
3975,899,0.4511726498603821,0
3975,2299,0.3879556357860565,0
3975,1366,0.4470909833908081,0
3975,799,0.37982919812202454,0
3975,2966,0.36782386898994446,0
3975,1340,0.40971139073371887,0
3975,2122,0.387219101190567,0
3975,143,0.3772830367088318,0
3975,2708,0.3779192864894867,0
3975,3170,0.3756829798221588,0
2340,2340,0.37491607666015625,1
2340,3076,0.39107269048690796,0
2340,2804,0.3905935287475586,0
2340,3975,0.367920458316803,0
2340,816,0.3972606062889099,0
2340,2843,0.37240222096443176,0
2340,3735,0.36790454387664795,0
2340,3513,0.3584910035133362,0
2340,648,0.431277871131897,0
2340,2643,0.3754262626171112,0
2340,3501,0.36468505859375,0
2340,3830,0.35624000430107117,0
2340,938,0.3846944272518158,0
2340,1031,0.41988545656204224,0
2340,3853,0.4088554382324219,0
2340,3011,0.3793529272079468,0
2340,2618,0.4024350941181183,0
2340,3638,0.36350321769714355,0
2340,678,0.37764909863471985,0
2340,872,0.45698118209838867,0
1919,1919,0.3537626564502716,1
1919,3065,0.350052148103714,0
1919,2639,0.4221789836883545,0
1919,362,0.40790995955467224,0
1919,4163,0.34782135486602783,0
1919,1595,0.3989065885543823,0
1919,1275,0.38816729187965393,0
1919,943,0.37729936838150024,0
1919,2573,0.3516446352005005,0
1919,2373,0.37958627939224243,0
1919,3217,0.3869987726211548,0
1919,3650,0.34141263365745544,0
1919,1098,0.3694456219673157,0
1919,208,0.3754855692386627,0
1919,3121,0.371299147605896,0
1919,1783,0.38682103157043457,0
1919,529,0.4002133905887604,0
1919,510,0.35051530599594116,0
1919,507,0.3541124761104584,0
1919,47,0.36776357889175415,0
2412,2412,0.3716237545013428,1
2412,2521,0.35739758610725403,0
2412,341,0.40736299753189087,0
2412,3936,0.3855506479740143,0
2412,3209,0.3914811909198761,0
2412,3488,0.3437744975090027,0
2412,1909,0.37220871448516846,0
2412,3484,0.3687075972557068,0
2412,794,0.4049971103668213,0
2412,4100,0.37187108397483826,0
2412,2908,0.39875274896621704,0
2412,480,0.4397905170917511,0
2412,4120,0.36908018589019775,0
2412,760,0.4038163721561432,0
2412,141,0.4009843170642853,0
2412,3157,0.3817521333694458,0
2412,199,0.4793183207511902,0
2412,3568,0.3713286817073822,0
2412,3809,0.3663359582424164,0
2412,2502,0.3733987808227539,0
2100,2100,0.372185617685318,1
2100,941,0.4067772626876831,0
2100,2408,0.3868786096572876,0
2100,386,0.3470749855041504,0
2100,1677,0.3929491937160492,0
2100,2268,0.45285895466804504,0
2100,2346,0.4074803590774536,0
2100,3455,0.3688949644565582,0
2100,1610,0.3922930657863617,0
2100,2896,0.38581758737564087,0
2100,1597,0.36913198232650757,0
2100,212,0.3476596176624298,0
2100,1744,0.32659512758255005,0
2100,3385,0.3579541742801666,0
2100,3696,0.43465036153793335,0
2100,3352,0.3536800444126129,0
2100,837,0.4111369848251343,0
2100,3553,0.34246715903282166,0
2100,3124,0.3544314205646515,0
2100,3244,0.36682048439979553,0
3571,3571,0.3893454074859619,1
3571,545,0.4459454417228699,0
3571,2928,0.38444459438323975,0
3571,1669,0.425991415977478,0
3571,3584,0.3721277117729187,0
3571,4099,0.38969600200653076,0
3571,3366,0.3783138394355774,0
3571,3712,0.388437956571579,0
3571,2793,0.393391489982605,0
3571,331,0.3945175111293793,0
3571,214,0.457675963640213,0
3571,957,0.40449491143226624,0
3571,3564,0.3861377239227295,0
3571,2510,0.5000373125076294,0
3571,1262,0.4122702479362488,0
3571,3049,0.41329729557037354,0
3571,2933,0.45367303490638733,0
3571,3167,0.38866961002349854,0
3571,1069,0.4006762206554413,0
3571,2417,0.39312419295310974,0
933,933,0.3756211996078491,1
933,4106,0.3590201437473297,0
933,175,0.4052283763885498,0
933,2767,0.3514198660850525,0
933,3651,0.36740535497665405,0
933,3217,0.3748522698879242,0
933,1765,0.3771997094154358,0
933,1850,0.3927053213119507,0
933,570,0.37847769260406494,0
933,3372,0.3848138153553009,0
933,462,0.3704516887664795,0
933,3972,0.3721921145915985,0
933,981,0.39482739567756653,0
933,4095,0.3692255914211273,0
933,3092,0.37431785464286804,0
933,2713,0.4033716917037964,0
933,548,0.38357487320899963,0
933,912,0.4090656638145447,0
933,2352,0.3873361051082611,0
933,2925,0.3520303964614868,0
3475,3475,0.36718741059303284,1
3475,2660,0.3834998905658722,0
3475,1922,0.3381103277206421,0
3475,403,0.4153238534927368,0
3475,1850,0.3818065822124481,0
3475,2091,0.33692997694015503,0
3475,4154,0.3666521906852722,0
3475,1172,0.38194552063941956,0
3475,56,0.4232955574989319,0
3475,3945,0.3511241674423218,0
3475,3356,0.36933860182762146,0
3475,367,0.4027613401412964,0
3475,393,0.3503333628177643,0
3475,1599,0.39863452315330505,0
3475,1006,0.3684951364994049,0
3475,4102,0.35628199577331543,0
3475,2222,0.4016386568546295,0
3475,3891,0.357994019985199,0
3475,3057,0.37763649225234985,0
3475,2711,0.435387521982193,0
888,888,0.5163132548332214,1
888,2133,0.39475756883621216,0
888,3450,0.3981534540653229,0
888,1195,0.38923120498657227,0
888,3679,0.37475693225860596,0
888,2364,0.42586326599121094,0
888,1446,0.3903140127658844,0
888,364,0.4013592302799225,0
888,244,0.44773247838020325,0
888,1147,0.40706774592399597,0
888,2662,0.4004509150981903,0
888,2688,0.40434128046035767,0
888,891,0.4592069685459137,0
888,1913,0.4156901240348816,0
888,190,0.4618527293205261,0
888,2747,0.40251731872558594,0
888,2640,0.38224348425865173,0
888,424,0.44742658734321594,0
888,2590,0.40595510601997375,0
888,3015,0.4491955041885376,0
2916,2916,0.3789411187171936,1
2916,2225,0.41762709617614746,0
2916,4023,0.3761744201183319,0
2916,576,0.3787328004837036,0
2916,2275,0.3818247616291046,0
2916,134,0.3863399922847748,0
2916,3684,0.37293732166290283,0
2916,3499,0.36292219161987305,0
2916,1360,0.42468804121017456,0
2916,2061,0.3762507736682892,0
2916,2233,0.4310080111026764,0
2916,3812,0.3826894164085388,0
2916,82,0.38568854331970215,0
2916,693,0.4055405557155609,0
2916,1123,0.3689514100551605,0
2916,135,0.41326090693473816,0
2916,2388,0.4436279833316803,0
2916,2222,0.42727887630462646,0
2916,47,0.3708677589893341,0
2916,3025,0.3839309513568878,0
3855,3855,0.4815189242362976,1
3855,2876,0.41605105996131897,0
3855,3537,0.3910121023654938,0
3855,1002,0.3945559859275818,0
3855,2131,0.39147672057151794,0
3855,1916,0.40644586086273193,0
3855,2192,0.39601191878318787,0
3855,341,0.41348525881767273,0
3855,3921,0.3907776176929474,0
3855,585,0.41335129737854004,0
3855,669,0.39521414041519165,0
3855,2189,0.4228467047214508,0
3855,2329,0.37849605083465576,0
3855,297,0.4256143271923065,0
3855,3388,0.39856547117233276,0
3855,663,0.3695904314517975,0
3855,1918,0.4008660912513733,0
3855,1266,0.4072197675704956,0
3855,316,0.46607229113578796,0
3855,4002,0.3874088227748871,0
1051,1051,0.5337477326393127,1
1051,621,0.3780144155025482,0
1051,3023,0.4379037022590637,0
1051,2449,0.3968595862388611,0
1051,99,0.42786338925361633,0
1051,2779,0.41574686765670776,0
1051,1092,0.3939300775527954,0
1051,208,0.399519145488739,0
1051,1073,0.37444841861724854,0
1051,3526,0.379191130399704,0
1051,546,0.37577393651008606,0
1051,2902,0.3995753526687622,0
1051,3279,0.4064466953277588,0
1051,2304,0.4090414047241211,0
1051,259,0.5464792251586914,0
1051,1216,0.39646875858306885,0
1051,1930,0.3877008855342865,0
1051,3412,0.4229896366596222,0
1051,3807,0.4006560444831848,0
1051,1429,0.3836219012737274,0
295,295,0.38197940587997437,1
295,844,0.4628300368785858,0
295,1079,0.45776623487472534,0
295,798,0.44602903723716736,0
295,2248,0.4012082517147064,0
295,1485,0.4259622097015381,0
295,1891,0.4244340658187866,0
295,615,0.4352464973926544,0
295,3407,0.39769402146339417,0
295,3137,0.48735305666923523,0
295,4128,0.4307059347629547,0
295,2636,0.4067724943161011,0
295,3846,0.35331884026527405,0
295,1644,0.4578433632850647,0
295,461,0.49496394395828247,0
295,1736,0.45592090487480164,0
295,123,0.42639774084091187,0
295,3758,0.41183844208717346,0
295,1032,0.46008455753326416,0
295,1561,0.4477992057800293,0
3702,3702,0.3774065375328064,1
3702,234,0.3770099878311157,0
3702,2374,0.41534584760665894,0
3702,3032,0.3816671669483185,0
3702,3212,0.36374881863594055,0
3702,2803,0.35286861658096313,0
3702,962,0.3530685007572174,0
3702,3597,0.38040852546691895,0
3702,2135,0.3781324028968811,0
3702,517,0.4979313910007477,0
3702,2362,0.3773207664489746,0
3702,1807,0.40323561429977417,0
3702,3306,0.40668514370918274,0
3702,2665,0.369724839925766,0
3702,507,0.3536146283149719,0
3702,2174,0.3857940137386322,0
3702,768,0.4082123637199402,0
3702,2750,0.39968183636665344,0
3702,3082,0.3967092037200928,0
3702,576,0.36322224140167236,0
3074,3074,0.40093010663986206,1
3074,1184,0.419822633266449,0
3074,2700,0.45606571435928345,0
3074,1443,0.39347752928733826,0
3074,105,0.4609808325767517,0
3074,2783,0.37872377038002014,0
3074,2171,0.47647953033447266,0
3074,1201,0.3732972741127014,0
3074,2688,0.37694957852363586,0
3074,3514,0.43442925810813904,0
3074,1006,0.42496922612190247,0
3074,1961,0.40872257947921753,0
3074,3644,0.4233783781528473,0
3074,1684,0.3698607385158539,0
3074,3391,0.4901149570941925,0
3074,3643,0.40612345933914185,0
3074,2702,0.45446592569351196,0
3074,2187,0.38451504707336426,0
3074,2224,0.40881451964378357,0
3074,1859,0.4100886583328247,0
4007,4007,0.3452244997024536,1
4007,2629,0.4198192059993744,0
4007,3619,0.38036561012268066,0
4007,2295,0.391727089881897,0
4007,3375,0.4028157591819763,0
4007,1475,0.3984542489051819,0
4007,69,0.4553982615470886,0
4007,3959,0.4065885543823242,0
4007,823,0.3835192322731018,0
4007,1112,0.3991715908050537,0
4007,578,0.3826790153980255,0
4007,3466,0.3609406650066376,0
4007,106,0.3689826428890228,0
4007,3403,0.36360329389572144,0
4007,2203,0.3816705346107483,0
4007,2922,0.405375212430954,0
4007,2432,0.39045557379722595,0
4007,2654,0.38691246509552,0
4007,71,0.41421595215797424,0
4007,491,0.432645320892334,0
606,606,0.39987242221832275,1
606,4113,0.38986384868621826,0
606,1762,0.392269492149353,0
606,811,0.43787580728530884,0
606,3299,0.3971935212612152,0
606,3275,0.4325992166996002,0
606,4061,0.40519094467163086,0
606,3447,0.38576605916023254,0
606,3184,0.43208837509155273,0
606,3053,0.4091697335243225,0
606,319,0.42619267106056213,0
606,1050,0.4134818911552429,0
606,1152,0.43377813696861267,0
606,2872,0.3651095926761627,0
606,1512,0.4540160298347473,0
606,485,0.48849204182624817,0
606,3982,0.41961777210235596,0
606,283,0.448215126991272,0
606,2142,0.38442015647888184,0
606,111,0.42995238304138184,0
1932,1932,0.3768085241317749,1
1932,168,0.39520367980003357,0
1932,3794,0.3481067419052124,0
1932,3665,0.3283268213272095,0
1932,1256,0.3608323633670807,0
1932,1652,0.3959561884403229,0
1932,4025,0.3507704436779022,0
1932,1991,0.3670637905597687,0
1932,4106,0.34829989075660706,0
1932,1370,0.363381564617157,0
1932,196,0.351852148771286,0
1932,178,0.4025803506374359,0
1932,3297,0.3594208061695099,0
1932,1190,0.3680470883846283,0
1932,1638,0.41897642612457275,0
1932,3444,0.35070911049842834,0
1932,3536,0.34712979197502136,0
1932,704,0.4142075181007385,0
1932,514,0.3374948799610138,0
1932,143,0.37397658824920654,0
3205,3205,0.38003385066986084,1
3205,3480,0.3313885033130646,0
3205,3292,0.3478178083896637,0
3205,1650,0.3828141391277313,0
3205,1830,0.3482019901275635,0
3205,1878,0.36460304260253906,0
3205,1825,0.35306546092033386,0
3205,1971,0.3787742555141449,0
3205,3110,0.3482069671154022,0
3205,1145,0.42175978422164917,0
3205,2351,0.3655744194984436,0
3205,3238,0.3460569679737091,0
3205,3691,0.3270328640937805,0
3205,3420,0.3451260030269623,0
3205,3433,0.38978102803230286,0
3205,105,0.4046667814254761,0
3205,926,0.379253625869751,0
3205,3003,0.3692415654659271,0
3205,120,0.35763657093048096,0
3205,3520,0.34638747572898865,0
16,16,0.4317879378795624,1
16,4005,0.43372559547424316,0
16,3695,0.41684773564338684,0
16,1616,0.4806355834007263,0
16,871,0.42534276843070984,0
16,3019,0.42830386757850647,0
16,1050,0.41342830657958984,0
16,875,0.39719483256340027,0
16,1060,0.42634648084640503,0
16,3042,0.4597170948982239,0
16,4131,0.40222516655921936,0
16,368,0.4322056174278259,0
16,3970,0.4237876832485199,0
16,725,0.4172794818878174,0
16,102,0.4541512131690979,0
16,3910,0.4285764694213867,0
16,841,0.4285723865032196,0
16,3389,0.39939388632774353,0
16,2563,0.38554632663726807,0
16,295,0.38075369596481323,0
54,54,0.37068307399749756,1
54,2531,0.40970301628112793,0
54,2748,0.3542642295360565,0
54,3168,0.4269240200519562,0
54,1179,0.3977930545806885,0
54,2536,0.38978493213653564,0
54,2301,0.4027853310108185,0
54,2842,0.4054661989212036,0
54,1729,0.3896995782852173,0
54,3976,0.4066506326198578,0
54,235,0.4349557161331177,0
54,1646,0.4311734735965729,0
54,2993,0.39854443073272705,0
54,3124,0.3813057243824005,0
54,4036,0.35925713181495667,0
54,454,0.41775956749916077,0
54,4080,0.3796674907207489,0
54,2430,0.3857688903808594,0
54,1629,0.42084378004074097,0
54,4049,0.3885401487350464,0
3969,3969,0.39742541313171387,1
3969,238,0.4157083034515381,0
3969,2786,0.45705676078796387,0
3969,939,0.5297675132751465,0
3969,960,0.40504440665245056,0
3969,3832,0.3975028693675995,0
3969,3428,0.3647952675819397,0
3969,1698,0.4069453775882721,0
3969,811,0.3946807384490967,0
3969,4008,0.4053559899330139,0
3969,1124,0.3905799090862274,0
3969,2430,0.3868068754673004,0
3969,1194,0.39543741941452026,0
3969,1767,0.3853665888309479,0
3969,1252,0.35755354166030884,0
3969,4073,0.3813591003417969,0
3969,3486,0.38920488953590393,0
3969,1969,0.392672061920166,0
3969,3720,0.37142515182495117,0
3969,1876,0.4258018434047699,0
3224,3224,0.39227864146232605,1
3224,1464,0.46031883358955383,0
3224,644,0.4035324156284332,0
3224,3683,0.40109768509864807,0
3224,3495,0.40934962034225464,0
3224,3535,0.36719420552253723,0
3224,1741,0.433056116104126,0
3224,1561,0.411172091960907,0
3224,2477,0.40097522735595703,0
3224,1278,0.5229564309120178,0
3224,117,0.4355244040489197,0
3224,2547,0.3725716173648834,0
3224,2485,0.46837037801742554,0
3224,2060,0.3836650848388672,0
3224,2016,0.3878284990787506,0
3224,478,0.40300312638282776,0
3224,3517,0.45308929681777954,0
3224,758,0.42787599563598633,0
3224,2638,0.3994196653366089,0
3224,3000,0.3762623369693756,0
1567,1567,0.35262608528137207,1
1567,3504,0.39032357931137085,0
1567,1269,0.3444671928882599,0
1567,965,0.41317325830459595,0
1567,1671,0.3573307991027832,0
1567,2981,0.3496260344982147,0
1567,3007,0.33464479446411133,0
1567,786,0.3173219859600067,0
1567,1652,0.3921849727630615,0
1567,309,0.3626548945903778,0
1567,2066,0.3580264151096344,0
1567,676,0.36942899227142334,0
1567,1170,0.35119348764419556,0
1567,912,0.41531941294670105,0
1567,1426,0.40080928802490234,0
1567,975,0.36436793208122253,0
1567,1486,0.33985987305641174,0
1567,3844,0.3345305621623993,0
1567,756,0.37094277143478394,0
1567,1986,0.39819496870040894,0
3919,3919,0.343697190284729,1
3919,3352,0.3692065477371216,0
3919,2577,0.3840383291244507,0
3919,3210,0.3619898855686188,0
3919,603,0.40769460797309875,0
3919,3368,0.37132424116134644,0
3919,105,0.430297315120697,0
3919,141,0.3769473135471344,0
3919,1133,0.42954131960868835,0
3919,2595,0.3957212567329407,0
3919,1051,0.46276336908340454,0
3919,3898,0.4100809693336487,0
3919,2884,0.36114567518234253,0
3919,2862,0.35641711950302124,0
3919,878,0.4160180389881134,0
3919,3780,0.3540506064891815,0
3919,226,0.3764503002166748,0
3919,1994,0.40418925881385803,0
3919,3508,0.3715444803237915,0
3919,3839,0.341028094291687,0
178,178,0.4336421489715576,1
178,2132,0.36702993512153625,0
178,1605,0.4117010533809662,0
178,1143,0.40034639835357666,0
178,2258,0.4396831691265106,0
178,3604,0.39388927817344666,0
178,3309,0.38688233494758606,0
178,1171,0.40449604392051697,0
178,2018,0.4124841094017029,0
178,1410,0.38345837593078613,0
178,3549,0.3763251304626465,0
178,30,0.36578720808029175,0
178,3620,0.365788072347641,0
178,3253,0.3822058439254761,0
178,1717,0.37854859232902527,0
178,933,0.3769712746143341,0
178,2744,0.39041668176651,0
178,58,0.37630337476730347,0
178,3033,0.3831563889980316,0
178,2507,0.3783203065395355,0
420,420,0.4216809868812561,1
420,2078,0.38891762495040894,0
420,3573,0.3833754062652588,0
420,2983,0.3872651159763336,0
420,1553,0.36155831813812256,0
420,1969,0.37589842081069946,0
420,3724,0.3759795129299164,0
420,3417,0.3761271834373474,0
420,725,0.3950512409210205,0
420,261,0.3644578456878662,0
420,1315,0.4263349771499634,0
420,3896,0.38304781913757324,0
420,1492,0.43508946895599365,0
420,3669,0.3752453625202179,0
420,1827,0.37837597727775574,0
420,666,0.3884556293487549,0
420,58,0.3828307092189789,0
420,3437,0.3870415985584259,0
420,3980,0.38233456015586853,0
420,2313,0.3725284934043884,0
1736,1736,0.4038279056549072,1
1736,3006,0.3956340253353119,0
1736,2791,0.4381932318210602,0
1736,2305,0.3567564785480499,0
1736,1959,0.40662258863449097,0
1736,2529,0.3743429183959961,0
1736,1352,0.40586888790130615,0
1736,1833,0.404105544090271,0
1736,224,0.4193282425403595,0
1736,1176,0.3868842124938965,0
1736,1215,0.46953943371772766,0
1736,4059,0.39906179904937744,0
1736,3654,0.42790687084198,0
1736,2141,0.40971317887306213,0
1736,356,0.4094386100769043,0
1736,90,0.48202070593833923,0
1736,3849,0.3856857419013977,0
1736,1272,0.409695029258728,0
1736,1219,0.38866496086120605,0
1736,3150,0.36395180225372314,0
2446,2446,0.40260905027389526,1
2446,2484,0.3585261404514313,0
2446,4089,0.36734962463378906,0
2446,1353,0.3236221373081207,0
2446,816,0.42483681440353394,0
2446,2827,0.36815860867500305,0
2446,0,0.4188036620616913,0
2446,1008,0.4106142222881317,0
2446,629,0.4258938431739807,0
2446,3201,0.36059385538101196,0
2446,3780,0.3416278660297394,0
2446,994,0.3825139105319977,0
2446,3116,0.4136126935482025,0
2446,2662,0.3877730965614319,0
2446,787,0.41728848218917847,0
2446,3752,0.3765777349472046,0
2446,3697,0.43654194474220276,0
2446,351,0.35994160175323486,0
2446,4094,0.3672313094139099,0
2446,3434,0.34739041328430176,0
3179,3179,0.35813549160957336,1
3179,3570,0.3672013282775879,0
3179,3242,0.36607933044433594,0
3179,3138,0.41778290271759033,0
3179,702,0.40698403120040894,0
3179,2089,0.38513171672821045,0
3179,3071,0.3981087803840637,0
3179,766,0.3837725520133972,0
3179,1079,0.431024968624115,0
3179,3619,0.38612431287765503,0
3179,3434,0.3786318600177765,0
3179,2911,0.39673733711242676,0
3179,1963,0.3877735137939453,0
3179,300,0.38973796367645264,0
3179,877,0.38999247550964355,0
3179,2174,0.37711405754089355,0
3179,1187,0.38855117559432983,0
3179,104,0.45252642035484314,0
3179,3530,0.3731808662414551,0
3179,910,0.3672880530357361,0
1368,1368,0.3546457290649414,1
1368,3173,0.39709633588790894,0
1368,829,0.3776490390300751,0
1368,3648,0.36677315831184387,0
1368,3105,0.37076854705810547,0
1368,2820,0.36786574125289917,0
1368,1290,0.38055670261383057,0
1368,668,0.4028484523296356,0
1368,1664,0.3990819454193115,0
1368,420,0.4084720015525818,0
1368,2251,0.38099658489227295,0
1368,2426,0.3736741244792938,0
1368,2578,0.37238118052482605,0
1368,3983,0.37636569142341614,0
1368,3675,0.3913279175758362,0
1368,3088,0.3574533462524414,0
1368,726,0.36926743388175964,0
1368,117,0.3990303575992584,0
1368,2817,0.3821306824684143,0
1368,3114,0.3847045302391052,0
1327,1327,0.3976007401943207,1
1327,111,0.4254334568977356,0
1327,372,0.3897497355937958,0
1327,89,0.411891907453537,0
1327,2895,0.3459289073944092,0
1327,2600,0.39972564578056335,0
1327,291,0.43117254972457886,0
1327,3213,0.3780865967273712,0
1327,2956,0.3924174904823303,0
1327,1574,0.4674763083457947,0
1327,2423,0.41662243008613586,0
1327,2383,0.4120804965496063,0
1327,3735,0.3751010000705719,0
1327,3318,0.4103982448577881,0
1327,777,0.43458569049835205,0
1327,12,0.42844414710998535,0
1327,1296,0.38332244753837585,0
1327,3475,0.35675469040870667,0
1327,3156,0.39379972219467163,0
1327,179,0.36429131031036377,0
1882,1882,0.3870532810688019,1
1882,2837,0.39852315187454224,0
1882,1153,0.3657393157482147,0
1882,3183,0.4621727466583252,0
1882,3353,0.4374445974826813,0
1882,3447,0.38463202118873596,0
1882,2624,0.34664425253868103,0
1882,3301,0.4010104238986969,0
1882,762,0.39819076657295227,0
1882,263,0.38939449191093445,0
1882,3729,0.406756728887558,0
1882,1969,0.38298851251602173,0
1882,2043,0.36285609006881714,0
1882,186,0.35374346375465393,0
1882,2211,0.36195921897888184,0
1882,1904,0.3815447688102722,0
1882,345,0.46166354417800903,0
1882,1652,0.42591559886932373,0
1882,3958,0.3667133152484894,0
1882,1045,0.45195552706718445,0
3306,3306,0.4283517301082611,1
3306,436,0.3982008099555969,0
3306,2532,0.4283885955810547,0
3306,1583,0.45746317505836487,0
3306,433,0.384668231010437,0
3306,905,0.46406295895576477,0
3306,404,0.4742102026939392,0
3306,2977,0.39382150769233704,0
3306,337,0.4420259892940521,0
3306,240,0.4340979754924774,0
3306,1096,0.3891249895095825,0
3306,2752,0.40442097187042236,0
3306,885,0.403102844953537,0
3306,3994,0.3707093298435211,0
3306,967,0.3742918372154236,0
3306,227,0.3567545711994171,0
3306,2036,0.5060757398605347,0
3306,2816,0.3687485456466675,0
3306,1847,0.3863412141799927,0
3306,2210,0.3674544095993042,0
2841,2841,0.3791744112968445,1
2841,3470,0.3710903227329254,0
2841,3310,0.4317064583301544,0
2841,1365,0.472942590713501,0
2841,3479,0.3884751796722412,0
2841,66,0.39556756615638733,0
2841,394,0.433314710855484,0
2841,2085,0.36379945278167725,0
2841,580,0.43329551815986633,0
2841,650,0.49429112672805786,0
2841,2915,0.3732670545578003,0
2841,829,0.3836744427680969,0
2841,1772,0.3594643771648407,0
2841,856,0.45757266879081726,0
2841,2863,0.404742032289505,0
2841,399,0.4269792437553406,0
2841,3653,0.38081347942352295,0
2841,1269,0.37558045983314514,0
2841,675,0.4514240026473999,0
2841,307,0.4145473837852478,0
508,508,0.4279070198535919,1
508,2908,0.4152440130710602,0
508,3161,0.42182043194770813,0
508,3925,0.3995054066181183,0
508,3980,0.4174537658691406,0
508,3260,0.42317211627960205,0
508,649,0.468796044588089,0
508,2444,0.415027916431427,0
508,1500,0.43134942650794983,0
508,869,0.43659883737564087,0
508,3534,0.4143427312374115,0
508,128,0.39674869179725647,0
508,1944,0.4405161738395691,0
508,2336,0.4079820513725281,0
508,1022,0.3961949944496155,0
508,1770,0.4095495939254761,0
508,2969,0.42610159516334534,0
508,3524,0.5085151791572571,0
508,3753,0.4002244472503662,0
508,2035,0.4102374017238617,0
3612,3612,0.37268510460853577,1
3612,2285,0.3844994306564331,0
3612,4016,0.37453728914260864,0
3612,280,0.3712308704853058,0
3612,3044,0.36855360865592957,0
3612,2775,0.4185771942138672,0
3612,2466,0.40837931632995605,0
3612,3376,0.4055643379688263,0
3612,1962,0.42104780673980713,0
3612,153,0.39883217215538025,0
3612,1064,0.3431240916252136,0
3612,1976,0.39898014068603516,0
3612,2916,0.37200862169265747,0
3612,1478,0.36592644453048706,0
3612,3501,0.37520521879196167,0
3612,3405,0.3937116265296936,0
3612,3827,0.38114801049232483,0
3612,452,0.3850381672382355,0
3612,2854,0.3698235750198364,0
3612,3445,0.379595011472702,0
962,962,0.3726452589035034,1
962,609,0.4190065264701843,0
962,2080,0.40350988507270813,0
962,2406,0.3755951523780823,0
962,80,0.41317111253738403,0
962,2598,0.4050927460193634,0
962,720,0.3785819113254547,0
962,1700,0.40943077206611633,0
962,574,0.45107680559158325,0
962,923,0.39973509311676025,0
962,83,0.39440518617630005,0
962,297,0.4240652024745941,0
962,1721,0.37732481956481934,0
962,1542,0.38057321310043335,0
962,2593,0.41000062227249146,0
962,1038,0.37441423535346985,0
962,1422,0.4768320918083191,0
962,2479,0.41902056336402893,0
962,126,0.38667455315589905,0
962,2481,0.3881664276123047,0
3637,3637,0.37059125304222107,1
3637,4176,0.3624095618724823,0
3637,1911,0.40842676162719727,0
3637,3670,0.41052985191345215,0
3637,1570,0.4581340551376343,0
3637,915,0.38317105174064636,0
3637,2371,0.3943230211734772,0
3637,1799,0.3922697603702545,0
3637,3332,0.3799181282520294,0
3637,1749,0.4268859922885895,0
3637,3221,0.37469032406806946,0
3637,1447,0.45748862624168396,0
3637,992,0.3842209577560425,0
3637,738,0.39504626393318176,0
3637,3413,0.39038243889808655,0
3637,2997,0.37084415555000305,0
3637,468,0.38272061944007874,0
3637,1132,0.3648790717124939,0
3637,4160,0.35120224952697754,0
3637,255,0.41584455966949463,0
3432,3432,0.39765432476997375,1
3432,1201,0.39020243287086487,0
3432,1249,0.3935922384262085,0
3432,1427,0.4771519601345062,0
3432,108,0.37319105863571167,0
3432,2906,0.3777977228164673,0
3432,3184,0.42803648114204407,0
3432,1759,0.4173734188079834,0
3432,2349,0.42621633410453796,0
3432,3972,0.40018004179000854,0
3432,647,0.4035700857639313,0
3432,2787,0.39696696400642395,0
3432,71,0.4477335810661316,0
3432,1671,0.4029847979545593,0
3432,759,0.4141100347042084,0
3432,3428,0.37847238779067993,0
3432,4046,0.40680423378944397,0
3432,3663,0.5147945880889893,0
3432,3657,0.38137319684028625,0
3432,1228,0.39273834228515625,0
3021,3021,0.3530769944190979,1
3021,3874,0.37467503547668457,0
3021,3929,0.3854271173477173,0
3021,2847,0.3642498552799225,0
3021,274,0.38128867745399475,0
3021,1146,0.4030976891517639,0
3021,3185,0.35355162620544434,0
3021,813,0.37669235467910767,0
3021,537,0.4473366141319275,0
3021,1268,0.35448357462882996,0
3021,1016,0.3461640477180481,0
3021,136,0.4401233196258545,0
3021,1044,0.39809346199035645,0
3021,1810,0.41902732849121094,0
3021,180,0.3448667526245117,0
3021,1017,0.36712631583213806,0
3021,2893,0.3791353106498718,0
3021,2779,0.3811452388763428,0
3021,328,0.4415262043476105,0
3021,2,0.348846971988678,0
2524,2524,0.4260314106941223,1
2524,2548,0.41084492206573486,0
2524,4101,0.4186198115348816,0
2524,2297,0.48940637707710266,0
2524,2777,0.3903442323207855,0
2524,1312,0.4683859646320343,0
2524,3439,0.3780800402164459,0
2524,2593,0.43872979283332825,0
2524,2629,0.43356698751449585,0
2524,333,0.41376349329948425,0
2524,3292,0.3970675766468048,0
2524,1461,0.42252618074417114,0
2524,789,0.3913958966732025,0
2524,2809,0.43825703859329224,0
2524,2371,0.4215032756328583,0
2524,614,0.45869362354278564,0
2524,3881,0.39957350492477417,0
2524,1233,0.49972862005233765,0
2524,164,0.4771484136581421,0
2524,1979,0.3930642306804657,0
4025,4025,0.380180686712265,1
4025,3885,0.387620747089386,0
4025,1585,0.5136126279830933,0
4025,229,0.4694177806377411,0
4025,1773,0.4110615849494934,0
4025,935,0.4036409556865692,0
4025,371,0.3652819097042084,0
4025,1375,0.4364364445209503,0
4025,752,0.4505534768104553,0
4025,62,0.4091741144657135,0
4025,1586,0.3972495496273041,0
4025,3903,0.3390205204486847,0
4025,798,0.39468294382095337,0
4025,1465,0.42465391755104065,0
4025,2346,0.4262554347515106,0
4025,569,0.39995837211608887,0
4025,2957,0.4018513560295105,0
4025,1982,0.36723238229751587,0
4025,155,0.41389554738998413,0
4025,147,0.5232957005500793,0
3326,3326,0.43104878067970276,1
3326,3485,0.3880145251750946,0
3326,2916,0.38341057300567627,0
3326,1322,0.41046422719955444,0
3326,204,0.43828466534614563,0
3326,4175,0.40089964866638184,0
3326,1112,0.4307475686073303,0
3326,2660,0.4225662052631378,0
3326,2896,0.39074093103408813,0
3326,2292,0.3986434042453766,0
3326,2094,0.39020416140556335,0
3326,335,0.4765808582305908,0
3326,3793,0.40089744329452515,0
3326,2004,0.3881376087665558,0
3326,3679,0.378685861825943,0
3326,2164,0.41323548555374146,0
3326,2261,0.4449462890625,0
3326,3982,0.4034751057624817,0
3326,960,0.40633314847946167,0
3326,552,0.40541157126426697,0
155,155,0.38477563858032227,1
155,2631,0.4649617075920105,0
155,2798,0.4146970510482788,0
155,2762,0.36085742712020874,0
155,3918,0.3560883402824402,0
155,3188,0.3778064548969269,0
155,3418,0.3516319990158081,0
155,275,0.37608715891838074,0
155,1465,0.3890185058116913,0
155,2060,0.3601110279560089,0
155,3023,0.38500431180000305,0
155,844,0.4302048683166504,0
155,2347,0.3748152554035187,0
155,1429,0.3679027259349823,0
155,4070,0.36427605152130127,0
155,332,0.3672952950000763,0
155,1032,0.3839013874530792,0
155,3791,0.37009456753730774,0
155,3620,0.36550724506378174,0
155,3302,0.3598031997680664,0
578,578,0.409929096698761,1
578,3267,0.402108758687973,0
578,1268,0.35947898030281067,0
578,2481,0.37457624077796936,0
578,3788,0.38394299149513245,0
578,3643,0.3668068051338196,0
578,3376,0.396296888589859,0
578,1394,0.37315571308135986,0
578,2500,0.3674089312553406,0
578,2257,0.373364120721817,0
578,1618,0.3485948145389557,0
578,1814,0.3914911150932312,0
578,868,0.3975242078304291,0
578,2347,0.3696417212486267,0
578,1842,0.3766997456550598,0
578,950,0.40138548612594604,0
578,2087,0.4167972505092621,0
578,4094,0.37001505494117737,0
578,597,0.41230058670043945,0
578,787,0.3984827399253845,0
1315,1315,0.4463653862476349,1
1315,617,0.3831014633178711,0
1315,3942,0.4246887266635895,0
1315,1572,0.4528321921825409,0
1315,3188,0.4109266698360443,0
1315,64,0.41497862339019775,0
1315,746,0.4555090069770813,0
1315,2866,0.4709838628768921,0
1315,489,0.4417979419231415,0
1315,559,0.3932850956916809,0
1315,432,0.4531771242618561,0
1315,3712,0.40289410948753357,0
1315,4146,0.38518184423446655,0
1315,2998,0.48194077610969543,0
1315,941,0.48670652508735657,0
1315,2328,0.4318563938140869,0
1315,2535,0.4569263458251953,0
1315,1691,0.4000169634819031,0
1315,17,0.4535244405269623,0
1315,1802,0.41886183619499207,0
4178,4178,0.41625702381134033,1
4178,777,0.46395620703697205,0
4178,1862,0.41951218247413635,0
4178,1064,0.37644240260124207,0
4178,1131,0.39517441391944885,0
4178,848,0.4988909661769867,0
4178,1211,0.422050803899765,0
4178,1998,0.4087192118167877,0
4178,306,0.4673821032047272,0
4178,1230,0.42372390627861023,0
4178,221,0.38853344321250916,0
4178,2641,0.39236724376678467,0
4178,3664,0.404288649559021,0
4178,332,0.4096086323261261,0
4178,1376,0.4881274402141571,0
4178,3771,0.3934774398803711,0
4178,3631,0.40146133303642273,0
4178,1251,0.43793436884880066,0
4178,68,0.4010842442512512,0
4178,1187,0.4019595980644226,0
2341,2341,0.3835403025150299,1
2341,2386,0.42161688208580017,0
2341,1579,0.42864447832107544,0
2341,2354,0.3806209862232208,0
2341,3630,0.396085262298584,0
2341,511,0.3974184989929199,0
2341,302,0.47223961353302,0
2341,1126,0.36610808968544006,0
2341,3753,0.3817198574542999,0
2341,2805,0.3767830729484558,0
2341,3709,0.39242374897003174,0
2341,3992,0.3796643018722534,0
2341,3723,0.38064661622047424,0
2341,909,0.40958264470100403,0
2341,2207,0.36124083399772644,0
2341,1519,0.3785388171672821,0
2341,3273,0.3642512559890747,0
2341,1292,0.41186264157295227,0
2341,3306,0.443186491727829,0
2341,2295,0.3927982449531555,0
3788,3788,0.41230034828186035,1
3788,1794,0.4040006101131439,0
3788,318,0.5781697630882263,0
3788,3732,0.3632858991622925,0
3788,1704,0.44606783986091614,0
3788,1875,0.41435861587524414,0
3788,477,0.4126281142234802,0
3788,687,0.4201222360134125,0
3788,3447,0.4169676601886749,0
3788,1438,0.44913622736930847,0
3788,195,0.4413850009441376,0
3788,1319,0.4054654836654663,0
3788,558,0.39625608921051025,0
3788,1498,0.4240214228630066,0
3788,2593,0.40225571393966675,0
3788,3043,0.433756947517395,0
3788,3868,0.4103969931602478,0
3788,2712,0.42042940855026245,0
3788,3453,0.4109042286872864,0
3788,1291,0.39858511090278625,0
1964,1964,0.3626596927642822,1
1964,4122,0.3619105815887451,0
1964,2575,0.44101396203041077,0
1964,2246,0.39909398555755615,0
1964,844,0.39014941453933716,0
1964,407,0.3732052445411682,0
1964,2042,0.38926947116851807,0
1964,2200,0.3574831485748291,0
1964,1597,0.3648923635482788,0
1964,1541,0.42182284593582153,0
1964,3411,0.37241190671920776,0
1964,570,0.41375869512557983,0
1964,3384,0.3675515651702881,0
1964,266,0.3508162200450897,0
1964,4097,0.3738308846950531,0
1964,3108,0.3628849685192108,0
1964,1623,0.35611480474472046,0
1964,1507,0.3636424243450165,0
1964,1504,0.40164780616760254,0
1964,1256,0.36077046394348145,0
3664,3664,0.38265877962112427,1
3664,1082,0.4130473732948303,0
3664,1240,0.44954752922058105,0
3664,1635,0.39380568265914917,0
3664,3237,0.4046424329280853,0
3664,65,0.45029401779174805,0
3664,434,0.417995423078537,0
3664,4098,0.40221065282821655,0
3664,3652,0.42846715450286865,0
3664,1649,0.39037495851516724,0
3664,3667,0.37114378809928894,0
3664,2262,0.4484233558177948,0
3664,1924,0.37706613540649414,0
3664,949,0.3727701008319855,0
3664,4111,0.3701501190662384,0
3664,642,0.3873678743839264,0
3664,3041,0.3961484432220459,0
3664,1508,0.3833315670490265,0
3664,2135,0.37851810455322266,0
3664,1572,0.46243512630462646,0
910,910,0.3386602997779846,1
910,2153,0.3575115501880646,0
910,3873,0.36319810152053833,0
910,2435,0.3593307137489319,0
910,1533,0.3642791211605072,0
910,313,0.38520926237106323,0
910,2050,0.4125318229198456,0
910,3348,0.37836217880249023,0
910,2747,0.3866131603717804,0
910,2063,0.35806623101234436,0
910,676,0.3820841908454895,0
910,719,0.38573139905929565,0
910,1343,0.36209845542907715,0
910,3766,0.33986157178878784,0
910,2401,0.3615964651107788,0
910,478,0.3615034818649292,0
910,3974,0.36057302355766296,0
910,1788,0.36897706985473633,0
910,1101,0.4015316367149353,0
910,3306,0.3928232491016388,0
121,121,0.47217363119125366,1
121,739,0.46444469690322876,0
121,2273,0.42801427841186523,0
121,1895,0.4686969518661499,0
121,610,0.4757606089115143,0
121,1470,0.4058040976524353,0
121,1197,0.45851296186447144,0
121,2554,0.3871068060398102,0
121,3987,0.4427730143070221,0
121,3079,0.4498845338821411,0
121,2402,0.4404602646827698,0
121,3366,0.39880260825157166,0
121,703,0.4281882345676422,0
121,4052,0.400173544883728,0
121,2106,0.4378916621208191,0
121,419,0.4054890275001526,0
121,1473,0.4179801344871521,0
121,2994,0.4554241895675659,0
121,2504,0.42808470129966736,0
121,3280,0.4134748876094818,0
3377,3377,0.37012797594070435,1
3377,1598,0.3957323431968689,0
3377,553,0.45544248819351196,0
3377,3977,0.38956302404403687,0
3377,666,0.3921142518520355,0
3377,360,0.3864322900772095,0
3377,1990,0.3991871178150177,0
3377,2225,0.40811991691589355,0
3377,748,0.3841007947921753,0
3377,175,0.42054224014282227,0
3377,3466,0.37382879853248596,0
3377,3373,0.4021618366241455,0
3377,840,0.4018959403038025,0
3377,3454,0.37903279066085815,0
3377,2679,0.425609290599823,0
3377,4002,0.3838728666305542,0
3377,3436,0.3688388764858246,0
3377,1634,0.4458370804786682,0
3377,752,0.4767226576805115,0
3377,1925,0.3724004626274109,0
3120,3120,0.3899930715560913,1
3120,2153,0.37240299582481384,0
3120,1172,0.4005914032459259,0
3120,3697,0.4268245995044708,0
3120,305,0.38575831055641174,0
3120,1272,0.3985653817653656,0
3120,3874,0.4105014204978943,0
3120,94,0.4752776324748993,0
3120,693,0.404545396566391,0
3120,1206,0.4765267074108124,0
3120,2318,0.4573059678077698,0
3120,2170,0.42820459604263306,0
3120,169,0.4229491353034973,0
3120,3798,0.3880489468574524,0
3120,4156,0.3765305280685425,0
3120,1502,0.37776753306388855,0
3120,1894,0.4231812059879303,0
3120,2632,0.4016325771808624,0
3120,1964,0.35733821988105774,0
3120,2700,0.4467306435108185,0
895,895,0.38764747977256775,1
895,2904,0.40276944637298584,0
895,416,0.384309321641922,0
895,1905,0.4193541705608368,0
895,4174,0.3788531720638275,0
895,1406,0.40523096919059753,0
895,4006,0.379358172416687,0
895,505,0.45145702362060547,0
895,1230,0.40116727352142334,0
895,2549,0.4631405770778656,0
895,405,0.5006785988807678,0
895,1176,0.37235087156295776,0
895,2564,0.4639734625816345,0
895,1875,0.4210289418697357,0
895,4036,0.3851998448371887,0
895,2693,0.38526734709739685,0
895,3429,0.4085913598537445,0
895,3971,0.3937205374240875,0
895,209,0.4327491819858551,0
895,3595,0.3869602084159851,0
2104,2104,0.4423973560333252,1
2104,2317,0.38638046383857727,0
2104,2964,0.37518322467803955,0
2104,1588,0.3793220818042755,0
2104,3046,0.3936973810195923,0
2104,3356,0.3892545998096466,0
2104,3923,0.3749707341194153,0
2104,1730,0.38159093260765076,0
2104,1087,0.3912748694419861,0
2104,1579,0.44736260175704956,0
2104,583,0.4167771637439728,0
2104,2619,0.3833198547363281,0
2104,1562,0.42449596524238586,0
2104,2046,0.398267924785614,0
2104,4092,0.39292699098587036,0
2104,1298,0.4314546585083008,0
2104,683,0.42857980728149414,0
2104,4128,0.3703344166278839,0
2104,2691,0.40724605321884155,0
2104,1110,0.37247318029403687,0
3321,3321,0.37291544675827026,1
3321,154,0.3973228335380554,0
3321,624,0.39303168654441833,0
3321,1262,0.40246739983558655,0
3321,3668,0.3969787657260895,0
3321,3596,0.35373252630233765,0
3321,560,0.38878995180130005,0
3321,1608,0.3465006351470947,0
3321,3236,0.3382774889469147,0
3321,1886,0.34358447790145874,0
3321,3367,0.436505526304245,0
3321,3538,0.3450295925140381,0
3321,3607,0.35810503363609314,0
3321,2678,0.35156092047691345,0
3321,1813,0.3591497838497162,0
3321,814,0.413452684879303,0
3321,765,0.3907552659511566,0
3321,505,0.40269196033477783,0
3321,2600,0.3510497212409973,0
3321,3569,0.37071964144706726,0
2315,2315,0.42470884323120117,1
2315,1791,0.42071232199668884,0
2315,397,0.4715571701526642,0
2315,1120,0.34809955954551697,0
2315,862,0.3871743381023407,0
2315,2549,0.4299057424068451,0
2315,1344,0.35571321845054626,0
2315,103,0.3871920704841614,0
2315,2814,0.3783200681209564,0
2315,2983,0.3571523427963257,0
2315,56,0.4339051842689514,0
2315,2911,0.3598424792289734,0
2315,1941,0.3773234486579895,0
2315,1584,0.4281415641307831,0
2315,3234,0.3647494614124298,0
2315,1636,0.4035920798778534,0
2315,3961,0.37255391478538513,0
2315,1451,0.4249073266983032,0
2315,2795,0.38958802819252014,0
2315,182,0.3662717938423157,0
1055,1055,0.37125685811042786,1
1055,3531,0.4207940101623535,0
1055,2064,0.4219985902309418,0
1055,181,0.4319780766963959,0
1055,4056,0.40354371070861816,0
1055,2942,0.4278208315372467,0
1055,1995,0.4246492385864258,0
1055,1282,0.48550206422805786,0
1055,3767,0.41387927532196045,0
1055,1815,0.4307903051376343,0
1055,789,0.40516039729118347,0
1055,3431,0.44004473090171814,0
1055,3021,0.3887104392051697,0
1055,763,0.4813755750656128,0
1055,2885,0.39359962940216064,0
1055,1653,0.43525230884552,0
1055,3853,0.4254014790058136,0
1055,1547,0.4443828761577606,0
1055,1109,0.39422711730003357,0
1055,3868,0.40588510036468506,0
709,709,0.35988128185272217,1
709,2395,0.42637717723846436,0
709,3799,0.38364964723587036,0
709,692,0.3868524432182312,0
709,2371,0.4045616686344147,0
709,1804,0.3667498826980591,0
709,2856,0.3846656084060669,0
709,607,0.356144517660141,0
709,2249,0.4098346531391144,0
709,286,0.40467020869255066,0
709,1761,0.39040571451187134,0
709,3352,0.38264551758766174,0
709,274,0.39953064918518066,0
709,249,0.4713338017463684,0
709,1436,0.40989989042282104,0
709,2789,0.4846968650817871,0
709,2818,0.3778560757637024,0
709,3986,0.3789912164211273,0
709,2562,0.4215068519115448,0
709,1327,0.38733071088790894,0
504,504,0.3929954171180725,1
504,2378,0.37403833866119385,0
504,127,0.38728010654449463,0
504,1651,0.41207826137542725,0
504,629,0.4066540598869324,0
504,3486,0.38039296865463257,0
504,3673,0.4054035246372223,0
504,307,0.40032660961151123,0
504,2684,0.4331217110157013,0
504,688,0.3662973940372467,0
504,2692,0.4175550639629364,0
504,423,0.41017547249794006,0
504,524,0.40649572014808655,0
504,2131,0.3970569372177124,0
504,532,0.38082095980644226,0
504,2449,0.3821883797645569,0
504,2053,0.4157981872558594,0
504,700,0.41867247223854065,0
504,2042,0.3927516043186188,0
504,2821,0.37900951504707336,0
3111,3111,0.41199934482574463,1
3111,2886,0.38702481985092163,0
3111,3269,0.4094252288341522,0
3111,4102,0.3890063464641571,0
3111,1093,0.47809091210365295,0
3111,2638,0.41474002599716187,0
3111,206,0.3859127461910248,0
3111,1751,0.3955093324184418,0
3111,1463,0.513942301273346,0
3111,2266,0.40185996890068054,0
3111,21,0.4195788502693176,0
3111,3507,0.3800111711025238,0
3111,2604,0.4027639329433441,0
3111,2125,0.4017825722694397,0
3111,2543,0.4607130289077759,0
3111,2382,0.41983774304389954,0
3111,553,0.47038784623146057,0
3111,316,0.4088361859321594,0
3111,3201,0.3838992118835449,0
3111,3497,0.3975647985935211,0
3688,3688,0.3693784475326538,1
3688,1612,0.3997524082660675,0
3688,974,0.3811984062194824,0
3688,112,0.3963111937046051,0
3688,3094,0.3767324388027191,0
3688,12,0.45488759875297546,0
3688,2129,0.405373752117157,0
3688,479,0.4621730148792267,0
3688,110,0.3909614384174347,0
3688,2244,0.41402965784072876,0
3688,2926,0.35145771503448486,0
3688,3913,0.3629015386104584,0
3688,1,0.4529057741165161,0
3688,3674,0.3702731728553772,0
3688,3242,0.35038283467292786,0
3688,1095,0.3787311613559723,0
3688,2091,0.35838672518730164,0
3688,3627,0.40005630254745483,0
3688,680,0.4578675329685211,0
3688,1167,0.38102591037750244,0
3791,3791,0.364235520362854,1
3791,2656,0.36465615034103394,0
3791,1587,0.3872959613800049,0
3791,3266,0.3627506196498871,0
3791,4131,0.354065865278244,0
3791,2422,0.3863697052001953,0
3791,2300,0.454450786113739,0
3791,3664,0.377646267414093,0
3791,309,0.3863486349582672,0
3791,2408,0.3915373384952545,0
3791,1018,0.3818196654319763,0
3791,822,0.3522661030292511,0
3791,2633,0.38832971453666687,0
3791,2297,0.4961215853691101,0
3791,3510,0.36877870559692383,0
3791,1223,0.40580806136131287,0
3791,24,0.40427014231681824,0
3791,861,0.3890611231327057,0
3791,3523,0.3763245642185211,0
3791,2107,0.37300753593444824,0
1889,1889,0.41287103295326233,1
1889,4041,0.37636274099349976,0
1889,1196,0.3926856815814972,0
1889,186,0.3506690263748169,0
1889,3252,0.4560358226299286,0
1889,217,0.3758692741394043,0
1889,3243,0.4034906029701233,0
1889,816,0.41389551758766174,0
1889,3622,0.3926311135292053,0
1889,3308,0.38727468252182007,0
1889,3651,0.37932565808296204,0
1889,624,0.4063194990158081,0
1889,2382,0.42120859026908875,0
1889,3824,0.4193251430988312,0
1889,634,0.40212854743003845,0
1889,257,0.37398234009742737,0
1889,3844,0.3567476272583008,0
1889,2603,0.3681928217411041,0
1889,1977,0.4419407248497009,0
1889,1702,0.3674757480621338,0
3576,3576,0.44911181926727295,1
3576,2724,0.39974087476730347,0
3576,3302,0.40122875571250916,0
3576,183,0.3714354634284973,0
3576,2814,0.3811185657978058,0
3576,959,0.39855870604515076,0
3576,2927,0.43753549456596375,0
3576,564,0.3957596719264984,0
3576,1763,0.3832405209541321,0
3576,1244,0.3881380558013916,0
3576,2947,0.39669016003608704,0
3576,1936,0.38079097867012024,0
3576,3434,0.3826482892036438,0
3576,3420,0.3888860046863556,0
3576,440,0.44195619225502014,0
3576,2005,0.43887409567832947,0
3576,2016,0.39594903588294983,0
3576,1708,0.4448431432247162,0
3576,131,0.44908323884010315,0
3576,2551,0.3555762469768524,0
1427,1427,0.46874555945396423,1
1427,1108,0.4533083140850067,0
1427,3620,0.38551634550094604,0
1427,2452,0.45907536149024963,0
1427,3679,0.3653204143047333,0
1427,1164,0.3785921037197113,0
1427,2428,0.4402373731136322,0
1427,3806,0.4158996343612671,0
1427,627,0.4741121828556061,0
1427,3387,0.3990253508090973,0
1427,3684,0.37630367279052734,0
1427,1148,0.4171527326107025,0
1427,647,0.40702441334724426,0
1427,3407,0.36856964230537415,0
1427,2847,0.3889992833137512,0
1427,846,0.3809817433357239,0
1427,582,0.42418932914733887,0
1427,1444,0.393649160861969,0
1427,1585,0.46525582671165466,0
1427,3026,0.4009879529476166,0
1163,1163,0.39121633768081665,1
1163,3135,0.38182616233825684,0
1163,173,0.40305906534194946,0
1163,293,0.3855617046356201,0
1163,2160,0.3814072608947754,0
1163,1077,0.3809301257133484,0
1163,1594,0.35512545704841614,0
1163,1162,0.37842708826065063,0
1163,91,0.35244429111480713,0
1163,2098,0.3823642432689667,0
1163,3249,0.39474236965179443,0
1163,998,0.3878898322582245,0
1163,452,0.3825111985206604,0
1163,34,0.36026185750961304,0
1163,4009,0.36148157715797424,0
1163,1246,0.45355454087257385,0
1163,2442,0.4162030816078186,0
1163,1135,0.40101373195648193,0
1163,2547,0.37275823950767517,0
1163,3484,0.3703417181968689,0
1846,1846,0.36148256063461304,1
1846,54,0.3923775851726532,0
1846,1782,0.37744876742362976,0
1846,3458,0.4327045679092407,0
1846,713,0.41532158851623535,0
1846,1456,0.3818843364715576,0
1846,2294,0.3698573410511017,0
1846,3814,0.4476397931575775,0
1846,1,0.414500892162323,0
1846,2478,0.4049878418445587,0
1846,2479,0.4275098443031311,0
1846,1640,0.4918367862701416,0
1846,1826,0.35644498467445374,0
1846,3524,0.437562495470047,0
1846,785,0.3784492313861847,0
1846,3970,0.38205182552337646,0
1846,2079,0.43211209774017334,0
1846,2477,0.38113832473754883,0
1846,1352,0.38596972823143005,0
1846,1778,0.36185166239738464,0
2743,2743,0.3802611529827118,1
2743,2634,0.3990270495414734,0
2743,3675,0.4132190942764282,0
2743,1105,0.4297974407672882,0
2743,860,0.43294116854667664,0
2743,3917,0.36482593417167664,0
2743,2899,0.4284760355949402,0
2743,3262,0.38171082735061646,0
2743,3158,0.41725820302963257,0
2743,2094,0.3710845708847046,0
2743,455,0.4230334758758545,0
2743,3557,0.3992798924446106,0
2743,351,0.3692743182182312,0
2743,3520,0.38847559690475464,0
2743,4011,0.413962185382843,0
2743,3921,0.39222732186317444,0
2743,2862,0.38288918137550354,0
2743,2694,0.39019379019737244,0
2743,1811,0.3830960690975189,0
2743,2043,0.36613035202026367,0
4031,4031,0.3566969931125641,1
4031,1619,0.45981335639953613,0
4031,1785,0.3846836984157562,0
4031,4062,0.39273932576179504,0
4031,3402,0.39091235399246216,0
4031,3279,0.41566208004951477,0
4031,1736,0.3914795219898224,0
4031,435,0.40739813446998596,0
4031,3584,0.36413007974624634,0
4031,1673,0.45358872413635254,0
4031,1850,0.40448832511901855,0
4031,2706,0.37064480781555176,0
4031,3674,0.36025720834732056,0
4031,1783,0.3938561975955963,0
4031,1559,0.39631038904190063,0
4031,855,0.448323130607605,0
4031,1054,0.4374760389328003,0
4031,3963,0.3968852758407593,0
4031,2772,0.35827603936195374,0
4031,3007,0.3414803147315979,0
873,873,0.37713947892189026,1
873,3370,0.41271311044692993,0
873,515,0.3922022879123688,0
873,3104,0.3924700915813446,0
873,1659,0.3930891454219818,0
873,2117,0.4004153311252594,0
873,1256,0.37748846411705017,0
873,594,0.4175630807876587,0
873,4093,0.38798192143440247,0
873,547,0.4158909022808075,0
873,1016,0.3905159831047058,0
873,2826,0.3967316746711731,0
873,528,0.41505733132362366,0
873,1923,0.41298946738243103,0
873,404,0.47270095348358154,0
873,587,0.4475216269493103,0
873,469,0.3838649094104767,0
873,50,0.3973354399204254,0
873,2920,0.36551597714424133,0
873,2793,0.3979516625404358,0
2956,2956,0.3866690695285797,1
2956,661,0.38793253898620605,0
2956,3370,0.3941039741039276,0
2956,3378,0.3913062810897827,0
2956,3153,0.37249088287353516,0
2956,1615,0.3640255033969879,0
2956,2843,0.36692047119140625,0
2956,866,0.4329322576522827,0
2956,293,0.3902454376220703,0
2956,1784,0.352969229221344,0
2956,3050,0.3660266399383545,0
2956,2411,0.3800594210624695,0
2956,1091,0.36891767382621765,0
2956,2449,0.37511706352233887,0
2956,2169,0.35684263706207275,0
2956,769,0.39447975158691406,0
2956,3656,0.3585534989833832,0
2956,113,0.3873765468597412,0
2956,3237,0.393329918384552,0
2956,3889,0.3856310546398163,0
1521,1521,0.3876674175262451,1
1521,3060,0.348652720451355,0
1521,4120,0.3594789505004883,0
1521,1099,0.3843684792518616,0
1521,2166,0.36125001311302185,0
1521,2592,0.3663017451763153,0
1521,3936,0.37797829508781433,0
1521,721,0.39832010865211487,0
1521,696,0.4510904848575592,0
1521,2763,0.38870978355407715,0
1521,1381,0.42518171668052673,0
1521,2942,0.3845268487930298,0
1521,2497,0.4088684320449829,0
1521,672,0.3739984631538391,0
1521,3508,0.38323038816452026,0
1521,507,0.36520421504974365,0
1521,2416,0.4241531789302826,0
1521,3410,0.38937246799468994,0
1521,1913,0.42149618268013,0
1521,2164,0.38609862327575684,0
2925,2925,0.35102927684783936,1
2925,3093,0.3949075937271118,0
2925,1550,0.4018377661705017,0
2925,1960,0.41645851731300354,0
2925,1126,0.36292529106140137,0
2925,4171,0.3561153709888458,0
2925,2657,0.37116149067878723,0
2925,2313,0.38720929622650146,0
2925,1731,0.37857717275619507,0
2925,3460,0.41279369592666626,0
2925,706,0.445299357175827,0
2925,606,0.3562842011451721,0
2925,3130,0.37045052647590637,0
2925,1286,0.42700666189193726,0
2925,1154,0.40374255180358887,0
2925,1297,0.36598148941993713,0
2925,1477,0.3589271008968353,0
2925,3685,0.3411729335784912,0
2925,3832,0.36394718289375305,0
2925,1352,0.3756760358810425,0
2783,2783,0.3526962101459503,1
2783,1304,0.3738623857498169,0
2783,3178,0.37163427472114563,0
2783,1479,0.34997662901878357,0
2783,2995,0.3520764410495758,0
2783,3323,0.32719260454177856,0
2783,1301,0.396944522857666,0
2783,662,0.40680253505706787,0
2783,336,0.38425979018211365,0
2783,1331,0.37571030855178833,0
2783,3871,0.35141080617904663,0
2783,2735,0.35192352533340454,0
2783,768,0.4013351798057556,0
2783,3430,0.3476319909095764,0
2783,1504,0.39358073472976685,0
2783,2211,0.35649123787879944,0
2783,22,0.38161158561706543,0
2783,3574,0.4068027436733246,0
2783,1087,0.36384299397468567,0
2783,3452,0.3632238507270813,0
3955,3955,0.3678385317325592,1
3955,3881,0.38315773010253906,0
3955,958,0.3907018303871155,0
3955,1722,0.40679898858070374,0
3955,2916,0.3630754351615906,0
3955,2838,0.46990302205085754,0
3955,3027,0.38131237030029297,0
3955,292,0.3628271818161011,0
3955,2580,0.34840279817581177,0
3955,2396,0.38387250900268555,0
3955,751,0.37828320264816284,0
3955,1024,0.39587146043777466,0
3955,1772,0.3496643006801605,0
3955,1550,0.4559805691242218,0
3955,273,0.4081721603870392,0
3955,394,0.42995160818099976,0
3955,1832,0.39181697368621826,0
3955,5,0.4639017879962921,0
3955,673,0.3745233118534088,0
3955,31,0.36725762486457825,0
1234,1234,0.3843986988067627,1
1234,2818,0.3939688801765442,0
1234,2902,0.42854106426239014,0
1234,1900,0.39292338490486145,0
1234,2136,0.38849011063575745,0
1234,444,0.4026626944541931,0
1234,2663,0.4486260414123535,0
1234,2929,0.3810674846172333,0
1234,487,0.43524664640426636,0
1234,1515,0.4242102801799774,0
1234,210,0.38600045442581177,0
1234,3699,0.45189225673675537,0
1234,1724,0.42517441511154175,0
1234,2422,0.41368159651756287,0
1234,3945,0.3903440833091736,0
1234,23,0.4228435456752777,0
1234,1540,0.4022986590862274,0
1234,1723,0.4487542510032654,0
1234,1385,0.384402871131897,0
1234,1434,0.4159248471260071,0
112,112,0.39504873752593994,1
112,240,0.4117387533187866,0
112,764,0.3642865717411041,0
112,3014,0.3509695529937744,0
112,3760,0.3721894919872284,0
112,3716,0.388313889503479,0
112,321,0.409414678812027,0
112,1582,0.3916294574737549,0
112,3224,0.37923967838287354,0
112,1613,0.34625834226608276,0
112,1088,0.36012110114097595,0
112,2165,0.38540583848953247,0
112,1922,0.36623048782348633,0
112,2796,0.42150411009788513,0
112,2166,0.36769649386405945,0
112,894,0.4320884346961975,0
112,1561,0.4289156496524811,0
112,546,0.367398738861084,0
112,794,0.3960596024990082,0
112,3065,0.36480873823165894,0
3826,3826,0.3532578945159912,1
3826,3573,0.371584415435791,0
3826,2473,0.4456537067890167,0
3826,2646,0.38135993480682373,0
3826,3558,0.36862003803253174,0
3826,2868,0.3532426357269287,0
3826,2094,0.3555596172809601,0
3826,390,0.43788811564445496,0
3826,3500,0.3666515350341797,0
3826,2629,0.4185621440410614,0
3826,2272,0.3761294484138489,0
3826,377,0.4210565984249115,0
3826,2411,0.399101585149765,0
3826,3924,0.34402719140052795,0
3826,3788,0.3945406973361969,0
3826,2124,0.40749770402908325,0
3826,3086,0.34470269083976746,0
3826,3435,0.35046470165252686,0
3826,2254,0.369882196187973,0
3826,2286,0.4149514436721802,0
4123,4123,0.374713659286499,1
4123,1928,0.3676304817199707,0
4123,270,0.36437010765075684,0
4123,2526,0.4331353008747101,0
4123,2760,0.3963426947593689,0
4123,635,0.39055007696151733,0
4123,2038,0.3709702491760254,0
4123,3216,0.3887604773044586,0
4123,653,0.4539395868778229,0
4123,3666,0.3527880609035492,0
4123,1339,0.3827829658985138,0
4123,4134,0.37401947379112244,0
4123,2407,0.4237302243709564,0
4123,2455,0.36430642008781433,0
4123,3199,0.3724343478679657,0
4123,1912,0.3871869742870331,0
4123,39,0.3706851303577423,0
4123,1647,0.42510175704956055,0
4123,1141,0.4040113687515259,0
4123,174,0.3857234716415405,0
208,208,0.41390174627304077,1
208,3404,0.48348620533943176,0
208,1964,0.38513773679733276,0
208,405,0.4781804084777832,0
208,3097,0.3959808349609375,0
208,2844,0.4033307433128357,0
208,1695,0.3923157751560211,0
208,341,0.43189847469329834,0
208,194,0.39502570033073425,0
208,3525,0.40025269985198975,0
208,3433,0.45057278871536255,0
208,4090,0.39106300473213196,0
208,2762,0.40087589621543884,0
208,1351,0.4252793788909912,0
208,3535,0.3763973116874695,0
208,3796,0.38893234729766846,0
208,3341,0.3965575098991394,0
208,3547,0.4225492477416992,0
208,953,0.44030383229255676,0
208,3804,0.409956693649292,0
3605,3605,0.36951613426208496,1
3605,2074,0.4290405213832855,0
3605,3338,0.36266231536865234,0
3605,1396,0.4258309602737427,0
3605,2015,0.39321693778038025,0
3605,3296,0.3705258071422577,0
3605,1973,0.40543419122695923,0
3605,1940,0.3883592486381531,0
3605,2032,0.40796446800231934,0
3605,1721,0.3785015344619751,0
3605,2583,0.399995356798172,0
3605,3287,0.3804384768009186,0
3605,1131,0.3795181214809418,0
3605,1497,0.41185832023620605,0
3605,1540,0.39976099133491516,0
3605,2413,0.37286144495010376,0
3605,3176,0.40019935369491577,0
3605,1578,0.3906495273113251,0
3605,452,0.39282479882240295,0
3605,2613,0.36218228936195374,0
3667,3667,0.35799774527549744,1
3667,1627,0.4038045108318329,0
3667,1575,0.38589251041412354,0
3667,4098,0.381539523601532,0
3667,2770,0.349621444940567,0
3667,418,0.3426936864852905,0
3667,45,0.3565683662891388,0
3667,3982,0.3653714060783386,0
3667,2138,0.41351231932640076,0
3667,2605,0.34780919551849365,0
3667,3437,0.3514106869697571,0
3667,822,0.3367351293563843,0
3667,3292,0.353787899017334,0
3667,1128,0.3637655973434448,0
3667,2320,0.3705894947052002,0
3667,3021,0.348431259393692,0
3667,75,0.40908902883529663,0
3667,4044,0.3593641221523285,0
3667,420,0.38979896903038025,0
3667,2646,0.3558677136898041,0
2844,2844,0.38954398036003113,1
2844,1052,0.38713350892066956,0
2844,3956,0.39760732650756836,0
2844,962,0.3709957003593445,0
2844,2807,0.4397922158241272,0
2844,4093,0.37990763783454895,0
2844,1592,0.3917231857776642,0
2844,677,0.3512647747993469,0
2844,2638,0.39682647585868835,0
2844,481,0.40878912806510925,0
2844,498,0.4455018639564514,0
2844,3169,0.3787911534309387,0
2844,617,0.3624691069126129,0
2844,1002,0.3883976936340332,0
2844,2252,0.4302855432033539,0
2844,2857,0.38097894191741943,0
2844,2091,0.37277886271476746,0
2844,3566,0.3762820363044739,0
2844,596,0.38031888008117676,0
2844,1175,0.3563638925552368,0
2578,2578,0.3737122416496277,1
2578,2429,0.3809545040130615,0
2578,424,0.4298142194747925,0
2578,3880,0.4222392737865448,0
2578,3588,0.3716636598110199,0
2578,1114,0.4191117286682129,0
2578,3532,0.41599786281585693,0
2578,1009,0.44432201981544495,0
2578,678,0.3728950023651123,0
2578,2773,0.4116624891757965,0
2578,1809,0.4029783308506012,0
2578,3541,0.3438069224357605,0
2578,716,0.40338510274887085,0
2578,2251,0.3702934980392456,0
2578,925,0.3695876896381378,0
2578,3470,0.36826664209365845,0
2578,1893,0.3575223982334137,0
2578,3535,0.34710314869880676,0
2578,3984,0.35928696393966675,0
2578,588,0.40093618631362915,0
314,314,0.4116237759590149,1
314,731,0.38426709175109863,0
314,4026,0.372246652841568,0
314,1159,0.4298620820045471,0
314,399,0.41732701659202576,0
314,1087,0.3573237657546997,0
314,2317,0.36359721422195435,0
314,3181,0.38705235719680786,0
314,3455,0.39036455750465393,0
314,2216,0.3986436128616333,0
314,1497,0.40453213453292847,0
314,864,0.37162408232688904,0
314,923,0.3665054440498352,0
314,143,0.37803441286087036,0
314,3024,0.37235552072525024,0
314,1208,0.3657500743865967,0
314,403,0.43675291538238525,0
314,50,0.36837321519851685,0
314,3141,0.38713085651397705,0
314,330,0.4038050174713135,0
1750,1750,0.3968629240989685,1
1750,1511,0.41849204897880554,0
1750,1354,0.44129619002342224,0
1750,956,0.46200525760650635,0
1750,1744,0.37762460112571716,0
1750,3524,0.4874362647533417,0
1750,2354,0.40724295377731323,0
1750,74,0.40140998363494873,0
1750,1227,0.4683678448200226,0
1750,2154,0.42930981516838074,0
1750,750,0.4247380197048187,0
1750,1575,0.43155720829963684,0
1750,234,0.41748693585395813,0
1750,1056,0.38577908277511597,0
1750,4009,0.3905363976955414,0
1750,3165,0.4497816562652588,0
1750,4086,0.3966432809829712,0
1750,601,0.4702802002429962,0
1750,1356,0.44898226857185364,0
1750,3224,0.40913137793540955,0
3923,3923,0.35169854760169983,1
3923,1512,0.4016675055027008,0
3923,2248,0.36168915033340454,0
3923,2736,0.3348918855190277,0
3923,215,0.43568092584609985,0
3923,2052,0.4293252229690552,0
3923,3838,0.36015623807907104,0
3923,1629,0.4070170223712921,0
3923,1168,0.335645854473114,0
3923,3066,0.39780136942863464,0
3923,1095,0.37869495153427124,0
3923,2429,0.358810693025589,0
3923,2873,0.335426390171051,0
3923,922,0.4470648169517517,0
3923,569,0.3675905168056488,0
3923,1848,0.41831010580062866,0
3923,3034,0.36150848865509033,0
3923,3780,0.3477938771247864,0
3923,1013,0.356650173664093,0
3923,45,0.36225461959838867,0
3732,3732,0.3726050853729248,1
3732,452,0.38611868023872375,0
3732,218,0.38984715938568115,0
3732,1422,0.4722718596458435,0
3732,59,0.42663097381591797,0
3732,1290,0.39181774854660034,0
3732,1951,0.3725692927837372,0
3732,1407,0.35399627685546875,0
3732,1446,0.37648019194602966,0
3732,743,0.4469401240348816,0
3732,3142,0.3645869791507721,0
3732,2529,0.3676787316799164,0
3732,2973,0.3984277546405792,0
3732,1520,0.4709043800830841,0
3732,3269,0.374501496553421,0
3732,803,0.41200149059295654,0
3732,2693,0.36873114109039307,0
3732,843,0.4240732192993164,0
3732,4152,0.3770897388458252,0
3732,3506,0.40038323402404785,0
1414,1414,0.3428274989128113,1
1414,3294,0.360107421875,0
1414,4134,0.3402475416660309,0
1414,2755,0.3667601943016052,0
1414,4121,0.3372538983821869,0
1414,489,0.4025174081325531,0
1414,473,0.38891100883483887,0
1414,3392,0.3207254707813263,0
1414,2863,0.3647652268409729,0
1414,1895,0.3599744737148285,0
1414,1505,0.4341011345386505,0
1414,3014,0.32609790563583374,0
1414,3057,0.34955263137817383,0
1414,3878,0.3297688066959381,0
1414,379,0.41165414452552795,0
1414,1399,0.458938866853714,0
1414,1793,0.36457526683807373,0
1414,628,0.3358078598976135,0
1414,3442,0.3401738107204437,0
1414,2611,0.34128236770629883,0
3130,3130,0.3658325970172882,1
3130,1899,0.41347959637641907,0
3130,881,0.4238704442977905,0
3130,2860,0.3866521418094635,0
3130,4029,0.35422444343566895,0
3130,1301,0.3940981924533844,0
3130,2254,0.3647291660308838,0
3130,483,0.3934524655342102,0
3130,3865,0.3817023038864136,0
3130,831,0.41577285528182983,0
3130,3658,0.3915284276008606,0
3130,3166,0.3704913556575775,0
3130,1299,0.35029760003089905,0
3130,1852,0.3617658019065857,0
3130,833,0.43584227561950684,0
3130,2339,0.4098324477672577,0
3130,1734,0.37834689021110535,0
3130,891,0.4165666699409485,0
3130,182,0.3760872781276703,0
3130,3812,0.3653322160243988,0
3777,3777,0.37250956892967224,1
3777,3116,0.4417566657066345,0
3777,4107,0.37785202264785767,0
3777,685,0.48002132773399353,0
3777,1017,0.3959493041038513,0
3777,3893,0.38614943623542786,0
3777,942,0.38106510043144226,0
3777,1697,0.39594778418540955,0
3777,3440,0.3733358383178711,0
3777,3723,0.3939412534236908,0
3777,4142,0.38442930579185486,0
3777,358,0.3973502814769745,0
3777,1743,0.37958836555480957,0
3777,3654,0.42990508675575256,0
3777,1168,0.3595812916755676,0
3777,1112,0.4099654257297516,0
3777,3545,0.37437593936920166,0
3777,1682,0.4276595711708069,0
3777,1799,0.4178396463394165,0
3777,1476,0.39336633682250977,0
3542,3542,0.3904404938220978,1
3542,1671,0.38779500126838684,0
3542,3920,0.4283033311367035,0
3542,3639,0.41526758670806885,0
3542,504,0.3931730091571808,0
3542,3050,0.37315255403518677,0
3542,1333,0.3787481486797333,0
3542,2768,0.41473618149757385,0
3542,903,0.4329836070537567,0
3542,3156,0.38573798537254333,0
3542,3637,0.3905887305736542,0
3542,214,0.45810478925704956,0
3542,2849,0.44323843717575073,0
3542,1899,0.41737955808639526,0
3542,1940,0.3987394869327545,0
3542,702,0.403888076543808,0
3542,3537,0.3936217129230499,0
3542,2893,0.4075760841369629,0
3542,2411,0.4091779291629791,0
3542,2524,0.4140845835208893,0
2004,2004,0.37399113178253174,1
2004,1486,0.39059555530548096,0
2004,1290,0.4061352610588074,0
2004,4103,0.3757944107055664,0
2004,1798,0.3776978552341461,0
2004,3883,0.39683663845062256,0
2004,3054,0.3747514486312866,0
2004,597,0.40356606245040894,0
2004,3442,0.34716135263442993,0
2004,2526,0.45672091841697693,0
2004,2384,0.40667062997817993,0
2004,2117,0.41520678997039795,0
2004,2731,0.3697364330291748,0
2004,2515,0.41788291931152344,0
2004,2877,0.3616970181465149,0
2004,2870,0.3665553331375122,0
2004,305,0.4057149887084961,0
2004,1451,0.411746621131897,0
2004,2899,0.4220677614212036,0
2004,181,0.41194474697113037,0
2557,2557,0.3770797550678253,1
2557,267,0.35822024941444397,0
2557,2274,0.40699058771133423,0
2557,2107,0.37099766731262207,0
2557,1099,0.38075947761535645,0
2557,3175,0.3746569752693176,0
2557,2644,0.4237798750400543,0
2557,1923,0.4023760259151459,0
2557,363,0.40828239917755127,0
2557,2119,0.3822298049926758,0
2557,1306,0.43693098425865173,0
2557,307,0.39999836683273315,0
2557,2543,0.4162020683288574,0
2557,2175,0.3589968681335449,0
2557,505,0.4010080099105835,0
2557,1599,0.3994552493095398,0
2557,3966,0.3399210572242737,0
2557,3312,0.3848610520362854,0
2557,1697,0.41562142968177795,0
2557,3065,0.3556797206401825,0
3768,3768,0.35797423124313354,1
3768,3110,0.37504813075065613,0
3768,2157,0.3937559425830841,0
3768,1664,0.37379467487335205,0
3768,3639,0.3972354531288147,0
3768,2140,0.3791573941707611,0
3768,4047,0.3715561628341675,0
3768,3230,0.35585466027259827,0
3768,1243,0.3840220868587494,0
3768,3457,0.38623467087745667,0
3768,2957,0.3795475661754608,0
3768,3435,0.3462347984313965,0
3768,1126,0.3675684928894043,0
3768,3566,0.36050012707710266,0
3768,3539,0.3766481280326843,0
3768,3481,0.39472997188568115,0
3768,2807,0.40639135241508484,0
3768,3631,0.35508525371551514,0
3768,3344,0.37597477436065674,0
3768,3088,0.3493894934654236,0
3957,3957,0.35213378071784973,1
3957,4034,0.3776652216911316,0
3957,2302,0.391160249710083,0
3957,1084,0.4224466383457184,0
3957,3293,0.36873483657836914,0
3957,4042,0.3378216624259949,0
3957,555,0.3868137001991272,0
3957,2046,0.39397040009498596,0
3957,4124,0.3690597712993622,0
3957,115,0.4053972363471985,0
3957,1203,0.4085756242275238,0
3957,2339,0.42233508825302124,0
3957,3705,0.3921966850757599,0
3957,1633,0.4103740453720093,0
3957,924,0.38750284910202026,0
3957,2833,0.38919317722320557,0
3957,3215,0.5004292726516724,0
3957,3865,0.3970082700252533,0
3957,81,0.4019385874271393,0
3957,4004,0.36534348130226135,0
4113,4113,0.35814258456230164,1
4113,3849,0.36173367500305176,0
4113,3731,0.3595212697982788,0
4113,2034,0.35704532265663147,0
4113,3044,0.3775915205478668,0
4113,1132,0.361105740070343,0
4113,1430,0.3796461224555969,0
4113,1718,0.36582836508750916,0
4113,168,0.3899891972541809,0
4113,3016,0.385739803314209,0
4113,2980,0.36623284220695496,0
4113,3732,0.348673939704895,0
4113,385,0.4493102729320526,0
4113,639,0.45169559121131897,0
4113,2,0.36044445633888245,0
4113,1250,0.44719019532203674,0
4113,3428,0.34860527515411377,0
4113,4,0.3547101616859436,0
4113,944,0.3674270510673523,0
4113,183,0.35802775621414185,0
2122,2122,0.3912914991378784,1
2122,2330,0.3976563811302185,0
2122,3944,0.3937339186668396,0
2122,516,0.44942858815193176,0
2122,4166,0.378390908241272,0
2122,2456,0.3997250199317932,0
2122,1378,0.40897849202156067,0
2122,1993,0.37752166390419006,0
2122,1035,0.42551761865615845,0
2122,1739,0.43496453762054443,0
2122,85,0.42849916219711304,0
2122,3347,0.3709929883480072,0
2122,498,0.4153265953063965,0
2122,4070,0.3712978959083557,0
2122,1231,0.4257337152957916,0
2122,847,0.39151331782341003,0
2122,2210,0.3728140592575073,0
2122,492,0.42313775420188904,0
2122,3478,0.38935497403144836,0
2122,547,0.4012520909309387,0
3859,3859,0.3866625428199768,1
3859,2819,0.39742133021354675,0
3859,3676,0.38066214323043823,0
3859,2640,0.36441299319267273,0
3859,2310,0.40108320116996765,0
3859,1082,0.4392782151699066,0
3859,2475,0.3876437842845917,0
3859,3551,0.3931037485599518,0
3859,2793,0.3767782151699066,0
3859,3454,0.374688982963562,0
3859,1475,0.4105105996131897,0
3859,1554,0.3744218051433563,0
3859,3843,0.40522125363349915,0
3859,1641,0.4316120743751526,0
3859,43,0.39505061507225037,0
3859,1488,0.3804210424423218,0
3859,585,0.4005366265773773,0
3859,538,0.40189993381500244,0
3859,3467,0.39832350611686707,0
3859,92,0.38824373483657837,0
3743,3743,0.41552314162254333,1
3743,3920,0.4207465648651123,0
3743,1504,0.4169161915779114,0
3743,3122,0.3692284822463989,0
3743,3064,0.3544808626174927,0
3743,728,0.416184663772583,0
3743,3569,0.39007139205932617,0
3743,374,0.3836345672607422,0
3743,812,0.4482214152812958,0
3743,237,0.391787052154541,0
3743,3477,0.41131171584129333,0
3743,1788,0.3984242081642151,0
3743,2179,0.3959839344024658,0
3743,25,0.3667917251586914,0
3743,1490,0.3865060806274414,0
3743,562,0.42734667658805847,0
3743,2556,0.36763808131217957,0
3743,1417,0.37914103269577026,0
3743,1414,0.35644832253456116,0
3743,3589,0.39733242988586426,0
200,200,0.413030207157135,1
200,2658,0.40079501271247864,0
200,1050,0.3821052014827728,0
200,1460,0.38859739899635315,0
200,1428,0.3846716582775116,0
200,2296,0.3946576714515686,0
200,1930,0.3704097270965576,0
200,1577,0.4017840027809143,0
200,1457,0.3961002826690674,0
200,2773,0.4116247296333313,0
200,224,0.4215281009674072,0
200,2995,0.36400097608566284,0
200,3949,0.40499863028526306,0
200,46,0.4451253116130829,0
200,494,0.37763601541519165,0
200,477,0.3763079047203064,0
200,895,0.3506534993648529,0
200,12,0.43937981128692627,0
200,1427,0.44627323746681213,0
200,1144,0.48381587862968445,0
3110,3110,0.3743766248226166,1
3110,2309,0.38816121220588684,0
3110,3990,0.3605041801929474,0
3110,1597,0.3775743246078491,0
3110,1987,0.35459718108177185,0
3110,2178,0.37352627515792847,0
3110,3760,0.3769555389881134,0
3110,2831,0.3590210974216461,0
3110,4027,0.3869825303554535,0
3110,1436,0.4068507254123688,0
3110,1191,0.3503551483154297,0
3110,4054,0.3602685332298279,0
3110,3302,0.37097808718681335,0
3110,3250,0.3523368835449219,0
3110,1546,0.39699965715408325,0
3110,3263,0.38814669847488403,0
3110,3993,0.34748250246047974,0
3110,963,0.3758684992790222,0
3110,1359,0.35524019598960876,0
3110,3014,0.3473110496997833,0
196,196,0.35639864206314087,1
196,1746,0.4162741005420685,0
196,3863,0.4270063638687134,0
196,1638,0.43269503116607666,0
196,3603,0.4022016227245331,0
196,2426,0.37480300664901733,0
196,2071,0.4024617075920105,0
196,726,0.3648485541343689,0
196,1467,0.38675427436828613,0
196,3419,0.3535108268260956,0
196,2308,0.3754786550998688,0
196,1656,0.3997611403465271,0
196,3253,0.3864307999610901,0
196,1110,0.36855649948120117,0
196,2572,0.3896043300628662,0
196,3078,0.41068464517593384,0
196,3216,0.3956204652786255,0
196,126,0.3996663987636566,0
196,3864,0.36588698625564575,0
196,366,0.4113377034664154,0
3171,3171,0.4003879725933075,1
3171,1892,0.4071515202522278,0
3171,3017,0.43316519260406494,0
3171,3448,0.38640910387039185,0
3171,286,0.4062610864639282,0
3171,4047,0.3918716013431549,0
3171,3246,0.3713259696960449,0
3171,3299,0.397922545671463,0
3171,2367,0.3981269896030426,0
3171,2794,0.4578329622745514,0
3171,2012,0.39446181058883667,0
3171,4102,0.38264089822769165,0
3171,1795,0.3948709964752197,0
3171,1660,0.4020978808403015,0
3171,3276,0.3797169625759125,0
3171,3553,0.3828928768634796,0
3171,1606,0.3613013029098511,0
3171,1695,0.37300851941108704,0
3171,15,0.43131837248802185,0
3171,945,0.39657819271087646,0
3874,3874,0.3920697867870331,1
3874,3527,0.3850994110107422,0
3874,757,0.4152337610721588,0
3874,1819,0.4662107825279236,0
3874,2122,0.3963230550289154,0
3874,2936,0.352319598197937,0
3874,3055,0.3698710501194,0
3874,3594,0.38889428973197937,0
3874,126,0.39915362000465393,0
3874,1513,0.392680823802948,0
3874,175,0.4044424593448639,0
3874,3424,0.36523762345314026,0
3874,2422,0.4024224579334259,0
3874,49,0.37526097893714905,0
3874,3465,0.4492354393005371,0
3874,2840,0.38221657276153564,0
3874,2014,0.4086402654647827,0
3874,2343,0.36683404445648193,0
3874,3767,0.3745812773704529,0
3874,2141,0.3774109184741974,0
560,560,0.43027761578559875,1
560,1962,0.4351523518562317,0
560,1684,0.3847111463546753,0
560,1757,0.4006076455116272,0
560,3598,0.38750776648521423,0
560,58,0.41140562295913696,0
560,569,0.4008884131908417,0
560,2248,0.40208661556243896,0
560,879,0.37580564618110657,0
560,2438,0.39723169803619385,0
560,1334,0.41655784845352173,0
560,2402,0.4680841267108917,0
560,3028,0.39912930130958557,0
560,350,0.4742894768714905,0
560,1544,0.3835798501968384,0
560,3239,0.3958950936794281,0
560,2512,0.39147958159446716,0
560,4177,0.38903695344924927,0
560,347,0.43959033489227295,0
560,1779,0.43503233790397644,0
240,240,0.4061650335788727,1
240,2985,0.39555639028549194,0
240,1511,0.39379724860191345,0
240,1496,0.4241272807121277,0
240,633,0.46565374732017517,0
240,4111,0.3833691477775574,0
240,2736,0.3657577633857727,0
240,2414,0.36127227544784546,0
240,2691,0.4244963228702545,0
240,289,0.3731531500816345,0
240,1733,0.36906906962394714,0
240,1538,0.46106183528900146,0
240,2705,0.39058223366737366,0
240,3400,0.4282437860965729,0
240,1257,0.3752293884754181,0
240,2168,0.38387271761894226,0
240,1987,0.36500465869903564,0
240,1856,0.4052293002605438,0
240,1044,0.417439728975296,0
240,3979,0.38759538531303406,0
4047,4047,0.37155893445014954,1
4047,2822,0.37205711007118225,0
4047,51,0.40600770711898804,0
4047,3657,0.3753582835197449,0
4047,2044,0.3917751610279083,0
4047,3024,0.40676531195640564,0
4047,969,0.4330905079841614,0
4047,3323,0.3224133849143982,0
4047,3296,0.3781279921531677,0
4047,227,0.36114346981048584,0
4047,512,0.4267059564590454,0
4047,3721,0.4074149429798126,0
4047,1783,0.3985976278781891,0
4047,4179,0.38819101452827454,0
4047,323,0.3802020251750946,0
4047,3791,0.370800256729126,0
4047,3512,0.35369741916656494,0
4047,3834,0.42138543725013733,0
4047,3792,0.42139217257499695,0
4047,2652,0.4246387779712677,0
1423,1423,0.4189086854457855,1
1423,2534,0.39682531356811523,0
1423,3986,0.38023364543914795,0
1423,1851,0.4110601246356964,0
1423,1680,0.4668385088443756,0
1423,2137,0.39461812376976013,0
1423,1307,0.5293721556663513,0
1423,66,0.40385702252388,0
1423,253,0.4754228889942169,0
1423,2794,0.4530639052391052,0
1423,1015,0.3970245122909546,0
1423,967,0.3645266592502594,0
1423,513,0.42328357696533203,0
1423,37,0.42908036708831787,0
1423,3101,0.4372909367084503,0
1423,3062,0.3960252106189728,0
1423,1340,0.42398732900619507,0
1423,3150,0.3729172945022583,0
1423,297,0.45688915252685547,0
1423,3438,0.38987675309181213,0
2276,2276,0.3476394712924957,1
2276,279,0.36291420459747314,0
2276,2249,0.39210259914398193,0
2276,1493,0.3601132929325104,0
2276,190,0.43270495533943176,0
2276,3182,0.3977643549442291,0
2276,1028,0.3595673441886902,0
2276,3893,0.35335227847099304,0
2276,1433,0.37965884804725647,0
2276,3922,0.37245920300483704,0
2276,74,0.3523763418197632,0
2276,3080,0.3515870273113251,0
2276,688,0.33695441484451294,0
2276,2846,0.3555540442466736,0
2276,987,0.3716336786746979,0
2276,2394,0.35892701148986816,0
2276,1901,0.3882022500038147,0
2276,529,0.4006965160369873,0
2276,3983,0.3602546453475952,0
2276,464,0.3622511923313141,0
928,928,0.48920872807502747,1
928,3076,0.4313249886035919,0
928,3727,0.46173331141471863,0
928,1529,0.47305846214294434,0
928,2827,0.4030749797821045,0
928,1657,0.4740232825279236,0
928,391,0.4359853267669678,0
928,2388,0.48851457238197327,0
928,2909,0.4150404632091522,0
928,207,0.46840900182724,0
928,923,0.4085841178894043,0
928,4042,0.3710364103317261,0
928,1703,0.48871439695358276,0
928,259,0.5264180302619934,0
928,2581,0.47030267119407654,0
928,4031,0.38461312651634216,0
928,3230,0.3961043953895569,0
928,1467,0.42990636825561523,0
928,3239,0.43458226323127747,0
928,1227,0.4534982144832611,0
29,29,0.4440860152244568,1
29,670,0.39517590403556824,0
29,2100,0.39867350459098816,0
29,1576,0.42879781126976013,0
29,1350,0.37525907158851624,0
29,167,0.3701746463775635,0
29,3739,0.4304113984107971,0
29,1035,0.40075773000717163,0
29,134,0.37933698296546936,0
29,4105,0.35484054684638977,0
29,3117,0.35049930214881897,0
29,1219,0.38699406385421753,0
29,2810,0.4446306526660919,0
29,1163,0.3823978006839752,0
29,1699,0.3786369264125824,0
29,2936,0.37125223875045776,0
29,326,0.3923369348049164,0
29,2300,0.4106948971748352,0
29,2824,0.3822438418865204,0
29,1877,0.40383586287498474,0
3936,3936,0.37380683422088623,1
3936,4173,0.35386282205581665,0
3936,2168,0.3931180238723755,0
3936,2262,0.44578927755355835,0
3936,3069,0.3747011721134186,0
3936,541,0.5162407755851746,0
3936,3835,0.37807878851890564,0
3936,2115,0.3465290367603302,0
3936,1323,0.38711777329444885,0
3936,1470,0.36871451139450073,0
3936,2699,0.4692409038543701,0
3936,1295,0.3594845235347748,0
3936,3743,0.4060726761817932,0
3936,330,0.4130401313304901,0
3936,3511,0.3835739195346832,0
3936,1944,0.39887502789497375,0
3936,1356,0.39958396553993225,0
3936,3520,0.3911214768886566,0
3936,596,0.3728901743888855,0
3936,4002,0.3794488310813904,0
556,556,0.4592689275741577,1
556,484,0.399873822927475,0
556,41,0.37883105874061584,0
556,819,0.4227178394794464,0
556,1678,0.3832530379295349,0
556,577,0.42173290252685547,0
556,61,0.4612237513065338,0
556,1398,0.41972342133522034,0
556,3392,0.3681482970714569,0
556,76,0.4553399384021759,0
556,1803,0.3931669294834137,0
556,3265,0.4468561112880707,0
556,2863,0.4184776246547699,0
556,916,0.44186094403266907,0
556,624,0.4362986087799072,0
556,4072,0.39866092801094055,0
556,2298,0.4462982714176178,0
556,2211,0.3811088502407074,0
556,1812,0.46822983026504517,0
556,547,0.41470155119895935,0
328,328,0.44917047023773193,1
328,760,0.38033154606819153,0
328,125,0.4220438301563263,0
328,2416,0.40348953008651733,0
328,2532,0.4120790362358093,0
328,437,0.40726810693740845,0
328,1494,0.37527549266815186,0
328,1029,0.37170711159706116,0
328,3686,0.39953991770744324,0
328,2429,0.3702586591243744,0
328,2934,0.3681502342224121,0
328,2273,0.3657645285129547,0
328,2087,0.4280953109264374,0
328,595,0.40328842401504517,0
328,2608,0.3748916685581207,0
328,1890,0.35368478298187256,0
328,1352,0.3870919644832611,0
328,1936,0.37737932801246643,0
328,3733,0.3846830129623413,0
328,1419,0.38607537746429443,0
1156,1156,0.4259560704231262,1
1156,2503,0.4119299054145813,0
1156,2992,0.3980870544910431,0
1156,1263,0.4499964714050293,0
1156,294,0.39370396733283997,0
1156,2292,0.3847714066505432,0
1156,2502,0.37101253867149353,0
1156,2727,0.47160667181015015,0
1156,285,0.358499139547348,0
1156,2402,0.43844324350357056,0
1156,421,0.3931747078895569,0
1156,1170,0.38492777943611145,0
1156,3400,0.4381474256515503,0
1156,3320,0.45357412099838257,0
1156,1080,0.40803438425064087,0
1156,2963,0.3990088701248169,0
1156,1293,0.38331520557403564,0
1156,2853,0.3794703185558319,0
1156,2610,0.3672201335430145,0
1156,2568,0.38998183608055115,0
4099,4099,0.34194692969322205,1
4099,2599,0.39634719491004944,0
4099,1647,0.4131503701210022,0
4099,1694,0.3393188714981079,0
4099,2174,0.3646432161331177,0
4099,3968,0.3697749376296997,0
4099,4062,0.36343032121658325,0
4099,706,0.42840245366096497,0
4099,2950,0.3496966063976288,0
4099,2055,0.36481019854545593,0
4099,3428,0.3501199781894684,0
4099,2673,0.353725790977478,0
4099,1688,0.3471328020095825,0
4099,2640,0.3506131172180176,0
4099,55,0.37723082304000854,0
4099,2561,0.36051490902900696,0
4099,1361,0.3545883297920227,0
4099,3141,0.3747521936893463,0
4099,2670,0.4551302194595337,0
4099,3715,0.3420186936855316,0
1821,1821,0.4393432140350342,1
1821,1464,0.4347880482673645,0
1821,666,0.4037940800189972,0
1821,2864,0.3880445659160614,0
1821,4146,0.36918872594833374,0
1821,785,0.38312429189682007,0
1821,3054,0.39934930205345154,0
1821,941,0.5083003044128418,0
1821,2414,0.3777228593826294,0
1821,2395,0.42469942569732666,0
1821,187,0.4327014684677124,0
1821,2557,0.3878180682659149,0
1821,771,0.4274791181087494,0
1821,788,0.38693156838417053,0
1821,1782,0.3923555910587311,0
1821,2507,0.37832075357437134,0
1821,966,0.45207276940345764,0
1821,2962,0.39859285950660706,0
1821,2633,0.3732311427593231,0
1821,3430,0.3612249493598938,0
436,436,0.37717318534851074,1
436,1151,0.3692658543586731,0
436,2321,0.4104330241680145,0
436,3993,0.322785347700119,0
436,3397,0.38082006573677063,0
436,2410,0.349928081035614,0
436,2259,0.3513232171535492,0
436,2460,0.4320530891418457,0
436,2714,0.3714161813259125,0
436,481,0.36869966983795166,0
436,1513,0.3844263255596161,0
436,2163,0.3815081715583801,0
436,1718,0.3756255507469177,0
436,1273,0.3964303433895111,0
436,1482,0.3724115788936615,0
436,989,0.40320509672164917,0
436,1319,0.37879177927970886,0
436,1339,0.35043632984161377,0
436,4085,0.39128637313842773,0
436,2704,0.4014967083930969,0
964,964,0.4085068106651306,1
964,3134,0.4171198904514313,0
964,3394,0.35366708040237427,0
964,3180,0.4235455393791199,0
964,2772,0.3845485746860504,0
964,2854,0.38118213415145874,0
964,3281,0.38642168045043945,0
964,3292,0.39899036288261414,0
964,3162,0.3971622586250305,0
964,2368,0.40883004665374756,0
964,3195,0.37839341163635254,0
964,2116,0.41808056831359863,0
964,3680,0.4005553126335144,0
964,2692,0.43101152777671814,0
964,516,0.4536580741405487,0
964,2635,0.40010491013526917,0
964,1602,0.37491461634635925,0
964,700,0.41077834367752075,0
964,3566,0.3798460364341736,0
964,3196,0.39189761877059937,0
1727,1727,0.3900469243526459,1
1727,2849,0.41695019602775574,0
1727,592,0.4415537714958191,0
1727,3356,0.40648457407951355,0
1727,1424,0.3991478681564331,0
1727,1072,0.41394463181495667,0
1727,1874,0.385672390460968,0
1727,1825,0.3904489278793335,0
1727,1391,0.3970259726047516,0
1727,1714,0.3987143635749817,0
1727,1868,0.39382126927375793,0
1727,2261,0.4530845284461975,0
1727,3145,0.42757686972618103,0
1727,563,0.4117075204849243,0
1727,2557,0.41147440671920776,0
1727,310,0.46735748648643494,0
1727,436,0.4004383385181427,0
1727,1540,0.3920249044895172,0
1727,4103,0.394492506980896,0
1727,2652,0.450699120759964,0
948,948,0.3470872938632965,1
948,652,0.43778419494628906,0
948,4132,0.3804311752319336,0
948,1641,0.4454379379749298,0
948,614,0.4902259409427643,0
948,2170,0.375825434923172,0
948,2528,0.4357755184173584,0
948,3379,0.3715307116508484,0
948,3585,0.3643772304058075,0
948,3746,0.37290409207344055,0
948,1106,0.46535518765449524,0
948,3863,0.39365237951278687,0
948,1915,0.3863072097301483,0
948,3663,0.47337332367897034,0
948,3373,0.37394237518310547,0
948,2783,0.3570902645587921,0
948,2299,0.3815358579158783,0
948,4126,0.3717755377292633,0
948,2956,0.36185184121131897,0
948,55,0.41644278168678284,0
1081,1081,0.43564924597740173,1
1081,3769,0.4127587080001831,0
1081,1111,0.39719006419181824,0
1081,2719,0.38147813081741333,0
1081,3797,0.38275155425071716,0
1081,443,0.3785374164581299,0
1081,2648,0.37746551632881165,0
1081,233,0.43972811102867126,0
1081,1534,0.38731926679611206,0
1081,3209,0.3736698627471924,0
1081,1859,0.3844947814941406,0
1081,3578,0.37093016505241394,0
1081,423,0.40563303232192993,0
1081,2646,0.37373992800712585,0
1081,3400,0.4262232780456543,0
1081,3371,0.3964076638221741,0
1081,1886,0.37078768014907837,0
1081,3848,0.37830376625061035,0
1081,872,0.4275076985359192,0
1081,3922,0.3864147961139679,0
1211,1211,0.38173559308052063,1
1211,1296,0.36219078302383423,0
1211,3825,0.3878880739212036,0
1211,476,0.3762827217578888,0
1211,1227,0.43284520506858826,0
1211,1516,0.4148330092430115,0
1211,2090,0.38839638233184814,0
1211,2377,0.40819427371025085,0
1211,4058,0.3863433003425598,0
1211,2606,0.37252703309059143,0
1211,3945,0.356498658657074,0
1211,1356,0.4214291572570801,0
1211,2071,0.3917614817619324,0
1211,3521,0.3655779957771301,0
1211,1135,0.42663896083831787,0
1211,3276,0.3678862154483795,0
1211,3950,0.3736213147640228,0
1211,2385,0.36071422696113586,0
1211,1253,0.34850913286209106,0
1211,3013,0.4432564973831177,0
2051,2051,0.39323124289512634,1
2051,2391,0.3713406026363373,0
2051,370,0.39673638343811035,0
2051,3949,0.41297149658203125,0
2051,556,0.46386781334877014,0
2051,1433,0.3990091383457184,0
2051,56,0.456571102142334,0
2051,3630,0.4066902995109558,0
2051,4005,0.3916650414466858,0
2051,1092,0.37464094161987305,0
2051,3814,0.45545104146003723,0
2051,617,0.36281782388687134,0
2051,110,0.3930406868457794,0
2051,1559,0.34839317202568054,0
2051,3730,0.3846403956413269,0
2051,2020,0.4638177156448364,0
2051,146,0.46201232075691223,0
2051,4158,0.40076398849487305,0
2051,3782,0.41404107213020325,0
2051,160,0.412777841091156,0
1207,1207,0.40813013911247253,1
1207,1167,0.387500524520874,0
1207,2252,0.4167736768722534,0
1207,2882,0.38151586055755615,0
1207,2260,0.3940593898296356,0
1207,2035,0.3954874277114868,0
1207,2309,0.4121251106262207,0
1207,3707,0.401466429233551,0
1207,3620,0.3822762966156006,0
1207,3025,0.40319424867630005,0
1207,3875,0.39342033863067627,0
1207,317,0.43021920323371887,0
1207,2607,0.39992451667785645,0
1207,1169,0.4015180170536041,0
1207,1627,0.43758052587509155,0
1207,1779,0.4481170177459717,0
1207,3851,0.42752957344055176,0
1207,1044,0.42395034432411194,0
1207,1142,0.38365674018859863,0
1207,2244,0.4128055274486542,0
1683,1683,0.3999825716018677,1
1683,3753,0.36053818464279175,0
1683,3502,0.3757093548774719,0
1683,162,0.4387928247451782,0
1683,1631,0.36488136649131775,0
1683,3509,0.36392736434936523,0
1683,1649,0.36961132287979126,0
1683,1331,0.3601076602935791,0
1683,3036,0.3720023036003113,0
1683,1571,0.34801656007766724,0
1683,4099,0.35387226939201355,0
1683,1003,0.39928364753723145,0
1683,1224,0.3533523976802826,0
1683,372,0.3958398401737213,0
1683,2405,0.3703702688217163,0
1683,1375,0.4068620502948761,0
1683,294,0.3682566285133362,0
1683,127,0.3685336709022522,0
1683,3948,0.36972129344940186,0
1683,2114,0.4476530849933624,0
3007,3007,0.35828450322151184,1
3007,1445,0.3801121413707733,0
3007,2938,0.43230435252189636,0
3007,562,0.40927016735076904,0
3007,3945,0.3876546323299408,0
3007,1742,0.38366541266441345,0
3007,1859,0.3909992277622223,0
3007,1009,0.4441368579864502,0
3007,490,0.4028579890727997,0
3007,3424,0.3833409249782562,0
3007,351,0.34720927476882935,0
3007,172,0.42469286918640137,0
3007,1114,0.43490803241729736,0
3007,2754,0.42329201102256775,0
3007,2659,0.3920445442199707,0
3007,3634,0.4102502465248108,0
3007,3752,0.39141058921813965,0
3007,357,0.42244914174079895,0
3007,3790,0.3797064423561096,0
3007,2161,0.38152220845222473,0
4023,4023,0.38489413261413574,1
4023,160,0.40529119968414307,0
4023,3020,0.4186180830001831,0
4023,3725,0.39548391103744507,0
4023,1433,0.41319578886032104,0
4023,3315,0.4071427285671234,0
4023,730,0.4216141104698181,0
4023,2008,0.3838878273963928,0
4023,1482,0.39253997802734375,0
4023,3332,0.38021180033683777,0
4023,2434,0.39897188544273376,0
4023,1970,0.49467378854751587,0
4023,1071,0.4287315905094147,0
4023,1082,0.4238944947719574,0
4023,3054,0.3969952464103699,0
4023,711,0.38816139101982117,0
4023,178,0.4150331914424896,0
4023,3919,0.3651314973831177,0
4023,891,0.44531190395355225,0
4023,3245,0.3960084021091461,0
2975,2975,0.3592507243156433,1
2975,2787,0.39808934926986694,0
2975,817,0.3763514459133148,0
2975,4120,0.38327518105506897,0
2975,225,0.42243391275405884,0
2975,954,0.3923838436603546,0
2975,2543,0.4292158782482147,0
2975,4014,0.3922450542449951,0
2975,463,0.4297177195549011,0
2975,1082,0.4374951124191284,0
2975,2804,0.41349008679389954,0
2975,1240,0.4613999128341675,0
2975,3091,0.3986925482749939,0
2975,829,0.39926841855049133,0
2975,1715,0.4070543050765991,0
2975,203,0.39279577136039734,0
2975,2083,0.43287530541419983,0
2975,530,0.40396636724472046,0
2975,3293,0.39573290944099426,0
2975,1499,0.3891493082046509,0
48,48,0.3459261655807495,1
48,2234,0.34919309616088867,0
48,2026,0.38503122329711914,0
48,1083,0.4333108365535736,0
48,1661,0.4335273206233978,0
48,69,0.4213005602359772,0
48,3446,0.35930147767066956,0
48,1264,0.38348323106765747,0
48,285,0.35567450523376465,0
48,219,0.40623021125793457,0
48,852,0.4573177099227905,0
48,3552,0.4184305667877197,0
48,1522,0.3907700181007385,0
48,1301,0.41153600811958313,0
48,3585,0.353079617023468,0
48,299,0.4712103009223938,0
48,1222,0.4059513807296753,0
48,3668,0.4194176197052002,0
48,831,0.4268449544906616,0
48,1705,0.3442099392414093,0
3885,3885,0.36274224519729614,1
3885,409,0.4201588034629822,0
3885,3004,0.3852465748786926,0
3885,651,0.3977185785770416,0
3885,795,0.40179747343063354,0
3885,4151,0.38800472021102905,0
3885,2972,0.39012378454208374,0
3885,2855,0.41618233919143677,0
3885,3071,0.3870312571525574,0
3885,1205,0.39558646082878113,0
3885,4174,0.36291801929473877,0
3885,3232,0.4009566307067871,0
3885,2413,0.3728773593902588,0
3885,2469,0.34600865840911865,0
3885,2928,0.3956294059753418,0
3885,3410,0.3857457935810089,0
3885,1437,0.3799084424972534,0
3885,2305,0.35716530680656433,0
3885,1522,0.4038507044315338,0
3885,3879,0.3676840364933014,0
1944,1944,0.4115332067012787,1
1944,2582,0.4247707426548004,0
1944,3211,0.411318838596344,0
1944,113,0.4001913070678711,0
1944,981,0.42090553045272827,0
1944,156,0.4405631721019745,0
1944,1972,0.37173599004745483,0
1944,542,0.41713640093803406,0
1944,1197,0.4459395408630371,0
1944,809,0.375995397567749,0
1944,3170,0.37902042269706726,0
1944,3790,0.392879843711853,0
1944,1292,0.3890955150127411,0
1944,3804,0.35790055990219116,0
1944,2841,0.3759812116622925,0
1944,478,0.3917558789253235,0
1944,2481,0.3883465826511383,0
1944,2796,0.4360122084617615,0
1944,595,0.4170213043689728,0
1944,1099,0.3768446445465088,0
1519,1519,0.3863743543624878,1
1519,2854,0.37785804271698,0
1519,379,0.46559855341911316,0
1519,4090,0.37619471549987793,0
1519,3855,0.38941824436187744,0
1519,3512,0.3618509769439697,0
1519,3214,0.4357627332210541,0
1519,947,0.4150545001029968,0
1519,3682,0.3937986195087433,0
1519,546,0.36791515350341797,0
1519,2857,0.3994278311729431,0
1519,247,0.3873205780982971,0
1519,2921,0.3833705186843872,0
1519,3143,0.4007774591445923,0
1519,485,0.4704243540763855,0
1519,536,0.4806644320487976,0
1519,617,0.37659788131713867,0
1519,841,0.4347689747810364,0
1519,466,0.4989474415779114,0
1519,1239,0.40160128474235535,0
3000,3000,0.37245064973831177,1
3000,2316,0.3618202209472656,0
3000,3610,0.36869460344314575,0
3000,355,0.39873093366622925,0
3000,2725,0.360251784324646,0
3000,1152,0.4058104455471039,0
3000,2531,0.39334142208099365,0
3000,1596,0.3993806540966034,0
3000,1676,0.3735450208187103,0
3000,2410,0.33988258242607117,0
3000,3919,0.34673550724983215,0
3000,694,0.3823528587818146,0
3000,1044,0.3740641176700592,0
3000,1779,0.39142340421676636,0
3000,2874,0.36651939153671265,0
3000,3072,0.36951932311058044,0
3000,1854,0.37326034903526306,0
3000,2913,0.35675689578056335,0
3000,2196,0.38178592920303345,0
3000,2457,0.35626542568206787,0
3794,3794,0.37726065516471863,1
3794,3864,0.3894592225551605,0
3794,99,0.4337533414363861,0
3794,2945,0.44162893295288086,0
3794,321,0.4109172224998474,0
3794,1365,0.484674334526062,0
3794,1579,0.45571616291999817,0
3794,1644,0.4015774130821228,0
3794,1778,0.3815131187438965,0
3794,1789,0.40227407217025757,0
3794,502,0.44934287667274475,0
3794,3117,0.37208935618400574,0
3794,1354,0.4296860694885254,0
3794,161,0.40242111682891846,0
3794,1984,0.38099607825279236,0
3794,1035,0.4614270031452179,0
3794,2441,0.41406089067459106,0
3794,3646,0.4184667766094208,0
3794,2187,0.37072476744651794,0
3794,2604,0.40643736720085144,0
2262,2262,0.4553989768028259,1
2262,2860,0.39944005012512207,0
2262,1317,0.3833337426185608,0
2262,1721,0.3856279253959656,0
2262,2134,0.3704524636268616,0
2262,252,0.4786606431007385,0
2262,1553,0.36638960242271423,0
2262,1742,0.40611550211906433,0
2262,2128,0.3963918089866638,0
2262,2405,0.3921430706977844,0
2262,433,0.3742813766002655,0
2262,2636,0.3824201226234436,0
2262,1239,0.38792848587036133,0
2262,3243,0.4074946939945221,0
2262,2521,0.367236852645874,0
2262,419,0.3913244307041168,0
2262,343,0.44714048504829407,0
2262,2963,0.3995605409145355,0
2262,2840,0.391385018825531,0
2262,2877,0.40675267577171326,0
956,956,0.42402157187461853,1
956,161,0.3875771760940552,0
956,412,0.402549147605896,0
956,2077,0.3588203191757202,0
956,2482,0.3924092948436737,0
956,27,0.45513999462127686,0
956,152,0.4517572820186615,0
956,294,0.3815692067146301,0
956,2936,0.360426664352417,0
956,3450,0.3564029037952423,0
956,3688,0.3676055371761322,0
956,2831,0.37572580575942993,0
956,2112,0.37313926219940186,0
956,1017,0.3862591087818146,0
956,2947,0.3888823091983795,0
956,3468,0.3682968020439148,0
956,3320,0.4418734908103943,0
956,1989,0.3960241675376892,0
956,4011,0.38621947169303894,0
956,1084,0.43274152278900146,0
2036,2036,0.4778212904930115,1
2036,1287,0.4362168312072754,0
2036,1433,0.3658945858478546,0
2036,2274,0.4226652979850769,0
2036,713,0.423138290643692,0
2036,1933,0.42766010761260986,0
2036,1040,0.3638414740562439,0
2036,197,0.3868366479873657,0
2036,3154,0.37889617681503296,0
2036,2396,0.375634104013443,0
2036,2504,0.35965558886528015,0
2036,3712,0.3578358292579651,0
2036,4050,0.3859083652496338,0
2036,170,0.4307931363582611,0
2036,2564,0.4262677729129791,0
2036,517,0.5280243158340454,0
2036,1275,0.3944392204284668,0
2036,1500,0.402786523103714,0
2036,1241,0.38248857855796814,0
2036,3423,0.38882511854171753,0
586,586,0.4526206851005554,1
586,978,0.3728283941745758,0
586,794,0.39389821887016296,0
586,1376,0.44722476601600647,0
586,3265,0.42406973242759705,0
586,318,0.4508543312549591,0
586,833,0.43181315064430237,0
586,3204,0.3442824184894562,0
586,277,0.42740997672080994,0
586,3078,0.40050581097602844,0
586,1037,0.4153229892253876,0
586,1275,0.3830239176750183,0
586,1717,0.3944900929927826,0
586,3258,0.37899312376976013,0
586,1654,0.3647126853466034,0
586,3985,0.3830563724040985,0
586,921,0.4145616888999939,0
586,4086,0.36792463064193726,0
586,2348,0.4456385672092438,0
586,1993,0.37904128432273865,0
2904,2904,0.3868645131587982,1
2904,1992,0.41744092106819153,0
2904,879,0.3648455739021301,0
2904,1256,0.3714900314807892,0
2904,3453,0.38743293285369873,0
2904,441,0.34306859970092773,0
2904,2554,0.37408876419067383,0
2904,1300,0.3937170207500458,0
2904,347,0.43686366081237793,0
2904,2577,0.386993408203125,0
2904,3411,0.3874087929725647,0
2904,713,0.40796321630477905,0
2904,3961,0.386859655380249,0
2904,3358,0.4560331106185913,0
2904,3469,0.3974551856517792,0
2904,3617,0.3865947425365448,0
2904,3936,0.37487509846687317,0
2904,2742,0.42091941833496094,0
2904,443,0.39617136120796204,0
2904,4118,0.3864281177520752,0
3032,3032,0.4113052189350128,1
3032,679,0.39607974886894226,0
3032,1401,0.38623207807540894,0
3032,1382,0.3769562542438507,0
3032,667,0.4537670910358429,0
3032,2136,0.40809547901153564,0
3032,3783,0.40300899744033813,0
3032,1652,0.43877771496772766,0
3032,2285,0.3897818922996521,0
3032,2214,0.42404887080192566,0
3032,2558,0.4060165584087372,0
3032,3438,0.3928946256637573,0
3032,1461,0.4265747666358948,0
3032,4089,0.3816279172897339,0
3032,182,0.3981475532054901,0
3032,3036,0.40657517313957214,0
3032,994,0.40775731205940247,0
3032,2915,0.38077399134635925,0
3032,1906,0.38936328887939453,0
3032,1295,0.39054930210113525,0
3543,3543,0.3776968717575073,1
3543,935,0.3711554706096649,0
3543,254,0.3522363603115082,0
3543,562,0.39383602142333984,0
3543,2732,0.36171388626098633,0
3543,1507,0.36302775144577026,0
3543,2749,0.3816869258880615,0
3543,901,0.4292716979980469,0
3543,3328,0.3573790490627289,0
3543,3161,0.3799671232700348,0
3543,2253,0.3578141927719116,0
3543,2511,0.398689866065979,0
3543,3438,0.3679315149784088,0
3543,1226,0.3644464313983917,0
3543,2684,0.4187019467353821,0
3543,1599,0.3980255424976349,0
3543,1837,0.36958977580070496,0
3543,1961,0.373124897480011,0
3543,2811,0.3900076448917389,0
3543,2521,0.34424975514411926,0
1909,1909,0.3795914649963379,1
1909,1000,0.42517343163490295,0
1909,573,0.44244542717933655,0
1909,1107,0.4342960715293884,0
1909,202,0.5388712882995605,0
1909,3187,0.4234777092933655,0
1909,2878,0.3761065602302551,0
1909,2924,0.3984639048576355,0
1909,2454,0.5133152008056641,0
1909,4030,0.37606704235076904,0
1909,716,0.42954838275909424,0
1909,1643,0.4264836013317108,0
1909,2544,0.4098571240901947,0
1909,3229,0.4439184069633484,0
1909,1559,0.37477898597717285,0
1909,3386,0.39600202441215515,0
1909,1988,0.39375871419906616,0
1909,694,0.40465664863586426,0
1909,582,0.4155578911304474,0
1909,248,0.37844353914260864,0
3151,3151,0.3778618276119232,1
3151,411,0.4243846535682678,0
3151,3576,0.4339408874511719,0
3151,413,0.4106201231479645,0
3151,2028,0.3956650197505951,0
3151,1573,0.361905574798584,0
3151,2764,0.3751397430896759,0
3151,1371,0.3723759353160858,0
3151,2527,0.3957352936267853,0
3151,766,0.3814907670021057,0
3151,1664,0.3986178934574127,0
3151,767,0.3834112584590912,0
3151,3824,0.3791721761226654,0
3151,124,0.3966129422187805,0
3151,997,0.48316434025764465,0
3151,212,0.3486982583999634,0
3151,1300,0.3784131109714508,0
3151,442,0.4041045904159546,0
3151,967,0.3544076681137085,0
3151,4019,0.35930609703063965,0
3990,3990,0.3794308602809906,1
3990,2645,0.4816798269748688,0
3990,2488,0.44964858889579773,0
3990,2447,0.4050735831260681,0
3990,1452,0.4279440641403198,0
3990,3742,0.4354907274246216,0
3990,4167,0.39683929085731506,0
3990,3587,0.4275122880935669,0
3990,1102,0.42124542593955994,0
3990,1239,0.40646857023239136,0
3990,3581,0.40038686990737915,0
3990,4053,0.46091216802597046,0
3990,2169,0.39293310046195984,0
3990,1505,0.5108200311660767,0
3990,2312,0.4022345244884491,0
3990,1776,0.42230650782585144,0
3990,2635,0.4247666597366333,0
3990,2737,0.40586239099502563,0
3990,3563,0.35411232709884644,0
3990,2961,0.3964148759841919,0
1783,1783,0.4048100709915161,1
1783,3926,0.399397611618042,0
1783,2583,0.4059755206108093,0
1783,1695,0.3688134551048279,0
1783,1698,0.40986111760139465,0
1783,879,0.3650168776512146,0
1783,2471,0.41516613960266113,0
1783,2335,0.453934907913208,0
1783,44,0.37494713068008423,0
1783,2013,0.38538774847984314,0
1783,3375,0.42051517963409424,0
1783,1687,0.3929271697998047,0
1783,453,0.4167386591434479,0
1783,2788,0.4086442291736603,0
1783,2446,0.41881972551345825,0
1783,3463,0.4014216661453247,0
1783,978,0.38277944922447205,0
1783,2442,0.42306405305862427,0
1783,3509,0.39461827278137207,0
1783,497,0.4336734116077423,0
666,666,0.41754764318466187,1
666,3188,0.4034571647644043,0
666,1004,0.4053521752357483,0
666,4026,0.4059126675128937,0
666,2632,0.41564616560935974,0
666,3878,0.3643836975097656,0
666,2227,0.44054776430130005,0
666,1892,0.42308613657951355,0
666,3084,0.4093381464481354,0
666,1722,0.43344494700431824,0
666,2958,0.3950797915458679,0
666,1492,0.454033225774765,0
666,1188,0.43011000752449036,0
666,2188,0.5142337083816528,0
666,1666,0.4064192473888397,0
666,95,0.4303191900253296,0
666,3512,0.36974334716796875,0
666,828,0.4070795178413391,0
666,3493,0.35828253626823425,0
666,3236,0.3932253420352936,0
2728,2728,0.3779372274875641,1
2728,596,0.3503531217575073,0
2728,3075,0.35360515117645264,0
2728,969,0.4067113399505615,0
2728,2088,0.4685870110988617,0
2728,1551,0.37017250061035156,0
2728,2039,0.3427279591560364,0
2728,1257,0.3455016613006592,0
2728,4055,0.3518640100955963,0
2728,2816,0.33722367882728577,0
2728,2202,0.34971538186073303,0
2728,2775,0.3841952085494995,0
2728,528,0.3992313742637634,0
2728,1783,0.3747415244579315,0
2728,163,0.398883581161499,0
2728,2584,0.35802772641181946,0
2728,1495,0.4016400873661041,0
2728,1058,0.35929763317108154,0
2728,642,0.3698596954345703,0
2728,2423,0.3726264238357544,0
779,779,0.406690388917923,1
779,3774,0.4147769808769226,0
779,715,0.4336392879486084,0
779,1506,0.39118602871894836,0
779,3602,0.3844875693321228,0
779,3069,0.3749701976776123,0
779,2809,0.42082756757736206,0
779,3922,0.40274786949157715,0
779,3320,0.4263445734977722,0
779,2126,0.46136313676834106,0
779,456,0.3822282552719116,0
779,628,0.3722973167896271,0
779,1357,0.37398281693458557,0
779,4092,0.38402122259140015,0
779,435,0.40712618827819824,0
779,2810,0.47347208857536316,0
779,1998,0.3981776833534241,0
779,2903,0.3698508143424988,0
779,2103,0.40387067198753357,0
779,438,0.384275883436203,0
2323,2323,0.38204169273376465,1
2323,738,0.4179828464984894,0
2323,1347,0.37457212805747986,0
2323,1409,0.414368212223053,0
2323,3186,0.3586879372596741,0
2323,2914,0.3885568082332611,0
2323,1195,0.3925906717777252,0
2323,2850,0.404976487159729,0
2323,641,0.40309223532676697,0
2323,164,0.4517771601676941,0
2323,1929,0.41674119234085083,0
2323,121,0.46490153670310974,0
2323,258,0.38969868421554565,0
2323,3599,0.43117526173591614,0
2323,3238,0.38151484727859497,0
2323,3483,0.46859660744667053,0
2323,1490,0.41349315643310547,0
2323,3115,0.4511139690876007,0
2323,1299,0.37486889958381653,0
2323,1954,0.5044309496879578,0
1845,1845,0.3779064416885376,1
1845,3656,0.3557526767253876,0
1845,787,0.397430419921875,0
1845,1843,0.43089282512664795,0
1845,3363,0.38380613923072815,0
1845,3018,0.3719708323478699,0
1845,1262,0.4146136939525604,0
1845,4066,0.3523182272911072,0
1845,2258,0.4286784529685974,0
1845,2129,0.4048263430595398,0
1845,266,0.35180073976516724,0
1845,1010,0.4151844382286072,0
1845,1698,0.39087820053100586,0
1845,762,0.4028514325618744,0
1845,2427,0.3810673952102661,0
1845,1236,0.36462369561195374,0
1845,112,0.4052918553352356,0
1845,323,0.38596510887145996,0
1845,617,0.35452765226364136,0
1845,2061,0.3748685121536255,0
2944,2944,0.3547661602497101,1
2944,4118,0.3746200501918793,0
2944,4132,0.38628727197647095,0
2944,1210,0.3886260986328125,0
2944,4150,0.38915979862213135,0
2944,3713,0.36847567558288574,0
2944,541,0.44846996665000916,0
2944,2722,0.38664188981056213,0
2944,2142,0.3771759867668152,0
2944,2770,0.37796449661254883,0
2944,4157,0.35945600271224976,0
2944,56,0.4255846440792084,0
2944,2690,0.3852706551551819,0
2944,543,0.3824884295463562,0
2944,2658,0.4071385860443115,0
2944,2477,0.39355912804603577,0
2944,1663,0.4269852638244629,0
2944,3957,0.366887629032135,0
2944,175,0.4016278088092804,0
2944,3962,0.3833634555339813,0
1191,1191,0.35568681359291077,1
1191,2793,0.38216593861579895,0
1191,3507,0.37440842390060425,0
1191,1765,0.3985656797885895,0
1191,3072,0.39010611176490784,0
1191,3653,0.392820805311203,0
1191,540,0.3571757674217224,0
1191,287,0.42246773838996887,0
1191,1528,0.3797342777252197,0
1191,2929,0.3700003921985626,0
1191,2188,0.4841192960739136,0
1191,2133,0.37300556898117065,0
1191,1409,0.4079817235469818,0
1191,3809,0.3698635697364807,0
1191,1566,0.44469159841537476,0
1191,2391,0.3468084931373596,0
1191,280,0.3741492033004761,0
1191,1879,0.46865779161453247,0
1191,1082,0.44047510623931885,0
1191,1354,0.4239474833011627,0
4041,4041,0.38625216484069824,1
4041,2073,0.4150884747505188,0
4041,3645,0.38406744599342346,0
4041,3193,0.38501253724098206,0
4041,3714,0.38806360960006714,0
4041,1578,0.4060265123844147,0
4041,3135,0.3910054862499237,0
4041,872,0.43682539463043213,0
4041,1294,0.3871532082557678,0
4041,3554,0.3754177987575531,0
4041,1133,0.4612157344818115,0
4041,2524,0.40689268708229065,0
4041,1942,0.3781052231788635,0
4041,3005,0.36717820167541504,0
4041,3128,0.4218003749847412,0
4041,763,0.5196283459663391,0
4041,3741,0.4371756613254547,0
4041,3300,0.39755645394325256,0
4041,2594,0.42108452320098877,0
4041,160,0.409393846988678,0
1157,1157,0.4624258279800415,1
1157,595,0.42773014307022095,0
1157,3003,0.4142312705516815,0
1157,2176,0.4226686358451843,0
1157,299,0.40255653858184814,0
1157,2407,0.5071216821670532,0
1157,393,0.4145265519618988,0
1157,3982,0.3919443190097809,0
1157,1173,0.3842330873012543,0
1157,3674,0.3778693675994873,0
1157,767,0.41643276810646057,0
1157,3848,0.3992384672164917,0
1157,2618,0.41937026381492615,0
1157,1757,0.3828555643558502,0
1157,2594,0.4328629970550537,0
1157,2414,0.37157779932022095,0
1157,2659,0.3880237340927124,0
1157,3724,0.38937824964523315,0
1157,2894,0.3802754282951355,0
1157,417,0.48079541325569153,0
1863,1863,0.38190534710884094,1
1863,2852,0.3653509318828583,0
1863,3304,0.37727612257003784,0
1863,3791,0.3528520166873932,0
1863,3266,0.35025978088378906,0
1863,328,0.4794106185436249,0
1863,2460,0.4538937211036682,0
1863,1448,0.4871360659599304,0
1863,1805,0.335645467042923,0
1863,604,0.5602564811706543,0
1863,741,0.3787689805030823,0
1863,238,0.3991307020187378,0
1863,3634,0.41628995537757874,0
1863,1712,0.44512811303138733,0
1863,1362,0.39922234416007996,0
1863,2750,0.41542935371398926,0
1863,1816,0.3847872018814087,0
1863,3113,0.3758063316345215,0
1863,1929,0.4120500087738037,0
1863,2114,0.5413991808891296,0
4147,4147,0.39418622851371765,1
4147,1755,0.3657417595386505,0
4147,1860,0.447368860244751,0
4147,1599,0.4062528908252716,0
4147,2661,0.3963950276374817,0
4147,1454,0.421108603477478,0
4147,2485,0.4393891990184784,0
4147,4109,0.3814924359321594,0
4147,3697,0.40300267934799194,0
4147,958,0.39699310064315796,0
4147,610,0.43856194615364075,0
4147,3437,0.3705909848213196,0
4147,1241,0.39388808608055115,0
4147,4074,0.38131022453308105,0
4147,2906,0.35459664463996887,0
4147,1696,0.39713677763938904,0
4147,3596,0.37003999948501587,0
4147,2696,0.3583725392818451,0
4147,3076,0.38730478286743164,0
4147,1487,0.46008166670799255,0
1068,1068,0.4151952266693115,1
1068,11,0.43057143688201904,0
1068,1927,0.39493000507354736,0
1068,2225,0.416872501373291,0
1068,63,0.46572768688201904,0
1068,831,0.42984601855278015,0
1068,3631,0.3702784478664398,0
1068,1881,0.4643344581127167,0
1068,2935,0.3854241371154785,0
1068,1607,0.3775876760482788,0
1068,2833,0.39414507150650024,0
1068,3590,0.38347989320755005,0
1068,3097,0.387518048286438,0
1068,3079,0.4342089593410492,0
1068,1051,0.46621373295783997,0
1068,249,0.5043902397155762,0
1068,2189,0.4078770875930786,0
1068,3675,0.4453091621398926,0
1068,3645,0.38029026985168457,0
1068,1744,0.35142168402671814,0
2027,2027,0.34160733222961426,1
2027,2734,0.3386886417865753,0
2027,2893,0.3691197335720062,0
2027,2264,0.3569784164428711,0
2027,2961,0.34614625573158264,0
2027,3133,0.39381611347198486,0
2027,3793,0.34063592553138733,0
2027,2836,0.3489871323108673,0
2027,3193,0.3494110107421875,0
2027,2220,0.3553025722503662,0
2027,3961,0.35701507329940796,0
2027,732,0.4445130228996277,0
2027,2251,0.35979852080345154,0
2027,1606,0.34445661306381226,0
2027,2240,0.3578018546104431,0
2027,1532,0.4028608500957489,0
2027,2854,0.34212082624435425,0
2027,1042,0.3853808045387268,0
2027,3217,0.3625527024269104,0
2027,3115,0.42682215571403503,0
1622,1622,0.4519589841365814,1
1622,337,0.40501487255096436,0
1622,3664,0.3676672577857971,0
1622,2437,0.36833736300468445,0
1622,2967,0.385830819606781,0
1622,315,0.36843276023864746,0
1622,1963,0.35889631509780884,0
1622,2798,0.3872060775756836,0
1622,1686,0.3614991307258606,0
1622,3941,0.4168165624141693,0
1622,1213,0.35352569818496704,0
1622,2499,0.3639832139015198,0
1622,2282,0.3845517635345459,0
1622,3121,0.36771559715270996,0
1622,4058,0.3557807207107544,0
1622,2893,0.3641910254955292,0
1622,2576,0.38677889108657837,0
1622,3288,0.372548371553421,0
1622,735,0.3919674754142761,0
1622,551,0.43662139773368835,0
3902,3902,0.3850248157978058,1
3902,1145,0.4391684830188751,0
3902,3450,0.3760583698749542,0
3902,232,0.4197194576263428,0
3902,2141,0.3787185251712799,0
3902,3152,0.41003644466400146,0
3902,2354,0.3921470046043396,0
3902,2068,0.4332182705402374,0
3902,2162,0.3924228847026825,0
3902,3905,0.39097777009010315,0
3902,1946,0.3814285695552826,0
3902,641,0.4392505884170532,0
3902,2250,0.3716181814670563,0
3902,2409,0.3860095143318176,0
3902,934,0.38219910860061646,0
3902,2146,0.36693593859672546,0
3902,2628,0.3927691578865051,0
3902,3837,0.42173317074775696,0
3902,48,0.3686974048614502,0
3902,2222,0.4298509657382965,0
3914,3914,0.37947210669517517,1
3914,2306,0.41033339500427246,0
3914,1564,0.36554715037345886,0
3914,977,0.40517479181289673,0
3914,3485,0.38639482855796814,0
3914,3520,0.38706785440444946,0
3914,686,0.4068668782711029,0
3914,708,0.3840939998626709,0
3914,2361,0.4783341884613037,0
3914,3219,0.40348973870277405,0
3914,1352,0.3966169059276581,0
3914,2171,0.4517773985862732,0
3914,944,0.38539204001426697,0
3914,2421,0.37343114614486694,0
3914,1511,0.4021739065647125,0
3914,3694,0.38578128814697266,0
3914,3047,0.3584097623825073,0
3914,2822,0.3809508681297302,0
3914,127,0.39424049854278564,0
3914,1338,0.37154626846313477,0
346,346,0.45659103989601135,1
346,2478,0.43763467669487,0
346,3725,0.4114828109741211,0
346,1163,0.41109177470207214,0
346,1331,0.3850724995136261,0
346,2679,0.4229724109172821,0
346,323,0.40778446197509766,0
346,4145,0.41264814138412476,0
346,1606,0.3714433014392853,0
346,3523,0.4154018759727478,0
346,648,0.43772196769714355,0
346,161,0.42513322830200195,0
346,754,0.4621292054653168,0
346,3497,0.38243597745895386,0
346,4059,0.4095440208911896,0
346,2025,0.4424647092819214,0
346,2728,0.4040773808956146,0
346,3598,0.3873539865016937,0
346,4060,0.392893522977829,0
346,1830,0.40930867195129395,0
2592,2592,0.35966259241104126,1
2592,674,0.3668719232082367,0
2592,3951,0.364707350730896,0
2592,2867,0.4012197256088257,0
2592,3718,0.3642945885658264,0
2592,2629,0.4011523127555847,0
2592,4128,0.3609013855457306,0
2592,1191,0.341262549161911,0
2592,555,0.3764929175376892,0
2592,1011,0.38284197449684143,0
2592,3678,0.36364638805389404,0
2592,3610,0.3783433437347412,0
2592,3445,0.36095964908599854,0
2592,2321,0.43697232007980347,0
2592,186,0.346050888299942,0
2592,4172,0.3719499111175537,0
2592,3589,0.3776381015777588,0
2592,1339,0.3734145164489746,0
2592,2423,0.4555112421512604,0
2592,3362,0.3796091377735138,0
1114,1114,0.42416250705718994,1
1114,2161,0.3841862976551056,0
1114,819,0.4223366677761078,0
1114,1851,0.3776894509792328,0
1114,837,0.4505414664745331,0
1114,2169,0.3694098889827728,0
1114,612,0.3893740177154541,0
1114,217,0.35751187801361084,0
1114,1978,0.4082377254962921,0
1114,3856,0.36501628160476685,0
1114,1524,0.3657853603363037,0
1114,3321,0.3820745348930359,0
1114,207,0.4106796681880951,0
1114,1096,0.39759963750839233,0
1114,418,0.3633202612400055,0
1114,982,0.44100672006607056,0
1114,2988,0.3744208514690399,0
1114,2397,0.4236619174480438,0
1114,1231,0.4224535822868347,0
1114,2673,0.3882121443748474,0
4163,4163,0.35911422967910767,1
4163,132,0.46535712480545044,0
4163,2316,0.3629373013973236,0
4163,725,0.4104670584201813,0
4163,1417,0.3936440646648407,0
4163,603,0.42729151248931885,0
4163,3324,0.38269221782684326,0
4163,548,0.4207010567188263,0
4163,4089,0.384493350982666,0
4163,493,0.3987034261226654,0
4163,1716,0.38537612557411194,0
4163,4091,0.38023585081100464,0
4163,1755,0.37901681661605835,0
4163,265,0.4378029704093933,0
4163,159,0.4473043382167816,0
4163,1706,0.4894394278526306,0
4163,806,0.45246732234954834,0
4163,1270,0.3994869291782379,0
4163,1747,0.5035749077796936,0
4163,1027,0.39399442076683044,0
1741,1741,0.4267101287841797,1
1741,291,0.4153219759464264,0
1741,693,0.376606822013855,0
1741,717,0.3700631856918335,0
1741,3272,0.339339017868042,0
1741,743,0.4314468502998352,0
1741,3150,0.3578454256057739,0
1741,2421,0.3693487346172333,0
1741,3290,0.36216068267822266,0
1741,1712,0.4411819279193878,0
1741,2367,0.3647082448005676,0
1741,3560,0.3490162491798401,0
1741,3466,0.3554031550884247,0
1741,4004,0.36151495575904846,0
1741,1134,0.3635806441307068,0
1741,3645,0.36432021856307983,0
1741,885,0.4095555543899536,0
1741,1574,0.43994081020355225,0
1741,1672,0.3664190173149109,0
1741,3684,0.36760470271110535,0
542,542,0.44630154967308044,1
542,813,0.3937809467315674,0
542,3262,0.3790140748023987,0
542,1177,0.3833894431591034,0
542,3621,0.3769991397857666,0
542,2234,0.36584845185279846,0
542,34,0.3925163149833679,0
542,759,0.3895712196826935,0
542,45,0.36427775025367737,0
542,192,0.39299440383911133,0
542,2427,0.3818201422691345,0
542,2259,0.3533895015716553,0
542,65,0.43375611305236816,0
542,1396,0.4346579909324646,0
542,3943,0.3699404299259186,0
542,414,0.39446568489074707,0
542,1730,0.38092929124832153,0
542,1775,0.3637535572052002,0
542,608,0.4099006652832031,0
542,2720,0.4742858111858368,0
973,973,0.40142208337783813,1
973,3437,0.3932356536388397,0
973,852,0.4824530780315399,0
973,504,0.39590194821357727,0
973,1827,0.41556257009506226,0
973,3029,0.4077644646167755,0
973,2078,0.40164318680763245,0
973,1028,0.4353339672088623,0
973,3134,0.4311613142490387,0
973,3073,0.42749184370040894,0
973,2771,0.37868309020996094,0
973,1880,0.41675639152526855,0
973,2967,0.4416881501674652,0
973,843,0.45215487480163574,0
973,2497,0.40853115916252136,0
973,921,0.44834133982658386,0
973,2257,0.38384199142456055,0
973,1640,0.4803747534751892,0
973,323,0.3869498670101166,0
973,302,0.4712619483470917,0
422,422,0.46610283851623535,1
422,4146,0.3700961172580719,0
422,151,0.39214783906936646,0
422,3814,0.4610021412372589,0
422,874,0.4422144293785095,0
422,2250,0.3805883824825287,0
422,1080,0.39913487434387207,0
422,1705,0.3639594316482544,0
422,1944,0.42194443941116333,0
422,1581,0.36395618319511414,0
422,2730,0.38094496726989746,0
422,464,0.39909985661506653,0
422,28,0.40319132804870605,0
422,1859,0.3855912387371063,0
422,3685,0.3699876070022583,0
422,3143,0.37842056155204773,0
422,52,0.4000483453273773,0
422,2227,0.4029512405395508,0
422,1285,0.424777090549469,0
422,2140,0.3957459628582001,0
1464,1464,0.3986518085002899,1
1464,3794,0.3532758951187134,0
1464,317,0.41066527366638184,0
1464,3406,0.38207221031188965,0
1464,1820,0.40008091926574707,0
1464,291,0.3980889618396759,0
1464,2625,0.37903451919555664,0
1464,1255,0.3664861023426056,0
1464,3038,0.3767915666103363,0
1464,3983,0.3756680190563202,0
1464,2876,0.4055759012699127,0
1464,3110,0.37058359384536743,0
1464,2426,0.3851475715637207,0
1464,728,0.4027348458766937,0
1464,1396,0.41146060824394226,0
1464,72,0.4291944205760956,0
1464,231,0.409701943397522,0
1464,2358,0.35014408826828003,0
1464,3790,0.37125539779663086,0
1464,2302,0.37507641315460205,0
1130,1130,0.43766698241233826,1
1130,582,0.3815196752548218,0
1130,2453,0.39306291937828064,0
1130,1596,0.38448700308799744,0
1130,1795,0.3752557933330536,0
1130,2962,0.38667911291122437,0
1130,1654,0.38087937235832214,0
1130,1308,0.3776824474334717,0
1130,2622,0.35991352796554565,0
1130,1559,0.3628973364830017,0
1130,1850,0.4108463227748871,0
1130,1470,0.373279333114624,0
1130,348,0.4966319799423218,0
1130,1883,0.42660149931907654,0
1130,3418,0.36013028025627136,0
1130,2443,0.40190398693084717,0
1130,4,0.3693818747997284,0
1130,2950,0.36699169874191284,0
1130,2146,0.36430829763412476,0
1130,3440,0.3731498718261719,0
4174,4174,0.3461827039718628,1
4174,1818,0.42715564370155334,0
4174,2772,0.36943647265434265,0
4174,2175,0.35858702659606934,0
4174,2838,0.4378674626350403,0
4174,4161,0.3756301999092102,0
4174,2646,0.3555719256401062,0
4174,1985,0.36261409521102905,0
4174,2845,0.34870728850364685,0
4174,2917,0.4731040894985199,0
4174,1253,0.34179604053497314,0
4174,3130,0.37414056062698364,0
4174,739,0.39845243096351624,0
4174,2776,0.3538735508918762,0
4174,2559,0.3521355092525482,0
4174,580,0.4256247282028198,0
4174,3362,0.3712866008281708,0
4174,3116,0.4001520276069641,0
4174,3334,0.36576879024505615,0
4174,2048,0.34940487146377563,0
986,986,0.3979116380214691,1
986,588,0.45532646775245667,0
986,243,0.3869875967502594,0
986,173,0.4192807972431183,0
986,1131,0.37351110577583313,0
986,785,0.3796488344669342,0
986,3760,0.37721702456474304,0
986,111,0.4316042363643646,0
986,95,0.42419007420539856,0
986,274,0.40572312474250793,0
986,674,0.37397849559783936,0
986,3010,0.4604417085647583,0
986,2480,0.40147536993026733,0
986,2948,0.3493402302265167,0
986,434,0.4208921194076538,0
986,2315,0.4389640688896179,0
986,2676,0.3871017098426819,0
986,1839,0.4613568186759949,0
986,1164,0.37136411666870117,0
986,4026,0.39117297530174255,0
2158,2158,0.35066086053848267,1
2158,1450,0.365890234708786,0
2158,56,0.4350406527519226,0
2158,954,0.3775513172149658,0
2158,3116,0.3855152726173401,0
2158,1391,0.37252333760261536,0
2158,2318,0.4617789089679718,0
2158,2834,0.3493320941925049,0
2158,3982,0.37167230248451233,0
2158,3377,0.3683953881263733,0
2158,3848,0.3736317753791809,0
2158,2696,0.3588107228279114,0
2158,1923,0.39167720079421997,0
2158,2859,0.3495785892009735,0
2158,976,0.35994279384613037,0
2158,2355,0.3669671416282654,0
2158,2931,0.37123844027519226,0
2158,77,0.3641553223133087,0
2158,2652,0.41094720363616943,0
2158,1353,0.34715408086776733,0
3204,3204,0.3512534201145172,1
3204,2521,0.3668360710144043,0
3204,1295,0.38144952058792114,0
3204,2752,0.40279993414878845,0
3204,3437,0.38757139444351196,0
3204,266,0.3739911913871765,0
3204,3269,0.3761586546897888,0
3204,197,0.38466909527778625,0
3204,14,0.39757779240608215,0
3204,3858,0.38645610213279724,0
3204,3038,0.38625600934028625,0
3204,120,0.40267565846443176,0
3204,2459,0.370908260345459,0
3204,4045,0.37652724981307983,0
3204,838,0.45687901973724365,0
3204,2658,0.4214501678943634,0
3204,3770,0.3834364116191864,0
3204,2532,0.42394518852233887,0
3204,1462,0.414084792137146,0
3204,2875,0.4193953275680542,0
677,677,0.3468611240386963,1
677,509,0.3776395618915558,0
677,3977,0.3648676872253418,0
677,1666,0.38007083535194397,0
677,242,0.4371184706687927,0
677,3337,0.42990434169769287,0
677,2432,0.37834301590919495,0
677,3988,0.332460880279541,0
677,3795,0.35334739089012146,0
677,87,0.3947712481021881,0
677,1482,0.35100263357162476,0
677,495,0.3961104452610016,0
677,3104,0.35924142599105835,0
677,3637,0.3689693808555603,0
677,3381,0.40399307012557983,0
677,927,0.35526564717292786,0
677,970,0.37981635332107544,0
677,3432,0.37624213099479675,0
677,2847,0.35938921570777893,0
677,3191,0.37677833437919617,0
3122,3122,0.35279297828674316,1
3122,549,0.42570558190345764,0
3122,2892,0.37036803364753723,0
3122,4078,0.38283079862594604,0
3122,2924,0.3794984221458435,0
3122,227,0.34215444326400757,0
3122,2748,0.3382178843021393,0
3122,103,0.3770821690559387,0
3122,2664,0.3863668143749237,0
3122,1685,0.3474389314651489,0
3122,3257,0.4093392789363861,0
3122,443,0.3840523064136505,0
3122,2293,0.35314908623695374,0
3122,1022,0.36364591121673584,0
3122,1669,0.3770512342453003,0
3122,3547,0.39815157651901245,0
3122,3649,0.3535194993019104,0
3122,85,0.4225465953350067,0
3122,2872,0.3466600179672241,0
3122,3364,0.36180800199508667,0
3672,3672,0.3685169517993927,1
3672,1919,0.3627232313156128,0
3672,2300,0.43852555751800537,0
3672,1349,0.37872084975242615,0
3672,299,0.3950287997722626,0
3672,2318,0.4904255270957947,0
3672,492,0.44126608967781067,0
3672,4144,0.36635375022888184,0
3672,2616,0.357348769903183,0
3672,958,0.37472885847091675,0
3672,1484,0.3813256025314331,0
3672,2196,0.36172017455101013,0
3672,1487,0.4673844873905182,0
3672,442,0.39901357889175415,0
3672,2852,0.3616936504840851,0
3672,3734,0.35995906591415405,0
3672,178,0.45597949624061584,0
3672,208,0.39773550629615784,0
3672,2853,0.3754481077194214,0
3672,1156,0.4019171893596649,0
3890,3890,0.36392098665237427,1
3890,884,0.3721030354499817,0
3890,3842,0.42124420404434204,0
3890,2266,0.4084445536136627,0
3890,2008,0.37366941571235657,0
3890,3807,0.40164974331855774,0
3890,1815,0.4337442219257355,0
3890,1386,0.4270966947078705,0
3890,2340,0.38542380928993225,0
3890,2196,0.39352425932884216,0
3890,1361,0.3830410838127136,0
3890,165,0.473043292760849,0
3890,3232,0.4044272303581238,0
3890,1440,0.3790914714336395,0
3890,2970,0.4360704720020294,0
3890,2056,0.4044899344444275,0
3890,988,0.36543381214141846,0
3890,3184,0.4285452663898468,0
3890,183,0.37199094891548157,0
3890,1334,0.4196588695049286,0
1415,1415,0.4461888074874878,1
1415,2878,0.37834784388542175,0
1415,1139,0.3879113793373108,0
1415,2761,0.37541463971138,0
1415,3216,0.38686707615852356,0
1415,2569,0.38827812671661377,0
1415,1613,0.3540227711200714,0
1415,2714,0.3775150775909424,0
1415,3891,0.3689518868923187,0
1415,4135,0.39979442954063416,0
1415,2954,0.40546348690986633,0
1415,668,0.39337754249572754,0
1415,2101,0.3791777789592743,0
1415,2671,0.40279802680015564,0
1415,1287,0.42964422702789307,0
1415,391,0.37934979796409607,0
1415,1618,0.3572707772254944,0
1415,3829,0.38988593220710754,0
1415,3968,0.3876827359199524,0
1415,2904,0.3748795986175537,0
268,268,0.37894272804260254,1
268,298,0.46237701177597046,0
268,2353,0.37493041157722473,0
268,750,0.39750805497169495,0
268,3135,0.389259397983551,0
268,544,0.3838755190372467,0
268,1430,0.4073537588119507,0
268,3883,0.40746206045150757,0
268,2706,0.35392749309539795,0
268,401,0.5317816734313965,0
268,656,0.45964449644088745,0
268,545,0.450490802526474,0
268,1706,0.4844520688056946,0
268,1547,0.43670618534088135,0
268,2322,0.414152055978775,0
268,591,0.40263018012046814,0
268,2866,0.4203091859817505,0
268,2879,0.3910636603832245,0
268,1683,0.409727543592453,0
268,730,0.4076573848724365,0
2760,2760,0.38428014516830444,1
2760,1107,0.3725436329841614,0
2760,2493,0.33625033497810364,0
2760,1909,0.3644200563430786,0
2760,2831,0.34396058320999146,0
2760,2046,0.3716891407966614,0
2760,1839,0.39966291189193726,0
2760,220,0.36105021834373474,0
2760,687,0.38851454854011536,0
2760,8,0.3816514015197754,0
2760,726,0.3527631163597107,0
2760,3275,0.40288931131362915,0
2760,573,0.3960477411746979,0
2760,3029,0.35552653670310974,0
2760,3222,0.3695143163204193,0
2760,1187,0.3575902581214905,0
2760,4103,0.3701595067977905,0
2760,3218,0.4131048023700714,0
2760,531,0.3695679306983948,0
2760,176,0.3861607313156128,0
2395,2395,0.42563673853874207,1
2395,2629,0.4185393154621124,0
2395,1044,0.4146333634853363,0
2395,2385,0.35297930240631104,0
2395,3922,0.39730894565582275,0
2395,3511,0.3939046859741211,0
2395,4047,0.3669014573097229,0
2395,1414,0.36091873049736023,0
2395,1250,0.46493902802467346,0
2395,2437,0.39864420890808105,0
2395,394,0.43747907876968384,0
2395,2241,0.38055211305618286,0
2395,2703,0.37359073758125305,0
2395,4139,0.38848188519477844,0
2395,81,0.41507455706596375,0
2395,2215,0.3804660141468048,0
2395,2876,0.4184550344944,0
2395,3423,0.42154958844184875,0
2395,2391,0.36258119344711304,0
2395,448,0.45892229676246643,0
254,254,0.36269477009773254,1
254,1651,0.37580084800720215,0
254,492,0.4166225790977478,0
254,2970,0.41249722242355347,0
254,3325,0.35824015736579895,0
254,474,0.36504262685775757,0
254,2118,0.36358529329299927,0
254,1669,0.40115249156951904,0
254,3306,0.4069991409778595,0
254,3600,0.4048541784286499,0
254,3662,0.3885364830493927,0
254,1402,0.37597939372062683,0
254,2588,0.3895793557167053,0
254,432,0.41245514154434204,0
254,2352,0.4075351655483246,0
254,469,0.3683762550354004,0
254,3399,0.37900540232658386,0
254,1717,0.3898312747478485,0
254,3769,0.4005371034145355,0
254,2814,0.39417219161987305,0
641,641,0.42200326919555664,1
641,301,0.38841530680656433,0
641,955,0.3891638517379761,0
641,2033,0.4361240267753601,0
641,4056,0.3673887550830841,0
641,3046,0.3737645447254181,0
641,148,0.363718181848526,0
641,57,0.3753334879875183,0
641,2736,0.3433736264705658,0
641,885,0.3943372070789337,0
641,2905,0.3711930513381958,0
641,3320,0.4238365590572357,0
641,3371,0.37715327739715576,0
641,1682,0.3970385491847992,0
641,3883,0.371733695268631,0
641,2639,0.4597751498222351,0
641,2183,0.3583415746688843,0
641,582,0.36567258834838867,0
641,2215,0.3523220717906952,0
641,3216,0.36767634749412537,0
2116,2116,0.43253058195114136,1
2116,3066,0.4212034046649933,0
2116,160,0.38677290081977844,0
2116,2964,0.36694252490997314,0
2116,1063,0.3842814862728119,0
2116,1268,0.35581183433532715,0
2116,1715,0.39691996574401855,0
2116,1442,0.4240323305130005,0
2116,2892,0.36148542165756226,0
2116,3117,0.3457919657230377,0
2116,1084,0.4194846451282501,0
2116,3275,0.40655016899108887,0
2116,3096,0.3790971338748932,0
2116,2976,0.39468422532081604,0
2116,539,0.3571733236312866,0
2116,3858,0.36992162466049194,0
2116,2640,0.34779736399650574,0
2116,3886,0.3715652823448181,0
2116,1516,0.3996458053588867,0
2116,2130,0.41727203130722046,0
3649,3649,0.36018988490104675,1
3649,1850,0.3992460072040558,0
3649,1849,0.36951205134391785,0
3649,3188,0.3950689136981964,0
3649,2884,0.3752470314502716,0
3649,1499,0.3662930130958557,0
3649,3400,0.4253828823566437,0
3649,1000,0.4089089632034302,0
3649,1836,0.4492453932762146,0
3649,3245,0.40026915073394775,0
3649,171,0.45600858330726624,0
3649,1100,0.3886377811431885,0
3649,3392,0.36364901065826416,0
3649,2033,0.4544046223163605,0
3649,2056,0.407815158367157,0
3649,4136,0.4282327890396118,0
3649,3149,0.4289487302303314,0
3649,3518,0.3681674897670746,0
3649,60,0.4025614261627197,0
3649,90,0.4731067717075348,0
547,547,0.4094279706478119,1
547,2253,0.37352776527404785,0
547,4106,0.373670369386673,0
547,2419,0.3745254874229431,0
547,2445,0.3937781751155853,0
547,4057,0.3424873650074005,0
547,575,0.421097993850708,0
547,2415,0.460521399974823,0
547,4116,0.3835914433002472,0
547,1819,0.46313872933387756,0
547,1760,0.3840453028678894,0
547,1893,0.37831175327301025,0
547,602,0.39583590626716614,0
547,2609,0.37453216314315796,0
547,1687,0.3729601502418518,0
547,2693,0.37410804629325867,0
547,1680,0.4548206031322479,0
547,1000,0.4544408619403839,0
547,18,0.41679346561431885,0
547,1803,0.3704567849636078,0
282,282,0.41596657037734985,1
282,2119,0.39628317952156067,0
282,2679,0.4122141897678375,0
282,76,0.4777761399745941,0
282,2120,0.4654214084148407,0
282,99,0.4266420602798462,0
282,2929,0.3693203330039978,0
282,2964,0.3869996666908264,0
282,1699,0.3683280050754547,0
282,618,0.40390610694885254,0
282,2296,0.4000987708568573,0
282,1532,0.450498104095459,0
282,456,0.39101824164390564,0
282,911,0.4243800938129425,0
282,3654,0.450369656085968,0
282,2241,0.38557228446006775,0
282,2886,0.3795669674873352,0
282,943,0.39325621724128723,0
282,4035,0.3991988003253937,0
282,2188,0.4973902404308319,0
3657,3657,0.36461254954338074,1
3657,2748,0.33808258175849915,0
3657,2081,0.36345914006233215,0
3657,2476,0.40976157784461975,0
3657,2463,0.359855979681015,0
3657,3752,0.38042837381362915,0
3657,1355,0.3943950831890106,0
3657,890,0.40078669786453247,0
3657,102,0.4071550965309143,0
3657,3042,0.37947726249694824,0
3657,3051,0.3696324825286865,0
3657,3471,0.3925108015537262,0
3657,1424,0.37000662088394165,0
3657,3582,0.3583172857761383,0
3657,3441,0.4318944811820984,0
3657,3854,0.3632895052433014,0
3657,3171,0.36761215329170227,0
3657,902,0.4477124512195587,0
3657,407,0.37071990966796875,0
3657,1679,0.37943223118782043,0
2802,2802,0.40699702501296997,1
2802,2664,0.39748919010162354,0
2802,720,0.38703882694244385,0
2802,2714,0.3947617709636688,0
2802,3703,0.3524859845638275,0
2802,3107,0.3885386288166046,0
2802,2534,0.40244919061660767,0
2802,3083,0.3863128125667572,0
2802,696,0.46053269505500793,0
2802,2056,0.4110739529132843,0
2802,2416,0.4202848970890045,0
2802,381,0.427419513463974,0
2802,617,0.36662089824676514,0
2802,1232,0.43393832445144653,0
2802,3684,0.36546170711517334,0
2802,3294,0.3748652935028076,0
2802,3767,0.41278016567230225,0
2802,2848,0.3992535173892975,0
2802,1462,0.4212631285190582,0
2802,989,0.437730610370636,0
2675,2675,0.38899677991867065,1
2675,1243,0.4028235971927643,0
2675,2298,0.41773363947868347,0
2675,2914,0.39450666308403015,0
2675,395,0.38005974888801575,0
2675,936,0.435823529958725,0
2675,2694,0.36913320422172546,0
2675,1424,0.38303667306900024,0
2675,35,0.4026755690574646,0
2675,141,0.3998844027519226,0
2675,1802,0.4075930118560791,0
2675,414,0.4013707637786865,0
2675,185,0.4281456768512726,0
2675,3084,0.3934149146080017,0
2675,712,0.4085017442703247,0
2675,2657,0.36614343523979187,0
2675,870,0.3986872732639313,0
2675,1840,0.4654946029186249,0
2675,1486,0.3624056875705719,0
2675,1161,0.3613991439342499,0
517,517,0.4365655779838562,1
517,3376,0.4023935794830322,0
517,1137,0.3836726248264313,0
517,832,0.36722299456596375,0
517,3431,0.4285135567188263,0
517,95,0.41287389397621155,0
517,54,0.37490296363830566,0
517,2199,0.4066923260688782,0
517,1055,0.3578569293022156,0
517,1891,0.4053913950920105,0
517,479,0.4443058669567108,0
517,836,0.41361069679260254,0
517,460,0.43357402086257935,0
517,3178,0.39170485734939575,0
517,3869,0.39361733198165894,0
517,4165,0.3752135932445526,0
517,3418,0.3689194321632385,0
517,68,0.3745754063129425,0
517,4030,0.36968445777893066,0
517,3328,0.3604770302772522,0
3561,3561,0.39564943313598633,1
3561,3927,0.4074757695198059,0
3561,1392,0.4159587323665619,0
3561,1499,0.3891018033027649,0
3561,280,0.3810812830924988,0
3561,3350,0.4199630618095398,0
3561,496,0.43889307975769043,0
3561,3591,0.38354092836380005,0
3561,2379,0.4586675465106964,0
3561,1316,0.35630422830581665,0
3561,2479,0.4521617591381073,0
3561,2629,0.4446179270744324,0
3561,2546,0.4317592680454254,0
3561,3808,0.4139666259288788,0
3561,1440,0.36924979090690613,0
3561,1646,0.44245338439941406,0
3561,3121,0.39993488788604736,0
3561,2551,0.3782567083835602,0
3561,969,0.44317886233329773,0
3561,2671,0.43634986877441406,0
2404,2404,0.36248162388801575,1
2404,987,0.380102276802063,0
2404,416,0.3397921621799469,0
2404,327,0.3239487111568451,0
2404,2614,0.37945446372032166,0
2404,3983,0.3526570200920105,0
2404,2616,0.36542853713035583,0
2404,1721,0.34758371114730835,0
2404,915,0.35368612408638,0
2404,3731,0.3629164695739746,0
2404,1366,0.39724305272102356,0
2404,1273,0.3810981512069702,0
2404,1630,0.3527833819389343,0
2404,2924,0.36638370156288147,0
2404,2745,0.37146878242492676,0
2404,3903,0.3291938006877899,0
2404,763,0.4678836762905121,0
2404,2221,0.3583391308784485,0
2404,1823,0.3688410222530365,0
2404,4148,0.32451120018959045,0
3873,3873,0.3613378703594208,1
3873,3545,0.33500927686691284,0
3873,1468,0.3498649001121521,0
3873,3090,0.37983494997024536,0
3873,4115,0.3300088047981262,0
3873,3283,0.3487308621406555,0
3873,2902,0.392375111579895,0
3873,2742,0.40945813059806824,0
3873,3081,0.34201866388320923,0
3873,179,0.3424966037273407,0
3873,1888,0.36830827593803406,0
3873,1211,0.36327874660491943,0
3873,1578,0.37744179368019104,0
3873,790,0.36526501178741455,0
3873,2918,0.35735639929771423,0
3873,3616,0.36478695273399353,0
3873,232,0.37524595856666565,0
3873,244,0.40955135226249695,0
3873,2986,0.3992042541503906,0
3873,3049,0.36142536997795105,0
2687,2687,0.4013473093509674,1
2687,3954,0.3936024010181427,0
2687,2866,0.4433146119117737,0
2687,2944,0.389154314994812,0
2687,867,0.45871931314468384,0
2687,1766,0.4398247301578522,0
2687,2921,0.41541481018066406,0
2687,690,0.43391311168670654,0
2687,179,0.38597437739372253,0
2687,3385,0.4171743094921112,0
2687,827,0.46657440066337585,0
2687,639,0.4689021706581116,0
2687,1851,0.40691429376602173,0
2687,447,0.46679413318634033,0
2687,122,0.46512371301651,0
2687,1680,0.5101534128189087,0
2687,3916,0.38194742798805237,0
2687,4064,0.44936075806617737,0
2687,494,0.3961900472640991,0
2687,3751,0.40582603216171265,0
1606,1606,0.3714207708835602,1
1606,2791,0.44865676760673523,0
1606,3294,0.3624837100505829,0
1606,1474,0.4095783531665802,0
1606,3354,0.4292382597923279,0
1606,1590,0.4209355413913727,0
1606,224,0.451797753572464,0
1606,3204,0.3492409884929657,0
1606,2115,0.3720288574695587,0
1606,164,0.48794320225715637,0
1606,631,0.41509702801704407,0
1606,3017,0.42146560549736023,0
1606,1791,0.4555007815361023,0
1606,118,0.375342458486557,0
1606,1202,0.4377717673778534,0
1606,3393,0.4447641372680664,0
1606,1055,0.38329559564590454,0
1606,2376,0.42795315384864807,0
1606,1555,0.41628947854042053,0
1606,4171,0.37425094842910767,0
302,302,0.4537733793258667,1
302,1372,0.3685629367828369,0
302,112,0.3797352612018585,0
302,1373,0.3686923682689667,0
302,4070,0.3647991716861725,0
302,381,0.41126930713653564,0
302,2684,0.4071187674999237,0
302,659,0.3441808223724365,0
302,3088,0.36885204911231995,0
302,224,0.4107315242290497,0
302,1807,0.3992263078689575,0
302,561,0.3795417845249176,0
302,2759,0.35730084776878357,0
302,634,0.3723551630973816,0
302,4114,0.36068910360336304,0
302,2127,0.3525524139404297,0
302,3678,0.3567054271697998,0
302,2781,0.3541538119316101,0
302,114,0.4129246771335602,0
302,2011,0.3831753730773926,0
1755,1755,0.37750446796417236,1
1755,2895,0.3596900403499603,0
1755,4117,0.37099334597587585,0
1755,2827,0.34357669949531555,0
1755,122,0.43209975957870483,0
1755,3399,0.3789207935333252,0
1755,840,0.3790203630924225,0
1755,3849,0.3678075969219208,0
1755,2318,0.4730636477470398,0
1755,788,0.3720306158065796,0
1755,1137,0.3805943429470062,0
1755,3511,0.3842591643333435,0
1755,1344,0.36017656326293945,0
1755,2088,0.43924665451049805,0
1755,2129,0.4043886959552765,0
1755,424,0.4414536654949188,0
1755,3962,0.3876657783985138,0
1755,3704,0.3755091428756714,0
1755,2029,0.42685064673423767,0
1755,3460,0.44308197498321533,0
2784,2784,0.3874465823173523,1
2784,3577,0.3716890215873718,0
2784,3541,0.34718087315559387,0
2784,3278,0.38222524523735046,0
2784,2704,0.41411441564559937,0
2784,3611,0.3875553011894226,0
2784,28,0.4154461622238159,0
2784,3782,0.4041193723678589,0
2784,3086,0.3604613244533539,0
2784,1306,0.4785354733467102,0
2784,2366,0.39661887288093567,0
2784,4007,0.3513652980327606,0
2784,492,0.458217978477478,0
2784,2615,0.3761638104915619,0
2784,2715,0.3516988158226013,0
2784,1100,0.3899098336696625,0
2784,3732,0.36406242847442627,0
2784,1520,0.47460073232650757,0
2784,3579,0.36673879623413086,0
2784,1517,0.4208739995956421,0
127,127,0.42103832960128784,1
127,3179,0.36508575081825256,0
127,2958,0.4062911868095398,0
127,2534,0.4202497899532318,0
127,3288,0.4029589295387268,0
127,3822,0.36220085620880127,0
127,2878,0.3993972837924957,0
127,1802,0.42562204599380493,0
127,3644,0.4029483199119568,0
127,3598,0.39170166850090027,0
127,4038,0.39583685994148254,0
127,1377,0.4299139678478241,0
127,3377,0.393631249666214,0
127,2721,0.414268434047699,0
127,4135,0.4361855089664459,0
127,1417,0.39198192954063416,0
127,3408,0.4154227375984192,0
127,2851,0.38389599323272705,0
127,713,0.44492635130882263,0
127,3550,0.3916272819042206,0
1087,1087,0.37138375639915466,1
1087,1534,0.37869104743003845,0
1087,673,0.3842031955718994,0
1087,268,0.3977995216846466,0
1087,881,0.40463483333587646,0
1087,2287,0.3633224070072174,0
1087,396,0.40527820587158203,0
1087,2439,0.36072567105293274,0
1087,539,0.36152324080467224,0
1087,2691,0.40138837695121765,0
1087,431,0.3844907581806183,0
1087,3193,0.36491888761520386,0
1087,4132,0.38827165961265564,0
1087,2194,0.39237985014915466,0
1087,2613,0.3543730080127716,0
1087,466,0.41467171907424927,0
1087,552,0.38635462522506714,0
1087,3689,0.36112427711486816,0
1087,3739,0.40412360429763794,0
1087,3404,0.43732309341430664,0
34,34,0.3358440399169922,1
34,3874,0.39104631543159485,0
34,1015,0.35729488730430603,0
34,3445,0.35423558950424194,0
34,3820,0.37018924951553345,0
34,3061,0.4445643424987793,0
34,1882,0.37111955881118774,0
34,2818,0.36232829093933105,0
34,2262,0.43111929297447205,0
34,2003,0.37759044766426086,0
34,3515,0.3651160001754761,0
34,995,0.35576000809669495,0
34,1881,0.4255634844303131,0
34,1199,0.3624051809310913,0
34,1336,0.346418559551239,0
34,648,0.4058971405029297,0
34,3157,0.37482166290283203,0
34,3618,0.3575044870376587,0
34,3462,0.3575013279914856,0
34,954,0.3816063404083252,0
1043,1043,0.38431602716445923,1
1043,2254,0.3640304505825043,0
1043,3869,0.37845271825790405,0
1043,1282,0.45141512155532837,0
1043,187,0.41316044330596924,0
1043,2252,0.39623868465423584,0
1043,2321,0.41003718972206116,0
1043,2889,0.3636455833911896,0
1043,2310,0.3808961808681488,0
1043,365,0.38594943284988403,0
1043,1323,0.4010070860385895,0
1043,2781,0.3636433482170105,0
1043,906,0.40890032052993774,0
1043,2971,0.3865112066268921,0
1043,3512,0.3574488162994385,0
1043,1607,0.36133888363838196,0
1043,1066,0.4348028898239136,0
1043,3740,0.4056831896305084,0
1043,1901,0.40545666217803955,0
1043,146,0.46367892622947693,0
1482,1482,0.3763490915298462,1
1482,2120,0.4629707336425781,0
1482,1128,0.39938053488731384,0
1482,1126,0.375471830368042,0
1482,387,0.4562278389930725,0
1482,1333,0.3764282166957855,0
1482,2164,0.3868987560272217,0
1482,3118,0.37948209047317505,0
1482,1801,0.3755246698856354,0
1482,885,0.4156186580657959,0
1482,1866,0.388133704662323,0
1482,1663,0.46350982785224915,0
1482,2662,0.38061103224754333,0
1482,1561,0.4357983469963074,0
1482,4075,0.4000297784805298,0
1482,346,0.42405200004577637,0
1482,3941,0.45892560482025146,0
1482,3998,0.4183861315250397,0
1482,1492,0.44963106513023376,0
1482,3651,0.39382997155189514,0
2680,2680,0.38850927352905273,1
2680,3769,0.42368489503860474,0
2680,1980,0.3655606806278229,0
2680,1117,0.4622320234775543,0
2680,3082,0.42823007702827454,0
2680,1539,0.4639968276023865,0
2680,3120,0.4056558609008789,0
2680,3782,0.43736591935157776,0
2680,2907,0.36547669768333435,0
2680,1159,0.3943210244178772,0
2680,1589,0.44550248980522156,0
2680,4085,0.4523914158344269,0
2680,3872,0.3719785511493683,0
2680,3069,0.38496559858322144,0
2680,1854,0.3988892734050751,0
2680,2164,0.3955429196357727,0
2680,1625,0.39138177037239075,0
2680,3293,0.40222862362861633,0
2680,1915,0.40659433603286743,0
2680,568,0.43553197383880615,0
1917,1917,0.4334597885608673,1
1917,279,0.42055046558380127,0
1917,3400,0.4559134244918823,0
1917,3326,0.44706475734710693,0
1917,2479,0.45843350887298584,0
1917,183,0.378353089094162,0
1917,1615,0.3963099718093872,0
1917,4113,0.384367972612381,0
1917,3719,0.4048888385295868,0
1917,2897,0.41511645913124084,0
1917,1459,0.4483346939086914,0
1917,663,0.38171541690826416,0
1917,4042,0.36746281385421753,0
1917,3204,0.36648112535476685,0
1917,1118,0.5128476023674011,0
1917,289,0.3991082012653351,0
1917,1164,0.38930371403694153,0
1917,2461,0.3893710970878601,0
1917,609,0.4476560056209564,0
1917,469,0.3956761360168457,0
1697,1697,0.3824930489063263,1
1697,1887,0.3789639472961426,0
1697,2635,0.3748488426208496,0
1697,4130,0.4096526503562927,0
1697,1714,0.37509849667549133,0
1697,620,0.3805433213710785,0
1697,2479,0.41547852754592896,0
1697,135,0.42293450236320496,0
1697,493,0.40132054686546326,0
1697,84,0.4427907466888428,0
1697,3973,0.37994685769081116,0
1697,1953,0.373125821352005,0
1697,1149,0.4511183500289917,0
1697,2038,0.3909895122051239,0
1697,3004,0.3911181390285492,0
1697,1238,0.37604227662086487,0
1697,833,0.434491366147995,0
1697,3845,0.3730655908584595,0
1697,4167,0.36758920550346375,0
1697,1700,0.40210023522377014,0
1772,1772,0.3833845257759094,1
1772,2909,0.4069296419620514,0
1772,2959,0.37900248169898987,0
1772,285,0.3732588291168213,0
1772,534,0.44372496008872986,0
1772,717,0.3964610993862152,0
1772,3523,0.40639904141426086,0
1772,1143,0.4154182970523834,0
1772,1438,0.41767215728759766,0
1772,554,0.40000900626182556,0
1772,2076,0.37405291199684143,0
1772,2935,0.39971086382865906,0
1772,2210,0.37142038345336914,0
1772,335,0.45278099179267883,0
1772,1377,0.42850327491760254,0
1772,443,0.4100658893585205,0
1772,334,0.4242827892303467,0
1772,254,0.37138110399246216,0
1772,1077,0.4102317690849304,0
1772,603,0.4264307916164398,0
3336,3336,0.3921878933906555,1
3336,69,0.4609171748161316,0
3336,3873,0.3875018060207367,0
3336,2539,0.4470846354961395,0
3336,3267,0.4285522401332855,0
3336,1103,0.39666038751602173,0
3336,3051,0.39948272705078125,0
3336,2485,0.46437811851501465,0
3336,1573,0.3836630880832672,0
3336,4101,0.39395374059677124,0
3336,3727,0.42564618587493896,0
3336,4092,0.38426002860069275,0
3336,579,0.39798039197921753,0
3336,3224,0.39868924021720886,0
3336,2458,0.38946375250816345,0
3336,1704,0.4400544762611389,0
3336,2565,0.39398202300071716,0
3336,3772,0.3743826150894165,0
3336,3064,0.35734131932258606,0
3336,1929,0.4060137867927551,0
503,503,0.3688146471977234,1
503,564,0.401201456785202,0
503,2890,0.37177810072898865,0
503,3573,0.3748004734516144,0
503,635,0.38522869348526,0
503,128,0.3763858377933502,0
503,2280,0.4000438451766968,0
503,3750,0.3849993646144867,0
503,1264,0.379178911447525,0
503,329,0.4227380156517029,0
503,1880,0.4293041527271271,0
503,1958,0.3851821720600128,0
503,1327,0.41768893599510193,0
503,703,0.399861603975296,0
503,419,0.37259384989738464,0
503,3241,0.36980706453323364,0
503,2523,0.40400099754333496,0
503,3653,0.36894750595092773,0
503,66,0.39637812972068787,0
503,2871,0.4436551332473755,0
810,810,0.38001254200935364,1
810,3104,0.3808284401893616,0
810,1902,0.3645910918712616,0
810,1082,0.45625922083854675,0
810,2524,0.4044075012207031,0
810,3881,0.4053926169872284,0
810,1227,0.4354827105998993,0
810,715,0.3946930766105652,0
810,3734,0.3743714988231659,0
810,2123,0.4143814146518707,0
810,1497,0.43630021810531616,0
810,2908,0.4080919027328491,0
810,1996,0.42146578431129456,0
810,2866,0.4349997937679291,0
810,2845,0.3680346608161926,0
810,28,0.4110115170478821,0
810,3703,0.3583991825580597,0
810,915,0.4073731601238251,0
810,4022,0.3722247779369354,0
810,823,0.388923704624176,0
101,101,0.35208818316459656,1
101,1569,0.35944363474845886,0
101,1568,0.3894745111465454,0
101,2748,0.35682401061058044,0
101,2066,0.37763741612434387,0
101,3809,0.3540903925895691,0
101,627,0.47485554218292236,0
101,284,0.4217531085014343,0
101,1638,0.4129246473312378,0
101,1920,0.4717598557472229,0
101,2508,0.40964388847351074,0
101,1208,0.3583269715309143,0
101,4067,0.36633098125457764,0
101,1460,0.3927038609981537,0
101,2815,0.3877844512462616,0
101,2408,0.37799638509750366,0
101,2335,0.45901957154273987,0
101,1580,0.35739585757255554,0
101,954,0.37386685609817505,0
101,3487,0.36932387948036194,0
537,537,0.4418599307537079,1
537,1040,0.39344286918640137,0
537,3306,0.461509644985199,0
537,1146,0.4320838153362274,0
537,2295,0.38472801446914673,0
537,824,0.41846466064453125,0
537,1486,0.38286712765693665,0
537,3372,0.4175214469432831,0
537,3254,0.4050074517726898,0
537,2439,0.3950636088848114,0
537,1332,0.3937632441520691,0
537,2592,0.40193840861320496,0
537,2986,0.47504568099975586,0
537,3253,0.39908474683761597,0
537,1891,0.41479960083961487,0
537,4124,0.39421966671943665,0
537,3655,0.37862253189086914,0
537,77,0.3839946389198303,0
537,2454,0.49711906909942627,0
537,580,0.4654572308063507,0
2138,2138,0.455211877822876,1
2138,1447,0.4366154968738556,0
2138,857,0.42573776841163635,0
2138,1611,0.3877129554748535,0
2138,909,0.3988209664821625,0
2138,1678,0.35403382778167725,0
2138,3131,0.36023348569869995,0
2138,2798,0.4069209396839142,0
2138,2684,0.41052812337875366,0
2138,1384,0.3697042465209961,0
2138,670,0.3928993046283722,0
2138,3373,0.37113118171691895,0
2138,3833,0.3825705051422119,0
2138,574,0.431222140789032,0
2138,3538,0.3630552291870117,0
2138,106,0.36400625109672546,0
2138,2552,0.42607417702674866,0
2138,3222,0.38738375902175903,0
2138,1576,0.4103749096393585,0
2138,1876,0.3862380087375641,0
3760,3760,0.38267606496810913,1
3760,1430,0.3965808153152466,0
3760,2375,0.4869207739830017,0
3760,1465,0.41865837574005127,0
3760,1647,0.438314288854599,0
3760,891,0.43740105628967285,0
3760,3489,0.3903365731239319,0
3760,3177,0.3612852990627289,0
3760,142,0.4013831317424774,0
3760,3581,0.375907301902771,0
3760,2767,0.3707209825515747,0
3760,2336,0.39969173073768616,0
3760,3408,0.40157562494277954,0
3760,307,0.39377981424331665,0
3760,3171,0.39822080731391907,0
3760,3660,0.39128702878952026,0
3760,3382,0.39452165365219116,0
3760,288,0.44336023926734924,0
3760,2309,0.39038515090942383,0
3760,562,0.4091673195362091,0
1779,1779,0.40951716899871826,1
1779,3480,0.36561936140060425,0
1779,1970,0.4945404529571533,0
1779,2804,0.4032939374446869,0
1779,1130,0.45031678676605225,0
1779,1484,0.4030991792678833,0
1779,373,0.36460140347480774,0
1779,3889,0.3939898908138275,0
1779,942,0.3853694200515747,0
1779,208,0.4010971784591675,0
1779,3659,0.38127732276916504,0
1779,1862,0.3881126642227173,0
1779,4002,0.3627682030200958,0
1779,1694,0.36406588554382324,0
1779,3278,0.37152260541915894,0
1779,156,0.4314135015010834,0
1779,2219,0.39013490080833435,0
1779,3095,0.3655143976211548,0
1779,1528,0.38853687047958374,0
1779,940,0.41232383251190186,0
4139,4139,0.377263605594635,1
4139,4044,0.3672053813934326,0
4139,1994,0.4175208806991577,0
4139,2473,0.4576858580112457,0
4139,2948,0.38217487931251526,0
4139,875,0.3851498067378998,0
4139,1324,0.45124679803848267,0
4139,278,0.4657370448112488,0
4139,1921,0.41464555263519287,0
4139,2044,0.3818516433238983,0
4139,328,0.4617103934288025,0
4139,2425,0.43183624744415283,0
4139,4153,0.43364202976226807,0
4139,3173,0.40437212586402893,0
4139,4010,0.41615578532218933,0
4139,996,0.39806661009788513,0
4139,1221,0.43186670541763306,0
4139,2163,0.4141552150249481,0
4139,2551,0.3625311553478241,0
4139,3820,0.4053215980529785,0
1607,1607,0.3671033978462219,1
1607,2039,0.3611445128917694,0
1607,1107,0.39205649495124817,0
1607,3556,0.3613448143005371,0
1607,3744,0.36302533745765686,0
1607,3326,0.4122350215911865,0
1607,1764,0.37102726101875305,0
1607,2081,0.3648459315299988,0
1607,737,0.42372116446495056,0
1607,3783,0.3775826096534729,0
1607,931,0.4175902009010315,0
1607,1248,0.3753648102283478,0
1607,1780,0.36596089601516724,0
1607,3684,0.35954973101615906,0
1607,4090,0.37751635909080505,0
1607,2421,0.35762545466423035,0
1607,2931,0.36825382709503174,0
1607,3067,0.382304310798645,0
1607,3892,0.3483021557331085,0
1607,264,0.43130117654800415,0
3689,3689,0.3455803692340851,1
3689,2194,0.37929967045783997,0
3689,1958,0.3360922038555145,0
3689,1304,0.35384097695350647,0
3689,1985,0.33491140604019165,0
3689,2043,0.34072738885879517,0
3689,457,0.3740181624889374,0
3689,3463,0.3541185259819031,0
3689,3010,0.42218297719955444,0
3689,2342,0.3503723740577698,0
3689,2658,0.37705206871032715,0
3689,1082,0.3838525414466858,0
3689,1128,0.3570469617843628,0
3689,3900,0.33255070447921753,0
3689,1203,0.37022581696510315,0
3689,3315,0.3489825129508972,0
3689,2975,0.31556546688079834,0
3689,2583,0.35506150126457214,0
3689,2330,0.3727232813835144,0
3689,2616,0.4077851176261902,0
2382,2382,0.46411681175231934,1
2382,3546,0.4508940577507019,0
2382,1266,0.423460453748703,0
2382,1190,0.41826677322387695,0
2382,3189,0.39677298069000244,0
2382,1256,0.40155887603759766,0
2382,2711,0.4481789469718933,0
2382,643,0.450173556804657,0
2382,3805,0.46082207560539246,0
2382,1871,0.4859398603439331,0
2382,410,0.4552382826805115,0
2382,135,0.46831122040748596,0
2382,3176,0.42429959774017334,0
2382,4061,0.40911659598350525,0
2382,2633,0.4199701249599457,0
2382,3593,0.36259615421295166,0
2382,2557,0.4212232232093811,0
2382,667,0.4584956467151642,0
2382,3378,0.44681593775749207,0
2382,3569,0.4161745011806488,0
623,623,0.3873899579048157,1
623,854,0.43524447083473206,0
623,427,0.4218396246433258,0
623,4131,0.3705354630947113,0
623,3852,0.3821612298488617,0
623,3487,0.3647659420967102,0
623,2198,0.3734818696975708,0
623,1079,0.40456336736679077,0
623,3582,0.36956366896629333,0
623,3670,0.40089112520217896,0
623,2338,0.39506906270980835,0
623,3150,0.3525942265987396,0
623,1494,0.38615041971206665,0
623,3570,0.36654067039489746,0
623,63,0.42846307158470154,0
623,1873,0.3615342378616333,0
623,838,0.4380839765071869,0
623,1740,0.3900635838508606,0
623,1862,0.37678396701812744,0
623,512,0.40670016407966614,0
2612,2612,0.40216127038002014,1
2612,1527,0.47016796469688416,0
2612,393,0.49119091033935547,0
2612,548,0.42138156294822693,0
2612,146,0.5028484463691711,0
2612,2478,0.45152249932289124,0
2612,1855,0.427429735660553,0
2612,1502,0.39430147409439087,0
2612,1376,0.47617074847221375,0
2612,3444,0.35318440198898315,0
2612,1685,0.3681815564632416,0
2612,104,0.5207630395889282,0
2612,734,0.4484180808067322,0
2612,2073,0.43985918164253235,0
2612,440,0.4460599422454834,0
2612,2260,0.38820314407348633,0
2612,3107,0.40363991260528564,0
2612,2442,0.4450346529483795,0
2612,3647,0.39459457993507385,0
2612,2654,0.415554016828537,0
3185,3185,0.4165022075176239,1
3185,3027,0.4252907931804657,0
3185,3425,0.3995542824268341,0
3185,2444,0.42049440741539,0
3185,1067,0.4221414029598236,0
3185,3735,0.40709882974624634,0
3185,1942,0.3930347263813019,0
3185,2424,0.40677326917648315,0
3185,533,0.5383381247520447,0
3185,3169,0.40159374475479126,0
3185,3720,0.3894589841365814,0
3185,1218,0.4402609169483185,0
3185,3579,0.37542960047721863,0
3185,2703,0.40397775173187256,0
3185,1496,0.4441911578178406,0
3185,811,0.47239458560943604,0
3185,2861,0.4027920961380005,0
3185,3268,0.3921257555484772,0
3185,565,0.39337244629859924,0
3185,4133,0.4124056398868561,0
3123,3123,0.36591827869415283,1
3123,3479,0.37861159443855286,0
3123,1360,0.4337717294692993,0
3123,898,0.4375808537006378,0
3123,1167,0.4097890257835388,0
3123,55,0.40677547454833984,0
3123,2088,0.4775983691215515,0
3123,1686,0.42025911808013916,0
3123,1298,0.42492371797561646,0
3123,1404,0.3961491584777832,0
3123,2395,0.4137888252735138,0
3123,3,0.41123518347740173,0
3123,3122,0.37326377630233765,0
3123,3311,0.3798704147338867,0
3123,2070,0.40374988317489624,0
3123,1929,0.3997817933559418,0
3123,3505,0.40725547075271606,0
3123,1700,0.4402678608894348,0
3123,2975,0.3524562120437622,0
3123,593,0.39475753903388977,0
1202,1202,0.4558703303337097,1
1202,1172,0.4259428083896637,0
1202,4131,0.3929879665374756,0
1202,2089,0.3977915346622467,0
1202,2639,0.4706089496612549,0
1202,562,0.42687124013900757,0
1202,3701,0.3929811120033264,0
1202,964,0.41331708431243896,0
1202,1959,0.4002442955970764,0
1202,2419,0.4023944139480591,0
1202,2295,0.3925686180591583,0
1202,454,0.43718570470809937,0
1202,3446,0.3713972568511963,0
1202,151,0.3906667232513428,0
1202,916,0.43819329142570496,0
1202,3106,0.44095832109451294,0
1202,4176,0.38771945238113403,0
1202,3700,0.36130189895629883,0
1202,3610,0.39870691299438477,0
1202,1361,0.4054608941078186,0
710,710,0.36341774463653564,1
710,923,0.37802332639694214,0
710,3701,0.36815354228019714,0
710,1600,0.375065416097641,0
710,1060,0.37318652868270874,0
710,2180,0.3565100133419037,0
710,1505,0.4810640215873718,0
710,2339,0.4091741740703583,0
710,3944,0.39090439677238464,0
710,1954,0.4647291302680969,0
710,656,0.45817771553993225,0
710,1050,0.3872561454772949,0
710,3260,0.3922808766365051,0
710,2621,0.38403499126434326,0
710,3230,0.3578367829322815,0
710,2510,0.44311097264289856,0
710,1819,0.4529111683368683,0
710,414,0.3957420289516449,0
710,1511,0.39194998145103455,0
710,643,0.41411009430885315,0
977,977,0.38282668590545654,1
977,3310,0.4043448567390442,0
977,3156,0.3702378273010254,0
977,1587,0.3760300874710083,0
977,1042,0.4047054946422577,0
977,847,0.3893255591392517,0
977,2886,0.3720238208770752,0
977,1110,0.3736182153224945,0
977,1081,0.4195263385772705,0
977,1967,0.4146469235420227,0
977,3989,0.37385880947113037,0
977,2648,0.37019649147987366,0
977,3348,0.37991273403167725,0
977,771,0.4060543179512024,0
977,3620,0.36031943559646606,0
977,588,0.4278949201107025,0
977,2289,0.37148812413215637,0
977,3164,0.3877519965171814,0
977,2463,0.3657476007938385,0
977,2709,0.36431825160980225,0
2895,2895,0.35445311665534973,1
2895,3470,0.35199129581451416,0
2895,3055,0.35487282276153564,0
2895,4006,0.3634348511695862,0
2895,980,0.36910927295684814,0
2895,648,0.41766971349716187,0
2895,119,0.3986339867115021,0
2895,2034,0.36120912432670593,0
2895,267,0.3550916314125061,0
2895,4107,0.36536452174186707,0
2895,3073,0.4153870642185211,0
2895,1343,0.36489757895469666,0
2895,1014,0.4208832085132599,0
2895,3443,0.37495627999305725,0
2895,3226,0.3673715591430664,0
2895,1363,0.36225441098213196,0
2895,1610,0.40712398290634155,0
2895,4146,0.3430551588535309,0
2895,1630,0.35763171315193176,0
2895,2332,0.36591094732284546,0
2218,2218,0.42803093791007996,1
2218,2331,0.41029587388038635,0
2218,4178,0.4065355062484741,0
2218,1890,0.3939654231071472,0
2218,616,0.5167329907417297,0
2218,4011,0.42585158348083496,0
2218,775,0.46326571702957153,0
2218,3895,0.40458667278289795,0
2218,1044,0.42939454317092896,0
2218,3175,0.4178166687488556,0
2218,2318,0.48305410146713257,0
2218,988,0.38529282808303833,0
2218,3270,0.4096471965312958,0
2218,2072,0.3981558680534363,0
2218,276,0.4416380822658539,0
2218,3051,0.4350086748600006,0
2218,560,0.4365607500076294,0
2218,1511,0.41939103603363037,0
2218,3118,0.39916107058525085,0
2218,1305,0.3904668986797333,0
2734,2734,0.38007932901382446,1
2734,4138,0.42218217253685,0
2734,376,0.3954683542251587,0
2734,2117,0.42909830808639526,0
2734,2933,0.4436277747154236,0
2734,2606,0.3916130065917969,0
2734,3628,0.4436798691749573,0
2734,2755,0.43689239025115967,0
2734,52,0.4175783395767212,0
2734,539,0.39406001567840576,0
2734,3123,0.40261176228523254,0
2734,3770,0.4132673740386963,0
2734,853,0.41709375381469727,0
2734,139,0.42676541209220886,0
2734,3625,0.40655431151390076,0
2734,2548,0.43911030888557434,0
2734,1498,0.43972837924957275,0
2734,3312,0.44212019443511963,0
2734,532,0.41666218638420105,0
2734,3426,0.3816801905632019,0
1626,1626,0.37168028950691223,1
1626,2523,0.39293164014816284,0
1626,1803,0.3630783259868622,0
1626,20,0.39136138558387756,0
1626,2160,0.39208823442459106,0
1626,382,0.388333797454834,0
1626,926,0.3949253261089325,0
1626,16,0.43829041719436646,0
1626,2514,0.41002896428108215,0
1626,1994,0.402535617351532,0
1626,2449,0.37438100576400757,0
1626,2139,0.41484534740448,0
1626,544,0.3842286765575409,0
1626,3058,0.3894566595554352,0
1626,3810,0.37317365407943726,0
1626,1341,0.38670703768730164,0
1626,1423,0.41724681854248047,0
1626,1724,0.4296463131904602,0
1626,991,0.4061855971813202,0
1626,1593,0.36777833104133606,0
616,616,0.46329277753829956,1
616,1754,0.41885071992874146,0
616,3111,0.3912319242954254,0
616,346,0.43861865997314453,0
616,1092,0.384386271238327,0
616,1869,0.3657089173793793,0
616,367,0.40787988901138306,0
616,216,0.32591375708580017,0
616,3576,0.45400118827819824,0
616,3616,0.4018012285232544,0
616,3732,0.3798590302467346,0
616,4073,0.36488959193229675,0
616,1848,0.43221279978752136,0
616,465,0.39630672335624695,0
616,3194,0.38298535346984863,0
616,684,0.40128999948501587,0
616,2653,0.40545982122421265,0
616,3654,0.4525652527809143,0
616,110,0.3906227946281433,0
616,2467,0.41835159063339233,0
4057,4057,0.34168609976768494,1
4057,3505,0.36717426776885986,0
4057,714,0.41328680515289307,0
4057,3955,0.34183913469314575,0
4057,432,0.39652979373931885,0
4057,1056,0.3489200174808502,0
4057,526,0.46718496084213257,0
4057,857,0.3945128917694092,0
4057,3832,0.3732033967971802,0
4057,1086,0.39094775915145874,0
4057,2957,0.36003586649894714,0
4057,951,0.4028776288032532,0
4057,3115,0.42402100563049316,0
4057,1182,0.3776474595069885,0
4057,3268,0.3465622365474701,0
4057,1692,0.4215414226055145,0
4057,391,0.38289833068847656,0
4057,335,0.41956523060798645,0
4057,2881,0.4430902600288391,0
4057,2697,0.3686946928501129,0
3776,3776,0.3608044981956482,1
3776,3814,0.45363202691078186,0
3776,473,0.4182879626750946,0
3776,1330,0.43752536177635193,0
3776,2196,0.36544856429100037,0
3776,3874,0.39707037806510925,0
3776,1109,0.3684665262699127,0
3776,1236,0.3633427023887634,0
3776,2555,0.37991130352020264,0
3776,62,0.3707484304904938,0
3776,3073,0.4022528827190399,0
3776,549,0.4261573851108551,0
3776,26,0.4132517874240875,0
3776,884,0.3586917221546173,0
3776,891,0.43440350890159607,0
3776,2382,0.41310688853263855,0
3776,1585,0.4521290361881256,0
3776,548,0.38810744881629944,0
3776,4063,0.34235408902168274,0
3776,441,0.3220428228378296,0
1803,1803,0.3710522949695587,1
1803,3665,0.3539954125881195,0
1803,3401,0.3889003098011017,0
1803,3356,0.36308103799819946,0
1803,2928,0.37980741262435913,0
1803,1466,0.36439642310142517,0
1803,3082,0.4140106439590454,0
1803,2722,0.3630812168121338,0
1803,3841,0.35313090682029724,0
1803,613,0.33122503757476807,0
1803,1651,0.3753746449947357,0
1803,1990,0.37488099932670593,0
1803,2279,0.36903509497642517,0
1803,2748,0.3421882688999176,0
1803,1620,0.37279969453811646,0
1803,3711,0.3442355692386627,0
1803,1749,0.40357375144958496,0
1803,2999,0.3860130310058594,0
1803,1811,0.3751342296600342,0
1803,3894,0.3853456974029541,0
74,74,0.3952058255672455,1
74,2509,0.3830065131187439,0
74,3420,0.3751896321773529,0
74,3429,0.431459903717041,0
74,1334,0.41661572456359863,0
74,2973,0.4216556251049042,0
74,4106,0.425672709941864,0
74,3567,0.41764625906944275,0
74,2870,0.38115745782852173,0
74,868,0.4391738176345825,0
74,3627,0.4278717041015625,0
74,1548,0.4261920154094696,0
74,3081,0.37513384222984314,0
74,1642,0.39615049958229065,0
74,3136,0.40100014209747314,0
74,480,0.4886068105697632,0
74,1038,0.38168418407440186,0
74,985,0.3856732249259949,0
74,2542,0.42487868666648865,0
74,39,0.43675580620765686,0
2399,2399,0.3751641511917114,1
2399,2721,0.43047043681144714,0
2399,1813,0.43690812587738037,0
2399,1838,0.4385823905467987,0
2399,1539,0.486596941947937,0
2399,1279,0.39085230231285095,0
2399,3438,0.3993087112903595,0
2399,1847,0.4126862585544586,0
2399,2144,0.43467196822166443,0
2399,973,0.4251634478569031,0
2399,2062,0.45476457476615906,0
2399,1961,0.40185606479644775,0
2399,867,0.44352829456329346,0
2399,2161,0.41205576062202454,0
2399,2410,0.3823147714138031,0
2399,1124,0.4215177595615387,0
2399,3204,0.3597031533718109,0
2399,179,0.385619193315506,0
2399,3570,0.3889053463935852,0
2399,3582,0.39845672249794006,0
2403,2403,0.3385399878025055,1
2403,474,0.3713093400001526,0
2403,2926,0.36129656434059143,0
2403,1832,0.37472233176231384,0
2403,3316,0.36846062541007996,0
2403,1118,0.4455890655517578,0
2403,1618,0.3571416139602661,0
2403,1864,0.38592255115509033,0
2403,2906,0.32943081855773926,0
2403,3486,0.36293578147888184,0
2403,3798,0.3663642704486847,0
2403,3292,0.365081250667572,0
2403,246,0.35620737075805664,0
2403,3034,0.37358978390693665,0
2403,437,0.39825260639190674,0
2403,761,0.3798406720161438,0
2403,3162,0.35086196660995483,0
2403,2750,0.3782152533531189,0
2403,273,0.36350566148757935,0
2403,2549,0.420751690864563,0
1520,1520,0.49701017141342163,1
1520,878,0.4348907172679901,0
1520,3146,0.33987221121788025,0
1520,4144,0.37891557812690735,0
1520,342,0.42081373929977417,0
1520,86,0.3711831867694855,0
1520,2214,0.37657666206359863,0
1520,755,0.4280732572078705,0
1520,1073,0.3603971004486084,0
1520,2131,0.3971329927444458,0
1520,3984,0.3837011456489563,0
1520,1070,0.4252498745918274,0
1520,1685,0.3690531551837921,0
1520,1726,0.4112071990966797,0
1520,1448,0.4779982566833496,0
1520,2002,0.36267149448394775,0
1520,914,0.3797004818916321,0
1520,3850,0.4106430411338806,0
1520,3087,0.3986608684062958,0
1520,2864,0.3725891709327698,0
1593,1593,0.35463258624076843,1
1593,1943,0.41905519366264343,0
1593,1831,0.5044686794281006,0
1593,1708,0.43473583459854126,0
1593,3154,0.41270241141319275,0
1593,1723,0.44224679470062256,0
1593,4009,0.37747228145599365,0
1593,1503,0.3865775167942047,0
1593,3420,0.36975544691085815,0
1593,3750,0.39641767740249634,0
1593,3962,0.39798784255981445,0
1593,1956,0.3772139847278595,0
1593,2014,0.38718801736831665,0
1593,2600,0.3962021470069885,0
1593,1192,0.38155898451805115,0
1593,1462,0.4116217792034149,0
1593,1841,0.4363909661769867,0
1593,1551,0.41799962520599365,0
1593,1264,0.38742560148239136,0
1593,4105,0.3813582956790924,0
3749,3749,0.39854082465171814,1
3749,599,0.392821729183197,0
3749,100,0.38492146134376526,0
3749,1134,0.37840861082077026,0
3749,1243,0.40724778175354004,0
3749,1692,0.40385952591896057,0
3749,1858,0.3645293116569519,0
3749,3656,0.36320972442626953,0
3749,90,0.5155056118965149,0
3749,1080,0.38777831196784973,0
3749,1774,0.40788331627845764,0
3749,3284,0.33426302671432495,0
3749,116,0.4199112057685852,0
3749,1572,0.4348093271255493,0
3749,2605,0.36118778586387634,0
3749,3390,0.37058600783348083,0
3749,2506,0.35498782992362976,0
3749,389,0.5385439395904541,0
3749,1041,0.39316728711128235,0
3749,228,0.40378338098526,0
1529,1529,0.37435048818588257,1
1529,4064,0.41925325989723206,0
1529,479,0.4859454333782196,0
1529,929,0.3762449622154236,0
1529,273,0.36457401514053345,0
1529,1683,0.3881758153438568,0
1529,1869,0.347832053899765,0
1529,3817,0.3834979832172394,0
1529,422,0.44149187207221985,0
1529,4170,0.35710763931274414,0
1529,2821,0.3658130168914795,0
1529,41,0.3608054518699646,0
1529,3772,0.3573019504547119,0
1529,2693,0.3814460337162018,0
1529,301,0.4080902934074402,0
1529,2551,0.3465665876865387,0
1529,2509,0.36127954721450806,0
1529,2413,0.3771287202835083,0
1529,3530,0.3632507026195526,0
1529,3612,0.3571680188179016,0
2233,2233,0.3938738703727722,1
2233,3370,0.38465192914009094,0
2233,735,0.39121735095977783,0
2233,2837,0.3827061355113983,0
2233,979,0.3785163462162018,0
2233,4155,0.3809813857078552,0
2233,3164,0.37178313732147217,0
2233,1914,0.37746191024780273,0
2233,342,0.43243443965911865,0
2233,2244,0.4018249809741974,0
2233,3768,0.37675225734710693,0
2233,703,0.38549211621284485,0
2233,2279,0.374629408121109,0
2233,3772,0.3614904284477234,0
2233,852,0.3711444139480591,0
2233,73,0.40954917669296265,0
2233,3299,0.391249418258667,0
2233,2094,0.38407084345817566,0
2233,2482,0.4153452515602112,0
2233,2403,0.3505110442638397,0
1595,1595,0.42582613229751587,1
1595,575,0.4277835190296173,0
1595,3191,0.39535418152809143,0
1595,3263,0.41262999176979065,0
1595,1337,0.38893434405326843,0
1595,3246,0.3563193678855896,0
1595,2138,0.46838653087615967,0
1595,3166,0.3856548070907593,0
1595,2036,0.468082457780838,0
1595,3712,0.3744359314441681,0
1595,1421,0.38143885135650635,0
1595,3289,0.40658262372016907,0
1595,2682,0.3883891999721527,0
1595,551,0.46365758776664734,0
1595,3299,0.40471509099006653,0
1595,3254,0.4063206911087036,0
1595,3512,0.35952967405319214,0
1595,267,0.37819984555244446,0
1595,3754,0.3728652894496918,0
1595,3249,0.4039972722530365,0
451,451,0.4290878176689148,1
451,1353,0.3572388291358948,0
451,2619,0.38805681467056274,0
451,1771,0.3782801330089569,0
451,2772,0.3859984278678894,0
451,1379,0.4246872067451477,0
451,1511,0.40415826439857483,0
451,1738,0.3851235508918762,0
451,2994,0.4080822765827179,0
451,3609,0.3983210027217865,0
451,3656,0.3745865821838379,0
451,4034,0.38680678606033325,0
451,602,0.4240182340145111,0
451,3170,0.39304646849632263,0
451,1576,0.43668195605278015,0
451,2851,0.37811893224716187,0
451,1261,0.42736634612083435,0
451,3895,0.39351558685302734,0
451,195,0.41033655405044556,0
451,2924,0.4013712406158447,0
3435,3435,0.344755619764328,1
3435,2984,0.32495203614234924,0
3435,1353,0.35278213024139404,0
3435,170,0.41365543007850647,0
3435,627,0.44917088747024536,0
3435,3054,0.36837077140808105,0
3435,150,0.37053099274635315,0
3435,563,0.3890764117240906,0
3435,3597,0.37723007798194885,0
3435,2108,0.358866810798645,0
3435,670,0.3812805712223053,0
3435,1732,0.4479961693286896,0
3435,3934,0.39185041189193726,0
3435,1810,0.4096819758415222,0
3435,3990,0.3514585494995117,0
3435,1977,0.39768895506858826,0
3435,716,0.39643532037734985,0
3435,2442,0.39882808923721313,0
3435,648,0.399188756942749,0
3435,3098,0.43976718187332153,0
1604,1604,0.3632846772670746,1
1604,2882,0.36996155977249146,0
1604,3372,0.39336028695106506,0
1604,1861,0.3895668387413025,0
1604,591,0.3815310001373291,0
1604,2765,0.38021859526634216,0
1604,4178,0.3811700940132141,0
1604,2620,0.35763439536094666,0
1604,2968,0.36902278661727905,0
1604,193,0.4169749319553375,0
1604,2046,0.3886391520500183,0
1604,1227,0.4110528230667114,0
1604,114,0.40321946144104004,0
1604,1790,0.3963640630245209,0
1604,2687,0.380499929189682,0
1604,1891,0.4051779508590698,0
1604,30,0.36301127076148987,0
1604,1413,0.4379306137561798,0
1604,2706,0.34725871682167053,0
1604,146,0.43493741750717163,0
315,315,0.4547356367111206,1
315,3709,0.428066611289978,0
315,2253,0.41191112995147705,0
315,2617,0.45445743203163147,0
315,3348,0.41678956151008606,0
315,3408,0.45179513096809387,0
315,2484,0.3839840888977051,0
315,1180,0.4106168746948242,0
315,759,0.44963574409484863,0
315,1827,0.43306127190589905,0
315,1857,0.3843650817871094,0
315,312,0.4425438642501831,0
315,2053,0.4327549338340759,0
315,2974,0.3892405331134796,0
315,254,0.37963345646858215,0
315,1445,0.424620121717453,0
315,3282,0.3779638111591339,0
315,1630,0.4070822596549988,0
315,2454,0.5495156049728394,0
315,958,0.43772444128990173,0
2115,2115,0.3373943269252777,1
2115,189,0.42401307821273804,0
2115,3334,0.3610626459121704,0
2115,1926,0.4180619716644287,0
2115,1935,0.3781718611717224,0
2115,2968,0.373325914144516,0
2115,2809,0.39987319707870483,0
2115,1849,0.35775238275527954,0
2115,3753,0.3516356945037842,0
2115,584,0.3761656880378723,0
2115,243,0.34818553924560547,0
2115,2253,0.35705918073654175,0
2115,830,0.41973182559013367,0
2115,2705,0.36825308203697205,0
2115,2191,0.3690822720527649,0
2115,1753,0.4350871443748474,0
2115,2206,0.3558691740036011,0
2115,63,0.40004464983940125,0
2115,476,0.364346981048584,0
2115,3768,0.3442959487438202,0
790,790,0.3965502977371216,1
790,139,0.3957006633281708,0
790,3560,0.36233460903167725,0
790,919,0.43726062774658203,0
790,709,0.3660476505756378,0
790,3698,0.3717711269855499,0
790,2143,0.3670903444290161,0
790,2412,0.4102211892604828,0
790,2881,0.4465269446372986,0
790,3438,0.3656664490699768,0
790,3937,0.39051714539527893,0
790,3806,0.4142592251300812,0
790,485,0.45896899700164795,0
790,1926,0.45002222061157227,0
790,245,0.3545547425746918,0
790,140,0.4266565144062042,0
790,2417,0.3680304288864136,0
790,2795,0.42260751128196716,0
790,1074,0.41418105363845825,0
790,3380,0.38280951976776123,0
2697,2697,0.3867861330509186,1
2697,2890,0.37644875049591064,0
2697,3919,0.37665170431137085,0
2697,1214,0.392952561378479,0
2697,2472,0.39716413617134094,0
2697,1708,0.4382854104042053,0
2697,1888,0.3963278830051422,0
2697,2230,0.40338942408561707,0
2697,1744,0.34977787733078003,0
2697,2770,0.36401358246803284,0
2697,3373,0.3897659480571747,0
2697,175,0.40998193621635437,0
2697,2142,0.37653014063835144,0
2697,2015,0.4039456844329834,0
2697,401,0.5219280123710632,0
2697,4088,0.4001457095146179,0
2697,833,0.44374391436576843,0
2697,2872,0.3731529712677002,0
2697,2716,0.3809084892272949,0
2697,1243,0.42433595657348633,0
2871,2871,0.45106402039527893,1
2871,1207,0.4069349765777588,0
2871,911,0.43141108751296997,0
2871,3051,0.39836445450782776,0
2871,3347,0.38418641686439514,0
2871,685,0.46734699606895447,0
2871,3531,0.4112411439418793,0
2871,2511,0.43554598093032837,0
2871,623,0.40403228998184204,0
2871,2427,0.38405242562294006,0
2871,1573,0.39220109581947327,0
2871,3572,0.3762262165546417,0
2871,2374,0.41100695729255676,0
2871,2542,0.40025168657302856,0
2871,2008,0.38456904888153076,0
2871,2765,0.39867377281188965,0
2871,1356,0.4309716820716858,0
2871,2650,0.4174475073814392,0
2871,3920,0.4358646869659424,0
2871,3655,0.3770921528339386,0
2334,2334,0.40706610679626465,1
2334,3153,0.406411737203598,0
2334,2923,0.43056148290634155,0
2334,1867,0.443700909614563,0
2334,759,0.4049084186553955,0
2334,1829,0.4056898057460785,0
2334,3105,0.37969347834587097,0
2334,772,0.41321465373039246,0
2334,2837,0.38485509157180786,0
2334,520,0.3726096749305725,0
2334,4057,0.3477187752723694,0
2334,2828,0.35625535249710083,0
2334,704,0.41059452295303345,0
2334,1009,0.4708971381187439,0
2334,1408,0.4433843195438385,0
2334,195,0.3929101526737213,0
2334,535,0.4275144040584564,0
2334,2672,0.4242602586746216,0
2334,2191,0.40346798300743103,0
2334,3558,0.3490883708000183,0
2752,2752,0.3995203971862793,1
2752,1584,0.47734716534614563,0
2752,2093,0.4238712191581726,0
2752,2843,0.3896898329257965,0
2752,2959,0.3784981071949005,0
2752,2188,0.45600947737693787,0
2752,3428,0.3796369433403015,0
2752,718,0.40571269392967224,0
2752,3878,0.35695186257362366,0
2752,405,0.4378296732902527,0
2752,1648,0.42156434059143066,0
2752,1919,0.38588547706604004,0
2752,3556,0.37150776386260986,0
2752,1742,0.40611520409584045,0
2752,543,0.39740878343582153,0
2752,1677,0.40935051441192627,0
2752,1039,0.4202437102794647,0
2752,3860,0.40567493438720703,0
2752,2225,0.38940882682800293,0
2752,2465,0.4115803837776184,0
1027,1027,0.3737424910068512,1
1027,3172,0.3559775650501251,0
1027,1028,0.4157751202583313,0
1027,695,0.4554544985294342,0
1027,59,0.4235554337501526,0
1027,4170,0.3728678822517395,0
1027,1852,0.35857364535331726,0
1027,4113,0.37544405460357666,0
1027,3938,0.37896087765693665,0
1027,671,0.3772377371788025,0
1027,1819,0.4511427581310272,0
1027,4029,0.3592303991317749,0
1027,2852,0.37360918521881104,0
1027,224,0.41236913204193115,0
1027,677,0.3349371552467346,0
1027,1267,0.4587160050868988,0
1027,284,0.39952895045280457,0
1027,221,0.3510059118270874,0
1027,4171,0.36286818981170654,0
1027,3661,0.36071541905403137,0
224,224,0.4346201717853546,1
224,3973,0.3930428922176361,0
224,3186,0.3561035990715027,0
224,2694,0.3956790566444397,0
224,76,0.4304412305355072,0
224,1480,0.4092365801334381,0
224,710,0.3892415165901184,0
224,2425,0.43545666337013245,0
224,3235,0.3877449035644531,0
224,1996,0.42547839879989624,0
224,3087,0.3999601900577545,0
224,4138,0.3867855966091156,0
224,2289,0.3772277534008026,0
224,2924,0.3808407187461853,0
224,459,0.45805567502975464,0
224,3393,0.42993083596229553,0
224,2352,0.41016721725463867,0
224,2438,0.38477611541748047,0
224,279,0.4029363691806793,0
224,1154,0.3992655277252197,0
1429,1429,0.3918165862560272,1
1429,3577,0.4153696894645691,0
1429,3733,0.4146761894226074,0
1429,362,0.44681188464164734,0
1429,1807,0.45273345708847046,0
1429,4048,0.45098480582237244,0
1429,2448,0.3952077031135559,0
1429,3730,0.396982342004776,0
1429,169,0.4427284896373749,0
1429,2121,0.3921056389808655,0
1429,2251,0.3982967138290405,0
1429,964,0.42115747928619385,0
1429,2597,0.43459272384643555,0
1429,3327,0.39866432547569275,0
1429,1134,0.4119972586631775,0
1429,270,0.40806764364242554,0
1429,1891,0.4283924698829651,0
1429,700,0.40546154975891113,0
1429,1724,0.4442262649536133,0
1429,3173,0.4301018714904785,0
3759,3759,0.36905282735824585,1
3759,2436,0.41356587409973145,0
3759,790,0.3939477503299713,0
3759,531,0.3919883668422699,0
3759,902,0.4611824154853821,0
3759,2838,0.4572960436344147,0
3759,1970,0.47671636939048767,0
3759,1739,0.4387857913970947,0
3759,1275,0.39769041538238525,0
3759,4,0.3822590112686157,0
3759,3834,0.4092482626438141,0
3759,670,0.40347209572792053,0
3759,18,0.4098254442214966,0
3759,3590,0.38513079285621643,0
3759,3755,0.37421396374702454,0
3759,3704,0.3679659068584442,0
3759,469,0.38100677728652954,0
3759,1664,0.4019791781902313,0
3759,3844,0.3619154691696167,0
3759,2527,0.39789336919784546,0
2461,2461,0.3581104576587677,1
2461,794,0.4033967852592468,0
2461,4141,0.3770630657672882,0
2461,967,0.36369162797927856,0
2461,617,0.37782424688339233,0
2461,3646,0.42633122205734253,0
2461,1490,0.399064838886261,0
2461,304,0.38335365056991577,0
2461,2868,0.36218592524528503,0
2461,350,0.46998733282089233,0
2461,881,0.4234263598918915,0
2461,1395,0.4204593896865845,0
2461,3786,0.5081431269645691,0
2461,1876,0.45084765553474426,0
2461,1199,0.395526260137558,0
2461,2887,0.3777872323989868,0
2461,2335,0.4640055000782013,0
2461,3557,0.40881019830703735,0
2461,207,0.5164403319358826,0
2461,603,0.42331090569496155,0
2798,2798,0.39662137627601624,1
2798,4076,0.38174888491630554,0
2798,1405,0.41308721899986267,0
2798,4021,0.37127581238746643,0
2798,685,0.45541808009147644,0
2798,697,0.5067716240882874,0
2798,3949,0.39714497327804565,0
2798,1724,0.41395026445388794,0
2798,2963,0.38224321603775024,0
2798,4103,0.3741576671600342,0
2798,95,0.4023554027080536,0
2798,1594,0.35045167803764343,0
2798,1920,0.4303467571735382,0
2798,1188,0.3888104557991028,0
2798,416,0.3548804223537445,0
2798,1496,0.4091655910015106,0
2798,2470,0.3695208728313446,0
2798,1578,0.3849552273750305,0
2798,2512,0.3556681275367737,0
2798,3331,0.3550606667995453,0
3258,3258,0.34476470947265625,1
3258,3534,0.35649824142456055,0
3258,540,0.3248036205768585,0
3258,2434,0.3582614064216614,0
3258,2551,0.34817594289779663,0
3258,2300,0.40765702724456787,0
3258,3989,0.350187212228775,0
3258,3157,0.35062357783317566,0
3258,1928,0.35200998187065125,0
3258,2512,0.352526992559433,0
3258,3905,0.3516501188278198,0
3258,1608,0.3331534266471863,0
3258,1878,0.35499852895736694,0
3258,3886,0.35061004757881165,0
3258,3035,0.39073431491851807,0
3258,1155,0.4277336001396179,0
3258,3086,0.34429287910461426,0
3258,414,0.3847866654396057,0
3258,135,0.3804338872432709,0
3258,2069,0.3453839421272278,0
4036,4036,0.3406379222869873,1
4036,3292,0.3554542660713196,0
4036,1479,0.3573736548423767,0
4036,3134,0.3771156370639801,0
4036,3184,0.40053996443748474,0
4036,2493,0.3478040099143982,0
4036,1991,0.37797248363494873,0
4036,366,0.3873509466648102,0
4036,2304,0.37720370292663574,0
4036,1756,0.3704970180988312,0
4036,685,0.4270819425582886,0
4036,4022,0.3377651274204254,0
4036,1706,0.4661344587802887,0
4036,2383,0.3824755847454071,0
4036,558,0.36782699823379517,0
4036,813,0.3529742956161499,0
4036,3011,0.36909231543540955,0
4036,3478,0.37073850631713867,0
4036,2428,0.3978896737098694,0
4036,715,0.3909676671028137,0
543,543,0.3972890377044678,1
543,1566,0.4413159489631653,0
543,1245,0.38377803564071655,0
543,1452,0.3926573693752289,0
543,4118,0.3758256733417511,0
543,3557,0.37984898686408997,0
543,1523,0.3638560473918915,0
543,558,0.3951258361339569,0
543,1879,0.4702307879924774,0
543,77,0.37169674038887024,0
543,2467,0.4112558960914612,0
543,3481,0.42704999446868896,0
543,3047,0.3679223656654358,0
543,3998,0.4177369475364685,0
543,346,0.43525823950767517,0
543,2583,0.39916878938674927,0
543,118,0.38301387429237366,0
543,3993,0.33734336495399475,0
543,2957,0.4315558671951294,0
543,2982,0.4051930904388428,0
2012,2012,0.3571213483810425,1
2012,834,0.41117364168167114,0
2012,4070,0.3757103383541107,0
2012,982,0.44584327936172485,0
2012,629,0.41669654846191406,0
2012,338,0.43673452734947205,0
2012,514,0.36778202652931213,0
2012,3629,0.40680941939353943,0
2012,3452,0.3639342486858368,0
2012,1793,0.37944743037223816,0
2012,970,0.39195412397384644,0
2012,3234,0.36152324080467224,0
2012,3954,0.3690171241760254,0
2012,955,0.387555867433548,0
2012,617,0.3497161865234375,0
2012,3925,0.3680225610733032,0
2012,2539,0.472856730222702,0
2012,2073,0.4148276448249817,0
2012,2198,0.38072001934051514,0
2012,3071,0.38243886828422546,0
210,210,0.34437257051467896,1
210,3684,0.33543357253074646,0
210,4054,0.34127265214920044,0
210,2521,0.36303070187568665,0
210,2977,0.3766651749610901,0
210,3419,0.37148740887641907,0
210,493,0.389641672372818,0
210,771,0.41937166452407837,0
210,3804,0.40422138571739197,0
210,4164,0.36187323927879333,0
210,2155,0.3879458010196686,0
210,1268,0.3481496572494507,0
210,1541,0.4075030982494354,0
210,2966,0.35158151388168335,0
210,477,0.38301169872283936,0
210,2379,0.4159623086452484,0
210,3143,0.3617534935474396,0
210,3171,0.37214890122413635,0
210,143,0.3599473834037781,0
210,1734,0.3804588317871094,0
1680,1680,0.48689785599708557,1
1680,3154,0.4234357476234436,0
1680,2277,0.45479816198349,0
1680,9,0.447969913482666,0
1680,1343,0.39387112855911255,0
1680,1793,0.3972395062446594,0
1680,992,0.40494683384895325,0
1680,1727,0.3958696126937866,0
1680,2493,0.3884013891220093,0
1680,1803,0.38569170236587524,0
1680,2686,0.37946879863739014,0
1680,436,0.40937113761901855,0
1680,308,0.46073317527770996,0
1680,2117,0.4283207058906555,0
1680,3374,0.3816872835159302,0
1680,2759,0.40135276317596436,0
1680,1175,0.35780248045921326,0
1680,701,0.4081997871398926,0
1680,1833,0.41083022952079773,0
1680,2848,0.38991931080818176,0
3184,3184,0.39504697918891907,1
3184,4131,0.3373495936393738,0
3184,460,0.41990384459495544,0
3184,2951,0.3650232255458832,0
3184,3837,0.43533530831336975,0
3184,415,0.45800328254699707,0
3184,1601,0.3694012761116028,0
3184,659,0.35015928745269775,0
3184,654,0.39853718876838684,0
3184,365,0.3722561299800873,0
3184,680,0.4453989863395691,0
3184,2844,0.35253584384918213,0
3184,1161,0.32361313700675964,0
3184,864,0.37804028391838074,0
3184,2640,0.349855899810791,0
3184,2117,0.3937135636806488,0
3184,3868,0.3710079789161682,0
3184,2779,0.3958060145378113,0
3184,1657,0.42747339606285095,0
3184,1724,0.39169347286224365,0
2430,2430,0.36955657601356506,1
2430,1086,0.398044615983963,0
2430,3456,0.3922194838523865,0
2430,989,0.43126973509788513,0
2430,3736,0.3556758165359497,0
2430,325,0.37691980600357056,0
2430,2063,0.37441614270210266,0
2430,2043,0.3751681447029114,0
2430,1039,0.43706703186035156,0
2430,2246,0.4286629855632782,0
2430,3026,0.38911378383636475,0
2430,3450,0.3842279016971588,0
2430,3752,0.3818794786930084,0
2430,3722,0.36219877004623413,0
2430,1116,0.39008477330207825,0
2430,975,0.37443485856056213,0
2430,1843,0.4605587124824524,0
2430,1547,0.4404526352882385,0
2430,2841,0.36295393109321594,0
2430,46,0.45238932967185974,0
1938,1938,0.36371171474456787,1
1938,688,0.3409229815006256,0
1938,3796,0.3626708686351776,0
1938,3526,0.3523992598056793,0
1938,1007,0.3890364170074463,0
1938,796,0.39758196473121643,0
1938,3563,0.3301698565483093,0
1938,674,0.39434969425201416,0
1938,3006,0.38113436102867126,0
1938,3477,0.3839901387691498,0
1938,1643,0.3761677145957947,0
1938,3642,0.3557959794998169,0
1938,2328,0.39710676670074463,0
1938,486,0.44883009791374207,0
1938,1268,0.3645886182785034,0
1938,3214,0.418021559715271,0
1938,1742,0.37752199172973633,0
1938,2915,0.35206058621406555,0
1938,2782,0.36649417877197266,0
1938,2811,0.3739328980445862,0
365,365,0.3799506425857544,1
365,3166,0.38238734006881714,0
365,3432,0.4112530052661896,0
365,3351,0.3812304437160492,0
365,2624,0.35874348878860474,0
365,3421,0.4063599109649658,0
365,605,0.4236401617527008,0
365,3336,0.3949142098426819,0
365,634,0.3921887278556824,0
365,1700,0.4104946553707123,0
365,3977,0.3761257231235504,0
365,1356,0.43402379751205444,0
365,2619,0.38385632634162903,0
365,635,0.3795751929283142,0
365,1456,0.3806384205818176,0
365,1234,0.3702447712421417,0
365,1642,0.3622068762779236,0
365,2207,0.35143765807151794,0
365,500,0.3959709405899048,0
365,3459,0.40200698375701904,0
2801,2801,0.347723126411438,1
2801,3325,0.3438303470611572,0
2801,1888,0.36446136236190796,0
2801,3567,0.3620564937591553,0
2801,3845,0.36007291078567505,0
2801,3055,0.34630751609802246,0
2801,3819,0.3715142011642456,0
2801,763,0.43343880772590637,0
2801,3267,0.4010777473449707,0
2801,3937,0.37760841846466064,0
2801,3980,0.3629305362701416,0
2801,3990,0.34212639927864075,0
2801,2696,0.36479300260543823,0
2801,4012,0.36655735969543457,0
2801,2581,0.41066214442253113,0
2801,1266,0.37842580676078796,0
2801,782,0.41883358359336853,0
2801,3918,0.3501421809196472,0
2801,3961,0.3595709204673767,0
2801,95,0.39335694909095764,0
3438,3438,0.3821585774421692,1
3438,2810,0.48718979954719543,0
3438,4140,0.38736027479171753,0
3438,3430,0.35052767395973206,0
3438,2422,0.40356358885765076,0
3438,1819,0.4538433253765106,0
3438,3683,0.40509626269340515,0
3438,1475,0.4046403467655182,0
3438,3828,0.38030001521110535,0
3438,1484,0.39261361956596375,0
3438,4133,0.38886672258377075,0
3438,1020,0.38399538397789,0
3438,637,0.374518483877182,0
3438,942,0.3820071816444397,0
3438,3662,0.3945551812648773,0
3438,906,0.42160701751708984,0
3438,3692,0.3936288356781006,0
3438,704,0.4219050109386444,0
3438,2501,0.38404417037963867,0
3438,2483,0.39604100584983826,0
3770,3770,0.3750724494457245,1
3770,953,0.41433048248291016,0
3770,468,0.4174511432647705,0
3770,1733,0.3594748377799988,0
3770,1844,0.44357389211654663,0
3770,3032,0.4486028552055359,0
3770,227,0.3422125577926636,0
3770,3870,0.3725215792655945,0
3770,1004,0.40329432487487793,0
3770,1617,0.37765631079673767,0
3770,1433,0.4060509502887726,0
3770,3277,0.3779855966567993,0
3770,3683,0.4086349308490753,0
3770,176,0.41347622871398926,0
3770,832,0.36626049876213074,0
3770,1780,0.3751487731933594,0
3770,3467,0.3998301029205322,0
3770,308,0.44126808643341064,0
3770,2055,0.39148443937301636,0
3770,602,0.39552682638168335,0
2711,2711,0.40779852867126465,1
2711,1226,0.3834244906902313,0
2711,840,0.36696088314056396,0
2711,3370,0.3692810535430908,0
2711,1864,0.3812820315361023,0
2711,4105,0.3444126546382904,0
2711,970,0.39015650749206543,0
2711,2312,0.352306604385376,0
2711,925,0.36285895109176636,0
2711,1017,0.36224621534347534,0
2711,3290,0.3545883595943451,0
2711,3059,0.4070366322994232,0
2711,1908,0.4012034833431244,0
2711,599,0.3926180899143219,0
2711,2446,0.3745892345905304,0
2711,3980,0.3683520555496216,0
2711,1304,0.3667987585067749,0
2711,3357,0.37973856925964355,0
2711,1077,0.3794301152229309,0
2711,1344,0.3394545614719391,0
2602,2602,0.3365054726600647,1
2602,3553,0.38332435488700867,0
2602,1396,0.40027865767478943,0
2602,3808,0.3954755663871765,0
2602,3632,0.35670608282089233,0
2602,158,0.4223862290382385,0
2602,2902,0.39974477887153625,0
2602,801,0.3740701973438263,0
2602,2439,0.38485854864120483,0
2602,113,0.3798728883266449,0
2602,2581,0.41412824392318726,0
2602,1980,0.3441455066204071,0
2602,3905,0.3622264862060547,0
2602,2572,0.3687552809715271,0
2602,635,0.38729235529899597,0
2602,1726,0.39743882417678833,0
2602,2395,0.40946435928344727,0
2602,1295,0.38617685437202454,0
2602,3258,0.36950162053108215,0
2602,1256,0.3649789094924927,0
931,931,0.44587644934654236,1
931,3280,0.3766883313655853,0
931,2419,0.3738752603530884,0
931,4018,0.39509594440460205,0
931,2477,0.3730711340904236,0
931,4118,0.3644179403781891,0
931,3012,0.350096732378006,0
931,29,0.5204095244407654,0
931,3317,0.3830603361129761,0
931,895,0.3620319366455078,0
931,2978,0.3722708225250244,0
931,1763,0.3780664801597595,0
931,190,0.4222544729709625,0
931,3437,0.35568588972091675,0
931,956,0.44030866026878357,0
931,3764,0.37102043628692627,0
931,3509,0.3987026810646057,0
931,2463,0.3435279130935669,0
931,2001,0.4327618181705475,0
931,996,0.3636007606983185,0
1597,1597,0.3887809216976166,1
1597,3435,0.36302006244659424,0
1597,2399,0.3651563227176666,0
1597,344,0.4460473358631134,0
1597,1084,0.41925138235092163,0
1597,359,0.35940948128700256,0
1597,2177,0.3893965780735016,0
1597,715,0.37753912806510925,0
1597,2991,0.3957047462463379,0
1597,369,0.3688817620277405,0
1597,1409,0.4170401096343994,0
1597,1290,0.40601658821105957,0
1597,1242,0.4175230860710144,0
1597,3263,0.4067656099796295,0
1597,2039,0.3807455003261566,0
1597,597,0.42297929525375366,0
1597,2539,0.47236037254333496,0
1597,3481,0.409347265958786,0
1597,496,0.4346868395805359,0
1597,1143,0.39535292983055115,0
2741,2741,0.3375292718410492,1
2741,738,0.3633837401866913,0
2741,864,0.3559582531452179,0
2741,1324,0.4033314883708954,0
2741,1524,0.347718745470047,0
2741,501,0.3452833294868469,0
2741,438,0.34431469440460205,0
2741,2169,0.3418545126914978,0
2741,2018,0.39850518107414246,0
2741,4010,0.3619353473186493,0
2741,1160,0.39423903822898865,0
2741,2915,0.336918443441391,0
2741,1963,0.354133665561676,0
2741,3814,0.44408783316612244,0
2741,1958,0.36088794469833374,0
2741,4064,0.38348352909088135,0
2741,120,0.3634493350982666,0
2741,2787,0.34988993406295776,0
2741,2681,0.3770447075366974,0
2741,1387,0.4494524300098419,0
2912,2912,0.40662825107574463,1
2912,3786,0.49282845854759216,0
2912,1783,0.4202330708503723,0
2912,1437,0.38625437021255493,0
2912,1534,0.41120603680610657,0
2912,2160,0.42600324749946594,0
2912,1344,0.38425958156585693,0
2912,701,0.4961193799972534,0
2912,2242,0.4379259943962097,0
2912,2207,0.37385293841362,0
2912,855,0.4808114171028137,0
2912,3657,0.38900843262672424,0
2912,2020,0.45728832483291626,0
2912,688,0.3916911482810974,0
2912,243,0.4162914454936981,0
2912,4083,0.3828151524066925,0
2912,703,0.4173368215560913,0
2912,3787,0.41355833411216736,0
2912,3102,0.40373027324676514,0
2912,2894,0.3923538029193878,0
2649,2649,0.46113741397857666,1
2649,2353,0.36864957213401794,0
2649,10,0.37527427077293396,0
2649,1317,0.35950446128845215,0
2649,607,0.35394641757011414,0
2649,2382,0.4072514474391937,0
2649,2367,0.39598020911216736,0
2649,4108,0.38299891352653503,0
2649,3484,0.37760892510414124,0
2649,527,0.39327695965766907,0
2649,2449,0.3801477551460266,0
2649,3903,0.34589457511901855,0
2649,3537,0.38099414110183716,0
2649,3233,0.4436517357826233,0
2649,3637,0.3879912495613098,0
2649,1258,0.3962461054325104,0
2649,2256,0.39531752467155457,0
2649,3422,0.3890698552131653,0
2649,397,0.484330415725708,0
2649,193,0.41689273715019226,0
3065,3065,0.3495189845561981,1
3065,3072,0.37291860580444336,0
3065,3538,0.36120080947875977,0
3065,2891,0.3989185094833374,0
3065,1919,0.361623078584671,0
3065,2042,0.380222886800766,0
3065,3549,0.37534549832344055,0
3065,3474,0.35177838802337646,0
3065,2624,0.3372698128223419,0
3065,1611,0.39335107803344727,0
3065,3792,0.39944010972976685,0
3065,241,0.3678863048553467,0
3065,891,0.4197283983230591,0
3065,731,0.3916415572166443,0
3065,658,0.4579108655452728,0
3065,1706,0.4666113555431366,0
3065,3468,0.3639523386955261,0
3065,297,0.3963509500026703,0
3065,2305,0.34707027673721313,0
3065,554,0.3838883936405182,0
225,225,0.41665756702423096,1
225,1923,0.4064503312110901,0
225,2893,0.3975258767604828,0
225,318,0.4686119258403778,0
225,1926,0.46199363470077515,0
225,1662,0.4214051365852356,0
225,265,0.432127445936203,0
225,2832,0.3832905888557434,0
225,3290,0.38772255182266235,0
225,3279,0.4040033221244812,0
225,2311,0.37666165828704834,0
225,2874,0.40121033787727356,0
225,3034,0.3958589732646942,0
225,951,0.4394538998603821,0
225,2838,0.4725366234779358,0
225,920,0.4840977191925049,0
225,3501,0.3828682005405426,0
225,336,0.41492924094200134,0
225,379,0.4233892261981964,0
225,1689,0.4779098331928253,0
2554,2554,0.3633732795715332,1
2554,1581,0.347453773021698,0
2554,3435,0.34151601791381836,0
2554,2091,0.3612002730369568,0
2554,2118,0.3597445487976074,0
2554,3270,0.3697534203529358,0
2554,3281,0.3524448573589325,0
2554,3706,0.37820303440093994,0
2554,2279,0.3758234679698944,0
2554,2704,0.4020802676677704,0
2554,1450,0.36834606528282166,0
2554,3000,0.3574122190475464,0
2554,3099,0.37551748752593994,0
2554,566,0.38411593437194824,0
2554,3615,0.3522827923297882,0
2554,3209,0.3712041974067688,0
2554,1310,0.36033234000205994,0
2554,1108,0.4234606921672821,0
2554,1428,0.3853929340839386,0
2554,4044,0.34676557779312134,0
2394,2394,0.4046277105808258,1
2394,854,0.4113636016845703,0
2394,625,0.41963398456573486,0
2394,441,0.31411951780319214,0
2394,3521,0.36993324756622314,0
2394,2098,0.37707948684692383,0
2394,1249,0.35334447026252747,0
2394,2615,0.3695225119590759,0
2394,4023,0.3840770721435547,0
2394,2690,0.40256860852241516,0
2394,52,0.38152337074279785,0
2394,3225,0.3632794916629791,0
2394,3356,0.37823107838630676,0
2394,3831,0.4129045009613037,0
2394,3601,0.3980516493320465,0
2394,1326,0.3916822671890259,0
2394,2189,0.4103025197982788,0
2394,458,0.3800593614578247,0
2394,294,0.37693139910697937,0
2394,1187,0.38904711604118347,0
1918,1918,0.42391839623451233,1
1918,1853,0.3509178161621094,0
1918,3529,0.38217681646347046,0
1918,1667,0.36844393610954285,0
1918,245,0.34883913397789,0
1918,4136,0.4214271903038025,0
1918,480,0.4793286621570587,0
1918,2620,0.37782469391822815,0
1918,2474,0.36986011266708374,0
1918,2235,0.35396939516067505,0
1918,1388,0.39424338936805725,0
1918,2140,0.3770131766796112,0
1918,1036,0.43425658345222473,0
1918,3337,0.45179060101509094,0
1918,2008,0.34288111329078674,0
1918,3161,0.38058629631996155,0
1918,1173,0.35083818435668945,0
1918,2624,0.34900835156440735,0
1918,3004,0.3815363645553589,0
1918,1326,0.43796223402023315,0
2997,2997,0.3626469373703003,1
2997,3395,0.38426682353019714,0
2997,1862,0.3796989619731903,0
2997,1007,0.4081942141056061,0
2997,619,0.4635027050971985,0
2997,884,0.36741477251052856,0
2997,2899,0.42137452960014343,0
2997,3549,0.378811776638031,0
2997,3710,0.3853508532047272,0
2997,4103,0.37737205624580383,0
2997,1836,0.46076592803001404,0
2997,4108,0.37555694580078125,0
2997,3227,0.37942007184028625,0
2997,2074,0.4146099388599396,0
2997,992,0.3779276907444,0
2997,4144,0.37146854400634766,0
2997,765,0.40078675746917725,0
2997,3151,0.3851062059402466,0
2997,2816,0.36303967237472534,0
2997,644,0.3969026505947113,0
1448,1448,0.4780421853065491,1
1448,5,0.47230809926986694,0
1448,2414,0.36916717886924744,0
1448,660,0.47092485427856445,0
1448,1996,0.424869567155838,0
1448,3204,0.346407026052475,0
1448,2872,0.3633134961128235,0
1448,4008,0.38275453448295593,0
1448,2173,0.40666791796684265,0
1448,1827,0.3848460018634796,0
1448,2172,0.38199877738952637,0
1448,661,0.3926396667957306,0
1448,3811,0.3542001247406006,0
1448,4018,0.3800179660320282,0
1448,2460,0.43869704008102417,0
1448,1218,0.38504841923713684,0
1448,316,0.3929402530193329,0
1448,3619,0.38551661372184753,0
1448,3492,0.34328851103782654,0
1448,559,0.38061457872390747,0
529,529,0.36771833896636963,1
529,2978,0.36720094084739685,0
529,2143,0.35996130108833313,0
529,1334,0.4082220792770386,0
529,4089,0.38252440094947815,0
529,375,0.38567110896110535,0
529,3636,0.3760768175125122,0
529,3774,0.4013015031814575,0
529,3499,0.3585699498653412,0
529,2024,0.38038134574890137,0
529,3518,0.3714905083179474,0
529,804,0.41437050700187683,0
529,3426,0.34289655089378357,0
529,3195,0.3672337234020233,0
529,1596,0.4080381691455841,0
529,2516,0.36227983236312866,0
529,3953,0.395420640707016,0
529,1806,0.4370496869087219,0
529,1814,0.3832013010978699,0
529,1473,0.4062501788139343,0
1962,1962,0.42627841234207153,1
1962,430,0.4222976863384247,0
1962,2462,0.43401217460632324,0
1962,800,0.37814339995384216,0
1962,2027,0.36627089977264404,0
1962,3937,0.40316247940063477,0
1962,3669,0.3977438509464264,0
1962,4081,0.3933798670768738,0
1962,581,0.41516852378845215,0
1962,3583,0.3957740068435669,0
1962,2871,0.4890587031841278,0
1962,1567,0.3830825686454773,0
1962,911,0.42159879207611084,0
1962,868,0.43660351634025574,0
1962,390,0.46149423718452454,0
1962,1588,0.4067310392856598,0
1962,3084,0.40500399470329285,0
1962,1671,0.40328145027160645,0
1962,2037,0.3691565990447998,0
1962,1349,0.3860453963279724,0
3127,3127,0.39472225308418274,1
3127,519,0.38318976759910583,0
3127,3631,0.3750418722629547,0
3127,3264,0.38471752405166626,0
3127,610,0.4543844759464264,0
3127,3105,0.384464830160141,0
3127,205,0.4157496392726898,0
3127,2,0.3799947202205658,0
3127,597,0.41733822226524353,0
3127,471,0.46874523162841797,0
3127,2545,0.3609696626663208,0
3127,410,0.4225040078163147,0
3127,3224,0.3697441816329956,0
3127,3965,0.39433062076568604,0
3127,3056,0.3591228127479553,0
3127,1189,0.38033825159072876,0
3127,2323,0.3682267367839813,0
3127,1637,0.3884626626968384,0
3127,2483,0.38734695315361023,0
3127,3628,0.4234706461429596,0
2647,2647,0.3890298902988434,1
2647,372,0.41354459524154663,0
2647,351,0.3615761995315552,0
2647,2413,0.4001728594303131,0
2647,2768,0.39302802085876465,0
2647,3836,0.35668909549713135,0
2647,2305,0.3583816587924957,0
2647,587,0.5026527047157288,0
2647,808,0.4255940616130829,0
2647,4032,0.40947848558425903,0
2647,1659,0.3990556001663208,0
2647,3112,0.45508426427841187,0
2647,670,0.414272665977478,0
2647,3840,0.3800942897796631,0
2647,2834,0.36823317408561707,0
2647,1255,0.3953736126422882,0
2647,3474,0.37321600317955017,0
2647,2968,0.39720064401626587,0
2647,1918,0.424205482006073,0
2647,645,0.41194549202919006,0
2431,2431,0.3734883666038513,1
2431,2564,0.4681086838245392,0
2431,3953,0.41322004795074463,0
2431,606,0.35164886713027954,0
2431,265,0.40082013607025146,0
2431,495,0.40192365646362305,0
2431,2965,0.40391457080841064,0
2431,1596,0.4238418936729431,0
2431,696,0.4553503692150116,0
2431,840,0.37182292342185974,0
2431,1791,0.43921926617622375,0
2431,2521,0.333925724029541,0
2431,367,0.46611157059669495,0
2431,1825,0.3852967917919159,0
2431,3240,0.415050745010376,0
2431,2649,0.45944270491600037,0
2431,3948,0.37039607763290405,0
2431,2354,0.3771110475063324,0
2431,2042,0.38849401473999023,0
2431,845,0.4209027588367462,0
2698,2698,0.37138620018959045,1
2698,2119,0.3808886706829071,0
2698,2084,0.37574413418769836,0
2698,878,0.4335165023803711,0
2698,1479,0.37310275435447693,0
2698,3189,0.3679549992084503,0
2698,3620,0.3540157675743103,0
2698,2019,0.3656104803085327,0
2698,3809,0.3610835373401642,0
2698,3186,0.3355819582939148,0
2698,21,0.4258267283439636,0
2698,777,0.42867612838745117,0
2698,2477,0.4043336510658264,0
2698,2083,0.3922438323497772,0
2698,1061,0.4225403964519501,0
2698,1964,0.36677682399749756,0
2698,1873,0.36948153376579285,0
2698,227,0.35341769456863403,0
2698,3706,0.39980727434158325,0
2698,2822,0.37111371755599976,0
940,940,0.4312341511249542,1
940,1708,0.4345057010650635,0
940,2030,0.39634183049201965,0
940,2019,0.39626172184944153,0
940,2538,0.39623233675956726,0
940,2268,0.4827563464641571,0
940,1898,0.44787442684173584,0
940,1481,0.4685215353965759,0
940,828,0.3960486054420471,0
940,1758,0.36023765802383423,0
940,2263,0.46834370493888855,0
940,3226,0.41291528940200806,0
940,1288,0.3926805853843689,0
940,1645,0.3808417022228241,0
940,3536,0.3709387183189392,0
940,3811,0.3818303346633911,0
940,842,0.4132084548473358,0
940,939,0.5090296864509583,0
940,3487,0.3973270654678345,0
940,3153,0.39254969358444214,0
157,157,0.42744338512420654,1
157,1801,0.38053858280181885,0
157,526,0.4963259994983673,0
157,4008,0.4079374670982361,0
157,1045,0.45827776193618774,0
157,1409,0.4288577735424042,0
157,642,0.4205814003944397,0
157,331,0.40037840604782104,0
157,2791,0.4398190379142761,0
157,4123,0.3774339556694031,0
157,859,0.38182055950164795,0
157,2027,0.37756258249282837,0
157,114,0.4421478509902954,0
157,1519,0.3785629868507385,0
157,2384,0.42708227038383484,0
157,3845,0.3974992334842682,0
157,3251,0.37763068079948425,0
157,1046,0.4197441339492798,0
157,3564,0.3882473111152649,0
157,1121,0.390474408864975,0
3361,3361,0.36100900173187256,1
3361,4137,0.361843466758728,0
3361,937,0.3762111961841583,0
3361,2488,0.3918501138687134,0
3361,4029,0.3524321913719177,0
3361,2266,0.3804042935371399,0
3361,3822,0.36511504650115967,0
3361,3423,0.4066460430622101,0
3361,3976,0.37014561891555786,0
3361,174,0.3703411817550659,0
3361,1672,0.3618180751800537,0
3361,1321,0.3633739650249481,0
3361,2729,0.3981444835662842,0
3361,2578,0.35741692781448364,0
3361,2509,0.37232282757759094,0
3361,2093,0.429709792137146,0
3361,3246,0.3399835526943207,0
3361,2583,0.38314709067344666,0
3361,2232,0.37677910923957825,0
3361,3965,0.3731197118759155,0
655,655,0.39365994930267334,1
655,2325,0.41210177540779114,0
655,752,0.4982285499572754,0
655,2003,0.4107409119606018,0
655,628,0.3752547800540924,0
655,1736,0.4226732552051544,0
655,3679,0.37655651569366455,0
655,1945,0.3941801190376282,0
655,1366,0.46933597326278687,0
655,437,0.4395061731338501,0
655,3783,0.3974803686141968,0
655,4160,0.3900591731071472,0
655,4124,0.4014182686805725,0
655,3248,0.4180326759815216,0
655,2772,0.3987613320350647,0
655,1268,0.3965415358543396,0
655,3458,0.4595382809638977,0
655,3722,0.38697999715805054,0
655,2104,0.46730509400367737,0
655,4153,0.4365008473396301,0
2688,2688,0.3881988823413849,1
2688,325,0.39600372314453125,0
2688,1650,0.41638222336769104,0
2688,2890,0.39470189809799194,0
2688,2118,0.3824392557144165,0
2688,945,0.404281884431839,0
2688,3020,0.41789114475250244,0
2688,2331,0.40507036447525024,0
2688,2953,0.41682860255241394,0
2688,3250,0.3595745861530304,0
2688,1381,0.43325620889663696,0
2688,2134,0.3474370837211609,0
2688,715,0.4144710898399353,0
2688,3095,0.37147608399391174,0
2688,206,0.379744291305542,0
2688,2389,0.3644407093524933,0
2688,1272,0.37776848673820496,0
2688,1299,0.364604651927948,0
2688,3231,0.37877580523490906,0
2688,1939,0.40222081542015076,0
400,400,0.38916343450546265,1
400,2632,0.36920249462127686,0
400,390,0.41633060574531555,0
400,3024,0.3463923931121826,0
400,2083,0.37871086597442627,0
400,1594,0.33819058537483215,0
400,2607,0.3764910399913788,0
400,1655,0.38366180658340454,0
400,2004,0.36463409662246704,0
400,1523,0.35007184743881226,0
400,1915,0.3689040243625641,0
400,3857,0.3942880630493164,0
400,30,0.3508906960487366,0
400,2152,0.38939327001571655,0
400,503,0.35376718640327454,0
400,347,0.4211649000644684,0
400,897,0.3762977719306946,0
400,2432,0.3814801871776581,0
400,3188,0.3708413243293762,0
400,1974,0.4097600281238556,0
3022,3022,0.4060187041759491,1
3022,2064,0.40519025921821594,0
3022,1122,0.43604665994644165,0
3022,610,0.4517022371292114,0
3022,2631,0.5061771869659424,0
3022,3132,0.4300011396408081,0
3022,2177,0.3714776039123535,0
3022,1433,0.371071994304657,0
3022,1751,0.38032951951026917,0
3022,26,0.4314708709716797,0
3022,1963,0.3648183345794678,0
3022,1642,0.35763266682624817,0
3022,1819,0.4441739618778229,0
3022,1178,0.37547704577445984,0
3022,4165,0.3704626262187958,0
3022,2572,0.34346503019332886,0
3022,3189,0.3606245815753937,0
3022,3890,0.36574289202690125,0
3022,3163,0.36918726563453674,0
3022,2068,0.4225604236125946,0
3596,3596,0.3755166232585907,1
3596,981,0.40979140996932983,0
3596,3356,0.3665429353713989,0
3596,4008,0.3719305694103241,0
3596,2173,0.3941335678100586,0
3596,3119,0.37192586064338684,0
3596,2983,0.38980525732040405,0
3596,2922,0.43395674228668213,0
3596,1954,0.47050079703330994,0
3596,1523,0.3548290431499481,0
3596,1695,0.36748558282852173,0
3596,1770,0.37270382046699524,0
3596,2118,0.35668709874153137,0
3596,889,0.3983311653137207,0
3596,674,0.38491976261138916,0
3596,548,0.3963845372200012,0
3596,967,0.3497151732444763,0
3596,2624,0.3398277163505554,0
3596,3086,0.3625531792640686,0
3596,1075,0.37281084060668945,0
3775,3775,0.387440025806427,1
3775,3498,0.41896557807922363,0
3775,1335,0.39999866485595703,0
3775,2445,0.4071999788284302,0
3775,246,0.36944761872291565,0
3775,3449,0.39678680896759033,0
3775,30,0.3880103528499603,0
3775,2933,0.4049836993217468,0
3775,2337,0.36148083209991455,0
3775,3714,0.40198811888694763,0
3775,3321,0.4025055170059204,0
3775,1754,0.4088379442691803,0
3775,4109,0.40657296776771545,0
3775,3041,0.41401323676109314,0
3775,3500,0.3715108335018158,0
3775,2721,0.401599258184433,0
3775,1529,0.4462358057498932,0
3775,826,0.40256378054618835,0
3775,307,0.4042384922504425,0
3775,3740,0.4002058506011963,0
3510,3510,0.3529806137084961,1
3510,2942,0.3599705100059509,0
3510,2595,0.3570910692214966,0
3510,1160,0.37108176946640015,0
3510,31,0.33479318022727966,0
3510,2840,0.3581317663192749,0
3510,383,0.3581996560096741,0
3510,241,0.36902564764022827,0
3510,381,0.3586966097354889,0
3510,1906,0.3519406020641327,0
3510,3443,0.35969308018684387,0
3510,1353,0.34855738282203674,0
3510,1206,0.44898685812950134,0
3510,2393,0.3608016073703766,0
3510,623,0.33714625239372253,0
3510,1244,0.35631120204925537,0
3510,2243,0.4156840741634369,0
3510,803,0.4196555018424988,0
3510,2688,0.3589429557323456,0
3510,122,0.41305702924728394,0
1891,1891,0.3903622627258301,1
1891,2359,0.39979657530784607,0
1891,3995,0.3685336709022522,0
1891,3058,0.3854238986968994,0
1891,2306,0.39105120301246643,0
1891,1675,0.42589065432548523,0
1891,1808,0.4012860953807831,0
1891,959,0.3824143409729004,0
1891,2915,0.3724287152290344,0
1891,2156,0.38043156266212463,0
1891,3688,0.3591611683368683,0
1891,448,0.45011845231056213,0
1891,4028,0.367081880569458,0
1891,3462,0.3609749674797058,0
1891,960,0.38193416595458984,0
1891,2806,0.4149223566055298,0
1891,2838,0.45420166850090027,0
1891,3034,0.38241803646087646,0
1891,3396,0.39013251662254333,0
1891,4150,0.39978283643722534,0
2336,2336,0.37507396936416626,1
2336,579,0.3871673345565796,0
2336,3828,0.35734421014785767,0
2336,1566,0.4310493469238281,0
2336,2880,0.3863554894924164,0
2336,2417,0.36271849274635315,0
2336,1020,0.363933265209198,0
2336,2,0.37525302171707153,0
2336,85,0.41260412335395813,0
2336,655,0.35984301567077637,0
2336,3258,0.368927001953125,0
2336,3927,0.38572123646736145,0
2336,3851,0.3898027539253235,0
2336,2328,0.3833470046520233,0
2336,467,0.41628313064575195,0
2336,1582,0.39522624015808105,0
2336,3437,0.37498345971107483,0
2336,2979,0.37129083275794983,0
2336,3195,0.35182398557662964,0
2336,2860,0.3770172894001007,0
2674,2674,0.36947229504585266,1
2674,3001,0.3871658742427826,0
2674,3698,0.3769969344139099,0
2674,793,0.3722538948059082,0
2674,840,0.3746141195297241,0
2674,3867,0.3885101079940796,0
2674,775,0.41415658593177795,0
2674,2416,0.39562416076660156,0
2674,2934,0.35671770572662354,0
2674,2984,0.3386029899120331,0
2674,3333,0.4336622357368469,0
2674,3717,0.47092562913894653,0
2674,3624,0.35910457372665405,0
2674,3958,0.35398074984550476,0
2674,95,0.4008943736553192,0
2674,790,0.3818892240524292,0
2674,1919,0.3625504970550537,0
2674,177,0.4160195589065552,0
2674,1920,0.4274977743625641,0
2674,243,0.37312009930610657,0
307,307,0.3940267264842987,1
307,447,0.43582603335380554,0
307,3742,0.4127143919467926,0
307,1628,0.45081084966659546,0
307,1886,0.3675900995731354,0
307,1545,0.36270880699157715,0
307,420,0.4055935740470886,0
307,2676,0.37536942958831787,0
307,2467,0.40303632616996765,0
307,1995,0.4053485095500946,0
307,896,0.3729647696018219,0
307,3408,0.4107793867588043,0
307,3395,0.38934093713760376,0
307,4017,0.37254661321640015,0
307,3374,0.38119760155677795,0
307,2304,0.39494478702545166,0
307,3114,0.40234923362731934,0
307,2715,0.3636866807937622,0
307,1814,0.4033224284648895,0
307,1625,0.36056986451148987,0
1172,1172,0.43098339438438416,1
1172,3313,0.40848132967948914,0
1172,2829,0.38634321093559265,0
1172,1794,0.39705103635787964,0
1172,2874,0.40754619240760803,0
1172,982,0.45260241627693176,0
1172,597,0.4155665338039398,0
1172,3343,0.43556833267211914,0
1172,283,0.458828866481781,0
1172,1282,0.4971718192100525,0
1172,111,0.4390124976634979,0
1172,4026,0.4067266881465912,0
1172,2945,0.416916161775589,0
1172,2349,0.4100620448589325,0
1172,835,0.46592915058135986,0
1172,2353,0.3833855986595154,0
1172,1711,0.3712861239910126,0
1172,1819,0.4636364281177521,0
1172,388,0.47149911522865295,0
1172,1008,0.41606900095939636,0
408,408,0.4665476083755493,1
408,945,0.4243234097957611,0
408,486,0.4935591220855713,0
408,2533,0.3899347484111786,0
408,737,0.4876522421836853,0
408,3823,0.4226909279823303,0
408,3312,0.4501875340938568,0
408,3241,0.3898286819458008,0
408,2779,0.4268639385700226,0
408,3152,0.3992075026035309,0
408,3149,0.4408235549926758,0
408,3751,0.41201743483543396,0
408,2883,0.41954052448272705,0
408,872,0.4629196226596832,0
408,4177,0.40430015325546265,0
408,550,0.4128158688545227,0
408,493,0.430414617061615,0
408,3053,0.44574403762817383,0
408,1932,0.42832738161087036,0
408,2021,0.5466023683547974,0
1947,1947,0.43399694561958313,1
1947,1655,0.39762070775032043,0
1947,706,0.4917452335357666,0
1947,3347,0.3871054947376251,0
1947,1950,0.3902358412742615,0
1947,2552,0.4244561195373535,0
1947,2629,0.46113747358322144,0
1947,132,0.47924554347991943,0
1947,176,0.42865654826164246,0
1947,2363,0.4301866292953491,0
1947,3679,0.3738674223423004,0
1947,69,0.4770651161670685,0
1947,4006,0.38677144050598145,0
1947,2833,0.40190982818603516,0
1947,3390,0.40436306595802307,0
1947,2377,0.45008811354637146,0
1947,9,0.42226091027259827,0
1947,239,0.3820343613624573,0
1947,3107,0.3972841799259186,0
1947,2901,0.42252546548843384,0
842,842,0.38927367329597473,1
842,3505,0.3812694549560547,0
842,1229,0.49480029940605164,0
842,1429,0.36095836758613586,0
842,2790,0.38554647564888,0
842,3285,0.3727897107601166,0
842,2264,0.39034441113471985,0
842,2506,0.3817017674446106,0
842,3003,0.40153583884239197,0
842,3926,0.3674047887325287,0
842,2847,0.362626314163208,0
842,1266,0.3980748653411865,0
842,1067,0.37517407536506653,0
842,588,0.42430147528648376,0
842,3506,0.38564568758010864,0
842,1107,0.40551015734672546,0
842,963,0.3661246597766876,0
842,619,0.45555537939071655,0
842,2102,0.35620230436325073,0
842,3861,0.3735131621360779,0
216,216,0.33932504057884216,1
216,2812,0.4400412142276764,0
216,1686,0.44037726521492004,0
216,1901,0.43326476216316223,0
216,3925,0.39255985617637634,0
216,3911,0.4246736764907837,0
216,2790,0.4054374396800995,0
216,2645,0.45434966683387756,0
216,674,0.4240623116493225,0
216,2680,0.41109827160835266,0
216,2909,0.41360607743263245,0
216,1074,0.4459020495414734,0
216,700,0.4282160997390747,0
216,3672,0.4018703103065491,0
216,86,0.40570172667503357,0
216,141,0.42005643248558044,0
216,1073,0.4017569422721863,0
216,804,0.4618872404098511,0
216,2614,0.4243287444114685,0
216,2007,0.39711812138557434,0
3071,3071,0.38496437668800354,1
3071,2310,0.36842772364616394,0
3071,2596,0.3567228615283966,0
3071,3323,0.31880250573158264,0
3071,980,0.35856419801712036,0
3071,4049,0.37646380066871643,0
3071,3365,0.37487009167671204,0
3071,3042,0.41217637062072754,0
3071,3282,0.33729642629623413,0
3071,885,0.40153926610946655,0
3071,1210,0.3649042546749115,0
3071,2196,0.37736237049102783,0
3071,1960,0.4129739999771118,0
3071,638,0.35544487833976746,0
3071,2317,0.35931527614593506,0
3071,225,0.38879507780075073,0
3071,656,0.45493224263191223,0
3071,1905,0.38953378796577454,0
3071,84,0.43840473890304565,0
3071,1810,0.3986496329307556,0
3014,3014,0.3470743000507355,1
3014,715,0.3930225968360901,0
3014,3529,0.3798614740371704,0
3014,2167,0.3771113455295563,0
3014,1635,0.39073696732521057,0
3014,3913,0.357649564743042,0
3014,599,0.37806811928749084,0
3014,38,0.417745977640152,0
3014,1666,0.3830682635307312,0
3014,3140,0.4036242961883545,0
3014,2240,0.37777724862098694,0
3014,787,0.3961700201034546,0
3014,3810,0.3586474657058716,0
3014,3132,0.43808022141456604,0
3014,772,0.4149298369884491,0
3014,159,0.4406242370605469,0
3014,2928,0.3833519518375397,0
3014,638,0.3605123460292816,0
3014,2864,0.3967565596103668,0
3014,4085,0.41582953929901123,0
2692,2692,0.4374164640903473,1
2692,612,0.4104829430580139,0
2692,904,0.4069238305091858,0
2692,1091,0.40681785345077515,0
2692,554,0.4087931215763092,0
2692,726,0.39825528860092163,0
2692,1494,0.42600536346435547,0
2692,2581,0.4528175890445709,0
2692,4006,0.37047481536865234,0
2692,1663,0.45185646414756775,0
2692,120,0.4231050908565521,0
2692,392,0.48405978083610535,0
2692,3187,0.4279177784919739,0
2692,2476,0.4238850176334381,0
2692,1047,0.3693445026874542,0
2692,1011,0.4027068614959717,0
2692,3606,0.3883174657821655,0
2692,983,0.4530482888221741,0
2692,2853,0.39851975440979004,0
2692,3803,0.4130001366138458,0
321,321,0.42561131715774536,1
321,4079,0.43381303548812866,0
321,140,0.48206979036331177,0
321,601,0.46066370606422424,0
321,1161,0.3981345295906067,0
321,482,0.3964921832084656,0
321,3968,0.40186482667922974,0
321,2511,0.43776142597198486,0
321,3844,0.39217787981033325,0
321,3218,0.4507836103439331,0
321,4117,0.39960068464279175,0
321,2353,0.39792364835739136,0
321,3344,0.40256404876708984,0
321,3197,0.4215739369392395,0
321,2301,0.43684738874435425,0
321,383,0.4128214120864868,0
321,764,0.3974997103214264,0
321,3576,0.47922733426094055,0
321,2947,0.40610137581825256,0
321,2797,0.4145617187023163,0
3242,3242,0.3399958610534668,1
3242,118,0.38260242342948914,0
3242,4125,0.3669370114803314,0
3242,3968,0.40697282552719116,0
3242,3774,0.39720332622528076,0
3242,2874,0.3867890536785126,0
3242,352,0.3811964690685272,0
3242,2957,0.381640762090683,0
3242,3928,0.3772711455821991,0
3242,1190,0.3732267916202545,0
3242,1184,0.37730303406715393,0
3242,2349,0.39755409955978394,0
3242,1399,0.48283421993255615,0
3242,3347,0.3645305633544922,0
3242,2157,0.3929275572299957,0
3242,1231,0.414422869682312,0
3242,4077,0.3536034822463989,0
3242,930,0.41892209649086,0
3242,878,0.4159931242465973,0
3242,3260,0.3741368353366852,0
2212,2212,0.35948997735977173,1
2212,3591,0.356460303068161,0
2212,737,0.43486765027046204,0
2212,2203,0.37398555874824524,0
2212,285,0.3424583375453949,0
2212,1787,0.42801758646965027,0
2212,3886,0.39151379466056824,0
2212,820,0.3562743365764618,0
2212,3462,0.36907172203063965,0
2212,3592,0.37929701805114746,0
2212,417,0.4353155493736267,0
2212,1130,0.41609543561935425,0
2212,2088,0.436037540435791,0
2212,805,0.447199285030365,0
2212,8,0.401033490896225,0
2212,455,0.40504369139671326,0
2212,682,0.4162144362926483,0
2212,4020,0.39400777220726013,0
2212,1386,0.4222550392150879,0
2212,940,0.3966398537158966,0
3879,3879,0.3984048664569855,1
3879,2936,0.3567323386669159,0
3879,4074,0.3969271183013916,0
3879,478,0.39672189950942993,0
3879,4057,0.3463898301124573,0
3879,4165,0.40179628133773804,0
3879,4048,0.4368753731250763,0
3879,4173,0.36667272448539734,0
3879,1051,0.44315746426582336,0
3879,105,0.4731665849685669,0
3879,2423,0.47383564710617065,0
3879,1637,0.39603376388549805,0
3879,1951,0.38505294919013977,0
3879,861,0.40232184529304504,0
3879,3193,0.37932059168815613,0
3879,1283,0.39144787192344666,0
3879,1751,0.4345422089099884,0
3879,508,0.38711562752723694,0
3879,2033,0.4905511736869812,0
3879,692,0.4010351300239563,0
1527,1527,0.4796290397644043,1
1527,3207,0.3795541226863861,0
1527,351,0.35844287276268005,0
1527,3342,0.3667151927947998,0
1527,1584,0.3991604447364807,0
1527,386,0.37769967317581177,0
1527,2026,0.383090615272522,0
1527,3704,0.3631494641304016,0
1527,1641,0.4353908598423004,0
1527,3601,0.397958368062973,0
1527,1665,0.3819190561771393,0
1527,3593,0.3449631631374359,0
1527,3056,0.3586326241493225,0
1527,3855,0.4032411575317383,0
1527,2122,0.390202134847641,0
1527,1050,0.39656707644462585,0
1527,4095,0.38939905166625977,0
1527,4091,0.38870969414711,0
1527,3084,0.39973852038383484,0
1527,1052,0.38276514410972595,0
841,841,0.4034827947616577,1
841,475,0.4806247353553772,0
841,1254,0.3661397099494934,0
841,3784,0.42967522144317627,0
841,3058,0.4071771204471588,0
841,1579,0.4314638078212738,0
841,2738,0.49225175380706787,0
841,2499,0.37491050362586975,0
841,554,0.38565948605537415,0
841,2529,0.3703939616680145,0
841,1033,0.4397440552711487,0
841,2220,0.3787340223789215,0
841,2060,0.3880559504032135,0
841,1266,0.38802462816238403,0
841,1405,0.4730363190174103,0
841,4064,0.4058283269405365,0
841,1863,0.39639604091644287,0
841,3326,0.43794316053390503,0
841,1871,0.4505133330821991,0
841,1366,0.4417974054813385,0
3642,3642,0.3832903802394867,1
3642,3828,0.3667665719985962,0
3642,1747,0.4518834352493286,0
3642,3514,0.410595566034317,0
3642,1006,0.40314704179763794,0
3642,826,0.3914455473423004,0
3642,1975,0.41389888525009155,0
3642,1750,0.36341068148612976,0
3642,686,0.4140167534351349,0
3642,4060,0.38501492142677307,0
3642,1821,0.43418413400650024,0
3642,447,0.4351939260959625,0
3642,3862,0.3939419090747833,0
3642,2679,0.41953086853027344,0
3642,3838,0.3746086657047272,0
3642,2892,0.37951838970184326,0
3642,2386,0.4180237054824829,0
3642,146,0.47767874598503113,0
3642,340,0.37766802310943604,0
3642,3070,0.3739843964576721,0
469,469,0.3892775774002075,1
469,1544,0.3830994963645935,0
469,4175,0.4092600643634796,0
469,3972,0.4023246467113495,0
469,2125,0.3980662524700165,0
469,537,0.43981432914733887,0
469,3244,0.3901697099208832,0
469,464,0.41003188490867615,0
469,2096,0.3798764944076538,0
469,880,0.42440229654312134,0
469,1048,0.3815138041973114,0
469,1169,0.41539373993873596,0
469,1533,0.3984683156013489,0
469,1615,0.38323476910591125,0
469,815,0.40932899713516235,0
469,2467,0.4220091700553894,0
469,3887,0.4047689139842987,0
469,2958,0.38760778307914734,0
469,97,0.4687111973762512,0
469,139,0.43095290660858154,0
752,752,0.44542431831359863,1
752,3826,0.38873857259750366,0
752,274,0.40145382285118103,0
752,2396,0.3961062729358673,0
752,4127,0.3942200839519501,0
752,2525,0.42779117822647095,0
752,3960,0.3834683299064636,0
752,2050,0.4227527379989624,0
752,2730,0.41087573766708374,0
752,2916,0.39647477865219116,0
752,2132,0.3777132034301758,0
752,1935,0.4031798541545868,0
752,3578,0.37301507592201233,0
752,295,0.3628822863101959,0
752,2133,0.3959285020828247,0
752,1850,0.4126052260398865,0
752,2734,0.36432692408561707,0
752,2231,0.4085967242717743,0
752,1979,0.4031052887439728,0
752,4034,0.3860267996788025,0
2159,2159,0.45474204421043396,1
2159,836,0.38294118642807007,0
2159,2317,0.36235207319259644,0
2159,3120,0.3709823787212372,0
2159,2172,0.36790597438812256,0
2159,3912,0.37804877758026123,0
2159,2071,0.3852475881576538,0
2159,1209,0.364983469247818,0
2159,2676,0.38221582770347595,0
2159,370,0.38881993293762207,0
2159,1837,0.3741559088230133,0
2159,3763,0.3902609348297119,0
2159,89,0.4076997935771942,0
2159,3707,0.3775142431259155,0
2159,2646,0.3573993444442749,0
2159,862,0.39826980233192444,0
2159,1489,0.41086089611053467,0
2159,2938,0.4318866729736328,0
2159,1487,0.4584304690361023,0
2159,2566,0.4154754877090454,0
653,653,0.4227200746536255,1
653,1066,0.4086882472038269,0
653,2274,0.4228857457637787,0
653,3053,0.44344472885131836,0
653,3240,0.38807418942451477,0
653,1748,0.3868178725242615,0
653,3724,0.37960726022720337,0
653,3252,0.4337138235569,0
653,2104,0.4650159776210785,0
653,2815,0.41961658000946045,0
653,3990,0.37095773220062256,0
653,4026,0.4089699387550354,0
653,968,0.43767049908638,0
653,1221,0.42158499360084534,0
653,3958,0.3494495153427124,0
653,3582,0.3879567086696625,0
653,3186,0.357787162065506,0
653,2496,0.4236919581890106,0
653,518,0.39075517654418945,0
653,802,0.43432462215423584,0
3497,3497,0.3454667627811432,1
3497,862,0.39402198791503906,0
3497,1452,0.3733545243740082,0
3497,1415,0.4348839521408081,0
3497,2995,0.34901076555252075,0
3497,2796,0.41022834181785583,0
3497,2110,0.38084402680397034,0
3497,1626,0.3541734516620636,0
3497,1294,0.3620786964893341,0
3497,2099,0.3676190674304962,0
3497,956,0.44005468487739563,0
3497,2643,0.36909517645835876,0
3497,2846,0.34771013259887695,0
3497,2053,0.38462623953819275,0
3497,3097,0.35899457335472107,0
3497,377,0.4280189871788025,0
3497,765,0.4026311933994293,0
3497,2754,0.38574227690696716,0
3497,2840,0.3545103967189789,0
3497,3323,0.31294193863868713,0
1573,1573,0.37756723165512085,1
1573,2976,0.3951799273490906,0
1573,1028,0.40301379561424255,0
1573,1854,0.39864516258239746,0
1573,2251,0.38510653376579285,0
1573,2238,0.38275909423828125,0
1573,2892,0.35910359025001526,0
1573,3916,0.36181241273880005,0
1573,2348,0.45459285378456116,0
1573,274,0.42075133323669434,0
1573,218,0.41935592889785767,0
1573,63,0.42625388503074646,0
1573,1708,0.4619564414024353,0
1573,818,0.3957816958427429,0
1573,766,0.3802517056465149,0
1573,1974,0.4499930739402771,0
1573,726,0.3826300799846649,0
1573,1528,0.38609811663627625,0
1573,2146,0.3819381296634674,0
1573,1880,0.4323471486568451,0
995,995,0.3983173370361328,1
995,3651,0.4007790684700012,0
995,1433,0.40963903069496155,0
995,1341,0.40952640771865845,0
995,1974,0.4846709072589874,0
995,1754,0.42851004004478455,0
995,2315,0.45921823382377625,0
995,1237,0.38503313064575195,0
995,824,0.4210377633571625,0
995,3483,0.499778687953949,0
995,3157,0.41191887855529785,0
995,721,0.4504106640815735,0
995,1903,0.43693646788597107,0
995,2392,0.48504674434661865,0
995,1673,0.4875372052192688,0
995,2091,0.36876755952835083,0
995,1786,0.46792659163475037,0
995,3943,0.3563416004180908,0
995,1294,0.4099358916282654,0
995,897,0.4370468854904175,0
1465,1465,0.4427577257156372,1
1465,2868,0.38129398226737976,0
1465,3434,0.37823402881622314,0
1465,52,0.4111608862876892,0
1465,1773,0.43708470463752747,0
1465,1714,0.40166306495666504,0
1465,3647,0.4080217480659485,0
1465,4100,0.40115201473236084,0
1465,889,0.45053890347480774,0
1465,2469,0.3804459273815155,0
1465,2693,0.39572492241859436,0
1465,760,0.38271135091781616,0
1465,2960,0.42666223645210266,0
1465,712,0.4606143832206726,0
1465,1176,0.3735409379005432,0
1465,3564,0.39772069454193115,0
1465,1314,0.4470192492008209,0
1465,3865,0.43440502882003784,0
1465,1526,0.3874232769012451,0
1465,394,0.4629717469215393,0
2933,2933,0.42264747619628906,1
2933,3972,0.36299291253089905,0
2933,222,0.37501224875450134,0
2933,2451,0.4160366654396057,0
2933,3993,0.3385734260082245,0
2933,1409,0.42454826831817627,0
2933,1032,0.4017752707004547,0
2933,4140,0.3908314108848572,0
2933,605,0.4249540865421295,0
2933,478,0.4196779131889343,0
2933,864,0.4139854311943054,0
2933,2401,0.40379518270492554,0
2933,2036,0.4599927067756653,0
2933,1808,0.4109456241130829,0
2933,2615,0.36989548802375793,0
2933,3870,0.3919815123081207,0
2933,803,0.42976585030555725,0
2933,1586,0.4032386839389801,0
2933,714,0.4354930818080902,0
2933,3314,0.3845016658306122,0
1931,1931,0.3880687654018402,1
1931,4071,0.4115099310874939,0
1931,295,0.36924752593040466,0
1931,2805,0.3718433082103729,0
1931,928,0.4806438088417053,0
1931,1465,0.41792166233062744,0
1931,3979,0.40261486172676086,0
1931,1677,0.4346312880516052,0
1931,515,0.39132964611053467,0
1931,92,0.390725314617157,0
1931,3635,0.3919316530227661,0
1931,3602,0.389727920293808,0
1931,2154,0.41491690278053284,0
1931,692,0.3954991400241852,0
1931,1599,0.4295160174369812,0
1931,789,0.3965991139411926,0
1931,1006,0.39456886053085327,0
1931,3705,0.39616623520851135,0
1931,2338,0.4068237245082855,0
1931,281,0.4366469383239746,0
1399,1399,0.5227673053741455,1
1399,991,0.41081273555755615,0
1399,725,0.37474510073661804,0
1399,1239,0.3680799901485443,0
1399,807,0.40778228640556335,0
1399,1004,0.3826971650123596,0
1399,2171,0.46829310059547424,0
1399,1335,0.39112645387649536,0
1399,1513,0.3933255672454834,0
1399,130,0.4012812077999115,0
1399,2540,0.36074137687683105,0
1399,3218,0.4150047302246094,0
1399,3614,0.36426106095314026,0
1399,1609,0.40116316080093384,0
1399,2984,0.3482178747653961,0
1399,696,0.46023350954055786,0
1399,376,0.3671932816505432,0
1399,3451,0.368563175201416,0
1399,2068,0.42865532636642456,0
1399,953,0.44292834401130676,0
3989,3989,0.36537113785743713,1
3989,827,0.4030589163303375,0
3989,3393,0.3884240388870239,0
3989,112,0.3900385797023773,0
3989,2979,0.3787459135055542,0
3989,2698,0.37016400694847107,0
3989,154,0.40471604466438293,0
3989,3917,0.3417290449142456,0
3989,1168,0.34645339846611023,0
3989,1335,0.3812751770019531,0
3989,2126,0.4170985221862793,0
3989,2420,0.3623480796813965,0
3989,3912,0.3701818585395813,0
3989,3268,0.34507179260253906,0
3989,3820,0.3769626021385193,0
3989,1711,0.3643953800201416,0
3989,633,0.41077330708503723,0
3989,793,0.37119027972221375,0
3989,1944,0.4020177125930786,0
3989,1328,0.35281887650489807,0
593,593,0.3905349373817444,1
593,2693,0.37799081206321716,0
593,2211,0.3717159330844879,0
593,1705,0.36252495646476746,0
593,1274,0.3907274603843689,0
593,347,0.42705729603767395,0
593,1081,0.43931686878204346,0
593,2671,0.41878142952919006,0
593,2449,0.3766539692878723,0
593,3649,0.3490612506866455,0
593,3725,0.38060927391052246,0
593,2302,0.3815649151802063,0
593,99,0.4173160791397095,0
593,1575,0.42375513911247253,0
593,1372,0.39049437642097473,0
593,1701,0.4067635238170624,0
593,3904,0.3710837960243225,0
593,1856,0.398019403219223,0
593,1621,0.3838038444519043,0
593,1252,0.34130796790122986,0
91,91,0.34379804134368896,1
91,1227,0.4154594838619232,0
91,845,0.4411124289035797,0
91,3120,0.3827705383300781,0
91,1213,0.36900758743286133,0
91,1955,0.4394415616989136,0
91,1533,0.37874388694763184,0
91,1780,0.3807034194469452,0
91,530,0.3948860764503479,0
91,1065,0.4009784758090973,0
91,3021,0.36854782700538635,0
91,3823,0.4357967674732208,0
91,4107,0.38948854804039,0
91,1866,0.3982412815093994,0
91,431,0.3895006477832794,0
91,2658,0.4249935448169708,0
91,2081,0.3823700547218323,0
91,1195,0.3910349905490875,0
91,1412,0.3994758129119873,0
91,2203,0.3709145188331604,0
1987,1987,0.3606642186641693,1
1987,267,0.369046151638031,0
1987,2963,0.3734540343284607,0
1987,2512,0.37278541922569275,0
1987,2235,0.3753107786178589,0
1987,1976,0.4021284878253937,0
1987,2868,0.37084299325942993,0
1987,1925,0.37486666440963745,0
1987,1708,0.4323662221431732,0
1987,3312,0.3986929655075073,0
1987,943,0.3972969055175781,0
1987,189,0.4488551616668701,0
1987,3925,0.38849523663520813,0
1987,382,0.3878174424171448,0
1987,2892,0.3834778964519501,0
1987,3361,0.3490157723426819,0
1987,3855,0.4606591463088989,0
1987,2906,0.3512286841869354,0
1987,2989,0.41551321744918823,0
1987,1307,0.4841633141040802,0
1216,1216,0.3866339921951294,1
1216,649,0.4771984815597534,0
1216,2573,0.370947927236557,0
1216,10,0.3597372770309448,0
1216,3886,0.36359211802482605,0
1216,1301,0.3997207283973694,0
1216,1314,0.46200084686279297,0
1216,4047,0.37151286005973816,0
1216,2230,0.41316157579421997,0
1216,3121,0.38274887204170227,0
1216,1873,0.3862319588661194,0
1216,4114,0.36706244945526123,0
1216,2918,0.3977440297603607,0
1216,3324,0.36526864767074585,0
1216,273,0.44366246461868286,0
1216,184,0.4343738257884979,0
1216,1241,0.38343510031700134,0
1216,54,0.3713730573654175,0
1216,1436,0.4156220555305481,0
1216,588,0.43607619404792786,0
2562,2562,0.4313555955886841,1
2562,2952,0.40400850772857666,0
2562,1422,0.46976611018180847,0
2562,913,0.40912875533103943,0
2562,2763,0.3811769485473633,0
2562,684,0.3967408835887909,0
2562,1587,0.3903732895851135,0
2562,1617,0.3828943073749542,0
2562,1110,0.386861652135849,0
2562,2909,0.40730059146881104,0
2562,867,0.41671377420425415,0
2562,1741,0.4251171946525574,0
2562,3093,0.4105953574180603,0
2562,568,0.44873782992362976,0
2562,2413,0.3975473940372467,0
2562,3546,0.4141189754009247,0
2562,225,0.42099007964134216,0
2562,2452,0.4565037190914154,0
2562,2057,0.3719015121459961,0
2562,1089,0.437365859746933,0
2861,2861,0.37907376885414124,1
2861,612,0.39208129048347473,0
2861,2046,0.3982947766780853,0
2861,2210,0.3721855580806732,0
2861,1843,0.4605393707752228,0
2861,3865,0.4100426435470581,0
2861,963,0.3761703670024872,0
2861,2829,0.3816044330596924,0
2861,2509,0.3801010251045227,0
2861,3174,0.3919627070426941,0
2861,1625,0.37559637427330017,0
2861,2364,0.4078550338745117,0
2861,980,0.3841063678264618,0
2861,3722,0.3771762251853943,0
2861,1034,0.39343684911727905,0
2861,3650,0.3697892129421234,0
2861,3832,0.3944551944732666,0
2861,3859,0.39778366684913635,0
2861,2185,0.41882428526878357,0
2861,2068,0.44602251052856445,0
3209,3209,0.3673050105571747,1
3209,1431,0.4093834161758423,0
3209,1099,0.3559185266494751,0
3209,876,0.36035481095314026,0
3209,1870,0.4336823523044586,0
3209,2024,0.3609255254268646,0
3209,929,0.3698523938655853,0
3209,2790,0.3542020916938782,0
3209,1297,0.3697356581687927,0
3209,4061,0.3750128149986267,0
3209,1258,0.3715333342552185,0
3209,1444,0.35609549283981323,0
3209,438,0.35918673872947693,0
3209,2953,0.3831135630607605,0
3209,1310,0.3460623323917389,0
3209,783,0.39995113015174866,0
3209,4023,0.36089256405830383,0
3209,2637,0.4017546772956848,0
3209,468,0.3800693154335022,0
3209,760,0.3539651334285736,0
1936,1936,0.37064021825790405,1
1936,1941,0.3842821717262268,0
1936,593,0.36434271931648254,0
1936,2051,0.36101487278938293,0
1936,2865,0.3738952577114105,0
1936,3279,0.4083040952682495,0
1936,1872,0.3732093572616577,0
1936,1642,0.3525043725967407,0
1936,1001,0.4622812867164612,0
1936,3935,0.3781195878982544,0
1936,1796,0.4204815626144409,0
1936,405,0.4388197958469391,0
1936,3042,0.4113803505897522,0
1936,2943,0.3761870861053467,0
1936,3586,0.37931349873542786,0
1936,1722,0.3924952447414398,0
1936,4141,0.363243043422699,0
1936,3750,0.3751748502254486,0
1936,74,0.3705242872238159,0
1936,629,0.4105342626571655,0
3977,3977,0.3691727817058563,1
3977,3875,0.38493502140045166,0
3977,195,0.4142427444458008,0
3977,2658,0.407609224319458,0
3977,3269,0.3958737850189209,0
3977,3258,0.37467241287231445,0
3977,813,0.37951943278312683,0
3977,1547,0.44152212142944336,0
3977,2853,0.37005379796028137,0
3977,1092,0.3862067759037018,0
3977,1860,0.46173131465911865,0
3977,3343,0.37734419107437134,0
3977,3747,0.37775081396102905,0
3977,2324,0.4538709223270416,0
3977,3930,0.3721666634082794,0
3977,4116,0.3627864122390747,0
3977,932,0.43577083945274353,0
3977,2615,0.37057381868362427,0
3977,751,0.37974637746810913,0
3977,3795,0.36865395307540894,0
3709,3709,0.37182360887527466,1
3709,2107,0.3788878619670868,0
3709,1071,0.41943156719207764,0
3709,1299,0.3693714737892151,0
3709,3691,0.37948137521743774,0
3709,1671,0.39476820826530457,0
3709,3472,0.3665553331375122,0
3709,3783,0.3717951774597168,0
3709,3333,0.4563491642475128,0
3709,3848,0.38848745822906494,0
3709,2432,0.3894544541835785,0
3709,308,0.44686582684516907,0
3709,228,0.4070797562599182,0
3709,2106,0.3900768458843231,0
3709,2992,0.379235178232193,0
3709,1645,0.37910720705986023,0
3709,1382,0.3740401566028595,0
3709,3169,0.3638491630554199,0
3709,3757,0.3922167420387268,0
3709,1799,0.4119265377521515,0
3488,3488,0.37166863679885864,1
3488,399,0.4390439987182617,0
3488,1896,0.446236789226532,0
3488,3747,0.36755359172821045,0
3488,3063,0.3973875343799591,0
3488,3338,0.38435593247413635,0
3488,3346,0.3860055208206177,0
3488,3497,0.39764904975891113,0
3488,2183,0.3838101327419281,0
3488,3264,0.40926769375801086,0
3488,489,0.44091901183128357,0
3488,1752,0.44249606132507324,0
3488,1694,0.37709033489227295,0
3488,3017,0.4324473738670349,0
3488,3432,0.3952690362930298,0
3488,1476,0.4196776747703552,0
3488,1029,0.39499178528785706,0
3488,5,0.47131016850471497,0
3488,1921,0.4091188311576843,0
3488,3565,0.40530842542648315,0
1776,1776,0.43756601214408875,1
1776,629,0.4295108914375305,0
1776,2560,0.38844406604766846,0
1776,3036,0.38600820302963257,0
1776,3032,0.41472139954566956,0
1776,1564,0.38129258155822754,0
1776,853,0.39816293120384216,0
1776,707,0.42584067583084106,0
1776,2653,0.4177306592464447,0
1776,2528,0.436544269323349,0
1776,3460,0.46193835139274597,0
1776,445,0.3795463740825653,0
1776,3214,0.4517992436885834,0
1776,1047,0.372248113155365,0
1776,863,0.4416773319244385,0
1776,2418,0.3985223174095154,0
1776,153,0.4316384196281433,0
1776,1968,0.37652483582496643,0
1776,2619,0.39303770661354065,0
1776,1212,0.45957857370376587,0
535,535,0.41683048009872437,1
535,763,0.45305535197257996,0
535,3897,0.4386729896068573,0
535,2011,0.39755281805992126,0
535,4080,0.39304670691490173,0
535,959,0.39347153902053833,0
535,1676,0.4017435312271118,0
535,2519,0.4205155670642853,0
535,1314,0.44927069544792175,0
535,1067,0.3878948390483856,0
535,2148,0.46358710527420044,0
535,2862,0.3690025508403778,0
535,2353,0.3670540750026703,0
535,2198,0.38369056582450867,0
535,591,0.38810262084007263,0
535,817,0.377597451210022,0
535,755,0.43029171228408813,0
535,3011,0.3722144067287445,0
535,303,0.39716413617134094,0
535,1608,0.3771570920944214,0
887,887,0.3803307116031647,1
887,1681,0.376178115606308,0
887,672,0.41230323910713196,0
887,741,0.37462058663368225,0
887,3251,0.3818841874599457,0
887,4086,0.37521564960479736,0
887,124,0.45772573351860046,0
887,156,0.4614544212818146,0
887,2218,0.40708598494529724,0
887,1815,0.424322247505188,0
887,3040,0.4085948169231415,0
887,1816,0.40370070934295654,0
887,2455,0.39354151487350464,0
887,2922,0.4271731674671173,0
887,3594,0.4184741675853729,0
887,2379,0.4658662974834442,0
887,1248,0.4009217917919159,0
887,3216,0.3955410122871399,0
887,1161,0.3380342721939087,0
887,1929,0.4204544723033905,0
2106,2106,0.3838348090648651,1
2106,3352,0.38449618220329285,0
2106,4130,0.37790051102638245,0
2106,3900,0.36461740732192993,0
2106,917,0.36779841780662537,0
2106,832,0.36444103717803955,0
2106,3508,0.3746531307697296,0
2106,4172,0.37949007749557495,0
2106,164,0.4349098205566406,0
2106,3875,0.3899232745170593,0
2106,3144,0.38956528902053833,0
2106,3249,0.37334489822387695,0
2106,635,0.36722761392593384,0
2106,718,0.40099263191223145,0
2106,376,0.3647027611732483,0
2106,4031,0.3493819534778595,0
2106,2893,0.3782083988189697,0
2106,1355,0.39687585830688477,0
2106,176,0.40460067987442017,0
2106,2026,0.37375813722610474,0
2169,2169,0.3781718313694,1
2169,3657,0.3724115192890167,0
2169,3971,0.3893120586872101,0
2169,3849,0.3886052668094635,0
2169,2228,0.3840630352497101,0
2169,3023,0.44540029764175415,0
2169,823,0.3910934627056122,0
2169,2537,0.37682366371154785,0
2169,3833,0.41222962737083435,0
2169,2663,0.4399872124195099,0
2169,59,0.40986350178718567,0
2169,2677,0.397390216588974,0
2169,3549,0.388947457075119,0
2169,3233,0.4447803795337677,0
2169,2751,0.3639661371707916,0
2169,1464,0.41880232095718384,0
2169,3889,0.4114290773868561,0
2169,2519,0.43017691373825073,0
2169,1381,0.4488656520843506,0
2169,774,0.4067477583885193,0
3867,3867,0.42829760909080505,1
3867,3489,0.4216834306716919,0
3867,2525,0.4259495735168457,0
3867,1236,0.39814627170562744,0
3867,2620,0.3865674138069153,0
3867,1653,0.42511165142059326,0
3867,3671,0.3888455033302307,0
3867,978,0.391353964805603,0
3867,1848,0.46773168444633484,0
3867,3919,0.36313915252685547,0
3867,375,0.42305445671081543,0
3867,128,0.39924976229667664,0
3867,422,0.48150745034217834,0
3867,3177,0.3833955228328705,0
3867,3507,0.39384064078330994,0
3867,3894,0.3876708149909973,0
3867,574,0.4857907295227051,0
3867,501,0.40060585737228394,0
3867,3390,0.38552606105804443,0
3867,2743,0.40034982562065125,0
3493,3493,0.3736173212528229,1
3493,1242,0.42600592970848083,0
3493,218,0.4126407504081726,0
3493,3942,0.4220356047153473,0
3493,3601,0.4182174801826477,0
3493,1028,0.42147886753082275,0
3493,1342,0.39043086767196655,0
3493,1218,0.4203176200389862,0
3493,2024,0.4055449664592743,0
3493,2193,0.3875124156475067,0
3493,1812,0.5121319890022278,0
3493,1205,0.4175439774990082,0
3493,3681,0.4057631492614746,0
3493,403,0.4664191007614136,0
3493,1279,0.3859275281429291,0
3493,3285,0.40186524391174316,0
3493,3984,0.38090822100639343,0
3493,2159,0.5106011629104614,0
3493,3490,0.3980627954006195,0
3493,2057,0.3967413306236267,0
603,603,0.4144946336746216,1
603,1839,0.42590397596359253,0
603,2249,0.4101019501686096,0
603,81,0.44659462571144104,0
603,2448,0.37763845920562744,0
603,3722,0.3706287741661072,0
603,791,0.400673508644104,0
603,4141,0.3863914906978607,0
603,110,0.41121771931648254,0
603,3435,0.38185691833496094,0
603,1887,0.4239405691623688,0
603,3270,0.3807481527328491,0
603,1922,0.3914041519165039,0
603,228,0.4378843307495117,0
603,3528,0.400085985660553,0
603,1672,0.4069979190826416,0
603,3709,0.40430960059165955,0
603,3878,0.37141314148902893,0
603,587,0.4991223216056824,0
603,1243,0.4154305160045624,0
2556,2556,0.3639582395553589,1
2556,1496,0.4046674072742462,0
2556,2316,0.3827410936355591,0
2556,1233,0.497846394777298,0
2556,2656,0.36555707454681396,0
2556,3679,0.344998836517334,0
2556,497,0.394539475440979,0
2556,3302,0.3805190622806549,0
2556,4141,0.36692121624946594,0
2556,3539,0.40357905626296997,0
2556,2991,0.3938191831111908,0
2556,2183,0.3771587014198303,0
2556,1789,0.3803290128707886,0
2556,3727,0.4194369912147522,0
2556,4107,0.37330687046051025,0
2556,2230,0.39841336011886597,0
2556,1651,0.3888111412525177,0
2556,660,0.4704771339893341,0
2556,3742,0.39737391471862793,0
2556,3691,0.37670451402664185,0
1638,1638,0.43766462802886963,1
1638,2628,0.39800798892974854,0
1638,839,0.44015923142433167,0
1638,3824,0.4172523319721222,0
1638,524,0.42371541261672974,0
1638,1624,0.3982243537902832,0
1638,1418,0.4195992350578308,0
1638,941,0.5064445734024048,0
1638,2484,0.36045145988464355,0
1638,2607,0.3999297618865967,0
1638,1070,0.42217200994491577,0
1638,1659,0.4105963110923767,0
1638,1928,0.3976325988769531,0
1638,3335,0.3702603280544281,0
1638,548,0.41891828179359436,0
1638,759,0.42463141679763794,0
1638,1907,0.465239942073822,0
1638,2446,0.4160650372505188,0
1638,3809,0.38603609800338745,0
1638,3018,0.39725011587142944,0
246,246,0.3619151711463928,1
246,498,0.41006237268447876,0
246,372,0.3896987736225128,0
246,202,0.4592277705669403,0
246,1555,0.3680312931537628,0
246,554,0.3699818253517151,0
246,4117,0.34772926568984985,0
246,1917,0.38105130195617676,0
246,2770,0.3630571663379669,0
246,1769,0.39168113470077515,0
246,56,0.4164388179779053,0
246,2716,0.34861645102500916,0
246,733,0.38914597034454346,0
246,3504,0.39109525084495544,0
246,284,0.384998619556427,0
246,2489,0.41866961121559143,0
246,1256,0.36747899651527405,0
246,2000,0.36043617129325867,0
246,2557,0.37902942299842834,0
246,3118,0.35965436697006226,0
1775,1775,0.3467964231967926,1
1775,3245,0.38224080204963684,0
1775,1176,0.3490392863750458,0
1775,494,0.37164196372032166,0
1775,3963,0.39288970828056335,0
1775,2848,0.3624671399593353,0
1775,594,0.4123516082763672,0
1775,2485,0.4338040053844452,0
1775,3501,0.3622344136238098,0
1775,2305,0.3414793312549591,0
1775,2117,0.40463048219680786,0
1775,2419,0.3630250096321106,0
1775,518,0.38088861107826233,0
1775,292,0.368772029876709,0
1775,188,0.35785818099975586,0
1775,2178,0.3722902834415436,0
1775,3905,0.375029593706131,0
1775,1053,0.3573608100414276,0
1775,2307,0.3610210716724396,0
1775,3442,0.34754422307014465,0
4040,4040,0.4037485122680664,1
4040,340,0.4052829444408417,0
4040,605,0.42440080642700195,0
4040,3194,0.4001193940639496,0
4040,2002,0.3961944580078125,0
4040,3640,0.3895426094532013,0
4040,66,0.41537222266197205,0
4040,2841,0.3874165117740631,0
4040,623,0.4192550778388977,0
4040,1880,0.42915135622024536,0
4040,122,0.4483622908592224,0
4040,2332,0.41876694560050964,0
4040,2778,0.4390580356121063,0
4040,1473,0.41193145513534546,0
4040,1291,0.38338702917099,0
4040,3342,0.4143374264240265,0
4040,861,0.42331841588020325,0
4040,1159,0.3940471112728119,0
4040,1283,0.4073169231414795,0
4040,1550,0.448106974363327,0
3733,3733,0.3881564736366272,1
3733,1275,0.3757278025150299,0
3733,3623,0.37879806756973267,0
3733,2428,0.43566665053367615,0
3733,2237,0.380300909280777,0
3733,963,0.35805273056030273,0
3733,2864,0.377810537815094,0
3733,1670,0.39939501881599426,0
3733,132,0.4423214793205261,0
3733,2817,0.3908381462097168,0
3733,2962,0.3822142779827118,0
3733,1840,0.4517781436443329,0
3733,2978,0.3739333748817444,0
3733,3302,0.389010488986969,0
3733,2007,0.3883644640445709,0
3733,2358,0.37314215302467346,0
3733,2835,0.39110052585601807,0
3733,3332,0.3600107431411743,0
3733,1785,0.38111722469329834,0
3733,1859,0.37589022517204285,0
414,414,0.4104152321815491,1
414,3221,0.3808031678199768,0
414,1115,0.38688457012176514,0
414,230,0.4469074606895447,0
414,87,0.41977715492248535,0
414,815,0.4047641158103943,0
414,386,0.37308284640312195,0
414,653,0.44086968898773193,0
414,385,0.43639135360717773,0
414,203,0.39193636178970337,0
414,1150,0.39043447375297546,0
414,3102,0.38245725631713867,0
414,1523,0.36053791642189026,0
414,1118,0.4526929557323456,0
414,1468,0.3721587657928467,0
414,4083,0.35836032032966614,0
414,2483,0.3927316665649414,0
414,535,0.43661224842071533,0
414,3386,0.3949887454509735,0
414,737,0.4454551041126251,0
630,630,0.3869512677192688,1
630,3822,0.37198665738105774,0
630,1564,0.3870527446269989,0
630,2678,0.39928263425827026,0
630,3417,0.4202598035335541,0
630,4159,0.38833189010620117,0
630,3689,0.40193331241607666,0
630,1201,0.4010830521583557,0
630,12,0.4813521206378937,0
630,2091,0.3782906234264374,0
630,3834,0.46274426579475403,0
630,3625,0.40958288311958313,0
630,9,0.47035717964172363,0
630,3545,0.3773573637008667,0
630,1493,0.45356470346450806,0
630,307,0.4165385663509369,0
630,3894,0.41533178091049194,0
630,3004,0.4205903112888336,0
630,3145,0.4451207220554352,0
630,1714,0.40644627809524536,0
1718,1718,0.38985589146614075,1
1718,45,0.3880694508552551,0
1718,1352,0.4192950129508972,0
1718,3643,0.400728702545166,0
1718,1085,0.4756236672401428,0
1718,4123,0.3594682812690735,0
1718,1614,0.3667760193347931,0
1718,3202,0.39169904589653015,0
1718,3706,0.4108758568763733,0
1718,1359,0.36472219228744507,0
1718,736,0.44203343987464905,0
1718,2135,0.3930809199810028,0
1718,639,0.4739947021007538,0
1718,2680,0.3872564733028412,0
1718,1174,0.42189499735832214,0
1718,2163,0.4117911756038666,0
1718,1172,0.4222009479999542,0
1718,1185,0.3518293797969818,0
1718,3411,0.3975854516029358,0
1718,4169,0.37435856461524963,0
2379,2379,0.4324810802936554,1
2379,284,0.3774501085281372,0
2379,3186,0.34615737199783325,0
2379,3511,0.37006720900535583,0
2379,1114,0.41567832231521606,0
2379,1032,0.373576283454895,0
2379,930,0.4055507481098175,0
2379,2439,0.35841256380081177,0
2379,3269,0.37065589427948,0
2379,301,0.4008699953556061,0
2379,1388,0.39397192001342773,0
2379,4080,0.3689717650413513,0
2379,1787,0.4431803822517395,0
2379,1096,0.363404780626297,0
2379,2019,0.36050206422805786,0
2379,3103,0.36484256386756897,0
2379,2610,0.3591054379940033,0
2379,2357,0.35860589146614075,0
2379,4128,0.346153199672699,0
2379,559,0.3721075654029846,0
73,73,0.40093037486076355,1
73,3409,0.3813455402851105,0
73,14,0.4019656479358673,0
73,592,0.4136309325695038,0
73,1976,0.39845773577690125,0
73,2556,0.38509052991867065,0
73,361,0.36927729845046997,0
73,2379,0.4278656244277954,0
73,240,0.404006689786911,0
73,2833,0.39685875177383423,0
73,3467,0.39827263355255127,0
73,2405,0.38058245182037354,0
73,2454,0.46743243932724,0
73,3949,0.40971556305885315,0
73,658,0.44460397958755493,0
73,2602,0.34327465295791626,0
73,1646,0.43869614601135254,0
73,3775,0.3817877769470215,0
73,2212,0.38558265566825867,0
73,2468,0.3802942931652069,0
898,898,0.4075455367565155,1
898,576,0.37281349301338196,0
898,1334,0.39095836877822876,0
898,241,0.3765333294868469,0
898,2642,0.38261324167251587,0
898,1603,0.3638412654399872,0
898,206,0.35415568947792053,0
898,3714,0.36947178840637207,0
898,524,0.39572328329086304,0
898,2220,0.3543512225151062,0
898,3904,0.35830098390579224,0
898,2300,0.39977946877479553,0
898,3046,0.3802909851074219,0
898,475,0.46243610978126526,0
898,3057,0.37952515482902527,0
898,2332,0.37580469250679016,0
898,1916,0.388154536485672,0
898,2870,0.3565700948238373,0
898,719,0.4003797471523285,0
898,4039,0.36985889077186584,0
1014,1014,0.43817782402038574,1
1014,2630,0.3564017415046692,0
1014,1704,0.39864641427993774,0
1014,1883,0.39379453659057617,0
1014,3896,0.3632061183452606,0
1014,1753,0.44587644934654236,0
1014,1206,0.4587855637073517,0
1014,1758,0.3246607184410095,0
1014,2068,0.43351709842681885,0
1014,120,0.37421244382858276,0
1014,4081,0.3618173897266388,0
1014,2814,0.36626318097114563,0
1014,2524,0.3932574391365051,0
1014,1838,0.4055313467979431,0
1014,1097,0.4217783212661743,0
1014,4118,0.35867056250572205,0
1014,3034,0.3662734925746918,0
1014,616,0.4460653066635132,0
1014,18,0.39002132415771484,0
1014,602,0.38136136531829834,0
3385,3385,0.3708914816379547,1
3385,399,0.4235669672489166,0
3385,1737,0.3673936724662781,0
3385,1908,0.421066015958786,0
3385,243,0.3937710225582123,0
3385,2291,0.3830806612968445,0
3385,3211,0.3914388120174408,0
3385,3249,0.3893446922302246,0
3385,640,0.3680626153945923,0
3385,1629,0.4326675832271576,0
3385,103,0.39486464858055115,0
3385,1055,0.3589138090610504,0
3385,2145,0.393657922744751,0
3385,2761,0.3813231587409973,0
3385,3966,0.35540086030960083,0
3385,748,0.3871109187602997,0
3385,3219,0.389435738325119,0
3385,3512,0.35898616909980774,0
3385,3140,0.4022722542285919,0
3385,3970,0.3778204023838043,0
649,649,0.44857001304626465,1
649,311,0.3650372624397278,0
649,1543,0.419295072555542,0
649,261,0.38343265652656555,0
649,1020,0.3718933165073395,0
649,2239,0.4549288749694824,0
649,820,0.34510672092437744,0
649,907,0.3981389105319977,0
649,3674,0.35184168815612793,0
649,2838,0.4662577509880066,0
649,322,0.3835168778896332,0
649,4048,0.4129066467285156,0
649,897,0.3982433080673218,0
649,38,0.41686925292015076,0
649,573,0.43341001868247986,0
649,2746,0.38398998975753784,0
649,3979,0.3907933235168457,0
649,2565,0.37049949169158936,0
649,863,0.4092938005924225,0
649,2419,0.37861865758895874,0
1946,1946,0.4128900170326233,1
1946,1623,0.3929319679737091,0
1946,1973,0.41027602553367615,0
1946,1214,0.41219884157180786,0
1946,1819,0.48125505447387695,0
1946,1133,0.48607659339904785,0
1946,2726,0.3911968469619751,0
1946,4046,0.40569859743118286,0
1946,1680,0.4921400547027588,0
1946,1848,0.45414820313453674,0
1946,3766,0.37359389662742615,0
1946,3097,0.38764455914497375,0
1946,2803,0.3728658854961395,0
1946,2715,0.3906405568122864,0
1946,4138,0.3878366947174072,0
1946,2198,0.3861037790775299,0
1946,1536,0.4004190266132355,0
1946,3489,0.41327744722366333,0
1946,3963,0.40801161527633667,0
1946,3655,0.36556476354599,0
3981,3981,0.37568360567092896,1
3981,2170,0.37381649017333984,0
3981,3153,0.378385066986084,0
3981,470,0.44103914499282837,0
3981,1221,0.41235390305519104,0
3981,3592,0.3821260631084442,0
3981,453,0.392997682094574,0
3981,786,0.3204105496406555,0
3981,149,0.37410739064216614,0
3981,2579,0.4062215983867645,0
3981,3071,0.3970112204551697,0
3981,1567,0.3671248257160187,0
3981,193,0.4450935423374176,0
3981,3946,0.35147228837013245,0
3981,2284,0.386236310005188,0
3981,2406,0.37210315465927124,0
3981,2929,0.3361930847167969,0
3981,2070,0.38472214341163635,0
3981,1682,0.4122365117073059,0
3981,448,0.43458619713783264,0
809,809,0.36376774311065674,1
809,2404,0.3833358585834503,0
809,2994,0.3705855906009674,0
809,1605,0.40949746966362,0
809,4137,0.36707571148872375,0
809,456,0.36814817786216736,0
809,1980,0.35111331939697266,0
809,680,0.43224266171455383,0
809,1651,0.37310242652893066,0
809,2856,0.3597411513328552,0
809,719,0.39425772428512573,0
809,2444,0.35101214051246643,0
809,4049,0.3696659803390503,0
809,2075,0.36901742219924927,0
809,70,0.3909893035888672,0
809,3272,0.33963996171951294,0
809,2714,0.3464725911617279,0
809,3807,0.3718462884426117,0
809,3644,0.36297139525413513,0
809,1948,0.37854743003845215,0
2008,2008,0.3786039352416992,1
2008,39,0.38353288173675537,0
2008,547,0.4079652428627014,0
2008,3650,0.35546159744262695,0
2008,3123,0.3616960942745209,0
2008,2885,0.380148321390152,0
2008,4144,0.354054719209671,0
2008,520,0.3796638548374176,0
2008,3940,0.38729041814804077,0
2008,421,0.3980751931667328,0
2008,958,0.3974878191947937,0
2008,385,0.44088879227638245,0
2008,1883,0.4040340781211853,0
2008,3365,0.387696236371994,0
2008,2652,0.40923136472702026,0
2008,356,0.40110477805137634,0
2008,3472,0.3658585548400879,0
2008,3185,0.3831406235694885,0
2008,151,0.3812451660633087,0
2008,2348,0.44202256202697754,0
2694,2694,0.37477028369903564,1
2694,2099,0.3672938048839569,0
2694,3383,0.34739020466804504,0
2694,1238,0.3714670240879059,0
2694,3884,0.34787043929100037,0
2694,2962,0.36509084701538086,0
2694,2007,0.3800991475582123,0
2694,2422,0.39068999886512756,0
2694,3963,0.3769824206829071,0
2694,1662,0.3995521068572998,0
2694,2059,0.41998451948165894,0
2694,1757,0.3773404359817505,0
2694,3276,0.3658791184425354,0
2694,2280,0.3873130679130554,0
2694,2564,0.4277171194553375,0
2694,1813,0.37927746772766113,0
2694,367,0.38002797961235046,0
2694,3686,0.3842020630836487,0
2694,3294,0.36115577816963196,0
2694,522,0.36087512969970703,0
3327,3327,0.3762505352497101,1
3327,3406,0.41195181012153625,0
3327,2822,0.37080779671669006,0
3327,1195,0.3952726721763611,0
3327,3948,0.3909255862236023,0
3327,1501,0.38169148564338684,0
3327,3995,0.36502763628959656,0
3327,1378,0.4369478225708008,0
3327,3140,0.42120692133903503,0
3327,177,0.4382743537425995,0
3327,3795,0.3717215657234192,0
3327,1535,0.43493014574050903,0
3327,3489,0.4030226469039917,0
3327,4020,0.3905456066131592,0
3327,2176,0.4179528057575226,0
3327,1910,0.39440134167671204,0
3327,2668,0.37760159373283386,0
3327,2989,0.4346943795681,0
3327,1573,0.3895490765571594,0
3327,2286,0.4209258258342743,0
3268,3268,0.37328672409057617,1
3268,3190,0.3798243999481201,0
3268,3005,0.38527074456214905,0
3268,2024,0.38650184869766235,0
3268,182,0.3958633840084076,0
3268,2301,0.43102115392684937,0
3268,1093,0.4430246353149414,0
3268,3668,0.4495369493961334,0
3268,3753,0.3912154734134674,0
3268,2916,0.3840806186199188,0
3268,937,0.4056713283061981,0
3268,3644,0.4035763144493103,0
3268,2851,0.3722091019153595,0
3268,2775,0.4316060245037079,0
3268,2525,0.4057629406452179,0
3268,154,0.44004538655281067,0
3268,1728,0.4362678825855255,0
3268,2062,0.4421648681163788,0
3268,3967,0.4405408501625061,0
3268,3183,0.4496181011199951,0
2493,2493,0.41290992498397827,1
2493,2008,0.41725394129753113,0
2493,984,0.38904574513435364,0
2493,1436,0.46036189794540405,0
2493,43,0.42938002943992615,0
2493,3572,0.40018102526664734,0
2493,1575,0.4693436622619629,0
2493,833,0.5017534494400024,0
2493,321,0.4619593322277069,0
2493,962,0.397475928068161,0
2493,2115,0.3796272873878479,0
2493,1676,0.42203497886657715,0
2493,2298,0.49709492921829224,0
2493,3919,0.38596194982528687,0
2493,863,0.4486219882965088,0
2493,1646,0.464631587266922,0
2493,2966,0.39548397064208984,0
2493,2190,0.39821770787239075,0
2493,826,0.4394487738609314,0
2493,215,0.540158212184906,0
1039,1039,0.4297317564487457,1
1039,1538,0.5190505981445312,0
1039,3358,0.4603758752346039,0
1039,2998,0.49920400977134705,0
1039,2392,0.4929501414299011,0
1039,2829,0.3613596260547638,0
1039,3971,0.3810865879058838,0
1039,2509,0.36612024903297424,0
1039,3922,0.3946981132030487,0
1039,652,0.43455156683921814,0
1039,3122,0.37819555401802063,0
1039,3763,0.40418434143066406,0
1039,3360,0.3881499767303467,0
1039,1636,0.44368043541908264,0
1039,1561,0.4656331539154053,0
1039,3491,0.3795584738254547,0
1039,3807,0.39479559659957886,0
1039,671,0.3767576813697815,0
1039,1676,0.40429824590682983,0
1039,514,0.3709053099155426,0
711,711,0.3539796769618988,1
711,2881,0.4422062039375305,0
711,823,0.35798245668411255,0
711,737,0.43873172998428345,0
711,1651,0.3757745921611786,0
711,641,0.37199753522872925,0
711,3965,0.3732930123806,0
711,1336,0.3567710518836975,0
711,1127,0.3547176122665405,0
711,3117,0.3549894094467163,0
711,94,0.4237513542175293,0
711,3249,0.3810868561267853,0
711,1766,0.3975811302661896,0
711,2765,0.36382779479026794,0
711,2920,0.33944955468177795,0
711,2154,0.38647425174713135,0
711,1313,0.35204267501831055,0
711,2692,0.4052480161190033,0
711,1447,0.43121767044067383,0
711,2379,0.4125159680843353,0
3118,3118,0.3568018674850464,1
3118,1226,0.35898253321647644,0
3118,556,0.4534359872341156,0
3118,3693,0.34783557057380676,0
3118,4102,0.36912867426872253,0
3118,3283,0.3688696324825287,0
3118,1925,0.34942224621772766,0
3118,2906,0.3509807586669922,0
3118,3344,0.357023686170578,0
3118,3539,0.37232908606529236,0
3118,1750,0.34943294525146484,0
3118,1176,0.3616180419921875,0
3118,2333,0.37180373072624207,0
3118,3466,0.35807666182518005,0
3118,2980,0.36875128746032715,0
3118,1342,0.35569649934768677,0
3118,840,0.36409270763397217,0
3118,3282,0.3423280119895935,0
3118,613,0.32458072900772095,0
3118,2193,0.3571016788482666,0
2388,2388,0.42377981543540955,1
2388,1355,0.40483489632606506,0
2388,1430,0.3908451199531555,0
2388,2026,0.3727460503578186,0
2388,188,0.3588714301586151,0
2388,377,0.39298519492149353,0
2388,720,0.3660232126712799,0
2388,74,0.37176457047462463,0
2388,1420,0.37446972727775574,0
2388,2420,0.374952495098114,0
2388,990,0.38138216733932495,0
2388,2801,0.3824731707572937,0
2388,2965,0.37373048067092896,0
2388,480,0.49099981784820557,0
2388,2728,0.38648533821105957,0
2388,65,0.4013862609863281,0
2388,3832,0.3706471025943756,0
2388,3190,0.3779758810997009,0
2388,4156,0.35679227113723755,0
2388,605,0.39181458950042725,0
1887,1887,0.39749467372894287,1
1887,2484,0.36083945631980896,0
1887,2106,0.3830220103263855,0
1887,655,0.3880004584789276,0
1887,3728,0.40214407444000244,0
1887,2230,0.39348965883255005,0
1887,17,0.4383634626865387,0
1887,2980,0.3807907998561859,0
1887,1672,0.3878145217895508,0
1887,2478,0.4201377332210541,0
1887,2603,0.3810420036315918,0
1887,174,0.3962123692035675,0
1887,3066,0.42732369899749756,0
1887,979,0.39091742038726807,0
1887,1868,0.3883124589920044,0
1887,3655,0.36131611466407776,0
1887,214,0.48827290534973145,0
1887,817,0.37092602252960205,0
1887,3846,0.37765267491340637,0
1887,811,0.4452015459537506,0
1720,1720,0.38821932673454285,1
1720,3459,0.39010554552078247,0
1720,1304,0.3739652633666992,0
1720,2969,0.39908525347709656,0
1720,4028,0.37546101212501526,0
1720,2844,0.36911749839782715,0
1720,2381,0.3927564322948456,0
1720,3943,0.3645670413970947,0
1720,2799,0.3698793649673462,0
1720,2384,0.4123576283454895,0
1720,3334,0.3890499472618103,0
1720,971,0.4167507290840149,0
1720,1971,0.39798519015312195,0
1720,3912,0.3665463328361511,0
1720,3141,0.3993833661079407,0
1720,2744,0.399167001247406,0
1720,3881,0.38426095247268677,0
1720,3266,0.3515697419643402,0
1720,47,0.37061306834220886,0
1720,1347,0.35577598214149475,0
1968,1968,0.37615957856178284,1
1968,2363,0.39437246322631836,0
1968,847,0.39928799867630005,0
1968,2449,0.3669489622116089,0
1968,3022,0.39023008942604065,0
1968,310,0.44627103209495544,0
1968,1908,0.39879631996154785,0
1968,2713,0.4126562774181366,0
1968,3064,0.3293921947479248,0
1968,1864,0.4024454951286316,0
1968,346,0.4103735685348511,0
1968,447,0.48035097122192383,0
1968,3922,0.376757949590683,0
1968,2569,0.38375064730644226,0
1968,635,0.3579099178314209,0
1968,4126,0.3752930760383606,0
1968,1071,0.43020910024642944,0
1968,1521,0.37307682633399963,0
1968,2450,0.36573389172554016,0
1968,1735,0.36405688524246216,0
384,384,0.3736065924167633,1
384,177,0.38039860129356384,0
384,3131,0.3678456246852875,0
384,74,0.35919398069381714,0
384,1780,0.3641393482685089,0
384,973,0.37934452295303345,0
384,4035,0.39220190048217773,0
384,3048,0.36113521456718445,0
384,697,0.4386883080005646,0
384,299,0.4149947166442871,0
384,562,0.4143407642841339,0
384,1103,0.3848589062690735,0
384,3171,0.3667353093624115,0
384,3807,0.36872678995132446,0
384,1666,0.384179949760437,0
384,3859,0.36669042706489563,0
384,1600,0.35922807455062866,0
384,3465,0.42197784781455994,0
384,1907,0.4104090929031372,0
384,1899,0.4229179322719574,0
1404,1404,0.40651795268058777,1
1404,2449,0.404330849647522,0
1404,2837,0.39937904477119446,0
1404,3431,0.45895349979400635,0
1404,3220,0.4068085253238678,0
1404,1031,0.44017526507377625,0
1404,3287,0.3953191936016083,0
1404,1932,0.4224380552768707,0
1404,1876,0.44042080640792847,0
1404,3456,0.4468136131763458,0
1404,3854,0.3889322280883789,0
1404,1611,0.4368464946746826,0
1404,1104,0.5088266134262085,0
1404,2715,0.3859589099884033,0
1404,2376,0.43406105041503906,0
1404,2504,0.4183025062084198,0
1404,183,0.3898134231567383,0
1404,2104,0.45637187361717224,0
1404,2784,0.39605844020843506,0
1404,3715,0.3806875944137573,0
3538,3538,0.41295871138572693,1
3538,1796,0.46966227889060974,0
3538,730,0.43343082070350647,0
3538,776,0.4533187747001648,0
3538,3607,0.41964852809906006,0
3538,525,0.39135923981666565,0
3538,2022,0.4055670201778412,0
3538,866,0.4629928767681122,0
3538,734,0.4447604715824127,0
3538,1518,0.4424470365047455,0
3538,2923,0.44939690828323364,0
3538,4062,0.42386624217033386,0
3538,3117,0.37942272424697876,0
3538,1244,0.39285436272621155,0
3538,2913,0.3937901556491852,0
3538,156,0.4300907850265503,0
3538,1235,0.43618249893188477,0
3538,709,0.36932235956192017,0
3538,3994,0.3638419806957245,0
3538,896,0.40595436096191406,0
839,839,0.41871410608291626,1
839,3208,0.3776611089706421,0
839,1306,0.44057410955429077,0
839,3907,0.35714247822761536,0
839,920,0.4499850571155548,0
839,2632,0.3755454421043396,0
839,2348,0.4547652304172516,0
839,3223,0.35854849219322205,0
839,1070,0.4097675681114197,0
839,848,0.4452263414859772,0
839,1637,0.3620806932449341,0
839,1629,0.42292261123657227,0
839,1988,0.37696218490600586,0
839,2465,0.39733901619911194,0
839,1053,0.36985936760902405,0
839,477,0.38268864154815674,0
839,859,0.36191698908805847,0
839,2671,0.4031335115432739,0
839,4005,0.39278578758239746,0
839,2854,0.3604956269264221,0
221,221,0.35135093331336975,1
221,1136,0.3911506235599518,0
221,306,0.4534890055656433,0
221,3816,0.3639827072620392,0
221,1660,0.3887084722518921,0
221,1154,0.4018028676509857,0
221,3540,0.39019912481307983,0
221,871,0.3959616720676422,0
221,3453,0.38561224937438965,0
221,476,0.38537976145744324,0
221,3570,0.3757021129131317,0
221,2112,0.3758170008659363,0
221,147,0.4764191210269928,0
221,3608,0.38697099685668945,0
221,2826,0.3906107246875763,0
221,3778,0.37545812129974365,0
221,443,0.38202396035194397,0
221,445,0.3900461196899414,0
221,813,0.37899458408355713,0
221,3321,0.39847779273986816,0
212,212,0.37372270226478577,1
212,2677,0.38626524806022644,0
212,2666,0.36348119378089905,0
212,459,0.433952271938324,0
212,1107,0.40655049681663513,0
212,3866,0.38912904262542725,0
212,2069,0.39269644021987915,0
212,3753,0.38089603185653687,0
212,18,0.3872503340244293,0
212,2734,0.35097458958625793,0
212,1999,0.38292035460472107,0
212,2619,0.3596213459968567,0
212,2266,0.3829205334186554,0
212,1719,0.3755713403224945,0
212,568,0.4320114850997925,0
212,2979,0.3803049921989441,0
212,3640,0.3604688346385956,0
212,1583,0.4371417164802551,0
212,104,0.4413929283618927,0
212,1579,0.4254710078239441,0
3148,3148,0.3654853105545044,1
3148,3394,0.34040567278862,0
3148,3268,0.3475375473499298,0
3148,2064,0.390367716550827,0
3148,2509,0.37221404910087585,0
3148,641,0.46450990438461304,0
3148,353,0.4046880900859833,0
3148,3390,0.35596755146980286,0
3148,1392,0.40585604310035706,0
3148,3149,0.4165303707122803,0
3148,1690,0.37553104758262634,0
3148,3030,0.4029751121997833,0
3148,3969,0.37438398599624634,0
3148,2725,0.3747657537460327,0
3148,104,0.4761282205581665,0
3148,3519,0.3941999077796936,0
3148,2558,0.3822818100452423,0
3148,1857,0.36607709527015686,0
3148,525,0.3742508292198181,0
3148,1409,0.4063871204853058,0
3331,3331,0.38099104166030884,1
3331,4011,0.4094972014427185,0
3331,2439,0.39278295636177063,0
3331,1766,0.43529653549194336,0
3331,2945,0.4311639964580536,0
3331,419,0.38889166712760925,0
3331,2133,0.38225287199020386,0
3331,1478,0.38404563069343567,0
3331,4084,0.4577142000198364,0
3331,1247,0.40215402841567993,0
3331,36,0.43729346990585327,0
3331,153,0.42277681827545166,0
3331,347,0.45204585790634155,0
3331,365,0.4017023742198944,0
3331,1720,0.41779446601867676,0
3331,3928,0.3859526515007019,0
3331,2334,0.4063604474067688,0
3331,3748,0.40347057580947876,0
3331,1816,0.40885066986083984,0
3331,1859,0.40910080075263977,0
693,693,0.42331433296203613,1
693,3503,0.38802167773246765,0
693,390,0.4555783271789551,0
693,199,0.48837199807167053,0
693,841,0.43332457542419434,0
693,307,0.4163815677165985,0
693,1714,0.38882991671562195,0
693,2176,0.4281522333621979,0
693,942,0.38317057490348816,0
693,1940,0.390032023191452,0
693,1824,0.42308634519577026,0
693,1255,0.39681726694107056,0
693,466,0.5002397894859314,0
693,2984,0.3613424599170685,0
693,250,0.4076814353466034,0
693,2972,0.40659067034721375,0
693,3470,0.3812696635723114,0
693,3053,0.4455767869949341,0
693,1331,0.37479931116104126,0
693,3428,0.37750905752182007,0
2285,2285,0.39642584323883057,1
2285,3712,0.3738275468349457,0
2285,398,0.4190695881843567,0
2285,2818,0.3735438287258148,0
2285,1643,0.4103240370750427,0
2285,2499,0.37893009185791016,0
2285,1836,0.46834230422973633,0
2285,3764,0.37171369791030884,0
2285,1075,0.38663449883461,0
2285,1765,0.39826500415802,0
2285,307,0.3957924246788025,0
2285,693,0.41259920597076416,0
2285,1281,0.3615548312664032,0
2285,2168,0.38414186239242554,0
2285,1203,0.41114217042922974,0
2285,70,0.3627490699291229,0
2285,318,0.5218960046768188,0
2285,3252,0.4420505166053772,0
2285,1343,0.38705605268478394,0
2285,1200,0.44153323769569397,0
2588,2588,0.38237833976745605,1
2588,271,0.4505780339241028,0
2588,1261,0.41952699422836304,0
2588,3403,0.3732553720474243,0
2588,2027,0.36934536695480347,0
2588,1428,0.3821488618850708,0
2588,3699,0.4154283106327057,0
2588,1682,0.41869282722473145,0
2588,1390,0.3669397234916687,0
2588,3989,0.39296314120292664,0
2588,2137,0.3928004205226898,0
2588,630,0.3602471649646759,0
2588,1921,0.4125401973724365,0
2588,2654,0.39057597517967224,0
2588,3100,0.4349951148033142,0
2588,3598,0.39283594489097595,0
2588,54,0.3918169438838959,0
2588,2733,0.48304203152656555,0
2588,2926,0.34229081869125366,0
2588,497,0.39841049909591675,0
453,453,0.38354501128196716,1
453,3737,0.36502906680107117,0
453,1834,0.40126991271972656,0
453,3011,0.36801058053970337,0
453,1333,0.368411123752594,0
453,1906,0.3993663191795349,0
453,1865,0.3590308725833893,0
453,2112,0.3767682611942291,0
453,1873,0.3683627247810364,0
453,1386,0.4398553967475891,0
453,3986,0.3540422320365906,0
453,2431,0.36594894528388977,0
453,803,0.43045711517333984,0
453,3893,0.36220505833625793,0
453,2868,0.35156798362731934,0
453,3298,0.3802486062049866,0
453,1548,0.3881519138813019,0
453,2753,0.3733521103858948,0
453,412,0.4340589940547943,0
453,3599,0.41332584619522095,0
913,913,0.441135436296463,1
913,840,0.39328503608703613,0
913,1832,0.426923543214798,0
913,183,0.3705470561981201,0
913,771,0.43354275822639465,0
913,677,0.35176289081573486,0
913,515,0.4092583954334259,0
913,591,0.39805498719215393,0
913,376,0.37063103914260864,0
913,1627,0.4227924644947052,0
913,3412,0.4104885458946228,0
913,78,0.4137082099914551,0
913,3059,0.43794646859169006,0
913,1921,0.4242347776889801,0
913,1285,0.43057721853256226,0
913,2781,0.36545586585998535,0
913,2101,0.3623124361038208,0
913,2524,0.41023674607276917,0
913,64,0.40721723437309265,0
913,4164,0.37564417719841003,0
1965,1965,0.3534090518951416,1
1965,680,0.43861526250839233,0
1965,1134,0.3693542778491974,0
1965,754,0.4475135803222656,0
1965,3534,0.3845946788787842,0
1965,2532,0.3985123932361603,0
1965,3759,0.35275131464004517,0
1965,3099,0.37378785014152527,0
1965,1436,0.3897567093372345,0
1965,1686,0.38190174102783203,0
1965,608,0.4035026431083679,0
1965,4172,0.36931702494621277,0
1965,2123,0.3954172432422638,0
1965,118,0.354375958442688,0
1965,2888,0.3674071431159973,0
1965,563,0.38660678267478943,0
1965,2073,0.4058936834335327,0
1965,3839,0.3376721143722534,0
1965,104,0.45365798473358154,0
1965,37,0.39694511890411377,0
1494,1494,0.3994761109352112,1
1494,1456,0.3683100938796997,0
1494,4097,0.3992910385131836,0
1494,941,0.5010770559310913,0
1494,305,0.38938722014427185,0
1494,955,0.37874165177345276,0
1494,333,0.4119347035884857,0
1494,4082,0.40350592136383057,0
1494,3111,0.3734170198440552,0
1494,1559,0.3766273856163025,0
1494,2805,0.36011946201324463,0
1494,1158,0.36643028259277344,0
1494,896,0.40932077169418335,0
1494,2261,0.4199233949184418,0
1494,2014,0.3767656683921814,0
1494,1415,0.3952357769012451,0
1494,2192,0.383840411901474,0
1494,297,0.40186864137649536,0
1494,400,0.40904831886291504,0
1494,549,0.4282832443714142,0
3651,3651,0.370829701423645,1
3651,3057,0.38292261958122253,0
3651,3621,0.359968900680542,0
3651,1093,0.41922566294670105,0
3651,3818,0.35976216197013855,0
3651,1064,0.3438548445701599,0
3651,3532,0.413509726524353,0
3651,1795,0.37881284952163696,0
3651,962,0.3653627634048462,0
3651,1108,0.4197668433189392,0
3651,81,0.40789732336997986,0
3651,1502,0.3689098060131073,0
3651,772,0.39248740673065186,0
3651,2046,0.39511293172836304,0
3651,1941,0.40434402227401733,0
3651,1360,0.39684033393859863,0
3651,60,0.3922835886478424,0
3651,2293,0.3535849153995514,0
3651,4111,0.36530670523643494,0
3651,1083,0.40542563796043396,0
3739,3739,0.391263872385025,1
3739,3795,0.34617701172828674,0
3739,909,0.406017005443573,0
3739,1990,0.37109625339508057,0
3739,946,0.3298729956150055,0
3739,3571,0.35144171118736267,0
3739,3251,0.331419438123703,0
3739,1378,0.3800458312034607,0
3739,3735,0.3590662181377411,0
3739,3525,0.34104061126708984,0
3739,3234,0.3388586640357971,0
3739,2972,0.3549393117427826,0
3739,3392,0.33830422163009644,0
3739,3779,0.34097814559936523,0
3739,1701,0.3202480971813202,0
3739,2210,0.33664077520370483,0
3739,12,0.36953631043434143,0
3739,3614,0.335396409034729,0
3739,2030,0.36365172266960144,0
3739,2338,0.36277660727500916,0
2626,2626,0.3593882620334625,1
2626,3858,0.4036071002483368,0
2626,55,0.40379756689071655,0
2626,3419,0.3643641471862793,0
2626,771,0.4315945506095886,0
2626,3818,0.37270426750183105,0
2626,1529,0.4467833638191223,0
2626,1414,0.3536868095397949,0
2626,2953,0.42084041237831116,0
2626,3024,0.40243038535118103,0
2626,1359,0.37423282861709595,0
2626,3810,0.3699803054332733,0
2626,434,0.44048523902893066,0
2626,3015,0.4508019685745239,0
2626,3409,0.398740291595459,0
2626,121,0.4239799678325653,0
2626,1477,0.42176553606987,0
2626,3420,0.36966297030448914,0
2626,2964,0.38723984360694885,0
2626,3930,0.3772028386592865,0
1139,1139,0.4212937653064728,1
1139,4167,0.3849868178367615,0
1139,302,0.5610284209251404,0
1139,2692,0.43313637375831604,0
1139,2747,0.41492608189582825,0
1139,2919,0.46315398812294006,0
1139,2236,0.41072094440460205,0
1139,2834,0.3844015598297119,0
1139,2873,0.3951622247695923,0
1139,1966,0.4348779022693634,0
1139,3891,0.3911747336387634,0
1139,511,0.4092245101928711,0
1139,935,0.41488128900527954,0
1139,3690,0.4189743399620056,0
1139,2343,0.39452776312828064,0
1139,4020,0.3799591064453125,0
1139,1559,0.3785746097564697,0
1139,1321,0.42918992042541504,0
1139,1575,0.4343377351760864,0
1139,4007,0.363616943359375,0
82,82,0.36133214831352234,1
82,1462,0.3756801187992096,0
82,2111,0.42527085542678833,0
82,4018,0.36770790815353394,0
82,109,0.3938334286212921,0
82,1927,0.3751928508281708,0
82,286,0.3718964755535126,0
82,3720,0.35003966093063354,0
82,3517,0.4271022379398346,0
82,1200,0.4030056297779083,0
82,284,0.3799660801887512,0
82,1421,0.3673987090587616,0
82,2895,0.349128782749176,0
82,1375,0.39463016390800476,0
82,2340,0.3696576654911041,0
82,2145,0.3692038655281067,0
82,2137,0.3724590241909027,0
82,1517,0.41065576672554016,0
82,1057,0.36384740471839905,0
82,2833,0.3682006001472473,0
3713,3713,0.3751886785030365,1
3713,2908,0.3938576579093933,0
3713,2943,0.38253161311149597,0
3713,818,0.39462050795555115,0
3713,3378,0.38688910007476807,0
3713,5,0.45485711097717285,0
3713,2647,0.3573516011238098,0
3713,299,0.39018023014068604,0
3713,2586,0.36181437969207764,0
3713,511,0.38354671001434326,0
3713,3081,0.36650028824806213,0
3713,2306,0.39494889974594116,0
3713,3576,0.4319037199020386,0
3713,372,0.4050392806529999,0
3713,3651,0.38094598054885864,0
3713,3578,0.37056487798690796,0
3713,3627,0.39177441596984863,0
3713,4094,0.3727000653743744,0
3713,543,0.38589125871658325,0
3713,2211,0.3618709444999695,0
2137,2137,0.39066991209983826,1
2137,2623,0.40644341707229614,0
2137,2698,0.3944728374481201,0
2137,3440,0.40449994802474976,0
2137,1805,0.3693512976169586,0
2137,4111,0.3854999840259552,0
2137,3233,0.47138264775276184,0
2137,2595,0.4009428024291992,0
2137,183,0.3951263129711151,0
2137,4076,0.3978872001171112,0
2137,3062,0.4083002805709839,0
2137,1255,0.39487120509147644,0
2137,2552,0.43763694167137146,0
2137,1018,0.391975998878479,0
2137,2653,0.42289382219314575,0
2137,3580,0.44658219814300537,0
2137,3320,0.4927205741405487,0
2137,887,0.37009331583976746,0
2137,2503,0.3902418613433838,0
2137,3619,0.3986019492149353,0
3946,3946,0.3674020767211914,1
3946,4029,0.3728771507740021,0
3946,2856,0.3769072890281677,0
3946,1677,0.4721297025680542,0
3946,349,0.357060045003891,0
3946,717,0.35484111309051514,0
3946,3683,0.41228604316711426,0
3946,3842,0.43711522221565247,0
3946,1604,0.3756387233734131,0
3946,896,0.4019113779067993,0
3946,359,0.3545190989971161,0
3946,1521,0.3960784077644348,0
3946,129,0.5383539795875549,0
3946,3144,0.40202218294143677,0
3946,3750,0.3806401491165161,0
3946,1885,0.4223397970199585,0
3946,3493,0.35162585973739624,0
3946,1795,0.38689637184143066,0
3946,245,0.3765409290790558,0
3946,422,0.4775357246398926,0
2038,2038,0.40884438157081604,1
2038,3409,0.3997207581996918,0
2038,3767,0.40408340096473694,0
2038,1426,0.4338133931159973,0
2038,2643,0.39041009545326233,0
2038,2027,0.37849119305610657,0
2038,3912,0.38500213623046875,0
2038,570,0.40019840002059937,0
2038,3740,0.43459126353263855,0
2038,3495,0.42676231265068054,0
2038,1179,0.3900448977947235,0
2038,3681,0.39406275749206543,0
2038,1109,0.37952983379364014,0
2038,4011,0.40951433777809143,0
2038,2363,0.41038522124290466,0
2038,4066,0.38532736897468567,0
2038,621,0.3849928677082062,0
2038,1963,0.3835981488227844,0
2038,769,0.39789608120918274,0
2038,3054,0.4012405574321747,0
10,10,0.3507010042667389,1
10,2598,0.39659813046455383,0
10,2147,0.3835705816745758,0
10,1357,0.38389748334884644,0
10,1332,0.36798518896102905,0
10,1020,0.37195608019828796,0
10,29,0.4718554615974426,0
10,2528,0.4049301743507385,0
10,3496,0.3428546190261841,0
10,1342,0.3570399284362793,0
10,3253,0.373074471950531,0
10,1608,0.36385491490364075,0
10,1245,0.3717053234577179,0
10,377,0.43428513407707214,0
10,1364,0.4013693928718567,0
10,1823,0.3807099759578705,0
10,3613,0.4018188714981079,0
10,1203,0.39147236943244934,0
10,1535,0.4607408344745636,0
10,2177,0.3862161934375763,0
122,122,0.4390677809715271,1
122,1816,0.3755371570587158,0
122,3007,0.34645020961761475,0
122,3365,0.3805009424686432,0
122,4100,0.36198151111602783,0
122,2934,0.3655405044555664,0
122,2628,0.38996803760528564,0
122,612,0.3911224901676178,0
122,3316,0.354591965675354,0
122,1480,0.42030540108680725,0
122,2490,0.3557741641998291,0
122,260,0.39911332726478577,0
122,1158,0.37386569380760193,0
122,2075,0.3909132480621338,0
122,2672,0.44716137647628784,0
122,418,0.36440855264663696,0
122,2885,0.3864228427410126,0
122,3726,0.3920915126800537,0
122,2293,0.34621211886405945,0
122,3704,0.387064129114151,0
2936,2936,0.3494280278682709,1
2936,3321,0.3707730174064636,0
2936,3781,0.3662731349468231,0
2936,895,0.3841898441314697,0
2936,1280,0.42173752188682556,0
2936,55,0.4223180413246155,0
2936,3104,0.35299235582351685,0
2936,1969,0.37036770582199097,0
2936,4057,0.36193564534187317,0
2936,242,0.5437073111534119,0
2936,1316,0.3518308699131012,0
2936,3289,0.38796451687812805,0
2936,872,0.44013744592666626,0
2936,2825,0.3775211572647095,0
2936,2173,0.43939918279647827,0
2936,840,0.3694916367530823,0
2936,2296,0.371222585439682,0
2936,666,0.3839772939682007,0
2936,1661,0.42772823572158813,0
2936,873,0.3764251470565796,0
291,291,0.43666619062423706,1
291,2482,0.4108431339263916,0
291,2214,0.38282501697540283,0
291,1921,0.42311280965805054,0
291,3384,0.38023459911346436,0
291,628,0.37276390194892883,0
291,2250,0.37751543521881104,0
291,145,0.4218028485774994,0
291,2007,0.39991170167922974,0
291,2039,0.3725292980670929,0
291,901,0.48633185029029846,0
291,1948,0.413322389125824,0
291,1738,0.3768022060394287,0
291,1935,0.3961356580257416,0
291,3540,0.3977676033973694,0
291,3822,0.3641955852508545,0
291,2880,0.40308186411857605,0
291,2629,0.42378708720207214,0
291,484,0.38734540343284607,0
291,3273,0.378421425819397,0
2405,2405,0.4017917811870575,1
2405,1872,0.38546907901763916,0
2405,4080,0.3946814239025116,0
2405,2372,0.3836807608604431,0
2405,3276,0.37164902687072754,0
2405,2583,0.40504246950149536,0
2405,1081,0.44090041518211365,0
2405,4139,0.38209444284439087,0
2405,1562,0.4302842617034912,0
2405,3762,0.39631518721580505,0
2405,2302,0.4080657660961151,0
2405,1139,0.4060322642326355,0
2405,3742,0.40117859840393066,0
2405,1780,0.37515243887901306,0
2405,3066,0.4124119281768799,0
2405,1494,0.409716933965683,0
2405,638,0.40804317593574524,0
2405,730,0.41648826003074646,0
2405,2728,0.4001646041870117,0
2405,253,0.4546440839767456,0
1732,1732,0.46060511469841003,1
1732,2644,0.4279974102973938,0
1732,3115,0.4499698877334595,0
1732,596,0.3567054271697998,0
1732,3044,0.3653007745742798,0
1732,3578,0.3624503016471863,0
1732,204,0.3968905508518219,0
1732,489,0.4230619966983795,0
1732,2928,0.37473973631858826,0
1732,1615,0.3772534430027008,0
1732,964,0.3790121376514435,0
1732,3558,0.354436993598938,0
1732,1271,0.42629072070121765,0
1732,3104,0.35345789790153503,0
1732,1503,0.3609985411167145,0
1732,2455,0.3784523010253906,0
1732,4005,0.36911940574645996,0
1732,869,0.40653735399246216,0
1732,40,0.4195493757724762,0
1732,4106,0.3504810035228729,0
1542,1542,0.3648790717124939,1
1542,2287,0.3541961908340454,0
1542,2360,0.403029203414917,0
1542,2034,0.35716572403907776,0
1542,977,0.3745010495185852,0
1542,2575,0.4522366523742676,0
1542,2000,0.36996251344680786,0
1542,32,0.34511253237724304,0
1542,57,0.38428017497062683,0
1542,2392,0.4607657194137573,0
1542,2927,0.4394722580909729,0
1542,2157,0.3757331371307373,0
1542,3689,0.35969412326812744,0
1542,3458,0.4118883013725281,0
1542,2586,0.3770272433757782,0
1542,275,0.3746325373649597,0
1542,2173,0.42903947830200195,0
1542,973,0.39637473225593567,0
1542,3003,0.39148491621017456,0
1542,2888,0.3798637092113495,0
1770,1770,0.4067670702934265,1
1770,1735,0.36090806126594543,0
1770,2835,0.39395660161972046,0
1770,3898,0.408900648355484,0
1770,2285,0.3784531354904175,0
1770,3479,0.38625288009643555,0
1770,1776,0.42190641164779663,0
1770,1074,0.42072442173957825,0
1770,1582,0.4169634282588959,0
1770,3891,0.36835604906082153,0
1770,2175,0.36889567971229553,0
1770,1933,0.42313385009765625,0
1770,2888,0.39651432633399963,0
1770,2091,0.3694395422935486,0
1770,1671,0.3940287232398987,0
1770,2887,0.38222643733024597,0
1770,2858,0.39091846346855164,0
1770,2364,0.3848978281021118,0
1770,2334,0.3884986639022827,0
1770,298,0.44500967860221863,0
1952,1952,0.38024044036865234,1
1952,2724,0.3917894661426544,0
1952,282,0.42156240344047546,0
1952,3942,0.3956266939640045,0
1952,1545,0.352215051651001,0
1952,705,0.38290053606033325,0
1952,1654,0.3929865062236786,0
1952,2412,0.4138035774230957,0
1952,735,0.4299349784851074,0
1952,2215,0.38174670934677124,0
1952,4171,0.3697497844696045,0
1952,3799,0.37456896901130676,0
1952,1681,0.39896929264068604,0
1952,1741,0.37208375334739685,0
1952,3719,0.3713858127593994,0
1952,2757,0.39100801944732666,0
1952,2631,0.5409233570098877,0
1952,3254,0.4107072353363037,0
1952,1622,0.4822436571121216,0
1952,3123,0.36482030153274536,0
2476,2476,0.4016478657722473,1
2476,2298,0.4333828091621399,0
2476,2627,0.3986300230026245,0
2476,2582,0.44290056824684143,0
2476,134,0.41846221685409546,0
2476,2910,0.4156712293624878,0
2476,37,0.4560406506061554,0
2476,2704,0.4423978626728058,0
2476,1463,0.4753657579421997,0
2476,4089,0.3835205137729645,0
2476,1104,0.4943333566188812,0
2476,3958,0.37715333700180054,0
2476,3104,0.3859342634677887,0
2476,902,0.4942634701728821,0
2476,2367,0.41272038221359253,0
2476,1805,0.37730979919433594,0
2476,1931,0.39340007305145264,0
2476,1721,0.38707393407821655,0
2476,3575,0.3783724904060364,0
2476,389,0.5396878719329834,0
3193,3193,0.37343829870224,1
3193,810,0.37272772192955017,0
3193,872,0.4588748812675476,0
3193,1528,0.3930203318595886,0
3193,424,0.45493102073669434,0
3193,1358,0.4637018144130707,0
3193,2291,0.3731361925601959,0
3193,1739,0.4258943498134613,0
3193,1840,0.4585782587528229,0
3193,1234,0.35774779319763184,0
3193,3130,0.38227033615112305,0
3193,1088,0.3663003146648407,0
3193,2634,0.3870757818222046,0
3193,3812,0.37931784987449646,0
3193,3032,0.41654205322265625,0
3193,369,0.36529672145843506,0
3193,2358,0.36920401453971863,0
3193,1942,0.36804941296577454,0
3193,2168,0.39290764927864075,0
3193,2281,0.3581385910511017,0
2662,2662,0.37152791023254395,1
2662,2370,0.36754441261291504,0
2662,3391,0.5310164093971252,0
2662,3211,0.38127273321151733,0
2662,1891,0.3808973431587219,0
2662,1241,0.37875986099243164,0
2662,3048,0.37015214562416077,0
2662,269,0.38304781913757324,0
2662,183,0.3764597773551941,0
2662,3726,0.38522785902023315,0
2662,1502,0.36686277389526367,0
2662,1993,0.37559303641319275,0
2662,1103,0.39915549755096436,0
2662,2644,0.44302549958229065,0
2662,1902,0.36479929089546204,0
2662,1256,0.3719940781593323,0
2662,4136,0.4280315041542053,0
2662,4049,0.37754952907562256,0
2662,2434,0.38264939188957214,0
2662,335,0.41569316387176514,0
2981,2981,0.37440067529678345,1
2981,3480,0.3641504645347595,0
2981,1664,0.399478942155838,0
2981,3174,0.376583456993103,0
2981,223,0.366855651140213,0
2981,3860,0.39185190200805664,0
2981,335,0.395267128944397,0
2981,3063,0.38686251640319824,0
2981,2865,0.36613503098487854,0
2981,2011,0.38120976090431213,0
2981,1082,0.4342613220214844,0
2981,2359,0.4016783833503723,0
2981,309,0.3796744644641876,0
2981,355,0.3771434724330902,0
2981,1929,0.4021475613117218,0
2981,1451,0.4008997082710266,0
2981,3134,0.38173937797546387,0
2981,2585,0.36676856875419617,0
2981,3992,0.3696857690811157,0
2981,3734,0.36151745915412903,0
4016,4016,0.41366589069366455,1
4016,2853,0.38721826672554016,0
4016,211,0.4018569886684418,0
4016,2022,0.4191933274269104,0
4016,3049,0.4311589002609253,0
4016,3919,0.3815821707248688,0
4016,537,0.4347539246082306,0
4016,1641,0.46697157621383667,0
4016,1036,0.44977056980133057,0
4016,2821,0.433929979801178,0
4016,364,0.4118863642215729,0
4016,398,0.4458939731121063,0
4016,2266,0.45274436473846436,0
4016,301,0.4167380928993225,0
4016,1312,0.4929768443107605,0
4016,3210,0.3850615322589874,0
4016,945,0.4085257649421692,0
4016,3343,0.39471206068992615,0
4016,123,0.4216200113296509,0
4016,823,0.3984336853027344,0
2490,2490,0.36163032054901123,1
2490,3229,0.4357771873474121,0
2490,4161,0.382748544216156,0
2490,3717,0.5368914008140564,0
2490,2840,0.380785197019577,0
2490,1694,0.3684639036655426,0
2490,2555,0.39384305477142334,0
2490,178,0.44289204478263855,0
2490,1842,0.3762627840042114,0
2490,3504,0.4346429109573364,0
2490,1191,0.3793758153915405,0
2490,335,0.4477211534976959,0
2490,296,0.38586190342903137,0
2490,3244,0.37354448437690735,0
2490,86,0.39222899079322815,0
2490,253,0.45261555910110474,0
2490,1173,0.38122597336769104,0
2490,610,0.46150416135787964,0
2490,633,0.4367285966873169,0
2490,1743,0.37690335512161255,0
243,243,0.3752276301383972,1
243,2423,0.46381017565727234,0
243,3847,0.34861260652542114,0
243,1167,0.3851732313632965,0
243,3508,0.37868285179138184,0
243,1756,0.38804683089256287,0
243,1663,0.43192732334136963,0
243,1055,0.3498932719230652,0
243,1834,0.38997793197631836,0
243,620,0.3878052830696106,0
243,410,0.39942026138305664,0
243,722,0.3444707691669464,0
243,1947,0.4026437997817993,0
243,2010,0.4050457179546356,0
243,3807,0.405803382396698,0
243,3862,0.38996806740760803,0
243,3680,0.38674816489219666,0
243,1447,0.4557720720767975,0
243,2092,0.38518190383911133,0
243,4041,0.37971237301826477,0
2671,2671,0.4348905682563782,1
2671,2756,0.40456077456474304,0
2671,2574,0.3745037913322449,0
2671,229,0.47035500407218933,0
2671,2303,0.4309541881084442,0
2671,3840,0.36243516206741333,0
2671,1942,0.37279748916625977,0
2671,3109,0.40020594000816345,0
2671,4112,0.4034840166568756,0
2671,1256,0.38603848218917847,0
2671,3433,0.44894227385520935,0
2671,1994,0.4259304404258728,0
2671,3934,0.4160650372505188,0
2671,414,0.42292487621307373,0
2671,3829,0.4198955297470093,0
2671,1774,0.42640841007232666,0
2671,87,0.4201143682003021,0
2671,2802,0.4260355830192566,0
2671,3418,0.385786771774292,0
2671,3624,0.3618360459804535,0
2193,2193,0.3776126503944397,1
2193,862,0.39883044362068176,0
2193,1475,0.40055224299430847,0
2193,837,0.4545852541923523,0
2193,1942,0.373928040266037,0
2193,2369,0.4035431444644928,0
2193,850,0.3831544816493988,0
2193,716,0.4092717468738556,0
2193,880,0.40693193674087524,0
2193,3989,0.3725621700286865,0
2193,9,0.4195830225944519,0
2193,2660,0.4105753004550934,0
2193,2553,0.4200783669948578,0
2193,2719,0.368180513381958,0
2193,330,0.40226638317108154,0
2193,874,0.4211410582065582,0
2193,3890,0.36671751737594604,0
2193,129,0.4818663001060486,0
2193,1801,0.37030261754989624,0
2193,3646,0.4029707908630371,0
1614,1614,0.36431825160980225,1
1614,1191,0.36450648307800293,0
1614,3372,0.4043799340724945,0
1614,1656,0.404346227645874,0
1614,1952,0.38539478182792664,0
1614,2443,0.43231672048568726,0
1614,784,0.4050278067588806,0
1614,524,0.40279343724250793,0
1614,187,0.4000009596347809,0
1614,293,0.3747565746307373,0
1614,2514,0.4082021117210388,0
1614,776,0.4471838176250458,0
1614,2216,0.4093470573425293,0
1614,3210,0.3827871084213257,0
1614,3873,0.3866700232028961,0
1614,747,0.4176524877548218,0
1614,522,0.3692866265773773,0
1614,2379,0.42257556319236755,0
1614,946,0.38060784339904785,0
1614,1688,0.34725049138069153,0
2620,2620,0.4339108169078827,1
2620,1679,0.42266395688056946,0
2620,3907,0.3805912435054779,0
2620,3289,0.43340224027633667,0
2620,579,0.442513108253479,0
2620,2180,0.3717857003211975,0
2620,2936,0.3645206093788147,0
2620,1750,0.3827632665634155,0
2620,1396,0.4273644685745239,0
2620,4045,0.3982517719268799,0
2620,3819,0.3949055075645447,0
2620,2806,0.4674084782600403,0
2620,795,0.44408664107322693,0
2620,1172,0.41722458600997925,0
2620,1067,0.4340824484825134,0
2620,2951,0.41731327772140503,0
2620,2888,0.4038842022418976,0
2620,3941,0.48151394724845886,0
2620,591,0.4179934561252594,0
2620,2242,0.4338197708129883,0
3047,3047,0.36436355113983154,1
3047,652,0.44487372040748596,0
3047,1074,0.40381407737731934,0
3047,1391,0.37256866693496704,0
3047,975,0.3709770739078522,0
3047,3471,0.3916626274585724,0
3047,1873,0.364358127117157,0
3047,1578,0.3894137442111969,0
3047,2560,0.3754470646381378,0
3047,4082,0.3857611417770386,0
3047,1477,0.38671740889549255,0
3047,1258,0.3850399851799011,0
3047,669,0.3765058219432831,0
3047,1461,0.4111672639846802,0
3047,3068,0.3607458472251892,0
3047,2938,0.44194623827934265,0
3047,1222,0.44795316457748413,0
3047,1766,0.41688504815101624,0
3047,1589,0.4534696340560913,0
3047,3855,0.41791585087776184,0
3290,3290,0.38129371404647827,1
3290,970,0.40326377749443054,0
3290,2696,0.3755480945110321,0
3290,3785,0.35537266731262207,0
3290,766,0.36468783020973206,0
3290,4178,0.3756585419178009,0
3290,1245,0.3863982856273651,0
3290,1267,0.46573159098625183,0
3290,3596,0.37346023321151733,0
3290,1804,0.3584000766277313,0
3290,901,0.4304887652397156,0
3290,139,0.4223598539829254,0
3290,3463,0.3785538077354431,0
3290,43,0.3855990171432495,0
3290,97,0.43598565459251404,0
3290,3680,0.38431066274642944,0
3290,265,0.40079817175865173,0
3290,3081,0.34751078486442566,0
3290,1756,0.3915398120880127,0
3290,1778,0.3885650634765625,0
3442,3442,0.3906744122505188,1
3442,847,0.40671277046203613,0
3442,145,0.42195263504981995,0
3442,3546,0.4199416935443878,0
3442,3615,0.3905829191207886,0
3442,2985,0.4057855010032654,0
3442,1099,0.40348097681999207,0
3442,2940,0.42078697681427,0
3442,4157,0.3790423274040222,0
3442,782,0.4508673846721649,0
3442,956,0.46304643154144287,0
3442,913,0.4417978525161743,0
3442,4061,0.4155765771865845,0
3442,2996,0.3996765613555908,0
3442,2767,0.38289961218833923,0
3442,459,0.4452713131904602,0
3442,1289,0.37903711199760437,0
3442,1158,0.3889590799808502,0
3442,3424,0.38721972703933716,0
3442,4158,0.40657177567481995,0
1289,1289,0.38145729899406433,1
1289,2449,0.38803812861442566,0
1289,1185,0.36414867639541626,0
1289,2568,0.3827258348464966,0
1289,2942,0.4110886752605438,0
1289,1812,0.4851642847061157,0
1289,959,0.40386301279067993,0
1289,3038,0.3953104019165039,0
1289,2868,0.36751654744148254,0
1289,1205,0.41333314776420593,0
1289,193,0.47352513670921326,0
1289,3427,0.38301992416381836,0
1289,1354,0.4231592118740082,0
1289,1065,0.40729397535324097,0
1289,983,0.4475853443145752,0
1289,1837,0.39473578333854675,0
1289,2026,0.39213940501213074,0
1289,1366,0.45741167664527893,0
1289,1176,0.37758445739746094,0
1289,2859,0.3576161861419678,0
1583,1583,0.44469988346099854,1
1583,3407,0.3723284900188446,0
1583,3143,0.39986929297447205,0
1583,3350,0.4118351936340332,0
1583,2216,0.4336833655834198,0
1583,3842,0.42804354429244995,0
1583,1528,0.40172278881073,0
1583,3336,0.4002397656440735,0
1583,947,0.41248130798339844,0
1583,3710,0.39280399680137634,0
1583,2658,0.4259594976902008,0
1583,156,0.440107136964798,0
1583,2400,0.3957895040512085,0
1583,2272,0.39536765217781067,0
1583,610,0.4515331983566284,0
1583,4086,0.3784332871437073,0
1583,828,0.40095022320747375,0
1583,1974,0.44547757506370544,0
1583,484,0.4084925353527069,0
1583,3215,0.47760307788848877,0
1904,1904,0.39966729283332825,1
1904,1427,0.48010629415512085,0
1904,3570,0.37226688861846924,0
1904,2500,0.37969306111335754,0
1904,664,0.36714309453964233,0
1904,1325,0.3935989737510681,0
1904,2135,0.42141643166542053,0
1904,1784,0.37522342801094055,0
1904,1812,0.4823821187019348,0
1904,2662,0.3948717415332794,0
1904,46,0.47470369935035706,0
1904,2905,0.4041704535484314,0
1904,1693,0.3971244692802429,0
1904,227,0.3579213321208954,0
1904,565,0.371770977973938,0
1904,1643,0.4010395407676697,0
1904,3024,0.4145696759223938,0
1904,489,0.44201529026031494,0
1904,1770,0.40857788920402527,0
1904,81,0.41517361998558044,0
3422,3422,0.39268869161605835,1
3422,1102,0.4168390929698944,0
3422,1237,0.3762178421020508,0
3422,1815,0.4078793227672577,0
3422,882,0.4667774438858032,0
3422,70,0.4105341136455536,0
3422,753,0.389994353055954,0
3422,3317,0.39641618728637695,0
3422,4137,0.40500736236572266,0
3422,530,0.392805814743042,0
3422,2517,0.4087778329849243,0
3422,2551,0.3497280776500702,0
3422,2918,0.39887452125549316,0
3422,3448,0.35735008120536804,0
3422,468,0.4120149314403534,0
3422,3445,0.37115833163261414,0
3422,839,0.4327121078968048,0
3422,1904,0.389417827129364,0
3422,298,0.4423524737358093,0
3422,320,0.40761515498161316,0
716,716,0.41847655177116394,1
716,1829,0.40992823243141174,0
716,304,0.37280404567718506,0
716,3196,0.3824227452278137,0
716,3870,0.37131351232528687,0
716,1093,0.43413183093070984,0
716,2011,0.3816789984703064,0
716,2470,0.3835292458534241,0
716,1489,0.37325242161750793,0
716,2263,0.4510160982608795,0
716,1539,0.45925024151802063,0
716,2902,0.40105652809143066,0
716,3175,0.3864333927631378,0
716,393,0.41762539744377136,0
716,4169,0.35369589924812317,0
716,3213,0.37703266739845276,0
716,53,0.41928374767303467,0
716,2087,0.4446866512298584,0
716,2079,0.42345747351646423,0
716,2610,0.3591258227825165,0
3480,3480,0.37638673186302185,1
3480,2193,0.40051889419555664,0
3480,604,0.4712394177913666,0
3480,2980,0.39292338490486145,0
3480,2793,0.40004920959472656,0
3480,2321,0.439709335565567,0
3480,1985,0.3736131191253662,0
3480,1801,0.37672337889671326,0
3480,3788,0.40585002303123474,0
3480,1958,0.38148409128189087,0
3480,639,0.45641687512397766,0
3480,669,0.38399288058280945,0
3480,1322,0.44203028082847595,0
3480,3367,0.4733584523200989,0
3480,2463,0.3674148917198181,0
3480,4022,0.36007919907569885,0
3480,2725,0.38366812467575073,0
3480,442,0.4133959114551544,0
3480,2663,0.4472237527370453,0
3480,3647,0.4002942740917206,0
3678,3678,0.3691820502281189,1
3678,1821,0.42359209060668945,0
3678,3714,0.37149521708488464,0
3678,1772,0.3545774817466736,0
3678,3115,0.42979294061660767,0
3678,1210,0.37733322381973267,0
3678,3118,0.3583718538284302,0
3678,3221,0.3752709925174713,0
3678,3258,0.37330278754234314,0
3678,3719,0.350597620010376,0
3678,3754,0.3770325183868408,0
3678,1644,0.3881937265396118,0
3678,2277,0.3898827135562897,0
3678,2104,0.41328194737434387,0
3678,3646,0.3973013460636139,0
3678,3477,0.39888453483581543,0
3678,1302,0.3964618742465973,0
3678,2333,0.37500452995300293,0
3678,2823,0.39295053482055664,0
3678,1677,0.4186509847640991,0
1561,1561,0.4024953842163086,1
1561,1051,0.4268399775028229,0
1561,2918,0.3976284861564636,0
1561,1153,0.3558652102947235,0
1561,892,0.39442193508148193,0
1561,594,0.3990744948387146,0
1561,1290,0.38043081760406494,0
1561,2467,0.3744122385978699,0
1561,1488,0.38233447074890137,0
1561,1900,0.3634154796600342,0
1561,2166,0.352591872215271,0
1561,1502,0.36014479398727417,0
1561,3539,0.3847867250442505,0
1561,1977,0.3994818329811096,0
1561,1054,0.45052915811538696,0
1561,468,0.39470985531806946,0
1561,2228,0.3654637038707733,0
1561,3639,0.39898642897605896,0
1561,224,0.42416054010391235,0
1561,2766,0.3658967614173889,0
2407,2407,0.5077971816062927,1
2407,312,0.4014037847518921,0
2407,1083,0.3595024347305298,0
2407,277,0.42502835392951965,0
2407,2296,0.39098790287971497,0
2407,2983,0.38699930906295776,0
2407,448,0.4435761868953705,0
2407,2382,0.39664390683174133,0
2407,3930,0.3644517660140991,0
2407,2279,0.41007474064826965,0
2407,316,0.40204524993896484,0
2407,3648,0.37585756182670593,0
2407,3917,0.3722233474254608,0
2407,930,0.40109822154045105,0
2407,151,0.3794340491294861,0
2407,2244,0.3893475830554962,0
2407,2525,0.3900076448917389,0
2407,2452,0.4292272925376892,0
2407,3971,0.37225034832954407,0
2407,3143,0.384055495262146,0
1677,1677,0.42442286014556885,1
1677,3460,0.4346098005771637,0
1677,4110,0.3711485266685486,0
1677,3864,0.36880549788475037,0
1677,3951,0.3721635341644287,0
1677,1154,0.42107445001602173,0
1677,1610,0.4149279296398163,0
1677,1353,0.3638691306114197,0
1677,3577,0.3918280005455017,0
1677,432,0.41816985607147217,0
1677,3651,0.38382184505462646,0
1677,519,0.3665775656700134,0
1677,1848,0.438713401556015,0
1677,596,0.3712884187698364,0
1677,700,0.41559383273124695,0
1677,803,0.4365565776824951,0
1677,188,0.3771194517612457,0
1677,2006,0.3791595697402954,0
1677,2155,0.40229466557502747,0
1677,1180,0.3794601559638977,0
3896,3896,0.39656972885131836,1
3896,540,0.3420681953430176,0
3896,1440,0.3981126546859741,0
3896,314,0.3901733160018921,0
3896,410,0.4367887079715729,0
3896,3556,0.3668569028377533,0
3896,2089,0.39093053340911865,0
3896,2601,0.3875609040260315,0
3896,1892,0.40997785329818726,0
3896,1417,0.39191678166389465,0
3896,2002,0.36792489886283875,0
3896,2693,0.38987448811531067,0
3896,667,0.4326810836791992,0
3896,2236,0.39386698603630066,0
3896,1806,0.43641889095306396,0
3896,1508,0.3899763226509094,0
3896,904,0.377754271030426,0
3896,334,0.39271339774131775,0
3896,3464,0.38086795806884766,0
3896,2473,0.46926137804985046,0
3724,3724,0.37306132912635803,1
3724,3841,0.35475754737854004,0
3724,1517,0.40054550766944885,0
3724,1820,0.3932017385959625,0
3724,3653,0.38309234380722046,0
3724,1900,0.38078925013542175,0
3724,2319,0.43142589926719666,0
3724,170,0.41129541397094727,0
3724,1217,0.40644192695617676,0
3724,3972,0.36686059832572937,0
3724,2911,0.3711034059524536,0
3724,1791,0.41846737265586853,0
3724,1963,0.3602842390537262,0
3724,1712,0.4296187162399292,0
3724,429,0.38368093967437744,0
3724,2921,0.37177178263664246,0
3724,483,0.40279605984687805,0
3724,715,0.3743993937969208,0
3724,838,0.44600969552993774,0
3724,3056,0.3570282757282257,0
3519,3519,0.4280579388141632,1
3519,3366,0.3819059133529663,0
3519,195,0.4258018732070923,0
3519,607,0.373939573764801,0
3519,3096,0.40008383989334106,0
3519,3112,0.444210410118103,0
3519,3106,0.42667514085769653,0
3519,3924,0.3896704912185669,0
3519,408,0.45389747619628906,0
3519,2777,0.39198145270347595,0
3519,1026,0.43992605805397034,0
3519,1163,0.4028967022895813,0
3519,3311,0.37713053822517395,0
3519,1679,0.4335029423236847,0
3519,2667,0.4552533030509949,0
3519,4170,0.38948309421539307,0
3519,1584,0.4381676912307739,0
3519,3157,0.413481205701828,0
3519,2507,0.4098983108997345,0
3519,950,0.41543397307395935,0
3623,3623,0.37650346755981445,1
3623,2386,0.4006084203720093,0
3623,1970,0.42084529995918274,0
3623,3647,0.3714020252227783,0
3623,650,0.5582130551338196,0
3623,2838,0.441963791847229,0
3623,937,0.3651193678379059,0
3623,3816,0.36043980717658997,0
3623,1959,0.3826117515563965,0
3623,446,0.42354780435562134,0
3623,865,0.39380213618278503,0
3623,2658,0.4009875953197479,0
3623,1849,0.3482321798801422,0
3623,2758,0.39027613401412964,0
3623,3441,0.41869962215423584,0
3623,2012,0.3846593499183655,0
3623,3857,0.39969414472579956,0
3623,1113,0.4422055184841156,0
3623,2853,0.34782806038856506,0
3623,44,0.3555038273334503,0
1460,1460,0.39795929193496704,1
1460,1383,0.44166696071624756,0
1460,1369,0.3728942573070526,0
1460,378,0.3932451903820038,0
1460,3610,0.37906262278556824,0
1460,4128,0.3637600541114807,0
1460,3282,0.33956632018089294,0
1460,3387,0.37055566906929016,0
1460,349,0.35364434123039246,0
1460,543,0.3780636489391327,0
1460,3341,0.3644295036792755,0
1460,2675,0.417050302028656,0
1460,1357,0.3646972179412842,0
1460,4023,0.3677844703197479,0
1460,350,0.463889479637146,0
1460,1789,0.378599613904953,0
1460,2345,0.3494182825088501,0
1460,1766,0.39415574073791504,0
1460,660,0.461166113615036,0
1460,3015,0.4358464479446411,0
1119,1119,0.39369046688079834,1
1119,3370,0.4080827832221985,0
1119,1561,0.39532268047332764,0
1119,2315,0.42808058857917786,0
1119,2260,0.3795154094696045,0
1119,1041,0.3975587785243988,0
1119,3767,0.37909048795700073,0
1119,243,0.3786284029483795,0
1119,1263,0.44774678349494934,0
1119,3041,0.39190539717674255,0
1119,3051,0.3911767303943634,0
1119,877,0.3815514147281647,0
1119,1966,0.432616263628006,0
1119,623,0.38297349214553833,0
1119,3362,0.39345046877861023,0
1119,878,0.39349862933158875,0
1119,3136,0.3671557903289795,0
1119,670,0.3947753310203552,0
1119,1740,0.3939692974090576,0
1119,2703,0.36454877257347107,0
2786,2786,0.4179593026638031,1
2786,3867,0.3830764591693878,0
2786,28,0.36278897523880005,0
2786,3380,0.37843483686447144,0
2786,960,0.3782244026660919,0
2786,3177,0.34019747376441956,0
2786,3386,0.3596172332763672,0
2786,3395,0.37291112542152405,0
2786,1767,0.34750959277153015,0
2786,2237,0.3819179832935333,0
2786,379,0.41223081946372986,0
2786,1644,0.38046160340309143,0
2786,765,0.3926422894001007,0
2786,418,0.3439682424068451,0
2786,651,0.3707660734653473,0
2786,2984,0.3323732912540436,0
2786,2673,0.365599125623703,0
2786,2636,0.3472806215286255,0
2786,2197,0.40471333265304565,0
2786,3004,0.3672207295894623,0
1996,1996,0.40277335047721863,1
1996,695,0.46740466356277466,0
1996,80,0.37758389115333557,0
1996,4076,0.3545362949371338,0
1996,1880,0.3963010609149933,0
1996,1227,0.3771951198577881,0
1996,671,0.34641847014427185,0
1996,2078,0.35199660062789917,0
1996,226,0.37395235896110535,0
1996,288,0.40023723244667053,0
1996,3266,0.32368701696395874,0
1996,1702,0.3477569818496704,0
1996,3848,0.36356139183044434,0
1996,96,0.384003609418869,0
1996,1760,0.35459986329078674,0
1996,3591,0.3563874065876007,0
1996,620,0.34141385555267334,0
1996,571,0.3355218768119812,0
1996,3032,0.40676379203796387,0
1996,2775,0.3676929473876953,0
3038,3038,0.39513593912124634,1
3038,1705,0.377857506275177,0
3038,1098,0.3835054636001587,0
3038,321,0.3999362885951996,0
3038,1045,0.4436001181602478,0
3038,1708,0.4378710389137268,0
3038,1968,0.3681473135948181,0
3038,1086,0.3696790337562561,0
3038,1827,0.3813135027885437,0
3038,57,0.37443119287490845,0
3038,3141,0.3939940929412842,0
3038,1159,0.4557798206806183,0
3038,1805,0.3715757727622986,0
3038,1972,0.38133704662323,0
3038,1576,0.42426496744155884,0
3038,237,0.3823806941509247,0
3038,2948,0.3496910333633423,0
3038,2841,0.37822726368904114,0
3038,1761,0.37704312801361084,0
3038,761,0.39427798986434937,0
2390,2390,0.3907378017902374,1
2390,1234,0.38468137383461,0
2390,863,0.42787525057792664,0
2390,1299,0.3665322959423065,0
2390,403,0.4636926054954529,0
2390,1125,0.3882780969142914,0
2390,2441,0.4112703800201416,0
2390,2778,0.4455045163631439,0
2390,3231,0.3965764045715332,0
2390,3600,0.4173838496208191,0
2390,2749,0.40921127796173096,0
2390,1984,0.37392425537109375,0
2390,2768,0.3970973789691925,0
2390,2048,0.36911699175834656,0
2390,1761,0.4011775851249695,0
2390,3126,0.3810482621192932,0
2390,1580,0.40010762214660645,0
2390,535,0.4435116648674011,0
2390,4110,0.39625874161720276,0
2390,2842,0.4027528762817383,0
3779,3779,0.4015589952468872,1
3779,3047,0.3670622706413269,0
3779,3352,0.38999122381210327,0
3779,583,0.41975271701812744,0
3779,399,0.426157146692276,0
3779,2841,0.35845616459846497,0
3779,658,0.4676896035671234,0
3779,2878,0.39663970470428467,0
3779,2787,0.3792833983898163,0
3779,1554,0.3947639465332031,0
3779,1053,0.3799907863140106,0
3779,1613,0.3638702630996704,0
3779,1860,0.41428235173225403,0
3779,2238,0.3806256055831909,0
3779,2258,0.44453439116477966,0
3779,1512,0.42415452003479004,0
3779,513,0.3958679437637329,0
3779,2282,0.40497779846191406,0
3779,2270,0.4044778645038605,0
3779,3011,0.3696450889110565,0
2559,2559,0.38897714018821716,1
2559,1369,0.3881036341190338,0
2559,1581,0.3633132576942444,0
2559,2551,0.3550409972667694,0
2559,35,0.41772183775901794,0
2559,1377,0.41030463576316833,0
2559,2021,0.45988285541534424,0
2559,3574,0.4008261263370514,0
2559,3759,0.3751215636730194,0
2559,3680,0.3886929154396057,0
2559,1341,0.39132416248321533,0
2559,3271,0.3764670193195343,0
2559,412,0.4329310357570648,0
2559,228,0.41176837682724,0
2559,130,0.417964369058609,0
2559,2474,0.38397783041000366,0
2559,44,0.3821726143360138,0
2559,1139,0.3823223114013672,0
2559,2195,0.37956082820892334,0
2559,1223,0.40175703167915344,0
3059,3059,0.4246393144130707,1
3059,3137,0.4390076696872711,0
3059,1580,0.36857903003692627,0
3059,2961,0.3815848231315613,0
3059,142,0.39895254373550415,0
3059,106,0.39839431643486023,0
3059,942,0.3758549094200134,0
3059,1,0.43012735247612,0
3059,242,0.48791244626045227,0
3059,1515,0.4145190715789795,0
3059,3492,0.3709724545478821,0
3059,2406,0.38571640849113464,0
3059,246,0.37193772196769714,0
3059,1788,0.40146905183792114,0
3059,3613,0.43499305844306946,0
3059,1549,0.37028008699417114,0
3059,3333,0.43242931365966797,0
3059,23,0.439278244972229,0
3059,2036,0.47883880138397217,0
3059,2532,0.43556952476501465,0
1532,1532,0.45757290720939636,1
1532,750,0.39751389622688293,0
1532,1096,0.38754141330718994,0
1532,387,0.5012280344963074,0
1532,794,0.38481491804122925,0
1532,2687,0.3582194149494171,0
1532,1412,0.38808807730674744,0
1532,2198,0.37274837493896484,0
1532,381,0.3993452787399292,0
1532,2678,0.3724789321422577,0
1532,2070,0.38418862223625183,0
1532,3552,0.41143566370010376,0
1532,3688,0.37756186723709106,0
1532,2386,0.41321277618408203,0
1532,682,0.4480111002922058,0
1532,3762,0.38782912492752075,0
1532,1192,0.37647444009780884,0
1532,1915,0.3885810077190399,0
1532,1238,0.37936705350875854,0
1532,3962,0.37297362089157104,0
2907,2907,0.3523651361465454,1
2907,2990,0.47448021173477173,0
2907,603,0.40603378415107727,0
2907,1540,0.3979099690914154,0
2907,385,0.4593285620212555,0
2907,2836,0.3764689862728119,0
2907,2356,0.435100793838501,0
2907,419,0.390293687582016,0
2907,805,0.4345262050628662,0
2907,659,0.3647870719432831,0
2907,4062,0.3941341042518616,0
2907,1056,0.37555021047592163,0
2907,1838,0.42378348112106323,0
2907,3558,0.3601624071598053,0
2907,3383,0.35848525166511536,0
2907,382,0.4037915766239166,0
2907,1187,0.37617671489715576,0
2907,3677,0.40859419107437134,0
2907,3665,0.36221787333488464,0
2907,3976,0.39322203397750854,0
3602,3602,0.37781763076782227,1
3602,2490,0.3418462574481964,0
3602,3059,0.4372609257698059,0
3602,4123,0.36337703466415405,0
3602,1956,0.3738258183002472,0
3602,1465,0.41160449385643005,0
3602,3824,0.38391122221946716,0
3602,3981,0.3730749189853668,0
3602,3912,0.3589983880519867,0
3602,3170,0.3709338307380676,0
3602,2820,0.3831253945827484,0
3602,3663,0.47312384843826294,0
3602,4084,0.42568764090538025,0
3602,2968,0.3823986351490021,0
3602,1707,0.397930771112442,0
3602,3284,0.3645261228084564,0
3602,3557,0.38256871700286865,0
3602,3789,0.38973134756088257,0
3602,689,0.34702831506729126,0
3602,461,0.5048404932022095,0
532,532,0.36772972345352173,1
532,668,0.3824850618839264,0
532,2830,0.36269286274909973,0
532,3424,0.34658586978912354,0
532,360,0.37310677766799927,0
532,1495,0.3977811634540558,0
532,277,0.3781713843345642,0
532,1034,0.3640572726726532,0
532,3688,0.3421625792980194,0
532,3185,0.3549993634223938,0
532,995,0.35654717683792114,0
532,283,0.41491612792015076,0
532,2866,0.38881340622901917,0
532,2201,0.3694680333137512,0
532,1688,0.336855411529541,0
532,2640,0.3504626750946045,0
532,4,0.3637236952781677,0
532,955,0.3793236315250397,0
532,2042,0.3685797154903412,0
532,2459,0.3383656144142151,0
1333,1333,0.3502355217933655,1
1333,1655,0.3847287893295288,0
1333,3020,0.4087490141391754,0
1333,3415,0.37765011191368103,0
1333,3813,0.3645414113998413,0
1333,3427,0.36843740940093994,0
1333,256,0.4017028212547302,0
1333,3964,0.38213276863098145,0
1333,1413,0.4397229254245758,0
1333,300,0.3833203613758087,0
1333,2960,0.39809736609458923,0
1333,959,0.36001259088516235,0
1333,3495,0.4095967411994934,0
1333,1684,0.3613755404949188,0
1333,1234,0.37435388565063477,0
1333,3955,0.375137060880661,0
1333,2900,0.38170289993286133,0
1333,3627,0.40282753109931946,0
1333,1981,0.3965674638748169,0
1333,388,0.441864937543869,0
2317,2317,0.36570048332214355,1
2317,212,0.3503873646259308,0
2317,787,0.4006221294403076,0
2317,3979,0.39181074500083923,0
2317,3291,0.43100905418395996,0
2317,543,0.3700109124183655,0
2317,2204,0.3675287961959839,0
2317,2887,0.3635810315608978,0
2317,4093,0.3722725510597229,0
2317,846,0.36246323585510254,0
2317,1305,0.3489629924297333,0
2317,967,0.3584851920604706,0
2317,1153,0.3569473326206207,0
2317,2046,0.3835238516330719,0
2317,3865,0.38764268159866333,0
2317,560,0.4079512059688568,0
2317,684,0.38362452387809753,0
2317,3966,0.3475463390350342,0
2317,3934,0.3963124752044678,0
2317,366,0.39499759674072266,0
1551,1551,0.39746737480163574,1
1551,34,0.3738764226436615,0
1551,1199,0.37851160764694214,0
1551,3712,0.36915647983551025,0
1551,2944,0.3625216484069824,0
1551,2947,0.37222740054130554,0
1551,3868,0.3810524046421051,0
1551,2114,0.44565635919570923,0
1551,2304,0.3858565390110016,0
1551,1838,0.4059074819087982,0
1551,2171,0.45762938261032104,0
1551,1043,0.3971279263496399,0
1551,2218,0.39088132977485657,0
1551,2015,0.39258942008018494,0
1551,99,0.4071688950061798,0
1551,2653,0.398114413022995,0
1551,2065,0.4112228453159332,0
1551,2812,0.3973901867866516,0
1551,3489,0.3823069930076599,0
1551,3482,0.36789029836654663,0
4131,4131,0.36356163024902344,1
4131,950,0.3851012587547302,0
4131,2955,0.40031400322914124,0
4131,1557,0.4091022312641144,0
4131,2788,0.39287084341049194,0
4131,2243,0.4043283760547638,0
4131,3553,0.3710170388221741,0
4131,813,0.3650417625904083,0
4131,2698,0.3949379324913025,0
4131,728,0.392781525850296,0
4131,2842,0.3736206591129303,0
4131,1811,0.38204899430274963,0
4131,710,0.3611322045326233,0
4131,2537,0.3731527030467987,0
4131,1478,0.3479178547859192,0
4131,387,0.44568848609924316,0
4131,322,0.3751498758792877,0
4131,4125,0.3680296540260315,0
4131,2734,0.3349011540412903,0
4131,1592,0.3654440939426422,0
4127,4127,0.3620961308479309,1
4127,3521,0.37734249234199524,0
4127,2174,0.3723995089530945,0
4127,2707,0.439294695854187,0
4127,2656,0.3606018126010895,0
4127,3791,0.37479257583618164,0
4127,3891,0.3828665614128113,0
4127,3355,0.37533038854599,0
4127,1230,0.3759070634841919,0
4127,2166,0.3671720027923584,0
4127,2546,0.4125814139842987,0
4127,644,0.40273284912109375,0
4127,3115,0.4456925094127655,0
4127,4106,0.364591121673584,0
4127,261,0.38189733028411865,0
4127,353,0.41709470748901367,0
4127,4155,0.3619353175163269,0
4127,3862,0.38458362221717834,0
4127,37,0.4185672700405121,0
4127,2922,0.42117953300476074,0
1873,1873,0.3740859031677246,1
1873,4006,0.3725464344024658,0
1873,2758,0.41311028599739075,0
1873,1282,0.4734954833984375,0
1873,1743,0.38247042894363403,0
1873,3514,0.4164384603500366,0
1873,2210,0.3747114837169647,0
1873,3340,0.3861457109451294,0
1873,1116,0.39232462644577026,0
1873,1938,0.36962318420410156,0
1873,3207,0.38704025745391846,0
1873,1100,0.3821907937526703,0
1873,3849,0.37350189685821533,0
1873,2474,0.3821210265159607,0
1873,3971,0.37784343957901,0
1873,4129,0.3851151764392853,0
1873,2351,0.3968358039855957,0
1873,2039,0.3603103458881378,0
1873,1632,0.40744590759277344,0
1873,3930,0.3679701089859009,0
2618,2618,0.41789710521698,1
2618,1661,0.43921327590942383,0
2618,3907,0.3710480332374573,0
2618,553,0.4502742290496826,0
2618,1237,0.3752339482307434,0
2618,1776,0.41760435700416565,0
2618,2730,0.386304646730423,0
2618,3071,0.3940023183822632,0
2618,994,0.3885386884212494,0
2618,372,0.40819883346557617,0
2618,1181,0.38015493750572205,0
2618,2157,0.4240238666534424,0
2618,2629,0.42959660291671753,0
2618,851,0.4203886389732361,0
2618,1368,0.35772401094436646,0
2618,1458,0.3931185305118561,0
2618,3718,0.38125303387641907,0
2618,11,0.46044397354125977,0
2618,1212,0.4275929927825928,0
2618,2260,0.3793812096118927,0
245,245,0.35934895277023315,1
245,3614,0.36918890476226807,0
245,2781,0.3602951467037201,0
245,1138,0.40133142471313477,0
245,2732,0.35774868726730347,0
245,2934,0.37030768394470215,0
245,2399,0.36414849758148193,0
245,1027,0.39258497953414917,0
245,2730,0.38417908549308777,0
245,359,0.3529282808303833,0
245,3387,0.4012216329574585,0
245,2817,0.4009048044681549,0
245,1241,0.385103702545166,0
245,1070,0.4103448987007141,0
245,2576,0.39424070715904236,0
245,860,0.4118296802043915,0
245,3900,0.3655071556568146,0
245,2542,0.3770778477191925,0
245,4039,0.36905863881111145,0
245,4023,0.3686247766017914,0
161,161,0.4113786518573761,1
161,1728,0.4470456838607788,0
161,3654,0.432589054107666,0
161,1744,0.3654593229293823,0
161,2276,0.3736947178840637,0
161,1646,0.4446415603160858,0
161,3148,0.4080455005168915,0
161,2520,0.43613725900650024,0
161,955,0.41042935848236084,0
161,3038,0.3995816111564636,0
161,4139,0.4022151231765747,0
161,1730,0.38556376099586487,0
161,2803,0.3779631555080414,0
161,815,0.4279613494873047,0
161,1011,0.395268976688385,0
161,2717,0.40386784076690674,0
161,3084,0.3953914940357208,0
161,3592,0.3921380937099457,0
161,3131,0.3866594135761261,0
161,2376,0.41749805212020874,0
804,804,0.4167865514755249,1
804,2129,0.3921803832054138,0
804,620,0.3585015535354614,0
804,2022,0.3831697702407837,0
804,2640,0.3474288880825043,0
804,3042,0.38880655169487,0
804,381,0.39076223969459534,0
804,1261,0.38655930757522583,0
804,1718,0.3863179087638855,0
804,3481,0.3883916437625885,0
804,3410,0.37051481008529663,0
804,1526,0.36173802614212036,0
804,3715,0.35309964418411255,0
804,3108,0.3724187910556793,0
804,3900,0.36935967206954956,0
804,1052,0.37548670172691345,0
804,3693,0.35226666927337646,0
804,2290,0.3930293321609497,0
804,270,0.362493097782135,0
804,2486,0.4642648994922638,0
2267,2267,0.3951672911643982,1
2267,3212,0.38161593675613403,0
2267,3687,0.408914715051651,0
2267,3148,0.36500000953674316,0
2267,2657,0.3728185296058655,0
2267,3129,0.43978023529052734,0
2267,2592,0.35751116275787354,0
2267,670,0.40300509333610535,0
2267,1844,0.4400884509086609,0
2267,2986,0.4396984875202179,0
2267,2962,0.38296931982040405,0
2267,1273,0.4187130033969879,0
2267,3965,0.39396315813064575,0
2267,3827,0.38096725940704346,0
2267,1860,0.44227826595306396,0
2267,2559,0.3827454447746277,0
2267,2201,0.39388129115104675,0
2267,119,0.4246912896633148,0
2267,1073,0.37716051936149597,0
2267,3390,0.3728519082069397,0
2081,2081,0.3745977580547333,1
2081,3797,0.40472158789634705,0
2081,3200,0.40087899565696716,0
2081,1650,0.42675456404685974,0
2081,2787,0.38925328850746155,0
2081,194,0.38149094581604004,0
2081,2630,0.3775498569011688,0
2081,1340,0.4229279160499573,0
2081,2047,0.3802689015865326,0
2081,526,0.5275700688362122,0
2081,1202,0.4889598786830902,0
2081,69,0.44716107845306396,0
2081,1205,0.3996717929840088,0
2081,2080,0.40585607290267944,0
2081,2329,0.3745923936367035,0
2081,653,0.4260173738002777,0
2081,1798,0.38400134444236755,0
2081,1052,0.3953443765640259,0
2081,709,0.37350165843963623,0
2081,412,0.4337637424468994,0
1762,1762,0.39982929825782776,1
1762,1534,0.4145152270793915,0
1762,1548,0.4121006429195404,0
1762,390,0.5010995864868164,0
1762,3716,0.4131222665309906,0
1762,2205,0.3637915253639221,0
1762,2005,0.4482280910015106,0
1762,686,0.42345353960990906,0
1762,919,0.4720723330974579,0
1762,3182,0.4636692404747009,0
1762,394,0.4655863046646118,0
1762,2837,0.3913031816482544,0
1762,2488,0.4511275291442871,0
1762,1362,0.43905383348464966,0
1762,2318,0.4976027309894562,0
1762,1062,0.40500137209892273,0
1762,1103,0.4070151150226593,0
1762,3051,0.41788971424102783,0
1762,3449,0.4052518308162689,0
1762,3068,0.37563470005989075,0
3060,3060,0.3720434308052063,1
3060,3647,0.3834129869937897,0
3060,2455,0.39525288343429565,0
3060,135,0.43905460834503174,0
3060,1393,0.45247122645378113,0
3060,649,0.43820181488990784,0
3060,1961,0.4076027572154999,0
3060,2051,0.3801591396331787,0
3060,3756,0.41415855288505554,0
3060,1383,0.4439380466938019,0
3060,403,0.4281300902366638,0
3060,2335,0.45338669419288635,0
3060,58,0.39013683795928955,0
3060,1867,0.4427492618560791,0
3060,1426,0.4394527077674866,0
3060,1106,0.48876047134399414,0
3060,1003,0.4112912118434906,0
3060,2765,0.3862557113170624,0
3060,518,0.36578160524368286,0
3060,929,0.384884774684906,0
1280,1280,0.43245047330856323,1
1280,2973,0.3891240060329437,0
1280,3016,0.3966338038444519,0
1280,2691,0.3868553340435028,0
1280,331,0.3706468343734741,0
1280,3520,0.36676105856895447,0
1280,1949,0.3568533658981323,0
1280,146,0.4700915217399597,0
1280,892,0.38973796367645264,0
1280,4162,0.3727446496486664,0
1280,2040,0.3674512207508087,0
1280,4091,0.37756457924842834,0
1280,1579,0.42783695459365845,0
1280,1492,0.4063556492328644,0
1280,1228,0.3604101240634918,0
1280,621,0.36135146021842957,0
1280,1425,0.4240618646144867,0
1280,3117,0.356014609336853,0
1280,3132,0.4063577353954315,0
1280,576,0.36682936549186707,0
1328,1328,0.3636215627193451,1
1328,2988,0.37806975841522217,0
1328,1684,0.3754749000072479,0
1328,707,0.4136354625225067,0
1328,1523,0.3680713176727295,0
1328,4081,0.38291671872138977,0
1328,1436,0.41929465532302856,0
1328,386,0.37339189648628235,0
1328,2024,0.38488098978996277,0
1328,737,0.4522848129272461,0
1328,4011,0.39773669838905334,0
1328,875,0.38402900099754333,0
1328,3853,0.40447258949279785,0
1328,227,0.3611554205417633,0
1328,4090,0.3862048089504242,0
1328,2351,0.4034528434276581,0
1328,1232,0.4351212978363037,0
1328,1585,0.47318950295448303,0
1328,861,0.40285634994506836,0
1328,611,0.3647196888923645,0
1340,1340,0.3938238024711609,1
1340,1445,0.3419986963272095,0
1340,3133,0.38104280829429626,0
1340,1171,0.3599751889705658,0
1340,894,0.43880969285964966,0
1340,2983,0.3653070628643036,0
1340,3556,0.33778291940689087,0
1340,1375,0.40826642513275146,0
1340,261,0.3716070353984833,0
1340,145,0.37816813588142395,0
1340,2971,0.36228832602500916,0
1340,2032,0.3823760151863098,0
1340,1466,0.36064448952674866,0
1340,105,0.3983554244041443,0
1340,3330,0.35823729634284973,0
1340,3915,0.3267342746257782,0
1340,3345,0.3165174126625061,0
1340,33,0.3467884063720703,0
1340,581,0.3840124011039734,0
1340,2204,0.3351678252220154,0
2508,2508,0.3770916759967804,1
2508,672,0.35597914457321167,0
2508,3914,0.3691236972808838,0
2508,2851,0.3435171842575073,0
2508,2148,0.44240811467170715,0
2508,3506,0.3667812645435333,0
2508,2839,0.35713991522789,0
2508,1609,0.37971097230911255,0
2508,479,0.47430622577667236,0
2508,376,0.36818042397499084,0
2508,2041,0.3775780200958252,0
2508,1677,0.43331673741340637,0
2508,3674,0.3580809533596039,0
2508,622,0.3541330397129059,0
2508,341,0.38573822379112244,0
2508,985,0.3642398715019226,0
2508,2643,0.3541923463344574,0
2508,236,0.4520637094974518,0
2508,2145,0.37618985772132874,0
2508,403,0.4399946331977844,0
1966,1966,0.42917394638061523,1
1966,872,0.4813310503959656,0
1966,2829,0.39636680483818054,0
1966,929,0.4112657606601715,0
1966,3443,0.4297615587711334,0
1966,4131,0.3925171494483948,0
1966,696,0.49715685844421387,0
1966,2855,0.4676036834716797,0
1966,1848,0.46803614497184753,0
1966,132,0.4772838354110718,0
1966,836,0.43869709968566895,0
1966,479,0.5059428811073303,0
1966,1244,0.42212510108947754,0
1966,1575,0.4740402102470398,0
1966,1402,0.4384445548057556,0
1966,1071,0.4524746239185333,0
1966,3124,0.42082157731056213,0
1966,735,0.4307921528816223,0
1966,1724,0.4499261975288391,0
1966,2099,0.4291970133781433,0
3577,3577,0.3894287645816803,1
3577,1924,0.3663068413734436,0
3577,1547,0.42428234219551086,0
3577,2022,0.4011744260787964,0
3577,2706,0.3658248782157898,0
3577,3179,0.3537346124649048,0
3577,3061,0.498640239238739,0
3577,2787,0.37039029598236084,0
3577,516,0.4385875165462494,0
3577,1587,0.3928707242012024,0
3577,2238,0.37478187680244446,0
3577,928,0.4573882520198822,0
3577,3937,0.3851371109485626,0
3577,1586,0.3942068815231323,0
3577,1432,0.4206940531730652,0
3577,1030,0.4181616008281708,0
3577,1810,0.42663007974624634,0
3577,2924,0.40249505639076233,0
3577,3626,0.38136881589889526,0
3577,2457,0.3776555061340332,0
2622,2622,0.3869665861129761,1
2622,570,0.42368555068969727,0
2622,1697,0.38707414269447327,0
2622,1106,0.46534502506256104,0
2622,1548,0.36826270818710327,0
2622,3218,0.3980664908885956,0
2622,2829,0.3716112971305847,0
2622,3663,0.4512939155101776,0
2622,1238,0.38681405782699585,0
2622,95,0.40805068612098694,0
2622,1448,0.47179651260375977,0
2622,719,0.3701269328594208,0
2622,97,0.42645132541656494,0
2622,1848,0.4288122057914734,0
2622,2598,0.39804351329803467,0
2622,2075,0.3656480610370636,0
2622,171,0.45880573987960815,0
2622,3196,0.34520766139030457,0
2622,2529,0.34243714809417725,0
2622,3976,0.38024336099624634,0
184,184,0.4476931691169739,1
184,264,0.46413111686706543,0
184,1851,0.41263842582702637,0
184,2068,0.48305389285087585,0
184,4100,0.4012943506240845,0
184,691,0.4605250954627991,0
184,238,0.46822771430015564,0
184,205,0.44452962279319763,0
184,2016,0.41310372948646545,0
184,2479,0.4494592547416687,0
184,1902,0.38469216227531433,0
184,693,0.4376828074455261,0
184,2830,0.4135907292366028,0
184,1978,0.435090035200119,0
184,669,0.42088207602500916,0
184,3692,0.4128747880458832,0
184,1872,0.3947432041168213,0
184,2768,0.41400617361068726,0
184,907,0.4043857455253601,0
184,3542,0.4088606834411621,0
3219,3219,0.3851724863052368,1
3219,2685,0.370353102684021,0
3219,1464,0.44121164083480835,0
3219,354,0.42873242497444153,0
3219,2879,0.37921181321144104,0
3219,2131,0.3804396092891693,0
3219,1,0.4604739844799042,0
3219,3496,0.36249369382858276,0
3219,4023,0.36925041675567627,0
3219,3237,0.39068955183029175,0
3219,3595,0.3524661362171173,0
3219,2388,0.4425223469734192,0
3219,595,0.4064684212207794,0
3219,3345,0.3761575520038605,0
3219,748,0.3785308599472046,0
3219,1560,0.3716263175010681,0
3219,2145,0.3855496644973755,0
3219,2722,0.3809755742549896,0
3219,2516,0.36516204476356506,0
3219,2593,0.4159919321537018,0
3825,3825,0.40769100189208984,1
3825,2098,0.384005069732666,0
3825,3875,0.3970610797405243,0
3825,3013,0.44810643792152405,0
3825,1238,0.3806057572364807,0
3825,2529,0.3818555176258087,0
3825,2373,0.3853492736816406,0
3825,1010,0.4453430473804474,0
3825,4052,0.3717591464519501,0
3825,1517,0.45199471712112427,0
3825,3315,0.39903873205184937,0
3825,2657,0.4001065492630005,0
3825,3112,0.48360586166381836,0
3825,1062,0.40083014965057373,0
3825,4010,0.3990836441516876,0
3825,563,0.40952131152153015,0
3825,1354,0.4203996956348419,0
3825,3293,0.3911149501800537,0
3825,3934,0.43432462215423584,0
3825,3330,0.37268808484077454,0
172,172,0.43680012226104736,1
172,205,0.4156646430492401,0
172,533,0.4399811625480652,0
172,2511,0.4034843146800995,0
172,1326,0.3834814727306366,0
172,1108,0.4264054000377655,0
172,322,0.3735220432281494,0
172,1306,0.4240342676639557,0
172,3878,0.33924317359924316,0
172,969,0.4139747619628906,0
172,508,0.39000633358955383,0
172,203,0.3798238933086395,0
172,2363,0.3828202188014984,0
172,928,0.44539088010787964,0
172,41,0.3509446084499359,0
172,2791,0.4106045663356781,0
172,2327,0.3963385820388794,0
172,954,0.3847435414791107,0
172,363,0.41377323865890503,0
172,3132,0.4189501106739044,0
2194,2194,0.40883249044418335,1
2194,3577,0.4012642502784729,0
2194,280,0.4009239673614502,0
2194,3040,0.4253580570220947,0
2194,3579,0.3862846791744232,0
2194,273,0.38633111119270325,0
2194,3575,0.40557169914245605,0
2194,2780,0.39864277839660645,0
2194,973,0.3983042240142822,0
2194,987,0.4148404896259308,0
2194,2531,0.4141547381877899,0
2194,2751,0.36223897337913513,0
2194,1917,0.4282909035682678,0
2194,1340,0.43922895193099976,0
2194,2874,0.4179370105266571,0
2194,568,0.4182259440422058,0
2194,4057,0.3546034097671509,0
2194,3328,0.3673190474510193,0
2194,3756,0.4277258813381195,0
2194,1856,0.4555293321609497,0
313,313,0.39507991075515747,1
313,2623,0.38256189227104187,0
313,4027,0.3683490753173828,0
313,265,0.4107697904109955,0
313,3983,0.3746394217014313,0
313,906,0.40058445930480957,0
313,3586,0.3776905834674835,0
313,3771,0.36534541845321655,0
313,479,0.4463918209075928,0
313,1325,0.3826749324798584,0
313,3665,0.34330740571022034,0
313,3985,0.3707845211029053,0
313,3708,0.36183467507362366,0
313,281,0.41679084300994873,0
313,445,0.35834556818008423,0
313,3610,0.3849999010562897,0
313,2318,0.45423564314842224,0
313,1678,0.36640918254852295,0
313,2520,0.399071604013443,0
313,2151,0.41935935616493225,0
3403,3403,0.3627969026565552,1
3403,3546,0.4131493866443634,0
3403,51,0.39493435621261597,0
3403,4056,0.3872520625591278,0
3403,4034,0.37570756673812866,0
3403,3440,0.3719879686832428,0
3403,1601,0.3858672082424164,0
3403,266,0.3627152442932129,0
3403,4112,0.38879716396331787,0
3403,2097,0.3510880172252655,0
3403,157,0.3884550631046295,0
3403,2426,0.39327090978622437,0
3403,1797,0.41107040643692017,0
3403,3042,0.41829636693000793,0
3403,2385,0.35500937700271606,0
3403,3346,0.3668527603149414,0
3403,256,0.4090178310871124,0
3403,3747,0.3711094260215759,0
3403,2963,0.3861798644065857,0
3403,1863,0.3760305643081665,0
3499,3499,0.35321512818336487,1
3499,3868,0.39456531405448914,0
3499,3744,0.3817864954471588,0
3499,4084,0.4414139986038208,0
3499,1057,0.39574986696243286,0
3499,1665,0.40160903334617615,0
3499,2250,0.37332966923713684,0
3499,1696,0.410307377576828,0
3499,4027,0.36993905901908875,0
3499,440,0.41846078634262085,0
3499,3902,0.3878549039363861,0
3499,167,0.37361961603164673,0
3499,2053,0.44165337085723877,0
3499,3810,0.37414753437042236,0
3499,1636,0.4203398823738098,0
3499,4089,0.3973686099052429,0
3499,1859,0.38853222131729126,0
3499,1800,0.36658117175102234,0
3499,1474,0.38176560401916504,0
3499,652,0.4438742995262146,0
1142,1142,0.39230799674987793,1
1142,198,0.4247934818267822,0
1142,1906,0.37270069122314453,0
1142,1477,0.4041503965854645,0
1142,1100,0.3821103870868683,0
1142,69,0.44034701585769653,0
1142,2743,0.3841029405593872,0
1142,2759,0.3902392089366913,0
1142,2412,0.3984244763851166,0
1142,247,0.3798435926437378,0
1142,3086,0.3689589202404022,0
1142,1307,0.4781641364097595,0
1142,288,0.430771142244339,0
1142,4055,0.364891916513443,0
1142,2485,0.4530429244041443,0
1142,124,0.424764484167099,0
1142,2624,0.36561715602874756,0
1142,4088,0.3829878568649292,0
1142,1627,0.41622987389564514,0
1142,2158,0.3618941009044647,0
41,41,0.35356926918029785,1
41,3374,0.3693248927593231,0
41,584,0.4130694270133972,0
41,2718,0.3560565710067749,0
41,534,0.408309668302536,0
41,865,0.3883601725101471,0
41,1445,0.3757667541503906,0
41,3009,0.37047016620635986,0
41,997,0.4526323974132538,0
41,1333,0.35508325695991516,0
41,1779,0.40861770510673523,0
41,4080,0.36980077624320984,0
41,2581,0.4192119538784027,0
41,1831,0.48110267519950867,0
41,3562,0.3702807128429413,0
41,818,0.38908690214157104,0
41,1793,0.3828533887863159,0
41,3579,0.3573647439479828,0
41,1632,0.3819519877433777,0
41,2504,0.3819875717163086,0
2600,2600,0.3670944571495056,1
2600,3737,0.35942402482032776,0
2600,3267,0.4115341603755951,0
2600,1499,0.35939913988113403,0
2600,2296,0.3818812966346741,0
2600,4075,0.37387189269065857,0
2600,3636,0.37225914001464844,0
2600,2888,0.36647340655326843,0
2600,304,0.35435888171195984,0
2600,26,0.4163361191749573,0
2600,4106,0.36749136447906494,0
2600,2830,0.3791145086288452,0
2600,2821,0.38561832904815674,0
2600,3041,0.37767040729522705,0
2600,3554,0.3711479902267456,0
2600,932,0.4301074743270874,0
2600,2864,0.3836991786956787,0
2600,3929,0.3894418478012085,0
2600,3604,0.37616127729415894,0
2600,3261,0.38884854316711426,0
258,258,0.4165489375591278,1
258,1758,0.3597601354122162,0
258,420,0.40636250376701355,0
258,3016,0.3854854106903076,0
258,684,0.38861533999443054,0
258,1184,0.3832034766674042,0
258,2933,0.39898666739463806,0
258,3930,0.37330201268196106,0
258,187,0.4135804772377014,0
258,832,0.36489856243133545,0
258,718,0.3880084156990051,0
258,2444,0.37402671575546265,0
258,367,0.3793662190437317,0
258,2778,0.41372746229171753,0
258,351,0.35525232553482056,0
258,3485,0.37245282530784607,0
258,1655,0.38080355525016785,0
258,4169,0.35893529653549194,0
258,1081,0.4173348546028137,0
258,3776,0.36250928044319153,0
1086,1086,0.41546913981437683,1
1086,3031,0.3656025230884552,0
1086,2209,0.41695258021354675,0
1086,2776,0.3829742670059204,0
1086,317,0.4381366968154907,0
1086,372,0.4229559600353241,0
1086,942,0.376030832529068,0
1086,1867,0.4275685250759125,0
1086,522,0.4057771861553192,0
1086,508,0.40674304962158203,0
1086,3971,0.3914099931716919,0
1086,2921,0.40805190801620483,0
1086,1506,0.4009974002838135,0
1086,2199,0.40447449684143066,0
1086,2659,0.37990984320640564,0
1086,1015,0.39919140934944153,0
1086,81,0.42441901564598083,0
1086,3147,0.3768978416919708,0
1086,3547,0.4140143096446991,0
1086,1183,0.42740723490715027,0
1003,1003,0.4215362071990967,1
1003,485,0.4871668517589569,0
1003,3664,0.39354008436203003,0
1003,2075,0.4039003551006317,0
1003,2262,0.4756414294242859,0
1003,3719,0.39436718821525574,0
1003,4156,0.3777693808078766,0
1003,1160,0.43559953570365906,0
1003,3515,0.3898681104183197,0
1003,3783,0.3968728184700012,0
1003,1243,0.41486093401908875,0
1003,2950,0.3973832130432129,0
1003,113,0.40999746322631836,0
1003,2157,0.43130433559417725,0
1003,2609,0.37118569016456604,0
1003,349,0.3670879006385803,0
1003,3327,0.3871448040008545,0
1003,226,0.41278138756752014,0
1003,3662,0.41654402017593384,0
1003,412,0.4303079843521118,0
4106,4106,0.39417046308517456,1
4106,3197,0.3845174312591553,0
4106,3911,0.40087801218032837,0
4106,2572,0.3797326683998108,0
4106,1600,0.4093639850616455,0
4106,2080,0.41036128997802734,0
4106,1369,0.3993396759033203,0
4106,1037,0.4587576687335968,0
4106,2432,0.4126579463481903,0
4106,241,0.39986759424209595,0
4106,2257,0.3888300061225891,0
4106,794,0.4170103073120117,0
4106,3254,0.41626015305519104,0
4106,4163,0.3687525689601898,0
4106,80,0.42376360297203064,0
4106,2979,0.401413232088089,0
4106,3245,0.4044496715068817,0
4106,1691,0.37038177251815796,0
4106,1828,0.4179805517196655,0
4106,1845,0.38630884885787964,0
892,892,0.39970776438713074,1
892,2054,0.4090486168861389,0
892,2116,0.40594613552093506,0
892,3557,0.3876035213470459,0
892,1671,0.40117040276527405,0
892,3738,0.39147448539733887,0
892,1065,0.3845405578613281,0
892,2583,0.4165252149105072,0
892,3294,0.38396012783050537,0
892,3636,0.38543933629989624,0
892,4068,0.39669811725616455,0
892,2327,0.4200844168663025,0
892,4161,0.3985147178173065,0
892,49,0.3882540166378021,0
892,1949,0.38036248087882996,0
892,3896,0.38901084661483765,0
892,1846,0.39449450373649597,0
892,3803,0.3834214210510254,0
892,3614,0.3763042688369751,0
892,1857,0.3935411870479584,0
153,153,0.3747623860836029,1
153,4120,0.35118749737739563,0
153,959,0.35918989777565,0
153,3925,0.36149030923843384,0
153,1693,0.37464839220046997,0
153,1144,0.4348076581954956,0
153,596,0.3660889267921448,0
153,3617,0.38123857975006104,0
153,985,0.3581783175468445,0
153,3268,0.35438835620880127,0
153,761,0.3787863254547119,0
153,934,0.3865536153316498,0
153,4036,0.36648231744766235,0
153,3821,0.37126588821411133,0
153,4059,0.3728640079498291,0
153,1064,0.3397030234336853,0
153,1930,0.37954404950141907,0
153,1812,0.4425114095211029,0
153,1672,0.37570133805274963,0
153,3646,0.3806599974632263,0
695,695,0.4632067084312439,1
695,3892,0.34028229117393494,0
695,4024,0.36344113945961,0
695,872,0.4376850724220276,0
695,3799,0.36915600299835205,0
695,547,0.3997132480144501,0
695,1640,0.46237659454345703,0
695,3617,0.38538697361946106,0
695,910,0.33617186546325684,0
695,3335,0.3370281159877777,0
695,1190,0.33165451884269714,0
695,3937,0.3945809006690979,0
695,636,0.37656334042549133,0
695,1110,0.37727591395378113,0
695,1792,0.4207032322883606,0
695,2535,0.4217541515827179,0
695,1966,0.403965026140213,0
695,1580,0.3778669238090515,0
695,2448,0.3827948272228241,0
695,1229,0.4459187686443329,0
3406,3406,0.4060077965259552,1
3406,3645,0.3624492585659027,0
3406,3140,0.39441245794296265,0
3406,3702,0.3745958209037781,0
3406,4128,0.3546670079231262,0
3406,2493,0.3724999725818634,0
3406,4015,0.364472895860672,0
3406,484,0.3891969919204712,0
3406,3528,0.39225783944129944,0
3406,958,0.398891806602478,0
3406,29,0.4651084840297699,0
3406,3211,0.4266752004623413,0
3406,2712,0.3903862237930298,0
3406,3878,0.3519890010356903,0
3406,2896,0.3953467011451721,0
3406,1378,0.42881864309310913,0
3406,3929,0.4032958149909973,0
3406,30,0.3714541792869568,0
3406,2771,0.36632075905799866,0
3406,1987,0.3490009903907776,0
2787,2787,0.38334548473358154,1
2787,630,0.3685046136379242,0
2787,3414,0.3748927414417267,0
2787,2347,0.396030455827713,0
2787,240,0.44824880361557007,0
2787,891,0.4643266499042511,0
2787,2086,0.5526152849197388,0
2787,1073,0.3839980363845825,0
2787,3996,0.4288598895072937,0
2787,744,0.42438188195228577,0
2787,286,0.434165358543396,0
2787,2429,0.38006463646888733,0
2787,1205,0.41008293628692627,0
2787,451,0.42606842517852783,0
2787,1987,0.3476153016090393,0
2787,3327,0.3998575210571289,0
2787,3400,0.43925052881240845,0
2787,3780,0.3533511757850647,0
2787,1563,0.41150015592575073,0
2787,1010,0.4610609710216522,0
1869,1869,0.336275577545166,1
1869,2705,0.3629285395145416,0
1869,1683,0.3900686800479889,0
1869,2239,0.45551976561546326,0
1869,866,0.4049711227416992,0
1869,787,0.39129704236984253,0
1869,3939,0.36883237957954407,0
1869,79,0.3709127604961395,0
1869,1493,0.40551137924194336,0
1869,1436,0.4078684449195862,0
1869,3857,0.38361454010009766,0
1869,3257,0.4253261983394623,0
1869,3392,0.3462480902671814,0
1869,1188,0.4005054533481598,0
1869,239,0.3565634489059448,0
1869,3353,0.43433451652526855,0
1869,1821,0.43599754571914673,0
1869,3838,0.3652013838291168,0
1869,529,0.35406118631362915,0
1869,2739,0.37751463055610657,0
1185,1185,0.3624148666858673,1
1185,2476,0.41817474365234375,0
1185,73,0.4074118435382843,0
1185,2528,0.4164682626724243,0
1185,2353,0.3732735812664032,0
1185,2040,0.3812462389469147,0
1185,1791,0.43658697605133057,0
1185,3000,0.3702382743358612,0
1185,2184,0.3851514756679535,0
1185,148,0.4089413583278656,0
1185,1438,0.41565921902656555,0
1185,3337,0.45521724224090576,0
1185,1451,0.42114683985710144,0
1185,985,0.37570855021476746,0
1185,3425,0.36823782324790955,0
1185,2202,0.3738229274749756,0
1185,1129,0.3822779059410095,0
1185,3007,0.35008007287979126,0
1185,3486,0.3872990012168884,0
1185,2029,0.43033990263938904,0
3221,3221,0.37227532267570496,1
3221,4075,0.3696380853652954,0
3221,605,0.3898993730545044,0
3221,788,0.3724324405193329,0
3221,3945,0.3520057201385498,0
3221,3819,0.36424708366394043,0
3221,1676,0.3820129632949829,0
3221,1447,0.43732941150665283,0
3221,133,0.45778340101242065,0
3221,2585,0.358794629573822,0
3221,1940,0.3924519717693329,0
3221,1419,0.4267764985561371,0
3221,2123,0.40223169326782227,0
3221,213,0.3619821071624756,0
3221,1068,0.40614473819732666,0
3221,469,0.36038723587989807,0
3221,1523,0.3418448567390442,0
3221,1770,0.37925010919570923,0
3221,2697,0.37579742074012756,0
3221,2110,0.39162662625312805,0
2014,2014,0.3943382799625397,1
2014,3028,0.395399272441864,0
2014,1747,0.4609641432762146,0
2014,672,0.36871129274368286,0
2014,2152,0.3834554851055145,0
2014,3608,0.38623037934303284,0
2014,1078,0.39225101470947266,0
2014,376,0.3829364776611328,0
2014,3897,0.43475744128227234,0
2014,128,0.3732001781463623,0
2014,2652,0.4168647825717926,0
2014,638,0.3816227316856384,0
2014,4146,0.3771935999393463,0
2014,1407,0.3680494427680969,0
2014,1954,0.450289249420166,0
2014,1910,0.38191238045692444,0
2014,541,0.45271411538124084,0
2014,3555,0.36692747473716736,0
2014,1568,0.4050199091434479,0
2014,2892,0.3773546516895294,0
2854,2854,0.37679392099380493,1
2854,3544,0.3637261390686035,0
2854,519,0.38163939118385315,0
2854,3393,0.4130307734012604,0
2854,2167,0.39359909296035767,0
2854,193,0.4250974655151367,0
2854,1081,0.4459872841835022,0
2854,1026,0.42081475257873535,0
2854,711,0.41145265102386475,0
2854,3637,0.3886874318122864,0
2854,3810,0.3594968318939209,0
2854,3899,0.36578524112701416,0
2854,325,0.37048542499542236,0
2854,1964,0.374702513217926,0
2854,3441,0.4446437656879425,0
2854,1651,0.405600368976593,0
2854,3283,0.3732902705669403,0
2854,1605,0.3844115138053894,0
2854,456,0.381207138299942,0
2854,3994,0.3736226558685303,0
3005,3005,0.36116552352905273,1
3005,1082,0.403829962015152,0
3005,3312,0.40359118580818176,0
3005,1976,0.4153091013431549,0
3005,2246,0.411687970161438,0
3005,1034,0.3810093104839325,0
3005,2577,0.3814917802810669,0
3005,2740,0.4146502912044525,0
3005,2332,0.3937861919403076,0
3005,3311,0.38562074303627014,0
3005,4040,0.387433797121048,0
3005,2050,0.43328729271888733,0
3005,1141,0.41032230854034424,0
3005,2340,0.38127806782722473,0
3005,4168,0.3855869472026825,0
3005,3071,0.3904269337654114,0
3005,2685,0.36112651228904724,0
3005,4103,0.3984872102737427,0
3005,1150,0.37864744663238525,0
3005,4134,0.3788216710090637,0
3903,3903,0.31491708755493164,1
3903,1719,0.3603260815143585,0
3903,2943,0.35741275548934937,0
3903,64,0.38005441427230835,0
3903,1256,0.34514153003692627,0
3903,2529,0.3463513255119324,0
3903,3910,0.3671000003814697,0
3903,2568,0.3369065821170807,0
3903,2385,0.34792640805244446,0
3903,1777,0.36117786169052124,0
3903,3510,0.3286552131175995,0
3903,1429,0.34397000074386597,0
3903,2999,0.389555960893631,0
3903,1883,0.39428237080574036,0
3903,1203,0.3643306791782379,0
3903,3552,0.3845362365245819,0
3903,2962,0.3523453176021576,0
3903,256,0.36690646409988403,0
3903,2900,0.3472336232662201,0
3903,1025,0.3991450071334839,0
871,871,0.4119914770126343,1
871,2309,0.4058168828487396,0
871,343,0.4457291066646576,0
871,1190,0.38845619559288025,0
871,3853,0.4225623309612274,0
871,2498,0.4016166031360626,0
871,1684,0.38151225447654724,0
871,2343,0.41165709495544434,0
871,2026,0.4029530882835388,0
871,4020,0.40793681144714355,0
871,4041,0.3877491354942322,0
871,1559,0.3802579641342163,0
871,3552,0.4391178786754608,0
871,2240,0.39633530378341675,0
871,3165,0.4444832503795624,0
871,326,0.4011925458908081,0
871,1611,0.42375051975250244,0
871,3279,0.40187397599220276,0
871,2536,0.38916948437690735,0
871,923,0.4029403328895569,0
1021,1021,0.44676294922828674,1
1021,69,0.4361027777194977,0
1021,3045,0.3813908100128174,0
1021,228,0.41106003522872925,0
1021,2906,0.36104723811149597,0
1021,3782,0.41621270775794983,0
1021,2762,0.3751770257949829,0
1021,3107,0.3927152752876282,0
1021,184,0.4161536991596222,0
1021,108,0.3614639341831207,0
1021,673,0.3923710882663727,0
1021,3149,0.4235670566558838,0
1021,1016,0.3744603395462036,0
1021,1790,0.40836861729621887,0
1021,2410,0.37283241748809814,0
1021,988,0.3608814775943756,0
1021,3123,0.3704974949359894,0
1021,753,0.3962448537349701,0
1021,3583,0.3707410991191864,0
1021,741,0.3668966293334961,0
2597,2597,0.3606203496456146,1
2597,3378,0.3881657123565674,0
2597,27,0.4425176978111267,0
2597,1930,0.373119592666626,0
2597,384,0.37387365102767944,0
2597,1784,0.36625033617019653,0
2597,2550,0.38196471333503723,0
2597,3613,0.4073921740055084,0
2597,3772,0.3542397618293762,0
2597,2610,0.3594605028629303,0
2597,124,0.4040755033493042,0
2597,2140,0.3936324417591095,0
2597,1237,0.3745189607143402,0
2597,3559,0.39376717805862427,0
2597,1670,0.41681861877441406,0
2597,1112,0.40154072642326355,0
2597,2255,0.37132498621940613,0
2597,4142,0.36225271224975586,0
2597,1668,0.39557331800460815,0
2597,338,0.441440612077713,0
311,311,0.3822128474712372,1
311,1204,0.36757728457450867,0
311,3851,0.40887850522994995,0
311,1618,0.3588452935218811,0
311,3987,0.4225192964076996,0
311,2753,0.38623905181884766,0
311,312,0.41343164443969727,0
311,4124,0.38982516527175903,0
311,769,0.38400518894195557,0
311,1843,0.45003843307495117,0
311,999,0.3748532831668854,0
311,1800,0.3997073769569397,0
311,2989,0.41975948214530945,0
311,2547,0.38718530535697937,0
311,3220,0.39002513885498047,0
311,1795,0.40514808893203735,0
311,19,0.4005746841430664,0
311,1044,0.401172935962677,0
311,4020,0.37556424736976624,0
311,524,0.41430121660232544,0
1034,1034,0.3833480179309845,1
1034,453,0.40292540192604065,0
1034,605,0.4103447198867798,0
1034,338,0.4649105966091156,0
1034,780,0.44370323419570923,0
1034,2767,0.3751858174800873,0
1034,2409,0.3957010507583618,0
1034,3472,0.3722288906574249,0
1034,908,0.41445913910865784,0
1034,1101,0.4367443323135376,0
1034,2906,0.3672572076320648,0
1034,906,0.41851380467414856,0
1034,2170,0.3963961601257324,0
1034,3144,0.3993419110774994,0
1034,2373,0.399308979511261,0
1034,191,0.4173421263694763,0
1034,3049,0.38978487253189087,0
1034,2763,0.39371806383132935,0
1034,2284,0.40353506803512573,0
1034,577,0.3965589106082916,0
43,43,0.4041306972503662,1
43,829,0.39639100432395935,0
43,3,0.44897374510765076,0
43,3987,0.4341828227043152,0
43,3114,0.41476887464523315,0
43,3462,0.38478004932403564,0
43,3578,0.39429768919944763,0
43,2617,0.4213548004627228,0
43,4014,0.3994002342224121,0
43,1453,0.3972383439540863,0
43,3882,0.3787078857421875,0
43,920,0.5104649662971497,0
43,2960,0.43677228689193726,0
43,3159,0.46604451537132263,0
43,1463,0.5003420114517212,0
43,3880,0.43586742877960205,0
43,75,0.48037073016166687,0
43,257,0.3997458219528198,0
43,612,0.4154124855995178,0
43,1414,0.3713848292827606,0
3932,3932,0.3589455783367157,1
3932,326,0.38344526290893555,0
3932,882,0.4290086627006531,0
3932,3809,0.3700362741947174,0
3932,939,0.495682030916214,0
3932,2506,0.37400200963020325,0
3932,30,0.35740926861763,0
3932,2127,0.3412967324256897,0
3932,2990,0.4495435953140259,0
3932,494,0.36044758558273315,0
3932,3347,0.36646145582199097,0
3932,3910,0.3642680048942566,0
3932,3385,0.35103610157966614,0
3932,957,0.3613344132900238,0
3932,1123,0.37994784116744995,0
3932,377,0.3610531985759735,0
3932,3429,0.4387281835079193,0
3932,3334,0.38935723900794983,0
3932,3515,0.35571590065956116,0
3932,2189,0.40714752674102783,0
739,739,0.4415188729763031,1
739,3349,0.3738565146923065,0
739,1614,0.37994009256362915,0
739,1632,0.4205339252948761,0
739,2653,0.4133043587207794,0
739,4070,0.4039296507835388,0
739,3328,0.37116119265556335,0
739,307,0.4289276599884033,0
739,2598,0.4038257598876953,0
739,1287,0.48366421461105347,0
739,3632,0.39678555727005005,0
739,1836,0.4946342706680298,0
739,3560,0.3822782635688782,0
739,1432,0.4291498064994812,0
739,2056,0.42501258850097656,0
739,2655,0.3928009569644928,0
739,3713,0.40025997161865234,0
739,100,0.4705447852611542,0
739,1082,0.4661010205745697,0
739,2680,0.4028295874595642,0
1037,1037,0.4291594326496124,1
1037,2601,0.38044869899749756,0
1037,1756,0.39830300211906433,0
1037,195,0.4137735962867737,0
1037,3622,0.3868485689163208,0
1037,1028,0.4239754378795624,0
1037,4141,0.365568608045578,0
1037,326,0.3815430700778961,0
1037,285,0.3576701879501343,0
1037,2216,0.426296204328537,0
1037,627,0.47026002407073975,0
1037,1448,0.4690749943256378,0
1037,2900,0.3835589289665222,0
1037,2424,0.3619253635406494,0
1037,2237,0.392590194940567,0
1037,3566,0.3868233859539032,0
1037,2348,0.45766934752464294,0
1037,3325,0.3674109876155853,0
1037,2148,0.46770811080932617,0
1037,1292,0.3948349356651306,0
672,672,0.3973170220851898,1
672,3844,0.38226503133773804,0
672,2163,0.4146482050418854,0
672,2491,0.4118359088897705,0
672,2242,0.4159885346889496,0
672,808,0.42717310786247253,0
672,3748,0.3979593813419342,0
672,3872,0.37284141778945923,0
672,2958,0.3828325569629669,0
672,1636,0.4322986900806427,0
672,3878,0.37727081775665283,0
672,4023,0.3802202343940735,0
672,3233,0.4382762908935547,0
672,3609,0.39871227741241455,0
672,1982,0.3800961971282959,0
672,2592,0.38979968428611755,0
672,3650,0.38260677456855774,0
672,1695,0.3706299066543579,0
672,437,0.4277270436286926,0
672,2970,0.4217821955680847,0
3379,3379,0.3867374062538147,1
3379,1220,0.4008003771305084,0
3379,930,0.42525362968444824,0
3379,4086,0.38478967547416687,0
3379,2008,0.37350112199783325,0
3379,3193,0.3899211287498474,0
3379,3597,0.40665948390960693,0
3379,390,0.4663686156272888,0
3379,4140,0.3918552100658417,0
3379,3963,0.4147852659225464,0
3379,3329,0.3849649727344513,0
3379,3677,0.41211357712745667,0
3379,136,0.4520672559738159,0
3379,472,0.37628674507141113,0
3379,1737,0.38105130195617676,0
3379,3974,0.3864818215370178,0
3379,3042,0.447743684053421,0
3379,1160,0.43445324897766113,0
3379,131,0.44434991478919983,0
3379,521,0.41787537932395935,0
1228,1228,0.39920979738235474,1
1228,3772,0.37408846616744995,0
1228,2129,0.4110904335975647,0
1228,403,0.4649117887020111,0
1228,3996,0.41027048230171204,0
1228,3472,0.3686559796333313,0
1228,3420,0.3801023066043854,0
1228,3103,0.38969913125038147,0
1228,3306,0.4283491373062134,0
1228,3627,0.39764052629470825,0
1228,1796,0.5171844959259033,0
1228,2779,0.3896472454071045,0
1228,896,0.4108390510082245,0
1228,3584,0.37747102975845337,0
1228,4103,0.3994922637939453,0
1228,752,0.46953460574150085,0
1228,1728,0.44003376364707947,0
1228,287,0.4287160336971283,0
1228,3652,0.451250821352005,0
1228,2474,0.4049442708492279,0
2471,2471,0.4468652307987213,1
2471,4108,0.41326904296875,0
2471,3945,0.4083748161792755,0
2471,2527,0.43330350518226624,0
2471,1459,0.4387369155883789,0
2471,6,0.3846275508403778,0
2471,1213,0.36691713333129883,0
2471,1958,0.4009067416191101,0
2471,476,0.41885286569595337,0
2471,785,0.429877907037735,0
2471,2228,0.40639814734458923,0
2471,256,0.4395553171634674,0
2471,2280,0.4158044159412384,0
2471,3597,0.41118961572647095,0
2471,2648,0.418344110250473,0
2471,3497,0.38283196091651917,0
2471,3926,0.4091968834400177,0
2471,2999,0.46901848912239075,0
2471,2638,0.42331162095069885,0
2471,2580,0.3728965222835541,0
622,622,0.4068647623062134,1
622,503,0.37991124391555786,0
622,2341,0.39557597041130066,0
622,3271,0.38884061574935913,0
622,998,0.38538873195648193,0
622,1099,0.378540575504303,0
622,569,0.399432897567749,0
622,3439,0.3894142806529999,0
622,3942,0.3995092809200287,0
622,3258,0.38365161418914795,0
622,1998,0.4220522940158844,0
622,4109,0.3864876925945282,0
622,1593,0.37092262506484985,0
622,1584,0.47992369532585144,0
622,2594,0.42699095606803894,0
622,2421,0.3895050883293152,0
622,1868,0.3903086483478546,0
622,1360,0.4333265721797943,0
622,1227,0.4208070635795593,0
622,3719,0.39274853467941284,0
4142,4142,0.37641268968582153,1
4142,1560,0.37279072403907776,0
4142,1243,0.4158027172088623,0
4142,804,0.4250190556049347,0
4142,2179,0.3941553831100464,0
4142,2726,0.3979417681694031,0
4142,1503,0.37630677223205566,0
4142,296,0.3925684988498688,0
4142,1825,0.38824528455734253,0
4142,4031,0.3713509440422058,0
4142,3736,0.3615909516811371,0
4142,3386,0.394104927778244,0
4142,3114,0.3959362208843231,0
4142,2141,0.3868766129016876,0
4142,2767,0.3784588873386383,0
4142,1618,0.36459219455718994,0
4142,3154,0.41638773679733276,0
4142,3605,0.3856409788131714,0
4142,330,0.40785616636276245,0
4142,680,0.46209779381752014,0
1506,1506,0.36429494619369507,1
1506,2677,0.3863736093044281,0
1506,4015,0.35090312361717224,0
1506,2466,0.40807005763053894,0
1506,3282,0.35993388295173645,0
1506,2963,0.36134663224220276,0
1506,1096,0.38257673382759094,0
1506,904,0.36642342805862427,0
1506,3318,0.38197362422943115,0
1506,2208,0.40080609917640686,0
1506,1483,0.3560435473918915,0
1506,2411,0.38738787174224854,0
1506,3995,0.3520280420780182,0
1506,2890,0.36390963196754456,0
1506,3088,0.3738228976726532,0
1506,3697,0.40704625844955444,0
1506,211,0.3563937842845917,0
1506,2377,0.41202476620674133,0
1506,1961,0.37934163212776184,0
1506,1905,0.39522483944892883,0
362,362,0.40516558289527893,1
362,444,0.4022578001022339,0
362,3668,0.41755566000938416,0
362,4054,0.3720934987068176,0
362,3461,0.45037171244621277,0
362,4013,0.3780996799468994,0
362,36,0.42833513021469116,0
362,2007,0.37569379806518555,0
362,11,0.44350552558898926,0
362,751,0.374997615814209,0
362,3119,0.3736321032047272,0
362,1285,0.4642368257045746,0
362,2365,0.3470013439655304,0
362,3023,0.41403549909591675,0
362,1624,0.3824600279331207,0
362,1675,0.4034082293510437,0
362,1557,0.43979334831237793,0
362,1094,0.4476076364517212,0
362,165,0.4533644914627075,0
362,3628,0.4145812392234802,0
768,768,0.42644384503364563,1
768,2110,0.4014890193939209,0
768,3070,0.37981149554252625,0
768,1314,0.4659355878829956,0
768,3367,0.47316405177116394,0
768,1238,0.39239057898521423,0
768,269,0.3918347656726837,0
768,2313,0.40992310643196106,0
768,2128,0.4031168818473816,0
768,1602,0.3776610493659973,0
768,1468,0.39965569972991943,0
768,4121,0.38833388686180115,0
768,1827,0.40700021386146545,0
768,1988,0.3979896306991577,0
768,3979,0.4130191504955292,0
768,3214,0.43804046511650085,0
768,4151,0.4101257622241974,0
768,1948,0.43164193630218506,0
768,1589,0.4477596879005432,0
768,1229,0.5148963332176208,0
2293,2293,0.34639835357666016,1
2293,3704,0.3511263430118561,0
2293,2,0.36421748995780945,0
2293,1868,0.3816550374031067,0
2293,2550,0.36814090609550476,0
2293,3462,0.35623928904533386,0
2293,1271,0.43174147605895996,0
2293,2124,0.39337268471717834,0
2293,2286,0.41669920086860657,0
2293,1891,0.36847779154777527,0
2293,269,0.3642246127128601,0
2293,1916,0.3684012293815613,0
2293,3755,0.34861335158348083,0
2293,3021,0.37210556864738464,0
2293,3598,0.3740937411785126,0
2293,2264,0.40325409173965454,0
2293,1467,0.38286277651786804,0
2293,3410,0.3820335865020752,0
2293,3570,0.3362486958503723,0
2293,2115,0.33370763063430786,0
457,457,0.4045262932777405,1
457,2546,0.410745769739151,0
457,679,0.387861430644989,0
457,1579,0.43223193287849426,0
457,3912,0.3719403147697449,0
457,791,0.3875422179698944,0
457,72,0.40385714173316956,0
457,598,0.4296588599681854,0
457,1002,0.4030923545360565,0
457,2260,0.3779953420162201,0
457,3992,0.37820348143577576,0
457,2203,0.3867780566215515,0
457,1281,0.37732240557670593,0
457,2341,0.3890976011753082,0
457,1594,0.35248082876205444,0
457,3542,0.4023759663105011,0
457,2824,0.3913423717021942,0
457,419,0.3766208589076996,0
457,1795,0.39942511916160583,0
457,3471,0.39643916487693787,0
455,455,0.43402501940727234,1
455,3009,0.37571191787719727,0
455,2150,0.36834684014320374,0
455,3853,0.3963826894760132,0
455,1769,0.4091620445251465,0
455,2745,0.3947879672050476,0
455,1659,0.3800012469291687,0
455,1895,0.40436628460884094,0
455,1284,0.3943675458431244,0
455,3788,0.39895695447921753,0
455,1003,0.39617037773132324,0
455,3523,0.38157349824905396,0
455,1704,0.4266701638698578,0
455,662,0.41287922859191895,0
455,658,0.4676527976989746,0
455,1739,0.4445190727710724,0
455,2367,0.39815568923950195,0
455,196,0.3479163646697998,0
455,1239,0.3787379264831543,0
455,1174,0.39126014709472656,0
1994,1994,0.3681652843952179,1
1994,308,0.4111635684967041,0
1994,170,0.38205578923225403,0
1994,2101,0.3430481553077698,0
1994,2003,0.3666589558124542,0
1994,322,0.3429640531539917,0
1994,2999,0.37304893136024475,0
1994,11,0.3861352801322937,0
1994,245,0.32882043719291687,0
1994,1465,0.3599775433540344,0
1994,1071,0.37185752391815186,0
1994,1229,0.4129050076007843,0
1994,3267,0.3592321276664734,0
1994,3965,0.35213106870651245,0
1994,3009,0.3498683571815491,0
1994,348,0.3869881331920624,0
1994,168,0.35950028896331787,0
1994,4139,0.3437601923942566,0
1994,3033,0.35325199365615845,0
1994,3912,0.3303917944431305,0
3102,3102,0.36258652806282043,1
3102,2190,0.3511950969696045,0
3102,349,0.3429798185825348,0
3102,929,0.3770997226238251,0
3102,3055,0.3571871221065521,0
3102,270,0.3623195290565491,0
3102,2283,0.36863672733306885,0
3102,4153,0.38126951456069946,0
3102,3898,0.392667293548584,0
3102,1721,0.3792707026004791,0
3102,3626,0.3683037757873535,0
3102,231,0.3993634879589081,0
3102,2957,0.36605605483055115,0
3102,17,0.40510085225105286,0
3102,478,0.3720795512199402,0
3102,854,0.4164063632488251,0
3102,2721,0.38091200590133667,0
3102,2524,0.399584025144577,0
3102,2564,0.4410123825073242,0
3102,3650,0.3548915386199951,0
3486,3486,0.3497873842716217,1
3486,2948,0.33995193243026733,0
3486,1771,0.36187559366226196,0
3486,1449,0.3587096333503723,0
3486,3197,0.3736678957939148,0
3486,369,0.35207563638687134,0
3486,1982,0.3382209539413452,0
3486,1016,0.3404174745082855,0
3486,3940,0.3565285801887512,0
3486,2396,0.3791762888431549,0
3486,2779,0.3680054247379303,0
3486,2835,0.3633895516395569,0
3486,1392,0.3791072964668274,0
3486,3563,0.3394988179206848,0
3486,3226,0.3861903250217438,0
3486,343,0.38005170226097107,0
3486,28,0.37476950883865356,0
3486,2633,0.34834542870521545,0
3486,702,0.3579394519329071,0
3486,3896,0.358333945274353,0
1212,1212,0.4476669430732727,1
1212,1444,0.3832537531852722,0
1212,759,0.42865219712257385,0
1212,2421,0.3921573758125305,0
1212,3061,0.49100127816200256,0
1212,4142,0.38695037364959717,0
1212,3490,0.4021415114402771,0
1212,295,0.36030471324920654,0
1212,2258,0.4504220187664032,0
1212,3291,0.5079470872879028,0
1212,3318,0.40860992670059204,0
1212,1437,0.38377583026885986,0
1212,186,0.38133704662323,0
1212,3188,0.40979400277137756,0
1212,2999,0.4298510253429413,0
1212,3081,0.37535688281059265,0
1212,2233,0.42686086893081665,0
1212,3214,0.4291953444480896,0
1212,2993,0.3769639730453491,0
1212,2425,0.4340255856513977,0
2039,2039,0.3747827410697937,1
2039,3596,0.364056259393692,0
2039,2532,0.4154002070426941,0
2039,2284,0.39839592576026917,0
2039,2935,0.3757724463939667,0
2039,2519,0.43006643652915955,0
2039,1746,0.40046426653862,0
2039,584,0.42263197898864746,0
2039,3157,0.39307302236557007,0
2039,3384,0.3828275501728058,0
2039,1549,0.37920552492141724,0
2039,1285,0.43800783157348633,0
2039,415,0.44486644864082336,0
2039,1406,0.39763689041137695,0
2039,1128,0.39206111431121826,0
2039,4176,0.36615896224975586,0
2039,2821,0.38939452171325684,0
2039,574,0.4499395191669464,0
2039,2175,0.37982484698295593,0
2039,3373,0.3861989378929138,0
2444,2444,0.3998161256313324,1
2444,496,0.4220457971096039,0
2444,3909,0.4176854193210602,0
2444,1807,0.43659496307373047,0
2444,2138,0.48277872800827026,0
2444,124,0.4308566451072693,0
2444,3530,0.3805340528488159,0
2444,2434,0.401110976934433,0
2444,2266,0.3949167728424072,0
2444,1377,0.4023663401603699,0
2444,3546,0.4066784679889679,0
2444,3751,0.3782515823841095,0
2444,1085,0.497739315032959,0
2444,777,0.43376925587654114,0
2444,2088,0.4691406190395355,0
2444,1174,0.4371475279331207,0
2444,1493,0.41775789856910706,0
2444,880,0.427306205034256,0
2444,3658,0.4207422435283661,0
2444,1413,0.4767981171607971,0
137,137,0.41206708550453186,1
137,450,0.4236610531806946,0
137,2972,0.391802579164505,0
137,1103,0.38423919677734375,0
137,628,0.3656277656555176,0
137,1295,0.3873525857925415,0
137,2542,0.39839568734169006,0
137,594,0.437874436378479,0
137,1504,0.4100726544857025,0
137,1773,0.41412898898124695,0
137,3664,0.3886891007423401,0
137,3909,0.4256626069545746,0
137,3605,0.3675858974456787,0
137,3965,0.3987767696380615,0
137,526,0.4659990668296814,0
137,3344,0.3966749608516693,0
137,2198,0.39986222982406616,0
137,3682,0.3974168002605438,0
137,2263,0.45239704847335815,0
137,2341,0.3970673382282257,0
3719,3719,0.4004140794277191,1
3719,2348,0.4675183892250061,0
3719,1641,0.4329130947589874,0
3719,2877,0.3606509268283844,0
3719,2601,0.4234808385372162,0
3719,389,0.5846677422523499,0
3719,3343,0.3997461795806885,0
3719,1956,0.38267388939857483,0
3719,66,0.421315461397171,0
3719,3060,0.36133190989494324,0
3719,317,0.43721887469291687,0
3719,2811,0.42585521936416626,0
3719,4101,0.41010358929634094,0
3719,3305,0.3929634392261505,0
3719,3494,0.39894792437553406,0
3719,2963,0.402231901884079,0
3719,3233,0.46913278102874756,0
3719,2002,0.3667125105857849,0
3719,94,0.4714985191822052,0
3719,2310,0.41290783882141113,0
337,337,0.42074358463287354,1
337,3032,0.4091129004955292,0
337,2635,0.35769033432006836,0
337,2442,0.392594575881958,0
337,1753,0.4454154372215271,0
337,2169,0.35332736372947693,0
337,271,0.397666871547699,0
337,853,0.36212441325187683,0
337,1965,0.3465282917022705,0
337,4044,0.35242050886154175,0
337,3408,0.3609963655471802,0
337,136,0.4423019289970398,0
337,3174,0.36991870403289795,0
337,837,0.4230078458786011,0
337,1252,0.3307872414588928,0
337,3072,0.37313464283943176,0
337,3939,0.3713606595993042,0
337,4161,0.3645628094673157,0
337,548,0.39419540762901306,0
337,3311,0.36616653203964233,0
3958,3958,0.3495350182056427,1
3958,3730,0.3620968759059906,0
3958,2640,0.3511522114276886,0
3958,154,0.4224461019039154,0
3958,3473,0.38337409496307373,0
3958,3636,0.36559683084487915,0
3958,1429,0.347480446100235,0
3958,2738,0.45426374673843384,0
3958,1725,0.3747784197330475,0
3958,3889,0.37164002656936646,0
3958,2150,0.36044034361839294,0
3958,1165,0.3484605550765991,0
3958,1909,0.36656153202056885,0
3958,3817,0.38791510462760925,0
3958,663,0.3552612066268921,0
3958,3921,0.35676825046539307,0
3958,963,0.34799012541770935,0
3958,3903,0.34197020530700684,0
3958,1020,0.37033045291900635,0
3958,959,0.3845006227493286,0
4086,4086,0.3461281657218933,1
4086,2181,0.3724900484085083,0
4086,145,0.38867056369781494,0
4086,575,0.3786374628543854,0
4086,2129,0.37759947776794434,0
4086,853,0.3495889902114868,0
4086,1941,0.3684864342212677,0
4086,754,0.4352533519268036,0
4086,1760,0.3553277850151062,0
4086,1717,0.369574636220932,0
4086,88,0.37894517183303833,0
4086,336,0.3895840644836426,0
4086,4071,0.3682047426700592,0
4086,606,0.34369003772735596,0
4086,1887,0.36452364921569824,0
4086,981,0.3844783306121826,0
4086,1862,0.3627278208732605,0
4086,1186,0.35292404890060425,0
4086,1928,0.353613942861557,0
4086,1084,0.3989274501800537,0
3537,3537,0.35935139656066895,1
3537,885,0.39728137850761414,0
3537,2364,0.37835854291915894,0
3537,1011,0.3699508309364319,0
3537,4109,0.3679977059364319,0
3537,1736,0.39311978220939636,0
3537,3451,0.35993874073028564,0
3537,3015,0.4343715310096741,0
3537,1093,0.428585946559906,0
3537,3778,0.3612670302391052,0
3537,706,0.46341124176979065,0
3537,2866,0.41547703742980957,0
3537,2579,0.40091562271118164,0
3537,1988,0.3728932738304138,0
3537,381,0.3870512843132019,0
3537,3326,0.3955497145652771,0
3537,521,0.4182834029197693,0
3537,3011,0.37254631519317627,0
3537,905,0.43609121441841125,0
3537,3171,0.37920403480529785,0
90,90,0.5142099857330322,1
90,382,0.4074428677558899,0
90,3314,0.38228148221969604,0
90,2584,0.3994907736778259,0
90,1042,0.41046950221061707,0
90,1176,0.37394532561302185,0
90,2316,0.3968118131160736,0
90,4038,0.38720443844795227,0
90,1198,0.4003296494483948,0
90,512,0.46144747734069824,0
90,451,0.4537038803100586,0
90,2315,0.4688173532485962,0
90,254,0.38680142164230347,0
90,993,0.4222716987133026,0
90,2760,0.39510291814804077,0
90,1147,0.3950172960758209,0
90,981,0.4257238209247589,0
90,3877,0.39646846055984497,0
90,3216,0.392843097448349,0
90,2409,0.40299126505851746,0
2134,2134,0.37529492378234863,1
2134,3070,0.36745986342430115,0
2134,3897,0.45096132159233093,0
2134,3810,0.3512517511844635,0
2134,1176,0.3544260859489441,0
2134,1842,0.3858284056186676,0
2134,1521,0.38325682282447815,0
2134,751,0.36876681447029114,0
2134,1129,0.37741023302078247,0
2134,3569,0.3808106780052185,0
2134,2817,0.3799993395805359,0
2134,540,0.3605617880821228,0
2134,3805,0.4121602475643158,0
2134,3546,0.3920377492904663,0
2134,3698,0.38369154930114746,0
2134,1540,0.39310136437416077,0
2134,3085,0.38894495368003845,0
2134,1265,0.42511001229286194,0
2134,514,0.3845188021659851,0
2134,740,0.38661420345306396,0
2432,2432,0.41426882147789,1
2432,3607,0.4230974018573761,0
2432,1286,0.44922059774398804,0
2432,1547,0.45006486773490906,0
2432,2319,0.47711244225502014,0
2432,997,0.4589114785194397,0
2432,2042,0.4256976842880249,0
2432,1600,0.41906803846359253,0
2432,88,0.42848318815231323,0
2432,774,0.3992396891117096,0
2432,2654,0.4142845869064331,0
2432,3016,0.42550742626190186,0
2432,472,0.3991272449493408,0
2432,552,0.4130323827266693,0
2432,979,0.39674296975135803,0
2432,4128,0.3728735148906708,0
2432,1526,0.3944506347179413,0
2432,2436,0.418846070766449,0
2432,1321,0.4331352114677429,0
2432,2169,0.38958749175071716,0
391,391,0.4036591351032257,1
391,2680,0.36895060539245605,0
391,3744,0.37005653977394104,0
391,3128,0.38593119382858276,0
391,1712,0.43887361884117126,0
391,3772,0.338823527097702,0
391,2959,0.36227819323539734,0
391,1797,0.39004644751548767,0
391,1723,0.41994139552116394,0
391,2556,0.3605527877807617,0
391,3020,0.40312549471855164,0
391,3375,0.364798367023468,0
391,4154,0.37894922494888306,0
391,2829,0.3432188034057617,0
391,2113,0.3907785415649414,0
391,3045,0.3550606369972229,0
391,978,0.34742289781570435,0
391,3356,0.348452091217041,0
391,2817,0.38742077350616455,0
391,829,0.36611831188201904,0
1313,1313,0.3579666018486023,1
1313,3467,0.3821224272251129,0
1313,1656,0.41267910599708557,0
1313,2079,0.4294030964374542,0
1313,157,0.38997456431388855,0
1313,3149,0.4050201177597046,0
1313,3033,0.37317296862602234,0
1313,1694,0.36172935366630554,0
1313,3522,0.4071466326713562,0
1313,2563,0.3597061336040497,0
1313,709,0.3627767860889435,0
1313,1909,0.3805568516254425,0
1313,1267,0.48092496395111084,0
1313,436,0.3764110207557678,0
1313,127,0.3843410611152649,0
1313,1058,0.3986734449863434,0
1313,1806,0.4324237108230591,0
1313,675,0.4316072463989258,0
1313,916,0.4243409335613251,0
1313,1131,0.3768573999404907,0
1341,1341,0.4032367765903473,1
1341,3309,0.40020889043807983,0
1341,1306,0.49118557572364807,0
1341,935,0.401602178812027,0
1341,2393,0.4374384880065918,0
1341,2224,0.4147337079048157,0
1341,818,0.4261704683303833,0
1341,2578,0.3889648914337158,0
1341,840,0.41753625869750977,0
1341,3761,0.4073779284954071,0
1341,2168,0.4128830134868622,0
1341,1931,0.38408634066581726,0
1341,4061,0.4019917845726013,0
1341,4007,0.3760904371738434,0
1341,1366,0.45530423521995544,0
1341,1933,0.44488418102264404,0
1341,71,0.4635694622993469,0
1341,2200,0.3767293095588684,0
1341,2245,0.3965311050415039,0
1341,3333,0.48903417587280273,0
3177,3177,0.3656403422355652,1
3177,2302,0.4016583263874054,0
3177,4144,0.39048588275909424,0
3177,3857,0.4280076324939728,0
3177,1311,0.42470690608024597,0
3177,2014,0.41080787777900696,0
3177,1221,0.40611937642097473,0
3177,1732,0.4968015253543854,0
3177,4077,0.3923015594482422,0
3177,1980,0.36825960874557495,0
3177,1696,0.41050010919570923,0
3177,1652,0.42940467596054077,0
3177,1063,0.4051544964313507,0
3177,2280,0.4194963872432709,0
3177,2258,0.45535144209861755,0
3177,2313,0.403300940990448,0
3177,3409,0.4120188355445862,0
3177,1955,0.44712838530540466,0
3177,1330,0.44938546419143677,0
3177,2754,0.42455047369003296,0
3299,3299,0.3875892758369446,1
3299,526,0.48483842611312866,0
3299,1367,0.4047369062900543,0
3299,3047,0.3741101026535034,0
3299,2075,0.37969353795051575,0
3299,3856,0.37093615531921387,0
3299,1743,0.38930991291999817,0
3299,1549,0.3612459897994995,0
3299,1295,0.3762335181236267,0
3299,279,0.3958432078361511,0
3299,2959,0.36767616868019104,0
3299,2314,0.37024185061454773,0
3299,3361,0.36218515038490295,0
3299,2435,0.3648308515548706,0
3299,371,0.35203078389167786,0
3299,748,0.38179969787597656,0
3299,2750,0.40740901231765747,0
3299,1871,0.42937344312667847,0
3299,1586,0.3987872898578644,0
3299,4040,0.37628495693206787,0
1472,1472,0.3997126817703247,1
1472,1273,0.4177749752998352,0
1472,3171,0.383892685174942,0
1472,217,0.36092182993888855,0
1472,1196,0.3816834092140198,0
1472,3749,0.3847643733024597,0
1472,2164,0.37847602367401123,0
1472,1079,0.4263392686843872,0
1472,3554,0.37889647483825684,0
1472,2625,0.37449222803115845,0
1472,163,0.4039330780506134,0
1472,3951,0.37360334396362305,0
1472,3039,0.3853773772716522,0
1472,2524,0.38998809456825256,0
1472,3647,0.3706415295600891,0
1472,3891,0.3826993405818939,0
1472,837,0.4476674199104309,0
1472,1564,0.37173938751220703,0
1472,3357,0.4102266728878021,0
1472,971,0.42884525656700134,0
2114,2114,0.43409544229507446,1
2114,3553,0.35748955607414246,0
2114,3998,0.3979170322418213,0
2114,3698,0.3618186116218567,0
2114,2685,0.3473303020000458,0
2114,414,0.39075008034706116,0
2114,1445,0.3676840364933014,0
2114,789,0.36360275745391846,0
2114,1948,0.39908888936042786,0
2114,1080,0.3946976661682129,0
2114,89,0.4040127992630005,0
2114,185,0.4297908842563629,0
2114,2553,0.4172671139240265,0
2114,1257,0.35424068570137024,0
2114,1192,0.36926624178886414,0
2114,1263,0.4159032702445984,0
2114,1878,0.3801119029521942,0
2114,3760,0.3886967599391937,0
2114,2354,0.35908326506614685,0
2114,2455,0.35528451204299927,0
1871,1871,0.4629504978656769,1
1871,325,0.41346269845962524,0
1871,3421,0.4334936738014221,0
1871,1966,0.4679434299468994,0
1871,1347,0.3785623610019684,0
1871,1823,0.4169694483280182,0
1871,3615,0.4003412127494812,0
1871,454,0.45357757806777954,0
1871,3446,0.41291821002960205,0
1871,1216,0.41750067472457886,0
1871,579,0.4616885483264923,0
1871,3784,0.417293906211853,0
1871,651,0.4283633530139923,0
1871,2511,0.45824873447418213,0
1871,526,0.5477247834205627,0
1871,4178,0.41166770458221436,0
1871,1435,0.42531493306159973,0
1871,696,0.4803827404975891,0
1871,3207,0.41459640860557556,0
1871,830,0.45933955907821655,0
1288,1288,0.3837820589542389,1
1288,4104,0.3635103404521942,0
1288,406,0.4186928868293762,0
1288,3459,0.3994656205177307,0
1288,303,0.3585565686225891,0
1288,74,0.37385284900665283,0
1288,1420,0.3861464560031891,0
1288,131,0.42785418033599854,0
1288,3616,0.39173460006713867,0
1288,3571,0.3655695915222168,0
1288,557,0.37429288029670715,0
1288,2427,0.3744816482067108,0
1288,1048,0.36642464995384216,0
1288,2544,0.4001278579235077,0
1288,2508,0.38975223898887634,0
1288,278,0.43828698992729187,0
1288,258,0.4366069734096527,0
1288,1335,0.39425328373908997,0
1288,4089,0.3882032632827759,0
1288,1948,0.4018525779247284,0
1861,1861,0.427717000246048,1
1861,2185,0.4004850685596466,0
1861,2659,0.38728955388069153,0
1861,523,0.41779008507728577,0
1861,1227,0.4192579388618469,0
1861,589,0.3930354118347168,0
1861,4114,0.3597288131713867,0
1861,1396,0.41127699613571167,0
1861,48,0.3713308274745941,0
1861,3737,0.36840423941612244,0
1861,214,0.45361846685409546,0
1861,1975,0.40487366914749146,0
1861,124,0.41506022214889526,0
1861,3108,0.36817237734794617,0
1861,3721,0.3824743628501892,0
1861,2522,0.4932590126991272,0
1861,448,0.4361790716648102,0
1861,2263,0.4279696047306061,0
1861,1536,0.3790092468261719,0
1861,3751,0.37147173285484314,0
689,689,0.32087236642837524,1
689,2998,0.45240795612335205,0
689,2494,0.41328415274620056,0
689,3262,0.37350109219551086,0
689,4032,0.4101918339729309,0
689,2823,0.3853587210178375,0
689,1774,0.41824203729629517,0
689,1723,0.4249161183834076,0
689,133,0.4467087984085083,0
689,1553,0.363472580909729,0
689,188,0.364671528339386,0
689,2632,0.37834298610687256,0
689,2994,0.40150296688079834,0
689,2593,0.4147317111492157,0
689,2074,0.44381922483444214,0
689,1544,0.37045177817344666,0
689,3889,0.38797852396965027,0
689,4146,0.3602038025856018,0
689,2046,0.386648952960968,0
689,1593,0.34395459294319153,0
961,961,0.4431419372558594,1
961,2126,0.4697551429271698,0
961,2549,0.4555348753929138,0
961,1445,0.3873150646686554,0
961,1803,0.3822905421257019,0
961,1736,0.4037492275238037,0
961,1729,0.3880332410335541,0
961,2968,0.39242297410964966,0
961,673,0.39636921882629395,0
961,326,0.3927583396434784,0
961,3107,0.39248353242874146,0
961,3531,0.40984898805618286,0
961,1392,0.4011383056640625,0
961,4154,0.40421444177627563,0
961,1409,0.4091809093952179,0
961,914,0.3907659351825714,0
961,761,0.3983577787876129,0
961,744,0.4096216857433319,0
961,472,0.37991055846214294,0
961,1202,0.42536062002182007,0
36,36,0.426018089056015,1
36,2847,0.3630400598049164,0
36,345,0.4495830237865448,0
36,2813,0.39755547046661377,0
36,339,0.3551570475101471,0
36,1269,0.35242828726768494,0
36,2275,0.35181689262390137,0
36,2268,0.4499303698539734,0
36,3265,0.4282436966896057,0
36,1550,0.43846580386161804,0
36,221,0.3571469485759735,0
36,2703,0.3420558273792267,0
36,1607,0.35931456089019775,0
36,2375,0.4520348906517029,0
36,4096,0.3627322018146515,0
36,1907,0.4189344048500061,0
36,3135,0.3740381598472595,0
36,3328,0.33473140001296997,0
36,1501,0.37240511178970337,0
36,2446,0.3804408609867096,0
290,290,0.3478807210922241,1
290,2303,0.41348522901535034,0
290,4123,0.3406434953212738,0
290,2865,0.3759135603904724,0
290,2717,0.37966543436050415,0
290,1642,0.345954954624176,0
290,1933,0.39889171719551086,0
290,1308,0.3842523992061615,0
290,4075,0.3727690279483795,0
290,3200,0.36955225467681885,0
290,2578,0.36877429485321045,0
290,3645,0.36751788854599,0
290,901,0.4598954916000366,0
290,2711,0.41160038113594055,0
290,2189,0.38643667101860046,0
290,1476,0.37330928444862366,0
290,491,0.42129427194595337,0
290,1619,0.45238685607910156,0
290,369,0.3476506471633911,0
290,2948,0.346827894449234,0
1559,1559,0.36173760890960693,1
1559,3776,0.37858012318611145,0
1559,71,0.40538182854652405,0
1559,2626,0.3520810902118683,0
1559,485,0.44395187497138977,0
1559,2246,0.409401535987854,0
1559,1070,0.40961557626724243,0
1559,340,0.3743020296096802,0
1559,2672,0.4422929286956787,0
1559,3668,0.41952577233314514,0
1559,1112,0.39134737849235535,0
1559,1100,0.37825849652290344,0
1559,1329,0.37895625829696655,0
1559,4101,0.3909543454647064,0
1559,1437,0.3617385923862457,0
1559,4115,0.366170734167099,0
1559,1283,0.39685001969337463,0
1559,1697,0.3975725471973419,0
1559,331,0.38914185762405396,0
1559,2666,0.3668659031391144,0
3192,3192,0.38128241896629333,1
3192,3798,0.3745814561843872,0
3192,112,0.43811747431755066,0
3192,2543,0.44366201758384705,0
3192,1377,0.3990984559059143,0
3192,1413,0.4389299154281616,0
3192,93,0.418637752532959,0
3192,2689,0.37378668785095215,0
3192,484,0.4049476683139801,0
3192,2540,0.379597544670105,0
3192,2565,0.3910646438598633,0
3192,1508,0.373028427362442,0
3192,4086,0.35450395941734314,0
3192,714,0.3722117841243744,0
3192,1447,0.45735064148902893,0
3192,1092,0.3858042359352112,0
3192,620,0.3855692148208618,0
3192,1422,0.5109860897064209,0
3192,726,0.37554776668548584,0
3192,4080,0.3938697576522827,0
1198,1198,0.391784131526947,1
1198,2803,0.3564755916595459,0
1198,686,0.39677688479423523,0
1198,3396,0.38788020610809326,0
1198,3384,0.3896905481815338,0
1198,1328,0.35073208808898926,0
1198,1060,0.40613991022109985,0
1198,4119,0.36413413286209106,0
1198,602,0.4194318652153015,0
1198,1844,0.4638414680957794,0
1198,2232,0.38190677762031555,0
1198,1208,0.3778500556945801,0
1198,2030,0.4089673161506653,0
1198,827,0.4395129084587097,0
1198,1027,0.4017665684223175,0
1198,2323,0.3796508014202118,0
1198,1119,0.4151724576950073,0
1198,3531,0.3968784809112549,0
1198,3773,0.4027601480484009,0
1198,2818,0.38074782490730286,0
2023,2023,0.37952864170074463,1
2023,2115,0.33993059396743774,0
2023,240,0.39510592818260193,0
2023,3797,0.38828492164611816,0
2023,3875,0.38718172907829285,0
2023,506,0.3906904458999634,0
2023,2249,0.39765802025794983,0
2023,839,0.4249858260154724,0
2023,2600,0.39176174998283386,0
2023,226,0.3789890706539154,0
2023,4085,0.39939212799072266,0
2023,3306,0.43278685212135315,0
2023,2269,0.3611290454864502,0
2023,2703,0.36825230717658997,0
2023,2529,0.371359258890152,0
2023,4095,0.3924022614955902,0
2023,2679,0.4126436412334442,0
2023,1955,0.4313606917858124,0
2023,2502,0.375049889087677,0
2023,2633,0.38663825392723083,0
1725,1725,0.43059486150741577,1
1725,2707,0.44671857357025146,0
1725,4044,0.367646187543869,0
1725,2557,0.382242888212204,0
1725,2340,0.3828256130218506,0
1725,955,0.38684922456741333,0
1725,1409,0.4290453791618347,0
1725,1187,0.3839074373245239,0
1725,1079,0.44396740198135376,0
1725,904,0.38672536611557007,0
1725,315,0.42079317569732666,0
1725,598,0.46212446689605713,0
1725,1955,0.42855310440063477,0
1725,3548,0.3955589830875397,0
1725,564,0.3774673640727997,0
1725,3689,0.3645422160625458,0
1725,410,0.4347706735134125,0
1725,1974,0.44539207220077515,0
1725,3130,0.40645766258239746,0
1725,3950,0.3898913562297821,0
1356,1356,0.40251243114471436,1
1356,2669,0.39543142914772034,0
1356,2927,0.4316348135471344,0
1356,2763,0.3642336130142212,0
1356,235,0.43656477332115173,0
1356,1405,0.41282764077186584,0
1356,797,0.4325840473175049,0
1356,2822,0.3732358515262604,0
1356,1474,0.37798750400543213,0
1356,2250,0.36818403005599976,0
1356,1184,0.4017530083656311,0
1356,2527,0.3814465403556824,0
1356,3384,0.37110939621925354,0
1356,29,0.4978446364402771,0
1356,3089,0.3802584409713745,0
1356,2748,0.34421563148498535,0
1356,766,0.3875214755535126,0
1356,2714,0.38813841342926025,0
1356,3928,0.3614943027496338,0
1356,1595,0.38873982429504395,0
3818,3818,0.37671804428100586,1
3818,2790,0.41314542293548584,0
3818,890,0.4335114061832428,0
3818,851,0.42830899357795715,0
3818,1084,0.4417199492454529,0
3818,398,0.43701955676078796,0
3818,3879,0.3898140788078308,0
3818,2272,0.3941338360309601,0
3818,159,0.4440659284591675,0
3818,93,0.4167984426021576,0
3818,152,0.5057185292243958,0
3818,3871,0.3620796203613281,0
3818,3174,0.39292335510253906,0
3818,1025,0.43591228127479553,0
3818,1199,0.4001511037349701,0
3818,3969,0.3896869122982025,0
3818,3933,0.41067880392074585,0
3818,3822,0.38236281275749207,0
3818,3919,0.3593669533729553,0
3818,3095,0.38050612807273865,0
4148,4148,0.3477734923362732,1
4148,2472,0.3893091380596161,0
4148,1391,0.376698762178421,0
4148,2130,0.3968363106250763,0
4148,3073,0.4205581247806549,0
4148,3137,0.42661261558532715,0
4148,4029,0.34568682312965393,0
4148,4048,0.4187522530555725,0
4148,1123,0.35520341992378235,0
4148,4114,0.365089476108551,0
4148,3322,0.3579111695289612,0
4148,598,0.39556166529655457,0
4148,286,0.3587508201599121,0
4148,3461,0.47055530548095703,0
4148,3616,0.3795006573200226,0
4148,3575,0.34952810406684875,0
4148,480,0.51087886095047,0
4148,2467,0.3941400349140167,0
4148,887,0.35727983713150024,0
4148,3765,0.3791351318359375,0
4085,4085,0.4127102494239807,1
4085,1590,0.3803859055042267,0
4085,770,0.3962956666946411,0
4085,1911,0.4792630672454834,0
4085,2642,0.39642611145973206,0
4085,2838,0.4649698734283447,0
4085,3065,0.3678308427333832,0
4085,3508,0.3824903964996338,0
4085,3030,0.3978537917137146,0
4085,1061,0.4328547418117523,0
4085,1281,0.3703528046607971,0
4085,2697,0.38370436429977417,0
4085,1579,0.43671393394470215,0
4085,3017,0.4159250557422638,0
4085,2812,0.41020479798316956,0
4085,620,0.37177786231040955,0
4085,2221,0.39076361060142517,0
4085,1204,0.36168259382247925,0
4085,1903,0.40409278869628906,0
4085,3983,0.3802734315395355,0
3250,3250,0.34583157300949097,1
3250,2712,0.37929970026016235,0
3250,1135,0.42082101106643677,0
3250,2130,0.4040536880493164,0
3250,1299,0.3581393361091614,0
3250,818,0.38903480768203735,0
3250,1607,0.3689091205596924,0
3250,1190,0.35624971985816956,0
3250,819,0.4009695053100586,0
3250,1322,0.4068785309791565,0
3250,2853,0.3699067533016205,0
3250,525,0.37038135528564453,0
3250,1544,0.36480018496513367,0
3250,3960,0.3759734332561493,0
3250,703,0.39286574721336365,0
3250,1623,0.37942397594451904,0
3250,1626,0.35999900102615356,0
3250,1289,0.36373037099838257,0
3250,1702,0.37006062269210815,0
3250,2621,0.38137954473495483,0
714,714,0.4332806169986725,1
714,49,0.3849673271179199,0
714,1670,0.4330126643180847,0
714,3262,0.39167508482933044,0
714,1159,0.46186405420303345,0
714,355,0.4250621199607849,0
714,1191,0.37246209383010864,0
714,1752,0.42308929562568665,0
714,2876,0.40505412220954895,0
714,1307,0.49105164408683777,0
714,532,0.4045577347278595,0
714,3167,0.37795329093933105,0
714,3937,0.40445271134376526,0
714,2322,0.41757136583328247,0
714,2296,0.3999467194080353,0
714,3687,0.3954140841960907,0
714,2439,0.3708747327327728,0
714,4058,0.39110109210014343,0
714,1199,0.37672629952430725,0
714,3845,0.388426810503006,0
2657,2657,0.34863394498825073,1
2657,3776,0.34966084361076355,0
2657,1513,0.37835028767585754,0
2657,1762,0.35775139927864075,0
2657,622,0.3634819984436035,0
2657,1830,0.3848994970321655,0
2657,1355,0.39451348781585693,0
2657,608,0.40553703904151917,0
2657,425,0.36609312891960144,0
2657,2248,0.3686133325099945,0
2657,1174,0.37699928879737854,0
2657,977,0.3832191228866577,0
2657,1487,0.43771129846572876,0
2657,2662,0.36516809463500977,0
2657,777,0.4256117045879364,0
2657,659,0.35123687982559204,0
2657,1202,0.46926459670066833,0
2657,1615,0.3581244945526123,0
2657,3886,0.37267401814460754,0
2657,2668,0.3566042184829712,0
1534,1534,0.40965166687965393,1
1534,3550,0.39823344349861145,0
1534,2689,0.3772006034851074,0
1534,2048,0.3649985194206238,0
1534,4038,0.4008510410785675,0
1534,3005,0.3889821171760559,0
1534,3736,0.3733953833580017,0
1534,691,0.4370289742946625,0
1534,2110,0.41774770617485046,0
1534,4053,0.4897729754447937,0
1534,175,0.4287514090538025,0
1534,1216,0.4145594537258148,0
1534,2825,0.39209526777267456,0
1534,1490,0.41169461607933044,0
1534,191,0.4358629882335663,0
1534,4025,0.4003293812274933,0
1534,4120,0.37569478154182434,0
1534,1298,0.44369950890541077,0
1534,698,0.4410858452320099,0
1534,3360,0.3928692042827606,0
1705,1705,0.3931520879268646,1
1705,1703,0.46715009212493896,0
1705,2078,0.4176540672779083,0
1705,3356,0.4012707769870758,0
1705,2249,0.41738155484199524,0
1705,946,0.3811990022659302,0
1705,1963,0.39696189761161804,0
1705,254,0.3691275715827942,0
1705,148,0.42752760648727417,0
1705,594,0.4420154094696045,0
1705,1378,0.43450233340263367,0
1705,724,0.3901273012161255,0
1705,268,0.43556147813796997,0
1705,4011,0.42990952730178833,0
1705,3158,0.42616006731987,0
1705,1190,0.36166584491729736,0
1705,2904,0.38112673163414,0
1705,1990,0.4133733808994293,0
1705,3010,0.480703741312027,0
1705,1601,0.4054245948791504,0
3058,3058,0.41100791096687317,1
3058,4006,0.3920750319957733,0
3058,3654,0.464116632938385,0
3058,2382,0.42576393485069275,0
3058,1927,0.40503302216529846,0
3058,1184,0.4087279140949249,0
3058,288,0.41391706466674805,0
3058,837,0.46263664960861206,0
3058,3473,0.42154833674430847,0
3058,1876,0.431008517742157,0
3058,811,0.4479542374610901,0
3058,3402,0.40900784730911255,0
3058,1508,0.3982851505279541,0
3058,1695,0.3794231116771698,0
3058,923,0.3804270625114441,0
3058,3120,0.40511783957481384,0
3058,985,0.3832814693450928,0
3058,2457,0.3687823712825775,0
3058,2257,0.381502628326416,0
3058,468,0.4252367913722992,0
3426,3426,0.35693538188934326,1
3426,4101,0.4082040786743164,0
3426,3682,0.3973430097103119,0
3426,319,0.39175546169281006,0
3426,172,0.4352152943611145,0
3426,1418,0.43312835693359375,0
3426,1716,0.3718215525150299,0
3426,1549,0.3739641308784485,0
3426,2256,0.3925199806690216,0
3426,1744,0.35636603832244873,0
3426,243,0.38843241333961487,0
3426,4110,0.3899376690387726,0
3426,3234,0.3750583529472351,0
3426,3260,0.41600415110588074,0
3426,3376,0.39568185806274414,0
3426,2879,0.4032832682132721,0
3426,2154,0.41964036226272583,0
3426,1958,0.3833433985710144,0
3426,2592,0.37750738859176636,0
3426,2049,0.4097274839878082,0
2901,2901,0.38407886028289795,1
2901,2573,0.3561505675315857,0
2901,2414,0.34916844964027405,0
2901,3216,0.3793072998523712,0
2901,2759,0.37159639596939087,0
2901,1940,0.37766632437705994,0
2901,3085,0.37398722767829895,0
2901,258,0.41445308923721313,0
2901,3904,0.3599433898925781,0
2901,4024,0.34073108434677124,0
2901,3050,0.35826966166496277,0
2901,1433,0.38450828194618225,0
2901,2028,0.3732948303222656,0
2901,1534,0.3828791081905365,0
2901,858,0.369874507188797,0
2901,3503,0.36017221212387085,0
2901,1492,0.41600266098976135,0
2901,3953,0.3923550844192505,0
2901,3434,0.3720068633556366,0
2901,180,0.3631170094013214,0
113,113,0.3799137771129608,1
113,3957,0.3423399329185486,0
113,2920,0.3316250145435333,0
113,3012,0.3332408666610718,0
113,1116,0.3609331250190735,0
113,2195,0.36937764286994934,0
113,67,0.41264206171035767,0
113,3817,0.37419211864471436,0
113,945,0.35440593957901,0
113,3,0.38841474056243896,0
113,2117,0.37230223417282104,0
113,3952,0.360062837600708,0
113,3812,0.3639259934425354,0
113,4066,0.34511464834213257,0
113,668,0.39176884293556213,0
113,1309,0.35826271772384644,0
113,4062,0.35890617966651917,0
113,3879,0.36104094982147217,0
113,476,0.3478218615055084,0
113,382,0.3883703052997589,0
1675,1675,0.4450828731060028,1
1675,529,0.3804357647895813,0
1675,257,0.3709421157836914,0
1675,2268,0.504091739654541,0
1675,2,0.37683549523353577,0
1675,385,0.5420206785202026,0
1675,3862,0.3981326222419739,0
1675,3094,0.38899534940719604,0
1675,1833,0.40605297684669495,0
1675,2964,0.3814156651496887,0
1675,3236,0.38226407766342163,0
1675,3709,0.3929309844970703,0
1675,2229,0.3902268707752228,0
1675,100,0.4075886607170105,0
1675,1422,0.5220932960510254,0
1675,1618,0.3747951090335846,0
1675,2240,0.38988205790519714,0
1675,1247,0.39848989248275757,0
1675,1923,0.40795665979385376,0
1675,2882,0.38377779722213745,0
3693,3693,0.3593600392341614,1
3693,3219,0.39844760298728943,0
3693,100,0.4340142607688904,0
3693,1685,0.38088753819465637,0
3693,798,0.40057918429374695,0
3693,3281,0.35928821563720703,0
3693,3071,0.38728728890419006,0
3693,172,0.436413437128067,0
3693,490,0.42418375611305237,0
3693,2534,0.400848925113678,0
3693,2358,0.3752187192440033,0
3693,1539,0.4654484987258911,0
3693,1928,0.38443049788475037,0
3693,3144,0.4091758131980896,0
3693,1759,0.40695446729660034,0
3693,486,0.44806769490242004,0
3693,3926,0.3801468014717102,0
3693,1432,0.412088543176651,0
3693,831,0.4354269504547119,0
3693,2676,0.387092649936676,0
3966,3966,0.34692999720573425,1
3966,2091,0.36572256684303284,0
3966,343,0.42475152015686035,0
3966,1155,0.490488737821579,0
3966,3973,0.3869800269603729,0
3966,1194,0.3854047358036041,0
3966,1147,0.38318660855293274,0
3966,657,0.3789530098438263,0
3966,1494,0.3780158460140228,0
3966,3697,0.3833696246147156,0
3966,564,0.3971981704235077,0
3966,3645,0.36268237233161926,0
3966,2869,0.36305004358291626,0
3966,2269,0.3688264489173889,0
3966,339,0.3653853237628937,0
3966,3492,0.37047967314720154,0
3966,300,0.38092827796936035,0
3966,148,0.40462085604667664,0
3966,3441,0.4213104844093323,0
3966,3547,0.4143489599227905,0
2152,2152,0.4097955524921417,1
2152,522,0.390676349401474,0
2152,3739,0.4336235523223877,0
2152,1359,0.36842072010040283,0
2152,1784,0.36992135643959045,0
2152,3930,0.37271183729171753,0
2152,411,0.4401288628578186,0
2152,1571,0.3851575553417206,0
2152,884,0.3741258382797241,0
2152,302,0.46486014127731323,0
2152,801,0.3940451741218567,0
2152,3098,0.45461368560791016,0
2152,2434,0.3880143165588379,0
2152,1344,0.3583438992500305,0
2152,2647,0.385913610458374,0
2152,2801,0.3919757604598999,0
2152,538,0.40924835205078125,0
2152,3876,0.38013407588005066,0
2152,2125,0.38764047622680664,0
2152,590,0.4903930425643921,0
2456,2456,0.4029417932033539,1
2456,3797,0.3914514482021332,0
2456,3501,0.38077491521835327,0
2456,3467,0.3886553943157196,0
2456,2777,0.3900025188922882,0
2456,3942,0.39629054069519043,0
2456,555,0.3804430365562439,0
2456,2635,0.395229309797287,0
2456,1045,0.4231128394603729,0
2456,3779,0.3650127053260803,0
2456,363,0.40803277492523193,0
2456,313,0.42693039774894714,0
2456,3972,0.36428120732307434,0
2456,360,0.39475876092910767,0
2456,3259,0.39945220947265625,0
2456,3609,0.395628422498703,0
2456,3760,0.37753725051879883,0
2456,3,0.429755300283432,0
2456,3485,0.3880121111869812,0
2456,1919,0.3652202785015106,0
3452,3452,0.377254843711853,1
3452,2292,0.37666916847229004,0
3452,3384,0.3832051455974579,0
3452,895,0.363284707069397,0
3452,3254,0.39346230030059814,0
3452,2291,0.3896341025829315,0
3452,3397,0.38644930720329285,0
3452,1062,0.37545910477638245,0
3452,3712,0.37532591819763184,0
3452,977,0.39194196462631226,0
3452,1014,0.46111011505126953,0
3452,2938,0.4707909822463989,0
3452,2950,0.38087305426597595,0
3452,48,0.3718830645084381,0
3452,3444,0.35138168931007385,0
3452,2466,0.40789252519607544,0
3452,1708,0.42222097516059875,0
3452,2833,0.3913615942001343,0
3452,2158,0.363211065530777,0
3452,2246,0.4187687039375305,0
159,159,0.4367140233516693,1
159,1941,0.4096052348613739,0
159,514,0.3759162425994873,0
159,1554,0.3752325773239136,0
159,1810,0.4421170651912689,0
159,1884,0.40214335918426514,0
159,2129,0.41855403780937195,0
159,1613,0.3732447028160095,0
159,2124,0.4457870125770569,0
159,2179,0.41131702065467834,0
159,3212,0.40265917778015137,0
159,2075,0.40353289246559143,0
159,1993,0.3915852904319763,0
159,100,0.4563882350921631,0
159,440,0.45208099484443665,0
159,628,0.38824227452278137,0
159,1823,0.39472416043281555,0
159,2658,0.4192275106906891,0
159,3198,0.4247106611728668,0
159,4109,0.40457990765571594,0
3501,3501,0.3766583502292633,1
3501,2119,0.3908359110355377,0
3501,933,0.40268468856811523,0
3501,3877,0.3882136940956116,0
3501,274,0.39475902915000916,0
3501,2132,0.37518322467803955,0
3501,2810,0.46608978509902954,0
3501,3179,0.3415951132774353,0
3501,2312,0.3663150370121002,0
3501,3965,0.3927745223045349,0
3501,259,0.5002065300941467,0
3501,3065,0.35818129777908325,0
3501,233,0.4515629708766937,0
3501,1821,0.42858296632766724,0
3501,2514,0.4085404574871063,0
3501,4112,0.3948943316936493,0
3501,1121,0.3658830225467682,0
3501,3365,0.3762986958026886,0
3501,3863,0.40173444151878357,0
3501,1578,0.3989374041557312,0
49,49,0.38102975487709045,1
49,3584,0.3788317143917084,0
49,819,0.4290904104709625,0
49,2929,0.3783353567123413,0
49,3952,0.3874267637729645,0
49,3145,0.40206196904182434,0
49,2255,0.3815563917160034,0
49,4157,0.365578293800354,0
49,3504,0.414228618144989,0
49,1254,0.37976953387260437,0
49,792,0.3905932307243347,0
49,1051,0.494545042514801,0
49,2882,0.39268672466278076,0
49,426,0.3664275109767914,0
49,1637,0.40051189064979553,0
49,1518,0.4290563464164734,0
49,2992,0.38797247409820557,0
49,3561,0.38640475273132324,0
49,4077,0.3868762254714966,0
49,3305,0.3829016089439392,0
416,416,0.3822997510433197,1
416,53,0.4169611632823944,0
416,1229,0.5683176517486572,0
416,2081,0.37497276067733765,0
416,3287,0.39327216148376465,0
416,3971,0.3839711546897888,0
416,419,0.3761790990829468,0
416,705,0.37845686078071594,0
416,1740,0.4137932062149048,0
416,3029,0.39963144063949585,0
416,3817,0.3991152048110962,0
416,4077,0.3801600933074951,0
416,2302,0.3816167116165161,0
416,3368,0.39099758863449097,0
416,2078,0.3832702040672302,0
416,904,0.39308077096939087,0
416,2718,0.37968382239341736,0
416,4114,0.36876946687698364,0
416,3464,0.37443357706069946,0
416,3319,0.3631443977355957,0
785,785,0.4031639099121094,1
785,1877,0.42072346806526184,0
785,3871,0.3594846725463867,0
785,3203,0.3931434750556946,0
785,2085,0.371694952249527,0
785,3415,0.3777933418750763,0
785,1931,0.38362520933151245,0
785,2825,0.39320170879364014,0
785,3066,0.43786340951919556,0
785,2156,0.3890165388584137,0
785,1986,0.41062259674072266,0
785,2547,0.39560604095458984,0
785,942,0.3856862783432007,0
785,3669,0.39195406436920166,0
785,223,0.39838847517967224,0
785,3160,0.45903506875038147,0
785,3473,0.4379761815071106,0
785,430,0.4313202202320099,0
785,2503,0.3995346426963806,0
785,2009,0.41795605421066284,0
3103,3103,0.38032039999961853,1
3103,1732,0.47331565618515015,0
3103,609,0.4360561668872833,0
3103,4066,0.37619122862815857,0
3103,2743,0.381536066532135,0
3103,2433,0.40482306480407715,0
3103,1621,0.3838547170162201,0
3103,483,0.4109250605106354,0
3103,269,0.3852492868900299,0
3103,2987,0.41683638095855713,0
3103,3709,0.36548954248428345,0
3103,3300,0.3834347426891327,0
3103,286,0.4082382917404175,0
3103,177,0.38844403624534607,0
3103,3933,0.4055710434913635,0
3103,2407,0.5209110379219055,0
3103,4040,0.37968772649765015,0
3103,3623,0.3816881477832794,0
3103,3787,0.3772580623626709,0
3103,1858,0.3694436252117157,0
1531,1531,0.3883146047592163,1
1531,3302,0.4032890200614929,0
1531,1973,0.40957602858543396,0
1531,1443,0.4090629816055298,0
1531,787,0.417380690574646,0
1531,220,0.40516987442970276,0
1531,2980,0.3878501355648041,0
1531,1376,0.48269200325012207,0
1531,3458,0.4660104811191559,0
1531,1616,0.4642414450645447,0
1531,3942,0.3991720676422119,0
1531,3941,0.47145161032676697,0
1531,4014,0.3829934597015381,0
1531,2262,0.48796355724334717,0
1531,1972,0.39881548285484314,0
1531,2706,0.3605923354625702,0
1531,139,0.43200376629829407,0
1531,979,0.40749046206474304,0
1531,1448,0.5275871157646179,0
1531,2248,0.4086756408214569,0
3916,3916,0.36183682084083557,1
3916,630,0.3737219274044037,0
3916,1831,0.5068661570549011,0
3916,258,0.3865545094013214,0
3916,4070,0.3839578926563263,0
3916,57,0.40828871726989746,0
3916,1985,0.3774092495441437,0
3916,1269,0.37374556064605713,0
3916,160,0.4224640727043152,0
3916,2584,0.39068663120269775,0
3916,3837,0.4015778601169586,0
3916,3249,0.39106646180152893,0
3916,748,0.37889736890792847,0
3916,1161,0.36054596304893494,0
3916,3167,0.3746306002140045,0
3916,1703,0.47279325127601624,0
3916,531,0.3862965404987335,0
3916,1217,0.42291489243507385,0
3916,3745,0.4303089678287506,0
3916,479,0.4927535653114319,0
3267,3267,0.421356737613678,1
3267,980,0.37969422340393066,0
3267,1597,0.38550329208374023,0
3267,3609,0.39836156368255615,0
3267,970,0.411247581243515,0
3267,643,0.41471853852272034,0
3267,2200,0.3653663098812103,0
3267,427,0.45020726323127747,0
3267,2002,0.3697642683982849,0
3267,1107,0.43815481662750244,0
3267,2646,0.38027000427246094,0
3267,2742,0.43991169333457947,0
3267,3149,0.43590736389160156,0
3267,297,0.4201240539550781,0
3267,2770,0.38106587529182434,0
3267,318,0.5131093859672546,0
3267,1207,0.3967905342578888,0
3267,632,0.40783923864364624,0
3267,269,0.3785806894302368,0
3267,1678,0.3717544972896576,0
1466,1466,0.3590056896209717,1
1466,2899,0.403892457485199,0
1466,1574,0.4374789297580719,0
1466,2107,0.3737039566040039,0
1466,3335,0.33865633606910706,0
1466,184,0.4001380503177643,0
1466,666,0.3742828667163849,0
1466,1757,0.3703804910182953,0
1466,583,0.39198094606399536,0
1466,2887,0.34944525361061096,0
1466,3123,0.3493936061859131,0
1466,861,0.37606310844421387,0
1466,1545,0.34412044286727905,0
1466,4172,0.3728097379207611,0
1466,2058,0.36396080255508423,0
1466,1238,0.36812296509742737,0
1466,2127,0.3583400547504425,0
1466,1880,0.39232978224754333,0
1466,682,0.41824284195899963,0
1466,769,0.3731314539909363,0
3238,3238,0.38564279675483704,1
3238,3686,0.39958396553993225,0
3238,2496,0.4126250147819519,0
3238,966,0.46355119347572327,0
3238,934,0.3966299593448639,0
3238,2321,0.43267783522605896,0
3238,576,0.3675411641597748,0
3238,3106,0.49304264783859253,0
3238,1670,0.40110450983047485,0
3238,121,0.3934178948402405,0
3238,1204,0.3529806435108185,0
3238,1276,0.4188646674156189,0
3238,4111,0.37305524945259094,0
3238,1747,0.47423267364501953,0
3238,1754,0.40057626366615295,0
3238,366,0.3996855616569519,0
3238,26,0.41277986764907837,0
3238,3003,0.4104246199131012,0
3238,2272,0.37857863306999207,0
3238,2383,0.38984814286231995,0
2082,2082,0.3804113566875458,1
2082,3327,0.3544977605342865,0
2082,3933,0.37171345949172974,0
2082,2520,0.37917664647102356,0
2082,664,0.344189316034317,0
2082,1171,0.3799775242805481,0
2082,3364,0.35194680094718933,0
2082,825,0.36060264706611633,0
2082,569,0.3699553310871124,0
2082,3790,0.35719817876815796,0
2082,2326,0.3920060992240906,0
2082,3192,0.3569681644439697,0
2082,3797,0.3753718137741089,0
2082,2135,0.3652362823486328,0
2082,1408,0.41174864768981934,0
2082,2605,0.35415565967559814,0
2082,3442,0.3433699309825897,0
2082,3927,0.36187461018562317,0
2082,2808,0.37594226002693176,0
2082,3744,0.35803502798080444,0
2048,2048,0.37167686223983765,1
2048,279,0.4018815755844116,0
2048,3049,0.3959696292877197,0
2048,2125,0.4041159152984619,0
2048,4051,0.4029846787452698,0
2048,1236,0.38289135694503784,0
2048,2281,0.3720276355743408,0
2048,461,0.46187475323677063,0
2048,3695,0.39660900831222534,0
2048,4118,0.3941403031349182,0
2048,1301,0.4142010509967804,0
2048,1493,0.4029579758644104,0
2048,3062,0.3856026530265808,0
2048,2702,0.4276851415634155,0
2048,1049,0.44835585355758667,0
2048,1838,0.4254695475101471,0
2048,951,0.43058791756629944,0
2048,1135,0.4191816449165344,0
2048,1242,0.40616923570632935,0
2048,3944,0.40075284242630005,0
3620,3620,0.37141919136047363,1
3620,3748,0.3917975127696991,0
3620,2920,0.3483743667602539,0
3620,341,0.4021373391151428,0
3620,3191,0.4109632074832916,0
3620,3415,0.3798295259475708,0
3620,3624,0.3755382001399994,0
3620,2818,0.3866320848464966,0
3620,517,0.5148891806602478,0
3620,425,0.39865362644195557,0
3620,2464,0.3543303310871124,0
3620,2486,0.4990968108177185,0
3620,288,0.4371586740016937,0
3620,1471,0.42984578013420105,0
3620,249,0.5078084468841553,0
3620,2849,0.39836013317108154,0
3620,2871,0.46619436144828796,0
3620,3831,0.39952102303504944,0
3620,1208,0.3770905137062073,0
3620,3585,0.3759521543979645,0
264,264,0.42718684673309326,1
264,2949,0.38609007000923157,0
264,3877,0.3950994908809662,0
264,3456,0.40250164270401,0
264,2959,0.36671504378318787,0
264,576,0.38364478945732117,0
264,65,0.4078317880630493,0
264,585,0.4050264060497284,0
264,1813,0.3896881639957428,0
264,1764,0.3629874885082245,0
264,1577,0.4125582277774811,0
264,3250,0.36329421401023865,0
264,2608,0.37396493554115295,0
264,1503,0.3609652817249298,0
264,1611,0.4033140242099762,0
264,3227,0.3718433380126953,0
264,1199,0.3757333755493164,0
264,3648,0.3778577148914337,0
264,1135,0.3991682529449463,0
264,2198,0.3717106878757477,0
370,370,0.40179410576820374,1
370,285,0.3616839051246643,0
370,2547,0.3793991506099701,0
370,2607,0.3810259699821472,0
370,3142,0.38051918148994446,0
370,661,0.42183202505111694,0
370,1974,0.45881590247154236,0
370,3477,0.40234220027923584,0
370,305,0.38294079899787903,0
370,263,0.3634589910507202,0
370,1844,0.4352003037929535,0
370,4147,0.41766104102134705,0
370,3917,0.3866339921951294,0
370,2079,0.42133402824401855,0
370,652,0.4400414824485779,0
370,3638,0.37155038118362427,0
370,1477,0.45067891478538513,0
370,3780,0.35735681653022766,0
370,2039,0.3687196373939514,0
370,3365,0.3882766664028168,0
2685,2685,0.36312854290008545,1
2685,1350,0.37535610795021057,0
2685,1557,0.44713708758354187,0
2685,2994,0.4181497395038605,0
2685,819,0.4042356312274933,0
2685,2821,0.39115437865257263,0
2685,1686,0.3912820518016815,0
2685,2800,0.39806094765663147,0
2685,2107,0.3736657500267029,0
2685,3017,0.4179129898548126,0
2685,3131,0.37317389249801636,0
2685,292,0.39841726422309875,0
2685,2391,0.37294772267341614,0
2685,897,0.3973635733127594,0
2685,2243,0.4229905903339386,0
2685,4080,0.3978198170661926,0
2685,785,0.37068307399749756,0
2685,1944,0.40546345710754395,0
2685,259,0.5115070939064026,0
2685,1829,0.41316094994544983,0
477,477,0.38473501801490784,1
477,686,0.40318581461906433,0
477,368,0.39112308621406555,0
477,1519,0.3572777211666107,0
477,3917,0.35067984461784363,0
477,2525,0.4033218324184418,0
477,4003,0.3739027976989746,0
477,2074,0.4419712424278259,0
477,3528,0.381341814994812,0
477,2827,0.3793492019176483,0
477,3529,0.3921608626842499,0
477,4084,0.42715132236480713,0
477,1872,0.37358784675598145,0
477,3646,0.40072137117385864,0
477,661,0.41525623202323914,0
477,2211,0.3490903973579407,0
477,38,0.4290373921394348,0
477,2269,0.3799480199813843,0
477,3780,0.37543296813964844,0
477,2941,0.40421026945114136,0
1780,1780,0.3801255524158478,1
1780,4120,0.36747726798057556,0
1780,880,0.40977126359939575,0
1780,636,0.3700938820838928,0
1780,3515,0.3870837986469269,0
1780,3494,0.3897421061992645,0
1780,3017,0.45750582218170166,0
1780,1001,0.48538869619369507,0
1780,2969,0.4024724066257477,0
1780,281,0.42822346091270447,0
1780,1507,0.3804990351200104,0
1780,2043,0.3725196421146393,0
1780,2923,0.42224061489105225,0
1780,2000,0.3910583257675171,0
1780,1333,0.3674152195453644,0
1780,660,0.45869967341423035,0
1780,3508,0.39165493845939636,0
1780,32,0.37032705545425415,0
1780,2807,0.43514344096183777,0
1780,3354,0.40225502848625183,0
1719,1719,0.3637092709541321,1
1719,1298,0.41992077231407166,0
1719,2333,0.3976222276687622,0
1719,2293,0.35552358627319336,0
1719,2652,0.4073740541934967,0
1719,438,0.37229129672050476,0
1719,1980,0.3645687699317932,0
1719,1945,0.38721150159835815,0
1719,822,0.36022114753723145,0
1719,603,0.3983830213546753,0
1719,2387,0.48243284225463867,0
1719,3716,0.3855981230735779,0
1719,2332,0.3888683021068573,0
1719,4104,0.36970189213752747,0
1719,282,0.42555031180381775,0
1719,2866,0.4364640712738037,0
1719,512,0.45197129249572754,0
1719,378,0.42064279317855835,0
1719,342,0.4378797709941864,0
1719,2735,0.3548121750354767,0
4096,4096,0.3721293807029724,1
4096,2842,0.38520753383636475,0
4096,874,0.43293502926826477,0
4096,2812,0.3974131941795349,0
4096,1972,0.38622933626174927,0
4096,2935,0.38391125202178955,0
4096,581,0.4090203046798706,0
4096,3725,0.4004211127758026,0
4096,3364,0.3658994734287262,0
4096,3163,0.3877658247947693,0
4096,1225,0.44684773683547974,0
4096,3270,0.37234246730804443,0
4096,124,0.4182557463645935,0
4096,3707,0.38659119606018066,0
4096,1215,0.43684038519859314,0
4096,2539,0.4506378173828125,0
4096,1129,0.3857693672180176,0
4096,4083,0.35282617807388306,0
4096,1476,0.3899221122264862,0
4096,281,0.4219915270805359,0
4005,4005,0.4180699586868286,1
4005,3877,0.4137653112411499,0
4005,347,0.41861873865127563,0
4005,1273,0.4116138517856598,0
4005,2003,0.4109005928039551,0
4005,3103,0.43830588459968567,0
4005,1481,0.4336455166339874,0
4005,1786,0.4277283847332001,0
4005,3461,0.48675113916397095,0
4005,465,0.3871392607688904,0
4005,490,0.4152126908302307,0
4005,1760,0.4158000648021698,0
4005,591,0.40628039836883545,0
4005,1217,0.4485653042793274,0
4005,226,0.37626978754997253,0
4005,748,0.40805017948150635,0
4005,2827,0.36306893825531006,0
4005,1522,0.4031117260456085,0
4005,1792,0.4234975576400757,0
4005,3407,0.36149418354034424,0
540,540,0.3518420159816742,1
540,881,0.42098426818847656,0
540,3297,0.3748241066932678,0
540,1408,0.4523243308067322,0
540,1831,0.5096001029014587,0
540,3939,0.3859131336212158,0
540,3021,0.3602882921695709,0
540,4163,0.3545600473880768,0
540,3434,0.3766797184944153,0
540,1944,0.4157050848007202,0
540,1134,0.37111419439315796,0
540,2579,0.4224604666233063,0
540,781,0.4355509877204895,0
540,847,0.38926810026168823,0
540,2202,0.3553744852542877,0
540,2303,0.43539389967918396,0
540,659,0.36113062500953674,0
540,1029,0.37315958738327026,0
540,3823,0.4077303111553192,0
540,3530,0.3699805438518524,0
949,949,0.37628060579299927,1
949,773,0.42191997170448303,0
949,2457,0.39236560463905334,0
949,1071,0.42838698625564575,0
949,3797,0.3818541467189789,0
949,3242,0.3578241765499115,0
949,4074,0.4188916087150574,0
949,71,0.41986194252967834,0
949,489,0.4355267584323883,0
949,2937,0.3994848132133484,0
949,1744,0.3566333055496216,0
949,3032,0.4465561509132385,0
949,356,0.40797221660614014,0
949,1030,0.3982153534889221,0
949,2387,0.4638497233390808,0
949,1301,0.412239670753479,0
949,3464,0.37308958172798157,0
949,2909,0.39208194613456726,0
949,2977,0.3749726414680481,0
949,2955,0.3912026882171631,0
2986,2986,0.41223323345184326,1
2986,2525,0.38585948944091797,0
2986,464,0.3889349102973938,0
2986,622,0.37492966651916504,0
2986,3650,0.3672280013561249,0
2986,2857,0.36720216274261475,0
2986,3666,0.3436557352542877,0
2986,2247,0.4570366144180298,0
2986,959,0.3953242003917694,0
2986,1131,0.3699796497821808,0
2986,573,0.3958558142185211,0
2986,1527,0.4338603913784027,0
2986,2371,0.39465492963790894,0
2986,2908,0.38919687271118164,0
2986,1766,0.3931790590286255,0
2986,2682,0.38730382919311523,0
2986,1771,0.34805816411972046,0
2986,814,0.41297072172164917,0
2986,3104,0.36060941219329834,0
2986,3727,0.39832037687301636,0
427,427,0.4292012155056,1
427,2294,0.3893027901649475,0
427,2488,0.44455909729003906,0
427,3187,0.4092154800891876,0
427,3992,0.38139989972114563,0
427,980,0.3775075674057007,0
427,2799,0.3660193085670471,0
427,754,0.454459011554718,0
427,3728,0.40294986963272095,0
427,2215,0.3859776556491852,0
427,1214,0.40019941329956055,0
427,295,0.35944855213165283,0
427,2470,0.37783047556877136,0
427,3351,0.3819427788257599,0
427,1969,0.3904692828655243,0
427,3279,0.4048091471195221,0
427,667,0.4489309787750244,0
427,3881,0.39195775985717773,0
427,858,0.3874704837799072,0
427,3799,0.3741631507873535,0
1384,1384,0.4104544520378113,1
1384,1193,0.4351119101047516,0
1384,2921,0.385999858379364,0
1384,1501,0.4018920958042145,0
1384,1904,0.38461658358573914,0
1384,1126,0.38146835565567017,0
1384,798,0.40919044613838196,0
1384,4016,0.38445207476615906,0
1384,710,0.38059309124946594,0
1384,524,0.4317605793476105,0
1384,2998,0.44738686084747314,0
1384,400,0.41014280915260315,0
1384,1418,0.4168011248111725,0
1384,2773,0.41703909635543823,0
1384,1473,0.40609586238861084,0
1384,2381,0.39029648900032043,0
1384,1457,0.4155595004558563,0
1384,3508,0.3915139436721802,0
1384,2520,0.42624643445014954,0
1384,1354,0.41128629446029663,0
628,628,0.3438451588153839,1
628,1547,0.4074733257293701,0
628,3780,0.3245260715484619,0
628,2168,0.35982757806777954,0
628,3627,0.366384893655777,0
628,3535,0.3385094404220581,0
628,1969,0.35066115856170654,0
628,3414,0.35872119665145874,0
628,2018,0.391923189163208,0
628,2909,0.3724308907985687,0
628,3853,0.38285401463508606,0
628,416,0.3403674364089966,0
628,2401,0.3695518970489502,0
628,2830,0.37717291712760925,0
628,2647,0.37970829010009766,0
628,2896,0.3799349367618561,0
628,3481,0.3946782946586609,0
628,1264,0.3558475971221924,0
628,3102,0.3443625867366791,0
628,2903,0.3373681604862213,0
2316,2316,0.3585549294948578,1
2316,62,0.3724559247493744,0
2316,1013,0.3636053204536438,0
2316,3600,0.384257048368454,0
2316,1672,0.36489060521125793,0
2316,1895,0.3929017186164856,0
2316,1205,0.382622092962265,0
2316,1652,0.4047042429447174,0
2316,3948,0.3686133325099945,0
2316,133,0.4029771685600281,0
2316,2219,0.3792881369590759,0
2316,3424,0.36306318640708923,0
2316,3095,0.35333937406539917,0
2316,1064,0.35421252250671387,0
2316,1155,0.5013784170150757,0
2316,3360,0.35237377882003784,0
2316,2410,0.3600125312805176,0
2316,917,0.3676619827747345,0
2316,1221,0.4102230966091156,0
2316,111,0.3673885464668274,0
2263,2263,0.45198288559913635,1
2263,187,0.4527459144592285,0
2263,1243,0.4499194025993347,0
2263,2010,0.39558136463165283,0
2263,1899,0.43190690875053406,0
2263,1061,0.43253839015960693,0
2263,2514,0.42083439230918884,0
2263,3603,0.3954189419746399,0
2263,3824,0.3956385850906372,0
2263,1090,0.47520577907562256,0
2263,991,0.3921692371368408,0
2263,2880,0.3956240713596344,0
2263,4,0.3842815160751343,0
2263,3136,0.379316121339798,0
2263,222,0.3868686854839325,0
2263,3173,0.40741556882858276,0
2263,3199,0.3810828626155853,0
2263,3544,0.3688180446624756,0
2263,3371,0.3856397271156311,0
2263,4168,0.39894771575927734,0
3257,3257,0.43427717685699463,1
3257,2230,0.37845057249069214,0
3257,1441,0.43463191390037537,0
3257,4071,0.3740508556365967,0
3257,380,0.41253766417503357,0
3257,1668,0.38544195890426636,0
3257,398,0.40201830863952637,0
3257,3445,0.365382581949234,0
3257,3404,0.4656304717063904,0
3257,1690,0.36161375045776367,0
3257,2084,0.3644898533821106,0
3257,824,0.3813199996948242,0
3257,1454,0.3927611708641052,0
3257,1275,0.3847144544124603,0
3257,1166,0.35581982135772705,0
3257,2002,0.35067272186279297,0
3257,489,0.4400290846824646,0
3257,4012,0.37403756380081177,0
3257,2707,0.41196873784065247,0
3257,3552,0.4039507806301117,0
2305,2305,0.35819515585899353,1
2305,136,0.4455789625644684,0
2305,1496,0.39020830392837524,0
2305,2698,0.3708144724369049,0
2305,248,0.4068303108215332,0
2305,767,0.4033893346786499,0
2305,1472,0.41421017050743103,0
2305,91,0.3229907751083374,0
2305,1030,0.40516480803489685,0
2305,3086,0.32948848605155945,0
2305,2670,0.45692065358161926,0
2305,3506,0.39396825432777405,0
2305,2963,0.3604286015033722,0
2305,81,0.40958404541015625,0
2305,3974,0.3667658865451813,0
2305,2066,0.3943471908569336,0
2305,3637,0.3771968185901642,0
2305,3836,0.3257075548171997,0
2305,1069,0.37902334332466125,0
2305,1987,0.3562849462032318,0
1976,1976,0.40490514039993286,1
1976,3287,0.38362058997154236,0
1976,2037,0.3594317138195038,0
1976,2369,0.4003428816795349,0
1976,3529,0.3859062194824219,0
1976,408,0.42050617933273315,0
1976,1243,0.41510123014450073,0
1976,4023,0.37962108850479126,0
1976,2834,0.3552964925765991,0
1976,3379,0.38362565636634827,0
1976,1349,0.37719205021858215,0
1976,3706,0.40585246682167053,0
1976,151,0.37895485758781433,0
1976,998,0.3989318609237671,0
1976,2431,0.3690592348575592,0
1976,2678,0.37919244170188904,0
1976,315,0.4068279266357422,0
1976,1283,0.3932858109474182,0
1976,507,0.37475982308387756,0
1976,3991,0.40189361572265625,0
2342,2342,0.3782315254211426,1
2342,339,0.36389610171318054,0
2342,3825,0.37445923686027527,0
2342,1153,0.3504912853240967,0
2342,3581,0.36762765049934387,0
2342,1224,0.3667323887348175,0
2342,4167,0.358235627412796,0
2342,1470,0.37913987040519714,0
2342,935,0.3722901940345764,0
2342,532,0.37918898463249207,0
2342,1961,0.379520446062088,0
2342,362,0.3848825693130493,0
2342,135,0.39779219031333923,0
2342,1300,0.3768053352832794,0
2342,3348,0.3849194049835205,0
2342,204,0.41023606061935425,0
2342,883,0.38522252440452576,0
2342,2287,0.36576956510543823,0
2342,3107,0.3720282316207886,0
2342,4083,0.33925461769104004,0
3614,3614,0.35664990544319153,1
3614,3029,0.36101478338241577,0
3614,2377,0.4170302152633667,0
3614,2178,0.3666044771671295,0
3614,2851,0.35572540760040283,0
3614,2972,0.38947561383247375,0
3614,2481,0.3740439713001251,0
3614,40,0.3964936435222626,0
3614,1342,0.35206636786460876,0
3614,2668,0.34796014428138733,0
3614,802,0.38991671800613403,0
3614,862,0.38613903522491455,0
3614,933,0.37824636697769165,0
3614,1920,0.4152086675167084,0
3614,1256,0.35349878668785095,0
3614,4076,0.37136104702949524,0
3614,2274,0.39444923400878906,0
3614,368,0.3639850616455078,0
3614,2832,0.37208449840545654,0
3614,3561,0.3655664622783661,0
2426,2426,0.3582374155521393,1
2426,252,0.4224835932254791,0
2426,204,0.3708588182926178,0
2426,936,0.40456026792526245,0
2426,3612,0.344158798456192,0
2426,1927,0.35293421149253845,0
2426,2456,0.38389286398887634,0
2426,338,0.4190868139266968,0
2426,3126,0.32790884375572205,0
2426,3256,0.38990554213523865,0
2426,608,0.3921479880809784,0
2426,3524,0.3822105824947357,0
2426,2839,0.35177141427993774,0
2426,4170,0.3509347140789032,0
2426,2884,0.3390796482563019,0
2426,266,0.35128849744796753,0
2426,3576,0.3749998211860657,0
2426,673,0.36516693234443665,0
2426,2940,0.3599162697792053,0
2426,34,0.3320406675338745,0
2459,2459,0.3771621882915497,1
2459,751,0.36948835849761963,0
2459,83,0.3955642580986023,0
2459,2701,0.43316781520843506,0
2459,232,0.4020061194896698,0
2459,854,0.415065199136734,0
2459,1031,0.42833536863327026,0
2459,63,0.4471089839935303,0
2459,1550,0.41278332471847534,0
2459,485,0.4621262550354004,0
2459,1913,0.42013537883758545,0
2459,2297,0.47609391808509827,0
2459,487,0.39605313539505005,0
2459,3795,0.36871594190597534,0
2459,2582,0.42018428444862366,0
2459,1137,0.3822478950023651,0
2459,2388,0.40954163670539856,0
2459,85,0.3927386403083801,0
2459,2392,0.46476513147354126,0
2459,4024,0.36211469769477844,0
3436,3436,0.3788814842700958,1
3436,1053,0.3806138336658478,0
3436,1042,0.40521249175071716,0
3436,1302,0.43641674518585205,0
3436,3306,0.4475654065608978,0
3436,1829,0.40431129932403564,0
3436,2856,0.3933107554912567,0
3436,2726,0.3924793004989624,0
3436,1828,0.4261634647846222,0
3436,3000,0.38386738300323486,0
3436,628,0.37175700068473816,0
3436,3065,0.3754647374153137,0
3436,3423,0.4263930916786194,0
3436,1874,0.3843664526939392,0
3436,3737,0.38899537920951843,0
3436,1909,0.39566367864608765,0
3436,2231,0.41161060333251953,0
3436,1038,0.37698855996131897,0
3436,2140,0.39584970474243164,0
3436,21,0.407083123922348,0
3528,3528,0.37779465317726135,1
3528,1499,0.365425169467926,0
3528,46,0.45174163579940796,0
3528,3046,0.38692358136177063,0
3528,3864,0.3586040139198303,0
3528,265,0.41853636503219604,0
3528,1696,0.4000314772129059,0
3528,3348,0.3969516158103943,0
3528,703,0.4276672601699829,0
3528,2557,0.3899071514606476,0
3528,2595,0.40701383352279663,0
3528,2251,0.38103580474853516,0
3528,3043,0.4071155786514282,0
3528,3418,0.3503481447696686,0
3528,386,0.37294337153434753,0
3528,2793,0.3895379304885864,0
3528,2772,0.38241684436798096,0
3528,176,0.4215795397758484,0
3528,493,0.40668097138404846,0
3528,4052,0.3633144795894623,0
3884,3884,0.3738067150115967,1
3884,247,0.3837169408798218,0
3884,1735,0.3564726412296295,0
3884,2667,0.4436812400817871,0
3884,2417,0.384625107049942,0
3884,1971,0.41993898153305054,0
3884,1848,0.4415530562400818,0
3884,1171,0.40886300802230835,0
3884,4098,0.4177183210849762,0
3884,1243,0.432106614112854,0
3884,3164,0.3918175995349884,0
3884,4070,0.3911820352077484,0
3884,2097,0.34381935000419617,0
3884,1382,0.3609316945075989,0
3884,3489,0.41146108508110046,0
3884,1782,0.39302903413772583,0
3884,3968,0.3972036838531494,0
3884,4106,0.38057196140289307,0
3884,3661,0.36806613206863403,0
3884,771,0.42620497941970825,0
2723,2723,0.4055675268173218,1
2723,1867,0.41923898458480835,0
2723,3764,0.37161922454833984,0
2723,2817,0.3949944078922272,0
2723,669,0.3880362808704376,0
2723,3423,0.4169766306877136,0
2723,488,0.3934640884399414,0
2723,929,0.40230971574783325,0
2723,1922,0.37753331661224365,0
2723,511,0.39568188786506653,0
2723,4145,0.397815465927124,0
2723,3534,0.39875495433807373,0
2723,229,0.4620042145252228,0
2723,352,0.3874737620353699,0
2723,3555,0.38147976994514465,0
2723,4135,0.40916842222213745,0
2723,444,0.40871986746788025,0
2723,3899,0.3693911135196686,0
2723,1901,0.40816643834114075,0
2723,662,0.4068211019039154,0
110,110,0.3900300860404968,1
110,2621,0.37016016244888306,0
110,1541,0.4178124666213989,0
110,3750,0.37405773997306824,0
110,3417,0.38503798842430115,0
110,1773,0.39781954884529114,0
110,760,0.4013254940509796,0
110,397,0.45188698172569275,0
110,3685,0.3562833070755005,0
110,2751,0.3539915084838867,0
110,989,0.4184582233428955,0
110,3210,0.38681140542030334,0
110,1038,0.3531718850135803,0
110,441,0.34270963072776794,0
110,68,0.36568307876586914,0
110,1926,0.44037795066833496,0
110,3454,0.37191590666770935,0
110,4111,0.35241469740867615,0
110,2105,0.3849217891693115,0
110,2641,0.38387590646743774,0
188,188,0.3571160137653351,1
188,2781,0.37000802159309387,0
188,2703,0.3685562014579773,0
188,3043,0.40258175134658813,0
188,1663,0.430160790681839,0
188,1453,0.3763992488384247,0
188,3148,0.36828547716140747,0
188,1941,0.40413057804107666,0
188,615,0.39046046137809753,0
188,1342,0.369253545999527,0
188,2940,0.39291658997535706,0
188,595,0.4054558277130127,0
188,689,0.34912243485450745,0
188,466,0.4806232154369354,0
188,1882,0.3692651391029358,0
188,3753,0.38645556569099426,0
188,1948,0.42135119438171387,0
188,392,0.5184255838394165,0
188,2121,0.3635959029197693,0
188,183,0.36428722739219666,0
1168,1168,0.3486250340938568,1
1168,1686,0.37924861907958984,0
1168,3102,0.3604167699813843,0
1168,1815,0.38556843996047974,0
1168,4176,0.3536263108253479,0
1168,2507,0.38846611976623535,0
1168,1452,0.37402868270874023,0
1168,3038,0.3704858720302582,0
1168,1320,0.4007607102394104,0
1168,1363,0.3715972304344177,0
1168,3008,0.3724205493927002,0
1168,1101,0.4051080644130707,0
1168,788,0.37199991941452026,0
1168,877,0.3648933470249176,0
1168,1277,0.427626371383667,0
1168,3703,0.344723641872406,0
1168,227,0.34961754083633423,0
1168,3907,0.3436674475669861,0
1168,3965,0.3653799295425415,0
1168,2846,0.36057525873184204,0
764,764,0.3911673426628113,1
764,4044,0.38746416568756104,0
764,3501,0.39085397124290466,0
764,3702,0.39533382654190063,0
764,194,0.4057222604751587,0
764,1894,0.42633184790611267,0
764,401,0.5050579905509949,0
764,2978,0.3845989406108856,0
764,40,0.41791918873786926,0
764,1846,0.4158816337585449,0
764,2714,0.3964064121246338,0
764,169,0.42690134048461914,0
764,2356,0.45905035734176636,0
764,2647,0.4293231964111328,0
764,3670,0.4290553033351898,0
764,3953,0.4208911061286926,0
764,1000,0.4307783842086792,0
764,2692,0.44325968623161316,0
764,3610,0.4175730049610138,0
764,3326,0.45308154821395874,0
681,681,0.35631075501441956,1
681,2788,0.37690454721450806,0
681,3349,0.3396201729774475,0
681,835,0.42961281538009644,0
681,3821,0.3784424066543579,0
681,258,0.39621487259864807,0
681,3595,0.34075653553009033,0
681,3721,0.3861965835094452,0
681,3607,0.3787856101989746,0
681,4156,0.36284443736076355,0
681,986,0.3695562183856964,0
681,2493,0.3479704260826111,0
681,3506,0.38327205181121826,0
681,1665,0.37318405508995056,0
681,1661,0.4102758765220642,0
681,3311,0.35963648557662964,0
681,2283,0.37636348605155945,0
681,2322,0.3804227411746979,0
681,2604,0.3684717118740082,0
681,3158,0.388357549905777,0
1685,1685,0.37335458397865295,1
1685,524,0.4167485535144806,0
1685,378,0.40956613421440125,0
1685,463,0.39718955755233765,0
1685,138,0.4755854308605194,0
1685,281,0.4145546853542328,0
1685,3073,0.4050122797489166,0
1685,2614,0.4220968186855316,0
1685,1987,0.34078019857406616,0
1685,53,0.3985549211502075,0
1685,3272,0.37727296352386475,0
1685,3687,0.4108353853225708,0
1685,1460,0.4105140268802643,0
1685,3966,0.367670476436615,0
1685,3076,0.3993305265903473,0
1685,2004,0.3848104476928711,0
1685,1706,0.47637155652046204,0
1685,3995,0.3677437901496887,0
1685,624,0.4083884656429291,0
1685,3769,0.4178199768066406,0
1225,1225,0.43444159626960754,1
1225,1474,0.3735292851924896,0
1225,374,0.36576148867607117,0
1225,1287,0.412418395280838,0
1225,4129,0.3673672378063202,0
1225,2661,0.3908216655254364,0
1225,1566,0.42130911350250244,0
1225,490,0.4055691659450531,0
1225,3,0.38278451561927795,0
1225,1417,0.3611663281917572,0
1225,921,0.40177541971206665,0
1225,257,0.3467463254928589,0
1225,4041,0.36647728085517883,0
1225,546,0.35627126693725586,0
1225,594,0.389904260635376,0
1225,181,0.38307538628578186,0
1225,3586,0.365193247795105,0
1225,2751,0.3489072024822235,0
1225,522,0.3567328155040741,0
1225,1205,0.38812604546546936,0
1848,1848,0.43641799688339233,1
1848,4131,0.3604494631290436,0
1848,3182,0.4503248333930969,0
1848,2513,0.36115437746047974,0
1848,4022,0.366885244846344,0
1848,2098,0.38243573904037476,0
1848,2924,0.40851932764053345,0
1848,2888,0.39320945739746094,0
1848,1293,0.37042236328125,0
1848,1708,0.43422284722328186,0
1848,3745,0.4435209333896637,0
1848,1518,0.4553617238998413,0
1848,759,0.4134661555290222,0
1848,2113,0.4076227843761444,0
1848,444,0.41923025250434875,0
1848,137,0.38994187116622925,0
1848,53,0.41239386796951294,0
1848,1726,0.39832618832588196,0
1848,308,0.4574563801288605,0
1848,2219,0.3945198059082031,0
3419,3419,0.3623012900352478,1
3419,2601,0.3762311041355133,0
3419,3603,0.3757625222206116,0
3419,2819,0.3901320993900299,0
3419,1345,0.3758784830570221,0
3419,2268,0.4494556784629822,0
3419,4095,0.3847673535346985,0
3419,723,0.36914247274398804,0
3419,697,0.5088728666305542,0
3419,3757,0.3870984613895416,0
3419,1400,0.3981630206108093,0
3419,611,0.3559119403362274,0
3419,4109,0.37841156125068665,0
3419,1758,0.3534000813961029,0
3419,241,0.37396860122680664,0
3419,880,0.41018393635749817,0
3419,2145,0.3789372444152832,0
3419,4124,0.37496471405029297,0
3419,2247,0.5022239685058594,0
3419,2500,0.380759596824646,0
3157,3157,0.3949377238750458,1
3157,32,0.37350761890411377,0
3157,4050,0.39129865169525146,0
3157,351,0.36581000685691833,0
3157,2342,0.37304216623306274,0
3157,3519,0.41766124963760376,0
3157,2048,0.36108872294425964,0
3157,1893,0.38025251030921936,0
3157,1868,0.39046406745910645,0
3157,4120,0.361856609582901,0
3157,3695,0.371856153011322,0
3157,2513,0.36459723114967346,0
3157,3958,0.3588815927505493,0
3157,2468,0.37189239263534546,0
3157,709,0.3650127649307251,0
3157,954,0.3852493166923523,0
3157,1685,0.3772282004356384,0
3157,1782,0.394183874130249,0
3157,388,0.44155561923980713,0
3157,655,0.3803390562534332,0
1079,1079,0.428019642829895,1
1079,1904,0.3813517987728119,0
1079,902,0.4762643575668335,0
1079,3197,0.4000755846500397,0
1079,3399,0.39564257860183716,0
1079,1471,0.4104967415332794,0
1079,426,0.3672439157962799,0
1079,2890,0.37801721692085266,0
1079,3080,0.3904033601284027,0
1079,477,0.384628564119339,0
1079,2795,0.4145811200141907,0
1079,3659,0.38669487833976746,0
1079,3526,0.37970441579818726,0
1079,132,0.4346814751625061,0
1079,1801,0.37385618686676025,0
1079,170,0.4328742027282715,0
1079,2761,0.39845773577690125,0
1079,373,0.3798104524612427,0
1079,2985,0.3890491724014282,0
1079,1197,0.4563567042350769,0
585,585,0.39979469776153564,1
585,2335,0.4655398428440094,0
585,391,0.3985016644001007,0
585,3979,0.37462490797042847,0
585,2429,0.3828573226928711,0
585,174,0.378778338432312,0
585,3298,0.37465178966522217,0
585,3700,0.36934882402420044,0
585,569,0.39672917127609253,0
585,3781,0.3622930645942688,0
585,1535,0.4632338583469391,0
585,2754,0.4077740013599396,0
585,1569,0.3880426585674286,0
585,1576,0.40844154357910156,0
585,4126,0.37358060479164124,0
585,1257,0.36553022265434265,0
585,4071,0.39652740955352783,0
585,3918,0.3708082437515259,0
585,3195,0.35814332962036133,0
585,3641,0.3850575089454651,0
2059,2059,0.41057538986206055,1
2059,682,0.4289957284927368,0
2059,763,0.5181738138198853,0
2059,910,0.35139212012290955,0
2059,1345,0.38011327385902405,0
2059,1924,0.3562682569026947,0
2059,1729,0.3788657784461975,0
2059,1852,0.37815749645233154,0
2059,2610,0.3515278398990631,0
2059,1581,0.3742571175098419,0
2059,1273,0.4131237864494324,0
2059,1087,0.3651273846626282,0
2059,3127,0.4039481580257416,0
2059,867,0.4253518879413605,0
2059,724,0.3904591500759125,0
2059,568,0.4207419157028198,0
2059,45,0.3810482919216156,0
2059,2223,0.41010844707489014,0
2059,1923,0.3979225158691406,0
2059,2093,0.44337788224220276,0
1213,1213,0.3623102307319641,1
1213,3217,0.39726728200912476,0
1213,383,0.4110732078552246,0
1213,3945,0.37998613715171814,0
1213,3207,0.38640934228897095,0
1213,819,0.43248507380485535,0
1213,1237,0.3773202896118164,0
1213,2130,0.4351041615009308,0
1213,2844,0.3941250741481781,0
1213,3997,0.41287603974342346,0
1213,1339,0.37603116035461426,0
1213,990,0.3943445086479187,0
1213,781,0.4710980951786041,0
1213,163,0.44249388575553894,0
1213,1230,0.397571861743927,0
1213,2207,0.3489723205566406,0
1213,2536,0.37122461199760437,0
1213,4086,0.3824392259120941,0
1213,1810,0.4197190999984741,0
1213,2734,0.3600897789001465,0
2932,2932,0.3724695146083832,1
2932,273,0.38486456871032715,0
2932,2695,0.3987731635570526,0
2932,3470,0.3723607659339905,0
2932,50,0.37827643752098083,0
2932,326,0.3926578164100647,0
2932,666,0.3966180980205536,0
2932,4017,0.37755656242370605,0
2932,3440,0.37623628973960876,0
2932,299,0.4907476305961609,0
2932,198,0.44219970703125,0
2932,2661,0.4066217243671417,0
2932,1313,0.34516534209251404,0
2932,3957,0.3671286702156067,0
2932,2844,0.37971335649490356,0
2932,3624,0.3650113046169281,0
2932,1645,0.37248921394348145,0
2932,2275,0.3682628870010376,0
2932,154,0.4341387152671814,0
2932,144,0.3651244044303894,0
381,381,0.41690629720687866,1
381,2777,0.36787480115890503,0
381,692,0.37298783659935,0
381,3221,0.3734152019023895,0
381,2755,0.41458818316459656,0
381,2575,0.4414886236190796,0
381,1976,0.4093412756919861,0
381,601,0.4516224265098572,0
381,1839,0.43409329652786255,0
381,1264,0.35584864020347595,0
381,1074,0.4071124196052551,0
381,456,0.3720415532588959,0
381,1005,0.3617820143699646,0
381,4101,0.3965359330177307,0
381,2557,0.39201435446739197,0
381,2173,0.39449164271354675,0
381,3354,0.38707971572875977,0
381,3392,0.3561186194419861,0
381,2637,0.41493749618530273,0
381,2270,0.3840930163860321,0
3089,3089,0.39770880341529846,1
3089,2460,0.4509429335594177,0
3089,1491,0.3932183086872101,0
3089,149,0.39562565088272095,0
3089,1315,0.4601953625679016,0
3089,1685,0.36948826909065247,0
3089,102,0.4623854458332062,0
3089,1459,0.44530442357063293,0
3089,2211,0.3753124475479126,0
3089,3850,0.42855051159858704,0
3089,926,0.38837191462516785,0
3089,1748,0.4783274829387665,0
3089,2195,0.3978503346443176,0
3089,1847,0.3892400860786438,0
3089,92,0.3948631286621094,0
3089,3906,0.3934978246688843,0
3089,1986,0.4160916805267334,0
3089,3531,0.4082203209400177,0
3089,2799,0.37055447697639465,0
3089,3659,0.39691564440727234,0
777,777,0.42650753259658813,1
777,1517,0.44930675625801086,0
777,2084,0.373617023229599,0
777,1121,0.3713982403278351,0
777,993,0.35089409351348877,0
777,2612,0.39623093605041504,0
777,1521,0.3824215829372406,0
777,2228,0.40235695242881775,0
777,3143,0.3851470649242401,0
777,2675,0.44403859972953796,0
777,1278,0.46701449155807495,0
777,3441,0.44059720635414124,0
777,3350,0.4209955632686615,0
777,41,0.38355588912963867,0
777,3049,0.40607795119285583,0
777,1769,0.4147457778453827,0
777,1894,0.43146052956581116,0
777,427,0.4227757453918457,0
777,2739,0.41092827916145325,0
777,669,0.3823852837085724,0
1473,1473,0.4115675687789917,1
1473,1381,0.41928598284721375,0
1473,362,0.40235161781311035,0
1473,4021,0.3525879681110382,0
1473,1266,0.3972574472427368,0
1473,1987,0.3655763864517212,0
1473,3521,0.36677631735801697,0
1473,1229,0.537606418132782,0
1473,2269,0.37554141879081726,0
1473,1391,0.3742891550064087,0
1473,1270,0.3844657838344574,0
1473,1426,0.4400031864643097,0
1473,3367,0.47355759143829346,0
1473,679,0.3812559247016907,0
1473,1252,0.3520333170890808,0
1473,205,0.41344353556632996,0
1473,3557,0.38075870275497437,0
1473,806,0.3963313698768616,0
1473,188,0.3696189820766449,0
1473,4093,0.3636147677898407,0
3888,3888,0.37179872393608093,1
3888,1271,0.45185890793800354,0
3888,134,0.40937548875808716,0
3888,2784,0.37737157940864563,0
3888,830,0.45130544900894165,0
3888,1042,0.38688451051712036,0
3888,2755,0.42567360401153564,0
3888,2854,0.36614325642585754,0
3888,3784,0.4145432114601135,0
3888,2519,0.4297162890434265,0
3888,3758,0.3642236590385437,0
3888,516,0.4334539473056793,0
3888,3136,0.38395023345947266,0
3888,37,0.41980448365211487,0
3888,1545,0.35325610637664795,0
3888,1452,0.39360302686691284,0
3888,982,0.43721815943717957,0
3888,926,0.39189741015434265,0
3888,1792,0.43762242794036865,0
3888,677,0.3328981399536133,0
1152,1152,0.4438846707344055,1
1152,3271,0.40364590287208557,0
1152,3401,0.41161850094795227,0
1152,1486,0.38884201645851135,0
1152,2691,0.40803980827331543,0
1152,3961,0.3919195532798767,0
1152,10,0.38181355595588684,0
1152,1150,0.38856321573257446,0
1152,2371,0.4107053279876709,0
1152,3513,0.38026541471481323,0
1152,586,0.5129820704460144,0
1152,801,0.37826141715049744,0
1152,387,0.4997844099998474,0
1152,669,0.39459478855133057,0
1152,617,0.3718565106391907,0
1152,4170,0.39318767189979553,0
1152,3447,0.3852658271789551,0
1152,1144,0.5007550716400146,0
1152,3052,0.42317426204681396,0
1152,2845,0.3790638744831085,0
903,903,0.4142824411392212,1
903,3966,0.34499937295913696,0
903,1649,0.3830389678478241,0
903,1238,0.37503480911254883,0
903,85,0.4042787551879883,0
903,3490,0.37634897232055664,0
903,1326,0.41709643602371216,0
903,264,0.40336114168167114,0
903,3734,0.3654419183731079,0
903,948,0.35110434889793396,0
903,1312,0.4477135241031647,0
903,3455,0.3846368193626404,0
903,1048,0.36602652072906494,0
903,4174,0.35919278860092163,0
903,2110,0.37500834465026855,0
903,745,0.38253772258758545,0
903,2117,0.40112265944480896,0
903,1836,0.4443346858024597,0
903,2031,0.39175179600715637,0
903,4053,0.4252418875694275,0
4064,4064,0.41368234157562256,1
4064,2673,0.3694956600666046,0
4064,45,0.3657808005809784,0
4064,1126,0.3693011403083801,0
4064,1330,0.39913806319236755,0
4064,1775,0.3489008843898773,0
4064,988,0.3555012047290802,0
4064,2456,0.42845386266708374,0
4064,2889,0.3644610643386841,0
4064,3095,0.36348262429237366,0
4064,3470,0.34454265236854553,0
4064,1759,0.38416779041290283,0
4064,1555,0.3757483661174774,0
4064,995,0.3671659827232361,0
4064,715,0.36546871066093445,0
4064,2733,0.3929421305656433,0
4064,2594,0.397260844707489,0
4064,3588,0.37849387526512146,0
4064,3672,0.3760142922401428,0
4064,3182,0.4195597171783447,0
3516,3516,0.37684473395347595,1
3516,4148,0.3399779796600342,0
3516,1475,0.40876051783561707,0
3516,2461,0.34335145354270935,0
3516,1851,0.3926466107368469,0
3516,1911,0.4146498441696167,0
3516,3234,0.371984601020813,0
3516,4059,0.4036821722984314,0
3516,2631,0.560154914855957,0
3516,2560,0.3752630054950714,0
3516,1721,0.37205350399017334,0
3516,4073,0.3867454528808594,0
3516,2257,0.3785148561000824,0
3516,3443,0.4146230220794678,0
3516,1200,0.4255639314651489,0
3516,2655,0.37583085894584656,0
3516,3150,0.3594742715358734,0
3516,3988,0.35145771503448486,0
3516,3871,0.3559281826019287,0
3516,1607,0.37290459871292114,0
1017,1017,0.39516887068748474,1
1017,2858,0.3835662603378296,0
1017,2531,0.4120049476623535,0
1017,3470,0.3653528690338135,0
1017,689,0.3397197425365448,0
1017,360,0.4061488211154938,0
1017,2523,0.4019225537776947,0
1017,206,0.3656826615333557,0
1017,2318,0.4847041964530945,0
1017,695,0.4603290259838104,0
1017,3738,0.3736380636692047,0
1017,2111,0.4590471386909485,0
1017,3733,0.40204060077667236,0
1017,1307,0.47052568197250366,0
1017,2253,0.3873508870601654,0
1017,2569,0.40652814507484436,0
1017,989,0.42803922295570374,0
1017,2484,0.35735654830932617,0
1017,508,0.3965756893157959,0
1017,706,0.48166218400001526,0
1115,1115,0.3657233715057373,1
1115,240,0.39627605676651,0
1115,3297,0.3812909722328186,0
1115,2036,0.49265676736831665,0
1115,686,0.40047597885131836,0
1115,4177,0.36813393235206604,0
1115,2765,0.3892975449562073,0
1115,2272,0.3908204734325409,0
1115,2046,0.4090598225593567,0
1115,1683,0.40967392921447754,0
1115,4098,0.4131557047367096,0
1115,3109,0.3653126060962677,0
1115,128,0.38561785221099854,0
1115,2881,0.4696078300476074,0
1115,2807,0.4151708483695984,0
1115,3239,0.38780999183654785,0
1115,1352,0.3893857002258301,0
1115,123,0.3933681547641754,0
1115,1210,0.3612087666988373,0
1115,765,0.4186963737010956,0
3160,3160,0.45946404337882996,1
3160,114,0.43074047565460205,0
3160,1245,0.3790872097015381,0
3160,2655,0.3684456944465637,0
3160,660,0.485110342502594,0
3160,1656,0.38964197039604187,0
3160,33,0.3962070643901825,0
3160,3496,0.3450906276702881,0
3160,4143,0.37560606002807617,0
3160,75,0.4692995548248291,0
3160,1457,0.39341819286346436,0
3160,397,0.4337843954563141,0
3160,94,0.4498453438282013,0
3160,663,0.36059844493865967,0
3160,959,0.3831660747528076,0
3160,3199,0.3600206971168518,0
3160,367,0.4096519649028778,0
3160,3255,0.3731473684310913,0
3160,1011,0.38253673911094666,0
3160,2130,0.4338224530220032,0
1036,1036,0.43378815054893494,1
1036,1703,0.4551149308681488,0
1036,2474,0.4039839208126068,0
1036,3480,0.37533384561538696,0
1036,3781,0.36281514167785645,0
1036,1931,0.3912445306777954,0
1036,2371,0.41717827320098877,0
1036,2377,0.4226189851760864,0
1036,3317,0.41522422432899475,0
1036,2077,0.3784598112106323,0
1036,1541,0.42985299229621887,0
1036,3133,0.41824209690093994,0
1036,1836,0.47520911693573,0
1036,809,0.3840522766113281,0
1036,4177,0.38655197620391846,0
1036,2263,0.43345850706100464,0
1036,3962,0.3987453281879425,0
1036,1259,0.4259170591831207,0
1036,2928,0.4155295193195343,0
1036,2150,0.3953838348388672,0
2650,2650,0.3794581890106201,1
2650,1700,0.3827613592147827,0
2650,1133,0.41987428069114685,0
2650,355,0.3807448446750641,0
2650,1057,0.3620074987411499,0
2650,1850,0.39672091603279114,0
2650,3598,0.3586058020591736,0
2650,3840,0.3745984435081482,0
2650,2112,0.35652264952659607,0
2650,4084,0.4062730073928833,0
2650,1286,0.42278584837913513,0
2650,339,0.3500300645828247,0
2650,1466,0.3652806282043457,0
2650,1616,0.4145478904247284,0
2650,75,0.4397995173931122,0
2650,663,0.3496449589729309,0
2650,3559,0.39310675859451294,0
2650,4095,0.3810551166534424,0
2650,3788,0.38285505771636963,0
2650,2746,0.38271504640579224,0
1900,1900,0.39648059010505676,1
1900,1237,0.40724730491638184,0
1900,2057,0.3825029730796814,0
1900,1949,0.391645222902298,0
1900,767,0.42253196239471436,0
1900,1533,0.4061069190502167,0
1900,1704,0.46522757411003113,0
1900,1483,0.37606555223464966,0
1900,241,0.405855268239975,0
1900,3922,0.40556395053863525,0
1900,322,0.4028410315513611,0
1900,821,0.4934181272983551,0
1900,1792,0.45096614956855774,0
1900,3605,0.38340410590171814,0
1900,1286,0.4603130519390106,0
1900,3151,0.3954661190509796,0
1900,1156,0.43375903367996216,0
1900,2865,0.3983723521232605,0
1900,2860,0.4073583483695984,0
1900,134,0.40542930364608765,0
617,617,0.36708471179008484,1
617,1035,0.43806982040405273,0
617,3474,0.36070239543914795,0
617,850,0.3883069157600403,0
617,2305,0.3613330125808716,0
617,1520,0.4552903175354004,0
617,1126,0.37954655289649963,0
617,1181,0.3888532221317291,0
617,3873,0.38623011112213135,0
617,1393,0.4187203645706177,0
617,4107,0.4005275070667267,0
617,1345,0.39991453289985657,0
617,3415,0.37565767765045166,0
617,505,0.42865580320358276,0
617,1683,0.39258676767349243,0
617,3836,0.3650018870830536,0
617,1475,0.4016954302787781,0
617,2699,0.49982523918151855,0
617,2938,0.4567435383796692,0
617,1317,0.3541218936443329,0
820,820,0.36225706338882446,1
820,646,0.39302006363868713,0
820,1751,0.4260006546974182,0
820,2568,0.3817993104457855,0
820,1483,0.3752937614917755,0
820,607,0.36949270963668823,0
820,3552,0.4202447831630707,0
820,171,0.45337939262390137,0
820,2200,0.36708176136016846,0
820,3410,0.3937457501888275,0
820,4096,0.38860777020454407,0
820,3947,0.3812314569950104,0
820,4155,0.39219242334365845,0
820,550,0.374020516872406,0
820,3395,0.4067378342151642,0
820,668,0.4049266278743744,0
820,448,0.4466269910335541,0
820,967,0.3703339397907257,0
820,873,0.38586750626564026,0
820,1394,0.39455217123031616,0
205,205,0.39651066064834595,1
205,126,0.3942450284957886,0
205,822,0.35987961292266846,0
205,740,0.42934802174568176,0
205,1200,0.432455837726593,0
205,261,0.3821098506450653,0
205,2909,0.3723554015159607,0
205,1894,0.41706976294517517,0
205,2657,0.36326465010643005,0
205,909,0.4196436107158661,0
205,2165,0.3806055188179016,0
205,3351,0.3756452202796936,0
205,1989,0.3879505693912506,0
205,1442,0.4290429651737213,0
205,3090,0.4136134386062622,0
205,1781,0.3778546452522278,0
205,1934,0.36751219630241394,0
205,852,0.4945887625217438,0
205,2467,0.3905503749847412,0
205,1478,0.36410462856292725,0
821,821,0.4549836218357086,1
821,901,0.45905712246894836,0
821,432,0.43963098526000977,0
821,4038,0.38922810554504395,0
821,3220,0.39571183919906616,0
821,3641,0.3909081518650055,0
821,765,0.4314345419406891,0
821,2302,0.38966748118400574,0
821,649,0.5435761213302612,0
821,3640,0.374645859003067,0
821,2892,0.3849763572216034,0
821,4059,0.40480053424835205,0
821,3356,0.40172213315963745,0
821,532,0.4115009605884552,0
821,1650,0.42792242765426636,0
821,3064,0.3576996326446533,0
821,380,0.45620137453079224,0
821,2958,0.3895118534564972,0
821,2489,0.4858916699886322,0
821,3654,0.4475513994693756,0
738,738,0.4142391085624695,1
738,395,0.4198492169380188,0
738,2220,0.3835013806819916,0
738,76,0.46329769492149353,0
738,1675,0.44569069147109985,0
738,898,0.43398717045783997,0
738,248,0.43101218342781067,0
738,684,0.4135691523551941,0
738,2582,0.43330705165863037,0
738,2347,0.39297354221343994,0
738,3903,0.3520810008049011,0
738,2089,0.39769983291625977,0
738,1028,0.43419456481933594,0
738,301,0.4142439663410187,0
738,3749,0.40768253803253174,0
738,2283,0.39272844791412354,0
738,80,0.4245103895664215,0
738,1218,0.4063602089881897,0
738,1999,0.4042747914791107,0
738,836,0.4344903528690338,0
1920,1920,0.42805734276771545,1
1920,1007,0.41326355934143066,0
1920,591,0.39013323187828064,0
1920,1713,0.40558484196662903,0
1920,749,0.4276144504547119,0
1920,1866,0.3936178982257843,0
1920,2850,0.38868677616119385,0
1920,3754,0.38309037685394287,0
1920,1208,0.3873211145401001,0
1920,3735,0.365380197763443,0
1920,3804,0.37886589765548706,0
1920,2835,0.38368552923202515,0
1920,4040,0.372422456741333,0
1920,2111,0.4533383846282959,0
1920,2806,0.4423849582672119,0
1920,1801,0.3688451647758484,0
1920,3625,0.38875094056129456,0
1920,884,0.36910292506217957,0
1920,2676,0.37382733821868896,0
1920,41,0.37550148367881775,0
984,984,0.3744686543941498,1
984,2887,0.3801012337207794,0
984,924,0.4165421426296234,0
984,2216,0.42862051725387573,0
984,398,0.42487892508506775,0
984,3242,0.3416490852832794,0
984,2258,0.43465474247932434,0
984,3407,0.37193235754966736,0
984,3158,0.40502458810806274,0
984,1375,0.4255944490432739,0
984,3734,0.3661451041698456,0
984,578,0.4122426211833954,0
984,748,0.38672223687171936,0
984,84,0.4504987597465515,0
984,1364,0.4132033586502075,0
984,2626,0.3457210063934326,0
984,2550,0.3858230710029602,0
984,1634,0.4666436016559601,0
984,3817,0.4003834128379822,0
984,772,0.42765548825263977,0
1426,1426,0.41595208644866943,1
1426,329,0.415344774723053,0
1426,1292,0.39342638850212097,0
1426,109,0.37868309020996094,0
1426,3402,0.39084285497665405,0
1426,2639,0.4150480628013611,0
1426,2573,0.35718482732772827,0
1426,207,0.4826597273349762,0
1426,357,0.38859879970550537,0
1426,3898,0.40165480971336365,0
1426,1360,0.3767598271369934,0
1426,2427,0.36621081829071045,0
1426,3548,0.3647282123565674,0
1426,694,0.3987748920917511,0
1426,2083,0.4023591876029968,0
1426,2541,0.42028579115867615,0
1426,3955,0.3545295000076294,0
1426,3730,0.3734465539455414,0
1426,1144,0.4723759889602661,0
1426,1928,0.38107848167419434,0
2102,2102,0.3537496328353882,1
2102,2637,0.4382072389125824,0
2102,3814,0.4499525725841522,0
2102,3812,0.3736015558242798,0
2102,2167,0.3762992322444916,0
2102,2358,0.3727337419986725,0
2102,245,0.3680056035518646,0
2102,2221,0.3988390266895294,0
2102,2950,0.3791314959526062,0
2102,825,0.3766130208969116,0
2102,2799,0.36503902077674866,0
2102,999,0.36797869205474854,0
2102,436,0.3777722716331482,0
2102,3585,0.36649104952812195,0
2102,2160,0.3919280469417572,0
2102,1675,0.41243699193000793,0
2102,88,0.4003021717071533,0
2102,269,0.37480610609054565,0
2102,507,0.3741835951805115,0
2102,2544,0.3967008888721466,0
2845,2845,0.36426302790641785,1
2845,681,0.3901943564414978,0
2845,3871,0.3635786473751068,0
2845,3916,0.36877694725990295,0
2845,39,0.3918224275112152,0
2845,3420,0.35947859287261963,0
2845,3266,0.3640612065792084,0
2845,1048,0.3827894926071167,0
2845,3822,0.3569815754890442,0
2845,664,0.3682246804237366,0
2845,2957,0.4197331964969635,0
2845,1777,0.4046107232570648,0
2845,4091,0.38849687576293945,0
2845,3468,0.37361282110214233,0
2845,2832,0.3789971172809601,0
2845,624,0.41087737679481506,0
2845,2296,0.4127730429172516,0
2845,3071,0.3947766423225403,0
2845,3470,0.37554931640625,0
2845,2054,0.4072573781013489,0
3109,3109,0.3810175657272339,1
3109,718,0.43863150477409363,0
3109,3654,0.46028199791908264,0
3109,24,0.4216754734516144,0
3109,1356,0.43790751695632935,0
3109,122,0.45225653052330017,0
3109,1926,0.49406135082244873,0
3109,922,0.48555436730384827,0
3109,1712,0.4714077115058899,0
3109,3006,0.3963666260242462,0
3109,3730,0.39676469564437866,0
3109,1022,0.40419501066207886,0
3109,3683,0.4452199637889862,0
3109,437,0.45210927724838257,0
3109,3838,0.398397833108902,0
3109,1841,0.4488385319709778,0
3109,3131,0.3897811770439148,0
3109,177,0.4675126075744629,0
3109,3057,0.4159601330757141,0
3109,1579,0.4672035276889801,0
2637,2637,0.44230014085769653,1
2637,1361,0.3952191472053528,0
2637,3162,0.37785714864730835,0
2637,2377,0.4557775855064392,0
2637,2491,0.40186503529548645,0
2637,3095,0.368114709854126,0
2637,3383,0.3768311142921448,0
2637,2134,0.3529394567012787,0
2637,3881,0.3925756514072418,0
2637,1909,0.38668105006217957,0
2637,2055,0.4073454737663269,0
2637,2610,0.3778773844242096,0
2637,2774,0.42552119493484497,0
2637,1174,0.3925386965274811,0
2637,1970,0.44817936420440674,0
2637,749,0.42904743552207947,0
2637,982,0.455680787563324,0
2637,30,0.3849695920944214,0
2637,2162,0.38739341497421265,0
2637,2229,0.39603766798973083,0
2808,2808,0.37623217701911926,1
2808,896,0.3846866488456726,0
2808,4102,0.3724374771118164,0
2808,381,0.42475003004074097,0
2808,240,0.3989696502685547,0
2808,2980,0.3636111319065094,0
2808,1269,0.3563348650932312,0
2808,1817,0.38904687762260437,0
2808,3823,0.4042384922504425,0
2808,1839,0.43493935465812683,0
2808,3949,0.4062243700027466,0
2808,25,0.3504863679409027,0
2808,1802,0.38383352756500244,0
2808,2469,0.3517964482307434,0
2808,556,0.4279378354549408,0
2808,2770,0.36218908429145813,0
2808,2128,0.3956619203090668,0
2808,3263,0.3977224826812744,0
2808,2444,0.37304916977882385,0
2808,1126,0.3635282516479492,0
4002,4002,0.37406134605407715,1
4002,1950,0.3875502645969391,0
4002,1303,0.40502670407295227,0
4002,1359,0.35866665840148926,0
4002,295,0.34984391927719116,0
4002,3425,0.3925114870071411,0
4002,2555,0.3830850422382355,0
4002,625,0.4180965721607208,0
4002,2397,0.4254697263240814,0
4002,3240,0.38198232650756836,0
4002,2379,0.4384562075138092,0
4002,2505,0.3869195580482483,0
4002,2370,0.36604252457618713,0
4002,2604,0.3776780068874359,0
4002,1320,0.39581871032714844,0
4002,755,0.4585540294647217,0
4002,463,0.4172345995903015,0
4002,1490,0.37958860397338867,0
4002,2545,0.36055585741996765,0
4002,2219,0.3726050555706024,0
495,495,0.3986338973045349,1
495,1522,0.3881678581237793,0
495,1791,0.401295930147171,0
495,3578,0.35540854930877686,0
495,1007,0.39803507924079895,0
495,2752,0.3802134692668915,0
495,3839,0.3401840627193451,0
495,1518,0.39605093002319336,0
495,1276,0.39471179246902466,0
495,1364,0.38318896293640137,0
495,2487,0.36209291219711304,0
495,3726,0.3680049777030945,0
495,708,0.3593340218067169,0
495,2598,0.36511215567588806,0
495,1330,0.38640496134757996,0
495,2924,0.3618547022342682,0
495,429,0.372662216424942,0
495,3774,0.37072619795799255,0
495,1510,0.3946012556552887,0
495,1738,0.3521750569343567,0
3792,3792,0.4071478545665741,1
3792,2137,0.405902236700058,0
3792,816,0.43389296531677246,0
3792,921,0.44347697496414185,0
3792,842,0.4271957576274872,0
3792,2223,0.4569268524646759,0
3792,2486,0.48718902468681335,0
3792,711,0.4321000576019287,0
3792,980,0.39130234718322754,0
3792,2867,0.41330984234809875,0
3792,4132,0.3982408344745636,0
3792,2668,0.3891833424568176,0
3792,3567,0.40618953108787537,0
3792,2501,0.40093907713890076,0
3792,2954,0.4285457730293274,0
3792,1564,0.3757736384868622,0
3792,871,0.4107047915458679,0
3792,2494,0.42844900488853455,0
3792,1445,0.4218658208847046,0
3792,3279,0.4334830939769745,0
696,696,0.4972594380378723,1
696,227,0.36207613348960876,0
696,1322,0.45905405282974243,0
696,1057,0.3712078332901001,0
696,1466,0.37831342220306396,0
696,877,0.3853233754634857,0
696,2252,0.4348554015159607,0
696,612,0.4084053337574005,0
696,3714,0.3904867172241211,0
696,3559,0.44287118315696716,0
696,2308,0.3760526180267334,0
696,1201,0.3830103576183319,0
696,242,0.4789292514324188,0
696,4106,0.3953070640563965,0
696,4155,0.39281368255615234,0
696,1972,0.4026201665401459,0
696,83,0.42433759570121765,0
696,732,0.49502888321876526,0
696,998,0.40638500452041626,0
696,37,0.4415307641029358,0
1187,1187,0.399951696395874,1
1187,2442,0.42638611793518066,0
1187,1343,0.40953731536865234,0
1187,1690,0.3780679702758789,0
1187,2157,0.42200201749801636,0
1187,1229,0.48589223623275757,0
1187,3454,0.3882909417152405,0
1187,2445,0.40226849913597107,0
1187,1729,0.4078380763530731,0
1187,2281,0.3737066388130188,0
1187,3425,0.3782326281070709,0
1187,1081,0.44849345088005066,0
1187,1370,0.4139935374259949,0
1187,64,0.4194414019584656,0
1187,2672,0.44217902421951294,0
1187,611,0.3472796678543091,0
1187,95,0.444837361574173,0
1187,1580,0.40633711218833923,0
1187,3495,0.4220907688140869,0
1187,1504,0.4202512502670288,0
3064,3064,0.3317810893058777,1
3064,3290,0.3523585796356201,0
3064,1540,0.3738762140274048,0
3064,273,0.3919658958911896,0
3064,1356,0.3938364088535309,0
3064,3593,0.36010774970054626,0
3064,17,0.4098384380340576,0
3064,1943,0.3805641829967499,0
3064,871,0.3713351786136627,0
3064,1794,0.3706245720386505,0
3064,3381,0.39608508348464966,0
3064,463,0.39868322014808655,0
3064,2206,0.3544963300228119,0
3064,3263,0.3953379690647125,0
3064,740,0.399956613779068,0
3064,1222,0.3902110755443573,0
3064,1828,0.4046649634838104,0
3064,3805,0.3928534984588623,0
3064,2833,0.3794957399368286,0
3064,3203,0.3618372678756714,0
1382,1382,0.37619560956954956,1
1382,1633,0.43182212114334106,0
1382,653,0.4856056571006775,0
1382,667,0.46371379494667053,0
1382,1653,0.449872761964798,0
1382,2870,0.3857406675815582,0
1382,437,0.4399263560771942,0
1382,613,0.3718390464782715,0
1382,2034,0.3836188316345215,0
1382,2213,0.37802571058273315,0
1382,3572,0.3909308910369873,0
1382,1624,0.39779067039489746,0
1382,3810,0.3984282612800598,0
1382,4056,0.41000446677207947,0
1382,2950,0.4085315465927124,0
1382,1622,0.4905315339565277,0
1382,3019,0.4060520827770233,0
1382,2315,0.43888911604881287,0
1382,1404,0.4074033498764038,0
1382,3044,0.392337441444397,0
1434,1434,0.3898123800754547,1
1434,3537,0.36952248215675354,0
1434,70,0.38256406784057617,0
1434,2216,0.38874495029449463,0
1434,1817,0.3852216601371765,0
1434,1929,0.36813387274742126,0
1434,3692,0.39593449234962463,0
1434,3612,0.3443921208381653,0
1434,3046,0.3819856643676758,0
1434,3825,0.3794879913330078,0
1434,1810,0.4162111282348633,0
1434,833,0.4236288070678711,0
1434,2294,0.35954397916793823,0
1434,3694,0.3715384602546692,0
1434,1289,0.36331212520599365,0
1434,3948,0.372798353433609,0
1434,2889,0.3645070791244507,0
1434,1837,0.38376832008361816,0
1434,101,0.3631300628185272,0
1434,678,0.35006266832351685,0
1969,1969,0.3594087064266205,1
1969,247,0.34837692975997925,0
1969,970,0.3881382942199707,0
1969,3185,0.34787341952323914,0
1969,711,0.3658669590950012,0
1969,3351,0.346150666475296,0
1969,1372,0.368313729763031,0
1969,1137,0.34892964363098145,0
1969,3688,0.3421592712402344,0
1969,2871,0.40776169300079346,0
1969,25,0.3574090600013733,0
1969,2797,0.3638016879558563,0
1969,1083,0.43133431673049927,0
1969,52,0.38110464811325073,0
1969,1899,0.39354467391967773,0
1969,1499,0.3484286069869995,0
1969,344,0.42382103204727173,0
1969,1381,0.39750492572784424,0
1969,2078,0.3456156551837921,0
1969,597,0.38744843006134033,0
3353,3353,0.439861923456192,1
3353,2671,0.4462706446647644,0
3353,3277,0.3840863108634949,0
3353,1852,0.37638166546821594,0
3353,2880,0.3890654444694519,0
3353,2835,0.3993428349494934,0
3353,837,0.4603358507156372,0
3353,538,0.3956722021102905,0
3353,3149,0.41385364532470703,0
3353,4163,0.33910071849823,0
3353,3683,0.40000423789024353,0
3353,2407,0.4669061601161957,0
3353,787,0.4008035957813263,0
3353,3885,0.3543044924736023,0
3353,2403,0.3373647928237915,0
3353,3857,0.4103829562664032,0
3353,2492,0.39882776141166687,0
3353,3463,0.3722139596939087,0
3353,2482,0.4193810820579529,0
3353,821,0.43626338243484497,0
572,572,0.4423469305038452,1
572,3261,0.40943729877471924,0
572,3582,0.37698230147361755,0
572,2667,0.44242748618125916,0
572,2210,0.3765052855014801,0
572,2167,0.4046025276184082,0
572,1315,0.4100017845630646,0
572,668,0.41696274280548096,0
572,1804,0.3695957362651825,0
572,2646,0.37601059675216675,0
572,1502,0.378110408782959,0
572,1563,0.3942415416240692,0
572,2119,0.4039452075958252,0
572,3316,0.3779541254043579,0
572,2163,0.409010112285614,0
572,2035,0.397424578666687,0
572,2773,0.44307610392570496,0
572,3927,0.3989253044128418,0
572,516,0.4463191330432892,0
572,2176,0.4409189224243164,0
546,546,0.36595192551612854,1
546,948,0.3588971495628357,0
546,795,0.4041619598865509,0
546,227,0.3449687063694,0
546,3931,0.3663155138492584,0
546,1666,0.39123642444610596,0
546,3243,0.39903971552848816,0
546,3075,0.38542667031288147,0
546,1928,0.37568384408950806,0
546,1904,0.38585641980171204,0
546,172,0.43628302216529846,0
546,3073,0.39885422587394714,0
546,3299,0.3828333616256714,0
546,1718,0.3807412087917328,0
546,3169,0.35674089193344116,0
546,2447,0.37919631600379944,0
546,3891,0.37181392312049866,0
546,290,0.3604337275028229,0
546,2585,0.3608338236808777,0
546,2079,0.4120911657810211,0
3070,3070,0.34545570611953735,1
3070,1510,0.4339831471443176,0
3070,3913,0.3695220947265625,0
3070,3017,0.4343648850917816,0
3070,3517,0.4471912384033203,0
3070,3040,0.3906921148300171,0
3070,1629,0.43208321928977966,0
3070,1316,0.3363768458366394,0
3070,927,0.3912903070449829,0
3070,3723,0.40270817279815674,0
3070,1790,0.3920496702194214,0
3070,462,0.36479702591896057,0
3070,1290,0.38824382424354553,0
3070,2138,0.46495363116264343,0
3070,334,0.4232558012008667,0
3070,53,0.38423916697502136,0
3070,253,0.42575234174728394,0
3070,2070,0.37920188903808594,0
3070,1654,0.3634849488735199,0
3070,1960,0.44007059931755066,0
22,22,0.4102925956249237,1
22,2810,0.42836806178092957,0
22,1861,0.4278976619243622,0
22,2577,0.4091624617576599,0
22,1477,0.3942154049873352,0
22,3431,0.42851606011390686,0
22,1274,0.38005515933036804,0
22,111,0.40013188123703003,0
22,3291,0.4639754593372345,0
22,3475,0.3745349943637848,0
22,3975,0.3610289990901947,0
22,2474,0.3686615824699402,0
22,2887,0.3512932360172272,0
22,1962,0.41195958852767944,0
22,1590,0.36745479702949524,0
22,1378,0.39595478773117065,0
22,1053,0.3686375617980957,0
22,2024,0.3724137842655182,0
22,1930,0.3827647566795349,0
22,3777,0.35562604665756226,0
3976,3976,0.39632365107536316,1
3976,546,0.3836059272289276,0
3976,46,0.474030077457428,0
3976,3029,0.41732555627822876,0
3976,3068,0.36470040678977966,0
3976,3127,0.40435540676116943,0
3976,299,0.400651216506958,0
3976,3242,0.35496726632118225,0
3976,1205,0.41560524702072144,0
3976,628,0.36328569054603577,0
3976,2760,0.4055179953575134,0
3976,742,0.4355955719947815,0
3976,3793,0.4057908356189728,0
3976,4170,0.39274951815605164,0
3976,1030,0.480211466550827,0
3976,3957,0.36212557554244995,0
3976,1431,0.4511919617652893,0
3976,3992,0.38334667682647705,0
3976,4057,0.3387441039085388,0
3976,1848,0.4691298305988312,0
3747,3747,0.33926814794540405,1
3747,230,0.419595867395401,0
3747,3834,0.3932233452796936,0
3747,3405,0.37062737345695496,0
3747,1092,0.3649950325489044,0
3747,359,0.3427826464176178,0
3747,820,0.34707099199295044,0
3747,4068,0.35562440752983093,0
3747,124,0.40024662017822266,0
3747,1194,0.3611588776111603,0
3747,2588,0.3700748085975647,0
3747,1884,0.36197221279144287,0
3747,1010,0.40245988965034485,0
3747,3647,0.3697456419467926,0
3747,1541,0.38898923993110657,0
3747,278,0.43505436182022095,0
3747,3481,0.35644859075546265,0
3747,2774,0.37760066986083984,0
3747,771,0.40295252203941345,0
3747,2096,0.3656376302242279,0
3397,3397,0.39912837743759155,1
3397,383,0.39655646681785583,0
3397,1676,0.3963344097137451,0
3397,1453,0.39155030250549316,0
3397,1726,0.39009910821914673,0
3397,260,0.40534356236457825,0
3397,2782,0.4025895893573761,0
3397,788,0.3948827385902405,0
3397,4071,0.391311377286911,0
3397,2929,0.3558746874332428,0
3397,937,0.39270463585853577,0
3397,917,0.4031282961368561,0
3397,762,0.41383203864097595,0
3397,2843,0.3729032874107361,0
3397,3787,0.4025852680206299,0
3397,477,0.4036121070384979,0
3397,1888,0.3803432583808899,0
3397,959,0.41390740871429443,0
3397,1768,0.44837167859077454,0
3397,3573,0.41357421875,0
95,95,0.41261789202690125,1
95,2141,0.397604376077652,0
95,616,0.4666927754878998,0
95,1710,0.39745742082595825,0
95,565,0.36828023195266724,0
95,1477,0.41826683282852173,0
95,1165,0.3586370646953583,0
95,1979,0.3847176432609558,0
95,2083,0.4143591821193695,0
95,2756,0.38076162338256836,0
95,443,0.39842480421066284,0
95,1140,0.4081871807575226,0
95,3895,0.3646538555622101,0
95,46,0.4553658664226532,0
95,1317,0.36611849069595337,0
95,123,0.39033758640289307,0
95,174,0.39080843329429626,0
95,2239,0.46329939365386963,0
95,372,0.4137609004974365,0
95,262,0.4304763376712799,0
3420,3420,0.36227720975875854,1
3420,2646,0.3618144094944,0
3420,1997,0.38673168420791626,0
3420,593,0.3911723494529724,0
3420,3806,0.3835456967353821,0
3420,3518,0.3703171908855438,0
3420,94,0.4644322097301483,0
3420,382,0.41133052110671997,0
3420,3079,0.45374947786331177,0
3420,3799,0.37165525555610657,0
3420,2241,0.37953826785087585,0
3420,3869,0.39814454317092896,0
3420,2223,0.42735740542411804,0
3420,1744,0.35356903076171875,0
3420,3283,0.3742818236351013,0
3420,184,0.4187793731689453,0
3420,3665,0.3499701917171478,0
3420,1541,0.44190046191215515,0
3420,3629,0.4261552393436432,0
3420,2406,0.36778441071510315,0
1657,1657,0.4646429419517517,1
1657,823,0.38254034519195557,0
1657,1159,0.46612441539764404,0
1657,4092,0.3896392285823822,0
1657,2735,0.36453187465667725,0
1657,1047,0.35432901978492737,0
1657,3926,0.3836630880832672,0
1657,1250,0.4579365849494934,0
1657,3464,0.36788299679756165,0
1657,2731,0.3716779351234436,0
1657,3260,0.3878506124019623,0
1657,873,0.37785327434539795,0
1657,2098,0.36639538407325745,0
1657,1003,0.40228915214538574,0
1657,411,0.4431445300579071,0
1657,4077,0.3792976438999176,0
1657,4166,0.38076499104499817,0
1657,660,0.4913563132286072,0
1657,1532,0.4373619258403778,0
1657,506,0.3829743564128876,0
3146,3146,0.31187862157821655,1
3146,1190,0.3271288275718689,0
3146,2558,0.3392767012119293,0
3146,2906,0.32796838879585266,0
3146,232,0.3650643527507782,0
3146,1294,0.3254730701446533,0
3146,1331,0.3342727720737457,0
3146,1637,0.330907940864563,0
3146,1625,0.3321918845176697,0
3146,2409,0.3478115200996399,0
3146,1354,0.3663422465324402,0
3146,2807,0.3590295612812042,0
3146,2747,0.35356488823890686,0
3146,1833,0.3721468448638916,0
3146,655,0.36224299669265747,0
3146,1715,0.3397201895713806,0
3146,2760,0.35019993782043457,0
3146,2210,0.33423176407814026,0
3146,265,0.3632538318634033,0
3146,818,0.3692095875740051,0
915,915,0.3800291121006012,1
915,3011,0.3639931082725525,0
915,2242,0.39309969544410706,0
915,2998,0.44998782873153687,0
915,3904,0.3621532917022705,0
915,1045,0.4182871878147125,0
915,745,0.37787309288978577,0
915,530,0.3783957362174988,0
915,964,0.38279497623443604,0
915,635,0.3664920926094055,0
915,981,0.396312952041626,0
915,2897,0.3571687340736389,0
915,1613,0.346543550491333,0
915,432,0.41433292627334595,0
915,802,0.40512779355049133,0
915,3361,0.3454912304878235,0
915,4176,0.3446594476699829,0
915,2727,0.43621161580085754,0
915,2583,0.3724745213985443,0
915,1848,0.4288383424282074,0
552,552,0.395882785320282,1
552,1416,0.4249441921710968,0
552,1557,0.44221559166908264,0
552,3790,0.3978372812271118,0
552,3448,0.37957045435905457,0
552,1144,0.4974307119846344,0
552,2580,0.368890643119812,0
552,1399,0.5505269765853882,0
552,1748,0.39973515272140503,0
552,2794,0.4618757367134094,0
552,1982,0.3680683970451355,0
552,327,0.37145426869392395,0
552,806,0.4338902533054352,0
552,3573,0.39526042342185974,0
552,3968,0.4246368408203125,0
552,1800,0.40539324283599854,0
552,3858,0.3921281695365906,0
552,1779,0.4377766251564026,0
552,421,0.40228867530822754,0
552,733,0.41006171703338623,0
3736,3736,0.3433436155319214,1
3736,943,0.370242178440094,0
3736,278,0.4430241286754608,0
3736,3141,0.38214147090911865,0
3736,1988,0.3679991364479065,0
3736,3617,0.36865076422691345,0
3736,1125,0.35323113203048706,0
3736,2772,0.3544469475746155,0
3736,2185,0.39242613315582275,0
3736,3335,0.330177366733551,0
3736,3118,0.36233094334602356,0
3736,2713,0.40272897481918335,0
3736,2938,0.4187315106391907,0
3736,19,0.3656524419784546,0
3736,3752,0.36599332094192505,0
3736,1721,0.36504966020584106,0
3736,1094,0.4556118845939636,0
3736,3212,0.36752793192863464,0
3736,831,0.4107951819896698,0
3736,1823,0.3781593441963196,0
3756,3756,0.400315523147583,1
3756,3089,0.4104952812194824,0
3756,3271,0.38802510499954224,0
3756,1560,0.37640780210494995,0
3756,2399,0.35900619626045227,0
3756,1492,0.41941213607788086,0
3756,1515,0.419718474149704,0
3756,2659,0.39033985137939453,0
3756,2453,0.4025711119174957,0
3756,3401,0.386837363243103,0
3756,1981,0.3893144428730011,0
3756,3182,0.4419349730014801,0
3756,3543,0.3888024091720581,0
3756,175,0.4111792743206024,0
3756,670,0.4080430269241333,0
3756,2778,0.4306754469871521,0
3756,3626,0.39689674973487854,0
3756,3161,0.393301397562027,0
3756,3770,0.39233309030532837,0
3756,2089,0.3850666284561157,0
2814,2814,0.3831713795661926,1
2814,3166,0.3597291111946106,0
2814,1207,0.3948141932487488,0
2814,324,0.3688625693321228,0
2814,757,0.39519569277763367,0
2814,138,0.44426923990249634,0
2814,321,0.39738941192626953,0
2814,2351,0.40072208642959595,0
2814,966,0.45962241291999817,0
2814,3662,0.4007195234298706,0
2814,3440,0.38782596588134766,0
2814,946,0.35897529125213623,0
2814,4133,0.36877137422561646,0
2814,520,0.35674768686294556,0
2814,3796,0.37460795044898987,0
2814,2084,0.391465961933136,0
2814,52,0.39278221130371094,0
2814,2616,0.4243371784687042,0
2814,2276,0.35732510685920715,0
2814,3731,0.3646731972694397,0
3665,3665,0.33880099654197693,1
3665,3835,0.38216105103492737,0
3665,1868,0.3846595287322998,0
3665,2581,0.4392801523208618,0
3665,2861,0.36943313479423523,0
3665,3294,0.3554541766643524,0
3665,3961,0.3734985291957855,0
3665,673,0.37827053666114807,0
3665,1175,0.33446204662323,0
3665,3476,0.36881256103515625,0
3665,221,0.3478156328201294,0
3665,2209,0.4023875892162323,0
3665,2999,0.40640032291412354,0
3665,2752,0.3949805796146393,0
3665,1101,0.4100392758846283,0
3665,1211,0.3794028162956238,0
3665,3812,0.36707767844200134,0
3665,1238,0.37037959694862366,0
3665,4038,0.3775259554386139,0
3665,1470,0.3675484359264374,0
3563,3563,0.32054513692855835,1
3563,1804,0.3400992751121521,0
3563,3241,0.3483387231826782,0
3563,2871,0.38238000869750977,0
3563,3537,0.34234946966171265,0
3563,183,0.3577653467655182,0
3563,2824,0.37183067202568054,0
3563,3373,0.3470938205718994,0
3563,401,0.4122043550014496,0
3563,2437,0.3463248014450073,0
3563,2661,0.3605426251888275,0
3563,4155,0.3427692651748657,0
3563,816,0.38012170791625977,0
3563,1684,0.3445388674736023,0
3563,2946,0.35415273904800415,0
3563,134,0.36868971586227417,0
3563,1473,0.37933802604675293,0
3563,3155,0.3443845212459564,0
3563,1801,0.3405846953392029,0
3563,3955,0.3384183943271637,0
211,211,0.3777891993522644,1
211,3579,0.36103659868240356,0
211,3788,0.40586671233177185,0
211,1007,0.42043834924697876,0
211,1796,0.49332231283187866,0
211,293,0.38179561495780945,0
211,3392,0.3660028874874115,0
211,417,0.42988303303718567,0
211,6,0.3577275574207306,0
211,32,0.3763534724712372,0
211,2315,0.44845050573349,0
211,486,0.454946905374527,0
211,4087,0.37968453764915466,0
211,3737,0.3833884596824646,0
211,3797,0.3971041440963745,0
211,27,0.4655051529407501,0
211,3688,0.38152867555618286,0
211,52,0.41076865792274475,0
211,811,0.4245065450668335,0
211,2336,0.40801841020584106,0
2757,2757,0.38415977358818054,1
2757,561,0.40827348828315735,0
2757,2230,0.3944717347621918,0
2757,3391,0.5371587872505188,0
2757,1783,0.4152415990829468,0
2757,3137,0.43214091658592224,0
2757,3817,0.40436193346977234,0
2757,2300,0.45732468366622925,0
2757,1546,0.4087572991847992,0
2757,2592,0.3801281452178955,0
2757,2006,0.3749110996723175,0
2757,1793,0.3868889808654785,0
2757,1702,0.3669995963573456,0
2757,133,0.43728071451187134,0
2757,3686,0.4120854139328003,0
2757,3574,0.3899981677532196,0
2757,945,0.3919581472873688,0
2757,2870,0.3932766020298004,0
2757,1834,0.41224902868270874,0
2757,2643,0.39377257227897644,0
4159,4159,0.3763103485107422,1
4159,327,0.35403308272361755,0
4159,69,0.45943740010261536,0
4159,2660,0.4115246534347534,0
4159,437,0.4285691976547241,0
4159,2870,0.37588950991630554,0
4159,3652,0.4493439793586731,0
4159,1397,0.43948230147361755,0
4159,2759,0.39153507351875305,0
4159,208,0.41067761182785034,0
4159,3765,0.4129146933555603,0
4159,2791,0.4234981834888458,0
4159,4026,0.3958035707473755,0
4159,318,0.46306726336479187,0
4159,789,0.392805814743042,0
4159,2984,0.34114372730255127,0
4159,2519,0.44181638956069946,0
4159,923,0.3778263032436371,0
4159,2318,0.48919546604156494,0
4159,2100,0.38218963146209717,0
1694,1694,0.3806314170360565,1
1694,3706,0.4151493310928345,0
1694,3324,0.38427090644836426,0
1694,2420,0.40678778290748596,0
1694,3892,0.3708621561527252,0
1694,365,0.3973998427391052,0
1694,3394,0.35903200507164,0
1694,2784,0.3850567638874054,0
1694,3575,0.3671998381614685,0
1694,2462,0.4479979872703552,0
1694,157,0.41814112663269043,0
1694,2998,0.46891823410987854,0
1694,3646,0.4148714244365692,0
1694,1215,0.4872013032436371,0
1694,488,0.4039369225502014,0
1694,2777,0.40541496872901917,0
1694,2338,0.40266358852386475,0
1694,3301,0.4102064073085785,0
1694,918,0.49053657054901123,0
1694,3833,0.4034613370895386,0
3293,3293,0.3664325177669525,1
3293,3403,0.3538168668746948,0
3293,1850,0.38620588183403015,0
3293,1190,0.35779738426208496,0
3293,947,0.4177168905735016,0
3293,1937,0.4044753611087799,0
3293,299,0.41830599308013916,0
3293,3999,0.3570786714553833,0
3293,2807,0.4285324215888977,0
3293,3040,0.3856157064437866,0
3293,1795,0.37067893147468567,0
3293,1124,0.3708926737308502,0
3293,1562,0.42412829399108887,0
3293,1325,0.38230040669441223,0
3293,2087,0.4036359488964081,0
3293,2461,0.3452155888080597,0
3293,2242,0.3785954415798187,0
3293,2107,0.35406023263931274,0
3293,93,0.38784098625183105,0
3293,1731,0.40002870559692383,0
1781,1781,0.40965360403060913,1
1781,2403,0.3578483462333679,0
1781,1489,0.4480072557926178,0
1781,2434,0.3809847831726074,0
1781,1749,0.42936763167381287,0
1781,1571,0.37714070081710815,0
1781,3923,0.3723037838935852,0
1781,359,0.35438966751098633,0
1781,1156,0.41675230860710144,0
1781,138,0.4718928933143616,0
1781,256,0.40988320112228394,0
1781,509,0.40126025676727295,0
1781,1108,0.43714696168899536,0
1781,2016,0.37580564618110657,0
1781,551,0.44947442412376404,0
1781,786,0.3305321931838989,0
1781,609,0.427410364151001,0
1781,340,0.3872665762901306,0
1781,1371,0.38876932859420776,0
1781,1537,0.379460871219635,0
417,417,0.4503593444824219,1
417,2788,0.39143499732017517,0
417,253,0.4250473976135254,0
417,2718,0.3695738613605499,0
417,1736,0.3905010521411896,0
417,3413,0.363573282957077,0
417,11,0.4638119637966156,0
417,887,0.3525203466415405,0
417,2428,0.42451947927474976,0
417,4024,0.3582024872303009,0
417,1285,0.46793508529663086,0
417,4013,0.3845101296901703,0
417,2236,0.41235458850860596,0
417,3110,0.372737854719162,0
417,2605,0.36459335684776306,0
417,3561,0.37701839208602905,0
417,3383,0.35938239097595215,0
417,28,0.4064525067806244,0
417,458,0.3626042902469635,0
417,232,0.42282548546791077,0
1847,1847,0.3824603855609894,1
1847,3811,0.37222251296043396,0
1847,2058,0.3657796084880829,0
1847,1376,0.47251132130622864,0
1847,3707,0.39711156487464905,0
1847,2118,0.3802051544189453,0
1847,1148,0.40166765451431274,0
1847,1881,0.4716726839542389,0
1847,2562,0.43354329466819763,0
1847,3671,0.384255588054657,0
1847,2856,0.3764522075653076,0
1847,4114,0.37598147988319397,0
1847,574,0.4455000162124634,0
1847,1577,0.4195457696914673,0
1847,2644,0.44925186038017273,0
1847,2879,0.38982245326042175,0
1847,2134,0.3693964183330536,0
1847,3875,0.3963300883769989,0
1847,2473,0.4711795151233673,0
1847,3716,0.40092045068740845,0
2332,2332,0.37061914801597595,1
2332,197,0.3649918735027313,0
2332,749,0.4126664400100708,0
2332,506,0.35941919684410095,0
2332,2673,0.3685762584209442,0
2332,1614,0.3431125283241272,0
2332,2032,0.3907250165939331,0
2332,3595,0.33401843905448914,0
2332,1235,0.3703441917896271,0
2332,4031,0.3434635102748871,0
2332,20,0.41637060046195984,0
2332,158,0.42566490173339844,0
2332,1598,0.38228490948677063,0
2332,1172,0.38179811835289,0
2332,280,0.34790802001953125,0
2332,1796,0.538910984992981,0
2332,1700,0.38836270570755005,0
2332,2260,0.3649410307407379,0
2332,279,0.36736971139907837,0
2332,2482,0.3919405937194824,0
1155,1155,0.4801947772502899,1
1155,1979,0.38480061292648315,0
1155,1335,0.3745459020137787,0
1155,109,0.3942762017250061,0
1155,3387,0.38758742809295654,0
1155,3788,0.38990357518196106,0
1155,3236,0.35616594552993774,0
1155,530,0.3678642809391022,0
1155,4037,0.3753698766231537,0
1155,2633,0.35789045691490173,0
1155,2164,0.3692035377025604,0
1155,3605,0.36253786087036133,0
1155,1018,0.35353031754493713,0
1155,3565,0.36602485179901123,0
1155,3643,0.35582876205444336,0
1155,3832,0.36463817954063416,0
1155,1053,0.352925568819046,0
1155,3789,0.3828372061252594,0
1155,3500,0.3613799214363098,0
1155,2637,0.4066179692745209,0
6,6,0.3445851504802704,1
6,1594,0.3335146903991699,0
6,2849,0.4057728350162506,0
6,3269,0.3738560676574707,0
6,436,0.3656581938266754,0
6,2825,0.3467993438243866,0
6,610,0.424751877784729,0
6,2772,0.35394415259361267,0
6,5,0.4390488564968109,0
6,2445,0.3774481415748596,0
6,3612,0.3581158518791199,0
6,2123,0.38876333832740784,0
6,2850,0.3745384216308594,0
6,3910,0.3911900222301483,0
6,2798,0.39189422130584717,0
6,2879,0.3734460473060608,0
6,1741,0.4089308977127075,0
6,1896,0.45079106092453003,0
6,1264,0.3562012314796448,0
6,361,0.3315116763114929,0
1893,1893,0.3778751492500305,1
1893,1968,0.36749088764190674,0
1893,500,0.40567031502723694,0
1893,3750,0.411373496055603,0
1893,2550,0.3954627513885498,0
1893,727,0.3956810235977173,0
1893,3390,0.3680259585380554,0
1893,3613,0.40652716159820557,0
1893,2321,0.43584033846855164,0
1893,846,0.37867653369903564,0
1893,2635,0.39504197239875793,0
1893,2695,0.40923142433166504,0
1893,1627,0.4283282160758972,0
1893,3224,0.400889128446579,0
1893,1917,0.40916934609413147,0
1893,210,0.3839276134967804,0
1893,1174,0.399231880903244,0
1893,3892,0.3681110143661499,0
1893,2342,0.3779662251472473,0
1893,682,0.4228639006614685,0
1738,1738,0.36172959208488464,1
1738,1236,0.3592316806316376,0
1738,1890,0.35364267230033875,0
1738,2732,0.35586392879486084,0
1738,1916,0.39031994342803955,0
1738,2990,0.46280014514923096,0
1738,3452,0.3568173944950104,0
1738,994,0.3794443607330322,0
1738,1929,0.3969191908836365,0
1738,3647,0.38759949803352356,0
1738,691,0.415403813123703,0
1738,2562,0.41232311725616455,0
1738,684,0.3775522708892822,0
1738,3946,0.3652205169200897,0
1738,692,0.3838847279548645,0
1738,2392,0.4536466896533966,0
1738,2496,0.415287047624588,0
1738,3738,0.3717752695083618,0
1738,1647,0.43936604261398315,0
1738,4083,0.36342349648475647,0
1949,1949,0.37564125657081604,1
1949,2196,0.4052894413471222,0
1949,1104,0.49032527208328247,0
1949,505,0.4291882812976837,0
1949,396,0.4272001087665558,0
1949,1675,0.43071022629737854,0
1949,1562,0.44330349564552307,0
1949,3800,0.38343721628189087,0
1949,3978,0.3801085650920868,0
1949,1937,0.4089980125427246,0
1949,3422,0.40101006627082825,0
1949,1070,0.43252032995224,0
1949,623,0.3977767527103424,0
1949,3814,0.46925482153892517,0
1949,4082,0.40401843190193176,0
1949,3243,0.41248780488967896,0
1949,590,0.4795044958591461,0
1949,2456,0.41552799940109253,0
1949,98,0.38658809661865234,0
1949,3692,0.38162434101104736,0
670,670,0.3861173987388611,1
670,2612,0.3760218918323517,0
670,3261,0.37187647819519043,0
670,2916,0.3542657196521759,0
670,3638,0.34393981099128723,0
670,2757,0.35779139399528503,0
670,4133,0.3605044484138489,0
670,688,0.35299524664878845,0
670,1342,0.35627636313438416,0
670,302,0.4357301592826843,0
670,1683,0.38870736956596375,0
670,1287,0.4176962375640869,0
670,544,0.33137378096580505,0
670,2716,0.3686794340610504,0
670,1919,0.3408438265323639,0
670,2679,0.40088993310928345,0
670,3616,0.38122570514678955,0
670,183,0.3435051143169403,0
670,3237,0.36837074160575867,0
670,2218,0.3622483015060425,0
3992,3992,0.4014473259449005,1
3992,3241,0.38704103231430054,0
3992,4137,0.4278533458709717,0
3992,3114,0.41696375608444214,0
3992,1008,0.4130411148071289,0
3992,842,0.4188101291656494,0
3992,3270,0.4037443697452545,0
3992,2849,0.39901506900787354,0
3992,1615,0.37880608439445496,0
3992,2532,0.44678807258605957,0
3992,787,0.4403766393661499,0
3992,3209,0.4017953872680664,0
3992,2802,0.43571972846984863,0
3992,899,0.5153128504753113,0
3992,750,0.4078557789325714,0
3992,1656,0.4078419804573059,0
3992,2810,0.4816548228263855,0
3992,3093,0.4498027563095093,0
3992,2003,0.41018450260162354,0
3992,2991,0.4210001230239868,0
3080,3080,0.39032238721847534,1
3080,2623,0.38703179359436035,0
3080,1309,0.362619012594223,0
3080,2624,0.3600456118583679,0
3080,2482,0.40271836519241333,0
3080,3519,0.41779792308807373,0
3080,2306,0.3938497006893158,0
3080,770,0.3953820466995239,0
3080,1413,0.426516056060791,0
3080,190,0.4323400557041168,0
3080,380,0.4027148187160492,0
3080,1577,0.4196431338787079,0
3080,3549,0.40334469079971313,0
3080,4020,0.3719526529312134,0
3080,929,0.38768765330314636,0
3080,4077,0.3688279688358307,0
3080,3560,0.36340177059173584,0
3080,308,0.4478381872177124,0
3080,3872,0.3786580264568329,0
3080,4125,0.39455264806747437,0
713,713,0.417673259973526,1
713,3771,0.35279378294944763,0
713,3416,0.4137648940086365,0
713,2349,0.420798122882843,0
713,527,0.40165001153945923,0
713,2012,0.40152931213378906,0
713,1813,0.4152584671974182,0
713,2015,0.40489915013313293,0
713,1847,0.3849996328353882,0
713,1658,0.4274985194206238,0
713,925,0.3859923779964447,0
713,3251,0.37395572662353516,0
713,3525,0.37510424852371216,0
713,3440,0.37564700841903687,0
713,392,0.46514466404914856,0
713,165,0.45943403244018555,0
713,1323,0.39993947744369507,0
713,1687,0.37375447154045105,0
713,532,0.37890011072158813,0
713,3467,0.4029817581176758,0
4022,4022,0.3395102322101593,1
4022,3675,0.38113662600517273,0
4022,2141,0.36284971237182617,0
4022,3309,0.37092211842536926,0
4022,3284,0.3469375669956207,0
4022,1155,0.4493968188762665,0
4022,553,0.433476060628891,0
4022,2975,0.32863354682922363,0
4022,466,0.42179402709007263,0
4022,578,0.39229512214660645,0
4022,1180,0.3571261465549469,0
4022,1645,0.3739246428012848,0
4022,385,0.4286904036998749,0
4022,3275,0.41416874527931213,0
4022,2659,0.35235774517059326,0
4022,2161,0.34884878993034363,0
4022,3186,0.33482763171195984,0
4022,619,0.4279312789440155,0
4022,3579,0.3477746546268463,0
4022,4079,0.3649158477783203,0
3531,3531,0.4237439036369324,1
3531,1206,0.5132494568824768,0
3531,934,0.4089076519012451,0
3531,28,0.4077800214290619,0
3531,2941,0.4389341175556183,0
3531,431,0.39278340339660645,0
3531,2794,0.45918235182762146,0
3531,2629,0.442914217710495,0
3531,3595,0.3533792197704315,0
3531,3389,0.35880228877067566,0
3531,1080,0.3942340016365051,0
3531,1455,0.42398500442504883,0
3531,2664,0.39939770102500916,0
3531,3030,0.4211233854293823,0
3531,2180,0.3699173927307129,0
3531,686,0.4189406633377075,0
3531,885,0.4222589433193207,0
3531,1475,0.41838592290878296,0
3531,2607,0.37808459997177124,0
3531,1218,0.4127625524997711,0
855,855,0.4459693431854248,1
855,3731,0.3907979726791382,0
855,590,0.4833633303642273,0
855,1845,0.379085898399353,0
855,1533,0.39351388812065125,0
855,2077,0.37305736541748047,0
855,3187,0.40510013699531555,0
855,3382,0.39441466331481934,0
855,3436,0.3652060627937317,0
855,2184,0.38435328006744385,0
855,1405,0.4842883050441742,0
855,1854,0.39561107754707336,0
855,3637,0.38424786925315857,0
855,2669,0.39414313435554504,0
855,2000,0.3901529908180237,0
855,3230,0.3725031018257141,0
855,2150,0.3775883615016937,0
855,3206,0.39077210426330566,0
855,1299,0.3628648817539215,0
855,227,0.362121045589447,0
2427,2427,0.3831329047679901,1
2427,1211,0.38935795426368713,0
2427,2551,0.3606801927089691,0
2427,3722,0.3634149730205536,0
2427,2659,0.3715561628341675,0
2427,839,0.4309542179107666,0
2427,2731,0.3807240128517151,0
2427,592,0.4548490643501282,0
2427,2960,0.41072988510131836,0
2427,2085,0.3628654181957245,0
2427,690,0.41912150382995605,0
2427,2023,0.3731958270072937,0
2427,1332,0.36734873056411743,0
2427,277,0.42958685755729675,0
2427,3060,0.3508772850036621,0
2427,1565,0.3877933621406555,0
2427,3229,0.450555682182312,0
2427,3067,0.38191354274749756,0
2427,2330,0.4012726843357086,0
2427,4179,0.39059215784072876,0
613,613,0.3412435054779053,1
613,2919,0.43546396493911743,0
613,3258,0.3712232708930969,0
613,2909,0.38026532530784607,0
613,399,0.4172969460487366,0
613,1904,0.37870943546295166,0
613,3319,0.36463871598243713,0
613,2378,0.36731451749801636,0
613,747,0.4265567362308502,0
613,192,0.3926917612552643,0
613,1133,0.44154641032218933,0
613,4153,0.40484657883644104,0
613,953,0.41624417901039124,0
613,3326,0.4078729748725891,0
613,1032,0.381455659866333,0
613,1367,0.390627384185791,0
613,1889,0.4101863205432892,0
613,3458,0.4482216536998749,0
613,103,0.40145573019981384,0
613,1265,0.43317416310310364,0
1689,1689,0.49943989515304565,1
1689,3220,0.3858685791492462,0
1689,1550,0.4312346875667572,0
1689,913,0.4334561228752136,0
1689,273,0.421954482793808,0
1689,4157,0.38211768865585327,0
1689,962,0.3743727505207062,0
1689,1935,0.42000553011894226,0
1689,2681,0.4188256859779358,0
1689,3150,0.38381117582321167,0
1689,3156,0.3923639953136444,0
1689,1871,0.4521191120147705,0
1689,1915,0.40108993649482727,0
1689,3205,0.4292343854904175,0
1689,81,0.4235798418521881,0
1689,3343,0.39330869913101196,0
1689,2307,0.3699936270713806,0
1689,3345,0.37574997544288635,0
1689,3100,0.42031770944595337,0
1689,3375,0.39533257484436035,0
404,404,0.45385971665382385,1
404,1595,0.4402776062488556,0
404,4102,0.3988344967365265,0
404,1878,0.4027828872203827,0
404,1972,0.40042513608932495,0
404,1195,0.39476513862609863,0
404,3922,0.4066433012485504,0
404,1625,0.38266777992248535,0
404,1864,0.4131787121295929,0
404,629,0.4310499131679535,0
404,70,0.40817320346832275,0
404,1172,0.4267488420009613,0
404,53,0.44072842597961426,0
404,720,0.3847116231918335,0
404,364,0.39343780279159546,0
404,3523,0.39962634444236755,0
404,2741,0.37782973051071167,0
404,2682,0.4116598963737488,0
404,954,0.41386932134628296,0
404,3356,0.40416115522384644,0
3659,3659,0.3980007767677307,1
3659,265,0.42890334129333496,0
3659,3399,0.39200443029403687,0
3659,597,0.4244175851345062,0
3659,3468,0.39695897698402405,0
3659,3956,0.39500507712364197,0
3659,1583,0.45298242568969727,0
3659,1122,0.4928002953529358,0
3659,3681,0.3922199308872223,0
3659,2354,0.394997775554657,0
3659,3947,0.3943991959095001,0
3659,3055,0.36856767535209656,0
3659,29,0.541508138179779,0
3659,4029,0.37931978702545166,0
3659,1102,0.37268948554992676,0
3659,3097,0.374557763338089,0
3659,2117,0.42134037613868713,0
3659,717,0.38263702392578125,0
3659,2683,0.36457014083862305,0
3659,817,0.39006564021110535,0
2966,2966,0.365578293800354,1
2966,2445,0.3760955035686493,0
2966,4012,0.3564990758895874,0
2966,785,0.36668938398361206,0
2966,1764,0.35647475719451904,0
2966,718,0.40297389030456543,0
2966,334,0.36984625458717346,0
2966,1653,0.4076371490955353,0
2966,3025,0.3596508204936981,0
2966,2807,0.40165314078330994,0
2966,2313,0.3659610152244568,0
2966,3813,0.3522596061229706,0
2966,3845,0.35897302627563477,0
2966,4161,0.347409188747406,0
2966,823,0.35577210783958435,0
2966,2497,0.4084876775741577,0
2966,3445,0.34760022163391113,0
2966,163,0.4271572530269623,0
2966,268,0.37808743119239807,0
2966,3886,0.37517833709716797,0
4157,4157,0.35266444087028503,1
4157,3073,0.3980503976345062,0
4157,3355,0.38072165846824646,0
4157,627,0.4540987014770508,0
4157,355,0.4046771824359894,0
4157,3144,0.38629305362701416,0
4157,3308,0.3760334551334381,0
4157,4115,0.3658529222011566,0
4157,1816,0.3763608932495117,0
4157,2803,0.35331815481185913,0
4157,25,0.36124375462532043,0
4157,891,0.419016033411026,0
4157,4044,0.36626842617988586,0
4157,148,0.38738352060317993,0
4157,3707,0.3883330225944519,0
4157,4139,0.3568961024284363,0
4157,3906,0.3744381368160248,0
4157,899,0.4441949725151062,0
4157,2677,0.3929235339164734,0
4157,3600,0.4030294120311737,0
3356,3356,0.3961643874645233,1
3356,3167,0.37623167037963867,0
3356,3052,0.4268026649951935,0
3356,4016,0.3721731901168823,0
3356,1994,0.4010928273200989,0
3356,229,0.48023828864097595,0
3356,4053,0.4545500874519348,0
3356,839,0.44427403807640076,0
3356,3087,0.38837477564811707,0
3356,2714,0.38926076889038086,0
3356,9,0.43376076221466064,0
3356,2948,0.37154072523117065,0
3356,310,0.478356271982193,0
3356,1777,0.4033792018890381,0
3356,2861,0.3710944354534149,0
3356,844,0.4290618896484375,0
3356,3825,0.3903759717941284,0
3356,1284,0.392995685338974,0
3356,2392,0.4852508306503296,0
3356,2313,0.4092428982257843,0
2126,2126,0.47768524289131165,1
2126,702,0.40690848231315613,0
2126,3508,0.38227492570877075,0
2126,2425,0.4358366131782532,0
2126,815,0.40141910314559937,0
2126,2403,0.3507920205593109,0
2126,2379,0.4605853259563446,0
2126,363,0.4213210642337799,0
2126,576,0.37685370445251465,0
2126,453,0.4127965271472931,0
2126,3120,0.4077377915382385,0
2126,203,0.4002692997455597,0
2126,3361,0.36783528327941895,0
2126,613,0.3761897087097168,0
2126,3339,0.37566089630126953,0
2126,1959,0.40229934453964233,0
2126,600,0.35313287377357483,0
2126,3652,0.4345051050186157,0
2126,1169,0.3914487957954407,0
2126,2556,0.3661421537399292,0
472,472,0.3589850962162018,1
472,1135,0.4109226167201996,0
472,2457,0.36477401852607727,0
472,1890,0.34957268834114075,0
472,1786,0.43153029680252075,0
472,4110,0.3850688338279724,0
472,2771,0.38021907210350037,0
472,589,0.3662540316581726,0
472,581,0.4308640658855438,0
472,1698,0.3705950975418091,0
472,3683,0.3877491056919098,0
472,843,0.41697031259536743,0
472,531,0.3781109154224396,0
472,438,0.3486523926258087,0
472,2678,0.3643929362297058,0
472,444,0.38882824778556824,0
472,3163,0.3606386184692383,0
472,985,0.346099317073822,0
472,2542,0.36875593662261963,0
472,962,0.34140706062316895,0
3029,3029,0.37916111946105957,1
3029,3217,0.37723442912101746,0
3029,1275,0.38510823249816895,0
3029,2669,0.37264448404312134,0
3029,2892,0.3730562627315521,0
3029,2097,0.3405537009239197,0
3029,3482,0.375243216753006,0
3029,2672,0.42632558941841125,0
3029,86,0.37259531021118164,0
3029,3096,0.3835684359073639,0
3029,3530,0.3652211129665375,0
3029,1274,0.3834759593009949,0
3029,2014,0.37523597478866577,0
3029,341,0.40914225578308105,0
3029,2058,0.36272040009498596,0
3029,2659,0.3714757263660431,0
3029,2527,0.38374772667884827,0
3029,1931,0.3767043352127075,0
3029,181,0.4123990833759308,0
3029,1685,0.3636399507522583,0
637,637,0.4027089774608612,1
637,882,0.463578999042511,0
637,2284,0.41302669048309326,0
637,3940,0.38690873980522156,0
637,3138,0.4262485206127167,0
637,1376,0.48406708240509033,0
637,3861,0.3893125057220459,0
637,3251,0.3797113597393036,0
637,2044,0.39805346727371216,0
637,165,0.4770331382751465,0
637,1101,0.43008124828338623,0
637,377,0.40799224376678467,0
637,357,0.42871415615081787,0
637,2848,0.4046615660190582,0
637,3923,0.38908976316452026,0
637,1848,0.4640616774559021,0
637,3624,0.38377806544303894,0
637,3496,0.3789588212966919,0
637,739,0.4317325949668884,0
637,3750,0.41379377245903015,0
1241,1241,0.3801255226135254,1
1241,4015,0.35810840129852295,0
1241,3519,0.37802472710609436,0
1241,700,0.4088696241378784,0
1241,4005,0.38763999938964844,0
1241,2907,0.34450793266296387,0
1241,1856,0.39936211705207825,0
1241,1724,0.4271889626979828,0
1241,476,0.37720078229904175,0
1241,553,0.43469592928886414,0
1241,109,0.40633895993232727,0
1241,1432,0.40195605158805847,0
1241,4142,0.3739379346370697,0
1241,2471,0.39005517959594727,0
1241,289,0.36112773418426514,0
1241,416,0.3598233759403229,0
1241,1983,0.3875361382961273,0
1241,420,0.42062944173812866,0
1241,2434,0.3786272704601288,0
1241,764,0.3680057227611542,0
3335,3335,0.36909055709838867,1
3335,3325,0.36864548921585083,0
3335,3366,0.37808504700660706,0
3335,1446,0.3746063709259033,0
3335,710,0.38685575127601624,0
3335,1226,0.38543397188186646,0
3335,1235,0.4039934277534485,0
3335,2425,0.4445423483848572,0
3335,3448,0.37987402081489563,0
3335,587,0.45093706250190735,0
3335,3177,0.3651050329208374,0
3335,4108,0.4016936719417572,0
3335,2168,0.3902490735054016,0
3335,2580,0.3679775595664978,0
3335,3419,0.36748453974723816,0
3335,3661,0.39242106676101685,0
3335,3093,0.41089582443237305,0
3335,1111,0.41434022784233093,0
3335,16,0.43454447388648987,0
3335,764,0.3761533200740814,0
3104,3104,0.3793373107910156,1
3104,509,0.38890886306762695,0
3104,3020,0.4154340922832489,0
3104,1937,0.41968443989753723,0
3104,2803,0.3705192804336548,0
3104,71,0.47177696228027344,0
3104,2400,0.39542505145072937,0
3104,1077,0.4023631811141968,0
3104,255,0.429302841424942,0
3104,2394,0.39918801188468933,0
3104,1519,0.36845162510871887,0
3104,89,0.43401941657066345,0
3104,1796,0.4693273901939392,0
3104,2452,0.4743894338607788,0
3104,730,0.4205363690853119,0
3104,1009,0.4611470699310303,0
3104,2589,0.40902283787727356,0
3104,1827,0.3932775855064392,0
3104,2916,0.382259726524353,0
3104,1993,0.40386316180229187,0
1205,1205,0.3997000455856323,1
1205,1741,0.36873769760131836,0
1205,2485,0.4562382102012634,0
1205,3416,0.3887885510921478,0
1205,3637,0.3689962923526764,0
1205,4086,0.3633747100830078,0
1205,2116,0.3897596001625061,0
1205,3985,0.3784579336643219,0
1205,3614,0.37473875284194946,0
1205,685,0.4526408016681671,0
1205,2340,0.38786178827285767,0
1205,999,0.3576846718788147,0
1205,1786,0.4477284550666809,0
1205,2446,0.39797088503837585,0
1205,2100,0.3796849548816681,0
1205,63,0.4369925558567047,0
1205,3172,0.345278799533844,0
1205,1941,0.3996339738368988,0
1205,3613,0.3970929682254791,0
1205,3122,0.36448365449905396,0
2206,2206,0.40013596415519714,1
2206,574,0.44923752546310425,0
2206,3452,0.3635924458503723,0
2206,41,0.3683167099952698,0
2206,2168,0.367764949798584,0
2206,3367,0.4409962296485901,0
2206,2600,0.3623811900615692,0
2206,1383,0.46197354793548584,0
2206,3376,0.3846322000026703,0
2206,1995,0.3971003293991089,0
2206,248,0.40108397603034973,0
2206,3388,0.38556936383247375,0
2206,2999,0.41804027557373047,0
2206,1453,0.3700641691684723,0
2206,1822,0.38292697072029114,0
2206,3520,0.35852673649787903,0
2206,1414,0.35422441363334656,0
2206,2907,0.34634777903556824,0
2206,2079,0.4176836907863617,0
2206,3786,0.44566765427589417,0
1849,1849,0.36892005801200867,1
1849,3236,0.3777781128883362,0
1849,1915,0.4010302722454071,0
1849,3761,0.3821808397769928,0
1849,1433,0.4030134081840515,0
1849,1308,0.40726232528686523,0
1849,3797,0.38970324397087097,0
1849,2561,0.4071897566318512,0
1849,2767,0.378492146730423,0
1849,3053,0.4387824833393097,0
1849,758,0.48132115602493286,0
1849,920,0.46557730436325073,0
1849,2479,0.44015753269195557,0
1849,657,0.40308818221092224,0
1849,2083,0.4145700931549072,0
1849,1558,0.4236544072628021,0
1849,1336,0.37551188468933105,0
1849,1458,0.4042700529098511,0
1849,711,0.3772471845149994,0
1849,2831,0.3739195466041565,0
3055,3055,0.361159086227417,1
3055,3591,0.3514328896999359,0
3055,704,0.39051228761672974,0
3055,99,0.3932657241821289,0
3055,810,0.3541318476200104,0
3055,2799,0.35074517130851746,0
3055,647,0.3750191032886505,0
3055,1142,0.37793609499931335,0
3055,2142,0.3574247658252716,0
3055,3888,0.3655005097389221,0
3055,713,0.4024859070777893,0
3055,2634,0.3863828778266907,0
3055,3935,0.382881760597229,0
3055,2514,0.398632287979126,0
3055,983,0.4210662543773651,0
3055,1562,0.4143615961074829,0
3055,1958,0.3638346195220947,0
3055,3625,0.3692338466644287,0
3055,3942,0.3888798654079437,0
3055,2426,0.37463271617889404,0
1629,1629,0.44489356875419617,1
1629,1977,0.4255969822406769,0
1629,1797,0.4051366448402405,0
1629,695,0.459145188331604,0
1629,1712,0.4618832767009735,0
1629,476,0.3933711349964142,0
1629,1714,0.38863521814346313,0
1629,2046,0.39791032671928406,0
1629,3520,0.3735734820365906,0
1629,469,0.3788347840309143,0
1629,3088,0.38890376687049866,0
1629,1485,0.4110928177833557,0
1629,427,0.4510060250759125,0
1629,2870,0.36608463525772095,0
1629,3958,0.3701714277267456,0
1629,2154,0.413061261177063,0
1629,2681,0.4311334490776062,0
1629,2051,0.36970263719558716,0
1629,2531,0.417123943567276,0
1629,842,0.40328478813171387,0
3849,3849,0.3759077787399292,1
3849,2986,0.4448634088039398,0
3849,4104,0.37175413966178894,0
3849,318,0.5272895097732544,0
3849,2159,0.5063120722770691,0
3849,3826,0.35519784688949585,0
3849,7,0.4120390713214874,0
3849,1059,0.40950676798820496,0
3849,3893,0.38475173711776733,0
3849,1720,0.39575526118278503,0
3849,294,0.3784045875072479,0
3849,1831,0.49365678429603577,0
3849,2655,0.3862529397010803,0
3849,666,0.4004274606704712,0
3849,10,0.38123181462287903,0
3849,384,0.3805999457836151,0
3849,722,0.3616584837436676,0
3849,1487,0.49549490213394165,0
3849,909,0.44075843691825867,0
3849,2424,0.37211257219314575,0
3666,3666,0.35216349363327026,1
3666,1643,0.3946918845176697,0
3666,2834,0.3587498068809509,0
3666,3584,0.3647702932357788,0
3666,2686,0.3626490831375122,0
3666,4120,0.3525150716304779,0
3666,394,0.431830495595932,0
3666,1023,0.4390929937362671,0
3666,1906,0.3699653446674347,0
3666,2177,0.3816092014312744,0
3666,90,0.49377328157424927,0
3666,3894,0.37465929985046387,0
3666,452,0.3808692693710327,0
3666,390,0.43465757369995117,0
3666,3064,0.34853947162628174,0
3666,151,0.3866214156150818,0
3666,17,0.4099577069282532,0
3666,3399,0.3787747919559479,0
3666,593,0.3880651891231537,0
3666,1088,0.3670024573802948,0
3334,3334,0.39562177658081055,1
3334,3316,0.3778511583805084,0
3334,1364,0.4129428565502167,0
3334,2146,0.369259238243103,0
3334,1013,0.38445231318473816,0
3334,508,0.391391783952713,0
3334,961,0.44927942752838135,0
3334,3883,0.39269784092903137,0
3334,3719,0.380881667137146,0
3334,664,0.3741435408592224,0
3334,4128,0.37860941886901855,0
3334,3016,0.40785208344459534,0
3334,3543,0.3929217457771301,0
3334,1702,0.38291099667549133,0
3334,3739,0.41685205698013306,0
3334,1660,0.38456466794013977,0
3334,576,0.38715922832489014,0
3334,3265,0.43876245617866516,0
3334,757,0.41814786195755005,0
3334,2412,0.4048854112625122,0
3802,3802,0.35752490162849426,1
3802,2619,0.39778751134872437,0
3802,728,0.42900148034095764,0
3802,1639,0.42420724034309387,0
3802,127,0.40287163853645325,0
3802,3405,0.42166298627853394,0
3802,277,0.4136202335357666,0
3802,2613,0.37746694684028625,0
3802,2148,0.46099239587783813,0
3802,2336,0.38750192523002625,0
3802,3901,0.3791746199131012,0
3802,1535,0.45097169280052185,0
3802,1205,0.4157748520374298,0
3802,1263,0.4538378417491913,0
3802,3609,0.4070400297641754,0
3802,3566,0.38902103900909424,0
3802,3548,0.4091871380805969,0
3802,4000,0.38471102714538574,0
3802,985,0.35972538590431213,0
3802,3923,0.39144808053970337,0
3668,3668,0.44612374901771545,1
3668,3962,0.3871341943740845,0
3668,3977,0.38640984892845154,0
3668,4080,0.37568244338035583,0
3668,2598,0.4200055003166199,0
3668,4120,0.3699430525302887,0
3668,854,0.4012049436569214,0
3668,411,0.4291059076786041,0
3668,3636,0.3773074448108673,0
3668,3698,0.36418643593788147,0
3668,1827,0.3835831880569458,0
3668,1463,0.4674314260482788,0
3668,3998,0.420007586479187,0
3668,4146,0.36839574575424194,0
3668,1437,0.36541372537612915,0
3668,592,0.4451256990432739,0
3668,4164,0.3637349307537079,0
3668,3273,0.3672701418399811,0
3668,3887,0.40054669976234436,0
3668,1375,0.4204736053943634,0
1791,1791,0.4021390378475189,1
1791,160,0.3818214535713196,0
1791,2256,0.35203835368156433,0
1791,1108,0.419041246175766,0
1791,1975,0.3803936243057251,0
1791,1023,0.45149362087249756,0
1791,3240,0.36695337295532227,0
1791,3015,0.39269477128982544,0
1791,1093,0.3935641944408417,0
1791,2528,0.3951426148414612,0
1791,3280,0.3552178144454956,0
1791,551,0.40570831298828125,0
1791,2188,0.47316884994506836,0
1791,2420,0.3649284541606903,0
1791,3940,0.34947875142097473,0
1791,195,0.3963623642921448,0
1791,3851,0.3909483253955841,0
1791,957,0.3500367999076843,0
1791,1344,0.3295438587665558,0
1791,97,0.4043811857700348,0
2028,2028,0.3897966742515564,1
2028,2959,0.3786867558956146,0
2028,2039,0.3676944375038147,0
2028,3685,0.3614296317100525,0
2028,25,0.37000250816345215,0
2028,1888,0.38853374123573303,0
2028,2239,0.45338359475135803,0
2028,698,0.4256390631198883,0
2028,1562,0.4007747173309326,0
2028,170,0.42276516556739807,0
2028,2236,0.39322489500045776,0
2028,88,0.39960306882858276,0
2028,1211,0.3801693320274353,0
2028,816,0.40932756662368774,0
2028,3679,0.34126728773117065,0
2028,3340,0.36616086959838867,0
2028,4178,0.3771233558654785,0
2028,225,0.41175520420074463,0
2028,3113,0.3637371361255646,0
2028,538,0.40052706003189087,0
2509,2509,0.3576470911502838,1
2509,3751,0.36618152260780334,0
2509,2637,0.41828346252441406,0
2509,897,0.39293816685676575,0
2509,1191,0.34712323546409607,0
2509,2451,0.3939356803894043,0
2509,1879,0.4466746151447296,0
2509,4121,0.3718410134315491,0
2509,377,0.3706941604614258,0
2509,230,0.4943624436855316,0
2509,2001,0.4005375802516937,0
2509,1241,0.3760840892791748,0
2509,2208,0.37790584564208984,0
2509,2183,0.3644205331802368,0
2509,989,0.40670645236968994,0
2509,2998,0.46049633622169495,0
2509,930,0.40988993644714355,0
2509,4109,0.3725631535053253,0
2509,2702,0.4017600417137146,0
2509,1771,0.36696887016296387,0
2857,2857,0.3753317594528198,1
2857,3233,0.43939775228500366,0
2857,1548,0.38855457305908203,0
2857,4054,0.3984757363796234,0
2857,1908,0.412306547164917,0
2857,851,0.41380706429481506,0
2857,944,0.35912442207336426,0
2857,3746,0.3958430290222168,0
2857,527,0.39544039964675903,0
2857,1593,0.3667345643043518,0
2857,3311,0.35775357484817505,0
2857,2994,0.4178270697593689,0
2857,3980,0.3872119188308716,0
2857,2140,0.39981552958488464,0
2857,2529,0.34615427255630493,0
2857,2513,0.3726690113544464,0
2857,3483,0.4742473065853119,0
2857,2899,0.42881715297698975,0
2857,3890,0.36607733368873596,0
2857,535,0.42807239294052124,0
3202,3202,0.39132001996040344,1
3202,2960,0.4142056405544281,0
3202,2619,0.377327561378479,0
3202,3116,0.40578752756118774,0
3202,294,0.3843989968299866,0
3202,3951,0.37437358498573303,0
3202,2123,0.40351957082748413,0
3202,431,0.3799193203449249,0
3202,2748,0.3501666188240051,0
3202,2645,0.4512734115123749,0
3202,4127,0.36518511176109314,0
3202,2700,0.4408722519874573,0
3202,1590,0.3821341395378113,0
3202,3267,0.42241746187210083,0
3202,1981,0.3801778256893158,0
3202,149,0.38685494661331177,0
3202,258,0.3767852187156677,0
3202,3467,0.39000168442726135,0
3202,2066,0.37424060702323914,0
3202,3455,0.4032389521598816,0
4140,4140,0.38990727066993713,1
4140,1645,0.37408435344696045,0
4140,2316,0.3559422791004181,0
4140,1336,0.387253999710083,0
4140,302,0.47376030683517456,0
4140,2470,0.38240864872932434,0
4140,1151,0.3901044428348541,0
4140,1805,0.38141754269599915,0
4140,1356,0.4241905212402344,0
4140,3990,0.37579795718193054,0
4140,642,0.4196162521839142,0
4140,3131,0.3798961341381073,0
4140,3073,0.42555174231529236,0
4140,1256,0.38425055146217346,0
4140,1806,0.43735361099243164,0
4140,2857,0.41313207149505615,0
4140,484,0.3972281515598297,0
4140,467,0.4401499032974243,0
4140,1437,0.3723515570163727,0
4140,1428,0.37997621297836304,0
3427,3427,0.3563125729560852,1
3427,2063,0.36046868562698364,0
3427,3325,0.36291247606277466,0
3427,3042,0.4358516335487366,0
3427,2755,0.4283979833126068,0
3427,3041,0.39226505160331726,0
3427,2097,0.3352290391921997,0
3427,3894,0.3629138171672821,0
3427,208,0.39604949951171875,0
3427,2112,0.3752612769603729,0
3427,2399,0.3595215678215027,0
3427,912,0.4257068932056427,0
3427,1881,0.4482255280017853,0
3427,2053,0.41376689076423645,0
3427,1748,0.4735179841518402,0
3427,3144,0.38667184114456177,0
3427,2248,0.3755519390106201,0
3427,3563,0.3339094817638397,0
3427,1680,0.43381279706954956,0
3427,90,0.4815986752510071,0
259,259,0.49405941367149353,1
259,1097,0.45338791608810425,0
259,656,0.48892122507095337,0
259,1798,0.38344234228134155,0
259,3151,0.3922404646873474,0
259,2036,0.4906068444252014,0
259,2281,0.38108304142951965,0
259,1717,0.4039413630962372,0
259,1337,0.41237518191337585,0
259,3576,0.4717349410057068,0
259,1895,0.42998355627059937,0
259,733,0.41359204053878784,0
259,1367,0.42805734276771545,0
259,2474,0.40511658787727356,0
259,3670,0.4158177077770233,0
259,3725,0.40866318345069885,0
259,611,0.37144753336906433,0
259,1274,0.39099133014678955,0
259,3882,0.38239938020706177,0
259,3406,0.41072240471839905,0
3681,3681,0.376079261302948,1
3681,494,0.374788761138916,0
3681,1555,0.37779828906059265,0
3681,973,0.388677179813385,0
3681,279,0.3966222107410431,0
3681,730,0.41547897458076477,0
3681,2593,0.4026837646961212,0
3681,1210,0.38097065687179565,0
3681,2645,0.406373530626297,0
3681,1503,0.37029382586479187,0
3681,1828,0.4088417589664459,0
3681,337,0.4186546802520752,0
3681,3903,0.3372606933116913,0
3681,1873,0.3609027862548828,0
3681,2940,0.40689021348953247,0
3681,1866,0.3938683569431305,0
3681,1397,0.4076371490955353,0
3681,1374,0.4184936285018921,0
3681,120,0.39413392543792725,0
3681,4134,0.36665967106819153,0
1110,1110,0.36466556787490845,1
1110,3180,0.403163880109787,0
1110,200,0.41745418310165405,0
1110,3590,0.36670225858688354,0
1110,2335,0.44772520661354065,0
1110,3072,0.3749195337295532,0
1110,1914,0.3656826913356781,0
1110,326,0.3781942129135132,0
1110,798,0.3918992280960083,0
1110,2727,0.45301541686058044,0
1110,1359,0.3575284481048584,0
1110,1244,0.392604261636734,0
1110,1054,0.46142494678497314,0
1110,491,0.4237591028213501,0
1110,3286,0.38322773575782776,0
1110,2533,0.3534490466117859,0
1110,260,0.3857700526714325,0
1110,2856,0.3722444474697113,0
1110,926,0.4303829073905945,0
1110,3207,0.37540510296821594,0
1908,1908,0.41730907559394836,1
1908,2619,0.3768065869808197,0
1908,2971,0.38960739970207214,0
1908,2924,0.39797186851501465,0
1908,3034,0.3846006989479065,0
1908,2865,0.3827299475669861,0
1908,3582,0.36465638875961304,0
1908,3371,0.3954020142555237,0
1908,1488,0.3864155113697052,0
1908,3140,0.4071793556213379,0
1908,2252,0.4073147475719452,0
1908,2417,0.3766699731349945,0
1908,2805,0.379102885723114,0
1908,2249,0.38869911432266235,0
1908,2448,0.3685572147369385,0
1908,950,0.4051455855369568,0
1908,3594,0.38780707120895386,0
1908,3212,0.37860679626464844,0
1908,2891,0.4369717836380005,0
1908,803,0.4205615520477295,0
1160,1160,0.39925941824913025,1
1160,162,0.43096211552619934,0
1160,2214,0.38224104046821594,0
1160,1886,0.3641101121902466,0
1160,1326,0.36659348011016846,0
1160,1901,0.4177835285663605,0
1160,262,0.42309409379959106,0
1160,1793,0.37116268277168274,0
1160,254,0.35668396949768066,0
1160,42,0.40090861916542053,0
1160,307,0.3976055085659027,0
1160,3955,0.3618854880332947,0
1160,2324,0.4437326490879059,0
1160,308,0.42823687195777893,0
1160,1975,0.4050622880458832,0
1160,519,0.38236892223358154,0
1160,2431,0.36586880683898926,0
1160,1325,0.37016060948371887,0
1160,4157,0.3586463928222656,0
1160,391,0.3886197507381439,0
2378,2378,0.38421007990837097,1
2378,2452,0.4822700023651123,0
2378,3514,0.431324303150177,0
2378,3902,0.38451194763183594,0
2378,4142,0.3819664716720581,0
2378,368,0.3847832679748535,0
2378,15,0.4220297336578369,0
2378,3383,0.37816375494003296,0
2378,2056,0.41561418771743774,0
2378,3564,0.3789294958114624,0
2378,1445,0.38413989543914795,0
2378,3674,0.39330241084098816,0
2378,3679,0.3537766635417938,0
2378,3038,0.38205426931381226,0
2378,2081,0.38572418689727783,0
2378,3981,0.399275004863739,0
2378,2835,0.39827653765678406,0
2378,99,0.4187072813510895,0
2378,1559,0.3735777735710144,0
2378,4157,0.3672149181365967,0
46,46,0.46499103307724,1
46,507,0.3805782198905945,0
46,1008,0.4112261235713959,0
46,1616,0.4651801586151123,0
46,3364,0.3828808665275574,0
46,2973,0.40685608983039856,0
46,3238,0.39722752571105957,0
46,365,0.3985186815261841,0
46,2518,0.39968031644821167,0
46,260,0.4179491400718689,0
46,205,0.4364563822746277,0
46,4013,0.4011794328689575,0
46,1311,0.4151011109352112,0
46,2193,0.39527082443237305,0
46,2793,0.40769651532173157,0
46,2922,0.4267336428165436,0
46,3334,0.40788185596466064,0
46,965,0.42295828461647034,0
46,785,0.3892645239830017,0
46,589,0.3986869752407074,0
2828,2828,0.3502978980541229,1
2828,1384,0.38606059551239014,0
2828,177,0.3821701407432556,0
2828,2046,0.4006154537200928,0
2828,1552,0.39038991928100586,0
2828,3208,0.38422808051109314,0
2828,3937,0.3968491852283478,0
2828,2837,0.383287250995636,0
2828,2036,0.43395939469337463,0
2828,2906,0.355154812335968,0
2828,327,0.3683995008468628,0
2828,3852,0.3730398416519165,0
2828,48,0.3751865029335022,0
2828,1602,0.3635280728340149,0
2828,2112,0.3809322714805603,0
2828,2420,0.3760713040828705,0
2828,261,0.3978714048862457,0
2828,2317,0.383810818195343,0
2828,3576,0.44438302516937256,0
2828,1912,0.4094780683517456,0
1054,1054,0.4389191269874573,1
1054,3759,0.3639039099216461,0
1054,1705,0.3630644381046295,0
1054,3964,0.3694179952144623,0
1054,1508,0.37636178731918335,0
1054,758,0.43722566962242126,0
1054,451,0.4125919044017792,0
1054,759,0.3969080448150635,0
1054,1039,0.4118313491344452,0
1054,142,0.3907334804534912,0
1054,489,0.42686060070991516,0
1054,563,0.40736886858940125,0
1054,4159,0.36449629068374634,0
1054,3165,0.41734910011291504,0
1054,2688,0.37564560770988464,0
1054,1034,0.37341171503067017,0
1054,959,0.3820726275444031,0
1054,3423,0.4029429852962494,0
1054,958,0.39450037479400635,0
1054,2725,0.3686729073524475,0
2940,2940,0.40574267506599426,1
2940,1069,0.398931622505188,0
2940,818,0.4199985861778259,0
2940,4059,0.398855060338974,0
2940,3379,0.3903506398200989,0
2940,3050,0.36712801456451416,0
2940,23,0.4451339542865753,0
2940,2963,0.38693302869796753,0
2940,1446,0.38107624650001526,0
2940,1963,0.3814597427845001,0
2940,2104,0.46427619457244873,0
2940,3189,0.38575294613838196,0
2940,1447,0.48018521070480347,0
2940,3424,0.3904477655887604,0
2940,2510,0.4800167381763458,0
2940,1810,0.42331287264823914,0
2940,708,0.4100828170776367,0
2940,3285,0.39470747113227844,0
2940,2110,0.3944898545742035,0
2940,3504,0.42139026522636414,0
2725,2725,0.37591058015823364,1
2725,2804,0.4008958041667938,0
2725,664,0.3579966127872467,0
2725,1331,0.35795074701309204,0
2725,3188,0.38357868790626526,0
2725,2254,0.37851640582084656,0
2725,2410,0.3465765118598938,0
2725,195,0.4060218036174774,0
2725,3281,0.3530929982662201,0
2725,2859,0.37204307317733765,0
2725,3383,0.3566648066043854,0
2725,1217,0.424856036901474,0
2725,1882,0.38171079754829407,0
2725,35,0.409640371799469,0
2725,368,0.3873269259929657,0
2725,3097,0.37837520241737366,0
2725,4117,0.36308711767196655,0
2725,583,0.3715394139289856,0
2725,3322,0.38379719853401184,0
2725,644,0.39937618374824524,0
1618,1618,0.3746406137943268,1
1618,3156,0.39087069034576416,0
1618,2407,0.5099751949310303,0
1618,2195,0.3868641257286072,0
1618,1776,0.42370790243148804,0
1618,2374,0.43186888098716736,0
1618,508,0.41170498728752136,0
1618,500,0.397000253200531,0
1618,1829,0.40829208493232727,0
1618,2422,0.4205288589000702,0
1618,1939,0.3837061822414398,0
1618,2145,0.3984781503677368,0
1618,3944,0.3992744982242584,0
1618,1297,0.4094596803188324,0
1618,689,0.35931769013404846,0
1618,2819,0.40116778016090393,0
1618,3403,0.3821018636226654,0
1618,403,0.47850632667541504,0
1618,2954,0.40290895104408264,0
1618,3123,0.37924742698669434,0
4121,4121,0.364169180393219,1
4121,1753,0.46315932273864746,0
4121,3740,0.40445637702941895,0
4121,2300,0.4312645196914673,0
4121,3179,0.3438730537891388,0
4121,2572,0.3722442388534546,0
4121,2446,0.39658230543136597,0
4121,367,0.40404748916625977,0
4121,4078,0.3837185800075531,0
4121,1912,0.40160197019577026,0
4121,1689,0.48223209381103516,0
4121,2213,0.3749508559703827,0
4121,3536,0.3549535572528839,0
4121,4064,0.42629578709602356,0
4121,3222,0.39391008019447327,0
4121,1989,0.4039921164512634,0
4121,3564,0.3739394545555115,0
4121,1973,0.3919854164123535,0
4121,1367,0.38990941643714905,0
4121,60,0.42002907395362854,0
2886,2886,0.3833465278148651,1
2886,2741,0.36361563205718994,0
2886,2653,0.3998878598213196,0
2886,370,0.4039627015590668,0
2886,2065,0.3870059549808502,0
2886,888,0.4798062741756439,0
2886,3660,0.39247745275497437,0
2886,1216,0.3906954526901245,0
2886,1069,0.3856692612171173,0
2886,2620,0.3762841522693634,0
2886,3874,0.4092150330543518,0
2886,1703,0.48835325241088867,0
2886,1764,0.37617355585098267,0
2886,1157,0.4489128291606903,0
2886,570,0.4214278757572174,0
2886,2969,0.39882612228393555,0
2886,145,0.40919652581214905,0
2886,3748,0.3817748427391052,0
2886,2891,0.41243502497673035,0
2886,3780,0.37029266357421875,0
1348,1348,0.377468466758728,1
1348,226,0.37654075026512146,0
1348,3551,0.3857678174972534,0
1348,530,0.3887880742549896,0
1348,3391,0.5202720165252686,0
1348,145,0.4175279140472412,0
1348,2780,0.37445342540740967,0
1348,3500,0.3659181296825409,0
1348,2886,0.3812127411365509,0
1348,1610,0.4311680793762207,0
1348,3292,0.38576000928878784,0
1348,3355,0.3881099820137024,0
1348,3958,0.36243751645088196,0
1348,169,0.41051429510116577,0
1348,1862,0.3917383551597595,0
1348,818,0.3971650004386902,0
1348,2798,0.406729519367218,0
1348,3341,0.37386515736579895,0
1348,2824,0.3764137625694275,0
1348,1187,0.3769679367542267,0
1179,1179,0.39814814925193787,1
1179,3715,0.3715880811214447,0
1179,978,0.36900007724761963,0
1179,4052,0.37058335542678833,0
1179,2367,0.39476650953292847,0
1179,749,0.4336289167404175,0
1179,2307,0.3635038733482361,0
1179,1052,0.3903048038482666,0
1179,40,0.4062947928905487,0
1179,2102,0.36835524439811707,0
1179,2390,0.39367392659187317,0
1179,2705,0.3826506733894348,0
1179,3270,0.39434105157852173,0
1179,3828,0.38002893328666687,0
1179,1171,0.4074704647064209,0
1179,3604,0.398714542388916,0
1179,246,0.3765513598918915,0
1179,2837,0.3898255228996277,0
1179,2644,0.4412723481655121,0
1179,1289,0.37204450368881226,0
2800,2800,0.3863338232040405,1
2800,3341,0.3649638891220093,0
2800,1193,0.40745678544044495,0
2800,102,0.43986451625823975,0
2800,3149,0.41397738456726074,0
2800,878,0.43488240242004395,0
2800,2354,0.37476783990859985,0
2800,3234,0.3753492832183838,0
2800,3343,0.4006246030330658,0
2800,3413,0.37624847888946533,0
2800,916,0.41404038667678833,0
2800,3489,0.3882752060890198,0
2800,2535,0.4242202043533325,0
2800,1412,0.3871532082557678,0
2800,860,0.4274812936782837,0
2800,2814,0.38689205050468445,0
2800,1442,0.42205992341041565,0
2800,2077,0.35745832324028015,0
2800,4123,0.3705371618270874,0
2800,3631,0.365273118019104,0
2818,2818,0.36611250042915344,1
2818,2403,0.36255598068237305,0
2818,1062,0.3658996820449829,0
2818,181,0.38263267278671265,0
2818,3385,0.34393206238746643,0
2818,2288,0.3800390362739563,0
2818,602,0.3875217139720917,0
2818,2832,0.373151957988739,0
2818,1101,0.3907890319824219,0
2818,4066,0.3567955195903778,0
2818,1595,0.38473713397979736,0
2818,3346,0.3511647880077362,0
2818,4163,0.3490908443927765,0
2818,4044,0.3611859083175659,0
2818,63,0.38920387625694275,0
2818,2460,0.4033104181289673,0
2818,2621,0.38300761580467224,0
2818,213,0.3574189245700836,0
2818,731,0.3822585642337799,0
2818,785,0.3641014099121094,0
596,596,0.3636381924152374,1
596,1198,0.3882101774215698,0
596,1845,0.3674444258213043,0
596,534,0.42001041769981384,0
596,3760,0.3889628052711487,0
596,2222,0.4159722328186035,0
596,3569,0.3921728730201721,0
596,1477,0.4257340431213379,0
596,1353,0.348766028881073,0
596,2485,0.45698612928390503,0
596,876,0.39560970664024353,0
596,2238,0.3667575716972351,0
596,4040,0.38765332102775574,0
596,3823,0.4064226746559143,0
596,44,0.394287645816803,0
596,749,0.42989036440849304,0
596,94,0.45459967851638794,0
596,3877,0.3970211446285248,0
596,3714,0.3728169798851013,0
596,2163,0.39128783345222473,0
2521,2521,0.3441704213619232,1
2521,904,0.36500200629234314,0
2521,946,0.35439494252204895,0
2521,3815,0.3652637302875519,0
2521,71,0.4087740182876587,0
2521,2351,0.3845362663269043,0
2521,3131,0.35938701033592224,0
2521,3264,0.3744159936904907,0
2521,2676,0.37217119336128235,0
2521,3211,0.41138923168182373,0
2521,3276,0.3574589192867279,0
2521,2496,0.4065376818180084,0
2521,3816,0.3608976900577545,0
2521,1069,0.3820844888687134,0
2521,3260,0.37870079278945923,0
2521,3408,0.38306331634521484,0
2521,648,0.4032009541988373,0
2521,2903,0.35394421219825745,0
2521,2760,0.38315340876579285,0
2521,2061,0.3591036796569824,0
1080,1080,0.3930334746837616,1
1080,583,0.40277767181396484,0
1080,479,0.4979954957962036,0
1080,3565,0.3862452507019043,0
1080,3225,0.3602460026741028,0
1080,117,0.4309396743774414,0
1080,499,0.4040161967277527,0
1080,2214,0.40285688638687134,0
1080,2483,0.38387614488601685,0
1080,1233,0.49515795707702637,0
1080,545,0.4618155360221863,0
1080,670,0.410025417804718,0
1080,2902,0.4020809531211853,0
1080,3876,0.3881841003894806,0
1080,4119,0.36611208319664,0
1080,2457,0.3834605813026428,0
1080,724,0.3754568099975586,0
1080,698,0.3982941806316376,0
1080,2431,0.37621378898620605,0
1080,2451,0.4004928767681122,0
982,982,0.39944884181022644,1
982,1040,0.3509548604488373,0
982,377,0.4105788469314575,0
982,3090,0.386758029460907,0
982,1607,0.3554784655570984,0
982,3231,0.37781381607055664,0
982,1155,0.45223772525787354,0
982,1672,0.3591577410697937,0
982,3062,0.37365907430648804,0
982,3593,0.3462170660495758,0
982,3104,0.34214234352111816,0
982,3570,0.3565441071987152,0
982,2249,0.3713563084602356,0
982,1351,0.389982670545578,0
982,3521,0.3552578389644623,0
982,3083,0.35134053230285645,0
982,1283,0.3741963803768158,0
982,2858,0.3482115864753723,0
982,1908,0.392877459526062,0
982,2413,0.3565402030944824,0
3019,3019,0.3840065002441406,1
3019,3485,0.3934192955493927,0
3019,3904,0.36666473746299744,0
3019,902,0.48793891072273254,0
3019,2722,0.3909021019935608,0
3019,2683,0.3805084228515625,0
3019,483,0.4227902591228485,0
3019,925,0.3992369472980499,0
3019,1112,0.4092056453227997,0
3019,926,0.4213215708732605,0
3019,975,0.38869941234588623,0
3019,1721,0.3827146589756012,0
3019,2716,0.3835145831108093,0
3019,238,0.4244551956653595,0
3019,2310,0.3955223858356476,0
3019,1848,0.4542883038520813,0
3019,3513,0.37367329001426697,0
3019,2592,0.37617793679237366,0
3019,944,0.388367235660553,0
3019,3291,0.5179399251937866,0
3641,3641,0.3916796147823334,1
3641,2880,0.4414941370487213,0
3641,3119,0.42191460728645325,0
3641,1212,0.43703770637512207,0
3641,2199,0.42837005853652954,0
3641,3494,0.4103816747665405,0
3641,2479,0.4411121606826782,0
3641,720,0.3751116096973419,0
3641,1502,0.3828166425228119,0
3641,2241,0.39422714710235596,0
3641,3309,0.3914484679698944,0
3641,1769,0.424207478761673,0
3641,2874,0.39672502875328064,0
3641,1809,0.44427168369293213,0
3641,387,0.4750392735004425,0
3641,3479,0.40349873900413513,0
3641,641,0.4661202132701874,0
3641,3224,0.3920918405056,0
3641,841,0.4339740574359894,0
3641,1492,0.4255053400993347,0
955,955,0.3986482322216034,1
955,438,0.37802359461784363,0
955,845,0.4442947208881378,0
955,3017,0.4538120925426483,0
955,2400,0.394075483083725,0
955,13,0.39480888843536377,0
955,1960,0.43547752499580383,0
955,2955,0.40059447288513184,0
955,2690,0.4039628505706787,0
955,4020,0.3947009742259979,0
955,2228,0.39119091629981995,0
955,1541,0.4360179007053375,0
955,1401,0.38423171639442444,0
955,3075,0.3955906331539154,0
955,2370,0.37774184346199036,0
955,1452,0.38990822434425354,0
955,2689,0.3749314248561859,0
955,2647,0.4042539596557617,0
955,3779,0.3817116618156433,0
955,2936,0.37980592250823975,0
551,551,0.4477398693561554,1
551,2751,0.3598383665084839,0
551,3440,0.3911159932613373,0
551,2052,0.45526790618896484,0
551,1397,0.42446497082710266,0
551,1702,0.3639897108078003,0
551,2658,0.41072073578834534,0
551,1016,0.3810267150402069,0
551,306,0.4659641981124878,0
551,105,0.4742222726345062,0
551,651,0.386451780796051,0
551,3957,0.360035240650177,0
551,4051,0.3999112844467163,0
551,2408,0.3917858302593231,0
551,1612,0.42518094182014465,0
551,2534,0.39439156651496887,0
551,1501,0.37473246455192566,0
551,1240,0.44637179374694824,0
551,2022,0.4091093838214874,0
551,2385,0.3862614631652832,0
1088,1088,0.34616953134536743,1
1088,3036,0.3661193549633026,0
1088,3020,0.39487916231155396,0
1088,2779,0.3759823441505432,0
1088,3123,0.3573112487792969,0
1088,1786,0.4347803592681885,0
1088,1234,0.33983007073402405,0
1088,3207,0.3590138256549835,0
1088,2177,0.3565353453159332,0
1088,3496,0.3330053389072418,0
1088,3659,0.3559962809085846,0
1088,1301,0.38090237975120544,0
1088,2206,0.3586641252040863,0
1088,246,0.34844645857810974,0
1088,2724,0.36529743671417236,0
1088,2187,0.36064526438713074,0
1088,1802,0.3699404001235962,0
1088,3561,0.36607038974761963,0
1088,805,0.3929383158683777,0
1088,3187,0.36238905787467957,0
20,20,0.4009513854980469,1
20,820,0.36083468794822693,0
20,745,0.3821920156478882,0
20,1861,0.42130014300346375,0
20,673,0.3895854651927948,0
20,2827,0.3563435673713684,0
20,1521,0.38273829221725464,0
20,1397,0.43847179412841797,0
20,1900,0.37954840064048767,0
20,2319,0.45627960562705994,0
20,702,0.3905114531517029,0
20,3840,0.36460167169570923,0
20,730,0.41656291484832764,0
20,96,0.3817199766635895,0
20,2725,0.3705112636089325,0
20,2879,0.3763321042060852,0
20,514,0.37480658292770386,0
20,2793,0.37928223609924316,0
20,1090,0.4770388603210449,0
20,3013,0.44989344477653503,0
1169,1169,0.40910956263542175,1
1169,943,0.4184150993824005,0
1169,3803,0.3637966513633728,0
1169,3020,0.41470038890838623,0
1169,1181,0.39679044485092163,0
1169,211,0.37428152561187744,0
1169,1652,0.4364933967590332,0
1169,2811,0.38590148091316223,0
1169,1887,0.37378597259521484,0
1169,541,0.4593818783760071,0
1169,555,0.38939106464385986,0
1169,1407,0.3712312877178192,0
1169,1486,0.36941254138946533,0
1169,2328,0.4199654161930084,0
1169,28,0.38532814383506775,0
1169,527,0.3990914523601532,0
1169,967,0.37092822790145874,0
1169,3280,0.3864765167236328,0
1169,4056,0.3918422758579254,0
1169,203,0.3894840478897095,0
3557,3557,0.40145212411880493,1
3557,256,0.42190948128700256,0
3557,1166,0.39351311326026917,0
3557,17,0.45965248346328735,0
3557,4141,0.3708992600440979,0
3557,384,0.3889849781990051,0
3557,3438,0.3935724198818207,0
3557,3964,0.39417099952697754,0
3557,468,0.4094238877296448,0
3557,3787,0.40793025493621826,0
3557,1289,0.3634434938430786,0
3557,3661,0.39038267731666565,0
3557,1621,0.3987788259983063,0
3557,825,0.39143189787864685,0
3557,2291,0.3945096433162689,0
3557,258,0.41296690702438354,0
3557,3931,0.3809531033039093,0
3557,662,0.43543919920921326,0
3557,2615,0.37106287479400635,0
3557,2250,0.3934718370437622,0
2046,2046,0.3946927487850189,1
2046,3294,0.36174654960632324,0
2046,2577,0.40691015124320984,0
2046,3006,0.3908384442329407,0
2046,1654,0.3816150426864624,0
2046,3712,0.3795356750488281,0
2046,1384,0.39413782954216003,0
2046,4022,0.35208117961883545,0
2046,1467,0.3967019319534302,0
2046,2502,0.37168973684310913,0
2046,2176,0.41122135519981384,0
2046,3352,0.38698363304138184,0
2046,2669,0.38220107555389404,0
2046,3376,0.40226826071739197,0
2046,2329,0.3716169595718384,0
2046,3806,0.4039192795753479,0
2046,3029,0.38718026876449585,0
2046,3729,0.3990199863910675,0
2046,1568,0.38515663146972656,0
2046,3403,0.3647182285785675,0
3478,3478,0.3686175048351288,1
3478,2479,0.40386149287223816,0
3478,2856,0.3728679418563843,0
3478,938,0.37115398049354553,0
3478,863,0.3985114097595215,0
3478,844,0.4306662380695343,0
3478,1440,0.37041959166526794,0
3478,3745,0.40606918931007385,0
3478,2389,0.33318325877189636,0
3478,2130,0.39697617292404175,0
3478,1229,0.46658197045326233,0
3478,3563,0.34964728355407715,0
3478,3560,0.35428354144096375,0
3478,705,0.36751115322113037,0
3478,1867,0.39910197257995605,0
3478,3632,0.3500789701938629,0
3478,2650,0.36884805560112,0
3478,3597,0.3744109272956848,0
3478,396,0.4021581709384918,0
3478,2726,0.3669344484806061,0
4151,4151,0.38862502574920654,1
4151,765,0.39494362473487854,0
4151,2582,0.432492196559906,0
4151,3620,0.36802369356155396,0
4151,680,0.4694820046424866,0
4151,3702,0.37110477685928345,0
4151,1890,0.35353899002075195,0
4151,2685,0.350414514541626,0
4151,2133,0.3657148480415344,0
4151,846,0.3583272397518158,0
4151,3847,0.3418445587158203,0
4151,3811,0.37266939878463745,0
4151,1574,0.4620673954486847,0
4151,2629,0.44117552042007446,0
4151,1583,0.4523389935493469,0
4151,1858,0.35965079069137573,0
4151,1773,0.42649081349372864,0
4151,3412,0.4032626450061798,0
4151,1084,0.41432222723960876,0
4151,951,0.413411021232605,0
1546,1546,0.4061412513256073,1
1546,1434,0.4101610779762268,0
1546,1606,0.3416503667831421,0
1546,2022,0.3934580981731415,0
1546,2549,0.44284534454345703,0
1546,923,0.405380517244339,0
1546,4072,0.4096182882785797,0
1546,2331,0.3922194838523865,0
1546,4016,0.36771905422210693,0
1546,2803,0.372355192899704,0
1546,2447,0.37705016136169434,0
1546,2828,0.36717748641967773,0
1546,951,0.42311856150627136,0
1546,3648,0.35765957832336426,0
1546,1092,0.3974362313747406,0
1546,3378,0.39103057980537415,0
1546,948,0.35261937975883484,0
1546,4105,0.35439634323120117,0
1546,2144,0.4234186112880707,0
1546,2655,0.3798404932022095,0
2867,2867,0.42453086376190186,1
2867,3331,0.3738633096218109,0
2867,3171,0.40564456582069397,0
2867,3182,0.45185816287994385,0
2867,20,0.43438124656677246,0
2867,3701,0.40448588132858276,0
2867,1476,0.41038501262664795,0
2867,3269,0.39523839950561523,0
2867,180,0.36949780583381653,0
2867,3875,0.40755605697631836,0
2867,3340,0.4127122163772583,0
2867,1759,0.414921373128891,0
2867,1137,0.4017978608608246,0
2867,2564,0.47031986713409424,0
2867,1935,0.4169384837150574,0
2867,3551,0.4067584276199341,0
2867,3867,0.4332912564277649,0
2867,4119,0.3809507191181183,0
2867,796,0.43941831588745117,0
2867,2455,0.39752188324928284,0
3611,3611,0.36844712495803833,1
3611,186,0.36546751856803894,0
3611,2581,0.42587876319885254,0
3611,2297,0.43230995535850525,0
3611,1643,0.3989112973213196,0
3611,3564,0.3651062846183777,0
3611,3094,0.3688177168369293,0
3611,3068,0.3574492931365967,0
3611,776,0.43767377734184265,0
3611,1811,0.3825470805168152,0
3611,780,0.4276081621646881,0
3611,1094,0.45103907585144043,0
3611,1981,0.38372838497161865,0
3611,343,0.4219091236591339,0
3611,586,0.5150858163833618,0
3611,2961,0.3677902817726135,0
3611,1598,0.40502360463142395,0
3611,497,0.40994197130203247,0
3611,1025,0.42579957842826843,0
3611,2719,0.3748381435871124,0
2240,2240,0.3891061842441559,1
2240,1234,0.37897989153862,0
2240,705,0.39676931500434875,0
2240,1635,0.4040938913822174,0
2240,1098,0.4034249186515808,0
2240,2681,0.396634042263031,0
2240,2409,0.4055052697658539,0
2240,3492,0.379244863986969,0
2240,334,0.4260849058628082,0
2240,1861,0.41266894340515137,0
2240,3178,0.4042450785636902,0
2240,3446,0.3765334486961365,0
2240,3994,0.3739846646785736,0
2240,3539,0.40601810812950134,0
2240,1622,0.4825046956539154,0
2240,2107,0.38855767250061035,0
2240,419,0.39551565051078796,0
2240,995,0.3723505139350891,0
2240,558,0.3889419436454773,0
2240,2528,0.4210966229438782,0
3803,3803,0.36974719166755676,1
3803,726,0.36543673276901245,0
3803,3002,0.3578602969646454,0
3803,2099,0.37921592593193054,0
3803,3886,0.3623124361038208,0
3803,203,0.35421597957611084,0
3803,3482,0.3507465720176697,0
3803,330,0.38775622844696045,0
3803,428,0.4568089246749878,0
3803,1948,0.3900880515575409,0
3803,3515,0.3790948987007141,0
3803,3811,0.34499678015708923,0
3803,604,0.440553218126297,0
3803,3355,0.37601056694984436,0
3803,1063,0.3691365122795105,0
3803,1023,0.4318065941333771,0
3803,3699,0.4075091779232025,0
3803,1030,0.40852466225624084,0
3803,2109,0.37945589423179626,0
3803,52,0.37768152356147766,0
1670,1670,0.44344210624694824,1
1670,3823,0.4294998347759247,0
1670,1506,0.3708326816558838,0
1670,2778,0.4283958375453949,0
1670,2535,0.4431573748588562,0
1670,1183,0.4275210201740265,0
1670,726,0.3740558922290802,0
1670,2036,0.49194684624671936,0
1670,2076,0.372672438621521,0
1670,3755,0.3792864680290222,0
1670,919,0.44766750931739807,0
1670,1177,0.3839735686779022,0
1670,1858,0.37901565432548523,0
1670,3305,0.38009530305862427,0
1670,3943,0.37518227100372314,0
1670,87,0.435352623462677,0
1670,1516,0.4455053210258484,0
1670,1179,0.3933633267879486,0
1670,3797,0.39279595017433167,0
1670,1697,0.4075719118118286,0
3766,3766,0.3917069435119629,1
3766,1676,0.4022728204727173,0
3766,3917,0.3897326588630676,0
3766,767,0.4061759114265442,0
3766,2842,0.39469054341316223,0
3766,3940,0.3880120813846588,0
3766,3841,0.3802015781402588,0
3766,630,0.37158703804016113,0
3766,2586,0.3855339288711548,0
3766,1648,0.4487762153148651,0
3766,3174,0.38759830594062805,0
3766,632,0.43163296580314636,0
3766,1147,0.3980071544647217,0
3766,1692,0.4513621926307678,0
3766,3025,0.3876943290233612,0
3766,3872,0.38850679993629456,0
3766,1598,0.421324223279953,0
3766,1301,0.4388326108455658,0
3766,3810,0.378406286239624,0
3766,1828,0.4308844208717346,0
2689,2689,0.37130749225616455,1
2689,2704,0.44095534086227417,0
2689,1502,0.38218069076538086,0
2689,2699,0.4746655523777008,0
2689,2908,0.3971756100654602,0
2689,3000,0.3967018723487854,0
2689,1812,0.5107150673866272,0
2689,3903,0.3498384952545166,0
2689,2182,0.37654465436935425,0
2689,2600,0.39610135555267334,0
2689,1809,0.442829966545105,0
2689,1438,0.3998355567455292,0
2689,963,0.3748646080493927,0
2689,511,0.3875870108604431,0
2689,1340,0.4345676600933075,0
2689,2280,0.4081668257713318,0
2689,4179,0.3836897015571594,0
2689,1974,0.42686718702316284,0
2689,1709,0.41897261142730713,0
2689,2574,0.41093549132347107,0
1302,1302,0.41245952248573303,1
1302,861,0.4207339584827423,0
1302,734,0.4372660517692566,0
1302,483,0.4316498637199402,0
1302,2239,0.46984100341796875,0
1302,3972,0.3844674229621887,0
1302,1585,0.487110435962677,0
1302,583,0.39768028259277344,0
1302,1246,0.45259806513786316,0
1302,1491,0.4147834777832031,0
1302,2682,0.4056974947452545,0
1302,741,0.36441412568092346,0
1302,1689,0.5123469829559326,0
1302,344,0.4980165660381317,0
1302,1990,0.4248915910720825,0
1302,3622,0.4061221182346344,0
1302,1902,0.38204407691955566,0
1302,2299,0.4134286642074585,0
1302,3894,0.4070588946342468,0
1302,948,0.3913009464740753,0
3511,3511,0.39382538199424744,1
3511,3456,0.4132274091243744,0
3511,2571,0.41484564542770386,0
3511,3061,0.48598867654800415,0
3511,1853,0.39341485500335693,0
3511,498,0.4352652132511139,0
3511,3812,0.3820255398750305,0
3511,2441,0.4026556611061096,0
3511,2360,0.4055016040802002,0
3511,3889,0.4012705981731415,0
3511,1183,0.4090983271598816,0
3511,750,0.3976752758026123,0
3511,545,0.428850919008255,0
3511,3179,0.35988691449165344,0
3511,1748,0.4706878066062927,0
3511,3826,0.3698018193244934,0
3511,3174,0.3862200975418091,0
3511,1272,0.40183156728744507,0
3511,2012,0.40572720766067505,0
3511,2047,0.3717927932739258,0
3907,3907,0.3789120614528656,1
3907,3463,0.3900391757488251,0
3907,231,0.4238221347332001,0
3907,2054,0.39899787306785583,0
3907,1451,0.4131484031677246,0
3907,3743,0.38921359181404114,0
3907,854,0.43908819556236267,0
3907,2225,0.41306400299072266,0
3907,848,0.4556681215763092,0
3907,3652,0.4447266459465027,0
3907,920,0.45140594244003296,0
3907,2111,0.49094370007514954,0
3907,1292,0.4136173725128174,0
3907,4145,0.3884616494178772,0
3907,3622,0.38648635149002075,0
3907,2817,0.3883374035358429,0
3907,3234,0.3762686252593994,0
3907,3708,0.36360079050064087,0
3907,2127,0.3684261739253998,0
3907,1514,0.361116498708725,0
1425,1425,0.47684356570243835,1
1425,3555,0.4023991525173187,0
1425,3061,0.5218546390533447,0
1425,748,0.42024919390678406,0
1425,1059,0.4389086067676544,0
1425,3384,0.42281243205070496,0
1425,3159,0.4678771495819092,0
1425,1946,0.42039263248443604,0
1425,1211,0.43224263191223145,0
1425,2137,0.42345041036605835,0
1425,707,0.44737210869789124,0
1425,1264,0.4364166855812073,0
1425,1034,0.41651204228401184,0
1425,4048,0.4495336413383484,0
1425,3675,0.4464772641658783,0
1425,2586,0.4148222506046295,0
1425,2028,0.4121544361114502,0
1425,1029,0.4087613523006439,0
1425,1708,0.44451454281806946,0
1425,3908,0.4183003604412079,0
50,50,0.4086073935031891,1
50,4176,0.3855060338973999,0
50,714,0.4218602776527405,0
50,3008,0.3784322738647461,0
50,399,0.45161309838294983,0
50,2809,0.44486382603645325,0
50,2370,0.39915838837623596,0
50,625,0.42804163694381714,0
50,3938,0.40632644295692444,0
50,1253,0.38182154297828674,0
50,976,0.3878178298473358,0
50,2647,0.43406108021736145,0
50,1574,0.474628210067749,0
50,2947,0.4157681465148926,0
50,2420,0.42067667841911316,0
50,1894,0.4269638955593109,0
50,2528,0.4380975365638733,0
50,3692,0.3754737675189972,0
50,2104,0.44213420152664185,0
50,204,0.454393208026886,0
2095,2095,0.375247985124588,1
2095,2558,0.37224775552749634,0
2095,3761,0.3660227954387665,0
2095,2480,0.39401641488075256,0
2095,3373,0.38396525382995605,0
2095,3755,0.3713650107383728,0
2095,2708,0.3766014873981476,0
2095,1144,0.4856775104999542,0
2095,2254,0.38044971227645874,0
2095,945,0.39313188195228577,0
2095,3921,0.37257692217826843,0
2095,2801,0.37041735649108887,0
2095,3832,0.38392123579978943,0
2095,1603,0.38302361965179443,0
2095,1549,0.37007462978363037,0
2095,3429,0.4203517436981201,0
2095,744,0.39654427766799927,0
2095,2127,0.3633907437324524,0
2095,3202,0.3844446539878845,0
2095,714,0.389942467212677,0
615,615,0.38778284192085266,1
615,1016,0.3551980257034302,0
615,3158,0.40103593468666077,0
615,2504,0.37228378653526306,0
615,3435,0.35851699113845825,0
615,1710,0.3958938419818878,0
615,3657,0.3687683939933777,0
615,2817,0.3879397511482239,0
615,2873,0.35758069157600403,0
615,3173,0.39581194519996643,0
615,2495,0.38909298181533813,0
615,1363,0.3689248561859131,0
615,51,0.3859356939792633,0
615,2247,0.5031040906906128,0
615,3864,0.3643115162849426,0
615,3640,0.3537157475948334,0
615,1467,0.38159289956092834,0
615,1415,0.4100821614265442,0
615,2756,0.3653114438056946,0
615,760,0.362669974565506,0
985,985,0.3721357583999634,1
985,599,0.4021768569946289,0
985,3237,0.4029676914215088,0
985,3979,0.3972533643245697,0
985,1172,0.4269637167453766,0
985,3162,0.3688531517982483,0
985,2582,0.42862096428871155,0
985,478,0.3919774293899536,0
985,2161,0.38625043630599976,0
985,2434,0.3848739266395569,0
985,3868,0.4010026752948761,0
985,2908,0.4142661988735199,0
985,1776,0.42316266894340515,0
985,1098,0.4066595435142517,0
985,3976,0.3903895318508148,0
985,3793,0.39145269989967346,0
985,3638,0.3740077614784241,0
985,2579,0.4311732351779938,0
985,381,0.43293115496635437,0
985,217,0.36544880270957947,0
1673,1673,0.488095223903656,1
1673,1357,0.39453932642936707,0
1673,2539,0.49607977271080017,0
1673,774,0.40419501066207886,0
1673,2426,0.39505118131637573,0
1673,3966,0.37272191047668457,0
1673,1666,0.40282297134399414,0
1673,2424,0.36807042360305786,0
1673,2591,0.4070155620574951,0
1673,1167,0.3970234990119934,0
1673,4044,0.38810262084007263,0
1673,2680,0.3893089294433594,0
1673,2740,0.4375799596309662,0
1673,1021,0.4752825200557709,0
1673,2636,0.4063977003097534,0
1673,2019,0.3948926329612732,0
1673,3942,0.4306093156337738,0
1673,1104,0.49616968631744385,0
1673,1245,0.41006702184677124,0
1673,2134,0.383321613073349,0
1802,1802,0.3834601938724518,1
1802,3544,0.37817832827568054,0
1802,1610,0.4173147678375244,0
1802,1014,0.4415680766105652,0
1802,2245,0.37245312333106995,0
1802,2797,0.38340646028518677,0
1802,3119,0.39578595757484436,0
1802,3235,0.3850243389606476,0
1802,102,0.42180222272872925,0
1802,4069,0.35790494084358215,0
1802,2548,0.404477059841156,0
1802,1636,0.4014292359352112,0
1802,2982,0.3873179852962494,0
1802,3579,0.3693658411502838,0
1802,303,0.3733575940132141,0
1802,2641,0.37056899070739746,0
1802,3506,0.3959276080131531,0
1802,495,0.4241074025630951,0
1802,3475,0.36570534110069275,0
1802,1648,0.44196242094039917,0
607,607,0.36642250418663025,1
607,264,0.43338677287101746,0
607,2082,0.4032641649246216,0
607,3934,0.4107178747653961,0
607,3485,0.38928017020225525,0
607,219,0.41224405169487,0
607,3780,0.38800567388534546,0
607,1016,0.36368101835250854,0
607,275,0.3925905227661133,0
607,104,0.4791831374168396,0
607,3717,0.5462257862091064,0
607,2896,0.3849504590034485,0
607,2831,0.38725587725639343,0
607,1783,0.41302233934402466,0
607,3065,0.37711527943611145,0
607,3246,0.37452447414398193,0
607,1035,0.41153696179389954,0
607,1555,0.4021691679954529,0
607,266,0.3703591823577881,0
607,2667,0.4331296980381012,0
2331,2331,0.4027543067932129,1
2331,3949,0.42660629749298096,0
2331,1412,0.40851113200187683,0
2331,2143,0.3746527433395386,0
2331,2747,0.4199698567390442,0
2331,2821,0.39914074540138245,0
2331,3632,0.37811481952667236,0
2331,3688,0.3857995569705963,0
2331,2663,0.44456946849823,0
2331,2683,0.3936310112476349,0
2331,1171,0.4020005464553833,0
2331,1760,0.3846378028392792,0
2331,2262,0.4598691761493683,0
2331,2603,0.39985641837120056,0
2331,3702,0.386736124753952,0
2331,2982,0.39486047625541687,0
2331,3677,0.3918374180793762,0
2331,2547,0.4006113111972809,0
2331,3442,0.37447357177734375,0
2331,160,0.41934096813201904,0
59,59,0.4210163354873657,1
59,1912,0.3997184932231903,0
59,2456,0.40481114387512207,0
59,1681,0.37774962186813354,0
59,3978,0.3819821774959564,0
59,2580,0.35877272486686707,0
59,3985,0.3769918978214264,0
59,717,0.36950355768203735,0
59,382,0.3914053440093994,0
59,3695,0.36996570229530334,0
59,1228,0.3935866951942444,0
59,2993,0.3867837190628052,0
59,2061,0.3731444478034973,0
59,653,0.4650166630744934,0
59,1350,0.38457638025283813,0
59,2622,0.3756088614463806,0
59,2934,0.3618474006652832,0
59,3566,0.3683909773826599,0
59,1363,0.37415263056755066,0
59,143,0.3760439455509186,0
2308,2308,0.36443111300468445,1
2308,1672,0.3911910355091095,0
2308,393,0.39686644077301025,0
2308,3332,0.37771472334861755,0
2308,1165,0.3784131407737732,0
2308,215,0.48823443055152893,0
2308,2329,0.372435063123703,0
2308,1969,0.39392542839050293,0
2308,3476,0.38105976581573486,0
2308,1047,0.35930943489074707,0
2308,1687,0.3871731162071228,0
2308,1475,0.39181092381477356,0
2308,3797,0.39066222310066223,0
2308,2644,0.4563380479812622,0
2308,1292,0.4011800289154053,0
2308,831,0.4342917203903198,0
2308,1732,0.482185035943985,0
2308,3395,0.3911782503128052,0
2308,3892,0.34906458854675293,0
2308,1772,0.3742128014564514,0
2514,2514,0.37824881076812744,1
2514,2448,0.34038156270980835,0
2514,969,0.3871862590312958,0
2514,634,0.3688526451587677,0
2514,3575,0.3372322618961334,0
2514,1481,0.42919638752937317,0
2514,2647,0.33285263180732727,0
2514,626,0.39893683791160583,0
2514,1790,0.373523473739624,0
2514,1199,0.3563597500324249,0
2514,1397,0.3830278515815735,0
2514,3225,0.3468050956726074,0
2514,1391,0.3569332957267761,0
2514,98,0.3731040358543396,0
2514,3074,0.3543091416358948,0
2514,489,0.39545896649360657,0
2514,2753,0.3410501480102539,0
2514,2099,0.36479756236076355,0
2514,3322,0.34512093663215637,0
2514,1460,0.3837871253490448,0
1977,1977,0.42423272132873535,1
1977,3556,0.3725143373012543,0
1977,4130,0.42333778738975525,0
1977,1569,0.3989519476890564,0
1977,732,0.46526074409484863,0
1977,3749,0.4060016870498657,0
1977,1194,0.3865259885787964,0
1977,4033,0.3688843250274658,0
1977,915,0.39187395572662354,0
1977,1954,0.4714612662792206,0
1977,3655,0.36491110920906067,0
1977,3099,0.40223804116249084,0
1977,881,0.44154244661331177,0
1977,1726,0.3869504928588867,0
1977,1851,0.3895273804664612,0
1977,1192,0.381571888923645,0
1977,3868,0.4055330455303192,0
1977,555,0.3893411159515381,0
1977,2866,0.4310474097728729,0
1977,722,0.3561288118362427,0
1562,1562,0.40967077016830444,1
1562,720,0.3510027825832367,0
1562,268,0.37247997522354126,0
1562,1774,0.4046659767627716,0
1562,2211,0.35583311319351196,0
1562,2887,0.3573991060256958,0
1562,607,0.3472393751144409,0
1562,3739,0.4335018992424011,0
1562,3146,0.3300531208515167,0
1562,199,0.46526071429252625,0
1562,544,0.3498375117778778,0
1562,807,0.4229114353656769,0
1562,2478,0.39916056394577026,0
1562,1162,0.3726368844509125,0
1562,2951,0.3689830005168915,0
1562,2652,0.4119206964969635,0
1562,2919,0.41928237676620483,0
1562,1798,0.3621945381164551,0
1562,2735,0.33821970224380493,0
1562,2573,0.3560381829738617,0
