movie_local,target_local,score,label
2852,1159,1.265525460243225,1
2852,2075,0.45959383249282837,0
2852,1817,0.4886341094970703,0
2852,1652,0.9044803380966187,0
2852,1600,0.838063657283783,0
2852,726,0.8247856497764587,0
2852,1774,0.8743283748626709,0
2852,1918,1.3868004083633423,0
2852,621,1.6619459390640259,0
2852,124,0.4437134563922882,0
2852,1849,0.8637294173240662,0
2852,356,0.4678170680999756,0
2852,1309,0.4562966823577881,0
2852,1779,0.8993983864784241,0
2852,1804,0.8369618058204651,0
2852,858,0.9199976921081543,0
2852,1488,0.46228545904159546,0
2852,540,1.4516788721084595,0
2852,1516,2.0209622383117676,0
2852,1807,0.9541419148445129,0
1674,149,3.031275510787964,1
1674,1893,0.9185084700584412,0
1674,1080,0.989841639995575,0
1674,893,0.610263466835022,0
1674,491,0.6699434518814087,0
1674,373,1.224621057510376,0
1674,214,0.547316312789917,0
1674,426,2.38443922996521,0
1674,945,0.5827009677886963,0
1674,363,0.6210236549377441,0
1674,870,0.6164125204086304,0
1674,1296,0.550719141960144,0
1674,1200,0.8939438462257385,0
1674,743,1.1843146085739136,0
1674,2015,0.6268556714057922,0
1674,1203,1.3029252290725708,0
1674,653,0.5500375032424927,0
1674,1477,0.5285093188285828,0
1674,847,1.4445180892944336,0
1674,256,1.889898419380188,0
2613,798,1.2963603734970093,1
2613,794,0.8863226175308228,0
2613,1462,0.9748462438583374,0
2613,426,2.372987747192383,0
2613,1088,1.5666850805282593,0
2613,298,0.9655320048332214,0
2613,1423,2.0922646522521973,0
2613,1381,1.2597362995147705,0
2613,930,1.5787814855575562,0
2613,754,1.2824381589889526,0
2613,775,0.4541874825954437,0
2613,15,0.9038122892379761,0
2613,202,2.3342905044555664,0
2613,1154,0.5691898465156555,0
2613,420,0.9683130979537964,0
2613,1815,0.5245080590248108,0
2613,1968,1.0059516429901123,0
2613,1148,0.9304589033126831,0
2613,783,0.9318907260894775,0
2613,627,0.8984082341194153,0
2715,655,1.8848304748535156,1
2715,2007,0.6079629063606262,0
2715,1896,1.0114495754241943,0
2715,1610,1.8960613012313843,0
2715,327,0.5344007611274719,0
2715,1959,0.8282676935195923,0
2715,1218,2.1230664253234863,0
2715,1627,0.9124690890312195,0
2715,580,0.803199291229248,0
2715,1990,1.2628767490386963,0
2715,524,0.5073586106300354,0
2715,1661,0.8653246760368347,0
2715,123,1.4180954694747925,0
2715,453,0.7933798432350159,0
2715,93,0.8133096098899841,0
2715,1264,0.9140587449073792,0
2715,303,0.7876355051994324,0
2715,613,1.4223663806915283,0
2715,677,0.4221000075340271,0
2715,105,1.1955766677856445,0
2019,1356,1.0776444673538208,1
2019,821,0.5771129131317139,0
2019,1678,1.158262848854065,0
2019,456,0.9477178454399109,0
2019,1193,0.5487983822822571,0
2019,407,2.097189426422119,0
2019,830,0.8892459273338318,0
2019,1168,1.467448115348816,0
2019,1073,0.6287456750869751,0
2019,1975,1.5353955030441284,0
2019,471,0.621860146522522,0
2019,791,0.9344994425773621,0
2019,1646,0.956825852394104,0
2019,1911,1.3467763662338257,0
2019,1047,0.6998003721237183,0
2019,1051,0.9637870788574219,0
2019,927,1.1277695894241333,0
2019,1131,1.0066403150558472,0
2019,2049,0.9797871112823486,0
2019,11,0.6142911911010742,0
141,1664,2.4127347469329834,1
141,641,0.8924763798713684,0
141,698,0.8964595198631287,0
141,246,0.819625735282898,0
141,701,0.519139289855957,0
141,402,0.8844919800758362,0
141,974,0.885282039642334,0
141,1946,1.5781795978546143,0
141,213,1.712609052658081,0
141,690,1.8120003938674927,0
141,1030,0.8154131770133972,0
141,680,1.8360707759857178,0
141,1580,1.2235554456710815,0
141,951,0.446993350982666,0
141,308,1.5981857776641846,0
141,212,1.4161081314086914,0
141,1954,0.5314627885818481,0
141,419,0.43504831194877625,0
141,1988,0.5049360990524292,0
141,955,0.9996054172515869,0
1550,1822,1.4762237071990967,1
1550,1124,2.9791901111602783,0
1550,1644,1.2938917875289917,0
1550,1474,1.3940980434417725,0
1550,685,1.0477240085601807,0
1550,754,1.2998030185699463,0
1550,810,0.5675345659255981,0
1550,787,1.0761044025421143,0
1550,1646,0.8778297901153564,0
1550,490,0.7896053194999695,0
1550,273,0.9332108497619629,0
1550,1796,1.2330806255340576,0
1550,240,0.9656010270118713,0
1550,1380,0.7410244941711426,0
1550,88,0.9378957748413086,0
1550,522,0.8398763537406921,0
1550,2036,2.05794620513916,0
1550,207,0.9221546053886414,0
1550,441,0.9671049118041992,0
1550,1431,0.8806573152542114,0
621,1237,0.6343470811843872,1
621,1227,1.0775659084320068,0
621,1942,2.0695152282714844,0
621,1130,0.9054744839668274,0
621,83,1.0331751108169556,0
621,44,0.987153172492981,0
621,183,0.9721455574035645,0
621,799,1.003674030303955,0
621,575,0.9524007439613342,0
621,1560,0.5743215680122375,0
621,704,0.972721517086029,0
621,2043,0.502129077911377,0
621,1768,0.5213879346847534,0
621,564,0.9640716314315796,0
621,1625,0.6544041633605957,0
621,107,1.0204203128814697,0
621,1311,0.5243520140647888,0
621,1515,1.7273403406143188,0
621,1271,0.9950579404830933,0
621,1573,1.0542473793029785,0
1076,1099,1.3439924716949463,1
1076,1438,0.47191038727760315,0
1076,847,1.452094554901123,0
1076,606,1.048945665359497,0
1076,764,0.9507102370262146,0
1076,1542,0.9712114334106445,0
1076,509,0.6459575891494751,0
1076,615,0.5681512355804443,0
1076,1825,1.1948683261871338,0
1076,1878,1.3374319076538086,0
1076,1934,1.0360318422317505,0
1076,1898,0.8541699051856995,0
1076,292,0.5903334617614746,0
1076,1538,1.047863483428955,0
1076,1865,0.9554355144500732,0
1076,1569,0.495883047580719,0
1076,721,0.9728768467903137,0
1076,47,1.0638128519058228,0
1076,598,1.3185925483703613,0
1076,1185,1.103596568107605,0
2045,472,1.3495935201644897,1
2045,1027,0.906644880771637,0
2045,1229,0.9685977697372437,0
2045,1205,1.316362977027893,0
2045,676,1.5357446670532227,0
2045,1265,0.9497634172439575,0
2045,247,0.4316774606704712,0
2045,984,0.9008089303970337,0
2045,721,0.9310484528541565,0
2045,959,1.3958479166030884,0
2045,1246,0.8651033043861389,0
2045,582,0.8806390762329102,0
2045,946,1.3300522565841675,0
2045,898,0.7634037137031555,0
2045,296,0.5268735885620117,0
2045,15,0.8930750489234924,0
2045,353,1.0678176879882812,0
2045,879,1.123008370399475,0
2045,812,0.9341709017753601,0
2045,736,0.9411138296127319,0
2494,1921,0.575693666934967,1
2494,912,0.900390088558197,0
2494,1583,1.100854516029358,0
2494,2039,1.286929965019226,0
2494,1122,2.08528995513916,0
2494,441,1.0318759679794312,0
2494,1941,0.9246920347213745,0
2494,638,1.071028470993042,0
2494,738,1.0816880464553833,0
2494,1180,1.5713248252868652,0
2494,59,1.5232824087142944,0
2494,2004,1.537171721458435,0
2494,1344,1.174507737159729,0
2494,1393,2.353447914123535,0
2494,1569,0.46484434604644775,0
2494,314,0.5696544647216797,0
2494,1890,0.8455971479415894,0
2494,83,1.1108304262161255,0
2494,106,1.7168645858764648,0
2494,753,0.9366453289985657,0
1056,850,1.5805673599243164,1
1056,257,1.118688941001892,0
1056,2032,0.8721270561218262,0
1056,402,0.9095962643623352,0
1056,1904,1.1342531442642212,0
1056,1989,0.825476884841919,0
1056,542,0.7855740785598755,0
1056,1540,0.5041683912277222,0
1056,1926,0.9208776354789734,0
1056,361,1.023974895477295,0
1056,1243,0.6169919967651367,0
1056,1568,0.516598105430603,0
1056,883,1.6829192638397217,0
1056,1972,1.5207680463790894,0
1056,149,2.537123680114746,0
1056,495,0.9207438230514526,0
1056,1483,0.8897965550422668,0
1056,1023,1.4894201755523682,0
1056,1912,0.7944279909133911,0
1056,228,0.7754801511764526,0
2615,1027,1.0110782384872437,1
2615,2013,1.531986117362976,0
2615,789,2.321777105331421,0
2615,943,0.9228800535202026,0
2615,1254,0.9318705797195435,0
2615,609,0.6203608512878418,0
2615,723,0.5589691400527954,0
2615,1229,1.0677868127822876,0
2615,252,0.6422253251075745,0
2615,1999,1.6463820934295654,0
2615,667,1.0099807977676392,0
2615,392,0.5694452524185181,0
2615,351,0.5857304334640503,0
2615,168,1.0875134468078613,0
2615,1198,1.400484323501587,0
2615,1403,0.9747743010520935,0
2615,1124,3.2611305713653564,0
2615,1085,0.5193860530853271,0
2615,967,0.9145588874816895,0
2615,1971,2.2306385040283203,0
3297,906,0.5947574377059937,1
3297,1885,1.0917868614196777,0
3297,1077,1.253394365310669,0
3297,1789,0.820197343826294,0
3297,1293,0.6294836401939392,0
3297,1596,0.897765576839447,0
3297,830,0.8738231658935547,0
3297,572,2.217050313949585,0
3297,1222,0.6320772171020508,0
3297,1923,1.4160438776016235,0
3297,163,0.9935922026634216,0
3297,1235,0.8342593312263489,0
3297,674,0.9253625273704529,0
3297,485,0.7636032700538635,0
3297,364,1.2877516746520996,0
3297,1386,0.9988874793052673,0
3297,1003,0.5750008225440979,0
3297,330,2.2891037464141846,0
3297,1624,0.4964579939842224,0
3297,1886,0.8931636810302734,0
369,1559,2.483588933944702,1
369,1635,0.49375244975090027,0
369,558,0.5711218118667603,0
369,2046,0.8077102303504944,0
369,283,0.9164273738861084,0
369,98,0.8612974286079407,0
369,159,1.837458610534668,0
369,614,0.9004316329956055,0
369,1446,0.8920537829399109,0
369,1647,0.5381593704223633,0
369,224,2.7873175144195557,0
369,669,1.0486043691635132,0
369,1975,1.4724351167678833,0
369,1213,0.47660690546035767,0
369,961,0.7840012311935425,0
369,1941,0.9203020334243774,0
369,239,0.5191451907157898,0
369,1135,0.8865442276000977,0
369,639,1.548980712890625,0
369,1895,0.863993227481842,0
443,1709,1.129669189453125,1
443,1730,1.6593161821365356,0
443,1824,0.6540888547897339,0
443,1323,3.1987433433532715,0
443,1217,0.9813051223754883,0
443,87,0.6313811540603638,0
443,1409,0.5548774600028992,0
443,802,1.048905372619629,0
443,1208,0.6381094455718994,0
443,100,1.3025121688842773,0
443,162,1.1228448152542114,0
443,1117,1.203627586364746,0
443,902,0.6853153705596924,0
443,1465,0.977374255657196,0
443,1725,1.4320311546325684,0
443,1089,1.2639951705932617,0
443,1511,1.0419261455535889,0
443,1801,1.2182639837265015,0
443,1181,1.1234149932861328,0
443,759,1.20913565158844,0
1637,1694,2.108844041824341,1
1637,1686,1.6063072681427002,0
1637,2056,0.5022066831588745,0
1637,1777,1.7521651983261108,0
1637,1054,0.8153908252716064,0
1637,1023,1.6344633102416992,0
1637,320,1.0155748128890991,0
1637,649,1.644442081451416,0
1637,391,0.4917987287044525,0
1637,542,0.8392511606216431,0
1637,578,0.8445435166358948,0
1637,396,0.9768808484077454,0
1637,958,1.738640308380127,0
1637,769,0.9456647634506226,0
1637,1689,2.2880194187164307,0
1637,1601,0.8713667988777161,0
1637,1544,0.8828576803207397,0
1637,193,1.5503566265106201,0
1637,915,1.3620260953903198,0
1637,465,0.5195809602737427,0
3840,864,0.7604312896728516,1
3840,1244,0.6959961652755737,0
3840,1644,1.1752387285232544,0
3840,394,0.8227239847183228,0
3840,1901,1.2281996011734009,0
3840,1809,1.124101996421814,0
3840,2037,1.0852214097976685,0
3840,1337,0.8990646004676819,0
3840,653,0.4248155653476715,0
3840,1542,0.8426862955093384,0
3840,515,0.3673035502433777,0
3840,2013,1.304439902305603,0
3840,1226,0.4817087650299072,0
3840,196,0.5199880003929138,0
3840,241,0.6750993132591248,0
3840,144,0.8121866583824158,0
3840,200,0.8780918717384338,0
3840,952,0.8722391128540039,0
3840,665,0.47183555364608765,0
3840,1292,0.8036634922027588,0
2720,1124,3.2534093856811523,1
2720,753,0.9229310154914856,0
2720,535,0.8742066025733948,0
2720,1199,0.4831736385822296,0
2720,1178,1.3696368932724,0
2720,489,0.557510495185852,0
2720,1145,1.0283854007720947,0
2720,652,1.4048447608947754,0
2720,1940,0.8809247016906738,0
2720,1657,1.0552122592926025,0
2720,1159,1.3927381038665771,0
2720,627,0.9395073056221008,0
2720,726,0.9083497524261475,0
2720,1424,0.9484521150588989,0
2720,1307,0.9305122494697571,0
2720,1761,0.9947149753570557,0
2720,1053,1.6930453777313232,0
2720,38,0.5736799240112305,0
2720,2050,1.4107229709625244,0
2720,1712,1.7271898984909058,0
2776,1206,0.5799502730369568,1
2776,514,1.175837755203247,0
2776,1366,0.9589645862579346,0
2776,468,0.9356306791305542,0
2776,1590,1.0858302116394043,0
2776,1394,0.8558869957923889,0
2776,1698,0.6735392808914185,0
2776,1853,1.877451777458191,0
2776,1948,1.3672038316726685,0
2776,1201,0.9935892820358276,0
2776,87,0.5711883306503296,0
2776,25,0.9572604894638062,0
2776,722,1.045695424079895,0
2776,836,1.7456868886947632,0
2776,1759,1.0494375228881836,0
2776,350,0.822407603263855,0
2776,953,1.244325876235962,0
2776,1440,1.0417567491531372,0
2776,1995,2.10465669631958,0
2776,96,1.0963705778121948,0
145,1002,1.7405463457107544,1
145,1159,1.3705744743347168,0
145,1241,0.4752197265625,0
145,168,0.9919436573982239,0
145,1775,0.5094598531723022,0
145,2000,1.386545181274414,0
145,697,1.3983709812164307,0
145,593,0.6373435258865356,0
145,150,0.9861932992935181,0
145,1959,0.9238404035568237,0
145,2003,0.5973935127258301,0
145,182,1.6454870700836182,0
145,936,1.238898754119873,0
145,1281,0.580333411693573,0
145,61,0.9264053106307983,0
145,919,1.6078996658325195,0
145,81,0.9036684632301331,0
145,1780,0.9563190937042236,0
145,178,0.5898784399032593,0
145,2019,0.9591517448425293,0
999,1060,1.328294038772583,1
999,94,1.2410142421722412,0
999,1739,1.4146164655685425,0
999,1914,1.315550684928894,0
999,1827,0.4529484212398529,0
999,704,0.9233452081680298,0
999,1149,0.4888767600059509,0
999,1983,1.44560968875885,0
999,801,1.9560922384262085,0
999,1291,0.8415214419364929,0
999,686,0.8927494287490845,0
999,738,0.9662956595420837,0
999,847,1.3605257272720337,0
999,1431,0.7956283688545227,0
999,224,2.696650505065918,0
999,745,1.4382916688919067,0
999,1303,0.8960654735565186,0
999,1469,0.8143893480300903,0
999,815,0.9383217096328735,0
999,998,0.8769457340240479,0
1975,1374,0.6223192811012268,1
1975,1164,1.4367700815200806,0
1975,1340,0.8867620825767517,0
1975,79,1.53908109664917,0
1975,1256,0.6236501336097717,0
1975,1815,0.5573218464851379,0
1975,1397,1.5227057933807373,0
1975,908,0.9860473871231079,0
1975,1297,1.1841920614242554,0
1975,376,0.496601939201355,0
1975,1357,0.6804344654083252,0
1975,1685,0.7106784582138062,0
1975,1841,0.5468692779541016,0
1975,1692,1.0254226922988892,0
1975,958,1.8053529262542725,0
1975,2053,1.0226991176605225,0
1975,714,0.867743968963623,0
1975,1839,0.9846608638763428,0
1975,1838,0.9820900559425354,0
1975,1239,1.082763671875,0
30,1323,2.848120927810669,1
30,19,0.44814956188201904,0
30,1457,1.2124563455581665,0
30,761,0.8881388902664185,0
30,1025,0.9698973298072815,0
30,72,1.041181206703186,0
30,1838,0.9517881870269775,0
30,1937,1.0024075508117676,0
30,2030,1.7895721197128296,0
30,283,0.9006426334381104,0
30,785,0.9509555101394653,0
30,325,1.4325025081634521,0
30,1392,1.5944088697433472,0
30,1346,0.9958837032318115,0
30,260,0.5978101491928101,0
30,1485,0.6062231063842773,0
30,1278,3.6257271766662598,0
30,2022,0.4674438238143921,0
30,202,2.245365619659424,0
30,1632,2.4533402919769287,0
144,104,2.1349706649780273,1
144,1772,0.8633842468261719,0
144,1688,0.6057636737823486,0
144,161,0.5112318396568298,0
144,1312,2.060429811477661,0
144,1483,0.9292590618133545,0
144,56,0.9543567895889282,0
144,920,0.870719313621521,0
144,438,1.0492817163467407,0
144,1226,0.5345910787582397,0
144,1786,0.8186531066894531,0
144,1094,0.8441759347915649,0
144,2030,1.774341344833374,0
144,614,0.8541065454483032,0
144,506,1.0513441562652588,0
144,1788,0.8520267009735107,0
144,1931,0.9711300730705261,0
144,276,0.9794669151306152,0
144,1348,1.4725329875946045,0
144,911,0.9266638159751892,0
3119,325,1.659557819366455,1
3119,2076,1.496870756149292,0
3119,1731,0.9923719167709351,0
3119,1028,0.9703724384307861,0
3119,1669,1.686734676361084,0
3119,263,1.0882229804992676,0
3119,1888,1.0887404680252075,0
3119,1989,0.9729214310646057,0
3119,484,0.6089276075363159,0
3119,1449,0.5776748657226562,0
3119,1185,1.1742967367172241,0
3119,426,2.5563645362854004,0
3119,136,0.988621175289154,0
3119,1291,1.0123984813690186,0
3119,663,1.0088915824890137,0
3119,675,1.0934840440750122,0
3119,1646,0.9536818265914917,0
3119,464,0.9499406814575195,0
3119,696,1.4098014831542969,0
3119,773,0.8987433314323425,0
3975,1145,1.0279181003570557,1
3975,395,1.4452766180038452,0
3975,1641,1.7224897146224976,0
3975,542,0.8487203121185303,0
3975,567,1.9780633449554443,0
3975,1308,0.5376599431037903,0
3975,787,1.1133313179016113,0
3975,688,0.9134973883628845,0
3975,540,1.6308404207229614,0
3975,519,0.9933443665504456,0
3975,250,1.133015513420105,0
3975,1435,1.029217004776001,0
3975,1729,1.2316093444824219,0
3975,105,1.2705624103546143,0
3975,428,0.9459733366966248,0
3975,974,0.8978046178817749,0
3975,955,1.0613200664520264,0
3975,420,0.9983075261116028,0
3975,1515,1.8165810108184814,0
3975,1893,0.9136151075363159,0
2340,1924,0.4715583920478821,1
2340,259,0.9208753108978271,0
2340,90,1.229071021080017,0
2340,246,0.8027998208999634,0
2340,1413,0.5109589695930481,0
2340,1584,0.8679469227790833,0
2340,1276,0.8128198385238647,0
2340,715,0.7893455624580383,0
2340,651,1.4241739511489868,0
2340,1951,1.1574578285217285,0
2340,641,0.834460437297821,0
2340,490,0.7533295154571533,0
2340,1301,0.7150195837020874,0
2340,29,0.4705163240432739,0
2340,558,0.5365471243858337,0
2340,1811,0.9023459553718567,0
2340,2031,0.8231483697891235,0
2340,2007,0.5127235651016235,0
2340,233,0.9483633637428284,0
2340,1721,1.180421233177185,0
1919,347,0.5568962097167969,1
1919,666,1.1436198949813843,0
1919,1542,0.9971061944961548,0
1919,1660,0.9440984129905701,0
1919,1830,1.0836095809936523,0
1919,1688,0.6664905548095703,0
1919,1935,1.100002646446228,0
1919,1982,1.0140094757080078,0
1919,1769,0.612781822681427,0
1919,1112,1.1108436584472656,0
1919,1898,0.884169340133667,0
1919,2075,0.572534441947937,0
1919,367,1.0696452856063843,0
1919,1980,1.65688955783844,0
1919,914,1.8612006902694702,0
1919,572,2.2990024089813232,0
1919,1009,1.3171167373657227,0
1919,323,1.1911935806274414,0
1919,1456,1.839665174484253,0
1919,33,1.4457770586013794,0
2412,1436,0.931627094745636,1
2412,231,1.8111083507537842,0
2412,1126,0.9689293503761292,0
2412,1885,1.1363580226898193,0
2412,84,1.1058276891708374,0
2412,1767,0.6683586835861206,0
2412,1141,0.987946093082428,0
2412,1958,1.1941497325897217,0
2412,1507,2.090456008911133,0
2412,1561,1.717650294303894,0
2412,1847,1.1231189966201782,0
2412,667,0.9875777363777161,0
2412,439,2.39158034324646,0
2412,399,1.0700383186340332,0
2412,660,0.9472180604934692,0
2412,2028,1.4239258766174316,0
2412,1594,1.052871584892273,0
2412,701,0.6760845184326172,0
2412,1771,1.1599743366241455,0
2412,1550,0.9922277331352234,0
2100,1806,3.3854527473449707,1
2100,1980,1.6556422710418701,0
2100,1145,1.0640223026275635,0
2100,928,1.1727722883224487,0
2100,1472,1.7732194662094116,0
2100,951,0.4987078309059143,0
2100,1444,0.9288647174835205,0
2100,419,0.48336902260780334,0
2100,253,1.0416882038116455,0
2100,885,1.0428751707077026,0
2100,173,1.411300778388977,0
2100,1895,0.9190160036087036,0
2100,1683,0.9410193562507629,0
2100,356,0.5813003182411194,0
2100,1666,1.6294201612472534,0
2100,1123,1.950419545173645,0
2100,1291,0.9612086415290833,0
2100,172,0.6561621427536011,0
2100,91,1.4136102199554443,0
2100,392,0.5480738878250122,0
3571,801,1.9222652912139893,1
3571,2030,1.752213478088379,0
3571,1657,0.9610521793365479,0
3571,345,5.131558418273926,0
3571,1176,0.5674961805343628,0
3571,1272,1.5812703371047974,0
3571,484,0.5454715490341187,0
3571,1216,1.0080897808074951,0
3571,1914,1.3196622133255005,0
3571,107,1.0274304151535034,0
3571,1844,2.6815929412841797,0
3571,1581,0.7443403005599976,0
3571,494,0.931740403175354,0
3571,222,0.8521053194999695,0
3571,754,1.25515878200531,0
3571,581,1.0586062669754028,0
3571,313,0.48041489720344543,0
3571,993,1.0950473546981812,0
3571,564,0.9352013468742371,0
3571,1817,0.5206483602523804,0
933,455,1.6652278900146484,1
933,1108,1.1047914028167725,0
933,2013,1.5148358345031738,0
933,860,1.0443623065948486,0
933,985,1.3091719150543213,0
933,1353,1.107926368713379,0
933,948,1.5979775190353394,0
933,243,0.9333837032318115,0
933,1933,0.8966116905212402,0
933,812,1.0471785068511963,0
933,894,1.0394442081451416,0
933,1114,1.4544740915298462,0
933,1594,1.069682002067566,0
933,1282,1.107064127922058,0
933,2026,1.1309301853179932,0
933,496,1.0792052745819092,0
933,596,1.224034070968628,0
933,906,0.6633437871932983,0
933,1715,1.3614121675491333,0
933,1277,1.3173753023147583,0
3475,1308,0.600086510181427,1
3475,2015,0.623951256275177,0
3475,1853,1.742601990699768,0
3475,1403,0.8697529435157776,0
3475,327,0.6228430271148682,0
3475,169,0.6286178827285767,0
3475,386,0.5606475472450256,0
3475,566,0.5794482231140137,0
3475,1335,0.8747134804725647,0
3475,972,0.9208146929740906,0
3475,593,0.5879310369491577,0
3475,1593,0.9441027641296387,0
3475,338,0.8474558591842651,0
3475,131,0.9482821226119995,0
3475,2004,1.4375511407852173,0
3475,1329,1.087944746017456,0
3475,1577,1.0275179147720337,0
3475,331,0.5933916568756104,0
3475,1560,0.6023180484771729,0
3475,363,0.6333655118942261,0
888,1760,2.132983446121216,1
888,1836,1.4644379615783691,0
888,1920,0.8969448208808899,0
888,1454,0.4758351445198059,0
888,393,0.985994279384613,0
888,1778,0.7475439310073853,0
888,1689,2.389077663421631,0
888,457,0.9140837788581848,0
888,1141,0.9572849273681641,0
888,590,3.0704023838043213,0
888,870,0.6208503246307373,0
888,481,1.0113869905471802,0
888,1614,1.1190471649169922,0
888,505,1.1131290197372437,0
888,588,0.6017844676971436,0
888,1670,0.8261398673057556,0
888,1622,1.3300981521606445,0
888,1661,0.9221370816230774,0
888,639,1.6574667692184448,0
888,1223,0.6799466609954834,0
2916,1791,0.5844804644584656,1
2916,380,0.5980522036552429,0
2916,1242,1.0204365253448486,0
2916,8,1.0353010892868042,0
2916,1141,0.9993573427200317,0
2916,1585,0.5998702049255371,0
2916,1671,2.7671523094177246,0
2916,731,1.0550291538238525,0
2916,1466,0.934294581413269,0
2916,443,0.980655312538147,0
2916,826,0.9916434288024902,0
2916,492,0.5776470303535461,0
2916,2038,2.418224811553955,0
2916,209,0.5961705446243286,0
2916,482,1.6741528511047363,0
2916,1840,0.5654997825622559,0
2916,882,0.8839351534843445,0
2916,591,1.0147114992141724,0
2916,1577,1.1096099615097046,0
2916,376,0.49833762645721436,0
3855,815,1.0965951681137085,1
3855,1581,0.7963374257087708,0
3855,1862,1.0101125240325928,0
3855,1524,0.9821478128433228,0
3855,401,0.9690256714820862,0
3855,399,1.0998095273971558,0
3855,675,1.0170475244522095,0
3855,54,1.062378168106079,0
3855,865,1.0246626138687134,0
3855,1492,0.8859236240386963,0
3855,906,0.5732325315475464,0
3855,316,1.3444563150405884,0
3855,1015,1.0495325326919556,0
3855,1298,0.9333648085594177,0
3855,782,1.0989042520523071,0
3855,1043,1.2585431337356567,0
3855,907,1.1396746635437012,0
3855,196,0.6179617643356323,0
3855,126,0.946334958076477,0
3855,823,1.6541821956634521,0
1051,90,1.3180196285247803,1
1051,1369,1.221827507019043,0
1051,925,0.5494409799575806,0
1051,1133,0.9244686365127563,0
1051,1848,1.3468667268753052,0
1051,528,1.0425719022750854,0
1051,1545,1.5668292045593262,0
1051,1251,0.9808304309844971,0
1051,21,0.5599062442779541,0
1051,1096,1.2945469617843628,0
1051,1080,1.0270153284072876,0
1051,447,1.251497507095337,0
1051,1419,0.9276363849639893,0
1051,660,0.9386062622070312,0
1051,1202,0.9958204030990601,0
1051,1236,1.4381507635116577,0
1051,482,1.6305521726608276,0
1051,215,0.8649941086769104,0
1051,835,0.9160144925117493,0
1051,625,0.9527685642242432,0
295,1549,1.6510319709777832,1
295,1306,1.0969418287277222,0
295,1845,1.3739516735076904,0
295,316,1.3665771484375,0
295,1741,0.8540430665016174,0
295,1551,1.144473671913147,0
295,1108,1.0689445734024048,0
295,1492,0.9437318444252014,0
295,425,0.5340741872787476,0
295,1522,1.3396315574645996,0
295,586,1.6168256998062134,0
295,1547,1.8750941753387451,0
295,131,0.9740485548973083,0
295,1344,1.1994998455047607,0
295,1841,0.5427734851837158,0
295,492,0.6099061965942383,0
295,1574,0.8677526712417603,0
295,1051,0.9653011560440063,0
295,165,1.0371944904327393,0
295,1706,0.5544480085372925,0
3702,1484,0.5339726209640503,1
3702,538,1.0549046993255615,0
3702,1873,0.945172131061554,0
3702,1792,1.2862502336502075,0
3702,844,0.9288462400436401,0
3702,1557,0.9380325078964233,0
3702,763,0.8753069639205933,0
3702,1285,0.4726232886314392,0
3702,591,0.9342069029808044,0
3702,1896,0.994110107421875,0
3702,1423,1.9775874614715576,0
3702,619,0.8630145788192749,0
3702,348,1.060427188873291,0
3702,1068,0.9049208760261536,0
3702,46,0.5762100219726562,0
3702,770,0.4306897222995758,0
3702,1276,0.8689825534820557,0
3702,240,0.9281384944915771,0
3702,40,2.1262972354888916,0
3702,418,0.9303535223007202,0
3074,1107,1.6840014457702637,1
3074,654,1.8810886144638062,0
3074,1979,0.9609596133232117,0
3074,1349,0.9309598207473755,0
3074,1071,0.9038033485412598,0
3074,1470,0.9954533576965332,0
3074,1230,0.877730131149292,0
3074,1105,0.44217759370803833,0
3074,546,1.0844652652740479,0
3074,1145,1.00460684299469,0
3074,880,1.3987820148468018,0
3074,278,0.43494197726249695,0
3074,213,2.0380306243896484,0
3074,1151,0.8694130778312683,0
3074,1800,0.8507950901985168,0
3074,835,0.8744146227836609,0
3074,5,0.4708135724067688,0
3074,1390,0.8657518625259399,0
3074,1555,0.8322703242301941,0
3074,312,0.917290449142456,0
4007,1304,0.7975302338600159,1
4007,459,0.36407190561294556,0
4007,1923,1.1655056476593018,0
4007,1288,0.7859731316566467,0
4007,794,0.7210951447486877,0
4007,381,0.8502820730209351,0
4007,1998,0.6643595695495605,0
4007,213,1.5929267406463623,0
4007,102,0.7852053642272949,0
4007,1031,0.7100321054458618,0
4007,1154,0.44782203435897827,0
4007,1544,0.763442873954773,0
4007,1232,1.400057077407837,0
4007,548,0.7608638405799866,0
4007,1436,0.6887310147285461,0
4007,1018,0.4552481174468994,0
4007,632,0.7522420883178711,0
4007,1845,1.1632541418075562,0
4007,1497,0.8069860935211182,0
4007,1338,0.8100403547286987,0
606,1882,0.4837082624435425,1
606,155,0.9887100458145142,0
606,48,0.9209591150283813,0
606,52,0.8915259838104248,0
606,265,1.0789947509765625,0
606,447,1.3441892862319946,0
606,776,0.5370376706123352,0
606,510,0.4282238483428955,0
606,313,0.4643009305000305,0
606,1702,0.8224075436592102,0
606,1459,0.9444800615310669,0
606,1997,0.8897443413734436,0
606,1989,0.8958353996276855,0
606,1222,0.5829226970672607,0
606,1945,0.417108416557312,0
606,826,0.9364321231842041,0
606,426,2.7107579708099365,0
606,935,1.0187678337097168,0
606,589,0.4554475247859955,0
606,1787,1.6312634944915771,0
1932,1643,2.5319323539733887,1
1932,1523,0.9699960947036743,0
1932,7,0.9597981572151184,0
1932,1776,0.7351075410842896,0
1932,580,0.8554727435112,0
1932,1165,0.9085233211517334,0
1932,589,0.43126726150512695,0
1932,1124,3.259629249572754,0
1932,1308,0.5369289517402649,0
1932,1466,0.8656401038169861,0
1932,1125,0.851976752281189,0
1932,183,0.8689950108528137,0
1932,1022,0.8364546895027161,0
1932,630,0.4240487217903137,0
1932,346,0.49708229303359985,0
1932,862,0.8506578803062439,0
1932,2061,0.6023955345153809,0
1932,1257,2.0318500995635986,0
1932,604,0.39548996090888977,0
1932,914,1.8760640621185303,0
3205,391,0.47354257106781006,1
3205,396,0.8901418447494507,0
3205,897,0.5488512516021729,0
3205,1559,2.334268808364868,0
3205,110,0.38777267932891846,0
3205,455,1.7365802526474,0
3205,395,1.386595606803894,0
3205,1281,0.4850196838378906,0
3205,1767,0.5400546789169312,0
3205,315,1.0126901865005493,0
3205,782,1.0036852359771729,0
3205,235,2.217785358428955,0
3205,1693,1.6303958892822266,0
3205,448,0.9019154906272888,0
3205,1396,1.3663221597671509,0
3205,1307,0.8836401104927063,0
3205,1026,0.847122848033905,0
3205,451,1.2719535827636719,0
3205,1027,0.8944774866104126,0
3205,684,0.45732778310775757,0
16,1667,1.4528546333312988,1
16,1676,0.9765754342079163,0
16,1855,1.1157971620559692,0
16,1104,1.9186434745788574,0
16,767,0.5364967584609985,0
16,777,0.9986901879310608,0
16,127,1.1101160049438477,0
16,581,1.0605907440185547,0
16,878,0.7005995512008667,0
16,1312,2.2288577556610107,0
16,456,0.8842632174491882,0
16,1816,0.5441262722015381,0
16,1835,0.9372889399528503,0
16,59,1.353960394859314,0
16,1054,0.89777672290802,0
16,1851,0.9519779086112976,0
16,1169,1.1324166059494019,0
16,529,1.8062200546264648,0
16,257,1.1771392822265625,0
16,1729,1.1390197277069092,0
54,471,0.4935101568698883,1
54,285,0.8885573744773865,0
54,122,1.585883617401123,0
54,973,0.8369730710983276,0
54,985,1.180099606513977,0
54,1412,0.9186525940895081,0
54,1744,1.3312828540802002,0
54,1763,0.48602819442749023,0
54,1912,0.7680615782737732,0
54,280,0.904646098613739,0
54,1811,0.8621821999549866,0
54,1737,0.35160189867019653,0
54,935,0.868899941444397,0
54,1122,1.7838411331176758,0
54,1800,0.7179272174835205,0
54,498,0.7846948504447937,0
54,1873,0.8366526961326599,0
54,1167,0.8378123044967651,0
54,809,0.7924084663391113,0
54,696,1.1407989263534546,0
3969,48,0.8513457775115967,1
3969,1708,1.2247058153152466,0
3969,774,0.8403052687644958,0
3969,930,1.6223130226135254,0
3969,2076,1.361270546913147,0
3969,236,0.9381394386291504,0
3969,671,1.2979872226715088,0
3969,1514,0.9835633039474487,0
3969,1183,0.8438847661018372,0
3969,154,1.0354351997375488,0
3969,835,0.9423289895057678,0
3969,1518,1.776786208152771,0
3969,1182,1.3780936002731323,0
3969,507,0.5082600116729736,0
3969,1156,0.9387600421905518,0
3969,836,1.698068618774414,0
3969,393,1.007629156112671,0
3969,1490,1.021897315979004,0
3969,70,0.9513474106788635,0
3969,1734,1.09800386428833,0
3224,885,0.9773841500282288,1
3224,692,0.9798052906990051,0
3224,1175,0.9326173067092896,0
3224,772,0.558605432510376,0
3224,1027,0.9361449480056763,0
3224,398,1.6829173564910889,0
3224,507,0.4886178970336914,0
3224,1704,0.9105391502380371,0
3224,1999,1.528889536857605,0
3224,1415,0.9498893618583679,0
3224,139,1.7772995233535767,0
3224,844,0.8548240065574646,0
3224,1239,0.9783552885055542,0
3224,2040,1.417108178138733,0
3224,646,0.5672636032104492,0
3224,217,0.9197974801063538,0
3224,1440,0.9823286533355713,0
3224,1904,1.2724575996398926,0
3224,1167,0.9413958787918091,0
3224,1426,0.8677813410758972,0
1567,1168,1.420462727546692,1
1567,1392,1.7511178255081177,0
1567,829,1.097544550895691,0
1567,1368,0.5206345915794373,0
1567,1117,1.0953441858291626,0
1567,702,2.1570799350738525,0
1567,1946,1.7498306035995483,0
1567,198,0.9716015458106995,0
1567,1538,1.1106529235839844,0
1567,728,0.9537476897239685,0
1567,1874,0.8716148734092712,0
1567,1405,2.1733648777008057,0
1567,835,0.9625062942504883,0
1567,1112,1.077514410018921,0
1567,815,1.081207513809204,0
1567,446,0.5512295961380005,0
1567,1020,1.655522108078003,0
1567,1561,1.9958009719848633,0
1567,1453,0.932593822479248,0
1567,1127,0.516555905342102,0
3919,281,0.5589774250984192,1
3919,1419,0.9071773290634155,0
3919,608,0.9633187651634216,0
3919,1293,0.5890244245529175,0
3919,656,0.494475394487381,0
3919,740,0.6561276316642761,0
3919,1602,0.9030462503433228,0
3919,977,1.3867243528366089,0
3919,1191,0.5279653072357178,0
3919,1972,1.6732121706008911,0
3919,1355,1.8481780290603638,0
3919,100,1.0558117628097534,0
3919,1934,0.9983463287353516,0
3919,439,2.2830278873443604,0
3919,1736,0.9153808951377869,0
3919,857,0.5449224710464478,0
3919,834,1.4029158353805542,0
3919,810,0.5498255491256714,0
3919,939,0.47053706645965576,0
3919,2060,1.2954003810882568,0
178,1203,1.1783931255340576,1
178,1862,0.7602450847625732,0
178,708,0.6885347962379456,0
178,722,0.8454840183258057,0
178,974,0.7665648460388184,0
178,213,1.620192527770996,0
178,94,1.1998305320739746,0
178,1064,0.6788232922554016,0
178,743,1.0679179430007935,0
178,385,0.8004165887832642,0
178,1282,0.8880939483642578,0
178,1084,0.6931081414222717,0
178,45,0.43302351236343384,0
178,1758,0.3698992133140564,0
178,1090,0.7299257516860962,0
178,2007,0.5153930187225342,0
178,1878,1.0899001359939575,0
178,1182,1.163923978805542,0
178,764,0.7502454519271851,0
178,1769,0.4813629388809204,0
420,499,1.0524638891220093,1
420,128,0.551619291305542,0
420,1214,1.8621524572372437,0
420,330,2.3597452640533447,0
420,1576,0.5669922828674316,0
420,596,1.2723640203475952,0
420,1787,1.5997556447982788,0
420,2065,1.0522127151489258,0
420,416,0.9365638494491577,0
420,796,1.109300971031189,0
420,1696,0.9249681234359741,0
420,1913,1.5568755865097046,0
420,2044,1.676413893699646,0
420,1547,1.9089479446411133,0
420,1849,0.9195055365562439,0
420,1897,0.9112102389335632,0
420,601,0.48901480436325073,0
420,300,0.6271156072616577,0
420,1595,0.9503477811813354,0
420,915,1.356679081916809,0
1736,201,0.6219552159309387,1
1736,402,0.9830267429351807,0
1736,262,1.7243937253952026,0
1736,176,1.7276068925857544,0
1736,244,0.9423726797103882,0
1736,1397,1.467444896697998,0
1736,334,0.8819899559020996,0
1736,1798,0.982809841632843,0
1736,1176,0.6271668076515198,0
1736,1679,1.0532671213150024,0
1736,1867,1.8559703826904297,0
1736,1645,0.9068214297294617,0
1736,1784,1.042952537536621,0
1736,1145,1.0442137718200684,0
1736,422,0.9157624840736389,0
1736,354,0.5296761989593506,0
1736,1387,0.6167460680007935,0
1736,1376,1.0926216840744019,0
1736,296,0.6050755977630615,0
1736,535,0.9053398966789246,0
2446,1111,0.4852120280265808,1
2446,857,0.49171775579452515,0
2446,58,0.9308227896690369,0
2446,950,0.3925040066242218,0
2446,2040,1.2933802604675293,0
2446,839,0.8903161287307739,0
2446,1857,0.8129619359970093,0
2446,1436,0.7781111001968384,0
2446,1400,1.6708046197891235,0
2446,185,0.7806075811386108,0
2446,335,1.4570256471633911,0
2446,1806,3.168440818786621,0
2446,1484,0.44750475883483887,0
2446,1804,0.7815098762512207,0
2446,925,0.44647473096847534,0
2446,1438,0.41910290718078613,0
2446,1344,1.0001670122146606,0
2446,1416,0.9839802980422974,0
2446,1470,0.9081341624259949,0
2446,1323,2.642080545425415,0
3179,741,1.0854614973068237,1
3179,1297,1.0702465772628784,0
3179,1167,0.9262267351150513,0
3179,2012,0.9345590472221375,0
3179,1568,0.5384793877601624,0
3179,1110,1.4278945922851562,0
3179,1824,0.5788499116897583,0
3179,492,0.5470607280731201,0
3179,363,0.6221100687980652,0
3179,688,0.8872801065444946,0
3179,466,0.8497381806373596,0
3179,730,0.8540734648704529,0
3179,1360,0.9727894067764282,0
3179,1058,1.3010903596878052,0
3179,151,2.2358076572418213,0
3179,1553,0.7866729497909546,0
3179,841,2.0261144638061523,0
3179,754,1.323177456855774,0
3179,412,0.6204936504364014,0
3179,1991,1.0098830461502075,0
1368,873,0.562838613986969,1
1368,300,0.6429262161254883,0
1368,489,0.5817059278488159,0
1368,470,0.8855940699577332,0
1368,642,0.9778373837471008,0
1368,632,0.9867770075798035,0
1368,720,1.4754899740219116,0
1368,518,1.0863301753997803,0
1368,1770,1.1375807523727417,0
1368,685,1.1379551887512207,0
1368,253,1.035025715827942,0
1368,1563,1.1891026496887207,0
1368,1775,0.5048223733901978,0
1368,1525,2.068180561065674,0
1368,769,1.0051099061965942,0
1368,1602,0.9421408772468567,0
1368,1912,0.8428600430488586,0
1368,795,0.8947827219963074,0
1368,248,1.0269290208816528,0
1368,1587,0.5557855367660522,0
1327,1693,1.599840521812439,1
1327,314,0.5937498807907104,0
1327,1732,1.6369006633758545,0
1327,736,0.9916014671325684,0
1327,104,2.139934539794922,0
1327,135,0.8501443862915039,0
1327,1525,2.0663394927978516,0
1327,383,0.9798021912574768,0
1327,63,0.905287504196167,0
1327,1748,0.9974818229675293,0
1327,728,0.9056593179702759,0
1327,1728,1.7167489528656006,0
1327,1565,0.9309232234954834,0
1327,369,2.065502882003784,0
1327,1027,1.0105992555618286,0
1327,678,0.8602932095527649,0
1327,278,0.48105379939079285,0
1327,427,1.8963264226913452,0
1327,968,1.2448171377182007,0
1327,1721,1.3588213920593262,0
1882,1997,0.7657500505447388,1
1882,279,0.9505988955497742,0
1882,636,0.9457987546920776,0
1882,255,0.8071893453598022,0
1882,973,0.8918150663375854,0
1882,1200,0.849169909954071,0
1882,727,0.4441479444503784,0
1882,1508,1.2101267576217651,0
1882,1203,1.2213598489761353,0
1882,650,0.8473722338676453,0
1882,675,0.8878522515296936,0
1882,475,1.4415520429611206,0
1882,801,1.8243558406829834,0
1882,1919,0.8034034967422485,0
1882,1845,1.2536667585372925,0
1882,1903,0.5483741760253906,0
1882,877,0.830339252948761,0
1882,1274,0.9043312668800354,0
1882,89,0.4337165355682373,0
1882,1445,2.2572662830352783,0
3306,1455,0.9322642087936401,1
3306,558,0.6589047908782959,0
3306,1813,1.023472785949707,0
3306,1584,1.0433189868927002,0
3306,737,0.5054624080657959,0
3306,1510,0.9663721323013306,0
3306,1256,0.631198525428772,0
3306,567,1.9856469631195068,0
3306,1356,1.062831163406372,0
3306,1923,1.429813027381897,0
3306,1606,0.5129320621490479,0
3306,1239,1.0903583765029907,0
3306,1423,2.2271101474761963,0
3306,322,0.9338319897651672,0
3306,1298,0.9433619976043701,0
3306,1707,1.4060825109481812,0
3306,1276,0.9592148065567017,0
3306,1578,2.3251864910125732,0
3306,967,0.9576601386070251,0
3306,1339,1.4663630723953247,0
2841,1768,0.573387622833252,1
2841,276,1.0246235132217407,0
2841,701,0.6229926347732544,0
2841,708,0.8814234137535095,0
2841,1077,1.2297388315200806,0
2841,864,0.9811022281646729,0
2841,810,0.6182565689086914,0
2841,170,1.12053382396698,0
2841,1112,1.0245954990386963,0
2841,1847,1.1672724485397339,0
2841,311,1.3367223739624023,0
2841,267,0.5552750825881958,0
2841,367,1.0992321968078613,0
2841,341,0.6339167356491089,0
2841,491,0.7607244253158569,0
2841,1831,0.93630450963974,0
2841,335,1.6045591831207275,0
2841,1396,1.4202550649642944,0
2841,248,1.0059744119644165,0
2841,1156,0.9277302622795105,0
508,173,1.168616533279419,1
508,438,0.9086863398551941,0
508,1403,0.7963367104530334,0
508,758,0.7179652452468872,0
508,241,0.6802111268043518,0
508,1327,1.1525808572769165,0
508,635,0.8298047184944153,0
508,827,0.4452085494995117,0
508,1393,1.8657464981079102,0
508,41,1.1907868385314941,0
508,384,0.4020770192146301,0
508,1587,0.44380804896354675,0
508,1583,0.9076460003852844,0
508,283,0.7960051894187927,0
508,1159,1.1815749406814575,0
508,1103,0.5123944878578186,0
508,1836,1.2369084358215332,0
508,864,0.7623052000999451,0
508,1292,0.8011642098426819,0
508,675,0.8364283442497253,0
3612,1346,0.9019021391868591,1
3612,1235,0.7960904240608215,0
3612,1110,1.3760161399841309,0
3612,398,1.6027432680130005,0
3612,0,0.9006689786911011,0
3612,723,0.4924059212207794,0
3612,954,1.1553986072540283,0
3612,2063,0.5110876560211182,0
3612,1619,0.51678866147995,0
3612,1741,0.7612065076828003,0
3612,2044,1.5697795152664185,0
3612,2072,0.9684790372848511,0
3612,165,0.9554130434989929,0
3612,679,0.8957494497299194,0
3612,238,1.480685830116272,0
3612,800,0.8507423400878906,0
3612,513,1.2828880548477173,0
3612,1534,0.5353827476501465,0
3612,1781,0.766665518283844,0
3612,1156,0.877753734588623,0
962,472,1.4591760635375977,1
962,329,0.45521965622901917,0
962,1551,1.083899974822998,0
962,1494,1.3865084648132324,0
962,1731,0.9264590740203857,0
962,971,0.5218377113342285,0
962,10,2.222987174987793,0
962,163,0.9083938598632812,0
962,1216,0.99360591173172,0
962,745,1.5344908237457275,0
962,584,0.9690453410148621,0
962,620,0.5404630899429321,0
962,749,0.8937392830848694,0
962,412,0.5866284370422363,0
962,305,0.8389371037483215,0
962,69,0.44031253457069397,0
962,380,0.5499202013015747,0
962,542,0.8815158009529114,0
962,1536,2.400761127471924,0
962,64,0.9735220670700073,0
3637,1695,0.6690776944160461,1
3637,1916,0.47962015867233276,0
3637,208,1.9555823802947998,0
3637,1272,1.7158032655715942,0
3637,1980,1.6470532417297363,0
3637,52,1.0530626773834229,0
3637,847,1.51161789894104,0
3637,1135,1.05100417137146,0
3637,225,1.134765625,0
3637,617,0.5688340663909912,0
3637,1155,1.1154628992080688,0
3637,398,1.7170982360839844,0
3637,552,1.852043628692627,0
3637,1889,1.0095046758651733,0
3637,1428,0.9715445041656494,0
3637,483,2.0988309383392334,0
3637,1727,1.045728087425232,0
3637,515,0.5321133136749268,0
3637,1862,1.0238240957260132,0
3637,102,1.0161370038986206,0
3432,572,2.2774195671081543,1
3432,1088,1.5207993984222412,0
3432,488,0.8963656425476074,0
3432,2003,0.5696231126785278,0
3432,972,0.9113260507583618,0
3432,1744,1.4203917980194092,0
3432,836,1.7615888118743896,0
3432,283,0.9773856997489929,0
3432,248,1.0017874240875244,0
3432,31,1.1453543901443481,0
3432,1715,1.3503080606460571,0
3432,206,0.95390385389328,0
3432,1009,1.2706072330474854,0
3432,1484,0.5338386297225952,0
3432,1838,0.926730751991272,0
3432,641,0.9287754893302917,0
3432,96,1.0760445594787598,0
3432,369,2.1509547233581543,0
3432,994,0.5729708075523376,0
3432,1145,1.037858247756958,0
3021,1751,0.6526464223861694,1
3021,258,1.6085224151611328,0
3021,1348,1.5822913646697998,0
3021,1409,0.5523096919059753,0
3021,2054,0.8471692800521851,0
3021,1416,1.1527152061462402,0
3021,480,0.5783708691596985,0
3021,1519,2.7701756954193115,0
3021,1717,0.5412842035293579,0
3021,639,1.5569746494293213,0
3021,1900,0.9982886910438538,0
3021,326,0.6518019437789917,0
3021,2070,0.9936936497688293,0
3021,1224,1.9649453163146973,0
3021,286,1.0081243515014648,0
3021,1651,1.0394195318222046,0
3021,1155,1.0553562641143799,0
3021,1523,0.9919847846031189,0
3021,2031,0.9493419528007507,0
3021,718,0.9297343492507935,0
2524,1521,1.773857831954956,1
2524,920,0.8253563046455383,0
2524,518,1.1033965349197388,0
2524,2054,0.7919234037399292,0
2524,85,0.8507561683654785,0
2524,2073,2.2833919525146484,0
2524,1334,0.8762016296386719,0
2524,1937,1.0161350965499878,0
2524,1909,0.9387074708938599,0
2524,1461,1.0118613243103027,0
2524,1003,0.5118862390518188,0
2524,2000,1.29685640335083,0
2524,1958,1.0391154289245605,0
2524,782,1.0851341485977173,0
2524,1382,0.827253520488739,0
2524,593,0.5430706143379211,0
2524,1055,1.2478734254837036,0
2524,1105,0.40317708253860474,0
2524,459,0.4083939790725708,0
2524,796,1.0639417171478271,0
4025,128,0.5570926666259766,1
4025,1362,0.844116747379303,0
4025,2048,0.604255735874176,0
4025,76,0.961227297782898,0
4025,1743,0.8800937533378601,0
4025,1618,0.9878292083740234,0
4025,1965,1.4775513410568237,0
4025,80,1.3324882984161377,0
4025,1945,0.4688863754272461,0
4025,703,0.8455749154090881,0
4025,1020,1.6574673652648926,0
4025,1671,2.929499387741089,0
4025,1887,1.031670331954956,0
4025,620,0.5781832933425903,0
4025,1726,0.8307334184646606,0
4025,1398,0.9523773789405823,0
4025,1347,1.589289665222168,0
4025,2001,0.5915544033050537,0
4025,963,0.9981020092964172,0
4025,490,0.8488904237747192,0
3326,1639,0.8737486600875854,1
3326,541,1.3787904977798462,0
3326,1820,0.8972423672676086,0
3326,1478,0.937138020992279,0
3326,227,0.496503621339798,0
3326,1431,0.8738136887550354,0
3326,1733,0.9357451796531677,0
3326,355,0.5756732225418091,0
3326,733,1.4311002492904663,0
3326,1900,0.9680208563804626,0
3326,1626,1.0590447187423706,0
3326,936,1.1922968626022339,0
3326,821,0.5235962867736816,0
3326,96,1.0443025827407837,0
3326,1575,0.9007584452629089,0
3326,137,0.8820017576217651,0
3326,218,1.1686985492706299,0
3326,2000,1.2727560997009277,0
3326,890,0.8492525219917297,0
3326,69,0.4716225862503052,0
155,467,0.398672491312027,1
155,155,0.8574860692024231,0
155,1846,1.8645188808441162,0
155,2039,1.106456995010376,0
155,2001,0.44771313667297363,0
155,724,0.7763544321060181,0
155,692,0.868153989315033,0
155,1369,1.0687141418457031,0
155,313,0.38844209909439087,0
155,1999,1.5143299102783203,0
155,877,0.7730231285095215,0
155,1310,1.6001391410827637,0
155,560,0.9043456315994263,0
155,1172,0.4130921959877014,0
155,1181,0.7823473811149597,0
155,820,0.7978581786155701,0
155,1501,0.7786397933959961,0
155,1026,0.7749155759811401,0
155,1186,0.6473636031150818,0
155,502,0.8318692445755005,0
578,1466,0.9183104634284973,1
578,73,0.9671388268470764,0
578,719,2.2168984413146973,0
578,1025,1.0176763534545898,0
578,1350,1.072464108467102,0
578,1891,1.414696216583252,0
578,1,1.1259102821350098,0
578,949,0.46828386187553406,0
578,1574,0.8605624437332153,0
578,1873,0.9584660530090332,0
578,2079,0.8217036128044128,0
578,1930,0.9389654397964478,0
578,490,0.8282827734947205,0
578,1505,0.47754591703414917,0
578,927,0.9666758179664612,0
578,386,0.5432542562484741,0
578,967,0.8702231049537659,0
578,82,0.9134314656257629,0
578,1708,1.2994587421417236,0
578,1231,1.7038685083389282,0
1315,369,2.2043349742889404,1
1315,405,0.9880900382995605,0
1315,1266,0.8551885485649109,0
1315,1697,0.9056581854820251,0
1315,1101,0.8968815207481384,0
1315,1161,0.6766289472579956,0
1315,967,0.9018905162811279,0
1315,555,0.5248457193374634,0
1315,1364,1.3531016111373901,0
1315,1277,1.3672025203704834,0
1315,1369,1.2564897537231445,0
1315,1288,0.9393401145935059,0
1315,522,0.8825185298919678,0
1315,577,0.4510733485221863,0
1315,1011,1.7243711948394775,0
1315,373,1.2393145561218262,0
1315,1137,1.9457640647888184,0
1315,1579,1.3550137281417847,0
1315,334,0.8917422294616699,0
1315,1432,0.9068900346755981,0
4178,166,0.4166266620159149,1
4178,230,0.9525626301765442,0
4178,293,0.9282839298248291,0
4178,1572,0.9946136474609375,0
4178,680,2.011537790298462,0
4178,1843,1.701098918914795,0
4178,1140,0.6027078628540039,0
4178,1814,1.0115714073181152,0
4178,992,1.267669916152954,0
4178,1350,1.0357561111450195,0
4178,1745,0.6243432760238647,0
4178,684,0.5182307958602905,0
4178,1489,1.0315622091293335,0
4178,1689,2.264817237854004,0
4178,416,0.8778368830680847,0
4178,503,0.9430221915245056,0
4178,1469,0.8736520409584045,0
4178,1093,0.4646237790584564,0
4178,699,2.582892894744873,0
4178,134,0.8856445550918579,0
2341,2036,1.999135136604309,1
2341,980,2.121673583984375,0
2341,1883,0.8306114077568054,0
2341,393,0.9899132251739502,0
2341,831,1.9359853267669678,0
2341,306,0.894016683101654,0
2341,1701,0.6105820536613464,0
2341,1574,0.8117152452468872,0
2341,1387,0.5750048756599426,0
2341,373,1.1712489128112793,0
2341,1976,1.3496538400650024,0
2341,2,0.5036827325820923,0
2341,1841,0.4846462607383728,0
2341,1353,1.0256083011627197,0
2341,1643,2.4851999282836914,0
2341,1369,1.1912356615066528,0
2341,433,1.6808655261993408,0
2341,1918,1.3954894542694092,0
2341,1068,0.9491289854049683,0
2341,564,0.9333735704421997,0
3788,1625,0.7094521522521973,1
3788,565,1.3165671825408936,0
3788,248,1.061525583267212,0
3788,1363,1.069858431816101,0
3788,318,0.9690727591514587,0
3788,371,0.734407365322113,0
3788,67,1.2900384664535522,0
3788,18,0.872006893157959,0
3788,1701,0.7183259725570679,0
3788,1648,0.5460833311080933,0
3788,1831,1.0289934873580933,0
3788,1886,0.9522072672843933,0
3788,123,1.505218267440796,0
3788,1197,1.0723371505737305,0
3788,746,1.1429822444915771,0
3788,1068,0.9895994663238525,0
3788,1086,1.1130306720733643,0
3788,962,2.343820333480835,0
3788,2059,0.6071628332138062,0
3788,113,0.9824952483177185,0
1964,992,1.2280467748641968,1
1964,1315,0.4823281764984131,0
1964,662,0.992080807685852,0
1964,1134,1.2958030700683594,0
1964,1113,0.985010027885437,0
1964,1320,0.8511612415313721,0
1964,1844,2.7028074264526367,0
1964,1326,1.1178110837936401,0
1964,1465,0.9266616106033325,0
1964,85,0.8950454592704773,0
1964,653,0.541730523109436,0
1964,1653,0.9338621497154236,0
1964,864,0.9859113097190857,0
1964,1060,1.3551006317138672,0
1964,1001,0.5214627981185913,0
1964,624,2.4627585411071777,0
1964,798,1.2824804782867432,0
1964,980,2.193279266357422,0
1964,20,1.5570199489593506,0
1964,952,1.1075505018234253,0
3664,1409,0.5008599758148193,1
3664,1640,1.1246241331100464,0
3664,1745,0.5795919895172119,0
3664,1301,0.7738739252090454,0
3664,888,1.2422137260437012,0
3664,168,0.9919050931930542,0
3664,1175,0.903719425201416,0
3664,786,0.8809345960617065,0
3664,367,0.9618372917175293,0
3664,702,1.9734265804290771,0
3664,18,0.7905340790748596,0
3664,1085,0.4287605285644531,0
3664,805,2.0721240043640137,0
3664,203,0.9761226177215576,0
3664,375,1.4573781490325928,0
3664,82,0.8729749917984009,0
3664,1177,0.9754040241241455,0
3664,1911,1.173359990119934,0
3664,1591,0.8906026482582092,0
3664,248,0.9591444134712219,0
910,357,0.8269164562225342,1
910,1870,0.8353811502456665,0
910,861,1.7596781253814697,0
910,734,0.8714360594749451,0
910,532,0.8567249178886414,0
910,527,0.8340932726860046,0
910,1034,1.199861764907837,0
910,2076,1.2757705450057983,0
910,1170,1.4530256986618042,0
910,1556,0.9501789808273315,0
910,619,0.8556279540061951,0
910,1771,0.9953515529632568,0
910,1298,0.8432552814483643,0
910,1985,1.136016845703125,0
910,739,1.0624016523361206,0
910,32,0.9136775135993958,0
910,468,0.844452977180481,0
910,847,1.3117872476577759,0
910,456,0.8050791025161743,0
910,35,0.8379720449447632,0
121,766,0.5713374018669128,1
121,1493,1.363402009010315,0
121,1559,2.3782882690429688,0
121,322,0.926977276802063,0
121,436,2.8450212478637695,0
121,310,1.0090067386627197,0
121,816,1.3571416139602661,0
121,642,0.9685730338096619,0
121,1125,0.9067601561546326,0
121,581,1.0614335536956787,0
121,1528,1.6248362064361572,0
121,683,0.9503873586654663,0
121,1505,0.5241202116012573,0
121,871,1.0162335634231567,0
121,1444,0.8985174298286438,0
121,1695,0.6263396739959717,0
121,2068,2.2475743293762207,0
121,960,1.7610597610473633,0
121,844,0.9419288635253906,0
121,1334,0.9283852577209473,0
3377,198,0.882596492767334,1
3377,1668,0.9746951460838318,0
3377,232,0.5278356075286865,0
3377,295,0.4819168448448181,0
3377,1562,0.9651646614074707,0
3377,732,0.5758316516876221,0
3377,4,0.9928730130195618,0
3377,1886,0.8279798030853271,0
3377,519,0.9497186541557312,0
3377,187,0.9389863014221191,0
3377,119,0.5979127883911133,0
3377,849,0.9494751691818237,0
3377,1663,1.6849067211151123,0
3377,1331,0.6380068063735962,0
3377,1696,0.8506596684455872,0
3377,758,0.823310911655426,0
3377,296,0.5463871359825134,0
3377,217,0.9308878779411316,0
3377,1689,2.3553075790405273,0
3377,1080,0.9494567513465881,0
3120,932,1.7644425630569458,1
3120,1600,0.9056958556175232,0
3120,954,1.1885992288589478,0
3120,968,1.2309632301330566,0
3120,1877,4.086207389831543,0
3120,449,1.3149590492248535,0
3120,1982,0.9486708641052246,0
3120,916,0.9191248416900635,0
3120,1839,0.9094762802124023,0
3120,1528,1.493898868560791,0
3120,1050,1.3298753499984741,0
3120,1555,0.8427006006240845,0
3120,996,1.0710606575012207,0
3120,1630,1.2980210781097412,0
3120,1796,1.2440112829208374,0
3120,1421,0.918542206287384,0
3120,223,0.9298846125602722,0
3120,182,1.5650670528411865,0
3120,927,1.0066726207733154,0
3120,258,1.6449769735336304,0
895,90,1.2024425268173218,1
895,1235,0.8496298789978027,0
895,1911,1.2172131538391113,0
895,28,0.5377833843231201,0
895,672,0.6149083375930786,0
895,569,0.8754648566246033,0
895,1167,0.9222562909126282,0
895,198,0.8701117038726807,0
895,1696,0.86203932762146,0
895,804,0.9034157991409302,0
895,1158,0.9321019649505615,0
895,1653,0.8404399156570435,0
895,1389,0.5188518762588501,0
895,363,0.590607225894928,0
895,1366,0.9199382662773132,0
895,2012,0.8919339776039124,0
895,1817,0.5426574945449829,0
895,499,0.9552484154701233,0
895,1342,0.8494040966033936,0
895,317,0.8309621810913086,0
2104,1712,1.8744701147079468,1
2104,1579,1.2146931886672974,0
2104,1008,0.7843723297119141,0
2104,32,1.009795904159546,0
2104,674,0.8926497101783752,0
2104,1769,0.5428322553634644,0
2104,1019,1.5936881303787231,0
2104,1409,0.5353158116340637,0
2104,326,0.600411057472229,0
2104,1396,1.3612054586410522,0
2104,497,0.9629400372505188,0
2104,1391,0.9342719316482544,0
2104,1723,2.8604557514190674,0
2104,1156,0.925852358341217,0
2104,63,0.8582406640052795,0
2104,488,0.9088603258132935,0
2104,535,0.8370230793952942,0
2104,1499,0.904499888420105,0
2104,2004,1.5257757902145386,0
2104,655,2.015606641769409,0
3321,1150,1.7711918354034424,1
3321,1710,1.2312618494033813,0
3321,615,0.49758923053741455,0
3321,1384,0.8422393202781677,0
3321,570,0.9516262412071228,0
3321,713,0.8016161322593689,0
3321,1559,2.218416452407837,0
3321,1635,0.5063403844833374,0
3321,1342,0.8526477813720703,0
3321,1490,0.9398258924484253,0
3321,1095,0.9580313563346863,0
3321,1115,1.0325907468795776,0
3321,590,2.8103187084198,0
3321,315,1.0058547258377075,0
3321,2074,0.5510064959526062,0
3321,89,0.4593123197555542,0
3321,431,1.2542561292648315,0
3321,1601,0.8942060470581055,0
3321,1105,0.46009811758995056,0
3321,439,2.368828535079956,0
2315,669,1.0690937042236328,1
2315,1078,1.0344088077545166,0
2315,189,0.8275542259216309,0
2315,612,0.5489580631256104,0
2315,1778,0.7174387574195862,0
2315,2058,0.9569205045700073,0
2315,247,0.4882655143737793,0
2315,572,2.243130683898926,0
2315,1865,0.9720994830131531,0
2315,812,0.9156590700149536,0
2315,274,0.8827837705612183,0
2315,76,0.9337345361709595,0
2315,1774,0.9292706251144409,0
2315,1015,0.9931250214576721,0
2315,1317,0.8254321813583374,0
2315,979,0.9808715581893921,0
2315,662,0.9564594626426697,0
2315,1563,1.1799448728561401,0
2315,886,0.724367618560791,0
2315,1926,0.994467556476593,0
1055,1824,0.5098653435707092,1
1055,2000,1.182694911956787,0
1055,1071,0.8286865949630737,0
1055,684,0.4820812940597534,0
1055,1953,1.4586572647094727,0
1055,1651,0.9392911195755005,0
1055,1079,0.8632562160491943,0
1055,1616,0.8279165029525757,0
1055,93,0.7865965962409973,0
1055,988,2.0392072200775146,0
1055,833,0.9623249769210815,0
1055,1289,0.8475231528282166,0
1055,1406,0.43340134620666504,0
1055,311,1.217373251914978,0
1055,533,1.4913450479507446,0
1055,872,0.8584119081497192,0
1055,24,0.8207744359970093,0
1055,631,0.48708972334861755,0
1055,350,0.7273243069648743,0
1055,402,0.855035662651062,0
709,21,0.5717052221298218,1
709,1899,1.0139412879943848,0
709,723,0.5533349514007568,0
709,950,0.44900983572006226,0
709,812,0.9864647388458252,0
709,81,0.9071458578109741,0
709,358,0.9910690784454346,0
709,324,0.5859267115592957,0
709,1466,0.93869549036026,0
709,1484,0.5600919723510742,0
709,2015,0.6597745418548584,0
709,1485,0.6450472474098206,0
709,107,1.0384033918380737,0
709,668,0.7317523956298828,0
709,841,2.108240842819214,0
709,831,1.9332573413848877,0
709,1946,1.6810145378112793,0
709,1875,0.6617669463157654,0
709,42,0.8162869811058044,0
709,204,0.9469122290611267,0
504,596,1.2560534477233887,1
504,295,0.5492793321609497,0
504,456,0.8574119806289673,0
504,1050,1.3512529134750366,0
504,1081,0.56268310546875,0
504,877,0.8967401385307312,0
504,1728,1.702734112739563,0
504,882,0.8503349423408508,0
504,151,2.2443952560424805,0
504,1369,1.1865090131759644,0
504,1420,1.080196499824524,0
504,260,0.5962491631507874,0
504,1646,0.8989410996437073,0
504,1029,0.8340092897415161,0
504,631,0.5297773480415344,0
504,1949,1.3727158308029175,0
504,281,0.5751698613166809,0
504,1482,0.9429643154144287,0
504,30,0.5832998156547546,0
504,749,0.9064048528671265,0
3111,878,0.5597442388534546,1
3111,915,1.2615653276443481,0
3111,1568,0.4935027062892914,0
3111,2031,0.8862491250038147,0
3111,18,0.785478949546814,0
3111,112,1.5483132600784302,0
3111,1159,1.3222402334213257,0
3111,1240,0.9400734901428223,0
3111,1468,0.8355332016944885,0
3111,1662,0.9300255179405212,0
3111,852,0.9234393239021301,0
3111,873,0.514150857925415,0
3111,1706,0.4473745822906494,0
3111,752,0.8852276802062988,0
3111,942,1.360300064086914,0
3111,1391,0.8858436942100525,0
3111,1828,1.6904793977737427,0
3111,570,0.9643558859825134,0
3111,25,0.8720184564590454,0
3111,1915,0.9194526076316833,0
3688,209,0.5858392715454102,1
3688,1342,0.9907847046852112,0
3688,1945,0.5013135075569153,0
3688,903,1.806576132774353,0
3688,1691,0.9842458963394165,0
3688,1658,3.82289457321167,0
3688,1663,1.8252180814743042,0
3688,1370,1.559752345085144,0
3688,1364,1.3890761137008667,0
3688,1493,1.403061032295227,0
3688,1264,1.0721914768218994,0
3688,99,0.619229793548584,0
3688,716,1.0556871891021729,0
3688,1256,0.6208966970443726,0
3688,588,0.664375364780426,0
3688,565,1.4035601615905762,0
3688,1452,0.5049689412117004,0
3688,310,1.0503689050674438,0
3688,1158,1.0725040435791016,0
3688,2026,1.197104573249817,0
3791,1504,0.5140089988708496,1
3791,1879,0.8552232384681702,0
3791,486,0.5545591711997986,0
3791,593,0.5977702736854553,0
3791,55,1.5469282865524292,0
3791,1556,1.002671480178833,0
3791,474,1.166605830192566,0
3791,2008,1.260061502456665,0
3791,216,0.8330709934234619,0
3791,491,0.6662636995315552,0
3791,1448,0.6952695250511169,0
3791,111,0.8624642491340637,0
3791,653,0.5449120402336121,0
3791,1597,1.431557059288025,0
3791,1985,1.115547776222229,0
3791,734,0.8797001838684082,0
3791,158,0.7779707908630371,0
3791,2039,1.1390324831008911,0
3791,1383,0.7706108093261719,0
3791,926,0.9531810283660889,0
1889,1161,0.6207192540168762,1
1889,1894,1.2645684480667114,0
1889,1310,1.6515905857086182,0
1889,289,0.8737514019012451,0
1889,1103,0.6255441904067993,0
1889,136,0.8759223222732544,0
1889,967,0.8828561902046204,0
1889,307,1.0655840635299683,0
1889,1087,0.9636067152023315,0
1889,1576,0.5684832334518433,0
1889,886,0.7453685402870178,0
1889,851,0.9176022410392761,0
1889,1597,1.5671581029891968,0
1889,569,0.9267212152481079,0
1889,214,0.5295823812484741,0
1889,1624,0.4932553768157959,0
1889,824,1.3392059803009033,0
1889,1613,0.5570513010025024,0
1889,1646,0.8703083992004395,0
1889,1452,0.4837696850299835,0
3576,1962,0.4823151230812073,1
3576,1826,0.7740123271942139,0
3576,1717,0.43790382146835327,0
3576,209,0.441213995218277,0
3576,101,1.9934215545654297,0
3576,652,1.230872392654419,0
3576,153,1.679080605506897,0
3576,1592,0.7968374490737915,0
3576,93,0.8092682361602783,0
3576,1576,0.4838383197784424,0
3576,689,1.2241404056549072,0
3576,185,0.7786154747009277,0
3576,2019,0.8046555519104004,0
3576,219,0.42031753063201904,0
3576,1404,0.7217462062835693,0
3576,1546,0.8167601823806763,0
3576,1240,0.8279375433921814,0
3576,250,0.9450988173484802,0
3576,1665,0.7079173922538757,0
3576,1643,2.2182180881500244,0
1427,1973,0.5911955833435059,1
1427,1666,1.5100524425506592,0
1427,1694,1.8620165586471558,0
1427,354,0.4946748912334442,0
1427,659,1.3570220470428467,0
1427,831,1.8780324459075928,0
1427,1410,1.0320242643356323,0
1427,1630,1.299889326095581,0
1427,1000,1.4106324911117554,0
1427,574,0.8974370956420898,0
1427,1002,1.687248706817627,0
1427,1810,0.8247473835945129,0
1427,1658,3.3803210258483887,0
1427,199,1.3172887563705444,0
1427,1030,0.8645920753479004,0
1427,1490,0.9310377240180969,0
1427,56,0.9405878186225891,0
1427,1890,0.767414927482605,0
1427,91,1.3021653890609741,0
1427,1004,0.7696341276168823,0
1163,482,1.611795425415039,1
1163,129,0.6849997639656067,0
1163,1269,0.8616623878479004,0
1163,536,0.7777112126350403,0
1163,1880,1.0408869981765747,0
1163,325,1.4418525695800781,0
1163,1151,0.878143310546875,0
1163,1231,1.5811374187469482,0
1163,632,0.9413641691207886,0
1163,928,1.135915756225586,0
1163,205,0.9888575077056885,0
1163,1302,1.2235814332962036,0
1163,1753,1.0352236032485962,0
1163,1732,1.5631834268569946,0
1163,1682,1.0038056373596191,0
1163,1894,1.2892637252807617,0
1163,1056,0.9430579543113708,0
1163,1928,1.3238420486450195,0
1163,1457,1.2298963069915771,0
1163,1580,1.3240710496902466,0
1846,1434,1.9392399787902832,1
1846,263,0.998871922492981,0
1846,121,0.8214763402938843,0
1846,1949,1.3444428443908691,0
1846,1842,1.3319498300552368,0
1846,1825,1.1362483501434326,0
1846,1447,1.6792411804199219,0
1846,1535,1.7812395095825195,0
1846,1040,0.4705183506011963,0
1846,896,0.8707000613212585,0
1846,843,0.5230926871299744,0
1846,1684,0.9521926641464233,0
1846,1837,0.9557425379753113,0
1846,351,0.5120809078216553,0
1846,1369,1.188117265701294,0
1846,502,0.9648964405059814,0
1846,1432,0.850966215133667,0
1846,35,0.8618379831314087,0
1846,864,0.8244173526763916,0
1846,250,1.1007308959960938,0
2743,1677,0.6890770196914673,1
2743,107,1.2000024318695068,0
2743,1622,1.5175845623016357,0
2743,1248,1.458033800125122,0
2743,82,1.1058995723724365,0
2743,1922,1.0427796840667725,0
2743,1667,1.7265278100967407,0
2743,1756,0.7294237613677979,0
2743,1094,0.9645030498504639,0
2743,1928,1.5511881113052368,0
2743,464,1.0468242168426514,0
2743,518,1.2216863632202148,0
2743,116,0.6861271262168884,0
2743,1190,1.054140567779541,0
2743,971,0.6655619144439697,0
2743,1142,1.1578850746154785,0
2743,625,1.1329959630966187,0
2743,1510,1.0929286479949951,0
2743,14,1.5120601654052734,0
2743,351,0.6979705095291138,0
4031,1506,0.5462202429771423,1
4031,1947,0.9680153727531433,0
4031,890,0.9264678359031677,0
4031,746,1.095322847366333,0
4031,719,2.2024986743927,0
4031,1075,0.4461759328842163,0
4031,1402,0.959529459476471,0
4031,381,1.0601574182510376,0
4031,1011,1.8187017440795898,0
4031,1379,1.79948890209198,0
4031,888,1.4132535457611084,0
4031,1191,0.5148468017578125,0
4031,1068,0.9809505939483643,0
4031,1391,0.9535045027732849,0
4031,1229,0.9677297472953796,0
4031,1,1.159598708152771,0
4031,578,0.9780992865562439,0
4031,665,0.5280468463897705,0
4031,1417,0.5573396682739258,0
4031,1268,1.4442780017852783,0
873,998,0.8647140264511108,1
873,773,0.8531510233879089,0
873,807,0.99998939037323,0
873,1935,1.0410479307174683,0
873,769,0.9084091186523438,0
873,1283,0.5446946024894714,0
873,1303,0.9219595789909363,0
873,70,0.9323240518569946,0
873,101,2.3732497692108154,0
873,562,0.8786439895629883,0
873,1547,1.8843703269958496,0
873,1799,1.417493224143982,0
873,711,1.2990021705627441,0
873,404,0.8646948337554932,0
873,333,0.9503843784332275,0
873,1953,1.683316946029663,0
873,1635,0.4730290174484253,0
873,1254,0.8525941967964172,0
873,441,0.9579355716705322,0
873,1828,1.7902565002441406,0
2956,1255,1.438323974609375,1
2956,88,0.887483537197113,0
2956,1469,0.7805086374282837,0
2956,559,1.0072441101074219,0
2956,392,0.4286130368709564,0
2956,498,0.8246363997459412,0
2956,937,0.38139933347702026,0
2956,494,0.87001633644104,0
2956,1944,0.5858989953994751,0
2956,1929,0.9024215340614319,0
2956,218,1.0808374881744385,0
2956,1680,0.7672802805900574,0
2956,552,1.6623916625976562,0
2956,1551,1.0396604537963867,0
2956,4,1.0008951425552368,0
2956,954,1.1489497423171997,0
2956,1591,0.838179349899292,0
2956,159,1.666860580444336,0
2956,1408,0.8437871336936951,0
2956,1733,0.9274375438690186,0
1521,2017,0.9213178157806396,1
1521,1930,0.8338607549667358,0
1521,1338,0.8898147940635681,0
1521,243,0.8349795341491699,0
1521,1061,0.8744826912879944,0
1521,1684,0.8798472881317139,0
1521,1104,1.773453950881958,0
1521,381,0.9375795125961304,0
1521,588,0.5465459823608398,0
1521,1288,0.8306059837341309,0
1521,1946,1.478705644607544,0
1521,84,0.9351541996002197,0
1521,850,1.6846743822097778,0
1521,1059,0.3861929774284363,0
1521,30,0.5209569931030273,0
1521,830,0.7692296504974365,0
1521,1721,1.3184369802474976,0
1521,580,0.7716346979141235,0
1521,1798,0.855036735534668,0
1521,928,1.0136712789535522,0
2925,407,1.891697645187378,1
2925,905,0.5844317674636841,0
2925,977,1.3680436611175537,0
2925,76,0.8943103551864624,0
2925,1901,1.3213911056518555,0
2925,1361,1.1968203783035278,0
2925,287,1.2924996614456177,0
2925,1192,1.0147347450256348,0
2925,684,0.4940285384654999,0
2925,809,0.8877911567687988,0
2925,321,0.8485068678855896,0
2925,829,0.9801313877105713,0
2925,654,1.6624963283538818,0
2925,845,1.772692084312439,0
2925,1121,1.0502903461456299,0
2925,198,0.9185953140258789,0
2925,1809,1.2403664588928223,0
2925,1522,1.3293440341949463,0
2925,1704,0.9209371209144592,0
2925,183,0.8931425213813782,0
2783,2010,0.5794952511787415,1
2783,1276,0.8555327653884888,0
2783,968,1.1404544115066528,0
2783,1759,0.9614015221595764,0
2783,246,0.8594696521759033,0
2783,1892,0.562952995300293,0
2783,1477,0.5487731099128723,0
2783,1009,1.1857999563217163,0
2783,1046,0.8838090896606445,0
2783,710,0.8786301612854004,0
2783,1131,0.9453996419906616,0
2783,1655,0.9153809547424316,0
2783,1861,0.8199664354324341,0
2783,815,0.9828131198883057,0
2783,440,0.7999135255813599,0
2783,1564,1.783651351928711,0
2783,2018,0.6062762141227722,0
2783,272,0.9193452596664429,0
2783,896,0.8931241035461426,0
2783,1619,0.5824146270751953,0
3955,331,0.5374993085861206,1
3955,79,1.5196683406829834,0
3955,471,0.5965489149093628,0
3955,607,1.007773756980896,0
3955,104,2.322070837020874,0
3955,323,1.0597423315048218,0
3955,1404,0.7988536357879639,0
3955,830,0.8757871389389038,0
3955,1206,0.4899594783782959,0
3955,785,1.0012502670288086,0
3955,923,3.1415627002716064,0
3955,303,0.8708688020706177,0
3955,1498,1.0620412826538086,0
3955,371,0.5867059230804443,0
3955,329,0.4659133553504944,0
3955,2060,1.4738575220108032,0
3955,1267,1.079005479812622,0
3955,1301,0.8387306332588196,0
3955,1000,1.5953164100646973,0
3955,338,0.8847564458847046,0
1234,1180,1.3280357122421265,1
1234,1033,0.9411312341690063,0
1234,1138,0.8545570969581604,0
1234,1528,1.4583749771118164,0
1234,222,0.8000402450561523,0
1234,1653,0.8480018973350525,0
1234,1769,0.5196964740753174,0
1234,736,0.9096783399581909,0
1234,1690,0.9513478875160217,0
1234,1703,2.7534074783325195,0
1234,102,0.9300030469894409,0
1234,1539,0.8547300696372986,0
1234,244,0.8921733498573303,0
1234,1912,0.7726494073867798,0
1234,1943,0.8810077905654907,0
1234,1675,0.8728847503662109,0
1234,1250,1.1748714447021484,0
1234,1249,0.4036347270011902,0
1234,873,0.5502793192863464,0
1234,1356,0.9067517518997192,0
112,251,0.47669583559036255,1
112,1985,1.2605172395706177,0
112,266,0.9866792559623718,0
112,1484,0.5755645036697388,0
112,1537,0.5908430814743042,0
112,326,0.6091490983963013,0
112,1138,0.9890573024749756,0
112,2034,1.5496126413345337,0
112,713,0.8956248760223389,0
112,593,0.6001663208007812,0
112,1374,0.5937287211418152,0
112,501,1.4602521657943726,0
112,1641,1.6834419965744019,0
112,502,1.1011592149734497,0
112,1960,1.032256841659546,0
112,240,1.0298625230789185,0
112,447,1.387573480606079,0
112,589,0.47602102160453796,0
112,786,1.0146666765213013,0
112,1836,1.5351388454437256,0
3826,701,0.6243262887001038,1
3826,421,0.6331068277359009,0
3826,1382,0.8953254818916321,0
3826,897,0.6299310922622681,0
3826,1191,0.5508713722229004,0
3826,1721,1.4836863279342651,0
3826,433,1.7612882852554321,0
3826,370,0.8502726554870605,0
3826,635,1.0261539220809937,0
3826,1889,1.0087071657180786,0
3826,865,1.0041899681091309,0
3826,776,0.5582497715950012,0
3826,523,1.3844391107559204,0
3826,1118,0.6713194847106934,0
3826,551,1.1102216243743896,0
3826,215,0.904681384563446,0
3826,684,0.5231947898864746,0
3826,895,1.0353505611419678,0
3826,928,1.1317726373672485,0
3826,1058,1.4066715240478516,0
4123,1701,0.6597264409065247,1
4123,1471,0.9615378379821777,0
4123,1729,1.0781002044677734,0
4123,883,1.7025163173675537,0
4123,1482,0.9166231155395508,0
4123,1424,0.9433777332305908,0
4123,1062,0.9658368825912476,0
4123,1107,1.5599591732025146,0
4123,95,0.8496289849281311,0
4123,52,0.9778132438659668,0
4123,1114,1.300445318222046,0
4123,562,0.8878583312034607,0
4123,1632,2.308847427368164,0
4123,1434,1.7041423320770264,0
4123,805,1.9622571468353271,0
4123,385,0.9841352105140686,0
4123,1318,0.9071835875511169,0
4123,1260,0.9730514883995056,0
4123,66,1.015881896018982,0
4123,1575,0.8926216959953308,0
208,275,0.5252923965454102,1
208,1366,0.9237474203109741,0
208,258,1.672469139099121,0
208,891,1.013306736946106,0
208,677,0.4929840862751007,0
208,742,0.8359951972961426,0
208,389,1.1677850484848022,0
208,1013,1.038915753364563,0
208,1533,0.9845054149627686,0
208,447,1.1841360330581665,0
208,24,0.9590374827384949,0
208,1635,0.579454779624939,0
208,1508,1.3471336364746094,0
208,909,1.0800588130950928,0
208,1964,1.0396921634674072,0
208,1778,0.7498526573181152,0
208,1789,0.7864234447479248,0
208,471,0.632014811038971,0
208,770,0.4924357235431671,0
208,1604,0.5471384525299072,0
3605,659,1.343056082725525,1
3605,1897,0.8635649681091309,0
3605,169,0.6231778860092163,0
3605,1256,0.5588757991790771,0
3605,920,0.857336163520813,0
3605,1189,1.0105947256088257,0
3605,1693,1.5860629081726074,0
3605,3,1.0009899139404297,0
3605,802,0.8980074524879456,0
3605,1802,1.5275025367736816,0
3605,151,2.283238172531128,0
3605,1878,1.1993565559387207,0
3605,128,0.5502315163612366,0
3605,543,0.5011942386627197,0
3605,801,1.9123218059539795,0
3605,1972,1.6493430137634277,0
3605,285,0.9741333723068237,0
3605,989,1.9281255006790161,0
3605,1512,0.7951651215553284,0
3605,1571,1.1460013389587402,0
3667,1337,0.8820027112960815,1
3667,102,0.7846829295158386,0
3667,941,0.8802751898765564,0
3667,767,0.40872812271118164,0
3667,183,0.7710185050964355,0
3667,571,0.7702069878578186,0
3667,1746,0.8056397438049316,0
3667,923,2.5884387493133545,0
3667,1493,1.1265981197357178,0
3667,51,0.4853840470314026,0
3667,1190,0.7554702162742615,0
3667,1075,0.39233720302581787,0
3667,1760,1.796351671218872,0
3667,8,0.7635912299156189,0
3667,983,1.3499102592468262,0
3667,199,1.1071971654891968,0
3667,419,0.40013816952705383,0
3667,1679,0.828546941280365,0
3667,1422,0.4210994839668274,0
3667,430,0.7240187525749207,0
2844,1339,1.3458938598632812,1
2844,1827,0.48127317428588867,0
2844,547,0.593986451625824,0
2844,1873,0.9866986274719238,0
2844,1126,0.9007858037948608,0
2844,1091,0.9265915751457214,0
2844,1281,0.51050865650177,0
2844,711,1.2458205223083496,0
2844,1421,0.8791520595550537,0
2844,953,1.1811903715133667,0
2844,432,0.8481875658035278,0
2844,505,1.0519094467163086,0
2844,569,0.8744628429412842,0
2844,280,0.9610168933868408,0
2844,1950,1.3929377794265747,0
2844,1864,1.0151375532150269,0
2844,1520,0.4560526907444,0
2844,1153,0.8740394711494446,0
2844,1293,0.5326433181762695,0
2844,987,1.2764348983764648,0
2578,232,0.545372724533081,1
2578,1696,0.8952686190605164,0
2578,1202,0.9057365655899048,0
2578,1362,0.8546478748321533,0
2578,1030,0.8519856333732605,0
2578,352,0.9357842803001404,0
2578,373,1.164542555809021,0
2578,1263,0.9534310102462769,0
2578,1025,0.9607810974121094,0
2578,516,0.9176352620124817,0
2578,1364,1.2473021745681763,0
2578,934,0.8737890124320984,0
2578,1069,0.5534448623657227,0
2578,576,0.833357036113739,0
2578,917,1.005059838294983,0
2578,604,0.45355886220932007,0
2578,1677,0.5355019569396973,0
2578,462,1.282907485961914,0
2578,1273,1.7480227947235107,0
2578,1411,0.9239711761474609,0
314,1310,1.8166742324829102,1
314,94,1.4342167377471924,0
314,1601,0.9244208931922913,0
314,38,0.6378388404846191,0
314,1744,1.500282645225525,0
314,633,1.7909512519836426,0
314,128,0.5929989218711853,0
314,1141,0.9926836490631104,0
314,1411,0.9960441589355469,0
314,1395,0.9238504767417908,0
314,1364,1.2777773141860962,0
314,1193,0.5329537987709045,0
314,216,0.9632587432861328,0
314,1034,1.3211023807525635,0
314,590,3.1673905849456787,0
314,891,1.0167663097381592,0
314,1778,0.794226348400116,0
314,74,1.7923582792282104,0
314,993,1.15289306640625,0
314,315,1.090726613998413,0
1750,1893,0.8389434218406677,1
1750,92,0.9477347135543823,0
1750,630,0.41001757979393005,0
1750,1540,0.4911092519760132,0
1750,122,1.6661509275436401,0
1750,169,0.5745394229888916,0
1750,226,0.508270263671875,0
1750,1870,0.8050076365470886,0
1750,195,0.9968688488006592,0
1750,1869,0.9218084812164307,0
1750,433,1.627446174621582,0
1750,704,0.9108965396881104,0
1750,1010,0.9666112661361694,0
1750,1482,0.8626225590705872,0
1750,1486,0.856174886226654,0
1750,540,1.3738069534301758,0
1750,320,0.9836276769638062,0
1750,1968,0.9714669585227966,0
1750,807,0.9285258054733276,0
1750,1296,0.49616673588752747,0
3923,821,0.5604840517044067,1
3923,847,1.610777735710144,0
3923,1907,1.5787301063537598,0
3923,1595,1.004040241241455,0
3923,369,2.3623478412628174,0
3923,29,0.5611713528633118,0
3923,830,0.9303558468818665,0
3923,1279,1.042866826057434,0
3923,305,0.9390624165534973,0
3923,918,1.6055777072906494,0
3923,836,1.8383424282073975,0
3923,1380,0.8500608205795288,0
3923,2037,1.3321353197097778,0
3923,1967,0.4856434464454651,0
3923,360,1.0074381828308105,0
3923,1846,2.1596858501434326,0
3923,1107,1.8093433380126953,0
3923,1377,1.3435574769973755,0
3923,1357,0.6725720167160034,0
3923,1953,1.829404354095459,0
3732,594,2.0010108947753906,1
3732,1952,2.74139142036438,0
3732,1370,1.4801675081253052,0
3732,1976,1.3998982906341553,0
3732,211,1.0349798202514648,0
3732,489,0.5603046417236328,0
3732,777,0.9752188324928284,0
3732,735,0.9238035678863525,0
3732,1141,0.953899085521698,0
3732,1589,1.9232056140899658,0
3732,2049,0.9311017394065857,0
3732,1682,1.0434390306472778,0
3732,916,0.9497342109680176,0
3732,1573,1.0248945951461792,0
3732,928,1.1305068731307983,0
3732,1447,1.7726562023162842,0
3732,1375,0.9125993251800537,0
3732,1224,1.9394663572311401,0
3732,1780,0.938261866569519,0
3732,1046,0.9184283018112183,0
1414,1184,1.2980146408081055,1
1414,1482,0.9540809392929077,0
1414,281,0.6098407506942749,0
1414,999,0.572290301322937,0
1414,682,0.981868326663971,0
1414,573,1.114802360534668,0
1414,659,1.414628267288208,0
1414,1569,0.5296233892440796,0
1414,1452,0.5093977451324463,0
1414,171,1.2114713191986084,0
1414,1620,3.4424920082092285,0
1414,1475,0.8701891303062439,0
1414,1756,0.6420590877532959,0
1414,273,0.9938039779663086,0
1414,2068,2.197690486907959,0
1414,1721,1.3607996702194214,0
1414,1692,1.0293128490447998,0
1414,1239,1.0838584899902344,0
1414,49,1.9276319742202759,0
1414,987,1.3712382316589355,0
3130,527,0.8629182577133179,1
3130,2040,1.4290424585342407,0
3130,1548,1.598101019859314,0
3130,1866,1.2887914180755615,0
3130,1786,0.8419632315635681,0
3130,613,1.5624922513961792,0
3130,1288,0.9120325446128845,0
3130,1667,1.468825340270996,0
3130,1403,0.9448979496955872,0
3130,911,0.9144740104675293,0
3130,556,1.1361932754516602,0
3130,1572,0.976340115070343,0
3130,9,0.587337076663971,0
3130,1658,3.510545015335083,0
3130,1743,0.8556678891181946,0
3130,2042,0.4923710525035858,0
3130,2027,0.8772116303443909,0
3130,1226,0.5141329765319824,0
3130,949,0.48621711134910583,0
3130,305,0.8043681383132935,0
3777,1945,0.4867778420448303,1
3777,470,0.9375313520431519,0
3777,1765,0.8898549675941467,0
3777,1326,1.1945945024490356,0
3777,1591,1.0297856330871582,0
3777,1570,0.8822766542434692,0
3777,693,1.1260895729064941,0
3777,1909,1.0104368925094604,0
3777,214,0.5443219542503357,0
3777,1800,0.8629792928695679,0
3777,1349,1.0173927545547485,0
3777,518,1.1670892238616943,0
3777,1523,1.1566612720489502,0
3777,45,0.6147806644439697,0
3777,1152,0.6620150804519653,0
3777,1600,0.9646466374397278,0
3777,784,1.1744407415390015,0
3777,698,0.9959957003593445,0
3777,1401,0.9587630033493042,0
3777,928,1.2023617029190063,0
3542,1152,0.5443392992019653,1
3542,1794,0.5374571084976196,0
3542,166,0.40091657638549805,0
3542,1248,1.2147915363311768,0
3542,1081,0.4961404800415039,0
3542,238,1.4564259052276611,0
3542,1075,0.41390693187713623,0
3542,1736,0.8791754841804504,0
3542,1946,1.4994182586669922,0
3542,2074,0.5036838054656982,0
3542,662,0.877288281917572,0
3542,2011,0.8423933386802673,0
3542,1753,0.9134531021118164,0
3542,1963,1.2021484375,0
3542,79,1.3832924365997314,0
3542,1067,1.1488194465637207,0
3542,1607,1.2164981365203857,0
3542,32,0.887240469455719,0
3542,627,0.8846262097358704,0
3542,321,0.8163048028945923,0
2004,1231,1.463213562965393,1
2004,2005,1.0804938077926636,0
2004,442,0.4657216966152191,0
2004,1860,1.8101612329483032,0
2004,147,0.5228363871574402,0
2004,77,0.6066955924034119,0
2004,192,0.8807457685470581,0
2004,548,0.855201244354248,0
2004,1372,0.9377453923225403,0
2004,549,0.8801047801971436,0
2004,1628,0.9172680377960205,0
2004,1737,0.40496039390563965,0
2004,1985,1.0860410928726196,0
2004,552,1.6791236400604248,0
2004,1464,0.8790876269340515,0
2004,1988,0.5450312495231628,0
2004,144,0.8247179388999939,0
2004,1713,1.613158106803894,0
2004,1816,0.5181355476379395,0
2004,2047,1.0365976095199585,0
2557,1521,1.8620039224624634,1
2557,1601,0.9729490876197815,0
2557,1983,1.5880911350250244,0
2557,1698,0.5701807737350464,0
2557,1697,0.8914884328842163,0
2557,338,0.8792887330055237,0
2557,778,2.599632501602173,0
2557,1194,0.9437687993049622,0
2557,263,1.0043206214904785,0
2557,907,1.1089560985565186,0
2557,762,1.3069210052490234,0
2557,571,0.9459099769592285,0
2557,465,0.5531322956085205,0
2557,35,0.8915605545043945,0
2557,345,5.977495193481445,0
2557,483,2.3762385845184326,0
2557,989,2.144606828689575,0
2557,138,0.5103507041931152,0
2557,207,1.0259647369384766,0
2557,32,0.9696261286735535,0
3768,976,1.3448470830917358,1
3768,446,0.5292720794677734,0
3768,1698,0.6054760217666626,0
3768,1123,1.7056747674942017,0
3768,1031,0.7606083750724792,0
3768,636,0.9538065791130066,0
3768,1544,0.8669717907905579,0
3768,253,0.9084623456001282,0
3768,525,0.8620404005050659,0
3768,1573,0.9588238000869751,0
3768,1110,1.3397210836410522,0
3768,703,0.8048637509346008,0
3768,1109,0.9119511842727661,0
3768,1485,0.5843827724456787,0
3768,912,0.8297522068023682,0
3768,694,0.6444204449653625,0
3768,1133,0.8629379272460938,0
3768,839,0.9827637076377869,0
3768,1195,0.5216103792190552,0
3768,1687,0.8545150756835938,0
3957,1988,0.5379549264907837,1
3957,1570,0.8783693909645081,0
3957,1828,1.6256237030029297,0
3957,217,0.8924868106842041,0
3957,1500,1.3128968477249146,0
3957,1844,2.6328041553497314,0
3957,609,0.5345720648765564,0
3957,1177,0.9505643248558044,0
3957,1778,0.7363337278366089,0
3957,1528,1.507645606994629,0
3957,1447,1.6014872789382935,0
3957,591,0.9545417428016663,0
3957,2056,0.5496888756752014,0
3957,1605,0.8964856266975403,0
3957,446,0.5369288325309753,0
3957,1912,0.8037693500518799,0
3957,1895,0.874082088470459,0
3957,1330,0.5172320604324341,0
3957,347,0.4977496862411499,0
3957,1334,0.8863435387611389,0
4113,178,0.5845047235488892,1
4113,366,1.1765164136886597,0
4113,1456,1.765116810798645,0
4113,1588,0.6880319118499756,0
4113,1140,0.6173887848854065,0
4113,350,0.8069120049476624,0
4113,1087,0.9865072965621948,0
4113,1073,0.5762773156166077,0
4113,823,1.5942174196243286,0
4113,1334,0.945941150188446,0
4113,575,0.9522103071212769,0
4113,360,0.9654702544212341,0
4113,7,1.0106595754623413,0
4113,1805,1.0426759719848633,0
4113,1849,0.9310932159423828,0
4113,1568,0.555962085723877,0
4113,635,1.0022435188293457,0
4113,1027,0.9633798003196716,0
4113,898,0.7661116123199463,0
4113,1257,1.9730042219161987,0
2122,1689,2.276010036468506,1
2122,1170,1.603976845741272,0
2122,676,1.5150558948516846,0
2122,1640,1.1885912418365479,0
2122,1501,0.9492802619934082,0
2122,749,0.9028410315513611,0
2122,1782,0.8924214243888855,0
2122,390,0.5586477518081665,0
2122,1353,1.0088448524475098,0
2122,669,1.0805479288101196,0
2122,779,1.0823367834091187,0
2122,592,0.925680935382843,0
2122,1056,0.9143354892730713,0
2122,2063,0.5448099970817566,0
2122,1335,0.8822736740112305,0
2122,750,0.8501284122467041,0
2122,1862,0.927266001701355,0
2122,870,0.6002581119537354,0
2122,1240,0.9936845302581787,0
2122,732,0.62513267993927,0
3859,1233,0.6469588875770569,1
3859,1406,0.5396524667739868,0
3859,1490,1.0831010341644287,0
3859,998,0.9951717853546143,0
3859,977,1.654415249824524,0
3859,1913,1.6943694353103638,0
3859,330,2.5676321983337402,0
3859,462,1.4696975946426392,0
3859,984,1.009766936302185,0
3859,1519,3.125002384185791,0
3859,89,0.5182698965072632,0
3859,169,0.6936092376708984,0
3859,920,0.9499735236167908,0
3859,1880,1.1502113342285156,0
3859,661,2.1992123126983643,0
3859,1325,1.2904771566390991,0
3859,1930,1.0143481492996216,0
3859,580,1.0068907737731934,0
3859,824,1.5050098896026611,0
3859,1020,1.7389315366744995,0
3743,1438,0.3927929997444153,1
3743,836,1.6330277919769287,0
3743,85,0.7608569860458374,0
3743,1621,0.41513144969940186,0
3743,1702,0.7634425759315491,0
3743,918,1.256990671157837,0
3743,1514,0.8862371444702148,0
3743,1802,1.5311288833618164,0
3743,608,0.9286553263664246,0
3743,1084,0.7665973901748657,0
3743,556,0.9922778010368347,0
3743,1313,1.508197546005249,0
3743,1995,1.9206981658935547,0
3743,547,0.5166138410568237,0
3743,1732,1.5271602869033813,0
3743,192,0.8411682844161987,0
3743,2033,0.9246653318405151,0
3743,1562,0.8548243641853333,0
3743,1015,0.8982388973236084,0
3743,123,1.3953229188919067,0
200,654,1.7507606744766235,1
200,716,0.9424360394477844,0
200,970,0.9427019953727722,0
200,1393,1.872309923171997,0
200,899,0.8643967509269714,0
200,1938,0.5504353046417236,0
200,1237,0.5788542628288269,0
200,1155,0.978769063949585,0
200,810,0.5342708826065063,0
200,1995,1.8775569200515747,0
200,1542,0.9019780158996582,0
200,2048,0.5751045942306519,0
200,1157,1.8100509643554688,0
200,839,0.9969562292098999,0
200,313,0.456870436668396,0
200,261,0.9324477910995483,0
200,1516,2.0035712718963623,0
200,529,1.8192273378372192,0
200,323,1.0455645322799683,0
200,1305,0.45501071214675903,0
3110,1693,1.676349401473999,1
3110,1961,0.9594411253929138,0
3110,7,1.0711109638214111,0
3110,731,1.075552225112915,0
3110,1803,0.5271716117858887,0
3110,846,1.084080457687378,0
3110,291,0.9388294219970703,0
3110,13,2.1059889793395996,0
3110,411,0.5755651593208313,0
3110,206,0.9635219573974609,0
3110,493,0.9648268818855286,0
3110,180,0.9833623170852661,0
3110,1969,1.0154439210891724,0
3110,1230,0.918462336063385,0
3110,469,1.7521852254867554,0
3110,450,0.5595573782920837,0
3110,427,1.870164394378662,0
3110,482,1.6210784912109375,0
3110,1078,1.0409740209579468,0
3110,240,1.0121618509292603,0
196,1150,1.6100291013717651,1
196,1997,0.742434024810791,0
196,1630,1.162267804145813,0
196,41,1.1808075904846191,0
196,262,1.4210385084152222,0
196,528,0.8960568308830261,0
196,1286,0.8211539387702942,0
196,1237,0.5723646879196167,0
196,2040,1.26589834690094,0
196,1699,0.8163723349571228,0
196,1896,0.983467698097229,0
196,368,0.8399850130081177,0
196,562,0.7962450981140137,0
196,474,1.150067925453186,0
196,289,0.7892401218414307,0
196,33,1.2195451259613037,0
196,215,0.7961394786834717,0
196,1723,2.385164737701416,0
196,369,1.8309999704360962,0
196,973,0.896060049533844,0
3171,327,0.5980400443077087,1
3171,1933,0.8087301254272461,0
3171,716,0.9589755535125732,0
3171,207,0.9543845653533936,0
3171,848,0.9416801333427429,0
3171,1772,0.8487216830253601,0
3171,870,0.6284582614898682,0
3171,620,0.5867942571640015,0
3171,344,0.5481956601142883,0
3171,1879,0.8608710169792175,0
3171,1074,1.1630507707595825,0
3171,1,1.0764038562774658,0
3171,991,0.8596844673156738,0
3171,135,0.7978072762489319,0
3171,911,0.9319707155227661,0
3171,1323,2.6022696495056152,0
3171,1851,0.8913097977638245,0
3171,635,0.9549520611763,0
3171,900,0.9585199952125549,0
3171,1371,0.8232848048210144,0
3874,119,0.6371475458145142,1
3874,318,0.8144391179084778,0
3874,1885,0.9806234240531921,0
3874,1850,0.9093393087387085,0
3874,299,0.8097311854362488,0
3874,498,0.883234977722168,0
3874,2071,0.8037779331207275,0
3874,1657,1.0087631940841675,0
3874,162,0.9397842884063721,0
3874,1263,0.8303929567337036,0
3874,805,1.8742401599884033,0
3874,19,0.4387723207473755,0
3874,389,1.0222913026809692,0
3874,358,0.8980123996734619,0
3874,1894,1.2065645456314087,0
3874,638,0.9160813689231873,0
3874,469,1.6004712581634521,0
3874,1652,0.9517106413841248,0
3874,1092,1.5132099390029907,0
3874,1844,2.551178216934204,0
560,1349,0.9665738940238953,1
560,1273,1.8371416330337524,0
560,785,0.8920571804046631,0
560,1587,0.5208693742752075,0
560,135,0.8802401423454285,0
560,873,0.5421241521835327,0
560,1361,1.281773567199707,0
560,448,0.9822803735733032,0
560,1831,0.8598220348358154,0
560,1583,1.0630604028701782,0
560,1895,0.948950469493866,0
560,1033,1.0865572690963745,0
560,1524,0.9545406103134155,0
560,817,0.5825746059417725,0
560,800,0.9214288592338562,0
560,1679,1.0547676086425781,0
560,1506,0.5523881912231445,0
560,1610,2.0787241458892822,0
560,492,0.5322868824005127,0
560,517,0.9184247255325317,0
240,1323,2.8189620971679688,1
240,513,1.2526664733886719,0
240,1310,1.713815450668335,0
240,1329,1.1073296070098877,0
240,2006,1.0658634901046753,0
240,1406,0.4659985601902008,0
240,414,0.8137922883033752,0
240,2032,0.9201207160949707,0
240,990,0.4544912576675415,0
240,1739,1.4730427265167236,0
240,125,0.6929807662963867,0
240,766,0.503054141998291,0
240,1464,0.865066409111023,0
240,1057,0.5828639268875122,0
240,337,1.3746163845062256,0
240,1283,0.5977099537849426,0
240,1450,0.8031168580055237,0
240,1881,1.2522437572479248,0
240,229,1.5783703327178955,0
240,986,1.477402925491333,0
4047,937,0.494043231010437,1
4047,1903,0.6664162874221802,0
4047,703,0.8717328906059265,0
4047,1312,2.0249087810516357,0
4047,1887,1.031804084777832,0
4047,1244,0.8040610551834106,0
4047,920,0.8746525049209595,0
4047,1074,1.2527525424957275,0
4047,632,0.960452139377594,0
4047,953,1.2286179065704346,0
4047,883,1.7275218963623047,0
4047,1930,0.9282119274139404,0
4047,1022,0.8720369338989258,0
4047,843,0.6280266046524048,0
4047,96,1.104998230934143,0
4047,1963,1.2630733251571655,0
4047,1124,2.97586727142334,0
4047,411,0.6012557744979858,0
4047,1005,0.9089996218681335,0
4047,1361,1.2383772134780884,0
1423,764,0.976891279220581,1
1423,17,1.0106432437896729,0
1423,1113,1.0084168910980225,0
1423,682,0.9970833659172058,0
1423,956,1.559766173362732,0
1423,955,1.1158859729766846,0
1423,1388,1.544498324394226,0
1423,222,0.8769165873527527,0
1423,385,1.0623300075531006,0
1423,1795,1.7650991678237915,0
1423,1146,1.0481491088867188,0
1423,469,1.9230467081069946,0
1423,1586,1.2588529586791992,0
1423,1545,1.6714180707931519,0
1423,829,1.0792486667633057,0
1423,1530,0.8848615288734436,0
1423,1469,0.8980917930603027,0
1423,761,0.9153498411178589,0
1423,886,0.7844555974006653,0
1423,1507,2.162062168121338,0
2276,1105,0.5313176512718201,1
2276,769,0.9683080315589905,0
2276,162,0.9956692457199097,0
2276,2031,0.9488624334335327,0
2276,897,0.6450030207633972,0
2276,1629,0.5219835638999939,0
2276,1920,0.8913498520851135,0
2276,91,1.342880368232727,0
2276,1699,0.9600553512573242,0
2276,2035,0.8761332631111145,0
2276,315,1.050208330154419,0
2276,229,1.5788757801055908,0
2276,674,0.9124577045440674,0
2276,1693,1.5617947578430176,0
2276,736,0.9513218402862549,0
2276,71,1.6335852146148682,0
2276,1506,0.581795334815979,0
2276,755,1.4664006233215332,0
2276,1970,1.0122281312942505,0
2276,166,0.4837300777435303,0
928,1877,4.554244041442871,1
928,1578,2.3072078227996826,0
928,120,1.6034836769104004,0
928,294,0.5131900906562805,0
928,193,1.616762399673462,0
928,1935,0.9879185557365417,0
928,43,0.46311989426612854,0
928,1601,0.8510643839836121,0
928,425,0.44658517837524414,0
928,490,0.8107980489730835,0
928,833,0.9970583915710449,0
928,1791,0.48668304085731506,0
928,1985,1.273230791091919,0
928,1467,2.1007697582244873,0
928,871,1.0165692567825317,0
928,1282,1.016605257987976,0
928,87,0.47251826524734497,0
928,2011,0.8353723287582397,0
928,1237,0.5463558435440063,0
928,1070,0.8539812564849854,0
29,390,0.5761404037475586,1
29,1920,0.9049320816993713,0
29,1561,1.7796008586883545,0
29,635,1.0159995555877686,0
29,1125,0.8945381045341492,0
29,1857,0.9100790023803711,0
29,416,0.890916109085083,0
29,1751,0.6534799337387085,0
29,443,0.9555025696754456,0
29,708,0.8737632632255554,0
29,1553,0.8576434850692749,0
29,1976,1.369773030281067,0
29,733,1.5100324153900146,0
29,767,0.49790388345718384,0
29,1671,2.873934507369995,0
29,1686,1.6760214567184448,0
29,1035,1.1847634315490723,0
29,242,1.0386736392974854,0
29,170,1.1315134763717651,0
29,1482,0.9543094635009766,0
3936,1324,0.5308545827865601,1
3936,1603,0.6263644695281982,0
3936,122,1.6711698770523071,0
3936,201,0.5991380214691162,0
3936,2076,1.392062783241272,0
3936,358,0.9570472836494446,0
3936,1216,0.9924649596214294,0
3936,919,1.521886944770813,0
3936,127,1.063227653503418,0
3936,1162,0.6655658483505249,0
3936,1561,1.700109601020813,0
3936,751,0.5996484756469727,0
3936,1681,0.9471203684806824,0
3936,36,0.9788755178451538,0
3936,787,1.1093313694000244,0
3936,1737,0.4133251905441284,0
3936,1936,2.0046112537384033,0
3936,782,1.0502889156341553,0
3936,813,1.0463693141937256,0
3936,1520,0.48054367303848267,0
556,1796,1.3472542762756348,1
556,706,0.8194726705551147,0
556,1399,1.984802007675171,0
556,1291,0.8971279263496399,0
556,777,0.9501991271972656,0
556,1880,0.9958398938179016,0
556,1903,0.5767114758491516,0
556,439,2.390507221221924,0
556,808,1.3061096668243408,0
556,1487,0.9685405492782593,0
556,2023,0.9613395929336548,0
556,14,1.2977616786956787,0
556,870,0.5932844877243042,0
556,1936,2.2019217014312744,0
556,1318,0.8844645619392395,0
556,523,1.313704490661621,0
556,1567,1.7813630104064941,0
556,1738,0.450848788022995,0
556,1120,1.5850374698638916,0
556,801,1.9216409921646118,0
328,1703,3.0934791564941406,1
328,803,1.8244236707687378,0
328,2069,0.6775177717208862,0
328,298,1.0122655630111694,0
328,1891,1.4563379287719727,0
328,1545,1.616520643234253,0
328,343,0.6142801642417908,0
328,1555,0.9091667532920837,0
328,1424,0.994968831539154,0
328,1992,1.0061606168746948,0
328,661,2.0593252182006836,0
328,1619,0.6321936845779419,0
328,707,0.5380340218544006,0
328,1348,1.5999627113342285,0
328,23,0.6506443023681641,0
328,471,0.6261958479881287,0
328,92,1.0810551643371582,0
328,1322,1.3874099254608154,0
328,335,1.6035343408584595,0
328,692,1.0755809545516968,0
1156,1850,0.9416500329971313,1
1156,138,0.5525054931640625,0
1156,940,0.90987229347229,0
1156,276,0.9434927701950073,0
1156,1833,0.9233542084693909,0
1156,1844,2.6036083698272705,0
1156,388,0.9632941484451294,0
1156,1289,0.9393291473388672,0
1156,1694,1.9634952545166016,0
1156,1271,0.9429791569709778,0
1156,624,2.2756404876708984,0
1156,128,0.5694671869277954,0
1156,1152,0.6338127851486206,0
1156,1323,2.7782516479492188,0
1156,1031,0.8242037296295166,0
1156,193,1.5183883905410767,0
1156,1672,0.545053243637085,0
1156,969,1.0688822269439697,0
1156,1861,0.8548861742019653,0
1156,124,0.4998796582221985,0
4099,252,0.5858825445175171,1
4099,134,0.8916943073272705,0
4099,1076,1.374744176864624,0
4099,1386,0.9390289783477783,0
4099,729,0.49165284633636475,0
4099,2069,0.5557453036308289,0
4099,1839,0.9401572942733765,0
4099,1363,1.032384991645813,0
4099,256,1.988967776298523,0
4099,475,1.5854005813598633,0
4099,1752,0.9759246110916138,0
4099,1831,0.8848036527633667,0
4099,1753,0.9918850064277649,0
4099,1126,0.8984298706054688,0
4099,721,0.8934847116470337,0
4099,1916,0.4590054750442505,0
4099,481,0.9676966667175293,0
4099,178,0.5519174337387085,0
4099,446,0.5148306488990784,0
4099,739,1.1350752115249634,0
1821,805,2.025564670562744,1
1821,1864,1.0074609518051147,0
1821,317,0.9001110792160034,0
1821,352,0.9583371877670288,0
1821,989,2.0061750411987305,0
1821,1957,1.0326364040374756,0
1821,641,0.9284707903862,0
1821,1371,0.8211458921432495,0
1821,983,1.673195481300354,0
1821,1079,0.9751614332199097,0
1821,752,0.9086894989013672,0
1821,433,1.7000938653945923,0
1821,362,1.4391188621520996,0
1821,1431,0.8717727065086365,0
1821,1332,1.4156650304794312,0
1821,1966,0.818310022354126,0
1821,1760,2.0928359031677246,0
1821,2050,1.40232253074646,0
1821,1618,0.9543879628181458,0
1821,182,1.6454325914382935,0
436,655,2.0888893604278564,1
436,839,1.1162505149841309,0
436,1191,0.5870144367218018,0
436,1895,0.9589395523071289,0
436,1894,1.3005887269973755,0
436,1461,1.0381885766983032,0
436,1720,1.3115452527999878,0
436,1260,1.0586525201797485,0
436,1617,1.678163766860962,0
436,1118,0.6767120361328125,0
436,1054,0.8992504477500916,0
436,508,2.0904600620269775,0
436,1882,0.5570270419120789,0
436,769,1.0062388181686401,0
436,816,1.2858132123947144,0
436,1866,1.3249220848083496,0
436,1478,0.9885312914848328,0
436,400,0.4782567024230957,0
436,1832,1.6793129444122314,0
436,664,0.9818917512893677,0
964,549,0.8640013933181763,1
964,959,1.3251804113388062,0
964,455,1.619951844215393,0
964,156,0.931013822555542,0
964,16,0.5010795593261719,0
964,302,0.9622896909713745,0
964,1304,0.9091009497642517,0
964,864,0.9059571027755737,0
964,1379,1.5708297491073608,0
964,1058,1.3180787563323975,0
964,1919,0.8572083711624146,0
964,2040,1.3883389234542847,0
964,194,0.9549229741096497,0
964,973,0.9490503072738647,0
964,480,0.5800222158432007,0
964,1717,0.5145509839057922,0
964,772,0.5854527950286865,0
964,573,0.9980766773223877,0
964,1698,0.6165918111801147,0
964,601,0.49328601360321045,0
1727,1843,1.7082030773162842,1
1727,1464,0.8893279433250427,0
1727,360,0.9314585328102112,0
1727,781,0.8783743977546692,0
1727,1912,0.8619658946990967,0
1727,1185,1.0778731107711792,0
1727,1350,1.018222689628601,0
1727,582,0.8811447620391846,0
1727,918,1.403618574142456,0
1727,535,0.8868529796600342,0
1727,1798,0.9917149543762207,0
1727,588,0.6333065629005432,0
1727,1588,0.6855578422546387,0
1727,1693,1.6418348550796509,0
1727,347,0.5335259437561035,0
1727,2058,0.9877166152000427,0
1727,1074,1.2112808227539062,0
1727,547,0.6392660737037659,0
1727,10,2.1321396827697754,0
1727,67,1.2177590131759644,0
948,77,0.6318992376327515,1
948,1443,1.0646839141845703,0
948,807,1.015370488166809,0
948,704,0.9940195083618164,0
948,1841,0.5551507472991943,0
948,1860,1.9526387453079224,0
948,1945,0.4921114146709442,0
948,1598,0.9857656359672546,0
948,1377,1.219214916229248,0
948,460,1.038058876991272,0
948,1739,1.459612250328064,0
948,386,0.5662229061126709,0
948,2010,0.5679335594177246,0
948,1453,0.933898389339447,0
948,1494,1.3418500423431396,0
948,1379,1.668476939201355,0
948,767,0.5103899240493774,0
948,1025,0.9781641364097595,0
948,1806,3.2986228466033936,0
948,857,0.5760079622268677,0
1081,231,1.776189923286438,1
1081,202,2.2434909343719482,0
1081,534,0.9147631525993347,0
1081,1108,1.0631103515625,0
1081,1592,0.9838922023773193,0
1081,1614,1.0976213216781616,0
1081,2035,0.9158272743225098,0
1081,522,0.864416241645813,0
1081,1774,0.9422034025192261,0
1081,1155,1.0540002584457397,0
1081,1852,0.8720384240150452,0
1081,685,1.0890178680419922,0
1081,2062,5.3971662521362305,0
1081,924,1.4532806873321533,0
1081,1144,0.8909057378768921,0
1081,77,0.6390674114227295,0
1081,277,1.4553853273391724,0
1081,429,0.6150302886962891,0
1081,1642,1.7262458801269531,0
1081,474,1.2683801651000977,0
1211,970,0.948006272315979,1
1211,521,0.5255937576293945,0
1211,643,0.9291146993637085,0
1211,788,0.9304075837135315,0
1211,10,2.332038640975952,0
1211,914,1.9917421340942383,0
1211,2005,1.0525447130203247,0
1211,2001,0.54476398229599,0
1211,2039,1.235048770904541,0
1211,221,0.8320494890213013,0
1211,952,1.0431591272354126,0
1211,1307,0.911359965801239,0
1211,343,0.5388196706771851,0
1211,130,0.9296171069145203,0
1211,814,0.8378073573112488,0
1211,890,0.8627630472183228,0
1211,1838,0.906497061252594,0
1211,201,0.5255428552627563,0
1211,87,0.5004231333732605,0
1211,1438,0.43582460284233093,0
2051,431,1.251336932182312,1
2051,668,0.5091745257377625,0
2051,1920,0.7902493476867676,0
2051,1984,0.8630568981170654,0
2051,549,0.8065645098686218,0
2051,812,0.8284013867378235,0
2051,726,0.8503127694129944,0
2051,1902,0.456861287355423,0
2051,51,0.45373356342315674,0
2051,1818,1.8498165607452393,0
2051,244,0.8260847926139832,0
2051,379,0.4412887692451477,0
2051,129,0.5152347087860107,0
2051,924,1.370644450187683,0
2051,1585,0.4884350597858429,0
2051,467,0.42207422852516174,0
2051,259,0.8562363386154175,0
2051,128,0.45404452085494995,0
2051,997,0.9044797420501709,0
2051,750,0.7838217616081238,0
1207,1322,1.162995457649231,1
1207,1556,0.9413453340530396,0
1207,307,0.9876828193664551,0
1207,530,1.1974499225616455,0
1207,639,1.4541096687316895,0
1207,775,0.4247390627861023,0
1207,1328,0.8024266958236694,0
1207,1398,0.8498449921607971,0
1207,1145,0.930557131767273,0
1207,1863,0.4537542462348938,0
1207,1323,2.575082302093506,0
1207,768,0.8481065034866333,0
1207,1104,1.7748185396194458,0
1207,2016,0.8327125310897827,0
1207,558,0.5557442903518677,0
1207,193,1.4654350280761719,0
1207,974,0.8501530289649963,0
1207,313,0.4902282953262329,0
1207,937,0.4249534010887146,0
1207,721,0.8620063066482544,0
1683,1597,1.716737985610962,1
1683,1300,0.8007693290710449,0
1683,1670,0.8361193537712097,0
1683,1101,0.9253698587417603,0
1683,210,1.1487526893615723,0
1683,301,1.3847938776016235,0
1683,1118,0.6506599187850952,0
1683,1454,0.47128546237945557,0
1683,571,0.9735910296440125,0
1683,595,2.09706449508667,0
1683,283,0.9724854230880737,0
1683,1316,1.0286004543304443,0
1683,1653,0.9222375750541687,0
1683,700,2.111738920211792,0
1683,1231,1.6263401508331299,0
1683,163,0.9927077293395996,0
1683,335,1.6455798149108887,0
1683,203,1.0713860988616943,0
1683,464,0.9062138199806213,0
1683,756,1.5676183700561523,0
3007,484,0.4893966317176819,1
3007,830,0.7581509351730347,0
3007,984,0.8525137305259705,0
3007,83,0.9095997214317322,0
3007,1850,0.8535522818565369,0
3007,74,1.5136854648590088,0
3007,1718,0.9016995429992676,0
3007,1753,0.9205543398857117,0
3007,266,0.8303102850914001,0
3007,82,0.8120577931404114,0
3007,2019,0.8205149173736572,0
3007,612,0.5117717981338501,0
3007,1086,0.9253815412521362,0
3007,71,1.5079209804534912,0
3007,373,1.076634168624878,0
3007,160,0.8656290769577026,0
3007,1160,2.0700724124908447,0
3007,2000,1.1598498821258545,0
3007,1492,0.8008978366851807,0
3007,437,1.169115424156189,0
4023,1973,0.6256823539733887,1
4023,546,1.1755925416946411,0
4023,1520,0.4638032913208008,0
4023,2056,0.567416787147522,0
4023,79,1.5306742191314697,0
4023,1684,1.0427826642990112,0
4023,608,1.0126360654830933,0
4023,397,1.0445176362991333,0
4023,691,0.9951545000076294,0
4023,1644,1.4594844579696655,0
4023,1074,1.2607640027999878,0
4023,670,1.042425274848938,0
4023,648,1.4637906551361084,0
4023,1131,1.003125548362732,0
4023,1626,1.0788403749465942,0
4023,1151,0.8816909790039062,0
4023,457,0.9282781481742859,0
4023,699,2.8456242084503174,0
4023,1330,0.5245852470397949,0
4023,1599,0.574749767780304,0
2975,1090,0.8362476825714111,1
2975,336,1.0136374235153198,0
2975,756,1.3889926671981812,0
2975,1875,0.6205840110778809,0
2975,1476,1.4082146883010864,0
2975,1569,0.504109799861908,0
2975,694,0.679673969745636,0
2975,534,0.8745675086975098,0
2975,1556,1.026139259338379,0
2975,1990,1.2774286270141602,0
2975,235,2.0174598693847656,0
2975,830,0.85207599401474,0
2975,1299,0.8643637895584106,0
2975,1916,0.4618021845817566,0
2975,1782,0.8437545299530029,0
2975,764,0.9060487151145935,0
2975,343,0.5740532875061035,0
2975,243,0.8884813189506531,0
2975,730,0.8542793989181519,0
2975,1524,0.8678826093673706,0
48,1247,0.6872018575668335,1
48,1689,2.298718214035034,0
48,1759,0.9814999103546143,0
48,1390,0.8380053639411926,0
48,1999,1.571671485900879,0
48,19,0.4379712641239166,0
48,824,1.388819932937622,0
48,1818,1.9497689008712769,0
48,1273,1.800468921661377,0
48,773,0.8365155458450317,0
48,1848,1.3367841243743896,0
48,521,0.5105469226837158,0
48,950,0.40404918789863586,0
48,1091,0.9350064992904663,0
48,859,0.9568591713905334,0
48,221,0.8308018445968628,0
48,439,2.431103229522705,0
48,1744,1.3667094707489014,0
48,54,0.9834847450256348,0
48,1663,1.7364475727081299,0
3885,419,0.5093497037887573,1
3885,67,1.3739441633224487,0
3885,1117,1.0997432470321655,0
3885,349,1.4611401557922363,0
3885,360,1.0064194202423096,0
3885,564,0.9947547912597656,0
3885,1617,1.8236953020095825,0
3885,457,0.9938230514526367,0
3885,1220,0.9992916584014893,0
3885,1705,1.7613574266433716,0
3885,1147,1.3530762195587158,0
3885,1329,1.2656203508377075,0
3885,745,1.678293228149414,0
3885,0,1.0467536449432373,0
3885,921,1.94889235496521,0
3885,1824,0.57815021276474,0
3885,850,1.9277499914169312,0
3885,1727,1.075047492980957,0
3885,1367,0.6460840702056885,0
3885,1467,2.3142454624176025,0
1944,1001,0.5126969814300537,1
1944,1056,0.9441231489181519,0
1944,1508,1.3766093254089355,0
1944,1016,1.0893049240112305,0
1944,1726,0.8127356171607971,0
1944,1847,1.0792324542999268,0
1944,1785,0.8982487916946411,0
1944,287,1.4000935554504395,0
1944,1572,1.013869047164917,0
1944,373,1.2513678073883057,0
1944,425,0.4949943721294403,0
1944,92,1.0212297439575195,0
1944,1035,1.1557667255401611,0
1944,1556,1.0427755117416382,0
1944,1718,1.0509154796600342,0
1944,444,1.04805588722229,0
1944,1025,0.9889846444129944,0
1944,1983,1.5533595085144043,0
1944,550,1.0033842325210571,0
1944,26,1.1413575410842896,0
1519,1459,1.0102447271347046,1
1519,583,0.9894445538520813,0
1519,72,1.003662109375,0
1519,182,1.5936692953109741,0
1519,1114,1.3615230321884155,0
1519,269,0.9943084716796875,0
1519,107,1.0192046165466309,0
1519,319,0.9603632688522339,0
1519,1251,0.979932963848114,0
1519,961,0.8732753992080688,0
1519,840,1.0106364488601685,0
1519,1605,0.9548177123069763,0
1519,1266,0.8413722515106201,0
1519,1646,0.903617262840271,0
1519,1735,0.9143547415733337,0
1519,1347,1.4694421291351318,0
1519,1982,0.9896245002746582,0
1519,604,0.4561948776245117,0
1519,133,0.6005435585975647,0
1519,1417,0.5805853009223938,0
3000,341,0.586110532283783,1
3000,1351,1.2411247491836548,0
3000,1154,0.5551027059555054,0
3000,721,0.9430282115936279,0
3000,16,0.5136691331863403,0
3000,457,0.8838409185409546,0
3000,1128,0.5551080107688904,0
3000,1949,1.381100058555603,0
3000,913,1.7415473461151123,0
3000,1237,0.5880885124206543,0
3000,1409,0.5309011340141296,0
3000,36,0.9516101479530334,0
3000,531,0.5450552105903625,0
3000,568,0.9338999390602112,0
3000,399,1.0347808599472046,0
3000,224,2.6043882369995117,0
3000,1837,1.0379478931427002,0
3000,351,0.5381296277046204,0
3000,1830,1.0005717277526855,0
3000,205,0.9959148168563843,0
3794,365,0.8714434504508972,1
3794,3,0.979204535484314,0
3794,1419,0.8678522109985352,0
3794,1102,0.886356770992279,0
3794,1113,0.9126221537590027,0
3794,1693,1.5463730096817017,0
3794,1111,0.5240232944488525,0
3794,318,0.7969738245010376,0
3794,1764,0.9151608943939209,0
3794,2043,0.40858861804008484,0
3794,1935,0.9880876541137695,0
3794,1060,1.3134162425994873,0
3794,672,0.58240807056427,0
3794,1107,1.560652494430542,0
3794,421,0.5446181297302246,0
3794,838,1.3903611898422241,0
3794,1344,1.0624653100967407,0
3794,204,0.8361445069313049,0
3794,1919,0.8193933963775635,0
3794,1866,1.2234578132629395,0
2262,1081,0.5596637725830078,1
2262,1214,1.861716389656067,0
2262,774,0.8501413464546204,0
2262,1133,0.9786463975906372,0
2262,1284,0.7730683088302612,0
2262,692,1.053518533706665,0
2262,2044,1.72964346408844,0
2262,536,0.8261086940765381,0
2262,1895,0.9431632161140442,0
2262,203,1.0128587484359741,0
2262,1196,1.013599157333374,0
2262,1294,1.8875607252120972,0
2262,1814,1.0207278728485107,0
2262,511,2.174020528793335,0
2262,1011,1.7621793746948242,0
2262,1874,0.8784857988357544,0
2262,1802,1.6763375997543335,0
2262,937,0.42567479610443115,0
2262,1195,0.5328530073165894,0
2262,257,1.1972585916519165,0
956,533,1.5927048921585083,1
956,105,1.1519720554351807,0
956,1284,0.7189802527427673,0
956,234,1.0771898031234741,0
956,291,0.8451088666915894,0
956,983,1.5492079257965088,0
956,565,1.2712867259979248,0
956,1949,1.3073676824569702,0
956,833,0.914893388748169,0
956,1189,0.8760293126106262,0
956,183,0.8615012764930725,0
956,1894,1.2101526260375977,0
956,725,0.5342882871627808,0
956,1656,0.5704299211502075,0
956,1357,0.5952832698822021,0
956,1597,1.446413278579712,0
956,1017,0.931236207485199,0
956,732,0.5792303085327148,0
956,363,0.5760440230369568,0
956,1839,0.8524041771888733,0
2036,1137,2.00858998298645,1
2036,689,1.461794137954712,0
2036,678,0.9124048948287964,0
2036,840,1.0384223461151123,0
2036,830,0.863614022731781,0
2036,150,0.9868720173835754,0
2036,301,1.4170105457305908,0
2036,1819,0.9797260165214539,0
2036,1123,2.0021932125091553,0
2036,1108,1.0852278470993042,0
2036,1575,0.9669281244277954,0
2036,390,0.569109320640564,0
2036,1328,0.939139187335968,0
2036,287,1.442706823348999,0
2036,1942,2.1438798904418945,0
2036,1119,1.4447190761566162,0
2036,1563,1.2145887613296509,0
2036,1571,1.2442317008972168,0
2036,639,1.662676215171814,0
2036,547,0.5973800420761108,0
586,1006,2.0353405475616455,1
586,866,0.9409189224243164,0
586,1124,3.298886775970459,0
586,396,0.8986344337463379,0
586,1455,0.8813840746879578,0
586,34,0.9166944622993469,0
586,31,1.08707594871521,0
586,832,0.5459456443786621,0
586,1243,0.6130860447883606,0
586,1152,0.5850833654403687,0
586,123,1.6584283113479614,0
586,1451,1.4012081623077393,0
586,1900,1.0019797086715698,0
586,173,1.3685866594314575,0
586,377,1.5055031776428223,0
586,609,0.5426334142684937,0
586,987,1.3618232011795044,0
586,1578,2.3975141048431396,0
586,1704,0.9570689797401428,0
586,1856,0.8216850757598877,0
2904,129,0.5929545164108276,1
2904,1605,0.886322557926178,0
2904,567,1.9611561298370361,0
2904,659,1.419287919998169,0
2904,1647,0.5631612539291382,0
2904,1763,0.5772320628166199,0
2904,418,0.878809928894043,0
2904,1543,0.8830539584159851,0
2904,1412,0.9935485124588013,0
2904,209,0.49399328231811523,0
2904,1555,0.7835608124732971,0
2904,1820,0.9456145763397217,0
2904,966,0.9107861518859863,0
2904,1443,0.9902054071426392,0
2904,625,0.9650349020957947,0
2904,396,0.9086911678314209,0
2904,826,0.9602502584457397,0
2904,97,1.849402904510498,0
2904,445,0.9461581707000732,0
2904,1004,0.7992284893989563,0
3032,2,0.5168462991714478,1
3032,690,1.702998399734497,0
3032,1555,0.7783351540565491,0
3032,845,1.608588457107544,0
3032,1727,0.8461917638778687,0
3032,990,0.41750413179397583,0
3032,1793,0.5090780258178711,0
3032,1744,1.2187771797180176,0
3032,1654,1.5636820793151855,0
3032,408,0.905784010887146,0
3032,424,0.8354426622390747,0
3032,1107,1.394432544708252,0
3032,1432,0.7630287408828735,0
3032,980,1.967578411102295,0
3032,1419,0.8181593418121338,0
3032,1586,1.050318956375122,0
3032,531,0.46623021364212036,0
3032,1688,0.5483101010322571,0
3032,660,0.8191839456558228,0
3032,822,0.7281333208084106,0
3543,589,0.481828510761261,1
3543,1205,1.3030662536621094,0
3543,826,1.002264142036438,0
3543,1651,1.038568139076233,0
3543,747,0.9174941778182983,0
3543,683,0.9753949046134949,0
3543,984,0.9125690460205078,0
3543,1808,1.7218109369277954,0
3543,1675,0.9156632423400879,0
3543,588,0.6332434415817261,0
3543,1819,0.9723042249679565,0
3543,1535,1.7347840070724487,0
3543,1749,0.896093487739563,0
3543,1454,0.4944826364517212,0
3543,1359,1.9094367027282715,0
3543,1157,1.9445451498031616,0
3543,665,0.620925784111023,0
3543,1786,0.8764753341674805,0
3543,1680,0.8012335300445557,0
3543,1297,1.1346497535705566,0
1909,1641,1.4761073589324951,1
1909,1348,1.4666997194290161,0
1909,2057,0.9542116522789001,0
1909,546,1.091433048248291,0
1909,1860,1.8754537105560303,0
1909,1964,1.0073260068893433,0
1909,2010,0.5439431071281433,0
1909,1568,0.547149658203125,0
1909,415,0.8733600974082947,0
1909,1203,1.2095271348953247,0
1909,1564,1.7931013107299805,0
1909,1537,0.5798165798187256,0
1909,917,1.0335547924041748,0
1909,2011,0.8669828772544861,0
1909,1855,1.054667353630066,0
1909,804,0.9067195057868958,0
1909,609,0.5984619855880737,0
1909,1397,1.355514645576477,0
1909,584,1.0060267448425293,0
1909,214,0.5318284034729004,0
3151,1216,1.0279581546783447,1
3151,709,1.0359855890274048,0
3151,2062,5.082527160644531,0
3151,1611,0.5905919075012207,0
3151,1976,1.3982796669006348,0
3151,731,1.0285578966140747,0
3151,1081,0.5826225280761719,0
3151,811,1.0756367444992065,0
3151,1638,0.9757187366485596,0
3151,1221,0.9068758487701416,0
3151,1955,0.6488344669342041,0
3151,121,0.8881216049194336,0
3151,187,1.0133287906646729,0
3151,1311,0.5015981793403625,0
3151,1680,0.813524067401886,0
3151,2059,0.5769070386886597,0
3151,1695,0.6449154019355774,0
3151,690,1.9556511640548706,0
3151,358,0.952284574508667,0
3151,654,1.8768932819366455,0
3990,253,0.9954448342323303,1
3990,168,0.9548695683479309,0
3990,1403,0.9180492162704468,0
3990,1215,1.0218572616577148,0
3990,1703,3.0614707469940186,0
3990,1456,1.7366002798080444,0
3990,1645,0.8471237421035767,0
3990,864,0.8761418461799622,0
3990,1520,0.44280046224594116,0
3990,89,0.4433149993419647,0
3990,2022,0.4266097843647003,0
3990,1321,0.8579299449920654,0
3990,549,0.8404115438461304,0
3990,1238,1.0040663480758667,0
3990,1277,1.2798649072647095,0
3990,1377,1.220999002456665,0
3990,1163,0.9865511655807495,0
3990,1473,4.367076873779297,0
3990,1498,1.025977611541748,0
3990,1420,1.0907946825027466,0
1783,954,1.2194068431854248,1
1783,441,0.9961151480674744,0
1783,1728,1.7107453346252441,0
1783,465,0.6310089230537415,0
1783,246,0.8839512467384338,0
1783,51,0.6014636158943176,0
1783,787,1.1257970333099365,0
1783,537,0.9941559433937073,0
1783,1100,0.517750084400177,0
1783,361,1.1034231185913086,0
1783,1111,0.6045754551887512,0
1783,698,0.9986329078674316,0
1783,828,1.0583239793777466,0
1783,572,2.18911075592041,0
1783,2017,1.0658198595046997,0
1783,1752,1.0042496919631958,0
1783,1867,1.764250636100769,0
1783,279,1.0430386066436768,0
1783,949,0.515784502029419,0
1783,523,1.314874529838562,0
666,295,0.5285769701004028,1
666,635,0.9974881410598755,0
666,630,0.48452991247177124,0
666,1479,0.9438802599906921,0
666,447,1.313454270362854,0
666,987,1.3495759963989258,0
666,596,1.3595941066741943,0
666,1132,1.4563183784484863,0
666,1533,1.020776629447937,0
666,847,1.4721958637237549,0
666,2050,1.4482097625732422,0
666,1452,0.4841609001159668,0
666,511,2.114438533782959,0
666,1311,0.45834994316101074,0
666,273,0.9325872659683228,0
666,1299,0.9333910942077637,0
666,1783,1.2535783052444458,0
666,505,1.1412861347198486,0
666,483,2.370514392852783,0
666,750,0.8896538615226746,0
2728,1751,0.6844635009765625,1
2728,1944,0.6776154637336731,0
2728,1204,0.6298686861991882,0
2728,873,0.5511499047279358,0
2728,903,1.5075393915176392,0
2728,1557,0.9960768818855286,0
2728,1084,0.8713536858558655,0
2728,1424,0.9183950424194336,0
2728,1670,0.7924168705940247,0
2728,1305,0.49376118183135986,0
2728,1001,0.5396909713745117,0
2728,2003,0.5754140615463257,0
2728,1766,1.0177754163742065,0
2728,532,0.9001068472862244,0
2728,37,0.693931519985199,0
2728,1940,0.8448317646980286,0
2728,950,0.4751102924346924,0
2728,1552,0.8643956184387207,0
2728,1995,2.0120320320129395,0
2728,608,0.9377159476280212,0
779,1554,1.0386148691177368,1
779,2055,0.4936409592628479,0
779,1713,1.7998712062835693,0
779,1484,0.4402714967727661,0
779,1873,0.8721387982368469,0
779,876,0.9287160634994507,0
779,1254,0.8510730266571045,0
779,911,0.9332990050315857,0
779,2062,5.4991984367370605,0
779,1067,1.2658458948135376,0
779,728,0.8487547039985657,0
779,312,0.9093583822250366,0
779,309,0.916795551776886,0
779,1186,0.7400000691413879,0
779,726,0.8598051071166992,0
779,1010,0.9149122834205627,0
779,324,0.490182101726532,0
779,1026,0.8327335715293884,0
779,2043,0.38164013624191284,0
779,346,0.5226970314979553,0
2323,230,0.9342869520187378,1
2323,216,0.8664056658744812,0
2323,1437,1.3999580144882202,0
2323,1411,0.9014407992362976,0
2323,1484,0.4806528687477112,0
2323,1454,0.4730186462402344,0
2323,1405,1.821272611618042,0
2323,1567,1.6798996925354004,0
2323,1938,0.5193565487861633,0
2323,410,1.2920222282409668,0
2323,586,1.4236944913864136,0
2323,851,0.855831503868103,0
2323,1639,0.8371427655220032,0
2323,339,0.846004068851471,0
2323,1626,0.9530215263366699,0
2323,483,2.0610764026641846,0
2323,281,0.548416793346405,0
2323,1672,0.5024657249450684,0
2323,220,0.9330011606216431,0
2323,574,0.9115223288536072,0
1845,609,0.5275047421455383,1
1845,1769,0.5428804159164429,0
1845,698,0.9627571105957031,0
1845,65,0.8952975273132324,0
1845,591,0.9183911085128784,0
1845,437,1.3733514547348022,0
1845,1771,1.0889415740966797,0
1845,1691,0.8938563466072083,0
1845,1727,0.9663488268852234,0
1845,1299,0.8562440872192383,0
1845,1693,1.6493144035339355,0
1845,964,0.5042885541915894,0
1845,1122,1.9442894458770752,0
1845,570,0.9801024198532104,0
1845,554,0.5840331315994263,0
1845,1302,1.1564922332763672,0
1845,1406,0.47690102458000183,0
1845,1085,0.4640059471130371,0
1845,1206,0.5202613472938538,0
1845,491,0.6412988901138306,0
2944,1456,1.7738457918167114,1
2944,1566,0.9737094044685364,0
2944,217,0.9420468807220459,0
2944,1592,0.9768210649490356,0
2944,1113,0.9360554814338684,0
2944,1962,0.5454106330871582,0
2944,3,1.0367159843444824,0
2944,926,0.9705550670623779,0
2944,78,1.6609909534454346,0
2944,1193,0.4792606830596924,0
2944,1382,0.8226171731948853,0
2944,741,1.039698839187622,0
2944,742,0.8342737555503845,0
2944,1102,0.9488694667816162,0
2944,1444,0.8579210042953491,0
2944,1019,1.7121169567108154,0
2944,1020,1.6252485513687134,0
2944,880,1.42442786693573,0
2944,991,0.8430994749069214,0
2944,798,1.334227442741394,0
1191,1697,0.7387573719024658,1
1191,1730,1.2127528190612793,0
1191,640,1.4169832468032837,0
1191,1162,0.5132583975791931,0
1191,1505,0.41881585121154785,0
1191,556,0.9195742011070251,0
1191,616,0.781151533126831,0
1191,1763,0.4891732931137085,0
1191,1833,0.7784718871116638,0
1191,1721,1.1461374759674072,0
1191,28,0.4875258207321167,0
1191,1492,0.7326163053512573,0
1191,1940,0.7269538640975952,0
1191,1529,0.8035017251968384,0
1191,1281,0.429122656583786,0
1191,1979,0.8431626558303833,0
1191,950,0.3707756996154785,0
1191,1013,0.8984966278076172,0
1191,1364,1.0489156246185303,0
1191,266,0.7966386675834656,0
4041,557,0.5389049649238586,1
4041,231,1.6449955701828003,0
4041,605,0.8177484273910522,0
4041,1637,0.8988766670227051,0
4041,1740,0.45939937233924866,0
4041,1877,4.19863224029541,0
4041,1712,1.6022700071334839,0
4041,56,0.8814346790313721,0
4041,1094,0.7618542313575745,0
4041,1012,0.42363864183425903,0
4041,1391,0.8529080152511597,0
4041,131,0.8509297966957092,0
4041,390,0.5210697650909424,0
4041,1537,0.5322983264923096,0
4041,941,1.0148109197616577,0
4041,1840,0.5004501342773438,0
4041,754,1.2337251901626587,0
4041,647,1.2307465076446533,0
4041,1548,1.5168273448944092,0
4041,762,1.1363601684570312,0
1157,763,0.8350242972373962,1
1157,1614,0.9301103949546814,0
1157,1548,1.4829474687576294,0
1157,717,1.2128771543502808,0
1157,1900,0.8736849427223206,0
1157,287,1.2296257019042969,0
1157,544,0.7536104321479797,0
1157,1449,0.44764941930770874,0
1157,1316,0.8826608061790466,0
1157,437,1.199975848197937,0
1157,606,0.9247263669967651,0
1157,981,0.7990316152572632,0
1157,1169,1.1108657121658325,0
1157,1959,0.7933928966522217,0
1157,1777,1.5231159925460815,0
1157,1399,1.8338923454284668,0
1157,651,1.4278572797775269,0
1157,123,1.3919119834899902,0
1157,689,1.2305065393447876,0
1157,189,0.7463235259056091,0
1863,1627,1.036564588546753,1
1863,706,0.9088672995567322,0
1863,513,1.381328821182251,0
1863,460,1.002898931503296,0
1863,550,1.0282946825027466,0
1863,1485,0.6215721368789673,0
1863,1816,0.5459049940109253,0
1863,1178,1.3698697090148926,0
1863,1446,1.0098310708999634,0
1863,1762,1.8060511350631714,0
1863,975,0.564493715763092,0
1863,1149,0.5846070051193237,0
1863,2032,0.9524708986282349,0
1863,1638,0.9464015364646912,0
1863,67,1.215533971786499,0
1863,1298,0.876214861869812,0
1863,1062,1.0103988647460938,0
1863,403,0.9182671308517456,0
1863,1176,0.6182296872138977,0
1863,1501,0.89592045545578,0
4147,1225,0.6178880929946899,1
4147,1751,0.7054628133773804,0
4147,1147,1.3223525285720825,0
4147,2021,1.2562038898468018,0
4147,318,0.9580859541893005,0
4147,1492,0.9723753929138184,0
4147,1786,0.9240366220474243,0
4147,1306,1.1087110042572021,0
4147,1427,0.9978697299957275,0
4147,556,1.1500240564346313,0
4147,1359,1.9780681133270264,0
4147,632,0.9893156886100769,0
4147,528,1.0542963743209839,0
4147,1731,0.991534948348999,0
4147,188,1.4798309803009033,0
4147,1414,1.340619683265686,0
4147,91,1.423413872718811,0
4147,634,0.5385945439338684,0
4147,874,1.0402626991271973,0
4147,2044,1.6922733783721924,0
1068,1205,1.3490097522735596,1
1068,778,2.256847620010376,0
1068,1981,1.5105412006378174,0
1068,438,1.0847344398498535,0
1068,1386,1.0056549310684204,0
1068,1594,0.979894757270813,0
1068,605,0.9423074722290039,0
1068,59,1.393562912940979,0
1068,1104,1.9949004650115967,0
1068,1992,0.9233866333961487,0
1068,892,0.9168179631233215,0
1068,1193,0.4971945583820343,0
1068,1393,2.1465518474578857,0
1068,189,0.8928432464599609,0
1068,861,1.9600986242294312,0
1068,1192,1.0311944484710693,0
1068,729,0.5199359655380249,0
1068,1622,1.3469363451004028,0
1068,1722,0.9401845932006836,0
1068,732,0.5979907512664795,0
2027,1374,0.6054233312606812,1
2027,79,1.5430638790130615,0
2027,1102,0.9934448599815369,0
2027,601,0.5295235514640808,0
2027,522,0.9050458073616028,0
2027,811,1.095442295074463,0
2027,539,1.4056835174560547,0
2027,120,1.6200463771820068,0
2027,527,0.9151401519775391,0
2027,1834,0.9878791570663452,0
2027,368,1.070294737815857,0
2027,957,0.9781866073608398,0
2027,2054,0.8733322620391846,0
2027,1507,2.192039728164673,0
2027,1498,1.06223464012146,0
2027,80,1.3379156589508057,0
2027,1486,0.916955828666687,0
2027,1076,1.425733208656311,0
2027,850,1.8134225606918335,0
2027,149,2.9205222129821777,0
1622,628,1.6973862648010254,1
1622,1177,0.926270604133606,0
1622,1239,0.9654891490936279,0
1622,387,0.5131094455718994,0
1622,238,1.496665120124817,0
1622,775,0.45902955532073975,0
1622,2055,0.5491649508476257,0
1622,1230,0.891298770904541,0
1622,968,1.1779415607452393,0
1622,1599,0.5800553560256958,0
1622,597,0.5850833654403687,0
1622,112,1.491395115852356,0
1622,1528,1.5250476598739624,0
1622,937,0.4223265051841736,0
1622,756,1.4292901754379272,0
1622,263,0.972016453742981,0
1622,257,1.0925815105438232,0
1622,793,0.597048282623291,0
1622,1010,0.954541027545929,0
1622,46,0.5576218962669373,0
3902,1368,0.575852632522583,1
3902,685,1.1985456943511963,0
3902,491,0.7549881339073181,0
3902,421,0.6514558792114258,0
3902,232,0.5947850942611694,0
3902,1959,0.9707980751991272,0
3902,320,1.1010284423828125,0
3902,1967,0.48201513290405273,0
3902,250,1.158748984336853,0
3902,1281,0.5280238389968872,0
3902,1354,0.9895297884941101,0
3902,560,1.1334620714187622,0
3902,1181,1.0412198305130005,0
3902,179,1.3118674755096436,0
3902,1857,1.0303057432174683,0
3902,350,0.825118362903595,0
3902,122,1.8246657848358154,0
3902,645,0.8451576232910156,0
3902,969,1.1759212017059326,0
3902,1457,1.2469252347946167,0
3914,819,1.0015618801116943,1
3914,765,1.7183129787445068,0
3914,2044,1.671250820159912,0
3914,1555,0.8883322477340698,0
3914,638,1.0378142595291138,0
3914,1134,1.386370301246643,0
3914,835,0.9220587015151978,0
3914,1771,1.1746654510498047,0
3914,1231,1.6477079391479492,0
3914,1074,1.2894130945205688,0
3914,758,0.8945996165275574,0
3914,963,1.022326946258545,0
3914,408,1.1025023460388184,0
3914,351,0.6048160791397095,0
3914,522,0.9006025195121765,0
3914,1006,2.0311434268951416,0
3914,327,0.6579046249389648,0
3914,828,1.11078679561615,0
3914,1660,0.9141779541969299,0
3914,820,0.9961378574371338,0
346,2060,1.469561219215393,1
346,237,1.9908008575439453,0
346,584,1.171107292175293,0
346,830,0.942373514175415,0
346,986,1.6345494985580444,0
346,798,1.4126933813095093,0
346,1993,0.629391610622406,0
346,1682,1.1272883415222168,0
346,564,1.0329195261001587,0
346,349,1.4469029903411865,0
346,1024,1.0284554958343506,0
346,731,1.139743685722351,0
346,1743,0.9871600270271301,0
346,2005,1.2178301811218262,0
346,1984,1.086439847946167,0
346,1726,0.857090950012207,0
346,1999,1.730201244354248,0
346,623,0.8578647375106812,0
346,766,0.6161144971847534,0
346,12,1.45442533493042,0
2592,834,1.4757601022720337,1
2592,1827,0.4836200475692749,0
2592,1625,0.6099541187286377,0
2592,1303,0.993619441986084,0
2592,973,1.0120190382003784,0
2592,374,0.9622220396995544,0
2592,1272,1.651410460472107,0
2592,632,0.9660431742668152,0
2592,1092,1.7235996723175049,0
2592,1475,0.8855366706848145,0
2592,155,1.0296003818511963,0
2592,1160,2.4731252193450928,0
2592,1028,0.9101544618606567,0
2592,1083,0.54163658618927,0
2592,1101,0.884996771812439,0
2592,528,0.9986701607704163,0
2592,1695,0.590459942817688,0
2592,1812,0.9302391409873962,0
2592,921,1.894728183746338,0
2592,795,0.9190996289253235,0
1114,1544,0.9710221290588379,1
1114,1134,1.3715392351150513,0
1114,1944,0.6724216938018799,0
1114,777,1.046636700630188,0
1114,45,0.5812621116638184,0
1114,1756,0.5958070158958435,0
1114,1357,0.6567658185958862,0
1114,1214,1.8627824783325195,0
1114,1294,1.8637207746505737,0
1114,482,1.7108430862426758,0
1114,1189,1.005087971687317,0
1114,772,0.6040138006210327,0
1114,550,1.0210537910461426,0
1114,989,2.065127372741699,0
1114,1123,1.8789948225021362,0
1114,635,0.9936010241508484,0
1114,1841,0.5561723113059998,0
1114,1341,1.543047547340393,0
1114,2026,1.1535556316375732,0
1114,95,0.8802846670150757,0
4163,48,0.887596070766449,1
4163,2,0.5478925704956055,0
4163,1791,0.5355641841888428,0
4163,30,0.6141569018363953,0
4163,855,0.4003247022628784,0
4163,1382,0.8691045045852661,0
4163,1521,1.6987441778182983,0
4163,1771,1.0679893493652344,0
4163,150,0.9528015851974487,0
4163,102,0.9599186182022095,0
4163,992,1.250143051147461,0
4163,933,0.9234957098960876,0
4163,1251,0.9212113618850708,0
4163,1000,1.477216362953186,0
4163,697,1.271130919456482,0
4163,1399,1.9154911041259766,0
4163,1147,1.2382001876831055,0
4163,1296,0.5540750622749329,0
4163,860,0.9721270203590393,0
4163,1707,1.2894095182418823,0
1741,202,2.5318140983581543,1
1741,1671,3.0407581329345703,0
1741,1242,0.9666111469268799,0
1741,2054,0.7706285715103149,0
1741,1053,1.653172492980957,0
1741,68,0.8277394771575928,0
1741,826,0.9204957485198975,0
1741,1694,2.0126466751098633,0
1741,1876,3.9325976371765137,0
1741,1348,1.5571768283843994,0
1741,74,1.7349421977996826,0
1741,1677,0.48285919427871704,0
1741,1531,0.48413047194480896,0
1741,1609,0.9459107518196106,0
1741,358,0.8795740008354187,0
1741,1733,0.9210137724876404,0
1741,1640,1.146572470664978,0
1741,542,0.7712885141372681,0
1741,47,0.9074086546897888,0
1741,825,0.8699524998664856,0
542,631,0.5372219681739807,1
542,1469,0.8863438963890076,0
542,704,1.0070631504058838,0
542,1195,0.5815352201461792,0
542,174,0.8919975161552429,0
542,1471,1.0554313659667969,0
542,595,1.971988320350647,0
542,1638,1.0005345344543457,0
542,1736,0.9664357304573059,0
542,915,1.442253589630127,0
542,1318,0.9628494381904602,0
542,1694,2.1061079502105713,0
542,8,1.0873620510101318,0
542,1074,1.3072713613510132,0
542,1916,0.47373166680336,0
542,1479,0.9690742492675781,0
542,1057,0.6076206564903259,0
542,97,2.0002763271331787,0
542,176,1.9697893857955933,0
542,1425,0.9500025510787964,0
973,475,1.5090980529785156,1
973,2054,0.7646763324737549,0
973,1059,0.3701465129852295,0
973,1876,3.874237298965454,0
973,1951,1.233190655708313,0
973,1003,0.4567466080188751,0
973,217,0.8495349884033203,0
973,1164,1.3645373582839966,0
973,1241,0.3922922611236572,0
973,448,0.8750682473182678,0
973,1069,0.472262978553772,0
973,816,1.1923985481262207,0
973,1306,0.9156367182731628,0
973,933,0.7971735596656799,0
973,189,0.7670482397079468,0
973,721,0.8192646503448486,0
973,677,0.3889460563659668,0
973,488,0.8161817789077759,0
973,804,0.81659334897995,0
973,65,0.8441929817199707,0
422,2015,0.6219732761383057,1
422,794,0.9002135396003723,0
422,1558,0.5319267511367798,0
422,702,2.007761001586914,0
422,697,1.3044332265853882,0
422,538,1.1468018293380737,0
422,1385,1.3843960762023926,0
422,366,1.212843418121338,0
422,872,0.9183979034423828,0
422,1304,0.9654670357704163,0
422,674,0.9051750302314758,0
422,21,0.5142455101013184,0
422,319,0.9495693445205688,0
422,1258,0.8584811687469482,0
422,13,2.171627998352051,0
422,971,0.519088864326477,0
422,1038,0.9513872265815735,0
422,866,0.8948297500610352,0
422,1628,0.9465125799179077,0
422,857,0.5526649951934814,0
1464,1908,0.5055732727050781,1
1464,1503,0.6097946166992188,0
1464,328,1.551061749458313,0
1464,1585,0.5697849988937378,0
1464,452,0.954363226890564,0
1464,2059,0.5077028274536133,0
1464,779,1.0680077075958252,0
1464,1366,0.9133754968643188,0
1464,1812,0.898824155330658,0
1464,1942,1.9872384071350098,0
1464,734,0.917614221572876,0
1464,1148,0.9353172183036804,0
1464,1811,1.0214440822601318,0
1464,993,1.1375110149383545,0
1464,735,0.8900393843650818,0
1464,466,0.870765745639801,0
1464,1077,1.2695751190185547,0
1464,555,0.4900287389755249,0
1464,819,0.9317404627799988,0
1464,56,0.9455058574676514,0
1130,1404,0.7753183841705322,1
1130,1598,1.0142083168029785,0
1130,358,0.959601640701294,0
1130,2051,1.7564516067504883,0
1130,1279,0.949864387512207,0
1130,483,2.050236940383911,0
1130,398,1.6637239456176758,0
1130,206,0.9481055736541748,0
1130,240,0.9697445034980774,0
1130,1217,0.8610865473747253,0
1130,658,1.2500840425491333,0
1130,1120,1.555591106414795,0
1130,1060,1.3423060178756714,0
1130,927,1.0075347423553467,0
1130,1136,1.0038623809814453,0
1130,1078,1.016457200050354,0
1130,1489,0.967812180519104,0
1130,1469,0.8639040589332581,0
1130,541,1.4033513069152832,0
1130,110,0.43508076667785645,0
4174,1694,1.9919724464416504,1
4174,527,0.8476518392562866,0
4174,1216,0.8884996771812439,0
4174,1149,0.49818190932273865,0
4174,2033,1.000343918800354,0
4174,181,0.8291067481040955,0
4174,1728,1.7112135887145996,0
4174,1591,0.9304925203323364,0
4174,640,1.5941903591156006,0
4174,1707,1.3695884943008423,0
4174,1016,1.0153937339782715,0
4174,1827,0.45367494225502014,0
4174,1633,0.9314383268356323,0
4174,411,0.49012458324432373,0
4174,924,1.3111120462417603,0
4174,783,0.8437376618385315,0
4174,775,0.41402140259742737,0
4174,159,1.7194254398345947,0
4174,350,0.7255092263221741,0
4174,324,0.5123931765556335,0
986,884,0.9236491918563843,1
986,258,1.5792617797851562,0
986,710,0.8556991815567017,0
986,1310,1.625772476196289,0
986,492,0.5232637524604797,0
986,1175,0.9211785793304443,0
986,630,0.4296116828918457,0
986,1623,0.7844842672348022,0
986,1836,1.363206386566162,0
986,1965,1.3506771326065063,0
986,1002,1.6702837944030762,0
986,1542,0.8937535285949707,0
986,448,0.897159218788147,0
986,1178,1.3202165365219116,0
986,873,0.5287458896636963,0
986,1364,1.2283556461334229,0
986,1970,0.9822384715080261,0
986,1398,0.878953754901886,0
986,719,1.98543381690979,0
986,660,0.8606299757957458,0
2158,297,2.303661584854126,1
2158,1388,1.552998423576355,0
2158,2068,2.516209125518799,0
2158,951,0.44443589448928833,0
2158,859,0.9581906795501709,0
2158,983,1.680975317955017,0
2158,396,0.9417329430580139,0
2158,402,0.9630500078201294,0
2158,998,0.8963329792022705,0
2158,1736,0.9842237234115601,0
2158,255,0.9062854051589966,0
2158,410,1.4577784538269043,0
2158,1541,0.9174003601074219,0
2158,1266,0.8246699571609497,0
2158,536,0.7833160758018494,0
2158,1828,1.8833832740783691,0
2158,1116,0.9438876509666443,0
2158,1746,0.9489166140556335,0
2158,1662,0.9527276754379272,0
2158,1064,0.9405757784843445,0
3204,1717,0.5528697967529297,1
3204,1432,0.8354000449180603,0
3204,328,1.5638632774353027,0
3204,92,1.0134943723678589,0
3204,1921,0.5681710839271545,0
3204,68,0.9276635050773621,0
3204,385,0.9733538031578064,0
3204,1978,1.3902947902679443,0
3204,721,0.9853383898735046,0
3204,660,0.9241733551025391,0
3204,496,1.0084084272384644,0
3204,83,1.045792818069458,0
3204,1559,2.287766695022583,0
3204,1784,1.0123509168624878,0
3204,886,0.7355334758758545,0
3204,1893,0.913851797580719,0
3204,1563,1.1296837329864502,0
3204,1518,1.7010085582733154,0
3204,1602,0.8954658508300781,0
3204,1376,1.000744104385376,0
677,122,1.5545735359191895,1
677,1483,0.8313796520233154,0
677,1319,0.49042123556137085,0
677,86,1.1585285663604736,0
677,1085,0.3843044340610504,0
677,1872,0.5119779706001282,0
677,511,1.923020362854004,0
677,679,0.7860844135284424,0
677,1944,0.5275996923446655,0
677,1370,1.2929331064224243,0
677,1226,0.44145792722702026,0
677,829,0.9106025099754333,0
677,1677,0.4564472436904907,0
677,1925,0.7901304364204407,0
677,1767,0.4641372561454773,0
677,554,0.4678294360637665,0
677,292,0.45284873247146606,0
677,189,0.7656394243240356,0
677,705,0.4140533208847046,0
677,368,0.8366055488586426,0
3122,610,0.4231097102165222,1
3122,1211,1.0148404836654663,0
3122,661,2.0706326961517334,0
3122,254,0.9504261612892151,0
3122,873,0.528931200504303,0
3122,628,1.8653042316436768,0
3122,944,0.9365862607955933,0
3122,2052,0.8951133489608765,0
3122,846,1.0490493774414062,0
3122,1247,0.6722354292869568,0
3122,329,0.45373275876045227,0
3122,1857,0.9354588389396667,0
3122,1659,0.9361357688903809,0
3122,240,0.9506664276123047,0
3122,1379,1.751513123512268,0
3122,1781,0.8376511931419373,0
3122,1227,1.0473235845565796,0
3122,177,1.063856840133667,0
3122,283,0.9386892914772034,0
3122,750,0.8789137601852417,0
3672,412,0.7003062963485718,1
3672,1235,0.9036707878112793,0
3672,84,1.1090283393859863,0
3672,662,1.1108371019363403,0
3672,953,1.2841753959655762,0
3672,14,1.41245698928833,0
3672,1578,2.298787832260132,0
3672,1365,1.8929952383041382,0
3672,1851,1.0387169122695923,0
3672,471,0.7038925886154175,0
3672,139,1.8854355812072754,0
3672,1505,0.5820095539093018,0
3672,1885,1.1828407049179077,0
3672,187,1.1149441003799438,0
3672,1545,1.6558722257614136,0
3672,1186,0.8816660046577454,0
3672,625,1.0544695854187012,0
3672,1303,1.0767817497253418,0
3672,99,0.6436521410942078,0
3672,478,0.9017634987831116,0
3890,2022,0.4111493229866028,1
3890,596,1.2282719612121582,0
3890,451,1.2168525457382202,0
3890,1675,0.821388840675354,0
3890,1682,0.9754369854927063,0
3890,1180,1.3586037158966064,0
3890,1239,0.9268088936805725,0
3890,1570,0.7794244885444641,0
3890,226,0.5049818158149719,0
3890,138,0.49508774280548096,0
3890,133,0.5083136558532715,0
3890,1254,0.7731806039810181,0
3890,1728,1.5953092575073242,0
3890,511,1.9969979524612427,0
3890,1087,0.8926610946655273,0
3890,468,0.839293360710144,0
3890,305,0.751061201095581,0
3890,732,0.5426526069641113,0
3890,421,0.5017381906509399,0
3890,1329,1.0532610416412354,0
1415,2038,2.6231791973114014,1
1415,84,1.1006731986999512,0
1415,957,1.0188997983932495,0
1415,1045,1.0549695491790771,0
1415,1915,1.030633807182312,0
1415,1159,1.4830598831176758,0
1415,753,0.9872287511825562,0
1415,236,1.025061845779419,0
1415,1730,1.5320210456848145,0
1415,629,0.6258091926574707,0
1415,1477,0.5605216026306152,0
1415,1645,0.9673302173614502,0
1415,486,0.6378335952758789,0
1415,794,0.9636688232421875,0
1415,1531,0.6111520528793335,0
1415,756,1.6261699199676514,0
1415,1609,1.153303861618042,0
1415,1491,1.2260236740112305,0
1415,282,1.5097393989562988,0
1415,402,1.0300179719924927,0
268,1972,1.65003502368927,1
268,1467,2.0831456184387207,0
268,1504,0.4738934636116028,0
268,116,0.4802677631378174,0
268,575,0.8682694435119629,0
268,1568,0.4930151402950287,0
268,83,0.9901624321937561,0
268,1441,0.9686183929443359,0
268,345,5.394767761230469,0
268,1668,0.951920211315155,0
268,1826,0.90886390209198,0
268,1805,0.9648599624633789,0
268,990,0.4163432717323303,0
268,18,0.7976298332214355,0
268,1429,0.5144160985946655,0
268,2070,1.004898190498352,0
268,641,0.9272558093070984,0
268,222,0.8392751216888428,0
268,847,1.4838578701019287,0
268,508,2.1000897884368896,0
2760,1199,0.5178630352020264,1
2760,1259,1.321187973022461,0
2760,1838,0.9449142217636108,0
2760,1329,1.275681972503662,0
2760,1266,0.8455055952072144,0
2760,1464,0.9394786357879639,0
2760,546,1.167967438697815,0
2760,856,1.1040900945663452,0
2760,1880,1.0828896760940552,0
2760,2077,0.9293125867843628,0
2760,1895,0.9266324639320374,0
2760,655,2.0160470008850098,0
2760,21,0.529737651348114,0
2760,1028,0.9427120089530945,0
2760,959,1.4268684387207031,0
2760,11,0.6009095907211304,0
2760,984,0.9688258767127991,0
2760,25,0.9917449951171875,0
2760,13,2.124650716781616,0
2760,1314,0.8404837846755981,0
2395,449,1.313529133796692,1
2395,1117,0.9505690336227417,0
2395,1407,1.1305903196334839,0
2395,701,0.5556198358535767,0
2395,1400,1.8290114402770996,0
2395,539,1.248486042022705,0
2395,1369,1.1604013442993164,0
2395,258,1.5613758563995361,0
2395,706,0.8373883962631226,0
2395,523,1.2466436624526978,0
2395,993,1.0605717897415161,0
2395,353,1.047876238822937,0
2395,269,0.9360024929046631,0
2395,41,1.294789433479309,0
2395,180,0.9315021634101868,0
2395,410,1.2988272905349731,0
2395,431,1.2618869543075562,0
2395,1236,1.2948864698410034,0
2395,880,1.2760038375854492,0
2395,749,0.8560055494308472,0
254,335,1.3787310123443604,1
254,800,0.8315017819404602,0
254,979,0.8664915561676025,0
254,1113,0.8800269961357117,0
254,696,1.1268895864486694,0
254,88,0.8244174122810364,0
254,960,1.5769500732421875,0
254,1889,0.829922616481781,0
254,775,0.4018383026123047,0
254,669,0.9545867443084717,0
254,1446,0.788368821144104,0
254,1521,1.489338755607605,0
254,1956,0.916236162185669,0
254,754,1.1639354228973389,0
254,1269,0.7819162607192993,0
254,2071,0.7465170621871948,0
254,1119,1.1474775075912476,0
254,64,0.8979349732398987,0
254,2057,0.848244309425354,0
254,802,0.8328320980072021,0
641,572,2.0597941875457764,1
641,181,0.8506578207015991,0
641,1768,0.4357398748397827,0
641,1391,0.8623907566070557,0
641,1964,0.9191874861717224,0
641,377,1.3328170776367188,0
641,1843,1.7505749464035034,0
641,1502,0.40427255630493164,0
641,335,1.5252940654754639,0
641,278,0.4354330897331238,0
641,1035,1.0910454988479614,0
641,1175,0.8824573755264282,0
641,634,0.4395654499530792,0
641,721,0.8138961791992188,0
641,388,0.8824223875999451,0
641,1008,0.7431595325469971,0
641,204,0.8119602203369141,0
641,700,1.9541716575622559,0
641,960,1.6857998371124268,0
641,329,0.4193078279495239,0
2116,1917,2.101465940475464,1
2116,656,0.48254919052124023,0
2116,809,0.9492903351783752,0
2116,736,0.9765658974647522,0
2116,1848,1.4232007265090942,0
2116,1789,0.8071049451828003,0
2116,1302,1.2462546825408936,0
2116,170,1.110965371131897,0
2116,2025,0.909386396408081,0
2116,108,1.1423286199569702,0
2116,942,1.488098382949829,0
2116,116,0.5137639045715332,0
2116,1804,0.867179811000824,0
2116,53,0.46791160106658936,0
2116,1744,1.4111474752426147,0
2116,1539,0.8862453699111938,0
2116,1159,1.3672618865966797,0
2116,1125,0.8648631572723389,0
2116,1419,0.8844186663627625,0
2116,982,0.49447405338287354,0
3649,1406,0.4954155683517456,1
3649,1791,0.5603097677230835,0
3649,438,1.0080702304840088,0
3649,1042,0.8433816432952881,0
3649,1032,0.8589630722999573,0
3649,818,1.2766139507293701,0
3649,637,1.6447820663452148,0
3649,1412,1.0279828310012817,0
3649,545,1.0251249074935913,0
3649,96,1.0107537508010864,0
3649,234,1.0989419221878052,0
3649,830,0.8461058735847473,0
3649,954,1.1842645406723022,0
3649,576,0.8361244201660156,0
3649,1414,1.2478711605072021,0
3649,1670,0.7932071685791016,0
3649,736,0.9518822431564331,0
3649,572,2.0634472370147705,0
3649,1199,0.4898941218852997,0
3649,1714,1.317766547203064,0
547,1349,0.9753880500793457,1
547,2009,1.0174453258514404,0
547,985,1.2615535259246826,0
547,438,1.0845677852630615,0
547,668,0.6620602607727051,0
547,726,0.9326944947242737,0
547,1563,1.1392922401428223,0
547,992,1.3095906972885132,0
547,1950,1.3308953046798706,0
547,1707,1.3494658470153809,0
547,2071,0.8630213141441345,0
547,638,0.9533352255821228,0
547,172,0.639464795589447,0
547,974,0.9678452014923096,0
547,464,0.8978583216667175,0
547,1300,0.8184753656387329,0
547,1550,0.9412510991096497,0
547,591,0.9844917058944702,0
547,913,1.6707185506820679,0
547,1839,0.9191908836364746,0
282,1278,3.830326557159424,1
282,821,0.5408005714416504,0
282,1838,0.9617536664009094,0
282,625,0.969207227230072,0
282,594,2.0087265968322754,0
282,1987,0.9772299528121948,0
282,1327,1.3508542776107788,0
282,833,1.0786551237106323,0
282,326,0.6421092748641968,0
282,1319,0.6138556599617004,0
282,1879,0.934138298034668,0
282,900,1.0194510221481323,0
282,70,1.0246481895446777,0
282,1310,1.7470303773880005,0
282,565,1.3576236963272095,0
282,346,0.6027894020080566,0
282,1430,1.055808424949646,0
282,1422,0.48519638180732727,0
282,307,1.117150068283081,0
282,2072,1.066436529159546,0
3657,1243,0.7144200801849365,1
3657,224,2.522974967956543,0
3657,1599,0.6744558215141296,0
3657,1507,2.043100357055664,0
3657,49,1.8659462928771973,0
3657,1935,1.0739390850067139,0
3657,145,1.0706499814987183,0
3657,820,0.9521724581718445,0
3657,288,0.9718700051307678,0
3657,309,1.0122538805007935,0
3657,1777,1.670130729675293,0
3657,1519,2.7015483379364014,0
3657,1916,0.5175331830978394,0
3657,44,1.014180064201355,0
3657,211,1.0649514198303223,0
3657,135,0.8681374788284302,0
3657,1221,0.955020010471344,0
3657,905,0.7019845247268677,0
3657,1399,1.9500905275344849,0
3657,828,1.1052045822143555,0
2802,1842,1.2649558782577515,1
2802,527,0.8468164801597595,0
2802,398,1.5406336784362793,0
2802,658,1.1733286380767822,0
2802,1617,1.4893381595611572,0
2802,1509,1.2418817281723022,0
2802,224,2.519069194793701,0
2802,1024,0.9212368130683899,0
2802,1353,0.9584858417510986,0
2802,1584,0.8893843293190002,0
2802,1501,0.8562549352645874,0
2802,912,0.8209591507911682,0
2802,1023,1.4839324951171875,0
2802,288,0.8629457950592041,0
2802,589,0.47834181785583496,0
2802,1940,0.8440254926681519,0
2802,693,0.975972592830658,0
2802,1266,0.7650413513183594,0
2802,1515,1.6579954624176025,0
2802,1482,0.852733850479126,0
2675,1160,2.1774940490722656,1
2675,1263,0.8336040377616882,0
2675,1075,0.42749565839767456,0
2675,1159,1.2754449844360352,0
2675,911,0.9198419451713562,0
2675,1110,1.363181710243225,0
2675,585,0.8005218505859375,0
2675,905,0.575287938117981,0
2675,1796,1.213934302330017,0
2675,954,1.1434128284454346,0
2675,311,1.2501096725463867,0
2675,2023,0.9007741212844849,0
2675,1818,1.7399673461914062,0
2675,1090,0.7970866560935974,0
2675,966,0.8671655058860779,0
2675,1012,0.4389253854751587,0
2675,262,1.6013548374176025,0
2675,776,0.5101418495178223,0
2675,991,0.819938063621521,0
2675,50,1.0656248331069946,0
517,1620,3.336966037750244,1
517,606,0.916789710521698,0
517,1789,0.7783496379852295,0
517,1027,0.871056854724884,0
517,1241,0.4454662501811981,0
517,150,0.892541229724884,0
517,1496,0.8569509983062744,0
517,1619,0.5178363919258118,0
517,907,1.0363414287567139,0
517,816,1.221458077430725,0
517,414,0.793992817401886,0
517,1674,0.5202022790908813,0
517,235,2.0970804691314697,0
517,654,1.765930414199829,0
517,1735,0.8379828929901123,0
517,86,1.2625305652618408,0
517,922,0.8546160459518433,0
517,487,0.7815986275672913,0
517,2069,0.5587713718414307,0
517,1322,1.2447221279144287,0
3561,186,1.538275122642517,1
3561,1509,1.367994785308838,0
3561,1792,1.3772612810134888,0
3561,1408,0.9330136775970459,0
3561,2029,0.9442493915557861,0
3561,870,0.6280336380004883,0
3561,1599,0.5987601280212402,0
3561,1650,1.3729829788208008,0
3561,814,0.8925918340682983,0
3561,283,0.9446097612380981,0
3561,759,1.0009759664535522,0
3561,1316,1.008860468864441,0
3561,657,0.8143949508666992,0
3561,1781,0.7995105385780334,0
3561,165,0.9963717460632324,0
3561,1577,1.0469037294387817,0
3561,1158,0.9858514070510864,0
3561,1725,1.2633440494537354,0
3561,797,0.6466982364654541,0
3561,356,0.5862170457839966,0
2404,139,1.7775416374206543,1
2404,922,0.9024442434310913,0
2404,2024,0.8567189574241638,0
2404,846,1.063525915145874,0
2404,526,0.9426013827323914,0
2404,1836,1.4182758331298828,0
2404,1134,1.2883013486862183,0
2404,806,0.8966506123542786,0
2404,373,1.1720880270004272,0
2404,487,0.8748061060905457,0
2404,342,1.1267600059509277,0
2404,385,0.979618489742279,0
2404,973,0.9942881464958191,0
2404,190,1.047439694404602,0
2404,1146,0.98541259765625,0
2404,1753,0.9907705783843994,0
2404,2073,2.191047191619873,0
2404,1027,0.9869107604026794,0
2404,1050,1.3614013195037842,0
2404,257,1.1763317584991455,0
3873,695,0.9143886566162109,1
3873,664,0.8780298233032227,0
3873,126,0.8597630262374878,0
3873,1788,0.8247837424278259,0
3873,1573,0.9590554237365723,0
3873,2075,0.4819863438606262,0
3873,136,0.8134862184524536,0
3873,1872,0.5621525645256042,0
3873,1238,0.9271677732467651,0
3873,757,0.792280912399292,0
3873,1793,0.5251210331916809,0
3873,228,0.8264867067337036,0
3873,940,0.8707259297370911,0
3873,643,0.8600974678993225,0
3873,1522,1.3041967153549194,0
3873,431,1.2286077737808228,0
3873,1362,0.8005333542823792,0
3873,327,0.5420055389404297,0
3873,1022,0.8115623593330383,0
3873,1411,0.8842682838439941,0
2687,673,0.49616479873657227,1
2687,1027,0.9643315076828003,0
2687,1365,1.7078182697296143,0
2687,1404,0.7742366194725037,0
2687,1441,1.0019595623016357,0
2687,368,1.030563473701477,0
2687,1202,0.9830141663551331,0
2687,546,1.1522842645645142,0
2687,1986,3.542163372039795,0
2687,1770,1.1252803802490234,0
2687,1041,1.2683464288711548,0
2687,1906,0.6051499843597412,0
2687,772,0.6161773204803467,0
2687,1840,0.5068641901016235,0
2687,1309,0.5281298160552979,0
2687,1654,1.8396825790405273,0
2687,922,0.9177308678627014,0
2687,1131,0.942975640296936,0
2687,770,0.4549649953842163,0
2687,1201,0.9137780666351318,0
1606,439,2.5033884048461914,1
1606,63,0.9250439405441284,0
1606,1917,2.224888324737549,0
1606,805,2.133117914199829,0
1606,858,1.0251314640045166,0
1606,1866,1.326249599456787,0
1606,381,1.0949763059616089,0
1606,105,1.352457046508789,0
1606,770,0.5020873546600342,0
1606,874,0.9868351221084595,0
1606,1204,0.6064771413803101,0
1606,137,0.9350301623344421,0
1606,212,1.5021464824676514,0
1606,963,0.9940454959869385,0
1606,285,1.0731550455093384,0
1606,934,0.9236531257629395,0
1606,695,1.0560085773468018,0
1606,199,1.4058831930160522,0
1606,586,1.6093403100967407,0
1606,1472,1.7992596626281738,0
302,968,1.2142047882080078,1
302,677,0.403982549905777,0
302,229,1.5726656913757324,0
302,919,1.58247971534729,0
302,1867,1.779962182044983,0
302,592,0.8194514513015747,0
302,433,1.6327736377716064,0
302,125,0.6715186238288879,0
302,342,1.0337713956832886,0
302,1545,1.5234882831573486,0
302,234,1.126528024673462,0
302,706,0.8838720917701721,0
302,1110,1.3978655338287354,0
302,1002,1.7733731269836426,0
302,530,1.2281270027160645,0
302,1201,0.8903796076774597,0
302,1992,0.8661057353019714,0
302,650,0.8785393238067627,0
302,1526,0.8550652265548706,0
302,1917,1.9027491807937622,0
1755,1505,0.4938108026981354,1
1755,1512,0.9367964267730713,0
1755,446,0.5425834059715271,0
1755,1540,0.532732367515564,0
1755,1569,0.4667899012565613,0
1755,1937,1.0481384992599487,0
1755,771,1.0144777297973633,0
1755,453,0.930276095867157,0
1755,557,0.5894700884819031,0
1755,477,1.0669615268707275,0
1755,1613,0.513849675655365,0
1755,1303,0.977806806564331,0
1755,207,1.0287041664123535,0
1755,1462,1.0278736352920532,0
1755,883,1.9894548654556274,0
1755,1712,1.7949825525283813,0
1755,1007,1.007766842842102,0
1755,1873,0.9648669958114624,0
1755,779,1.1304924488067627,0
1755,1886,0.9253530502319336,0
2784,1955,0.5817841291427612,1
2784,1070,0.8585421442985535,0
2784,1769,0.5339649319648743,0
2784,1007,0.9520291686058044,0
2784,1529,0.9940935969352722,0
2784,1266,0.8183977603912354,0
2784,1998,0.7848731279373169,0
2784,591,0.9503969550132751,0
2784,1977,0.9298174977302551,0
2784,474,1.3097127676010132,0
2784,158,0.8465960025787354,0
2784,2039,1.2080196142196655,0
2784,1212,0.9712777137756348,0
2784,642,0.9287168383598328,0
2784,697,1.312005877494812,0
2784,1792,1.358766794204712,0
2784,1535,1.7850812673568726,0
2784,1094,0.800121009349823,0
2784,486,0.5508620142936707,0
2784,811,1.0100494623184204,0
127,1170,1.567742109298706,1
127,623,0.7468181848526001,0
127,382,0.5499776005744934,0
127,1370,1.3797686100006104,0
127,1039,0.8029747009277344,0
127,1504,0.46637386083602905,0
127,1007,0.8703875541687012,0
127,986,1.41441810131073,0
127,2015,0.5709598064422607,0
127,1046,0.8664239645004272,0
127,1673,0.8993659019470215,0
127,233,0.9720212817192078,0
127,892,0.8788719773292542,0
127,1572,0.9129142165184021,0
127,2065,0.9854950904846191,0
127,98,0.8604661822319031,0
127,650,0.8611403703689575,0
127,1391,0.8606395125389099,0
127,819,0.8488922715187073,0
127,2004,1.4543628692626953,0
1087,1349,1.0152326822280884,1
1087,776,0.5682481527328491,0
1087,727,0.5127661228179932,0
1087,288,1.004295825958252,0
1087,9,0.6171841621398926,0
1087,1518,1.7717442512512207,0
1087,620,0.622227132320404,0
1087,125,0.7415479421615601,0
1087,1979,1.087168574333191,0
1087,775,0.48049962520599365,0
1087,1767,0.6328520774841309,0
1087,1436,0.9154039025306702,0
1087,974,0.990444004535675,0
1087,42,0.8205333948135376,0
1087,1911,1.349420428276062,0
1087,956,1.5134035348892212,0
1087,954,1.2460532188415527,0
1087,1710,1.3363723754882812,0
1087,1839,0.9673483371734619,0
1087,1817,0.6021016240119934,0
34,959,1.2125407457351685,1
34,49,1.8275229930877686,0
34,883,1.6440205574035645,0
34,251,0.4179943799972534,0
34,59,1.2549653053283691,0
34,1018,0.4620361626148224,0
34,1739,1.2946043014526367,0
34,55,1.5669500827789307,0
34,1987,0.8289440274238586,0
34,1029,0.7325912714004517,0
34,1471,0.8736264109611511,0
34,1796,1.2776929140090942,0
34,1133,0.7955140471458435,0
34,1664,2.1427571773529053,0
34,1886,0.7942534685134888,0
34,1536,2.074761152267456,0
34,478,0.7356848120689392,0
34,2072,0.9237480163574219,0
34,718,0.7739983797073364,0
34,53,0.41843941807746887,0
1043,595,1.7561264038085938,1
1043,1991,0.9114737510681152,0
1043,1002,1.6653708219528198,0
1043,1546,0.8824814558029175,0
1043,919,1.513749122619629,0
1043,78,1.5002256631851196,0
1043,4,0.9409232139587402,0
1043,558,0.5327672958374023,0
1043,1967,0.4069333076477051,0
1043,2002,0.9785449504852295,0
1043,1326,0.9957724809646606,0
1043,1560,0.5005694627761841,0
1043,1586,1.0963643789291382,0
1043,1792,1.3374016284942627,0
1043,1379,1.567252516746521,0
1043,637,1.7116695642471313,0
1043,1705,1.4666500091552734,0
1043,898,0.6632663011550903,0
1043,1731,0.8015770316123962,0
1043,1080,0.9163390398025513,0
1482,1939,1.1756415367126465,1
1482,634,0.6231851577758789,0
1482,997,1.23944091796875,0
1482,1729,1.3266521692276,0
1482,811,1.2677654027938843,0
1482,1555,1.0119844675064087,0
1482,297,2.448249578475952,0
1482,1202,1.1808521747589111,0
1482,1141,1.1162753105163574,0
1482,1698,0.7763188481330872,0
1482,1628,1.1112580299377441,0
1482,1852,0.9790843725204468,0
1482,105,1.4484784603118896,0
1482,25,1.1110913753509521,0
1482,1550,1.1154086589813232,0
1482,882,1.0072319507598877,0
1482,986,1.777571439743042,0
1482,255,1.0643165111541748,0
1482,794,1.1067782640457153,0
1482,1742,1.226067066192627,0
2680,567,1.8678922653198242,1
2680,954,1.265954852104187,0
2680,1608,1.2767884731292725,0
2680,841,2.1595702171325684,0
2680,1293,0.6629996299743652,0
2680,164,0.9848880171775818,0
2680,1613,0.5797608494758606,0
2680,187,1.0498104095458984,0
2680,1809,1.2811022996902466,0
2680,1614,1.1590557098388672,0
2680,935,1.0426974296569824,0
2680,1119,1.4409825801849365,0
2680,1601,0.9925640821456909,0
2680,408,1.0895081758499146,0
2680,821,0.5761094093322754,0
2680,2015,0.6863951683044434,0
2680,631,0.5725669860839844,0
2680,1680,0.791115939617157,0
2680,958,1.7085652351379395,0
2680,1018,0.5518721342086792,0
1917,939,0.47422224283218384,1
1917,1561,1.690231442451477,0
1917,1947,0.9017162919044495,0
1917,1759,0.9537884593009949,0
1917,410,1.3532198667526245,0
1917,1935,0.974854052066803,0
1917,275,0.47097185254096985,0
1917,1515,1.6911020278930664,0
1917,1575,0.917970597743988,0
1917,1223,0.6320059895515442,0
1917,51,0.5200945734977722,0
1917,1945,0.43940627574920654,0
1917,1215,0.9923939108848572,0
1917,936,1.1984879970550537,0
1917,160,0.9155992865562439,0
1917,1159,1.2862598896026611,0
1917,1678,0.9915734529495239,0
1917,97,1.7746087312698364,0
1917,1409,0.5052151679992676,0
1917,125,0.6846868395805359,0
1697,656,0.517541766166687,1
1697,636,1.0442261695861816,0
1697,1164,1.2882965803146362,0
1697,770,0.501555860042572,0
1697,1709,0.9867412447929382,0
1697,135,0.7968744039535522,0
1697,1742,1.0217031240463257,0
1697,198,0.8866661787033081,0
1697,246,0.8773868083953857,0
1697,1528,1.465323567390442,0
1697,796,1.1023788452148438,0
1697,1697,0.8951389193534851,0
1697,2050,1.2971880435943604,0
1697,1458,1.0191676616668701,0
1697,1359,1.8106878995895386,0
1697,1943,0.9484984278678894,0
1697,2030,1.6840448379516602,0
1697,575,0.9773357510566711,0
1697,1842,1.2615140676498413,0
1697,336,1.0397640466690063,0
1772,1485,0.4280853271484375,1
1772,1136,0.7746351361274719,0
1772,36,0.7399759292602539,0
1772,42,0.6374455094337463,0
1772,627,0.7221291065216064,0
1772,182,1.3890562057495117,0
1772,1574,0.6810561418533325,0
1772,987,1.0813294649124146,0
1772,1416,0.9996992349624634,0
1772,629,0.42074552178382874,0
1772,118,0.7315995693206787,0
1772,1524,0.7610911130905151,0
1772,519,0.7988789081573486,0
1772,493,0.7206438779830933,0
1772,911,0.7677566409111023,0
1772,641,0.752151608467102,0
1772,1005,0.7081751227378845,0
1772,777,0.7890509366989136,0
1772,1671,2.4856550693511963,0
1772,603,0.3487735390663147,0
3336,1213,0.472682386636734,1
3336,184,0.7840386033058167,0
3336,57,0.9530155658721924,0
3336,335,1.4309271574020386,0
3336,789,2.098301887512207,0
3336,1079,0.8937863707542419,0
3336,1192,0.9909152984619141,0
3336,1792,1.2965645790100098,0
3336,77,0.5759252905845642,0
3336,1349,0.899265468120575,0
3336,266,0.8862758874893188,0
3336,1872,0.588524341583252,0
3336,1690,0.9497250914573669,0
3336,636,0.9552099704742432,0
3336,1834,0.8831021785736084,0
3336,1289,0.865223228931427,0
3336,1100,0.4801785349845886,0
3336,869,0.7870713472366333,0
3336,1169,1.0602624416351318,0
3336,229,1.5532320737838745,0
503,465,0.47310227155685425,1
503,302,0.8322818279266357,0
503,90,1.1939187049865723,0
503,1343,0.8292810320854187,0
503,576,0.7117112278938293,0
503,713,0.756458044052124,0
503,1690,0.8183559775352478,0
503,1313,1.4040884971618652,0
503,594,1.8043633699417114,0
503,1583,0.9047457575798035,0
503,1629,0.4103533625602722,0
503,1121,0.9493985772132874,0
503,1401,0.8167661428451538,0
503,893,0.45225295424461365,0
503,941,0.8645534515380859,0
503,564,0.7827616333961487,0
503,288,0.7662116885185242,0
503,581,0.913010835647583,0
503,462,1.156327247619629,0
503,230,0.8243102431297302,0
810,1011,1.657867193222046,1
810,67,1.2090526819229126,0
810,572,2.2375540733337402,0
810,1498,1.0261549949645996,0
810,1283,0.5559476613998413,0
810,890,0.8494213819503784,0
810,598,1.3176884651184082,0
810,1279,0.9223248958587646,0
810,176,1.8332829475402832,0
810,437,1.3309364318847656,0
810,669,1.0727494955062866,0
810,1722,0.9386221170425415,0
810,523,1.3360366821289062,0
810,168,1.001702904701233,0
810,433,1.6823716163635254,0
810,1715,1.3632181882858276,0
810,808,1.2943782806396484,0
810,153,1.9020230770111084,0
810,1422,0.47170570492744446,0
810,854,0.5976792573928833,0
101,208,1.8445792198181152,1
101,656,0.5098225474357605,0
101,1466,0.8856739401817322,0
101,1569,0.4912046194076538,0
101,1798,0.9803342819213867,0
101,790,1.3892143964767456,0
101,1007,0.9609126448631287,0
101,129,0.644206702709198,0
101,774,0.868810772895813,0
101,1518,1.6524155139923096,0
101,1987,0.9389103055000305,0
101,1029,0.8429683446884155,0
101,2028,1.4150251150131226,0
101,267,0.541645348072052,0
101,440,0.8743294477462769,0
101,1435,1.026203989982605,0
101,77,0.610446035861969,0
101,1546,0.990572452545166,0
101,1744,1.3674732446670532,0
101,923,2.9296751022338867,0
537,97,1.679568886756897,1
537,535,0.7674674391746521,0
537,673,0.5040234923362732,0
537,53,0.428722083568573,0
537,1032,0.8029455542564392,0
537,581,0.9124915599822998,0
537,517,0.8423163294792175,0
537,1310,1.5805412530899048,0
537,1578,2.0409646034240723,0
537,583,0.8548045754432678,0
537,1956,0.9616578221321106,0
537,816,1.1096630096435547,0
537,1182,1.2020803689956665,0
537,252,0.5664010047912598,0
537,556,0.9413482546806335,0
537,728,0.7857639789581299,0
537,635,0.8684519529342651,0
537,1776,0.720914363861084,0
537,793,0.5535346269607544,0
537,1249,0.3873205780982971,0
2138,590,3.021207332611084,1
2138,1195,0.5466048717498779,0
2138,381,1.0784157514572144,0
2138,751,0.5841001868247986,0
2138,266,0.9974912405014038,0
2138,1370,1.4698373079299927,0
2138,495,1.0318325757980347,0
2138,778,2.391047477722168,0
2138,785,0.99791419506073,0
2138,532,0.9974149465560913,0
2138,1828,1.8338348865509033,0
2138,138,0.5808089375495911,0
2138,1081,0.5804153084754944,0
2138,760,2.1470913887023926,0
2138,106,1.6379194259643555,0
2138,191,1.1731761693954468,0
2138,2009,1.0665885210037231,0
2138,1359,2.031672477722168,0
2138,168,1.0508291721343994,0
2138,1038,1.033071517944336,0
3760,1587,0.5155484676361084,1
3760,454,0.9172598719596863,0
3760,770,0.4393347501754761,0
3760,268,0.8272594809532166,0
3760,122,1.59641432762146,0
3760,1728,1.6218677759170532,0
3760,15,0.8544238805770874,0
3760,1320,0.7770971059799194,0
3760,1505,0.48612549901008606,0
3760,629,0.5477244853973389,0
3760,51,0.5378140211105347,0
3760,71,1.625994324684143,0
3760,426,2.270141363143921,0
3760,1621,0.4448357820510864,0
3760,2056,0.5319979190826416,0
3760,2018,0.5658594965934753,0
3760,197,0.9341568946838379,0
3760,1077,1.2007442712783813,0
3760,311,1.3016358613967896,0
3760,267,0.46745577454566956,0
1779,1629,0.44155293703079224,1
1779,396,0.9554190635681152,0
1779,465,0.5828866958618164,0
1779,997,1.0469621419906616,0
1779,639,1.6017284393310547,0
1779,1750,0.9111179709434509,0
1779,1917,2.2123560905456543,0
1779,1692,0.983284592628479,0
1779,1842,1.3723329305648804,0
1779,977,1.4724950790405273,0
1779,432,0.8670258522033691,0
1779,1130,0.8803660869598389,0
1779,1736,0.9439520239830017,0
1779,589,0.4284149408340454,0
1779,650,0.9777001142501831,0
1779,370,0.8319222927093506,0
1779,435,0.9445896744728088,0
1779,81,0.8922342658042908,0
1779,1870,0.9076200723648071,0
1779,1621,0.43600165843963623,0
4139,1389,0.6016842126846313,1
4139,897,0.7218689322471619,0
4139,610,0.4974357485771179,0
4139,280,1.122679352760315,0
4139,1104,1.9476900100708008,0
4139,2008,1.4683722257614136,0
4139,649,1.6222625970840454,0
4139,169,0.6923532485961914,0
4139,481,1.0950251817703247,0
4139,1570,0.9669846296310425,0
4139,850,1.695541262626648,0
4139,1399,2.0637285709381104,0
4139,61,0.9671164155006409,0
4139,228,0.9743216633796692,0
4139,1158,1.0979851484298706,0
4139,842,1.0345922708511353,0
4139,1065,1.245041847229004,0
4139,956,1.592195749282837,0
4139,1174,1.048058271408081,0
4139,1952,2.5428736209869385,0
1607,250,1.046979308128357,1
1607,979,0.9569899439811707,0
1607,1288,0.8723961114883423,0
1607,146,1.0939472913742065,0
1607,1251,0.9282556176185608,0
1607,315,0.9943736791610718,0
1607,1568,0.5494251251220703,0
1607,934,0.8572900891304016,0
1607,1651,0.9451466798782349,0
1607,2037,1.1279592514038086,0
1607,610,0.438778281211853,0
1607,1609,1.0197113752365112,0
1607,763,0.8761648535728455,0
1607,740,0.6517278552055359,0
1607,1662,0.9085396528244019,0
1607,1786,0.8063034415245056,0
1607,1371,0.7879776954650879,0
1607,796,1.045995831489563,0
1607,1083,0.5398820042610168,0
1607,427,1.7527978420257568,0
3689,1503,0.5546767115592957,1
3689,1333,1.3125030994415283,0
3689,1860,2.1373841762542725,0
3689,1305,0.3889444172382355,0
3689,1124,3.4707045555114746,0
3689,1154,0.46614891290664673,0
3689,731,0.938732385635376,0
3689,1479,0.896010160446167,0
3689,428,0.8869475722312927,0
3689,1521,1.8484268188476562,0
3689,1443,1.0141124725341797,0
3689,1661,0.8977881073951721,0
3689,1505,0.4383603632450104,0
3689,985,1.3155734539031982,0
3689,239,0.5163536071777344,0
3689,840,0.9551295042037964,0
3689,661,2.144899368286133,0
3689,84,1.0444403886795044,0
3689,1890,0.7413151860237122,0
3689,533,1.743370771408081,0
2382,1472,1.6292648315429688,1
2382,650,0.8726136088371277,0
2382,1897,0.8271247148513794,0
2382,40,2.1390490531921387,0
2382,1164,1.296581506729126,0
2382,186,1.3585258722305298,0
2382,1719,1.1800754070281982,0
2382,252,0.5297957062721252,0
2382,686,0.8818331956863403,0
2382,1576,0.5255089998245239,0
2382,1240,0.89423668384552,0
2382,85,0.8380548357963562,0
2382,921,1.705209732055664,0
2382,1579,1.2232714891433716,0
2382,2063,0.4733719527721405,0
2382,654,1.7708542346954346,0
2382,2038,2.4382598400115967,0
2382,830,0.7779265642166138,0
2382,1878,1.2116832733154297,0
2382,1771,1.0230815410614014,0
623,1589,1.8175265789031982,1
623,1835,0.911118745803833,0
623,1351,1.2866309881210327,0
623,1622,1.3080992698669434,0
623,664,0.8986603021621704,0
623,51,0.5884197950363159,0
623,2053,0.9282564520835876,0
623,1164,1.4213471412658691,0
623,1347,1.5257833003997803,0
623,2048,0.6359552145004272,0
623,317,0.9405484795570374,0
623,952,1.1018421649932861,0
623,1920,0.9070593118667603,0
623,1812,0.932728111743927,0
623,464,0.8898293375968933,0
623,498,0.9402201175689697,0
623,188,1.380601167678833,0
623,1373,1.8475914001464844,0
623,1078,1.042405605316162,0
623,953,1.2398799657821655,0
2612,1829,3.9791650772094727,1
2612,1318,0.8869538903236389,0
2612,1332,1.40198814868927,0
2612,1321,0.8663243055343628,0
2612,447,1.2985750436782837,0
2612,1635,0.4953539967536926,0
2612,528,0.9867374897003174,0
2612,921,1.8117133378982544,0
2612,75,0.40619251132011414,0
2612,401,0.9126384854316711,0
2612,973,0.9768143892288208,0
2612,350,0.7870616912841797,0
2612,1,1.0807523727416992,0
2612,281,0.5325950384140015,0
2612,590,2.9022269248962402,0
2612,1277,1.31893789768219,0
2612,1688,0.5671879053115845,0
2612,642,0.9059025049209595,0
2612,93,0.8390657305717468,0
2612,1584,0.9464427828788757,0
3185,2055,0.5535491704940796,1
3185,685,1.0876741409301758,0
3185,1417,0.5743619203567505,0
3185,1585,0.5774807929992676,0
3185,988,2.1809442043304443,0
3185,1454,0.4813399910926819,0
3185,1140,0.5844101905822754,0
3185,719,2.0107309818267822,0
3185,171,1.2376935482025146,0
3185,884,0.9466046094894409,0
3185,346,0.5419297814369202,0
3185,2022,0.4518885016441345,0
3185,1559,2.374455451965332,0
3185,2011,0.8716954588890076,0
3185,515,0.4573622941970825,0
3185,178,0.5479949116706848,0
3185,698,0.9208206534385681,0
3185,314,0.5958491563796997,0
3185,2046,0.8400573134422302,0
3185,1778,0.7327517867088318,0
3123,1763,0.6234322190284729,1
3123,1839,0.9589982032775879,0
3123,1157,1.8970266580581665,0
3123,1564,1.9462822675704956,0
3123,1991,1.0855183601379395,0
3123,901,0.6004745960235596,0
3123,1110,1.461655616760254,0
3123,1958,1.1072746515274048,0
3123,89,0.49250030517578125,0
3123,1401,0.9214683175086975,0
3123,828,1.055661916732788,0
3123,1767,0.605532705783844,0
3123,893,0.6029201745986938,0
3123,686,0.9452374577522278,0
3123,1802,1.63728666305542,0
3123,849,0.915040910243988,0
3123,2003,0.5842286348342896,0
3123,68,0.8726348280906677,0
3123,1504,0.5177022814750671,0
3123,1352,0.9833738207817078,0
1202,1694,2.1605477333068848,1
1202,1651,1.0515713691711426,0
1202,1680,0.839432418346405,0
1202,439,2.548438787460327,0
1202,1353,1.1479965448379517,0
1202,330,2.4727141857147217,0
1202,887,0.9873206615447998,0
1202,867,1.1234785318374634,0
1202,337,1.5260729789733887,0
1202,1306,1.1005775928497314,0
1202,1777,1.7593382596969604,0
1202,990,0.4831632375717163,0
1202,1863,0.4753212630748749,0
1202,1073,0.582715630531311,0
1202,38,0.6145457625389099,0
1202,130,1.0182795524597168,0
1202,1311,0.4971354901790619,0
1202,1280,0.9729746580123901,0
1202,1645,0.9542474746704102,0
1202,433,1.7970881462097168,0
710,237,2.031541585922241,1
710,759,0.9822748303413391,0
710,179,1.3397548198699951,0
710,1983,1.4970463514328003,0
710,55,1.6898473501205444,0
710,314,0.6044849157333374,0
710,515,0.44602182507514954,0
710,978,1.760189175605774,0
710,46,0.5587363243103027,0
710,685,1.0646997690200806,0
710,713,0.8218652606010437,0
710,1710,1.3055721521377563,0
710,1572,1.0199676752090454,0
710,458,0.8996692895889282,0
710,1523,1.0094189643859863,0
710,672,0.626318633556366,0
710,87,0.5388657450675964,0
710,1623,0.8463296890258789,0
710,1141,0.9534473419189453,0
710,630,0.4467015862464905,0
977,1924,0.48695701360702515,1
977,1034,1.2101848125457764,0
977,582,0.8291465640068054,0
977,723,0.4923747479915619,0
977,1590,1.0020495653152466,0
977,858,0.8897514939308167,0
977,1737,0.3807486891746521,0
977,2000,1.1970558166503906,0
977,1353,0.9732454419136047,0
977,680,1.8590009212493896,0
977,271,1.746583342552185,0
977,142,0.6668750047683716,0
977,1809,1.1349953413009644,0
977,1405,1.8085246086120605,0
977,1194,0.8995927572250366,0
977,1062,0.927634060382843,0
977,1663,1.5651915073394775,0
977,977,1.3265116214752197,0
977,398,1.5832741260528564,0
977,456,0.8127305507659912,0
2895,1309,0.49063771963119507,1
2895,177,1.0101048946380615,0
2895,1062,0.9394679665565491,0
2895,1197,0.9435773491859436,0
2895,826,0.9197136163711548,0
2895,2008,1.2810869216918945,0
2895,651,1.47373628616333,0
2895,1298,0.8770080804824829,0
2895,390,0.5542641878128052,0
2895,984,0.9190211296081543,0
2895,12,1.2462021112442017,0
2895,1208,0.5501869916915894,0
2895,501,1.3125401735305786,0
2895,1701,0.6404380202293396,0
2895,1064,0.7843998670578003,0
2895,961,0.8168680667877197,0
2895,565,1.2404887676239014,0
2895,628,1.76934015750885,0
2895,553,0.9006921052932739,0
2895,1506,0.5271077156066895,0
2218,629,0.5709389448165894,1
2218,1353,0.9667046070098877,0
2218,1201,0.9246906638145447,0
2218,1895,0.9026411771774292,0
2218,724,0.9078636169433594,0
2218,570,0.9530426263809204,0
2218,1635,0.526999294757843,0
2218,354,0.5087718367576599,0
2218,363,0.5916377305984497,0
2218,733,1.4443738460540771,0
2218,1322,1.318502426147461,0
2218,267,0.4801575541496277,0
2218,1342,0.8682258129119873,0
2218,1570,0.9077373147010803,0
2218,1422,0.45155319571495056,0
2218,1517,0.9435280561447144,0
2218,22,0.7878568768501282,0
2218,197,0.9302092790603638,0
2218,892,0.9052246809005737,0
2218,959,1.3859230279922485,0
2734,348,1.2298637628555298,1
2734,1685,0.6895560026168823,0
2734,456,0.9338536262512207,0
2734,1320,0.8844040632247925,0
2734,1523,1.0889551639556885,0
2734,890,0.9564259052276611,0
2734,1950,1.4117635488510132,0
2734,2,0.5934086441993713,0
2734,1473,4.155452251434326,0
2734,879,1.173316240310669,0
2734,558,0.6664150357246399,0
2734,1316,1.087099552154541,0
2734,1849,0.9319800138473511,0
2734,17,1.0558727979660034,0
2734,349,1.484479546546936,0
2734,557,0.6760663986206055,0
2734,533,1.7499849796295166,0
2734,1491,1.1873239278793335,0
2734,577,0.49166882038116455,0
2734,1838,1.0375866889953613,0
1626,312,0.9145536422729492,1
1626,1452,0.46979254484176636,0
1626,354,0.46918928623199463,0
1626,1869,0.9335153698921204,0
1626,519,0.971318781375885,0
1626,471,0.5625429749488831,0
1626,2079,0.8108450174331665,0
1626,458,0.8648790121078491,0
1626,763,0.8703243136405945,0
1626,1872,0.57215416431427,0
1626,1034,1.2820764780044556,0
1626,1896,1.0163631439208984,0
1626,1840,0.48839983344078064,0
1626,1640,1.148634672164917,0
1626,1429,0.4971718192100525,0
1626,1098,0.781207799911499,0
1626,1732,1.5458159446716309,0
1626,68,0.8735661506652832,0
1626,365,0.8657812476158142,0
1626,1390,0.8298822641372681,0
616,1578,2.379394054412842,1
616,604,0.46449604630470276,0
616,926,1.0913697481155396,0
616,1071,0.980773389339447,0
616,1083,0.5895076394081116,0
616,441,1.1114848852157593,0
616,1678,1.1394401788711548,0
616,678,0.9929028153419495,0
616,54,1.0915989875793457,0
616,1495,0.9090743660926819,0
616,1758,0.5029478073120117,0
616,776,0.5601447820663452,0
616,1862,0.9881780743598938,0
616,1842,1.523443579673767,0
616,806,0.9735578298568726,0
616,836,1.8779314756393433,0
616,1499,1.0275009870529175,0
616,17,1.0616776943206787,0
616,397,1.1029877662658691,0
616,175,0.9816720485687256,0
4057,1241,0.40677371621131897,1
4057,514,1.0647636651992798,0
4057,870,0.5434961318969727,0
4057,918,1.446555495262146,0
4057,1706,0.4525958001613617,0
4057,404,0.8347764611244202,0
4057,267,0.4633897840976715,0
4057,2033,0.9475652575492859,0
4057,743,1.1881792545318604,0
4057,1581,0.7124999165534973,0
4057,526,0.9001519680023193,0
4057,1041,1.2418794631958008,0
4057,677,0.4113340377807617,0
4057,601,0.4501960277557373,0
4057,212,1.5198748111724854,0
4057,781,0.836535632610321,0
4057,55,1.7772235870361328,0
4057,160,0.9264885187149048,0
4057,1113,0.9320842027664185,0
4057,2050,1.379374384880066,0
3776,597,0.5808756351470947,1
3776,312,0.9976805448532104,0
3776,1849,0.9571777582168579,0
3776,433,1.8569364547729492,0
3776,921,1.9388314485549927,0
3776,73,0.9840484857559204,0
3776,842,1.0017445087432861,0
3776,158,0.945019543170929,0
3776,674,0.9713193774223328,0
3776,525,0.9952396750450134,0
3776,1821,1.0778727531433105,0
3776,827,0.5340138077735901,0
3776,230,1.0515602827072144,0
3776,103,2.3724825382232666,0
3776,41,1.5218253135681152,0
3776,86,1.4794270992279053,0
3776,1493,1.4150874614715576,0
3776,1886,0.9264031648635864,0
3776,397,1.0537779331207275,0
3776,1998,0.8234463930130005,0
1803,1793,0.5260465145111084,1
1803,1575,0.8547404408454895,0
1803,751,0.5496588349342346,0
1803,1341,1.441723346710205,0
1803,887,0.8455850481987,0
1803,451,1.164650797843933,0
1803,1365,1.6120259761810303,0
1803,327,0.5551289916038513,0
1803,458,0.9062911868095398,0
1803,576,0.8303987979888916,0
1803,2005,1.0244547128677368,0
1803,55,1.6145734786987305,0
1803,1263,0.9246094822883606,0
1803,1876,3.308488368988037,0
1803,636,0.9975195527076721,0
1803,1339,1.3165435791015625,0
1803,227,0.45891809463500977,0
1803,983,1.623630404472351,0
1803,45,0.5224072933197021,0
1803,246,0.8231685161590576,0
74,1720,1.0933077335357666,1
74,1307,0.8665062189102173,0
74,1369,1.0809123516082764,0
74,1064,0.791200578212738,0
74,1974,0.9364306926727295,0
74,430,0.8752340078353882,0
74,1633,0.9674217700958252,0
74,1225,0.5591524243354797,0
74,717,1.275177240371704,0
74,129,0.6241235136985779,0
74,584,0.8617629408836365,0
74,1887,0.8810856938362122,0
74,728,0.8102582097053528,0
74,1073,0.49955034255981445,0
74,1953,1.5179216861724854,0
74,300,0.5820329189300537,0
74,692,0.9261293411254883,0
74,1922,0.8881686925888062,0
74,198,0.8468785881996155,0
74,1982,0.9472808837890625,0
2399,207,0.9090263843536377,1
2399,139,1.6267846822738647,0
2399,454,0.8906694650650024,0
2399,861,1.7789109945297241,0
2399,954,1.1250208616256714,0
2399,417,1.644809365272522,0
2399,162,0.9240443706512451,0
2399,602,0.7609994411468506,0
2399,1996,0.8790916800498962,0
2399,1430,0.9298971891403198,0
2399,1756,0.5314968228340149,0
2399,656,0.47274109721183777,0
2399,1604,0.4966714382171631,0
2399,84,0.9600569009780884,0
2399,415,0.8236918449401855,0
2399,337,1.321962594985962,0
2399,544,0.8152595162391663,0
2399,1669,1.475897192955017,0
2399,1121,1.002545952796936,0
2399,1141,0.8521398901939392,0
2403,1128,0.5481137037277222,1
2403,711,1.2786571979522705,0
2403,1848,1.4004404544830322,0
2403,1120,1.5106309652328491,0
2403,1236,1.378156065940857,0
2403,1583,1.0403244495391846,0
2403,461,1.3385446071624756,0
2403,1850,0.951581597328186,0
2403,1555,0.8303639888763428,0
2403,2009,1.0068023204803467,0
2403,884,0.9388060569763184,0
2403,203,0.9530945420265198,0
2403,1077,1.2682044506072998,0
2403,1254,0.863511323928833,0
2403,118,0.9541229009628296,0
2403,537,0.9099751710891724,0
2403,1080,0.9805040955543518,0
2403,1893,0.8734754920005798,0
2403,978,1.7265894412994385,0
2403,1363,1.0037883520126343,0
1520,733,1.371238350868225,1
1520,731,0.9281562566757202,0
1520,1513,1.6611427068710327,0
1520,767,0.4647202789783478,0
1520,196,0.5467596054077148,0
1520,2019,0.870008111000061,0
1520,1287,0.8491473197937012,0
1520,1194,0.8824942708015442,0
1520,1705,1.4922083616256714,0
1520,1547,1.8044977188110352,0
1520,700,2.0202836990356445,0
1520,984,0.8584970831871033,0
1520,1257,1.8569822311401367,0
1520,456,0.7781171202659607,0
1520,532,0.8928871750831604,0
1520,1238,0.93375563621521,0
1520,1875,0.5410809516906738,0
1520,1493,1.2925019264221191,0
1520,1145,0.940669596195221,0
1520,416,0.8245237469673157,0
1593,1302,1.1431783437728882,1
1593,1869,0.8921349048614502,0
1593,1365,1.5731133222579956,0
1593,562,0.7758162021636963,0
1593,485,0.6802228093147278,0
1593,678,0.797994077205658,0
1593,1629,0.45118504762649536,0
1593,835,0.843524158000946,0
1593,477,0.920625627040863,0
1593,1674,0.4716203212738037,0
1593,1191,0.4854682683944702,0
1593,1195,0.4684266746044159,0
1593,395,1.3374290466308594,0
1593,1795,1.5394736528396606,0
1593,902,0.5238633155822754,0
1593,1127,0.47117578983306885,0
1593,2028,1.3186818361282349,0
1593,149,2.836285352706909,0
1593,1976,1.3690154552459717,0
1593,2055,0.48982590436935425,0
3749,139,1.8600387573242188,1
3749,943,0.8717913627624512,0
3749,690,1.9865424633026123,0
3749,1512,0.8614224195480347,0
3749,1756,0.6017183661460876,0
3749,1408,0.9230740070343018,0
3749,1270,0.9795156717300415,0
3749,45,0.5302428603172302,0
3749,1857,0.9218149781227112,0
3749,1290,0.6773520708084106,0
3749,719,2.13627290725708,0
3749,1217,0.8599134087562561,0
3749,1224,1.956094741821289,0
3749,1092,1.686229944229126,0
3749,1381,1.2260761260986328,0
3749,106,1.623047113418579,0
3749,2053,0.9657183289527893,0
3749,498,0.938487708568573,0
3749,1028,0.9319122433662415,0
3749,265,0.9884485006332397,0
1529,1434,1.8523204326629639,1
1529,1693,1.6386059522628784,0
1529,2056,0.5562112331390381,0
1529,1946,1.573217511177063,0
1529,856,1.0374208688735962,0
1529,888,1.2854541540145874,0
1529,1493,1.287005066871643,0
1529,2029,0.9409475922584534,0
1529,1199,0.5072002410888672,0
1529,2040,1.4285115003585815,0
1529,1335,0.9035221934318542,0
1529,1928,1.3122979402542114,0
1529,1981,1.513414740562439,0
1529,1769,0.576854407787323,0
1529,2042,0.49394863843917847,0
1529,1436,0.8547016978263855,0
1529,134,0.8953680992126465,0
1529,1403,0.9226342439651489,0
1529,1023,1.52799391746521,0
1529,233,1.0508091449737549,0
2233,1875,0.4928370714187622,1
2233,868,0.9742082357406616,0
2233,1016,0.9696781635284424,0
2233,1548,1.57256019115448,0
2233,1060,1.3644038438796997,0
2233,1160,2.432818651199341,0
2233,1936,2.1505000591278076,0
2233,253,0.9059480428695679,0
2233,1683,0.8326914310455322,0
2233,0,0.8762843012809753,0
2233,70,0.9428312182426453,0
2233,605,0.8692053556442261,0
2233,1685,0.5060106515884399,0
2233,1867,1.9011012315750122,0
2233,813,0.9164959788322449,0
2233,647,1.2529007196426392,0
2233,1556,0.9402146339416504,0
2233,1028,0.8160619735717773,0
2233,600,2.6753640174865723,0
2233,648,1.3593553304672241,0
1595,1493,1.26274836063385,1
1595,572,2.2223145961761475,0
1595,2027,0.9032903909683228,0
1595,573,1.0635881423950195,0
1595,1560,0.6171895861625671,0
1595,2042,0.5088760256767273,0
1595,729,0.5704336762428284,0
1595,1668,0.9986185431480408,0
1595,1203,1.3862805366516113,0
1595,884,0.9743562936782837,0
1595,623,0.8435169458389282,0
1595,1823,1.566510558128357,0
1595,590,3.1451330184936523,0
1595,656,0.5208147168159485,0
1595,1036,0.9290075302124023,0
1595,668,0.6564094424247742,0
1595,296,0.5953078866004944,0
1595,1677,0.5793516635894775,0
1595,790,1.4176239967346191,0
1595,1918,1.4781421422958374,0
451,491,0.6608902812004089,1
451,1503,0.5843174457550049,0
451,1682,1.0210808515548706,0
451,870,0.6053643822669983,0
451,1074,1.1830109357833862,0
451,1309,0.484272837638855,0
451,23,0.5594138503074646,0
451,570,1.0056172609329224,0
451,79,1.578663945198059,0
451,1645,0.9207001328468323,0
451,159,1.8973534107208252,0
451,833,1.0578639507293701,0
451,914,1.9169237613677979,0
451,1321,0.8433058857917786,0
451,1917,2.2619411945343018,0
451,492,0.5102328062057495,0
451,751,0.5365257263183594,0
451,586,1.55287766456604,0
451,590,3.007272720336914,0
451,1947,0.9344266653060913,0
3435,1759,0.9724820852279663,1
3435,19,0.4187626838684082,0
3435,543,0.4801863431930542,0
3435,1102,0.9086397886276245,0
3435,1073,0.5650155544281006,0
3435,756,1.490713357925415,0
3435,1392,1.641567349433899,0
3435,1485,0.5707671642303467,0
3435,453,0.8370772004127502,0
3435,123,1.4769718647003174,0
3435,1554,1.0298638343811035,0
3435,461,1.341421365737915,0
3435,1685,0.6246752738952637,0
3435,1735,0.9397752285003662,0
3435,700,1.9910646677017212,0
3435,358,0.8887783885002136,0
3435,201,0.5702449083328247,0
3435,1393,2.0388991832733154,0
3435,1718,0.9903450608253479,0
3435,1937,0.9458286166191101,0
1604,1362,0.8654466867446899,1
1604,1201,0.9658680558204651,0
1604,1744,1.5913833379745483,0
1604,701,0.6205864548683167,0
1604,1454,0.48389896750450134,0
1604,144,0.9227074980735779,0
1604,875,1.0635948181152344,0
1604,134,0.8878610134124756,0
1604,324,0.5493531823158264,0
1604,235,2.485828399658203,0
1604,1271,1.0020866394042969,0
1604,422,0.9582597613334656,0
1604,434,1.0379971265792847,0
1604,609,0.6096999049186707,0
1604,1049,0.9251731038093567,0
1604,1036,0.9809203147888184,0
1604,300,0.6612526178359985,0
1604,1353,1.1008920669555664,0
1604,1660,0.9054366946220398,0
1604,1200,0.9094845652580261,0
315,1278,3.6645925045013428,1
315,1144,0.9073238968849182,0
315,2053,0.9614585638046265,0
315,1692,0.9722458124160767,0
315,1222,0.6380922794342041,0
315,477,1.0347565412521362,0
315,2024,0.8546104431152344,0
315,124,0.5202513933181763,0
315,166,0.4471668303012848,0
315,521,0.5890952348709106,0
315,260,0.6338688135147095,0
315,1578,2.1515374183654785,0
315,1527,0.6222180724143982,0
315,413,0.9323963522911072,0
315,1809,1.2567698955535889,0
315,740,0.6904914379119873,0
315,458,0.9146834015846252,0
315,1687,0.9434362053871155,0
315,1554,1.0765610933303833,0
315,1985,1.2077528238296509,0
2115,411,0.40525978803634644,1
2115,588,0.49416905641555786,0
2115,734,0.7769606709480286,0
2115,68,0.6887561678886414,0
2115,1392,1.4118729829788208,0
2115,116,0.4143713116645813,0
2115,178,0.45173579454421997,0
2115,2021,0.9584236145019531,0
2115,659,1.211287260055542,0
2115,1970,0.8071985244750977,0
2115,942,1.2198748588562012,0
2115,120,1.3381242752075195,0
2115,875,0.8510420918464661,0
2115,1112,0.844916582107544,0
2115,928,0.9346113204956055,0
2115,2045,0.8657118678092957,0
2115,1519,2.663782835006714,0
2115,1887,0.9161105751991272,0
2115,1019,1.4194856882095337,0
2115,1429,0.4277859926223755,0
790,1013,0.9700307250022888,1
790,786,0.8394675850868225,0
790,186,1.2791162729263306,0
790,59,1.117837905883789,0
790,1346,0.9017018675804138,0
790,1,0.9919390678405762,0
790,221,0.7938580513000488,0
790,1483,0.8456156253814697,0
790,1625,0.5649702548980713,0
790,11,0.528162956237793,0
790,637,1.4859092235565186,0
790,1211,0.9507520198822021,0
790,1536,1.715280294418335,0
790,473,0.8240393400192261,0
790,261,0.8288052678108215,0
790,1182,1.1794474124908447,0
790,457,0.8183253407478333,0
790,1168,1.1339247226715088,0
790,1573,0.9317117929458618,0
790,1455,0.7788057327270508,0
2697,476,0.40136608481407166,1
2697,1433,1.118489384651184,0
2697,259,0.8619356155395508,0
2697,553,0.8176004886627197,0
2697,1015,0.8800936341285706,0
2697,44,0.838233232498169,0
2697,1354,0.8149166703224182,0
2697,1186,0.681479811668396,0
2697,221,0.7413618564605713,0
2697,1479,0.8156946301460266,0
2697,543,0.45001035928726196,0
2697,51,0.48380640149116516,0
2697,1056,0.840093731880188,0
2697,889,0.7603264451026917,0
2697,262,1.503716230392456,0
2697,331,0.5034095644950867,0
2697,1727,0.8567019701004028,0
2697,894,0.8704981207847595,0
2697,1154,0.4868347644805908,0
2697,1277,1.1541037559509277,0
2871,1900,1.0065104961395264,1
2871,1695,0.5963839292526245,0
2871,1387,0.5713775157928467,0
2871,1894,1.2210026979446411,0
2871,12,1.3062621355056763,0
2871,1090,0.8682295083999634,0
2871,310,1.050905466079712,0
2871,1225,0.6369669437408447,0
2871,431,1.3166255950927734,0
2871,470,0.8447962999343872,0
2871,318,0.826000452041626,0
2871,1011,1.6562020778656006,0
2871,241,0.7790690660476685,0
2871,1213,0.5233217477798462,0
2871,197,0.9571928381919861,0
2871,277,1.4222882986068726,0
2871,1596,0.8450576663017273,0
2871,63,0.9271759390830994,0
2871,1323,2.746645450592041,0
2871,1608,1.1296536922454834,0
2334,1656,0.6187575459480286,1
2334,464,0.9088572859764099,0
2334,377,1.4578973054885864,0
2334,16,0.5000127553939819,0
2334,1583,1.0689666271209717,0
2334,48,0.829899251461029,0
2334,1082,1.7462828159332275,0
2334,1436,0.8528812527656555,0
2334,1448,0.6757786273956299,0
2334,350,0.7949110865592957,0
2334,1086,1.0418756008148193,0
2334,61,0.9703270196914673,0
2334,1005,0.946591854095459,0
2334,1386,0.9799993634223938,0
2334,1304,1.001671314239502,0
2334,828,1.02930748462677,0
2334,94,1.3507091999053955,0
2334,1466,0.8914164304733276,0
2334,1107,1.6127333641052246,0
2334,900,0.9780189394950867,0
2752,1357,0.551514744758606,1
2752,877,0.8291095495223999,0
2752,1162,0.5701574087142944,0
2752,1098,0.7511964440345764,0
2752,1627,0.9869253635406494,0
2752,1759,0.9562174677848816,0
2752,49,1.979371428489685,0
2752,856,0.9986897706985474,0
2752,16,0.5323607921600342,0
2752,952,1.0062105655670166,0
2752,785,0.9244199395179749,0
2752,707,0.4275473356246948,0
2752,422,0.8531273603439331,0
2752,949,0.43960893154144287,0
2752,1896,1.0305004119873047,0
2752,449,1.4369275569915771,0
2752,1751,0.5553920865058899,0
2752,85,0.912356972694397,0
2752,1326,1.1375852823257446,0
2752,1990,1.2828099727630615,0
1027,1173,1.3184846639633179,1
1027,1283,0.6448096632957458,0
1027,2035,0.9257503747940063,0
1027,1651,1.1040351390838623,0
1027,220,1.0454838275909424,0
1027,811,1.1053062677383423,0
1027,1067,1.3148998022079468,0
1027,1041,1.3453009128570557,0
1027,1942,2.0894570350646973,0
1027,2023,1.0488343238830566,0
1027,828,1.1329505443572998,0
1027,777,1.0514590740203857,0
1027,742,0.9081627130508423,0
1027,103,2.3363051414489746,0
1027,720,1.4847323894500732,0
1027,1032,0.9533615708351135,0
1027,1436,0.9364562034606934,0
1027,944,1.010952353477478,0
1027,1725,1.4061249494552612,0
1027,24,0.971687376499176,0
224,2043,0.4194536805152893,1
224,1749,0.8127642273902893,0
224,1846,1.8624846935272217,0
224,1335,0.8160535097122192,0
224,489,0.45397013425827026,0
224,201,0.4920801520347595,0
224,2078,0.8321955800056458,0
224,1309,0.444716215133667,0
224,1255,1.3708922863006592,0
224,226,0.48151713609695435,0
224,203,0.8829028606414795,0
224,415,0.7698671221733093,0
224,1987,0.8788115978240967,0
224,15,0.832487940788269,0
224,434,0.9097270965576172,0
224,964,0.4559149742126465,0
224,2024,0.7617863416671753,0
224,200,0.902432382106781,0
224,2016,0.811621904373169,0
224,521,0.5003385543823242,0
1429,965,1.8912403583526611,1
1429,1133,0.880797803401947,0
1429,41,1.2969363927841187,0
1429,1360,0.9448670744895935,0
1429,1191,0.538608729839325,0
1429,1994,0.8573294281959534,0
1429,119,0.5998591780662537,0
1429,1417,0.5353467464447021,0
1429,874,0.9043126702308655,0
1429,938,1.189709186553955,0
1429,580,0.8225067257881165,0
1429,182,1.469246506690979,0
1429,198,0.8594244122505188,0
1429,65,0.8970279693603516,0
1429,1110,1.3344053030014038,0
1429,455,1.6030744314193726,0
1429,1491,1.0688121318817139,0
1429,508,1.882973074913025,0
1429,28,0.5582746863365173,0
1429,1099,1.2203607559204102,0
3759,857,0.5018839240074158,1
3759,621,1.6639684438705444,0
3759,1000,1.272792100906372,0
3759,2049,0.8796615600585938,0
3759,1831,0.8296558260917664,0
3759,75,0.3955070376396179,0
3759,503,0.8245593905448914,0
3759,237,1.9283525943756104,0
3759,1541,0.8371301889419556,0
3759,2004,1.3462920188903809,0
3759,1295,0.7516335248947144,0
3759,1291,0.8059881925582886,0
3759,406,0.8243961334228516,0
3759,2059,0.501197099685669,0
3759,1433,1.171603798866272,0
3759,1476,1.3594318628311157,0
3759,945,0.5073812007904053,0
3759,1306,0.9062079787254333,0
3759,2027,0.8148301839828491,0
3759,367,0.9334447383880615,0
2461,473,0.8885009288787842,1
2461,436,2.759030818939209,0
2461,853,0.813708484172821,0
2461,154,0.9563196897506714,0
2461,1249,0.4028289020061493,0
2461,504,1.2554363012313843,0
2461,1902,0.5679404735565186,0
2461,1431,0.8408634662628174,0
2461,398,1.582687497138977,0
2461,141,0.8510850667953491,0
2461,863,1.5088751316070557,0
2461,982,0.5058766007423401,0
2461,1064,0.8214654326438904,0
2461,779,1.0545004606246948,0
2461,81,0.8257774114608765,0
2461,457,0.8427619338035583,0
2461,1485,0.5932571887969971,0
2461,755,1.4204657077789307,0
2461,784,0.9253110885620117,0
2461,791,0.7801862955093384,0
2798,1075,0.4549383521080017,1
2798,1238,1.0030964612960815,0
2798,1743,0.9280352592468262,0
2798,521,0.5770822763442993,0
2798,572,2.2557809352874756,0
2798,56,0.9974603652954102,0
2798,1817,0.5793443322181702,0
2798,1244,0.7909761071205139,0
2798,1787,1.542555570602417,0
2798,1742,1.0767391920089722,0
2798,492,0.558533787727356,0
2798,1877,4.233826160430908,0
2798,628,1.894681453704834,0
2798,1886,0.9018358588218689,0
2798,807,1.0456347465515137,0
2798,893,0.6100497245788574,0
2798,785,0.9220587015151978,0
2798,1123,1.8857475519180298,0
2798,95,0.9137912392616272,0
2798,1695,0.6111525297164917,0
3258,1780,0.8289111852645874,1
3258,985,1.1909725666046143,0
3258,1995,1.9762946367263794,0
3258,613,1.4876044988632202,0
3258,807,0.8944860100746155,0
3258,1206,0.4557669758796692,0
3258,1050,1.1904404163360596,0
3258,911,0.8577100038528442,0
3258,320,0.9000409245491028,0
3258,481,0.8636524677276611,0
3258,706,0.8003813028335571,0
3258,1820,0.8112517595291138,0
3258,1289,0.7989539504051208,0
3258,1356,0.8571832180023193,0
3258,579,1.4554814100265503,0
3258,352,0.8310601115226746,0
3258,1809,1.1280591487884521,0
3258,1378,0.7916312217712402,0
3258,1837,0.9134711027145386,0
3258,461,1.1999262571334839,0
4036,371,0.57844078540802,1
4036,1169,1.1699641942977905,0
4036,378,0.5307219624519348,0
4036,1965,1.4058722257614136,0
4036,1957,0.9674110412597656,0
4036,1828,1.7628730535507202,0
4036,1060,1.4469045400619507,0
4036,719,2.1184892654418945,0
4036,752,0.8739524483680725,0
4036,804,0.8868067860603333,0
4036,666,0.9553734064102173,0
4036,1916,0.43207600712776184,0
4036,1351,1.2330504655838013,0
4036,2026,1.1229374408721924,0
4036,619,0.8817341327667236,0
4036,880,1.3740530014038086,0
4036,1961,0.9844532012939453,0
4036,106,1.572961688041687,0
4036,35,0.8527102470397949,0
4036,1501,0.8817526698112488,0
543,965,2.0042266845703125,1
543,1914,1.3470489978790283,0
543,1072,0.954686164855957,0
543,1692,1.068545937538147,0
543,1643,2.506075620651245,0
543,435,0.9242228269577026,0
543,211,1.0917683839797974,0
543,787,1.1271511316299438,0
543,1687,0.9781959652900696,0
543,1642,1.9061663150787354,0
543,1937,1.0516523122787476,0
543,1381,1.3647384643554688,0
543,1211,1.076092004776001,0
543,1550,0.9733287692070007,0
543,1631,1.273842453956604,0
543,1946,1.7952399253845215,0
543,336,1.066847801208496,0
543,1018,0.4729825258255005,0
543,868,1.168531894683838,0
543,1694,2.082692861557007,0
2012,1461,1.0676815509796143,1
2012,1367,0.5956093072891235,0
2012,623,0.7973853349685669,0
2012,1723,2.9650185108184814,0
2012,1035,1.2192941904067993,0
2012,1299,0.9242386817932129,0
2012,569,0.9311655759811401,0
2012,170,1.0771125555038452,0
2012,76,0.9273948669433594,0
2012,2026,1.123613953590393,0
2012,563,0.5568445920944214,0
2012,506,1.053009033203125,0
2012,139,1.8741047382354736,0
2012,595,1.9883191585540771,0
2012,389,1.1030051708221436,0
2012,924,1.4747889041900635,0
2012,952,1.1494959592819214,0
2012,1586,1.2636945247650146,0
2012,1733,1.0356273651123047,0
2012,1101,0.9180952906608582,0
210,58,1.0293142795562744,1
210,1101,0.8571294546127319,0
210,1781,0.7918500900268555,0
210,1910,0.5321520566940308,0
210,1117,0.998809814453125,0
210,96,1.0118918418884277,0
210,1633,0.955111563205719,0
210,731,0.9730876088142395,0
210,693,1.0369758605957031,0
210,1402,0.8936178088188171,0
210,1121,0.9977275133132935,0
210,1877,4.520920276641846,0
210,1213,0.46839797496795654,0
210,1898,0.826209306716919,0
210,1145,0.9827940464019775,0
210,1735,0.8906337022781372,0
210,925,0.4795730710029602,0
210,974,0.8621915578842163,0
210,663,0.8830035924911499,0
210,440,0.816440224647522,0
1680,1877,4.376060485839844,1
1680,1632,2.5115091800689697,0
1680,1000,1.5592464208602905,0
1680,693,1.1213449239730835,0
1680,488,0.9165052771568298,0
1680,1281,0.5773330926895142,0
1680,1418,0.9821610450744629,0
1680,926,1.0291081666946411,0
1680,1947,0.9111243486404419,0
1680,239,0.6046457886695862,0
1680,1092,1.6123979091644287,0
1680,984,0.9634018540382385,0
1680,1557,1.0110751390457153,0
1680,1540,0.5665237903594971,0
1680,1225,0.6088258028030396,0
1680,208,1.9243183135986328,0
1680,268,0.8721756339073181,0
1680,189,0.8582136034965515,0
1680,1465,0.8835591077804565,0
1680,475,1.5651278495788574,0
3184,1635,0.5191574096679688,1
3184,1670,0.7965252995491028,0
3184,1999,1.4708421230316162,0
3184,1806,3.0969176292419434,0
3184,178,0.5668578147888184,0
3184,140,0.9104424715042114,0
3184,1611,0.5520514249801636,0
3184,632,0.890969455242157,0
3184,1723,2.5249271392822266,0
3184,1003,0.5741914510726929,0
3184,1148,0.8995147347450256,0
3184,1949,1.3325986862182617,0
3184,993,1.0554834604263306,0
3184,334,0.8149570226669312,0
3184,1285,0.473460853099823,0
3184,1056,0.856720507144928,0
3184,731,1.009568214416504,0
3184,412,0.6154902577400208,0
3184,1772,0.8585503101348877,0
3184,156,0.9274517893791199,0
2430,407,1.8193773031234741,1
2430,1318,0.8882465958595276,0
2430,356,0.552426815032959,0
2430,161,0.5344658493995667,0
2430,199,1.2852479219436646,0
2430,731,0.9637814164161682,0
2430,1932,3.2633111476898193,0
2430,1827,0.49367308616638184,0
2430,1778,0.7573098540306091,0
2430,1176,0.5742818713188171,0
2430,1451,1.2465184926986694,0
2430,1735,0.8825408220291138,0
2430,860,0.9606921076774597,0
2430,1175,0.9198155403137207,0
2430,1723,2.591632127761841,0
2430,1806,3.1085474491119385,0
2430,1760,1.9451721906661987,0
2430,292,0.5528792142868042,0
2430,406,0.8754788041114807,0
2430,1645,0.851021945476532,0
1938,1865,0.9796391129493713,1
1938,2067,0.9017410278320312,0
1938,1996,0.9316223859786987,0
1938,718,0.8984672427177429,0
1938,1407,1.2197110652923584,0
1938,753,0.919104814529419,0
1938,1601,0.9180549383163452,0
1938,536,0.8038216233253479,0
1938,62,0.49940812587738037,0
1938,69,0.46728795766830444,0
1938,1002,1.757487177848816,0
1938,1708,1.2751274108886719,0
1938,1726,0.8204031586647034,0
1938,1616,0.9036681652069092,0
1938,502,1.0149927139282227,0
1938,146,1.166548728942871,0
1938,424,0.9415995478630066,0
1938,1530,0.8450220227241516,0
1938,1593,0.9054521918296814,0
1938,1501,0.9290787577629089,0
365,195,1.1642050743103027,1
365,132,1.109539270401001,0
365,893,0.6076855659484863,0
365,1264,1.0656049251556396,0
365,509,0.6267014741897583,0
365,53,0.5200477838516235,0
365,1638,1.0022990703582764,0
365,1107,1.7582627534866333,0
365,1435,1.0748056173324585,0
365,2030,1.9404791593551636,0
365,730,0.9042999148368835,0
365,948,1.657784342765808,0
365,1972,1.8640252351760864,0
365,665,0.6219446659088135,0
365,1271,0.9987370371818542,0
365,2004,1.5771286487579346,0
365,453,0.9673907160758972,0
365,147,0.5686466693878174,0
365,628,1.9247770309448242,0
365,1641,1.763550877571106,0
2801,1047,0.6489660739898682,1
2801,573,1.0067304372787476,0
2801,230,0.9388603568077087,0
2801,898,0.7522403001785278,0
2801,1086,0.9936637282371521,0
2801,1144,0.8869717717170715,0
2801,1683,0.8550211191177368,0
2801,1780,0.8944717645645142,0
2801,728,0.8828546404838562,0
2801,1407,1.137195348739624,0
2801,1961,0.9432156682014465,0
2801,1385,1.2385849952697754,0
2801,451,1.1814205646514893,0
2801,241,0.7213737964630127,0
2801,341,0.6054638624191284,0
2801,410,1.2819466590881348,0
2801,685,1.056727409362793,0
2801,789,2.1240596771240234,0
2801,636,0.990768551826477,0
2801,808,1.252927303314209,0
3438,770,0.47515755891799927,1
3438,85,0.9401485323905945,0
3438,132,1.0334773063659668,0
3438,184,0.8281986117362976,0
3438,270,0.577072024345398,0
3438,100,1.0117655992507935,0
3438,651,1.5816384553909302,0
3438,620,0.6831622123718262,0
3438,2033,1.041417121887207,0
3438,590,3.010641574859619,0
3438,521,0.6124194860458374,0
3438,1640,1.2105917930603027,0
3438,1675,0.9879849553108215,0
3438,1621,0.48740100860595703,0
3438,1098,0.8813973069190979,0
3438,769,0.9768623113632202,0
3438,265,1.042029857635498,0
3438,2041,0.9375613331794739,0
3438,1541,1.017657995223999,0
3438,1233,0.6362017393112183,0
3770,776,0.5032608509063721,1
3770,789,2.460468053817749,0
3770,1799,1.5392358303070068,0
3770,1357,0.5853683948516846,0
3770,1406,0.4424619674682617,0
3770,245,1.0875922441482544,0
3770,422,0.8945603370666504,0
3770,979,1.0008023977279663,0
3770,998,0.9237440824508667,0
3770,650,0.9609041213989258,0
3770,1502,0.4693496525287628,0
3770,806,0.8944202661514282,0
3770,586,1.5987292528152466,0
3770,2053,0.8948885798454285,0
3770,1663,1.7746837139129639,0
3770,1865,0.9803020358085632,0
3770,1552,0.9234113097190857,0
3770,1379,1.797633171081543,0
3770,265,1.0216869115829468,0
3770,135,0.8388649225234985,0
2711,1846,2.202958106994629,1
2711,117,1.9986505508422852,0
2711,360,0.9742575287818909,0
2711,55,1.9318931102752686,0
2711,1240,1.051941156387329,0
2711,1608,1.3245900869369507,0
2711,1510,0.961817741394043,0
2711,457,0.9942548274993896,0
2711,743,1.3105723857879639,0
2711,1289,0.9636502861976624,0
2711,1364,1.3985694646835327,0
2711,1722,1.0703297853469849,0
2711,1459,1.0544732809066772,0
2711,907,1.1633440256118774,0
2711,175,0.9757996797561646,0
2711,199,1.4678329229354858,0
2711,2018,0.6040135622024536,0
2711,597,0.5965414047241211,0
2711,153,2.110720634460449,0
2711,1618,1.046193242073059,0
2602,1631,1.045417308807373,1
2602,1008,0.7205700278282166,0
2602,749,0.7879915237426758,0
2602,1233,0.4509761929512024,0
2602,2004,1.242079496383667,0
2602,276,0.8460646271705627,0
2602,1744,1.1838229894638062,0
2602,808,1.105637550354004,0
2602,1856,0.7142175436019897,0
2602,866,0.7823686003684998,0
2602,456,0.7407520413398743,0
2602,760,1.827714204788208,0
2602,1433,1.0932438373565674,0
2602,719,1.8034074306488037,0
2602,1211,0.8717796206474304,0
2602,1007,0.7673319578170776,0
2602,1690,0.8236970901489258,0
2602,1331,0.5693981051445007,0
2602,393,0.8225879073143005,0
2602,496,0.8172861337661743,0
931,1578,2.328073024749756,1
931,1362,0.7799074649810791,0
931,566,0.5561867952346802,0
931,1957,1.0557448863983154,0
931,373,1.2990323305130005,0
931,1092,1.7835524082183838,0
931,1297,1.1434134244918823,0
931,520,0.8481242656707764,0
931,638,0.9872637391090393,0
931,1166,0.9213228225708008,0
931,848,0.9822390675544739,0
931,1984,0.9997668266296387,0
931,1013,1.090793251991272,0
931,1922,0.9548546075820923,0
931,846,1.0868430137634277,0
931,418,0.9852273464202881,0
931,1693,1.7402857542037964,0
931,272,0.960188627243042,0
931,1629,0.4474896192550659,0
931,1671,3.1144237518310547,0
1597,919,1.4189502000808716,1
1597,994,0.5314623713493347,0
1597,0,0.8707806468009949,0
1597,259,0.9192901849746704,0
1597,699,2.439656972885132,0
1597,247,0.4247686564922333,0
1597,905,0.561913013458252,0
1597,698,0.8758940696716309,0
1597,2078,0.8342121839523315,0
1597,1174,0.8864614367485046,0
1597,976,1.3062360286712646,0
1597,189,0.7879340648651123,0
1597,847,1.320651650428772,0
1597,1230,0.8129485249519348,0
1597,1836,1.2917934656143188,0
1597,1984,0.8931822180747986,0
1597,1732,1.4741246700286865,0
1597,1951,1.177137851715088,0
1597,11,0.5333572030067444,0
1597,1457,1.1011624336242676,0
2741,795,0.8283495903015137,1
2741,4,0.9029822945594788,0
2741,149,2.5506021976470947,0
2741,890,0.8273032903671265,0
2741,1165,0.8310319185256958,0
2741,1249,0.40851375460624695,0
2741,1850,0.880047619342804,0
2741,1610,1.8923362493515015,0
2741,1409,0.4940534234046936,0
2741,286,0.8880384564399719,0
2741,1121,0.9499718546867371,0
2741,658,1.1166431903839111,0
2741,1001,0.4892895221710205,0
2741,1560,0.5819132924079895,0
2741,75,0.45370227098464966,0
2741,161,0.47659212350845337,0
2741,769,0.8685678243637085,0
2741,1520,0.41119566559791565,0
2741,1306,0.9330364465713501,0
2741,958,1.6000174283981323,0
2912,2018,0.5171712636947632,1
2912,1698,0.530180037021637,0
2912,1733,0.9056077003479004,0
2912,878,0.5837563276290894,0
2912,439,2.3056528568267822,0
2912,1517,0.8572956323623657,0
2912,1941,0.9077064990997314,0
2912,1300,0.7458213567733765,0
2912,585,0.8598098754882812,0
2912,1292,0.8237577676773071,0
2912,1078,0.9458300471305847,0
2912,680,2.0143067836761475,0
2912,1455,0.8344478607177734,0
2912,454,0.9538639187812805,0
2912,1675,0.8193114995956421,0
2912,1678,0.9750181436538696,0
2912,963,0.8629937171936035,0
2912,499,0.9081416130065918,0
2912,735,0.8688417673110962,0
2912,148,1.5318753719329834,0
2649,455,1.7030413150787354,1
2649,128,0.5302214622497559,0
2649,1999,1.5741338729858398,0
2649,1152,0.6240570545196533,0
2649,458,0.8727403879165649,0
2649,348,1.094894528388977,0
2649,1806,3.214850902557373,0
2649,1194,0.9523392915725708,0
2649,1062,0.940268337726593,0
2649,1586,1.1595985889434814,0
2649,1535,1.7532405853271484,0
2649,126,0.921306312084198,0
2649,838,1.430341362953186,0
2649,818,1.3067374229431152,0
2649,281,0.5739089250564575,0
2649,1189,1.0002487897872925,0
2649,1477,0.510036826133728,0
2649,1615,0.8769220113754272,0
2649,80,1.2664637565612793,0
2649,88,0.9198800921440125,0
3065,43,0.6041741967201233,1
3065,1554,1.1199709177017212,0
3065,725,0.6572220921516418,0
3065,1011,1.6790709495544434,0
3065,229,1.6547743082046509,0
3065,394,1.0024137496948242,0
3065,12,1.3317842483520508,0
3065,49,1.9650650024414062,0
3065,684,0.5788847208023071,0
3065,529,1.861061930656433,0
3065,241,0.7953237891197205,0
3065,1225,0.6193475723266602,0
3065,950,0.4770311713218689,0
3065,899,0.9230567812919617,0
3065,1330,0.585895836353302,0
3065,460,1.0466029644012451,0
3065,1250,1.3331886529922485,0
3065,415,0.918046772480011,0
3065,201,0.6158463954925537,0
3065,1922,0.929459810256958,0
225,1697,0.8301934003829956,1
225,1002,1.5555466413497925,0
225,312,0.864755392074585,0
225,1362,0.7592517733573914,0
225,2067,0.865597665309906,0
225,1332,1.2789170742034912,0
225,319,0.8753759264945984,0
225,1252,0.5050123929977417,0
225,343,0.5472770929336548,0
225,1705,1.4348595142364502,0
225,1107,1.442091703414917,0
225,113,0.8333804607391357,0
225,1384,0.8360131978988647,0
225,1976,1.232168436050415,0
225,307,1.0423306226730347,0
225,1424,0.872490644454956,0
225,1993,0.543185830116272,0
225,1208,0.5474379062652588,0
225,668,0.6300596594810486,0
225,1696,0.8554559946060181,0
2554,843,0.5029885172843933,1
2554,836,1.6178901195526123,0
2554,961,0.7613077759742737,0
2554,827,0.4930412173271179,0
2554,305,0.7745143175125122,0
2554,1487,0.9282571077346802,0
2554,413,0.8322849273681641,0
2554,835,0.8065539002418518,0
2554,1394,0.7544787526130676,0
2554,1879,0.8495593070983887,0
2554,1530,0.7903779149055481,0
2554,993,1.0087906122207642,0
2554,1895,0.825373113155365,0
2554,161,0.47240257263183594,0
2554,7,0.8988751769065857,0
2554,976,1.304725170135498,0
2554,612,0.5111880302429199,0
2554,862,0.8078277111053467,0
2554,284,0.8417003750801086,0
2554,237,1.7524195909500122,0
2394,1706,0.519288182258606,1
2394,643,0.9790288209915161,0
2394,335,1.6246336698532104,0
2394,1174,1.0337647199630737,0
2394,570,1.0730135440826416,0
2394,681,1.1862722635269165,0
2394,1931,0.9990203976631165,0
2394,7,1.0526350736618042,0
2394,181,0.9507355093955994,0
2394,1034,1.3897114992141724,0
2394,90,1.4226869344711304,0
2394,248,1.0598887205123901,0
2394,1751,0.6813727617263794,0
2394,1642,1.816709280014038,0
2394,1840,0.5424647331237793,0
2394,519,1.0491983890533447,0
2394,918,1.6176313161849976,0
2394,1777,1.7714471817016602,0
2394,151,2.402494192123413,0
2394,667,1.0265365839004517,0
1918,909,1.008418321609497,1
1918,1772,0.8809048533439636,0
1918,636,1.022180199623108,0
1918,313,0.5123183727264404,0
1918,74,1.635880947113037,0
1918,1541,0.9269810318946838,0
1918,1174,0.9681184887886047,0
1918,785,0.8944812417030334,0
1918,1259,1.2539987564086914,0
1918,79,1.426848292350769,0
1918,1916,0.4855743646621704,0
1918,1793,0.5938055515289307,0
1918,1739,1.403732180595398,0
1918,1642,1.7065811157226562,0
1918,1874,0.850633442401886,0
1918,1226,0.5560179352760315,0
1918,1351,1.24530029296875,0
1918,23,0.6282432079315186,0
1918,252,0.6214941143989563,0
1918,1988,0.5739775896072388,0
2997,1738,0.5128812193870544,1
2997,691,1.0111541748046875,0
2997,1147,1.246612310409546,0
2997,1234,0.9580326080322266,0
2997,936,1.1761691570281982,0
2997,1679,1.0232443809509277,0
2997,1562,0.988368809223175,0
2997,1620,3.131683826446533,0
2997,661,1.8616445064544678,0
2997,391,0.5697132349014282,0
2997,1376,1.0501506328582764,0
2997,1537,0.612147331237793,0
2997,721,0.955292284488678,0
2997,1746,0.9666980504989624,0
2997,130,0.9581482410430908,0
2997,28,0.5999741554260254,0
2997,855,0.4491390585899353,0
2997,1170,1.5382962226867676,0
2997,223,0.9306014180183411,0
2997,1502,0.5079103112220764,0
1448,834,1.2419730424880981,1
1448,1970,0.7805842161178589,0
1448,1592,0.8350685834884644,0
1448,1600,0.7854447364807129,0
1448,363,0.4812415838241577,0
1448,1676,0.7600259780883789,0
1448,1804,0.7206736207008362,0
1448,853,0.711606502532959,0
1448,1113,0.7753925919532776,0
1448,1224,1.607926368713379,0
1448,573,0.8662434816360474,0
1448,2006,0.8598358631134033,0
1448,1351,1.0633727312088013,0
1448,2064,0.7967517971992493,0
1448,1479,0.7454055547714233,0
1448,1862,0.7467461824417114,0
1448,1199,0.38751834630966187,0
1448,596,1.064178228378296,0
1448,1346,0.8353537321090698,0
1448,1617,1.3584628105163574,0
529,649,1.6210464239120483,1
529,552,1.8416844606399536,0
529,1792,1.3951988220214844,0
529,950,0.4465892016887665,0
529,183,0.9651306867599487,0
529,1994,0.9040988683700562,0
529,914,2.036965847015381,0
529,1249,0.4240955412387848,0
529,216,0.9085537195205688,0
529,1236,1.4214212894439697,0
529,1573,1.027082920074463,0
529,1270,1.0283868312835693,0
529,943,0.8859244585037231,0
529,78,1.6674675941467285,0
529,786,0.9451148509979248,0
529,392,0.5490056872367859,0
529,1164,1.4324102401733398,0
529,997,1.025169849395752,0
529,1925,1.0347185134887695,0
529,294,0.5319135189056396,0
1962,971,0.5044437646865845,1
1962,624,2.3290467262268066,0
1962,1867,1.7308319807052612,0
1962,1037,1.0110743045806885,0
1962,1426,0.8363757729530334,0
1962,460,1.000092625617981,0
1962,1295,0.8220205307006836,0
1962,770,0.4200047254562378,0
1962,282,1.309777855873108,0
1962,1288,0.8479148745536804,0
1962,298,0.8797707557678223,0
1962,141,0.8630110025405884,0
1962,416,0.8407397866249084,0
1962,1169,1.1441946029663086,0
1962,1687,0.889172375202179,0
1962,1906,0.5085668563842773,0
1962,1793,0.5244990587234497,0
1962,990,0.4540022909641266,0
1962,342,1.0685368776321411,0
1962,854,0.5504082441329956,0
3127,1740,0.42650365829467773,1
3127,1849,0.9223277568817139,0
3127,1022,0.8717327117919922,0
3127,333,1.014611005783081,0
3127,1998,0.8151096105575562,0
3127,416,0.9060569405555725,0
3127,888,1.4506394863128662,0
3127,1263,1.0053962469100952,0
3127,29,0.4885217249393463,0
3127,1922,0.9986069202423096,0
3127,1687,0.9794983863830566,0
3127,1063,0.5728570818901062,0
3127,550,1.1530929803848267,0
3127,724,0.9319192171096802,0
3127,1379,1.8859022855758667,0
3127,608,1.0725106000900269,0
3127,156,1.0304309129714966,0
3127,103,2.535938262939453,0
3127,1616,0.9339402318000793,0
3127,1769,0.5142571926116943,0
2647,1843,1.7842495441436768,1
2647,409,0.9298381209373474,0
2647,1889,1.001631498336792,0
2647,185,0.860258936882019,0
2647,1788,0.859362781047821,0
2647,1552,0.8897997140884399,0
2647,1528,1.6532721519470215,0
2647,46,0.5966154932975769,0
2647,704,0.979135274887085,0
2647,1605,0.9238839149475098,0
2647,1526,0.9680212140083313,0
2647,1249,0.4233405888080597,0
2647,849,0.9867134094238281,0
2647,1947,0.9319358468055725,0
2647,2044,1.6852842569351196,0
2647,1709,0.9839574694633484,0
2647,1023,1.585176706314087,0
2647,149,2.9620022773742676,0
2647,1314,0.8129235506057739,0
2647,538,1.1385352611541748,0
2431,14,1.2181881666183472,1
2431,132,0.9588272571563721,0
2431,749,0.8432067036628723,0
2431,511,1.956908941268921,0
2431,1511,0.8703482747077942,0
2431,852,0.8978601098060608,0
2431,902,0.5378823280334473,0
2431,820,0.8448458909988403,0
2431,1518,1.630436897277832,0
2431,1596,0.8350212574005127,0
2431,277,1.363149642944336,0
2431,1617,1.576762318611145,0
2431,1276,0.812818169593811,0
2431,621,1.6533147096633911,0
2431,526,0.868739128112793,0
2431,1109,0.9088395237922668,0
2431,1599,0.541032612323761,0
2431,1161,0.5843983888626099,0
2431,1204,0.5314420461654663,0
2431,2080,0.9056158065795898,0
2698,555,0.4948311746120453,1
2698,1417,0.568042516708374,0
2698,775,0.4538104236125946,0
2698,907,1.0836257934570312,0
2698,402,0.953392744064331,0
2698,1426,0.8926522135734558,0
2698,352,0.982369065284729,0
2698,1166,0.9228035807609558,0
2698,247,0.48055583238601685,0
2698,212,1.536283254623413,0
2698,1313,1.6784255504608154,0
2698,818,1.3845986127853394,0
2698,457,0.9353448748588562,0
2698,1461,1.0057872533798218,0
2698,60,1.0187550783157349,0
2698,995,2.4096755981445312,0
2698,249,2.3998916149139404,0
2698,809,0.9624453186988831,0
2698,1634,0.9624789357185364,0
2698,1626,1.0726919174194336,0
940,805,1.8682410717010498,1
940,1139,0.9376832246780396,0
940,1548,1.5057837963104248,0
940,725,0.617041289806366,0
940,1069,0.5715935230255127,0
940,1510,0.8722680807113647,0
940,2052,0.8719955682754517,0
940,297,1.8773783445358276,0
940,149,2.7493748664855957,0
940,54,0.9826536178588867,0
940,1019,1.5235365629196167,0
940,1806,3.0204923152923584,0
940,645,0.817162036895752,0
940,931,0.5400073528289795,0
940,148,1.502636432647705,0
940,587,0.64058917760849,0
940,66,1.0033669471740723,0
940,389,1.0460792779922485,0
940,224,2.433889865875244,0
940,1688,0.6050230264663696,0
157,552,1.9377620220184326,1
157,1599,0.6897501349449158,0
157,278,0.5414790511131287,0
157,591,1.110153079032898,0
157,484,0.6397172808647156,0
157,1651,1.1849466562271118,0
157,1764,1.1358962059020996,0
157,1708,1.3882904052734375,0
157,1420,1.2345514297485352,0
157,48,0.9821400046348572,0
157,1079,1.0468370914459229,0
157,1313,1.6587737798690796,0
157,1319,0.7048464417457581,0
157,2043,0.534426212310791,0
157,352,1.0921984910964966,0
157,573,1.1566057205200195,0
157,608,1.1351348161697388,0
157,865,1.0535216331481934,0
157,1595,1.0359529256820679,0
157,1675,1.0368354320526123,0
3361,265,1.0536640882492065,1
3361,43,0.5741820335388184,0
3361,1707,1.3335249423980713,0
3361,540,1.5863415002822876,0
3361,1546,1.0171890258789062,0
3361,42,0.8274504542350769,0
3361,615,0.5666112899780273,0
3361,1300,0.8386790156364441,0
3361,1327,1.2928889989852905,0
3361,316,1.3416569232940674,0
3361,1478,0.9689373970031738,0
3361,1820,0.9635236263275146,0
3361,1953,1.666697382926941,0
3361,718,0.9535163044929504,0
3361,55,1.7397350072860718,0
3361,1001,0.5690578818321228,0
3361,376,0.5093839168548584,0
3361,277,1.5106704235076904,0
3361,892,0.9775434136390686,0
3361,977,1.4135552644729614,0
655,842,0.8435626029968262,1
655,1427,0.9020731449127197,0
655,572,2.0691287517547607,0
655,1771,0.9490386247634888,0
655,1491,1.093457579612732,0
655,289,0.7686377763748169,0
655,416,0.8033206462860107,0
655,1557,0.863074541091919,0
655,1727,0.9114382863044739,0
655,680,1.870424747467041,0
655,1520,0.3853387236595154,0
655,960,1.6097370386123657,0
655,234,1.0953363180160522,0
655,1223,0.5622841119766235,0
655,1346,0.9473873972892761,0
655,67,1.1529067754745483,0
655,469,1.6457797288894653,0
655,188,1.2940171957015991,0
655,454,0.8224219083786011,0
655,566,0.47248876094818115,0
2688,1191,0.44851744174957275,1
2688,889,0.7666863203048706,0
2688,1729,1.1959655284881592,0
2688,29,0.44922196865081787,0
2688,316,1.239293098449707,0
2688,330,2.292062759399414,0
2688,1391,0.7904835343360901,0
2688,1042,0.699535071849823,0
2688,1266,0.7193187475204468,0
2688,1117,0.8725946545600891,0
2688,2077,0.7979227900505066,0
2688,82,0.8093922138214111,0
2688,1358,0.8492743372917175,0
2688,1725,1.2435853481292725,0
2688,1147,1.1381114721298218,0
2688,1445,2.4248578548431396,0
2688,1368,0.4480542540550232,0
2688,593,0.48897409439086914,0
2688,369,2.1240382194519043,0
2688,376,0.3650994598865509,0
400,483,2.417879581451416,1
400,130,1.0111751556396484,0
400,19,0.4773390293121338,0
400,334,0.8966760635375977,0
400,1881,1.3287460803985596,0
400,1657,1.0977922677993774,0
400,1791,0.5771183371543884,0
400,910,1.1156456470489502,0
400,197,1.0480364561080933,0
400,1876,3.9856691360473633,0
400,2015,0.6421605348587036,0
400,1676,0.9387050271034241,0
400,670,1.0523825883865356,0
400,211,1.111452341079712,0
400,1677,0.5802761316299438,0
400,2052,0.9348835945129395,0
400,1123,1.9600549936294556,0
400,2040,1.55150306224823,0
400,1518,1.7716150283813477,0
400,1684,1.0321056842803955,0
3022,649,1.5209500789642334,1
3022,1465,0.8792634606361389,0
3022,258,1.5950497388839722,0
3022,444,0.9950608015060425,0
3022,523,1.2791309356689453,0
3022,860,0.9257638454437256,0
3022,1192,0.9803314805030823,0
3022,1321,0.8368971943855286,0
3022,1332,1.3401083946228027,0
3022,1006,1.8975476026535034,0
3022,3,0.9695110321044922,0
3022,1023,1.504310131072998,0
3022,520,0.7630454897880554,0
3022,801,1.9698028564453125,0
3022,1934,0.9277116060256958,0
3022,581,0.9733407497406006,0
3022,1363,0.9704274535179138,0
3022,1419,0.8486919403076172,0
3022,709,0.9107534289360046,0
3022,1800,0.8268389701843262,0
3596,799,0.9770644307136536,1
3596,1082,1.8799948692321777,0
3596,228,0.9241905212402344,0
3596,1964,1.0807623863220215,0
3596,1656,0.6628564596176147,0
3596,915,1.439525842666626,0
3596,364,1.3203001022338867,0
3596,1946,1.687766671180725,0
3596,184,0.8993362188339233,0
3596,428,0.9701775908470154,0
3596,26,1.2417528629302979,0
3596,1267,1.172446846961975,0
3596,1824,0.5920677185058594,0
3596,417,1.9377505779266357,0
3596,345,5.171732425689697,0
3596,1020,1.5599100589752197,0
3596,1325,1.1720088720321655,0
3596,167,0.9452851414680481,0
3596,1019,1.7623040676116943,0
3596,583,1.0405536890029907,0
3775,1422,0.4427492618560791,1
3775,1465,0.8844398856163025,0
3775,179,1.3113045692443848,0
3775,752,0.8917208313941956,0
3775,1424,0.9242714643478394,0
3775,1431,0.8814612030982971,0
3775,951,0.4522686004638672,0
3775,1233,0.530093789100647,0
3775,699,2.755182981491089,0
3775,137,0.8812220692634583,0
3775,1709,0.9799047708511353,0
3775,1176,0.5560636520385742,0
3775,195,1.0850768089294434,0
3775,361,1.0807998180389404,0
3775,615,0.4979982078075409,0
3775,1814,0.9908061623573303,0
3775,621,1.8060922622680664,0
3775,386,0.5032980442047119,0
3775,487,0.8367483615875244,0
3775,472,1.3983629941940308,0
3510,479,1.0208773612976074,1
3510,35,0.9037191867828369,0
3510,1062,0.9899371266365051,0
3510,1444,0.905544638633728,0
3510,1993,0.588462233543396,0
3510,1729,1.1334054470062256,0
3510,1134,1.316469669342041,0
3510,1976,1.3152250051498413,0
3510,2050,1.4168411493301392,0
3510,466,0.9284095168113708,0
3510,1435,1.0786837339401245,0
3510,579,1.6510462760925293,0
3510,1634,0.990883469581604,0
3510,281,0.6310954093933105,0
3510,2023,1.052687406539917,0
3510,1749,0.9043287038803101,0
3510,829,1.0364443063735962,0
3510,443,0.9841611981391907,0
3510,1283,0.6385058760643005,0
3510,789,2.2334017753601074,0
1891,314,0.5134156942367554,1
1891,1145,0.9280561804771423,0
1891,1248,1.1455843448638916,0
1891,196,0.5223414301872253,0
1891,1458,0.994990348815918,0
1891,971,0.4803984761238098,0
1891,1906,0.5072286128997803,0
1891,909,0.9344995617866516,0
1891,14,1.2199701070785522,0
1891,313,0.42882633209228516,0
1891,289,0.8021868467330933,0
1891,699,2.469836711883545,0
1891,1958,0.998552680015564,0
1891,2032,0.8370696902275085,0
1891,2020,0.9451310038566589,0
1891,993,1.039416790008545,0
1891,1402,0.8501090407371521,0
1891,602,0.7926679253578186,0
1891,742,0.7525101900100708,0
1891,775,0.4246314465999603,0
2336,1455,0.9013668298721313,1
2336,850,1.770479679107666,0
2336,2000,1.3554069995880127,0
2336,922,0.9133797883987427,0
2336,1137,1.9747124910354614,0
2336,1836,1.4706251621246338,0
2336,347,0.49957048892974854,0
2336,1205,1.3298702239990234,0
2336,487,0.8791587352752686,0
2336,698,0.9896810054779053,0
2336,1868,1.7960350513458252,0
2336,1689,2.319525718688965,0
2336,1224,1.9009712934494019,0
2336,897,0.6241000890731812,0
2336,516,0.9758763909339905,0
2336,625,0.9444308876991272,0
2336,1,1.1792917251586914,0
2336,252,0.6034239530563354,0
2336,925,0.5067256093025208,0
2336,95,0.8997106552124023,0
2674,492,0.5516104102134705,1
2674,1638,0.9146928191184998,0
2674,1706,0.4887358844280243,0
2674,1284,0.7764815092086792,0
2674,719,2.0459330081939697,0
2674,912,0.8175563216209412,0
2674,307,1.0771424770355225,0
2674,1992,0.9082742929458618,0
2674,543,0.48382115364074707,0
2674,997,1.0196930170059204,0
2674,1395,0.8664280772209167,0
2674,498,0.9223780632019043,0
2674,649,1.5737252235412598,0
2674,1360,0.9691643714904785,0
2674,1276,0.8701972961425781,0
2674,1228,0.9906262159347534,0
2674,1344,1.1109158992767334,0
2674,406,0.9018454551696777,0
2674,1979,0.9891057014465332,0
2674,1209,0.8796132206916809,0
307,959,1.493320107460022,1
307,1255,1.540108561515808,0
307,913,1.921416997909546,0
307,373,1.2994309663772583,0
307,801,2.1212551593780518,0
307,1484,0.5176462531089783,0
307,1407,1.3310503959655762,0
307,125,0.7435715794563293,0
307,1370,1.5923539400100708,0
307,2010,0.5528048276901245,0
307,2067,0.9462569952011108,0
307,123,1.7115826606750488,0
307,2,0.5714925527572632,0
307,547,0.642012357711792,0
307,828,1.1267821788787842,0
307,451,1.3969144821166992,0
307,119,0.6712843179702759,0
307,653,0.5545308589935303,0
307,523,1.447587251663208,0
307,561,0.645368218421936,0
1172,313,0.45532602071762085,1
1172,1335,0.9359424710273743,0
1172,2006,1.0877103805541992,0
1172,1965,1.4951075315475464,0
1172,1624,0.46349582076072693,0
1172,648,1.5116698741912842,0
1172,1264,1.0423245429992676,0
1172,1678,1.0694005489349365,0
1172,1488,0.49080967903137207,0
1172,1507,2.2976415157318115,0
1172,338,0.8601855635643005,0
1172,956,1.584071397781372,0
1172,1575,0.9467592239379883,0
1172,1775,0.48411744832992554,0
1172,869,0.884112536907196,0
1172,170,1.0878897905349731,0
1172,1584,0.994617760181427,0
1172,1270,0.9894980788230896,0
1172,1418,0.9499812126159668,0
1172,687,1.9611438512802124,0
408,1773,0.9307211637496948,1
408,1143,0.554916262626648,0
408,1367,0.6304865479469299,0
408,337,1.4468088150024414,0
408,227,0.4842100143432617,0
408,103,2.0553183555603027,0
408,1421,0.9303674697875977,0
408,55,1.6614404916763306,0
408,1097,1.006886601448059,0
408,1247,0.7291585206985474,0
408,1080,0.9752784967422485,0
408,553,0.9492871165275574,0
408,1358,0.9209649562835693,0
408,619,0.9126706123352051,0
408,1295,0.867180585861206,0
408,1520,0.455554723739624,0
408,1694,1.8590612411499023,0
408,516,0.9594926238059998,0
408,817,0.6105066537857056,0
408,1956,1.0476293563842773,0
1947,1850,0.9880512952804565,1
1947,883,1.6847211122512817,0
1947,28,0.5963184237480164,0
1947,1324,0.48505425453186035,0
1947,1748,0.942756712436676,0
1947,492,0.5657542943954468,0
1947,1986,3.343891143798828,0
1947,710,0.8666769862174988,0
1947,720,1.314680814743042,0
1947,142,0.7387531995773315,0
1947,1642,1.653350591659546,0
1947,1894,1.2231535911560059,0
1947,1581,0.7681310176849365,0
1947,993,1.0466386079788208,0
1947,1577,1.050082802772522,0
1947,973,0.9973079562187195,0
1947,1957,0.9937444925308228,0
1947,836,1.6426259279251099,0
1947,1173,1.1744924783706665,0
1947,1600,0.8883247971534729,0
842,297,1.9073901176452637,1
842,1654,1.6392709016799927,0
842,1151,0.8997704982757568,0
842,251,0.4892447590827942,0
842,835,0.8571934103965759,0
842,432,0.8619500398635864,0
842,8,0.9489107131958008,0
842,1908,0.5408414602279663,0
842,1408,0.8659394383430481,0
842,292,0.5582603216171265,0
842,1697,0.8343271613121033,0
842,581,1.024773359298706,0
842,327,0.5782297849655151,0
842,1796,1.2334884405136108,0
842,1770,1.0718176364898682,0
842,1165,0.8771752119064331,0
842,364,1.2498888969421387,0
842,1525,1.821745753288269,0
842,1744,1.3051191568374634,0
842,1473,3.843679666519165,0
216,1715,1.248949646949768,1
216,960,1.55648934841156,0
216,955,0.9612945318222046,0
216,1081,0.4965251684188843,0
216,981,0.8330358862876892,0
216,1583,0.9933122992515564,0
216,1771,0.9158304333686829,0
216,178,0.5215884447097778,0
216,1080,0.9269219040870667,0
216,367,0.9533757567405701,0
216,2023,0.837602972984314,0
216,1426,0.7861305475234985,0
216,264,0.48893365263938904,0
216,1874,0.7570633888244629,0
216,1860,1.6802809238433838,0
216,651,1.3844295740127563,0
216,14,1.1231651306152344,0
216,1543,0.8373397588729858,0
216,1108,0.9499102234840393,0
216,327,0.5534704923629761,0
3071,1648,0.5005568265914917,1
3071,614,0.8759271502494812,0
3071,2010,0.5694806575775146,0
3071,176,1.8930879831314087,0
3071,1915,0.9685013294219971,0
3071,415,0.9182142615318298,0
3071,1997,0.8666810393333435,0
3071,206,0.9932003617286682,0
3071,406,0.9315807819366455,0
3071,1031,0.848334014415741,0
3071,2026,1.173025369644165,0
3071,2043,0.47603490948677063,0
3071,1772,0.9027779698371887,0
3071,389,1.080106258392334,0
3071,269,0.9953659176826477,0
3071,10,2.3195464611053467,0
3071,1889,0.9887003898620605,0
3071,876,1.0342559814453125,0
3071,400,0.472947895526886,0
3071,1590,1.0567103624343872,0
3014,14,1.2251437902450562,1
3014,1861,0.7690961360931396,0
3014,1924,0.43613389134407043,0
3014,1555,0.7543497681617737,0
3014,153,1.7334010601043701,0
3014,1175,0.8511442542076111,0
3014,386,0.46410059928894043,0
3014,1287,0.8013739585876465,0
3014,274,0.8115832805633545,0
3014,119,0.5480573177337646,0
3014,1074,1.039206624031067,0
3014,595,1.8288540840148926,0
3014,1611,0.47620701789855957,0
3014,1301,0.7521899938583374,0
3014,1892,0.489137202501297,0
3014,1914,1.22701895236969,0
3014,90,1.2292723655700684,0
3014,788,0.8223843574523926,0
3014,936,1.1479504108428955,0
3014,780,1.1820096969604492,0
2692,999,0.5219089984893799,1
2692,608,0.936058521270752,0
2692,28,0.5517234802246094,0
2692,191,1.086328148841858,0
2692,645,0.7952829003334045,0
2692,1901,1.3848037719726562,0
2692,1508,1.3026747703552246,0
2692,1562,0.9566642642021179,0
2692,1982,0.9445174932479858,0
2692,1247,0.690904438495636,0
2692,1406,0.4592152237892151,0
2692,1985,1.182511806488037,0
2692,22,0.7684599757194519,0
2692,1606,0.4684619605541229,0
2692,921,1.6948745250701904,0
2692,1590,1.0336533784866333,0
2692,302,0.9634803533554077,0
2692,928,1.0823270082473755,0
2692,431,1.2560173273086548,0
2692,1107,1.5462431907653809,0
321,636,0.9234132766723633,1
321,1983,1.3425965309143066,0
321,1109,0.9083345532417297,0
321,1718,0.9487345218658447,0
321,1420,0.9519706964492798,0
321,846,0.9577863812446594,0
321,508,1.8552682399749756,0
321,1010,0.9217936396598816,0
321,925,0.5096292495727539,0
321,412,0.5820315480232239,0
321,1896,0.9083065986633301,0
321,499,0.9208272099494934,0
321,1404,0.7189766764640808,0
321,1039,0.8376264572143555,0
321,139,1.6351419687271118,0
321,1821,0.9148737788200378,0
321,1036,0.8671319484710693,0
321,1711,0.6382570266723633,0
321,1783,1.123299241065979,0
321,803,1.5333278179168701,0
3242,501,1.334397792816162,1
3242,919,1.4846357107162476,0
3242,2054,0.8617714047431946,0
3242,6,0.656065821647644,0
3242,492,0.607666015625,0
3242,398,1.5869765281677246,0
3242,1198,1.2971117496490479,0
3242,337,1.403898000717163,0
3242,1882,0.5549343824386597,0
3242,402,0.9363695383071899,0
3242,64,1.0251365900039673,0
3242,896,0.9347838759422302,0
3242,382,0.6685203313827515,0
3242,1621,0.5032293796539307,0
3242,1027,0.9957813620567322,0
3242,1425,0.9161550998687744,0
3242,705,0.5210275650024414,0
3242,575,0.9768440127372742,0
3242,1487,1.040452480316162,0
3242,244,0.9819366931915283,0
2212,563,0.5887314081192017,1
2212,1139,0.9712013602256775,0
2212,781,0.8945039510726929,0
2212,730,0.8940200805664062,0
2212,1889,0.9874536395072937,0
2212,293,0.9766558408737183,0
2212,57,1.0192286968231201,0
2212,2057,0.9702160358428955,0
2212,908,0.9496369957923889,0
2212,141,0.8879707455635071,0
2212,186,1.479238510131836,0
2212,1625,0.6746021509170532,0
2212,1593,0.9494916796684265,0
2212,2066,0.9028594493865967,0
2212,1819,0.9524733424186707,0
2212,772,0.6036655306816101,0
2212,115,0.8017117381095886,0
2212,1420,1.089186429977417,0
2212,770,0.4750291407108307,0
2212,1369,1.226415991783142,0
3879,392,0.4661847949028015,1
3879,509,0.5525857210159302,0
3879,1091,0.8782402873039246,0
3879,878,0.5539880394935608,0
3879,1274,0.8827179670333862,0
3879,523,1.1758184432983398,0
3879,1935,0.9254751205444336,0
3879,992,1.1371526718139648,0
3879,469,1.6489540338516235,0
3879,1478,0.8490327596664429,0
3879,618,0.8662282824516296,0
3879,761,0.8263328075408936,0
3879,708,0.7771745324134827,0
3879,110,0.3910062313079834,0
3879,1970,0.9237495064735413,0
3879,309,0.8639826774597168,0
3879,693,0.949496328830719,0
3879,922,0.8282687067985535,0
3879,1354,0.8521876931190491,0
3879,297,1.8756413459777832,0
1527,1914,1.3864829540252686,1
1527,1682,1.0025534629821777,0
1527,1483,0.9691958427429199,0
1527,256,1.9465534687042236,0
1527,1046,0.8678876757621765,0
1527,915,1.3778918981552124,0
1527,977,1.446081280708313,0
1527,87,0.532837986946106,0
1527,418,0.9122502207756042,0
1527,1742,1.0416626930236816,0
1527,788,0.8823360800743103,0
1527,1410,1.016158103942871,0
1527,400,0.4215872883796692,0
1527,504,1.3542979955673218,0
1527,1236,1.4112941026687622,0
1527,1571,1.1715835332870483,0
1527,1974,1.042584776878357,0
1527,1146,0.9797360897064209,0
1527,648,1.407896876335144,0
1527,532,0.8962329030036926,0
841,1612,0.9265589118003845,1
841,68,0.908964991569519,0
841,1773,1.0516411066055298,0
841,1791,0.6014805436134338,0
841,975,0.588709831237793,0
841,1374,0.6145861148834229,0
841,84,1.1123714447021484,0
841,1304,0.9907844662666321,0
841,1158,1.0598410367965698,0
841,6,0.5941874384880066,0
841,383,1.0165921449661255,0
841,1401,0.9733572006225586,0
841,961,0.8682212829589844,0
841,916,1.0180045366287231,0
841,443,1.0192474126815796,0
841,427,2.019373893737793,0
841,174,0.9349914789199829,0
841,136,0.93975830078125,0
841,1945,0.4775981307029724,0
841,832,0.626455545425415,0
3642,1643,2.4969635009765625,1
3642,1261,0.9387107491493225,0
3642,1789,0.794359028339386,0
3642,585,0.8995940685272217,0
3642,1713,1.7196449041366577,0
3642,2000,1.2847626209259033,0
3642,840,1.0235726833343506,0
3642,1288,0.9125367999076843,0
3642,1646,0.9237346649169922,0
3642,1446,0.9328261613845825,0
3642,59,1.325738787651062,0
3642,1983,1.433479905128479,0
3642,353,1.1225295066833496,0
3642,1816,0.5526316165924072,0
3642,462,1.3224549293518066,0
3642,798,1.32271409034729,0
3642,1000,1.5196596384048462,0
3642,836,1.6883172988891602,0
3642,646,0.6055121421813965,0
3642,7,1.006887674331665,0
469,1273,1.7219520807266235,1
469,1392,1.483106255531311,0
469,1192,1.0066827535629272,0
469,982,0.521342933177948,0
469,2021,1.1280713081359863,0
469,959,1.3031105995178223,0
469,29,0.508541464805603,0
469,908,0.8792404532432556,0
469,1051,0.8691869378089905,0
469,386,0.532636284828186,0
469,136,0.8415892720222473,0
469,732,0.644829511642456,0
469,1778,0.7363016605377197,0
469,764,0.8775808811187744,0
469,663,0.8801040053367615,0
469,961,0.8462962508201599,0
469,838,1.3896950483322144,0
469,1048,1.6390942335128784,0
469,60,0.9397976994514465,0
469,1476,1.4132620096206665,0
752,122,1.59539794921875,1
752,694,0.5833442211151123,0
752,494,0.8708879947662354,0
752,491,0.6172612905502319,0
752,1827,0.4479517638683319,0
752,6,0.5275918841362,0
752,1164,1.2932945489883423,0
752,1736,0.8288050293922424,0
752,1328,0.8179283738136292,0
752,937,0.3876986503601074,0
752,1072,0.8636521697044373,0
752,1008,0.7406534552574158,0
752,1219,1.034726619720459,0
752,425,0.4439965486526489,0
752,1785,0.7963209748268127,0
752,1204,0.5296794772148132,0
752,1583,0.9402835369110107,0
752,722,0.8666839003562927,0
752,1892,0.506481409072876,0
752,65,0.8702057003974915,0
2159,1379,1.5812898874282837,1
2159,1098,0.7980407476425171,0
2159,156,0.9160263538360596,0
2159,2051,1.6757338047027588,0
2159,1899,0.9212545156478882,0
2159,1982,0.9108750820159912,0
2159,321,0.8561081290245056,0
2159,1890,0.777160108089447,0
2159,926,0.9378341436386108,0
2159,778,2.209085702896118,0
2159,1060,1.3084760904312134,0
2159,1562,0.9588700532913208,0
2159,1185,0.9810693264007568,0
2159,217,0.9177124500274658,0
2159,1928,1.2924004793167114,0
2159,16,0.4913374185562134,0
2159,1956,0.9794729948043823,0
2159,326,0.5813117027282715,0
2159,999,0.49982500076293945,0
2159,555,0.4914495348930359,0
653,1349,0.9220776557922363,1
653,1491,1.028488278388977,0
653,381,0.993567943572998,0
653,356,0.514937698841095,0
653,1981,1.446785569190979,0
653,1893,0.8648545742034912,0
653,1956,0.9890056848526001,0
653,940,0.9144583940505981,0
653,66,0.96189945936203,0
653,915,1.2315267324447632,0
653,1054,0.8624022603034973,0
653,811,0.9828302264213562,0
653,107,0.9563787579536438,0
653,735,0.8804666996002197,0
653,584,0.9919924736022949,0
653,318,0.8553788661956787,0
653,1017,0.9509053230285645,0
653,989,1.8630601167678833,0
653,1979,0.9478542804718018,0
653,47,0.9898591041564941,0
3497,1374,0.6063902378082275,1
3497,47,1.054416298866272,0
3497,1764,0.9830666780471802,0
3497,1382,0.8641711473464966,0
3497,370,0.7913187742233276,0
3497,339,0.9168542623519897,0
3497,1157,1.9099785089492798,0
3497,1758,0.4781706929206848,0
3497,359,0.8539318442344666,0
3497,1633,1.0395243167877197,0
3497,861,1.89645516872406,0
3497,1892,0.5541383624076843,0
3497,1621,0.4660150408744812,0
3497,782,1.0809032917022705,0
3497,1624,0.47412508726119995,0
3497,2039,1.2247387170791626,0
3497,1491,1.061515212059021,0
3497,1405,1.8970344066619873,0
3497,1050,1.375427007675171,0
3497,1477,0.5070403814315796,0
1573,751,0.5256181359291077,1
1573,558,0.5344641804695129,0
1573,51,0.5130205154418945,0
1573,497,0.8948184847831726,0
1573,1992,0.8959751129150391,0
1573,356,0.5135596990585327,0
1573,1448,0.6461806297302246,0
1573,1476,1.301124930381775,0
1573,525,0.8777511119842529,0
1573,1976,1.2643448114395142,0
1573,1161,0.6134001016616821,0
1573,1202,0.9172618389129639,0
1573,506,1.015972375869751,0
1573,1277,1.2549724578857422,0
1573,450,0.5219635963439941,0
1573,897,0.5850744247436523,0
1573,2046,0.8077242374420166,0
1573,1034,1.2259306907653809,0
1573,1585,0.5439330339431763,0
1573,904,0.8132869005203247,0
995,459,0.39556118845939636,1
995,164,0.8207110166549683,0
995,129,0.5874693393707275,0
995,1324,0.4503975212574005,0
995,1677,0.5270191431045532,0
995,581,0.9323893189430237,0
995,425,0.46268361806869507,0
995,938,1.1337352991104126,0
995,1747,0.4642767310142517,0
995,1071,0.8114982843399048,0
995,1935,0.9290528297424316,0
995,1861,0.7955672144889832,0
995,275,0.4832438826560974,0
995,281,0.533466100692749,0
995,103,1.9873920679092407,0
995,1855,0.9714785218238831,0
995,27,0.8141036629676819,0
995,1038,0.8727893233299255,0
995,1842,1.2403813600540161,0
995,221,0.8030188679695129,0
1465,1211,1.1577194929122925,1
1465,888,1.4480081796646118,0
1465,703,0.9172993898391724,0
1465,483,2.189797878265381,0
1465,1225,0.6608155965805054,0
1465,819,1.0589929819107056,0
1465,1037,1.1776279211044312,0
1465,1651,1.1516801118850708,0
1465,244,1.0566277503967285,0
1465,1826,1.064437985420227,0
1465,1424,1.0341242551803589,0
1465,1358,1.0018677711486816,0
1465,1548,1.7631816864013672,0
1465,947,1.0202027559280396,0
1465,1135,1.1025147438049316,0
1465,1076,1.4219709634780884,0
1465,1305,0.5612764358520508,0
1465,65,1.1042145490646362,0
1465,2044,1.7510274648666382,0
1465,83,1.1631370782852173,0
2933,1104,2.07624888420105,1
2933,889,0.9127896428108215,0
2933,529,2.0674664974212646,0
2933,936,1.280232310295105,0
2933,271,1.9583336114883423,0
2933,753,0.9449185132980347,0
2933,911,1.021251916885376,0
2933,904,0.8667100667953491,0
2933,2029,0.9820298552513123,0
2933,613,1.7184703350067139,0
2933,1234,1.0512336492538452,0
2933,2038,2.6467881202697754,0
2933,148,1.6350460052490234,0
2933,1856,0.845354437828064,0
2933,2005,1.1300081014633179,0
2933,1225,0.6086284518241882,0
2933,1736,0.9798683524131775,0
2933,1236,1.4356651306152344,0
2933,220,1.046911597251892,0
2933,227,0.48098450899124146,0
1931,157,1.0123775005340576,1
1931,2024,0.8763744235038757,0
1931,1156,0.9269319772720337,0
1931,888,1.2551175355911255,0
1931,588,0.6517336964607239,0
1931,869,0.8899333477020264,0
1931,499,1.0228065252304077,0
1931,183,0.9695558547973633,0
1931,1390,0.863193690776825,0
1931,1273,1.6916459798812866,0
1931,644,0.5624251961708069,0
1931,367,1.0248750448226929,0
1931,1463,1.474191665649414,0
1931,742,0.856198787689209,0
1931,1366,0.9166335463523865,0
1931,1300,0.8240933418273926,0
1931,1897,0.9450211524963379,0
1931,1984,0.983681321144104,0
1931,1321,0.8896468877792358,0
1931,744,0.9067063331604004,0
1399,1278,3.535456418991089,1
1399,2056,0.565492570400238,0
1399,256,1.7608791589736938,0
1399,970,0.9266440868377686,0
1399,200,0.9967955350875854,0
1399,821,0.5279300212860107,0
1399,694,0.6949499845504761,0
1399,642,0.9486375451087952,0
1399,870,0.6448931694030762,0
1399,631,0.5373522639274597,0
1399,1020,1.4903807640075684,0
1399,968,1.179972767829895,0
1399,1180,1.4507181644439697,0
1399,508,1.9195914268493652,0
1399,135,0.8129257559776306,0
1399,2003,0.5821536779403687,0
1399,1053,1.5650622844696045,0
1399,1159,1.3154082298278809,0
1399,282,1.3373029232025146,0
1399,520,0.7972472310066223,0
3989,1588,0.6028662919998169,1
3989,775,0.440705269575119,0
3989,606,0.9609947204589844,0
3989,2014,0.5369765162467957,0
3989,1923,1.2984026670455933,0
3989,1750,0.8298867344856262,0
3989,1299,0.8339618444442749,0
3989,1804,0.8263471722602844,0
3989,311,1.2857800722122192,0
3989,1150,1.751173973083496,0
3989,232,0.5253728628158569,0
3989,1971,1.9195916652679443,0
3989,1922,0.8112397193908691,0
3989,1237,0.5335930585861206,0
3989,735,0.8530791401863098,0
3989,233,0.9393714070320129,0
3989,1880,0.9628018140792847,0
3989,887,0.9870642423629761,0
3989,1331,0.6542503237724304,0
3989,394,0.9823763966560364,0
593,1310,1.715414047241211,1
593,1182,1.2966430187225342,0
593,1103,0.5693739652633667,0
593,962,2.2434937953948975,0
593,96,1.03721284866333,0
593,184,0.8141677379608154,0
593,854,0.5823966860771179,0
593,1360,0.9373572468757629,0
593,71,1.6549782752990723,0
593,1949,1.3671438694000244,0
593,971,0.5098679065704346,0
593,442,0.47165700793266296,0
593,372,0.4207374155521393,0
593,1662,0.9119549989700317,0
593,261,0.9126984477043152,0
593,1689,2.0992588996887207,0
593,613,1.4492982625961304,0
593,1379,1.5770316123962402,0
593,792,1.4078330993652344,0
593,2036,2.0328166484832764,0
91,2060,1.45461106300354,1
91,1618,0.9663313031196594,0
91,1143,0.6105174422264099,0
91,75,0.4663817584514618,0
91,1475,0.8723322153091431,0
91,1428,0.967547595500946,0
91,64,1.072335124015808,0
91,985,1.3143954277038574,0
91,1584,1.0448112487792969,0
91,1568,0.5606964826583862,0
91,1561,1.777478814125061,0
91,1650,1.4340484142303467,0
91,331,0.6085782051086426,0
91,943,0.9055339694023132,0
91,2046,0.9196963906288147,0
91,441,1.0470856428146362,0
91,412,0.6370593309402466,0
91,816,1.3030132055282593,0
91,1893,0.9500428438186646,0
91,186,1.5931686162948608,0
1987,1694,1.8232038021087646,1
1987,1089,0.9684798717498779,0
1987,86,1.252764344215393,0
1987,512,0.7760570049285889,0
1987,970,0.9176833033561707,0
1987,1575,0.8129957318305969,0
1987,189,0.7801454663276672,0
1987,1392,1.5534443855285645,0
1987,1768,0.4221838414669037,0
1987,1118,0.5595008134841919,0
1987,422,0.8055360317230225,0
1987,281,0.4946439564228058,0
1987,1692,0.8320326209068298,0
1987,397,0.8893905282020569,0
1987,1909,0.8667511343955994,0
1987,63,0.8016782999038696,0
1987,607,0.8897160887718201,0
1987,1327,1.203940510749817,0
1987,1481,0.8120785355567932,0
1987,1916,0.39213982224464417,0
1216,468,0.8789883255958557,1
1216,1448,0.6507058143615723,0
1216,1742,1.009898066520691,0
1216,1484,0.46830952167510986,0
1216,1503,0.6223829388618469,0
1216,251,0.4703914523124695,0
1216,1460,0.8781730532646179,0
1216,1071,0.8965602517127991,0
1216,1749,0.8423171639442444,0
1216,296,0.5366631150245667,0
1216,545,1.0453050136566162,0
1216,859,0.95216304063797,0
1216,888,1.4184099435806274,0
1216,193,1.5660929679870605,0
1216,831,2.036245822906494,0
1216,38,0.5787934064865112,0
1216,693,0.9899681806564331,0
1216,1124,3.124450206756592,0
1216,1042,0.8425314426422119,0
1216,1939,1.022936224937439,0
2562,1443,0.8971506357192993,1
2562,1202,0.7941868901252747,0
2562,494,0.8197059035301208,0
2562,323,0.8976249098777771,0
2562,326,0.4799044132232666,0
2562,1587,0.4096360504627228,0
2562,1034,1.0945870876312256,0
2562,16,0.43385493755340576,0
2562,1807,0.8531317710876465,0
2562,895,0.8002164959907532,0
2562,1287,0.7821964025497437,0
2562,1447,1.4983201026916504,0
2562,675,0.8024115562438965,0
2562,628,1.6682392358779907,0
2562,728,0.754596471786499,0
2562,1304,0.8168554902076721,0
2562,2036,1.8436484336853027,0
2562,599,0.7582697868347168,0
2562,595,1.6569218635559082,0
2562,1619,0.4523880183696747,0
2861,1224,2.09051775932312,1
2861,1078,1.1970244646072388,0
2861,3,1.1787583827972412,0
2861,773,0.9524878263473511,0
2861,898,0.8977360725402832,0
2861,1370,1.567071795463562,0
2861,589,0.5435694456100464,0
2861,1977,1.0709028244018555,0
2861,867,1.1642745733261108,0
2861,1911,1.348402738571167,0
2861,1408,1.0145829916000366,0
2861,415,1.0319312810897827,0
2861,1277,1.47892427444458,0
2861,1503,0.71952223777771,0
2861,648,1.5340288877487183,0
2861,307,1.2622852325439453,0
2861,579,1.8413147926330566,0
2861,1070,0.9974607229232788,0
2861,729,0.611974835395813,0
2861,892,1.0651752948760986,0
3209,727,0.4563349485397339,1
3209,1869,0.9546335339546204,0
3209,641,0.9290614724159241,0
3209,1159,1.3357652425765991,0
3209,834,1.4470590353012085,0
3209,1088,1.5605602264404297,0
3209,431,1.332797646522522,0
3209,555,0.48591893911361694,0
3209,764,0.9211986660957336,0
3209,738,1.0189398527145386,0
3209,775,0.4629404544830322,0
3209,728,0.8783619403839111,0
3209,1924,0.4855528473854065,0
3209,1896,1.0502322912216187,0
3209,1555,0.8139348030090332,0
3209,1669,1.645429015159607,0
3209,554,0.5831056833267212,0
3209,1843,1.7765326499938965,0
3209,1806,3.367384672164917,0
3209,936,1.2367857694625854,0
1936,82,0.8039789795875549,1
1936,211,0.9297946691513062,0
1936,1814,0.8874983191490173,0
1936,3,0.9080129861831665,0
1936,348,0.9470857381820679,0
1936,648,1.2703595161437988,0
1936,167,0.8260153532028198,0
1936,133,0.47397691011428833,0
1936,198,0.8190560340881348,0
1936,1759,0.8363915681838989,0
1936,1922,0.8126906752586365,0
1936,1566,0.889164924621582,0
1936,1363,0.9021552801132202,0
1936,442,0.4032107889652252,0
1936,750,0.759240984916687,0
1936,831,1.874868631362915,0
1936,1199,0.41207605600357056,0
1936,1744,1.3735913038253784,0
1936,1826,0.8189756870269775,0
1936,152,1.1370739936828613,0
3977,685,1.0176552534103394,1
3977,1425,0.8820225596427917,0
3977,439,2.4208602905273438,0
3977,1538,1.0301192998886108,0
3977,1306,0.9869961738586426,0
3977,849,0.8966780304908752,0
3977,1434,1.90967857837677,0
3977,1643,2.3792316913604736,0
3977,1741,0.7946301102638245,0
3977,1308,0.502604603767395,0
3977,1270,0.9558641910552979,0
3977,817,0.5394172072410583,0
3977,1299,0.8307496309280396,0
3977,514,1.084900975227356,0
3977,545,1.0349115133285522,0
3977,919,1.5619367361068726,0
3977,1560,0.5425335168838501,0
3977,494,0.9601873159408569,0
3977,645,0.8451171517372131,0
3977,248,0.9816436171531677,0
3709,1832,1.7278735637664795,1
3709,1916,0.46138209104537964,0
3709,568,1.0214591026306152,0
3709,1304,1.0226444005966187,0
3709,1872,0.6227614879608154,0
3709,1564,2.099318742752075,0
3709,724,0.9237489104270935,0
3709,165,1.0540508031845093,0
3709,422,0.9433239102363586,0
3709,1231,1.6649055480957031,0
3709,158,0.8894200921058655,0
3709,1341,1.585937738418579,0
3709,413,0.963171124458313,0
3709,431,1.3864972591400146,0
3709,1754,0.6253156661987305,0
3709,89,0.5154252052307129,0
3709,652,1.4956368207931519,0
3709,1100,0.4994432330131531,0
3709,809,1.0050346851348877,0
3709,1949,1.5115718841552734,0
3488,461,1.2914422750473022,1
3488,1811,0.9700939655303955,0
3488,1473,4.101476669311523,0
3488,1205,1.2217328548431396,0
3488,641,0.8697744011878967,0
3488,1514,0.8900790214538574,0
3488,1328,0.8302273154258728,0
3488,1119,1.3355308771133423,0
3488,1726,0.7703507542610168,0
3488,255,0.8131488561630249,0
3488,1490,0.8967218995094299,0
3488,1870,0.8159610033035278,0
3488,877,0.8393411636352539,0
3488,738,0.929204523563385,0
3488,1228,0.9118233323097229,0
3488,1161,0.5651214122772217,0
3488,123,1.4266694784164429,0
3488,1812,0.8583955764770508,0
3488,1658,3.6213982105255127,0
3488,37,0.5733988285064697,0
1776,1132,1.4209426641464233,1
1776,390,0.5621753334999084,0
1776,379,0.5610257983207703,0
1776,218,1.2105293273925781,0
1776,1235,0.8102893829345703,0
1776,1599,0.5874911546707153,0
1776,1728,1.7026749849319458,0
1776,164,0.9148722887039185,0
1776,1811,1.0018442869186401,0
1776,757,0.8733831644058228,0
1776,5,0.5236814618110657,0
1776,93,0.8421084880828857,0
1776,1330,0.5396581888198853,0
1776,1428,0.9180063605308533,0
1776,191,1.1129008531570435,0
1776,942,1.3811384439468384,0
1776,708,0.8136604428291321,0
1776,532,0.9322410225868225,0
1776,1639,0.9093348383903503,0
1776,1562,0.9581274390220642,0
535,1723,2.813380002975464,1
535,645,0.8387078046798706,0
535,1694,1.9993031024932861,0
535,507,0.48733648657798767,0
535,425,0.4665384292602539,0
535,1484,0.47834935784339905,0
535,1364,1.2804102897644043,0
535,1530,0.8368393182754517,0
535,1660,0.8626249432563782,0
535,971,0.4941045045852661,0
535,834,1.4740188121795654,0
535,698,0.9726004004478455,0
535,2015,0.5919438600540161,0
535,407,1.9573947191238403,0
535,736,0.95829838514328,0
535,1563,1.1674399375915527,0
535,1198,1.3587620258331299,0
535,1846,1.9862269163131714,0
535,636,1.0326353311538696,0
535,575,0.9016711711883545,0
887,808,1.382875680923462,1
887,454,1.013681173324585,0
887,1265,1.0196453332901,0
887,1239,1.0946425199508667,0
887,188,1.4387456178665161,0
887,657,0.890285849571228,0
887,649,1.598343014717102,0
887,876,1.0743638277053833,0
887,983,1.6618268489837646,0
887,1465,0.9280735850334167,0
887,988,2.2387917041778564,0
887,1849,0.9034910798072815,0
887,1892,0.6130993366241455,0
887,1699,0.9816029071807861,0
887,187,1.0286614894866943,0
887,1315,0.5603550672531128,0
887,367,1.0431262254714966,0
887,1792,1.4115170240402222,0
887,235,2.134159564971924,0
887,549,0.913700520992279,0
2106,1787,1.6243669986724854,1
2106,1924,0.49033695459365845,0
2106,287,1.3936914205551147,0
2106,243,0.9422197341918945,0
2106,2079,0.8399730324745178,0
2106,790,1.4853075742721558,0
2106,1021,1.7144196033477783,0
2106,1453,0.9168965220451355,0
2106,1611,0.5575755834579468,0
2106,1510,0.9369970560073853,0
2106,753,0.967965841293335,0
2106,472,1.3915915489196777,0
2106,88,0.9487394094467163,0
2106,1426,0.8981041312217712,0
2106,527,0.8794068098068237,0
2106,293,0.953511655330658,0
2106,1638,0.9996148943901062,0
2106,180,1.0237910747528076,0
2106,1962,0.6160022020339966,0
2106,1558,0.5634453892707825,0
2169,1341,1.3765957355499268,1
2169,993,1.058372139930725,0
2169,133,0.5373103022575378,0
2169,1045,0.9714522957801819,0
2169,972,0.8148350119590759,0
2169,1207,0.8891631364822388,0
2169,217,0.8754326701164246,0
2169,1352,0.9077114462852478,0
2169,1144,0.8147050142288208,0
2169,1088,1.4573471546173096,0
2169,1670,0.8166571855545044,0
2169,940,0.8738890290260315,0
2169,101,2.1031713485717773,0
2169,770,0.4610578417778015,0
2169,325,1.329200267791748,0
2169,1005,0.871984601020813,0
2169,1631,1.1600666046142578,0
2169,1648,0.48469626903533936,0
2169,1156,0.8930273056030273,0
2169,844,0.825660228729248,0
3867,665,0.5371221303939819,1
3867,937,0.40913113951683044,0
3867,1199,0.47749894857406616,0
3867,1292,0.8092842102050781,0
3867,761,0.8176593780517578,0
3867,1513,1.5538326501846313,0
3867,460,0.9286946654319763,0
3867,640,1.4745532274246216,0
3867,1134,1.143690586090088,0
3867,587,0.6088848114013672,0
3867,2080,0.8721883893013,0
3867,1190,0.8175743222236633,0
3867,1440,0.9044561386108398,0
3867,638,0.8696924448013306,0
3867,86,1.1797537803649902,0
3867,145,0.9266064763069153,0
3867,1604,0.5092081427574158,0
3867,1896,0.9543785452842712,0
3867,742,0.7681806087493896,0
3867,1504,0.4936560392379761,0
3493,447,1.1451040506362915,1
3493,317,0.796290934085846,0
3493,871,0.8834828734397888,0
3493,291,0.8029137253761292,0
3493,2025,0.8298333883285522,0
3493,1767,0.52280193567276,0
3493,1260,0.8836519122123718,0
3493,536,0.72918301820755,0
3493,1412,0.9533230662345886,0
3493,441,0.8984348177909851,0
3493,1672,0.4472685754299164,0
3493,284,0.8421816229820251,0
3493,190,0.9010733962059021,0
3493,1964,0.9031846523284912,0
3493,1472,1.613793134689331,0
3493,1849,0.8147493004798889,0
3493,738,0.9159381985664368,0
3493,1391,0.7932143807411194,0
3493,1321,0.8236503601074219,0
3493,2050,1.1903438568115234,0
603,1310,1.7086820602416992,1
603,1322,1.3159550428390503,0
603,1729,1.206991195678711,0
603,789,2.323577404022217,0
603,1776,0.7814119458198547,0
603,1832,1.6075985431671143,0
603,51,0.5522845387458801,0
603,1216,0.9513167142868042,0
603,1057,0.6025247573852539,0
603,1189,0.99858158826828,0
603,1679,1.0017080307006836,0
603,203,1.0040699243545532,0
603,264,0.4987763464450836,0
603,1547,1.8520392179489136,0
603,1095,0.9842909574508667,0
603,1662,0.9450598955154419,0
603,1243,0.6211939454078674,0
603,41,1.3849347829818726,0
603,152,1.1687313318252563,0
603,2001,0.5625657439231873,0
2556,1877,4.106808662414551,1
2556,1714,1.2331812381744385,0
2556,1751,0.6394622325897217,0
2556,320,1.0150878429412842,0
2556,1034,1.208519458770752,0
2556,132,1.0303068161010742,0
2556,1556,0.9893054366111755,0
2556,531,0.5375593304634094,0
2556,590,2.6605076789855957,0
2556,789,1.9817906618118286,0
2556,739,1.1009739637374878,0
2556,1504,0.5007092356681824,0
2556,2035,0.8194100260734558,0
2556,309,0.9243193864822388,0
2556,1588,0.6792589426040649,0
2556,1214,1.693066120147705,0
2556,1502,0.4835149943828583,0
2556,654,1.6486643552780151,0
2556,1927,1.1933696269989014,0
2556,1402,0.8980724811553955,0
1638,909,1.060524821281433,1
1638,1700,0.9879934191703796,0
1638,976,1.5222817659378052,0
1638,2053,0.9876216053962708,0
1638,1992,0.994793713092804,0
1638,660,0.9182021617889404,0
1638,675,1.0215215682983398,0
1638,1778,0.7747145891189575,0
1638,789,2.3190855979919434,0
1638,1399,2.0495662689208984,0
1638,1928,1.3635367155075073,0
1638,1060,1.3814128637313843,0
1638,901,0.6559020280838013,0
1638,273,0.9662364721298218,0
1638,1570,0.9257988929748535,0
1638,617,0.48988303542137146,0
1638,1231,1.5709820985794067,0
1638,1295,0.8806732296943665,0
1638,533,1.7569961547851562,0
1638,970,0.9909771084785461,0
246,1932,3.664674997329712,1
246,1788,0.88703852891922,0
246,317,0.9112256765365601,0
246,1658,3.5944747924804688,0
246,1526,0.8874008655548096,0
246,811,1.00450599193573,0
246,217,0.9432612061500549,0
246,857,0.5640119910240173,0
246,1831,0.9217166304588318,0
246,403,0.9283884763717651,0
246,575,0.9509577751159668,0
246,1651,0.9812981486320496,0
246,1079,0.9420517683029175,0
246,1063,0.5871086120605469,0
246,966,0.9376686811447144,0
246,338,0.8264269232749939,0
246,199,1.3395932912826538,0
246,644,0.5060826539993286,0
246,1102,0.9442556500434875,0
246,789,2.3647210597991943,0
1775,1724,0.8694884777069092,1
1775,130,0.8986761569976807,0
1775,481,0.9180824756622314,0
1775,1482,0.8806326389312744,0
1775,1839,0.8735770583152771,0
1775,1589,1.6929638385772705,0
1775,723,0.5119603276252747,0
1775,746,0.9664949178695679,0
1775,641,0.88330078125,0
1775,1173,1.1194989681243896,0
1775,365,0.8156465888023376,0
1775,147,0.555874228477478,0
1775,1127,0.5023704767227173,0
1775,236,0.8998706340789795,0
1775,1789,0.766468346118927,0
1775,388,0.9470264315605164,0
1775,469,1.691665530204773,0
1775,916,0.8685742020606995,0
1775,454,0.8819050788879395,0
1775,1133,0.8679100275039673,0
4040,1096,1.2888569831848145,1
4040,1038,0.905010461807251,0
4040,1645,0.9056288003921509,0
4040,1072,0.8905526995658875,0
4040,1946,1.6185762882232666,0
4040,396,0.9053555130958557,0
4040,600,2.506016969680786,0
4040,1280,0.9145863652229309,0
4040,1800,0.8413965702056885,0
4040,553,0.9335335493087769,0
4040,828,1.0518674850463867,0
4040,826,0.9887259006500244,0
4040,880,1.3826541900634766,0
4040,1053,1.6194463968276978,0
4040,1350,0.9934837818145752,0
4040,1779,1.0107353925704956,0
4040,1984,0.8936609625816345,0
4040,422,0.8802502155303955,0
4040,123,1.5575624704360962,0
4040,164,0.9072750806808472,0
3733,613,1.5389608144760132,1
3733,1874,0.8419697284698486,0
3733,800,0.8955112099647522,0
3733,1995,1.893168568611145,0
3733,1117,0.980307936668396,0
3733,1599,0.6134921312332153,0
3733,1335,0.8998059630393982,0
3733,636,1.0096856355667114,0
3733,858,0.9104057550430298,0
3733,313,0.5044181942939758,0
3733,1641,1.4861488342285156,0
3733,1845,1.3524895906448364,0
3733,2067,0.8773081302642822,0
3733,1806,2.904723644256592,0
3733,2023,1.0023369789123535,0
3733,1497,0.8926910758018494,0
3733,464,0.8823450803756714,0
3733,716,0.9783934950828552,0
3733,875,0.9630287289619446,0
3733,395,1.3803712129592896,0
414,1848,1.6050571203231812,1
414,838,1.6822502613067627,0
414,1308,0.6859577894210815,0
414,1307,1.078306794166565,0
414,2052,1.0384944677352905,0
414,233,1.1904412508010864,0
414,38,0.6639201641082764,0
414,886,0.7924736738204956,0
414,485,0.8256840705871582,0
414,379,0.6686726808547974,0
414,1075,0.5185110569000244,0
414,959,1.60267174243927,0
414,288,1.1073486804962158,0
414,1508,1.432214379310608,0
414,443,1.056208610534668,0
414,625,1.0678631067276,0
414,999,0.6004579067230225,0
414,871,1.1846656799316406,0
414,816,1.4158798456192017,0
414,881,1.0395617485046387,0
630,2025,0.8044595718383789,1
630,638,0.8550964593887329,0
630,841,1.9029102325439453,0
630,1140,0.5696142911911011,0
630,2050,1.230969786643982,0
630,351,0.5194808840751648,0
630,2061,0.6089513897895813,0
630,1617,1.4742680788040161,0
630,569,0.8899938464164734,0
630,422,0.7981576323509216,0
630,74,1.595800518989563,0
630,635,0.8950316905975342,0
630,2074,0.5350971221923828,0
630,560,1.0203073024749756,0
630,549,0.8484421968460083,0
630,815,0.9548664689064026,0
630,1929,0.8547855615615845,0
630,1315,0.4476010799407959,0
630,2064,0.9200020432472229,0
630,1776,0.7695144414901733,0
1718,1099,1.3459532260894775,1
1718,1098,0.8280295729637146,0
1718,1328,0.9158080816268921,0
1718,187,1.0018389225006104,0
1718,1115,1.1004858016967773,0
1718,1467,2.0808322429656982,0
1718,1540,0.5472018718719482,0
1718,1591,0.9334101676940918,0
1718,438,1.055849313735962,0
1718,1481,0.9138500094413757,0
1718,1362,0.8371708393096924,0
1718,521,0.5686001777648926,0
1718,733,1.5009760856628418,0
1718,1045,1.0217713117599487,0
1718,841,2.21118426322937,0
1718,914,1.9004409313201904,0
1718,1088,1.5426816940307617,0
1718,597,0.6201360821723938,0
1718,1285,0.4786144196987152,0
1718,1143,0.5255240797996521,0
2379,1373,1.8082331418991089,1
2379,210,1.1161338090896606,0
2379,1766,0.960413932800293,0
2379,641,0.9002878069877625,0
2379,866,0.8556618690490723,0
2379,1512,0.8894090056419373,0
2379,377,1.4250003099441528,0
2379,511,2.034348487854004,0
2379,1530,0.7763211727142334,0
2379,751,0.5470705032348633,0
2379,897,0.5617928504943848,0
2379,570,0.9693359732627869,0
2379,1201,0.8478501439094543,0
2379,852,0.9541593194007874,0
2379,2010,0.5058615207672119,0
2379,1721,1.3550994396209717,0
2379,588,0.5688376426696777,0
2379,324,0.49714985489845276,0
2379,1625,0.5766869187355042,0
2379,632,0.9142799973487854,0
73,1294,1.7649322748184204,1
73,999,0.45775705575942993,0
73,1344,1.0405199527740479,0
73,1835,0.8705008029937744,0
73,1780,0.8927139639854431,0
73,1735,0.8346706032752991,0
73,61,0.8556951284408569,0
73,1155,0.9713796377182007,0
73,1757,2.8224053382873535,0
73,1227,1.0340543985366821,0
73,114,0.8683404922485352,0
73,417,1.777696967124939,0
73,1446,0.8897051811218262,0
73,2051,1.763105034828186,0
73,1728,1.7841105461120605,0
73,802,0.9090227484703064,0
73,835,0.820024311542511,0
73,347,0.42083775997161865,0
73,1861,0.810500979423523,0
73,11,0.47473421692848206,0
898,1972,1.5347514152526855,1
898,1845,1.3510706424713135,0
898,428,0.9082959890365601,0
898,922,0.8880165219306946,0
898,1461,1.0007215738296509,0
898,311,1.2571375370025635,0
898,115,0.7703468799591064,0
898,939,0.495150089263916,0
898,1760,1.916414737701416,0
898,894,0.9114060401916504,0
898,1563,1.121211290359497,0
898,689,1.2451541423797607,0
898,749,0.9054727554321289,0
898,1438,0.4748648405075073,0
898,1480,0.9384545683860779,0
898,84,0.9970858097076416,0
898,260,0.6132085919380188,0
898,637,1.6001017093658447,0
898,1352,0.9138432741165161,0
898,1974,1.019445776939392,0
1014,411,0.5114055871963501,1
1014,1823,1.5301485061645508,0
1014,1536,2.0799145698547363,0
1014,1821,1.0061404705047607,0
1014,1150,1.8610979318618774,0
1014,1344,1.0648550987243652,0
1014,2002,1.030019998550415,0
1014,2073,2.4386801719665527,0
1014,1669,1.6948453187942505,0
1014,1284,0.755001425743103,0
1014,645,0.7734299302101135,0
1014,902,0.49348241090774536,0
1014,1964,0.8751926422119141,0
1014,212,1.4909265041351318,0
1014,1246,0.8472392559051514,0
1014,299,0.8447248339653015,0
1014,621,1.8208889961242676,0
1014,1039,0.8613443374633789,0
1014,680,2.00663161277771,0
1014,1457,1.1955028772354126,0
3385,1124,2.8493294715881348,1
3385,869,0.8540228605270386,0
3385,1460,0.9386067390441895,0
3385,47,1.0473676919937134,0
3385,1227,1.0370053052902222,0
3385,1999,1.5477755069732666,0
3385,1800,0.8335668444633484,0
3385,90,1.2717676162719727,0
3385,2078,0.8922916650772095,0
3385,515,0.5254369974136353,0
3385,1878,1.1760905981063843,0
3385,1348,1.4276716709136963,0
3385,867,1.0747835636138916,0
3385,1441,1.0022151470184326,0
3385,1689,2.020293951034546,0
3385,1507,1.997994303703308,0
3385,463,0.9667724967002869,0
3385,1778,0.7369549870491028,0
3385,267,0.5417506694793701,0
3385,600,2.347118616104126,0
649,224,2.8249619007110596,1
649,528,0.967486560344696,0
649,1229,0.913295567035675,0
649,1485,0.5025108456611633,0
649,739,1.0571547746658325,0
649,1594,0.9513729810714722,0
649,1646,0.8338916897773743,0
649,1159,1.346284031867981,0
649,1520,0.40945807099342346,0
649,1286,0.883711040019989,0
649,450,0.4789199233055115,0
649,494,0.925091564655304,0
649,900,0.959593653678894,0
649,233,1.016830325126648,0
649,40,2.4353396892547607,0
649,1438,0.43077242374420166,0
649,1026,0.8867663145065308,0
649,1389,0.4653078615665436,0
649,612,0.5053573846817017,0
649,971,0.4906255304813385,0
1946,141,0.9031518697738647,1
1946,1191,0.543215274810791,0
1946,1456,1.7467310428619385,0
1946,1658,3.679642677307129,0
1946,1484,0.5269502997398376,0
1946,483,2.140354633331299,0
1946,1678,1.045212984085083,0
1946,1988,0.530177891254425,0
1946,135,0.8372399210929871,0
1946,934,0.9267035722732544,0
1946,754,1.3655133247375488,0
1946,1821,1.0876253843307495,0
1946,1440,1.032809853553772,0
1946,852,0.9742573499679565,0
1946,820,0.8983925580978394,0
1946,1108,1.0779292583465576,0
1946,1234,1.0169631242752075,0
1946,2054,0.8614450097084045,0
1946,2078,0.9194653034210205,0
1946,868,1.098683476448059,0
3981,1413,0.6963097453117371,1
3981,787,1.2700072526931763,0
3981,1534,0.6805320382118225,0
3981,2049,1.031442642211914,0
3981,95,1.0115512609481812,0
3981,1507,2.3744442462921143,0
3981,223,1.0766985416412354,0
3981,1955,0.6965720653533936,0
3981,2020,1.2243703603744507,0
3981,1590,1.2140132188796997,0
3981,199,1.5822205543518066,0
3981,618,1.0949745178222656,0
3981,1508,1.5014809370040894,0
3981,531,0.6017187237739563,0
3981,259,1.147075891494751,0
3981,1850,1.1235798597335815,0
3981,536,0.8924359679222107,0
3981,359,1.0124996900558472,0
3981,1086,1.1908584833145142,0
3981,2069,0.72243332862854,0
809,1694,1.8287544250488281,1
809,2074,0.4700011909008026,0
809,287,1.1511669158935547,0
809,740,0.48552876710891724,0
809,858,0.8564162850379944,0
809,2019,0.7917439937591553,0
809,2079,0.708008348941803,0
809,1899,0.755821943283081,0
809,9,0.44995248317718506,0
809,1340,0.7008559703826904,0
809,755,1.2980890274047852,0
809,2037,1.067397117614746,0
809,769,0.8478635549545288,0
809,1206,0.42412182688713074,0
809,1251,0.7994948625564575,0
809,1569,0.42523646354675293,0
809,326,0.5306411385536194,0
809,978,1.4494866132736206,0
809,961,0.7369858622550964,0
809,835,0.7501558065414429,0
2008,71,1.7628158330917358,1
2008,1582,1.0122523307800293,0
2008,1409,0.5469872951507568,0
2008,1268,1.3244142532348633,0
2008,1781,0.8111965656280518,0
2008,1938,0.5749348402023315,0
2008,912,0.8916990160942078,0
2008,855,0.40767937898635864,0
2008,1526,0.9829281568527222,0
2008,1062,0.9918533563613892,0
2008,601,0.516483724117279,0
2008,466,0.8875024318695068,0
2008,965,2.0373077392578125,0
2008,1560,0.6043387651443481,0
2008,2005,1.0907615423202515,0
2008,1793,0.5574588775634766,0
2008,1112,1.0522359609603882,0
2008,1070,0.9063771963119507,0
2008,241,0.7820842862129211,0
2008,1541,0.9120691418647766,0
2694,587,0.600844144821167,1
2694,328,1.7305946350097656,0
2694,659,1.5245351791381836,0
2694,302,1.0105482339859009,0
2694,928,1.1461929082870483,0
2694,205,1.0308574438095093,0
2694,104,2.444155216217041,0
2694,945,0.5801231861114502,0
2694,1457,1.308332085609436,0
2694,738,1.0646345615386963,0
2694,1225,0.5623266696929932,0
2694,1035,1.1691715717315674,0
2694,155,1.0075806379318237,0
2694,1426,0.887406051158905,0
2694,830,0.8582468032836914,0
2694,1440,1.0413018465042114,0
2694,1823,1.6057603359222412,0
2694,1076,1.440680742263794,0
2694,732,0.5976929664611816,0
2694,909,1.0702232122421265,0
3327,172,0.5151171684265137,1
3327,533,1.6396007537841797,0
3327,420,0.8676906824111938,0
3327,2071,0.8082102537155151,0
3327,1502,0.4148506820201874,0
3327,411,0.4582459628582001,0
3327,614,0.8399643898010254,0
3327,214,0.43588322401046753,0
3327,451,1.2431973218917847,0
3327,71,1.7583385705947876,0
3327,1295,0.8180258274078369,0
3327,1416,1.0520793199539185,0
3327,856,0.958877682685852,0
3327,1387,0.4741204082965851,0
3327,541,1.4248303174972534,0
3327,528,0.945450484752655,0
3327,1243,0.5210866928100586,0
3327,752,0.8491923213005066,0
3327,1380,0.7422165274620056,0
3327,592,0.8605421185493469,0
3268,1515,1.7294905185699463,1
3268,384,0.4950067102909088,0
3268,1861,0.8439270257949829,0
3268,1240,0.9801574945449829,0
3268,1983,1.5133745670318604,0
3268,1563,1.200202465057373,0
3268,1930,0.9158878922462463,0
3268,121,0.8655148148536682,0
3268,1648,0.5052044987678528,0
3268,1249,0.4058792293071747,0
3268,1753,1.047277808189392,0
3268,1162,0.6258719563484192,0
3268,1627,1.0016303062438965,0
3268,612,0.5620841383934021,0
3268,1092,1.6010932922363281,0
3268,356,0.5694541931152344,0
3268,1048,1.6927026510238647,0
3268,648,1.3623316287994385,0
3268,54,1.0187101364135742,0
3268,1,1.1014505624771118,0
2493,323,1.1034395694732666,1
2493,482,1.565112590789795,0
2493,1081,0.5524448156356812,0
2493,95,0.8619222640991211,0
2493,675,0.9548845887184143,0
2493,157,0.9188254475593567,0
2493,2048,0.6099234819412231,0
2493,368,1.0416100025177002,0
2493,1310,1.640293002128601,0
2493,87,0.535535454750061,0
2493,362,1.385267972946167,0
2493,1099,1.3002334833145142,0
2493,573,0.9919290542602539,0
2493,1949,1.3953139781951904,0
2493,1062,0.9538702964782715,0
2493,1986,3.581503391265869,0
2493,968,1.259865641593933,0
2493,1794,0.5876966714859009,0
2493,1619,0.5749508142471313,0
2493,1554,1.0336742401123047,0
1039,952,1.1101410388946533,1
1039,1779,1.0714401006698608,0
1039,1653,0.9764907360076904,0
1039,651,1.6611988544464111,0
1039,1745,0.7074292898178101,0
1039,270,0.6152744293212891,0
1039,309,1.034635305404663,0
1039,245,1.0855729579925537,0
1039,272,1.0016459226608276,0
1039,1580,1.4062572717666626,0
1039,2074,0.6486630439758301,0
1039,504,1.3984981775283813,0
1039,1332,1.491831660270691,0
1039,1156,0.9986062049865723,0
1039,1355,1.9223252534866333,0
1039,376,0.5144392251968384,0
1039,930,1.6098287105560303,0
1039,1879,0.9429416060447693,0
1039,1192,1.1244040727615356,0
1039,349,1.4385205507278442,0
711,2028,1.4794118404388428,1
711,2059,0.5369185209274292,0
711,1770,1.1619724035263062,0
711,768,0.9257869720458984,0
711,294,0.5654141902923584,0
711,1624,0.4906761944293976,0
711,1569,0.4959144592285156,0
711,1750,0.9287865161895752,0
711,1341,1.5147358179092407,0
711,375,1.4696214199066162,0
711,593,0.6147305965423584,0
711,1721,1.4181492328643799,0
711,947,0.8839970231056213,0
711,329,0.4909897446632385,0
711,301,1.3852474689483643,0
711,250,1.1629031896591187,0
711,2071,0.9082092046737671,0
711,750,0.8765612244606018,0
711,982,0.5135000348091125,0
711,1268,1.3568060398101807,0
3118,1134,1.2448110580444336,1
3118,1468,0.7968955039978027,0
3118,1512,0.8470066785812378,0
3118,1321,0.8127305507659912,0
3118,29,0.5007895231246948,0
3118,494,0.8940385580062866,0
3118,380,0.4951542019844055,0
3118,645,0.7865171432495117,0
3118,1441,0.9320520162582397,0
3118,1143,0.48288556933403015,0
3118,777,0.9275707006454468,0
3118,508,1.9390023946762085,0
3118,1613,0.4949907958507538,0
3118,1827,0.45935073494911194,0
3118,89,0.4202747344970703,0
3118,181,0.8426814675331116,0
3118,1004,0.7748917937278748,0
3118,1783,1.1773303747177124,0
3118,1332,1.297722578048706,0
3118,2002,1.0306355953216553,0
2388,699,2.610644578933716,1
2388,347,0.4725663661956787,0
2388,1951,1.2745392322540283,0
2388,564,0.9728416204452515,0
2388,1060,1.371776819229126,0
2388,442,0.4494330883026123,0
2388,218,1.2061479091644287,0
2388,1380,0.7811166644096375,0
2388,568,0.9802574515342712,0
2388,220,0.9726137518882751,0
2388,1262,0.9560926556587219,0
2388,1720,1.2291111946105957,0
2388,847,1.4239071607589722,0
2388,556,1.1193197965621948,0
2388,1599,0.5624204874038696,0
2388,1272,1.6682446002960205,0
2388,572,2.242170810699463,0
2388,1696,0.9011868834495544,0
2388,1805,1.0220547914505005,0
2388,894,0.9971084594726562,0
1887,743,1.300812840461731,1
1887,918,1.624582052230835,0
1887,1069,0.6349670886993408,0
1887,436,3.0734760761260986,0
1887,415,0.9529792070388794,0
1887,1157,2.173079490661621,0
1887,727,0.5085079669952393,0
1887,1637,1.0846176147460938,0
1887,721,1.0172702074050903,0
1887,1145,1.0958592891693115,0
1887,1261,1.0236281156539917,0
1887,1690,1.0755583047866821,0
1887,1860,2.17144513130188,0
1887,763,0.9689184427261353,0
1887,988,2.497922420501709,0
1887,1306,1.1402791738510132,0
1887,1858,1.32457435131073,0
1887,607,1.0534826517105103,0
1887,2021,1.2948352098464966,0
1887,157,1.0902514457702637,0
1720,612,0.6061872839927673,1
1720,290,1.032640814781189,0
1720,191,1.2623064517974854,0
1720,276,1.127329707145691,0
1720,1948,1.4151065349578857,0
1720,1427,1.0289753675460815,0
1720,1495,0.9475270509719849,0
1720,1686,1.8190760612487793,0
1720,706,0.9844175577163696,0
1720,1165,1.0386905670166016,0
1720,1503,0.7235802412033081,0
1720,1007,1.0520977973937988,0
1720,393,1.110120177268982,0
1720,1643,2.705064296722412,0
1720,1619,0.6621257066726685,0
1720,1715,1.4367612600326538,0
1720,934,0.9775496125221252,0
1720,1727,1.0852155685424805,0
1720,652,1.5480432510375977,0
1720,954,1.3375903367996216,0
1968,1122,1.7937074899673462,1
1968,1469,0.8644221425056458,0
1968,158,0.7681719064712524,0
1968,497,0.9199157953262329,0
1968,1406,0.47326651215553284,0
1968,1310,1.6592425107955933,0
1968,673,0.48529064655303955,0
1968,798,1.2730695009231567,0
1968,1261,0.910616397857666,0
1968,563,0.5721632242202759,0
1968,1630,1.2430146932601929,0
1968,1264,0.9495676755905151,0
1968,1100,0.49309206008911133,0
1968,543,0.528348445892334,0
1968,1412,1.0252314805984497,0
1968,1858,1.2038599252700806,0
1968,1459,0.9390455484390259,0
1968,1105,0.4956876337528229,0
1968,285,1.002724051475525,0
1968,896,0.8809605836868286,0
384,1932,3.7618331909179688,1
384,32,1.0134965181350708,0
384,961,0.8203194737434387,0
384,1710,1.353761076927185,0
384,1148,0.9848636388778687,0
384,366,1.3132950067520142,0
384,102,1.0034672021865845,0
384,1515,1.8254417181015015,0
384,1887,1.0627273321151733,0
384,503,0.8945705890655518,0
384,322,0.8791711926460266,0
384,1738,0.5073705911636353,0
384,1525,2.098954677581787,0
384,2012,0.9454229474067688,0
384,1681,0.9089689254760742,0
384,526,0.9512420892715454,0
384,563,0.5532428026199341,0
384,1413,0.5897078514099121,0
384,1346,1.0527172088623047,0
384,1727,1.0105524063110352,0
1404,1250,1.3651812076568604,1
1404,284,0.957649290561676,0
1404,977,1.4084806442260742,0
1404,482,1.6437102556228638,0
1404,1561,1.8048207759857178,0
1404,1419,0.9352591037750244,0
1404,1057,0.5623753666877747,0
1404,229,1.652522087097168,0
1404,1226,0.5167097449302673,0
1404,738,1.0131512880325317,0
1404,1165,0.918639063835144,0
1404,1071,0.8732151985168457,0
1404,162,0.9818097949028015,0
1404,769,0.9741251468658447,0
1404,666,1.0148769617080688,0
1404,935,0.9753412008285522,0
1404,1943,0.9754840135574341,0
1404,1763,0.6038140058517456,0
1404,1065,1.1439458131790161,0
1404,1507,2.1221957206726074,0
3538,827,0.5775585174560547,1
3538,1654,1.7665728330612183,0
3538,564,0.9569101333618164,0
3538,1961,0.9398101568222046,0
3538,80,1.278185486793518,0
3538,1572,1.0047141313552856,0
3538,1064,0.8333650231361389,0
3538,1833,0.9208917617797852,0
3538,44,0.980168342590332,0
3538,635,1.0060955286026,0
3538,575,0.9444405436515808,0
3538,1824,0.5880612134933472,0
3538,396,0.9546040296554565,0
3538,1065,1.1463881731033325,0
3538,1831,0.9355770349502563,0
3538,616,0.9186670184135437,0
3538,837,1.7476415634155273,0
3538,967,0.8624984622001648,0
3538,1415,0.9308886528015137,0
3538,1356,0.9736545085906982,0
839,1434,1.9017189741134644,1
839,428,0.961398720741272,0
839,1879,0.8571082353591919,0
839,190,0.9251030683517456,0
839,191,1.0847513675689697,0
839,1964,0.9696621894836426,0
839,1151,0.8508666753768921,0
839,1560,0.5108581781387329,0
839,462,1.2870949506759644,0
839,1608,1.2327333688735962,0
839,958,1.6938540935516357,0
839,1938,0.4905174970626831,0
839,2039,1.1945996284484863,0
839,1476,1.365678071975708,0
839,776,0.4802619218826294,0
839,682,0.8978123664855957,0
839,1909,0.933194637298584,0
839,1000,1.4776787757873535,0
839,261,0.9159335494041443,0
839,1836,1.3837920427322388,0
221,1374,0.6303099989891052,1
221,1384,0.9135022759437561,0
221,1600,0.9383489489555359,0
221,1841,0.5543084740638733,0
221,895,1.0188883543014526,0
221,729,0.5748952627182007,0
221,885,1.0518020391464233,0
221,579,1.6035300493240356,0
221,536,0.8432552218437195,0
221,516,0.959242045879364,0
221,1174,0.9738744497299194,0
221,815,1.09898042678833,0
221,1899,0.9950028657913208,0
221,75,0.47596463561058044,0
221,91,1.434823989868164,0
221,388,1.014602541923523,0
221,46,0.624902606010437,0
221,159,1.7350335121154785,0
221,979,1.0302238464355469,0
221,364,1.403462290763855,0
212,421,0.4681389331817627,1
212,39,0.7331997156143188,0
212,267,0.402731329202652,0
212,954,1.0745517015457153,0
212,793,0.4827198386192322,0
212,764,0.7680044174194336,0
212,1860,1.6501431465148926,0
212,1979,0.8673690557479858,0
212,1858,1.0764179229736328,0
212,289,0.7501092553138733,0
212,1076,1.1707336902618408,0
212,1343,0.8047328591346741,0
212,1939,0.8554478287696838,0
212,474,1.1182082891464233,0
212,33,1.2731547355651855,0
212,1711,0.6715569496154785,0
212,1809,1.2267296314239502,0
212,1527,0.4631677269935608,0
212,116,0.4391559958457947,0
212,1603,0.46731990575790405,0
3148,1759,0.9102113842964172,1
3148,1619,0.5489510297775269,0
3148,1842,1.2854994535446167,0
3148,595,1.7941056489944458,0
3148,511,1.9913909435272217,0
3148,521,0.5231881141662598,0
3148,63,0.8504298329353333,0
3148,318,0.8534714579582214,0
3148,1766,0.9647015929222107,0
3148,1634,0.8715193867683411,0
3148,748,0.9930249452590942,0
3148,819,0.8806701898574829,0
3148,1894,1.211444616317749,0
3148,1146,0.9381260275840759,0
3148,1992,0.8554172515869141,0
3148,1615,0.8633211255073547,0
3148,962,2.1752188205718994,0
3148,993,1.0379852056503296,0
3148,652,1.2607300281524658,0
3148,1905,1.2726709842681885,0
3331,277,1.3524246215820312,1
3331,942,1.3436849117279053,0
3331,657,0.7489749789237976,0
3331,1348,1.4239025115966797,0
3331,837,1.6857331991195679,0
3331,1081,0.4699740707874298,0
3331,511,1.9885461330413818,0
3331,2062,5.10279655456543,0
3331,1383,0.7463813424110413,0
3331,321,0.79825359582901,0
3331,1109,0.8643780946731567,0
3331,1142,0.9002278447151184,0
3331,1889,0.855843186378479,0
3331,305,0.7692310214042664,0
3331,1093,0.406637966632843,0
3331,66,0.9408983588218689,0
3331,1662,0.8658248782157898,0
3331,895,0.8785684108734131,0
3331,1475,0.8006758093833923,0
3331,507,0.4432360529899597,0
693,1688,0.6121710538864136,1
693,594,1.883894920349121,0
693,631,0.5278528332710266,0
693,424,0.933241605758667,0
693,984,0.8919423818588257,0
693,988,2.211456775665283,0
693,1147,1.2377835512161255,0
693,1073,0.5705815553665161,0
693,751,0.5658668875694275,0
693,245,0.9966662526130676,0
693,1716,0.5605340600013733,0
693,1058,1.3192113637924194,0
693,1822,1.5375783443450928,0
693,932,1.7280951738357544,0
693,1889,0.9479799866676331,0
693,1350,0.9842413067817688,0
693,2066,0.8938248157501221,0
693,21,0.5139424204826355,0
693,1089,1.047085165977478,0
693,1853,1.7771973609924316,0
2285,1160,2.4051880836486816,1
2285,403,0.994239091873169,0
2285,102,1.0575121641159058,0
2285,1916,0.5096151232719421,0
2285,1200,0.9711190462112427,0
2285,1658,3.621020793914795,0
2285,1242,1.0822639465332031,0
2285,1580,1.4374275207519531,0
2285,810,0.6264164447784424,0
2285,411,0.6188901662826538,0
2285,1024,1.0966743230819702,0
2285,1918,1.5156030654907227,0
2285,1260,1.0691139698028564,0
2285,325,1.5494306087493896,0
2285,1241,0.5344696044921875,0
2285,266,1.0348414182662964,0
2285,1788,0.9089210629463196,0
2285,632,1.048736810684204,0
2285,882,0.9239087104797363,0
2285,864,0.9545841813087463,0
2588,292,0.533935010433197,1
2588,1084,0.8064826726913452,0
2588,1729,1.2356363534927368,0
2588,845,1.8956689834594727,0
2588,1876,3.7260899543762207,0
2588,1642,1.7911152839660645,0
2588,1234,0.9943181276321411,0
2588,1889,0.9769340753555298,0
2588,295,0.4974210858345032,0
2588,1255,1.4026463031768799,0
2588,628,1.8133636713027954,0
2588,105,1.2091152667999268,0
2588,1666,1.5221669673919678,0
2588,1960,0.9875786304473877,0
2588,987,1.2899779081344604,0
2588,83,0.9944389462471008,0
2588,300,0.5871798396110535,0
2588,348,1.0541948080062866,0
2588,1321,0.8372188210487366,0
2588,1127,0.48735859990119934,0
453,1852,0.8000737428665161,1
453,1919,0.8420552015304565,0
453,834,1.400037407875061,0
453,1200,0.8870247006416321,0
453,95,0.8090729117393494,0
453,1425,0.8564950227737427,0
453,1170,1.5635672807693481,0
453,1878,1.1901299953460693,0
453,1092,1.7079565525054932,0
453,138,0.5006551742553711,0
453,1818,1.7347173690795898,0
453,897,0.5411849617958069,0
453,596,1.1896231174468994,0
453,110,0.37925755977630615,0
453,240,0.9268254637718201,0
453,1063,0.5095903277397156,0
453,904,0.8198476433753967,0
453,485,0.6907692551612854,0
453,1533,0.9427320957183838,0
453,1213,0.4837264120578766,0
913,511,2.101442337036133,1
913,1446,0.8954942226409912,0
913,1582,0.9638991951942444,0
913,1365,1.7768357992172241,0
913,236,0.9205461740493774,0
913,278,0.47551438212394714,0
913,1885,1.0007286071777344,0
913,4,1.0474995374679565,0
913,384,0.4815935492515564,0
913,1908,0.5447200536727905,0
913,338,0.8446146845817566,0
913,1854,0.5263866186141968,0
913,130,0.9375304579734802,0
913,320,1.0171724557876587,0
913,292,0.5296804904937744,0
913,1674,0.5399721264839172,0
913,973,0.9839641451835632,0
913,498,0.8625906109809875,0
913,1084,0.8500878810882568,0
913,1931,0.9623924493789673,0
1965,1224,1.90189528465271,1
1965,1570,0.8441268801689148,0
1965,1672,0.5058746337890625,0
1965,324,0.5037372708320618,0
1965,147,0.5363410711288452,0
1965,1965,1.3318696022033691,0
1965,1766,0.973686695098877,0
1965,1944,0.6087230443954468,0
1965,666,0.9441869258880615,0
1965,425,0.45973438024520874,0
1965,1984,0.8906567096710205,0
1965,1283,0.5704103708267212,0
1965,1937,0.9601590037345886,0
1965,1025,0.9319413900375366,0
1965,1930,0.8752239346504211,0
1965,1333,1.2107889652252197,0
1965,42,0.7461143732070923,0
1965,1826,0.8994723558425903,0
1965,613,1.608567237854004,0
1965,946,1.1505818367004395,0
1494,1195,0.5109902620315552,1
1494,35,0.8352087736129761,0
1494,1511,0.8634076714515686,0
1494,1424,0.8626948595046997,0
1494,1573,0.9539781212806702,0
1494,2043,0.4330817461013794,0
1494,2041,0.8688395023345947,0
1494,1242,0.9096345901489258,0
1494,1009,1.1881989240646362,0
1494,869,0.7932862043380737,0
1494,527,0.849880576133728,0
1494,1920,0.8519741296768188,0
1494,1731,0.8499706983566284,0
1494,376,0.4323023557662964,0
1494,238,1.4680988788604736,0
1494,215,0.796536922454834,0
1494,1214,1.6939831972122192,0
1494,1640,1.1667051315307617,0
1494,1336,0.8715518712997437,0
1494,625,0.9216756224632263,0
3651,901,0.5615704655647278,1
3651,507,0.5267164707183838,0
3651,1304,0.9015891551971436,0
3651,706,0.8841646909713745,0
3651,676,1.3717435598373413,0
3651,2060,1.3025662899017334,0
3651,2053,0.879228413105011,0
3651,1726,0.7627425193786621,0
3651,543,0.4752933979034424,0
3651,155,0.9185422658920288,0
3651,1722,0.8844609260559082,0
3651,650,0.8588524460792542,0
3651,801,1.8244661092758179,0
3651,788,0.9025585651397705,0
3651,682,0.8622769713401794,0
3651,388,0.9403152465820312,0
3651,604,0.41474267840385437,0
3651,2063,0.5066497325897217,0
3651,903,1.5540682077407837,0
3651,460,0.9617293477058411,0
3739,590,3.037274122238159,1
3739,161,0.4998299181461334,0
3739,1132,1.507277250289917,0
3739,385,0.9964371919631958,0
3739,1372,0.9340422749519348,0
3739,920,0.9112074375152588,0
3739,1889,1.0246602296829224,0
3739,1552,0.8963067531585693,0
3739,1687,0.9708256125450134,0
3739,330,2.457512617111206,0
3739,1813,0.9589824080467224,0
3739,248,1.0357409715652466,0
3739,686,1.0083398818969727,0
3739,1987,0.9419022798538208,0
3739,1621,0.4550567865371704,0
3739,737,0.4909912347793579,0
3739,813,1.0139824151992798,0
3739,1943,0.9696112871170044,0
3739,377,1.4851257801055908,0
3739,1433,1.3132578134536743,0
2626,1818,2.0467374324798584,1
2626,1732,1.6677162647247314,0
2626,1169,1.2319037914276123,0
2626,940,1.059905767440796,0
2626,341,0.66102135181427,0
2626,1797,1.9295893907546997,0
2626,1998,0.8380789160728455,0
2626,101,2.3894870281219482,0
2626,1631,1.2891123294830322,0
2626,373,1.3249825239181519,0
2626,103,2.2455925941467285,0
2626,1121,1.149284839630127,0
2626,930,1.6627922058105469,0
2626,60,1.0934162139892578,0
2626,1143,0.6006743311882019,0
2626,1431,0.9650934338569641,0
2626,562,1.00077486038208,0
2626,1162,0.7191848158836365,0
2626,966,1.013720154762268,0
2626,1652,1.1032947301864624,0
1139,297,2.0319719314575195,1
1139,335,1.4933325052261353,0
1139,1240,0.9551340341567993,0
1139,1722,0.9755403995513916,0
1139,1279,0.9153591990470886,0
1139,1420,1.054983377456665,0
1139,963,0.9116636514663696,0
1139,507,0.5327366590499878,0
1139,1873,0.9603496789932251,0
1139,1014,1.330910563468933,0
1139,1057,0.6165310740470886,0
1139,1792,1.3551661968231201,0
1139,1662,0.9342848062515259,0
1139,1455,0.8552418947219849,0
1139,1118,0.629967212677002,0
1139,977,1.3826267719268799,0
1139,945,0.5664589405059814,0
1139,265,0.9465845227241516,0
1139,588,0.6112188100814819,0
1139,1111,0.5641583204269409,0
82,1023,1.7532219886779785,1
82,1532,1.9642186164855957,0
82,121,0.9441729187965393,0
82,280,1.1277490854263306,0
82,535,0.936034619808197,0
82,788,1.0820257663726807,0
82,515,0.5209246873855591,0
82,324,0.6072160601615906,0
82,1360,1.1162370443344116,0
82,976,1.5033668279647827,0
82,332,1.1701288223266602,0
82,663,1.043249487876892,0
82,1264,1.1041452884674072,0
82,747,0.9805126786231995,0
82,711,1.4379782676696777,0
82,852,1.0595186948776245,0
82,149,2.734196662902832,0
82,1497,1.0100469589233398,0
82,382,0.6926025152206421,0
82,2046,0.9313830733299255,0
3713,1222,0.66379714012146,1
3713,1750,0.9748993515968323,0
3713,110,0.45792409777641296,0
3713,894,1.041739583015442,0
3713,1330,0.6123560667037964,0
3713,1440,1.0489556789398193,0
3713,943,0.9293615818023682,0
3713,1974,1.081685185432434,0
3713,1772,0.917749285697937,0
3713,1681,0.9545665383338928,0
3713,741,1.1213641166687012,0
3713,1450,0.8640949726104736,0
3713,2001,0.6288764476776123,0
3713,1043,1.2489445209503174,0
3713,308,1.754532814025879,0
3713,652,1.44245445728302,0
3713,1680,0.8321388959884644,0
3713,1237,0.638114333152771,0
3713,768,0.9766959547996521,0
3713,836,1.7272181510925293,0
2137,1675,0.9116471409797668,1
2137,925,0.5005578398704529,0
2137,756,1.5723426342010498,0
2137,63,0.8893836140632629,0
2137,1252,0.49955323338508606,0
2137,1640,1.210139274597168,0
2137,228,0.8972268104553223,0
2137,259,1.0152335166931152,0
2137,1280,0.9176768660545349,0
2137,1907,1.4659316539764404,0
2137,968,1.2356243133544922,0
2137,611,1.0953150987625122,0
2137,1631,1.2359261512756348,0
2137,1345,0.5897073745727539,0
2137,764,0.9455274939537048,0
2137,1638,0.9672396183013916,0
2137,1321,0.9171406030654907,0
2137,350,0.7929338812828064,0
2137,1597,1.6194034814834595,0
2137,1566,0.9941160678863525,0
3946,1433,1.240380048751831,1
3946,95,0.8006399273872375,0
3946,794,0.8031138777732849,0
3946,1036,0.8484029173851013,0
3946,617,0.4565531015396118,0
3946,910,0.9311269521713257,0
3946,553,0.9089694023132324,0
3946,604,0.41104990243911743,0
3946,1376,0.9649690985679626,0
3946,995,2.1856274604797363,0
3946,792,1.3507537841796875,0
3946,939,0.4618864953517914,0
3946,1031,0.7522257566452026,0
3946,1225,0.530180037021637,0
3946,355,0.48409587144851685,0
3946,522,0.7957303524017334,0
3946,1600,0.8272982239723206,0
3946,1780,0.8900343179702759,0
3946,1162,0.542109489440918,0
3946,1426,0.815300464630127,0
2038,1180,1.379149079322815,1
2038,761,0.8134270906448364,0
2038,1854,0.48304107785224915,0
2038,1745,0.5258229374885559,0
2038,2034,1.2577314376831055,0
2038,53,0.42336586117744446,0
2038,1786,0.7700735330581665,0
2038,1507,2.0057120323181152,0
2038,61,0.81334388256073,0
2038,1008,0.7250184416770935,0
2038,1940,0.830580472946167,0
2038,979,0.9043505787849426,0
2038,902,0.5149028897285461,0
2038,589,0.43554961681365967,0
2038,922,0.8028526306152344,0
2038,997,0.9511115550994873,0
2038,1269,0.7659807801246643,0
2038,1527,0.4999740421772003,0
2038,439,2.332263231277466,0
2038,191,1.0224049091339111,0
10,1231,1.5500822067260742,1
10,1916,0.47743022441864014,0
10,1476,1.4762648344039917,0
10,1763,0.6263635158538818,0
10,369,2.1397199630737305,0
10,1902,0.605489194393158,0
10,800,0.9808327555656433,0
10,964,0.5372206568717957,0
10,3,1.0013165473937988,0
10,1384,0.9030248522758484,0
10,766,0.5303041934967041,0
10,188,1.3945701122283936,0
10,931,0.5376712679862976,0
10,1174,0.9865391254425049,0
10,407,1.9855538606643677,0
10,1589,1.8959965705871582,0
10,2008,1.4155573844909668,0
10,1053,1.6332635879516602,0
10,1548,1.6788208484649658,0
10,1439,0.898208737373352,0
122,1719,1.2739335298538208,1
122,569,0.8728864192962646,0
122,1783,1.2010117769241333,0
122,928,1.0570895671844482,0
122,706,0.8272082805633545,0
122,619,0.871276319026947,0
122,404,0.8398991227149963,0
122,773,0.798687219619751,0
122,2074,0.49972158670425415,0
122,1057,0.5430365800857544,0
122,450,0.49721065163612366,0
122,2005,1.0187139511108398,0
122,198,0.8517043590545654,0
122,1961,0.9101219177246094,0
122,1116,0.9168390035629272,0
122,352,0.878745973110199,0
122,434,0.9435156583786011,0
122,1433,1.1819508075714111,0
122,1579,1.2039278745651245,0
122,158,0.7650954127311707,0
2936,509,0.5042681694030762,1
2936,1391,0.8033044934272766,0
2936,405,0.8328422904014587,0
2936,790,1.3130590915679932,0
2936,1018,0.40306034684181213,0
2936,976,1.3327136039733887,0
2936,1059,0.3623427152633667,0
2936,324,0.44105100631713867,0
2936,1998,0.698013186454773,0
2936,704,0.8527658581733704,0
2936,1081,0.45029181241989136,0
2936,1728,1.5585544109344482,0
2936,1446,0.8522242307662964,0
2936,289,0.7773349285125732,0
2936,574,0.8432897329330444,0
2936,194,0.8526195883750916,0
2936,1325,1.0479687452316284,0
2936,1241,0.3900337815284729,0
2936,980,2.057438850402832,0
2936,237,1.778006672859192,0
291,1864,1.1040138006210327,1
291,1481,0.9364568591117859,0
291,227,0.49127233028411865,0
291,27,0.9312015771865845,0
291,120,1.6387397050857544,0
291,387,0.5628310441970825,0
291,1711,0.6851823925971985,0
291,1044,0.5110429525375366,0
291,404,0.8637217283248901,0
291,1991,1.0679779052734375,0
291,787,1.1156563758850098,0
291,591,1.01960027217865,0
291,1349,1.0124009847640991,0
291,467,0.5502309203147888,0
291,1536,2.235909938812256,0
291,1122,1.9860689640045166,0
291,607,1.0226703882217407,0
291,330,2.2354960441589355,0
291,17,1.0160539150238037,0
291,1659,0.989691972732544,0
2405,615,0.5559905171394348,1
2405,1152,0.6540209054946899,0
2405,1297,1.103218674659729,0
2405,1890,0.8168197274208069,0
2405,464,0.8836238980293274,0
2405,1019,1.5820369720458984,0
2405,1871,1.453013300895691,0
2405,1924,0.5219208002090454,0
2405,1747,0.5071995258331299,0
2405,1957,0.9936301708221436,0
2405,1891,1.3435163497924805,0
2405,1524,0.9264214634895325,0
2405,774,0.8206097483634949,0
2405,1807,1.0419453382492065,0
2405,1800,0.854167103767395,0
2405,928,1.1388379335403442,0
2405,1211,1.0393942594528198,0
2405,289,0.8921905755996704,0
2405,2015,0.6590737104415894,0
2405,1007,0.9104519486427307,0
1732,1140,0.5803924798965454,1
1732,1284,0.7618446350097656,0
1732,533,1.7399511337280273,0
1732,755,1.479061484336853,0
1732,1361,1.2459057569503784,0
1732,212,1.4821058511734009,0
1732,1535,1.8013038635253906,0
1732,1275,0.6295129060745239,0
1732,2009,1.0093424320220947,0
1732,322,0.8691034317016602,0
1732,697,1.3424220085144043,0
1732,335,1.5491821765899658,0
1732,1396,1.3927571773529053,0
1732,2057,0.9747934341430664,0
1732,879,1.1277352571487427,0
1732,140,1.0233083963394165,0
1732,16,0.5064854025840759,0
1732,665,0.5415276288986206,0
1732,699,2.6945648193359375,0
1732,522,0.8598251342773438,0
1542,1434,1.606396198272705,1
1542,1159,1.1908020973205566,0
1542,1699,0.8642640709877014,0
1542,447,1.096889615058899,0
1542,1553,0.7590212821960449,0
1542,527,0.8503329157829285,0
1542,627,0.9096828699111938,0
1542,1351,1.19520902633667,0
1542,666,0.9144341945648193,0
1542,175,0.8425162434577942,0
1542,1558,0.5504805445671082,0
1542,1499,0.8977892398834229,0
1542,680,1.7983556985855103,0
1542,338,0.8320115804672241,0
1542,1888,0.9227418899536133,0
1542,610,0.446391224861145,0
1542,1318,0.887117862701416,0
1542,1140,0.6350598931312561,0
1542,642,0.8963420987129211,0
1542,1008,0.7728371024131775,0
1770,1489,1.0490663051605225,1
1770,115,0.8319007158279419,0
1770,72,1.0399818420410156,0
1770,2031,0.9791882038116455,0
1770,311,1.4395222663879395,0
1770,1648,0.5129688382148743,0
1770,1296,0.5655437707901001,0
1770,308,1.8035413026809692,0
1770,1230,0.9303811192512512,0
1770,1284,0.8056799173355103,0
1770,1816,0.5293335914611816,0
1770,378,0.6100170612335205,0
1770,1359,2.0021092891693115,0
1770,1174,1.0356509685516357,0
1770,1235,0.8551923632621765,0
1770,1780,0.995720386505127,0
1770,1390,0.8896409869194031,0
1770,1438,0.4757605493068695,0
1770,1063,0.6007256507873535,0
1770,1575,0.9800371527671814,0
1952,1435,1.0059175491333008,1
1952,299,0.8235901594161987,0
1952,775,0.4795052409172058,0
1952,42,0.7607402801513672,0
1952,362,1.3733965158462524,0
1952,1861,0.8433836102485657,0
1952,874,0.8952894806861877,0
1952,654,1.805438756942749,0
1952,1196,0.9750483632087708,0
1952,1954,0.5964821577072144,0
1952,1579,1.305710792541504,0
1952,1806,3.0758321285247803,0
1952,1599,0.5892795324325562,0
1952,568,0.9445496797561646,0
1952,236,0.9418295621871948,0
1952,1549,1.5486831665039062,0
1952,1225,0.5896889567375183,0
1952,2020,1.0087281465530396,0
1952,646,0.5897836089134216,0
1952,1775,0.4734773635864258,0
2476,104,2.040408134460449,1
2476,57,0.9598262310028076,0
2476,1035,1.1363215446472168,0
2476,284,0.909239649772644,0
2476,714,0.7742612361907959,0
2476,1452,0.47734323143959045,0
2476,1295,0.8531949520111084,0
2476,1480,0.85310959815979,0
2476,1675,0.8553945422172546,0
2476,234,1.085640788078308,0
2476,1325,1.0828074216842651,0
2476,731,0.9410228729248047,0
2476,313,0.45929014682769775,0
2476,862,0.828399121761322,0
2476,1210,1.2919834852218628,0
2476,788,0.9197872281074524,0
2476,711,1.2570537328720093,0
2476,1239,0.9557642936706543,0
2476,1938,0.5370471477508545,0
2476,1204,0.5497150421142578,0
3193,732,0.5636801719665527,1
3193,474,1.1875340938568115,0
3193,1872,0.563493549823761,0
3193,1953,1.5290871858596802,0
3193,1191,0.5006210803985596,0
3193,737,0.4605398178100586,0
3193,712,0.9026498794555664,0
3193,519,0.9197331070899963,0
3193,1812,0.8268517851829529,0
3193,924,1.3678789138793945,0
3193,1217,0.7740172147750854,0
3193,126,0.8342896699905396,0
3193,152,1.1367322206497192,0
3193,2055,0.4913918077945709,0
3193,32,0.88401198387146,0
3193,14,1.2296569347381592,0
3193,1634,0.8644881844520569,0
3193,757,0.8062344193458557,0
3193,726,0.8612920641899109,0
3193,1915,0.8619573712348938,0
2662,229,1.629761815071106,1
2662,152,1.1525455713272095,0
2662,466,0.8151845932006836,0
2662,1946,1.6008448600769043,0
2662,1428,0.8379475474357605,0
2662,1764,0.9052171111106873,0
2662,491,0.5796289443969727,0
2662,1708,1.1631971597671509,0
2662,1879,0.8707390427589417,0
2662,1,1.053355097770691,0
2662,120,1.5493031740188599,0
2662,1171,0.8141022324562073,0
2662,94,1.2858598232269287,0
2662,922,0.833452045917511,0
2662,29,0.4422425329685211,0
2662,161,0.4497089385986328,0
2662,1348,1.4756832122802734,0
2662,1573,0.9341104626655579,0
2662,1603,0.5225117206573486,0
2662,420,0.8906749486923218,0
2981,241,0.7785425782203674,1
2981,1886,0.8827155232429504,0
2981,435,0.9209427237510681,0
2981,124,0.4914191961288452,0
2981,2078,0.9009608030319214,0
2981,1914,1.3516238927841187,0
2981,1223,0.6641441583633423,0
2981,1987,0.9588359594345093,0
2981,22,0.7861645221710205,0
2981,1262,0.9606640338897705,0
2981,1158,0.9748562574386597,0
2981,587,0.6358579397201538,0
2981,1606,0.48180830478668213,0
2981,1316,1.0009709596633911,0
2981,86,1.362823724746704,0
2981,814,0.8647500276565552,0
2981,2021,1.156849980354309,0
2981,826,0.9679861664772034,0
2981,304,0.5666098594665527,0
2981,1705,1.5434129238128662,0
4016,554,0.5664595365524292,1
4016,1871,1.3619648218154907,0
4016,622,0.46598654985427856,0
4016,2039,1.1133018732070923,0
4016,1650,1.2379212379455566,0
4016,908,0.868359386920929,0
4016,299,0.818022608757019,0
4016,1251,0.8877993226051331,0
4016,205,0.8956052660942078,0
4016,1110,1.2891916036605835,0
4016,1057,0.6056948900222778,0
4016,438,0.9755958318710327,0
4016,125,0.6745969653129578,0
4016,752,0.8666281700134277,0
4016,1466,0.8337949514389038,0
4016,1362,0.7835290431976318,0
4016,1657,0.9580727815628052,0
4016,537,0.9148979783058167,0
4016,354,0.5037534832954407,0
4016,1252,0.5148930549621582,0
2490,1924,0.5050437450408936,1
2490,1377,1.1522536277770996,0
2490,824,1.3175841569900513,0
2490,1835,0.8431360125541687,0
2490,1109,0.9324066638946533,0
2490,579,1.6068506240844727,0
2490,318,0.8268463611602783,0
2490,190,0.9596503973007202,0
2490,907,1.0109268426895142,0
2490,196,0.5452569723129272,0
2490,353,1.0363973379135132,0
2490,1989,0.8365894556045532,0
2490,895,0.9657381176948547,0
2490,1338,0.9444091320037842,0
2490,340,1.2194026708602905,0
2490,1202,0.9130262732505798,0
2490,821,0.4694552421569824,0
2490,1075,0.4049221873283386,0
2490,1657,1.0127196311950684,0
2490,1193,0.4564228951931,0
243,1658,3.617922067642212,1
243,385,0.9236447215080261,0
243,809,0.9080560207366943,0
243,116,0.4899059236049652,0
243,470,0.8533411026000977,0
243,2008,1.3058421611785889,0
243,337,1.3944734334945679,0
243,1975,1.353171706199646,0
243,581,0.9967233538627625,0
243,170,1.0375913381576538,0
243,1446,0.8919591307640076,0
243,1343,0.9178721308708191,0
243,1280,0.8803764581680298,0
243,1028,0.8536722660064697,0
243,1998,0.7757192850112915,0
243,1976,1.3347665071487427,0
243,493,0.9052521586418152,0
243,227,0.4651647210121155,0
243,902,0.5440047979354858,0
243,2076,1.3390672206878662,0
2671,1820,0.9409589767456055,1
2671,1644,1.4033554792404175,0
2671,953,1.200575828552246,0
2671,1321,0.8781212568283081,0
2671,1701,0.59883713722229,0
2671,765,1.68450129032135,0
2671,367,1.0603053569793701,0
2671,396,0.9281220436096191,0
2671,673,0.490021288394928,0
2671,1683,0.9232643842697144,0
2671,1795,1.7181193828582764,0
2671,655,2.0690243244171143,0
2671,965,2.0693864822387695,0
2671,1280,0.8863672018051147,0
2671,1004,0.7990710139274597,0
2671,1968,1.0537199974060059,0
2671,1749,0.8758949637413025,0
2671,99,0.526421308517456,0
2671,1308,0.5693816542625427,0
2671,1482,0.9116417169570923,0
2193,356,0.577444314956665,1
2193,951,0.5150959491729736,0
2193,296,0.6173338890075684,0
2193,1485,0.6392150521278381,0
2193,8,1.0152148008346558,0
2193,307,1.1283133029937744,0
2193,1878,1.2431507110595703,0
2193,150,0.9849375486373901,0
2193,764,0.9783436059951782,0
2193,500,0.8744516372680664,0
2193,1396,1.3371721506118774,0
2193,1300,0.8607490658760071,0
2193,1355,1.8122689723968506,0
2193,1767,0.6310896277427673,0
2193,1866,1.2971603870391846,0
2193,1925,0.9881935119628906,0
2193,1837,1.0711431503295898,0
2193,866,0.936420738697052,0
2193,459,0.44144144654273987,0
2193,997,1.0928573608398438,0
1614,1053,1.5981874465942383,1
1614,132,1.043920874595642,0
1614,758,0.8289767503738403,0
1614,1235,0.8020198941230774,0
1614,733,1.387254238128662,0
1614,779,1.0524981021881104,0
1614,365,0.838701605796814,0
1614,1455,0.8199746012687683,0
1614,315,0.9921922087669373,0
1614,39,0.8555334806442261,0
1614,517,0.9275553822517395,0
1614,1939,0.9307321906089783,0
1614,1476,1.3708618879318237,0
1614,494,0.9249940514564514,0
1614,136,0.8487832546234131,0
1614,1645,0.8389201760292053,0
1614,285,0.9579310417175293,0
1614,640,1.6062161922454834,0
1614,1934,0.9655299186706543,0
1614,694,0.6727734804153442,0
2620,1075,0.423546701669693,1
2620,686,0.8580469489097595,0
2620,1552,0.7488065958023071,0
2620,1768,0.4547919034957886,0
2620,732,0.582520604133606,0
2620,1987,0.9021962881088257,0
2620,676,1.3881272077560425,0
2620,1287,0.8147027492523193,0
2620,380,0.4475129246711731,0
2620,1945,0.4016418755054474,0
2620,1574,0.7675955891609192,0
2620,328,1.4446163177490234,0
2620,1898,0.7367586493492126,0
2620,1487,0.9134145379066467,0
2620,1266,0.7598060369491577,0
2620,221,0.7981249690055847,0
2620,1098,0.7606148719787598,0
2620,245,0.9152123332023621,0
2620,640,1.5359501838684082,0
2620,1666,1.4300082921981812,0
3047,1515,1.696270227432251,1
3047,1306,1.045068383216858,0
3047,1108,1.0071361064910889,0
3047,622,0.48772919178009033,0
3047,1890,0.7930368781089783,0
3047,1333,1.2895206212997437,0
3047,1882,0.5124168395996094,0
3047,1612,0.8912346363067627,0
3047,1823,1.4664238691329956,0
3047,1977,0.9246102571487427,0
3047,1104,1.9016129970550537,0
3047,331,0.5932223796844482,0
3047,2015,0.6220060586929321,0
3047,1431,0.8693708777427673,0
3047,1320,0.8463017344474792,0
3047,889,0.85226970911026,0
3047,955,1.0153061151504517,0
3047,1354,0.9247307181358337,0
3047,64,0.9786585569381714,0
3047,2034,1.348165512084961,0
3290,550,0.8615597486495972,1
3290,1636,1.5568588972091675,0
3290,777,0.9341514110565186,0
3290,1229,0.845262348651886,0
3290,1356,0.848060667514801,0
3290,1863,0.43628373742103577,0
3290,1501,0.8264469504356384,0
3290,347,0.4968518614768982,0
3290,132,0.9277127385139465,0
3290,1078,0.9221551418304443,0
3290,271,1.6404987573623657,0
3290,1879,0.8550757765769958,0
3290,665,0.5238102078437805,0
3290,1992,0.8534732460975647,0
3290,891,0.8725312352180481,0
3290,31,0.9718342423439026,0
3290,1704,0.8675370216369629,0
3290,1658,2.9588069915771484,0
3290,589,0.4232305884361267,0
3290,1175,0.9361014366149902,0
3442,1052,0.631016731262207,1
3442,2011,0.8654618263244629,0
3442,45,0.5805500745773315,0
3442,143,1.0136401653289795,0
3442,832,0.5762682557106018,0
3442,675,0.9956861734390259,0
3442,1308,0.5847263336181641,0
3442,1465,0.8748501539230347,0
3442,1087,0.9420011639595032,0
3442,1580,1.291047215461731,0
3442,310,0.9825787544250488,0
3442,1684,0.9941259026527405,0
3442,1019,1.507646083831787,0
3442,123,1.454049825668335,0
3442,285,0.9358261823654175,0
3442,68,0.8140379190444946,0
3442,798,1.2511699199676514,0
3442,40,2.1055469512939453,0
3442,462,1.2648444175720215,0
3442,691,0.9204427599906921,0
1289,90,1.252023458480835,1
1289,1163,0.9318076968193054,0
1289,1395,0.7646291255950928,0
1289,1894,1.1980358362197876,0
1289,805,1.847703218460083,0
1289,1384,0.8278441429138184,0
1289,919,1.481821060180664,0
1289,1992,0.8579735159873962,0
1289,1733,0.9231686592102051,0
1289,1851,0.859600305557251,0
1289,1578,2.1011996269226074,0
1289,1452,0.43964147567749023,0
1289,1482,0.8322900533676147,0
1289,1232,1.36533784866333,0
1289,1416,1.039333462715149,0
1289,1837,0.9675505757331848,0
1289,354,0.47082531452178955,0
1289,1261,0.8837629556655884,0
1289,1775,0.4335673749446869,0
1289,1029,0.7296245098114014,0
1583,13,2.060117244720459,1
1583,847,1.3726030588150024,0
1583,469,1.695397138595581,0
1583,908,0.8435499668121338,0
1583,545,0.9669837951660156,0
1583,1700,0.8599709272384644,0
1583,1652,0.8944964408874512,0
1583,1730,1.3400017023086548,0
1583,143,0.9577162265777588,0
1583,1854,0.47024357318878174,0
1583,1792,1.276498556137085,0
1583,1126,0.8736859560012817,0
1583,2037,1.1418710947036743,0
1583,1457,1.1423699855804443,0
1583,755,1.3646215200424194,0
1583,1929,0.8006553649902344,0
1583,946,1.2245410680770874,0
1583,568,0.8799619078636169,0
1583,1333,1.202830195426941,0
1583,1888,0.8518450856208801,0
1904,1990,1.4027012586593628,1
1904,1746,1.0269306898117065,0
1904,1797,1.9076296091079712,0
1904,1399,2.1536991596221924,0
1904,356,0.5907366275787354,0
1904,1721,1.4695608615875244,0
1904,541,1.5595452785491943,0
1904,991,0.8951240181922913,0
1904,1329,1.2673509120941162,0
1904,1286,1.002478837966919,0
1904,764,1.0081290006637573,0
1904,115,0.8398709893226624,0
1904,1055,1.3844330310821533,0
1904,1690,1.08780038356781,0
1904,26,1.191787838935852,0
1904,2042,0.5031402707099915,0
1904,744,0.9612888097763062,0
1904,1364,1.349458932876587,0
1904,1915,1.0060598850250244,0
1904,536,0.8455383777618408,0
3422,329,0.5224970579147339,1
3422,540,1.6792460680007935,0
3422,1669,1.7175509929656982,0
3422,1796,1.5335038900375366,0
3422,703,0.8907775282859802,0
3422,65,1.0573537349700928,0
3422,58,1.184869647026062,0
3422,284,1.0015058517456055,0
3422,1597,1.7402565479278564,0
3422,822,0.8829317092895508,0
3422,1506,0.5720788240432739,0
3422,697,1.408526062965393,0
3422,484,0.5713558197021484,0
3422,609,0.6355758905410767,0
3422,454,1.0683754682540894,0
3422,1423,2.3290576934814453,0
3422,2051,1.8389017581939697,0
3422,1708,1.35603928565979,0
3422,1925,1.090837836265564,0
3422,1985,1.385839581489563,0
716,1273,1.714315414428711,1
716,493,0.8651133179664612,0
716,1442,0.9266231656074524,0
716,637,1.7029215097427368,0
716,1517,0.893809974193573,0
716,649,1.5095150470733643,0
716,1903,0.5839637517929077,0
716,1351,1.200905680656433,0
716,157,0.9512468576431274,0
716,1759,0.9220784306526184,0
716,259,0.9573150873184204,0
716,987,1.2547045946121216,0
716,1502,0.45712870359420776,0
716,1993,0.5133611559867859,0
716,2004,1.396917700767517,0
716,940,0.882652759552002,0
716,966,0.8911713361740112,0
716,1116,0.9137151837348938,0
716,55,1.579159140586853,0
716,1876,3.5665993690490723,0
3480,700,2.124398708343506,1
3480,481,1.0217434167861938,0
3480,1108,1.0944181680679321,0
3480,458,0.946382462978363,0
3480,1922,0.9440942406654358,0
3480,339,0.9605279564857483,0
3480,1932,3.7037768363952637,0
3480,748,1.107256293296814,0
3480,1928,1.4342015981674194,0
3480,1683,0.8779210448265076,0
3480,1726,0.8213856220245361,0
3480,609,0.5943045020103455,0
3480,1419,0.9352952241897583,0
3480,403,0.9670772552490234,0
3480,1417,0.5954238176345825,0
3480,767,0.5050166249275208,0
3480,1161,0.6658933758735657,0
3480,1313,1.6532734632492065,0
3480,917,1.068440318107605,0
3480,1892,0.5613186955451965,0
3678,1569,0.5099215507507324,1
3678,764,0.947064995765686,0
3678,744,0.9007135033607483,0
3678,1098,0.8059014678001404,0
3678,1824,0.5579391717910767,0
3678,1944,0.6703929305076599,0
3678,934,0.9179316759109497,0
3678,338,0.8249256610870361,0
3678,414,0.8439981937408447,0
3678,622,0.511013925075531,0
3678,1321,0.9558802247047424,0
3678,1703,2.8766438961029053,0
3678,2020,1.0537028312683105,0
3678,156,0.9585360288619995,0
3678,1618,0.882443368434906,0
3678,1831,0.964653730392456,0
3678,462,1.3026015758514404,0
3678,890,0.8703084588050842,0
3678,865,0.9163748025894165,0
3678,505,1.1155186891555786,0
1561,1545,1.498111367225647,1
1561,1062,0.8781413435935974,0
1561,1073,0.45999687910079956,0
1561,854,0.5052917003631592,0
1561,801,1.924952507019043,0
1561,1066,0.9520568251609802,0
1561,398,1.636873722076416,0
1561,1419,0.8343248963356018,0
1561,339,0.7772814035415649,0
1561,785,0.8199102282524109,0
1561,680,1.9932899475097656,0
1561,1410,0.920910656452179,0
1561,996,1.0473891496658325,0
1561,1004,0.7421221733093262,0
1561,1861,0.7566973567008972,0
1561,173,1.278688669204712,0
1561,197,0.8974092602729797,0
1561,927,0.8814604878425598,0
1561,148,1.513016700744629,0
1561,295,0.4428796172142029,0
2407,628,1.6618810892105103,1
2407,1783,1.1387132406234741,0
2407,1463,1.249258279800415,0
2407,143,0.9394701719284058,0
2407,52,0.9009303450584412,0
2407,688,0.799750804901123,0
2407,775,0.4216468930244446,0
2407,302,0.8695724010467529,0
2407,381,0.931804895401001,0
2407,610,0.409400075674057,0
2407,1088,1.3887439966201782,0
2407,949,0.4235392212867737,0
2407,400,0.4085928797721863,0
2407,1033,0.9153725504875183,0
2407,115,0.7385390996932983,0
2407,72,0.909101665019989,0
2407,714,0.726699948310852,0
2407,393,0.8775741457939148,0
2407,1967,0.41825830936431885,0
2407,57,0.9029379487037659,0
1677,1581,0.6963358521461487,1
1677,324,0.4589427709579468,0
1677,1686,1.6163614988327026,0
1677,823,1.6718933582305908,0
1677,1294,1.7932883501052856,0
1677,1690,0.936219334602356,0
1677,649,1.5601019859313965,0
1677,535,0.7973414659500122,0
1677,10,2.3207736015319824,0
1677,18,0.7836101651191711,0
1677,258,1.6990487575531006,0
1677,1758,0.39212676882743835,0
1677,236,0.8699153065681458,0
1677,1500,1.3778536319732666,0
1677,1739,1.5128297805786133,0
1677,342,1.0152910947799683,0
1677,2048,0.5326523780822754,0
1677,1092,1.7226816415786743,0
1677,1138,0.8279162645339966,0
1677,1323,2.9913806915283203,0
3896,1283,0.5860714912414551,1
3896,677,0.4321080148220062,0
3896,239,0.5394157767295837,0
3896,141,0.8570590615272522,0
3896,1191,0.5146592855453491,0
3896,871,0.9625837206840515,0
3896,1150,1.767061710357666,0
3896,643,0.9196945428848267,0
3896,1043,1.1855037212371826,0
3896,202,2.3521676063537598,0
3896,335,1.558651328086853,0
3896,23,0.5862266421318054,0
3896,1447,1.67306649684906,0
3896,1995,2.03967022895813,0
3896,76,0.8945659399032593,0
3896,199,1.3159483671188354,0
3896,1816,0.5071618556976318,0
3896,1786,0.8444706201553345,0
3896,454,0.9147552847862244,0
3896,1837,0.9798719882965088,0
3724,1208,0.5278392434120178,1
3724,974,0.8588308095932007,0
3724,1312,1.9067206382751465,0
3724,764,0.8878620266914368,0
3724,646,0.6015628576278687,0
3724,1196,0.8876638412475586,0
3724,1192,0.9699200987815857,0
3724,550,0.8955822587013245,0
3724,1314,0.7648392915725708,0
3724,834,1.2423633337020874,0
3724,457,0.8219250440597534,0
3724,1849,0.8188642859458923,0
3724,589,0.48114094138145447,0
3724,431,1.1883102655410767,0
3724,1441,0.9458239674568176,0
3724,1481,0.8389571309089661,0
3724,1492,0.8392940759658813,0
3724,377,1.3179090023040771,0
3724,1446,0.8918300271034241,0
3724,2003,0.5608649253845215,0
3519,1057,0.5833361148834229,1
3519,513,1.3915220499038696,0
3519,1870,0.8733596801757812,0
3519,1324,0.4804705083370209,0
3519,1213,0.478415846824646,0
3519,421,0.6372135877609253,0
3519,2030,1.8509454727172852,0
3519,316,1.3340071439743042,0
3519,1557,0.9785743951797485,0
3519,1227,1.0386359691619873,0
3519,646,0.6000769138336182,0
3519,271,1.9652957916259766,0
3519,1533,1.014136791229248,0
3519,1561,1.8006231784820557,0
3519,858,0.9515208601951599,0
3519,994,0.5453741550445557,0
3519,114,0.9930483102798462,0
3519,83,1.0593253374099731,0
3519,1577,1.0396355390548706,0
3519,610,0.4378974139690399,0
3623,1488,0.4793623387813568,1
3623,466,0.8545897603034973,0
3623,2059,0.5093673467636108,0
3623,583,0.906643807888031,0
3623,1686,1.5119727849960327,0
3623,1132,1.3452727794647217,0
3623,582,0.8255628347396851,0
3623,1661,0.8761478662490845,0
3623,1206,0.5012449026107788,0
3623,2034,1.2632405757904053,0
3623,320,0.9888785481452942,0
3623,1533,0.9542719721794128,0
3623,238,1.4576207399368286,0
3623,1996,0.8663548827171326,0
3623,1709,0.9324721097946167,0
3623,1061,0.9382683634757996,0
3623,97,1.764843225479126,0
3623,2,0.4848541021347046,0
3623,1902,0.5536004900932312,0
3623,29,0.5112323760986328,0
1460,1871,1.532349944114685,1
1460,1691,0.9162308573722839,0
1460,971,0.5251131057739258,0
1460,148,1.5391054153442383,0
1460,935,0.9724677801132202,0
1460,2007,0.6634758114814758,0
1460,1527,0.5818009376525879,0
1460,777,0.978052020072937,0
1460,104,2.2116432189941406,0
1460,215,0.9014589190483093,0
1460,1219,1.1796077489852905,0
1460,1278,3.827897548675537,0
1460,1272,1.6231722831726074,0
1460,1108,0.9882568120956421,0
1460,1121,1.0855510234832764,0
1460,1510,0.8958519697189331,0
1460,1878,1.2823269367218018,0
1460,697,1.2685918807983398,0
1460,1157,1.9586989879608154,0
1460,1956,1.0058465003967285,0
1119,965,1.8849791288375854,1
1119,1070,0.8806265592575073,0
1119,809,0.9184811115264893,0
1119,1530,0.8634443879127502,0
1119,264,0.5578503608703613,0
1119,1856,0.8070158958435059,0
1119,1350,1.0093541145324707,0
1119,1550,0.9284369945526123,0
1119,365,0.8992151021957397,0
1119,1101,0.8817465305328369,0
1119,853,0.8539280891418457,0
1119,304,0.6127737760543823,0
1119,879,1.1239396333694458,0
1119,1298,0.9053898453712463,0
1119,601,0.524177610874176,0
1119,1503,0.7041558027267456,0
1119,1349,0.9805240631103516,0
1119,1216,0.9957600831985474,0
1119,383,0.9794649481773376,0
1119,161,0.565326452255249,0
2786,1463,1.4712374210357666,1
2786,1409,0.5351999998092651,0
2786,987,1.3976588249206543,0
2786,2037,1.2830382585525513,0
2786,1090,0.8796082735061646,0
2786,2051,1.8433823585510254,0
2786,2016,1.0027769804000854,0
2786,1950,1.5120283365249634,0
2786,1126,0.9374167323112488,0
2786,1870,0.9124603271484375,0
2786,2019,0.9921635985374451,0
2786,1589,2.0057373046875,0
2786,1251,1.0383683443069458,0
2786,307,1.0843462944030762,0
2786,1788,0.9040223360061646,0
2786,1228,1.0102609395980835,0
2786,1491,1.2365481853485107,0
2786,1288,0.9860485792160034,0
2786,437,1.468585729598999,0
2786,1641,1.7587082386016846,0
1996,1265,0.9840496182441711,1
1996,1069,0.6116665601730347,0
1996,1749,0.9361552000045776,0
1996,1182,1.4141559600830078,0
1996,56,1.0519918203353882,0
1996,523,1.4166218042373657,0
1996,1966,0.8211750388145447,0
1996,1727,1.052390694618225,0
1996,1981,1.6813457012176514,0
1996,494,1.0219954252243042,0
1996,1351,1.3206795454025269,0
1996,1382,0.9020975828170776,0
1996,1530,0.8997703194618225,0
1996,1177,0.9691916704177856,0
1996,279,1.0554112195968628,0
1996,80,1.3985283374786377,0
1996,434,1.0189045667648315,0
1996,400,0.44099506735801697,0
1996,2046,0.9113776683807373,0
1996,1360,0.9955805540084839,0
3038,698,0.9073216915130615,1
3038,904,0.7598176598548889,0
3038,1216,0.8652136325836182,0
3038,1728,1.6549062728881836,0
3038,1989,0.7913749814033508,0
3038,1084,0.7599235773086548,0
3038,483,2.172358512878418,0
3038,1965,1.2980687618255615,0
3038,1670,0.7715657353401184,0
3038,1971,2.0210955142974854,0
3038,1788,0.8199943900108337,0
3038,811,0.8984578847885132,0
3038,1243,0.5422815084457397,0
3038,1044,0.44781383872032166,0
3038,1011,1.5888303518295288,0
3038,2024,0.7795619964599609,0
3038,1691,0.8355117440223694,0
3038,1858,1.132232427597046,0
3038,1988,0.4640486240386963,0
3038,1949,1.3367840051651,0
2390,1281,0.5140761137008667,1
2390,1410,1.00270676612854,0
2390,2044,1.562433123588562,0
2390,2046,0.8260141015052795,0
2390,308,1.6187431812286377,0
2390,1415,0.8813280463218689,0
2390,1820,0.8879674673080444,0
2390,1599,0.5947601795196533,0
2390,2021,1.1142252683639526,0
2390,1316,0.9351696968078613,0
2390,1772,0.843520998954773,0
2390,384,0.48636963963508606,0
2390,1682,0.9725346565246582,0
2390,760,1.9588183164596558,0
2390,1713,1.6885627508163452,0
2390,13,1.986596703529358,0
2390,1416,1.0579880475997925,0
2390,1533,0.9769371747970581,0
2390,1678,0.9792836904525757,0
2390,825,0.8616045117378235,0
3779,1737,0.38972464203834534,1
3779,1368,0.5749623775482178,0
3779,957,0.9564605355262756,0
3779,79,1.3512399196624756,0
3779,633,1.6358641386032104,0
3779,1010,0.9483479857444763,0
3779,595,1.732206106185913,0
3779,571,0.9245780110359192,0
3779,1805,0.979755163192749,0
3779,364,1.2996935844421387,0
3779,2032,0.9617820978164673,0
3779,1239,1.0126895904541016,0
3779,1531,0.6024022698402405,0
3779,1982,0.9797399044036865,0
3779,2052,0.9262133836746216,0
3779,368,0.9732187390327454,0
3779,1544,0.862093985080719,0
3779,1116,0.935450553894043,0
3779,1888,0.9498138427734375,0
3779,131,0.9275849461555481,0
2559,1362,0.7156184911727905,1
2559,629,0.4652801752090454,0
2559,1195,0.4365221858024597,0
2559,838,1.3028559684753418,0
2559,438,0.9295905232429504,0
2559,229,1.4699853658676147,0
2559,2038,2.23922061920166,0
2559,450,0.46846166253089905,0
2559,1125,0.7722432613372803,0
2559,188,1.2382179498672485,0
2559,1518,1.6448466777801514,0
2559,1893,0.820366382598877,0
2559,487,0.7349922060966492,0
2559,372,0.3651161193847656,0
2559,292,0.4385160803794861,0
2559,331,0.48115450143814087,0
2559,779,0.9201125502586365,0
2559,1005,0.821943461894989,0
2559,259,0.8491028547286987,0
2559,1859,1.1055045127868652,0
3059,1827,0.48523250222206116,1
3059,2064,1.0002261400222778,0
3059,71,1.749004602432251,0
3059,727,0.46172696352005005,0
3059,2019,0.9326382279396057,0
3059,1441,0.9932687282562256,0
3059,1518,1.81059992313385,0
3059,1078,1.0285494327545166,0
3059,1161,0.6330263614654541,0
3059,1232,1.6108683347702026,0
3059,690,2.0046322345733643,0
3059,413,0.9568676352500916,0
3059,1393,2.0926380157470703,0
3059,157,0.9791796803474426,0
3059,99,0.5569218397140503,0
3059,1655,0.9387287497520447,0
3059,998,0.8908803462982178,0
3059,565,1.3481950759887695,0
3059,265,1.0389020442962646,0
3059,1593,0.9723846316337585,0
1532,1449,0.5675777196884155,1
1532,297,2.1274232864379883,0
1532,1096,1.3215296268463135,0
1532,1786,0.8982386589050293,0
1532,389,1.143175721168518,0
1532,1965,1.4250755310058594,0
1532,1701,0.6726719737052917,0
1532,1895,0.9153491258621216,0
1532,1404,0.821471095085144,0
1532,726,0.9419196844100952,0
1532,1039,0.8872829675674438,0
1532,970,1.022567629814148,0
1532,1177,0.9695983529090881,0
1532,1197,1.0587477684020996,0
1532,1372,0.9023595452308655,0
1532,1898,0.8785465359687805,0
1532,1630,1.3977633714675903,0
1532,1240,1.010443091392517,0
1532,1655,0.9373847246170044,0
1532,779,1.1242821216583252,0
2907,2061,0.6444660425186157,1
2907,742,0.8604437112808228,0
2907,564,0.9955860376358032,0
2907,1656,0.5992757081985474,0
2907,350,0.7713245153427124,0
2907,440,0.8597548604011536,0
2907,1644,1.3261710405349731,0
2907,1239,1.07012939453125,0
2907,933,0.9018453359603882,0
2907,408,1.133103370666504,0
2907,268,0.8464174270629883,0
2907,369,2.314176559448242,0
2907,1695,0.5879658460617065,0
2907,790,1.4480332136154175,0
2907,1176,0.587049126625061,0
2907,235,2.3591485023498535,0
2907,1221,0.8845217823982239,0
2907,959,1.3836389780044556,0
2907,1352,0.9688971042633057,0
2907,646,0.56807941198349,0
3602,2074,0.7241302728652954,1
3602,1975,1.501918911933899,0
3602,317,1.0713164806365967,0
3602,301,1.5105135440826416,0
3602,851,1.0744751691818237,0
3602,1098,0.9912443161010742,0
3602,1075,0.5592419505119324,0
3602,1276,1.0182195901870728,0
3602,1923,1.4864859580993652,0
3602,1737,0.4923657476902008,0
3602,1018,0.6209847331047058,0
3602,1128,0.7221531867980957,0
3602,655,2.152575731277466,0
3602,512,1.0019619464874268,0
3602,1063,0.7575654983520508,0
3602,1184,1.3684030771255493,0
3602,836,1.7863683700561523,0
3602,1369,1.345050573348999,0
3602,1822,1.6530801057815552,0
3602,1926,1.191956639289856,0
532,634,0.45623674988746643,1
532,878,0.5512046217918396,0
532,488,0.8356079459190369,0
532,2077,0.8368159532546997,0
532,513,1.1940217018127441,0
532,2010,0.5058754682540894,0
532,895,0.9075660705566406,0
532,918,1.3108841180801392,0
532,401,0.8693008422851562,0
532,986,1.3992072343826294,0
532,303,0.8063247203826904,0
532,1614,0.9800912141799927,0
532,768,0.8478912711143494,0
532,263,0.9545985460281372,0
532,67,1.1465775966644287,0
532,380,0.508078396320343,0
532,824,1.234025239944458,0
532,853,0.7942523956298828,0
532,1688,0.5439338684082031,0
532,104,2.065319299697876,0
1333,499,1.079126000404358,1
1333,1957,1.0718810558319092,0
1333,1643,2.4582695960998535,0
1333,1480,0.986888587474823,0
1333,501,1.4239094257354736,0
1333,1434,1.8527846336364746,0
1333,590,2.979872703552246,0
1333,387,0.6012963056564331,0
1333,1066,1.1056194305419922,0
1333,1383,0.8613782525062561,0
1333,500,0.908210039138794,0
1333,496,1.0704766511917114,0
1333,610,0.4940933287143707,0
1333,2048,0.686587929725647,0
1333,115,0.8321879506111145,0
1333,1300,0.8707815408706665,0
1333,718,0.9816336035728455,0
1333,1751,0.7027053236961365,0
1333,932,1.8580833673477173,0
1333,2029,0.9505584836006165,0
2317,1806,3.0263166427612305,1
2317,152,1.073280930519104,0
2317,64,0.7880241274833679,0
2317,737,0.3715614080429077,0
2317,1157,1.8162729740142822,0
2317,655,1.822623610496521,0
2317,1155,0.8519468903541565,0
2317,2060,1.1523076295852661,0
2317,574,0.7865307331085205,0
2317,1861,0.7074987292289734,0
2317,47,0.832021951675415,0
2317,670,0.8357730507850647,0
2317,2030,1.546250343322754,0
2317,665,0.4375400245189667,0
2317,1460,0.7688729763031006,0
2317,1486,0.7466880083084106,0
2317,480,0.44049397110939026,0
2317,346,0.4339171350002289,0
2317,630,0.35200387239456177,0
2317,361,0.9027872085571289,0
1551,1231,1.4155136346817017,1
1551,490,0.7491353750228882,0
1551,1833,0.8519513607025146,0
1551,240,0.900363564491272,0
1551,658,1.1293964385986328,0
1551,546,1.0209749937057495,0
1551,2010,0.5185560584068298,0
1551,935,0.9152058959007263,0
1551,385,0.8612267971038818,0
1551,1494,1.1908321380615234,0
1551,1694,1.897475004196167,0
1551,101,2.1399970054626465,0
1551,122,1.623186469078064,0
1551,1260,0.8885710835456848,0
1551,1814,0.9052213430404663,0
1551,1532,1.721468448638916,0
1551,1055,1.1628313064575195,0
1551,2069,0.5584970712661743,0
1551,1807,0.9334288835525513,0
1551,25,0.8608299493789673,0
4131,1059,0.44191163778305054,1
4131,1907,1.5219511985778809,0
4131,133,0.6019693613052368,0
4131,1539,0.8998866081237793,0
4131,1247,0.7338062524795532,0
4131,524,0.5620744228363037,0
4131,1829,4.140785217285156,0
4131,1620,3.627476215362549,0
4131,162,1.052327275276184,0
4131,723,0.5608097910881042,0
4131,1216,1.0924768447875977,0
4131,1305,0.5112031102180481,0
4131,1802,1.7362054586410522,0
4131,405,1.0472397804260254,0
4131,681,1.2568856477737427,0
4131,312,1.0104371309280396,0
4131,580,0.9507340788841248,0
4131,1056,1.0158482789993286,0
4131,469,2.0634207725524902,0
4131,742,0.8780819177627563,0
4127,524,0.5174555778503418,1
4127,865,1.001478672027588,0
4127,1469,0.8969382643699646,0
4127,1045,1.0563374757766724,0
4127,1831,0.9888839721679688,0
4127,371,0.6426517963409424,0
4127,1918,1.5999641418457031,0
4127,1704,1.0277564525604248,0
4127,1540,0.5440385937690735,0
4127,1170,1.702365517616272,0
4127,345,5.965034484863281,0
4127,349,1.4560023546218872,0
4127,397,1.0609270334243774,0
4127,1955,0.6260290145874023,0
4127,1998,0.8139524459838867,0
4127,1982,1.0353699922561646,0
4127,1175,1.0073210000991821,0
4127,1506,0.5144965648651123,0
4127,1513,1.9716544151306152,0
4127,458,0.946228563785553,0
1873,1102,0.9282344579696655,1
1873,1574,0.8262532353401184,0
1873,991,0.8377692103385925,0
1873,285,0.9682978987693787,0
1873,1007,0.8883634805679321,0
1873,2025,0.88942950963974,0
1873,150,0.9653876423835754,0
1873,1589,1.7928481101989746,0
1873,569,0.9408758878707886,0
1873,1135,0.9066081047058105,0
1873,505,1.0818331241607666,0
1873,541,1.3657186031341553,0
1873,664,0.8728229403495789,0
1873,1160,2.2200024127960205,0
1873,682,0.9077393412590027,0
1873,371,0.6397852897644043,0
1873,302,0.9727853536605835,0
1873,1880,1.0053216218948364,0
1873,745,1.430710792541504,0
1873,770,0.4444153606891632,0
2618,1534,0.5156739950180054,1
2618,2038,2.3107850551605225,0
2618,567,1.7097206115722656,0
2618,1382,0.7966096997261047,0
2618,1503,0.5546813011169434,0
2618,519,0.888183057308197,0
2618,746,0.9713439345359802,0
2618,804,0.8528823852539062,0
2618,1934,0.8805534243583679,0
2618,59,1.2009040117263794,0
2618,447,1.1495264768600464,0
2618,2059,0.46425503492355347,0
2618,1822,1.4802119731903076,0
2618,525,0.8384895324707031,0
2618,1690,0.8984524011611938,0
2618,628,1.709631085395813,0
2618,561,0.5332016348838806,0
2618,1102,0.9123643040657043,0
2618,1800,0.75119948387146,0
2618,1526,0.8697105646133423,0
245,1273,1.9946541786193848,1
245,842,1.0634039640426636,0
245,553,1.0157052278518677,0
245,761,1.0001251697540283,0
245,1659,1.1688305139541626,0
245,115,0.8802987933158875,0
245,158,0.939378023147583,0
245,352,1.0539759397506714,0
245,1957,1.1168417930603027,0
245,461,1.472774863243103,0
245,370,0.9154378771781921,0
245,614,0.9476175308227539,0
245,54,1.1137136220932007,0
245,1906,0.6257439851760864,0
245,1982,1.0736371278762817,0
245,1873,1.0580655336380005,0
245,1788,0.9708470702171326,0
245,936,1.3110113143920898,0
245,602,0.8909372687339783,0
245,738,1.1409794092178345,0
161,1938,0.5294826030731201,1
161,384,0.4792378842830658,0
161,1267,0.9675014615058899,0
161,389,0.9816762208938599,0
161,1697,0.7894919514656067,0
161,28,0.5778768062591553,0
161,1071,0.8598510026931763,0
161,794,0.8305851817131042,0
161,941,1.0012980699539185,0
161,671,1.180811882019043,0
161,983,1.4328529834747314,0
161,1239,0.9556000828742981,0
161,1634,0.8780576586723328,0
161,1457,1.1026145219802856,0
161,1501,0.8637757897377014,0
161,951,0.47099125385284424,0
161,289,0.8125019073486328,0
161,939,0.48299673199653625,0
161,109,0.4481849670410156,0
161,1510,0.8344748020172119,0
804,500,0.8289678692817688,1
804,210,1.042969822883606,0
804,1977,0.8710740208625793,0
804,1075,0.4444113075733185,0
804,3,0.9321673512458801,0
804,1753,0.9595798254013062,0
804,1526,0.8316839933395386,0
804,739,1.0243737697601318,0
804,561,0.6002533435821533,0
804,1591,0.8514485955238342,0
804,1677,0.5402601361274719,0
804,250,1.0251344442367554,0
804,521,0.5194135308265686,0
804,1101,0.8533844947814941,0
804,356,0.4844397306442261,0
804,482,1.5350332260131836,0
804,1072,0.8869584202766418,0
804,1962,0.5353863835334778,0
804,1539,0.8862127065658569,0
804,1552,0.7654633522033691,0
2267,1629,0.4588072597980499,1
2267,1070,0.852433979511261,0
2267,133,0.5486564636230469,0
2267,1147,1.2400215864181519,0
2267,1638,0.9636986255645752,0
2267,335,1.6883213520050049,0
2267,1949,1.4697095155715942,0
2267,345,5.7609944343566895,0
2267,721,0.9427116513252258,0
2267,1901,1.4240813255310059,0
2267,480,0.5403734445571899,0
2267,1082,1.7703880071640015,0
2267,20,1.5867300033569336,0
2267,1501,0.9461271166801453,0
2267,819,0.9050256013870239,0
2267,1983,1.5456562042236328,0
2267,34,0.9090937376022339,0
2267,2013,1.5274138450622559,0
2267,715,0.9240465760231018,0
2267,558,0.5688936710357666,0
2081,39,0.9242439270019531,1
2081,1851,0.9026269912719727,0
2081,651,1.5472480058670044,0
2081,238,1.5104091167449951,0
2081,1460,0.9516164064407349,0
2081,1862,0.9260794520378113,0
2081,1613,0.5504852533340454,0
2081,384,0.5187349319458008,0
2081,1396,1.3531793355941772,0
2081,947,0.9315583109855652,0
2081,677,0.46372634172439575,0
2081,1250,1.2694662809371948,0
2081,1566,1.039634346961975,0
2081,803,1.7152843475341797,0
2081,52,0.9593318700790405,0
2081,1011,1.6341958045959473,0
2081,1777,1.6400184631347656,0
2081,403,0.9059993028640747,0
2081,631,0.5278706550598145,0
2081,1611,0.5827270746231079,0
1762,245,1.196762204170227,1
1762,166,0.47504764795303345,0
1762,1197,1.2287412881851196,0
1762,1895,0.9483588933944702,0
1762,479,1.1180860996246338,0
1762,1401,1.0790505409240723,0
1762,484,0.6139361262321472,0
1762,1915,1.074686050415039,0
1762,1642,1.9986646175384521,0
1762,725,0.6426464319229126,0
1762,450,0.6178656816482544,0
1762,572,2.6125576496124268,0
1762,1312,2.5222702026367188,0
1762,1938,0.6001960039138794,0
1762,605,1.0383059978485107,0
1762,680,2.3086905479431152,0
1762,179,1.512946605682373,0
1762,1086,1.1921958923339844,0
1762,1355,2.219496965408325,0
1762,1772,0.9742099046707153,0
3060,1650,1.288309097290039,1
3060,2044,1.5821099281311035,0
3060,1047,0.5166288614273071,0
3060,1780,0.8728986382484436,0
3060,1367,0.48826542496681213,0
3060,256,1.9225164651870728,0
3060,1687,0.8200054168701172,0
3060,1478,0.8212607502937317,0
3060,1698,0.4779139757156372,0
3060,203,0.9016642570495605,0
3060,1173,1.1289348602294922,0
3060,376,0.3927884101867676,0
3060,670,0.8714007139205933,0
3060,1550,0.8174723386764526,0
3060,1459,0.8740922212600708,0
3060,1027,0.8231801390647888,0
3060,1436,0.7458010911941528,0
3060,626,0.8376297950744629,0
3060,229,1.551261305809021,0
3060,485,0.7025260925292969,0
1280,2025,0.9054979681968689,1
1280,800,0.8761914968490601,0
1280,1586,1.1181317567825317,0
1280,1034,1.222798466682434,0
1280,1339,1.2843444347381592,0
1280,533,1.588903546333313,0
1280,474,1.1968239545822144,0
1280,484,0.5338512659072876,0
1280,945,0.5427570343017578,0
1280,317,0.8548067808151245,0
1280,252,0.5555620193481445,0
1280,1251,0.8995662331581116,0
1280,1335,0.8539549708366394,0
1280,851,0.8124204874038696,0
1280,132,1.0249674320220947,0
1280,152,1.203334927558899,0
1280,1227,0.926345705986023,0
1280,868,1.0001273155212402,0
1280,1217,0.8301613926887512,0
1280,460,0.9195844531059265,0
1328,967,0.8463812470436096,1
1328,259,0.9794761538505554,0
1328,349,1.3906879425048828,0
1328,1615,0.8650962710380554,0
1328,638,0.879170835018158,0
1328,608,0.9524897336959839,0
1328,1148,0.9302406311035156,0
1328,542,0.8218913674354553,0
1328,1938,0.5195314288139343,0
1328,1209,0.8623175024986267,0
1328,774,0.7784343957901001,0
1328,410,1.3126381635665894,0
1328,227,0.4336095452308655,0
1328,2028,1.3992239236831665,0
1328,271,1.7870938777923584,0
1328,1983,1.5294718742370605,0
1328,1350,0.9426294565200806,0
1328,1465,0.8824048638343811,0
1328,138,0.4736963212490082,0
1328,1528,1.5172035694122314,0
1340,1703,3.1187613010406494,1
1340,1803,0.5152229070663452,0
1340,2017,1.1414254903793335,0
1340,559,1.146912693977356,0
1340,1821,1.0933899879455566,0
1340,647,1.4088762998580933,0
1340,878,0.6757229566574097,0
1340,782,1.1326555013656616,0
1340,173,1.4243769645690918,0
1340,393,1.0890247821807861,0
1340,1284,0.792959988117218,0
1340,843,0.5910298824310303,0
1340,1482,0.9779524803161621,0
1340,1290,0.7537796497344971,0
1340,1567,1.9206442832946777,0
1340,244,1.0150461196899414,0
1340,1929,0.9443938136100769,0
1340,1871,1.635420560836792,0
1340,156,1.0445390939712524,0
1340,501,1.5111970901489258,0
2508,983,1.6231762170791626,1
2508,1961,0.9589632153511047,0
2508,1850,0.9547872543334961,0
2508,1326,1.115207314491272,0
2508,255,0.8537695407867432,0
2508,2003,0.5941296815872192,0
2508,455,1.6877785921096802,0
2508,769,0.9319920539855957,0
2508,83,1.0242023468017578,0
2508,207,0.9448874592781067,0
2508,663,0.9373670220375061,0
2508,1742,1.0679157972335815,0
2508,1659,0.9999643564224243,0
2508,1788,0.9214006662368774,0
2508,1803,0.5083014965057373,0
2508,125,0.7627188563346863,0
2508,1498,0.9972044825553894,0
2508,1548,1.6533730030059814,0
2508,1279,0.9530521035194397,0
2508,420,0.9501174688339233,0
1966,1044,0.4459117650985718,1
1966,1738,0.45189574360847473,0
1966,668,0.5589799880981445,0
1966,449,1.2381703853607178,0
1966,131,0.8724783062934875,0
1966,1941,0.8732528686523438,0
1966,1851,0.8677317500114441,0
1966,1620,3.159235954284668,0
1966,1305,0.44283267855644226,0
1966,319,0.891412079334259,0
1966,1324,0.4590979814529419,0
1966,1431,0.7901706695556641,0
1966,1611,0.5072380304336548,0
1966,609,0.5030050277709961,0
1966,1879,0.8156694769859314,0
1966,162,0.8830857872962952,0
1966,1944,0.6005005836486816,0
1966,100,0.9775837659835815,0
1966,2005,0.9941118955612183,0
1966,1964,0.9096881151199341,0
3577,507,0.4924370050430298,1
3577,1782,0.8141082525253296,0
3577,1185,0.9973577260971069,0
3577,1584,0.9361218214035034,0
3577,1143,0.5182652473449707,0
3577,1867,1.7676599025726318,0
3577,339,0.8710624575614929,0
3577,1230,0.8286118507385254,0
3577,1654,1.730059027671814,0
3577,150,0.9008671641349792,0
3577,1023,1.5300309658050537,0
3577,1277,1.184816837310791,0
3577,1077,1.185990571975708,0
3577,1818,1.7126597166061401,0
3577,556,0.9986056685447693,0
3577,145,0.9852666258811951,0
3577,1543,0.8359909057617188,0
3577,967,0.8170270323753357,0
3577,1537,0.5352096557617188,0
3577,151,2.2048418521881104,0
2622,267,0.5821881294250488,1
2622,27,1.0015791654586792,0
2622,744,1.023182988166809,0
2622,305,0.9625141620635986,0
2622,1998,0.8797217011451721,0
2622,1236,1.548148274421692,0
2622,1407,1.3410626649856567,0
2622,712,1.1177018880844116,0
2622,1305,0.5250903367996216,0
2622,1452,0.5543121695518494,0
2622,665,0.6823763251304626,0
2622,1657,1.149471402168274,0
2622,658,1.4644356966018677,0
2622,1891,1.5183806419372559,0
2622,1845,1.5527528524398804,0
2622,1690,1.1315045356750488,0
2622,1130,1.0023934841156006,0
2622,190,1.1686419248580933,0
2622,531,0.6192745566368103,0
2622,1798,1.0832849740982056,0
184,1719,1.3091131448745728,1
184,1763,0.5785131454467773,0
184,797,0.6080400943756104,0
184,2054,0.8365578055381775,0
184,587,0.5913383364677429,0
184,179,1.2062218189239502,0
184,265,0.9987402558326721,0
184,1063,0.5524477958679199,0
184,750,0.8015336990356445,0
184,236,0.8866657614707947,0
184,1995,1.9737682342529297,0
184,526,0.9044142365455627,0
184,371,0.592995285987854,0
184,809,0.907904863357544,0
184,1412,1.0131298303604126,0
184,1106,1.076141119003296,0
184,1230,0.8464580178260803,0
184,304,0.5662262439727783,0
184,672,0.5851874351501465,0
184,1678,0.9936957359313965,0
3219,653,0.5446321368217468,1
3219,540,1.5957220792770386,0
3219,606,0.997591495513916,0
3219,1977,0.8759365081787109,0
3219,1072,0.8833116888999939,0
3219,505,1.107557773590088,0
3219,344,0.483359694480896,0
3219,1215,1.043042540550232,0
3219,11,0.5383172035217285,0
3219,446,0.49149203300476074,0
3219,818,1.3542559146881104,0
3219,1609,1.0256946086883545,0
3219,407,1.9711802005767822,0
3219,1816,0.48556095361709595,0
3219,1841,0.46722862124443054,0
3219,140,1.068164587020874,0
3219,928,1.0743581056594849,0
3219,489,0.5205090045928955,0
3219,1264,0.9979664087295532,0
3219,53,0.4867079555988312,0
3825,854,0.5939894914627075,1
3825,827,0.5255985260009766,0
3825,2009,0.9505877494812012,0
3825,422,0.8189940452575684,0
3825,1431,0.8362115025520325,0
3825,517,0.8988933563232422,0
3825,1105,0.4816829562187195,0
3825,2052,0.9046958684921265,0
3825,1196,0.9320694804191589,0
3825,2012,0.9036643505096436,0
3825,441,0.9855803847312927,0
3825,297,1.9306663274765015,0
3825,1688,0.5645334720611572,0
3825,544,0.8448147773742676,0
3825,957,0.9140413999557495,0
3825,681,1.0477083921432495,0
3825,214,0.5234030485153198,0
3825,1630,1.2259211540222168,0
3825,1311,0.4622771441936493,0
3825,871,0.9377123117446899,0
172,1697,0.9105228781700134,1
172,280,1.0784698724746704,0
172,148,1.6278822422027588,0
172,821,0.5284563899040222,0
172,710,0.9368234872817993,0
172,632,0.9352986812591553,0
172,1471,1.0391242504119873,0
172,532,0.8718565106391907,0
172,831,2.0444834232330322,0
172,41,1.4207183122634888,0
172,1324,0.49507957696914673,0
172,677,0.4530715346336365,0
172,791,0.8227792978286743,0
172,456,0.9331210255622864,0
172,933,0.9106140732765198,0
172,1813,0.9790105223655701,0
172,2048,0.6237797737121582,0
172,1780,0.9270010590553284,0
172,1371,0.843120276927948,0
172,58,1.0647181272506714,0
2194,1916,0.42888951301574707,1
2194,1680,0.708284318447113,0
2194,269,0.9392017126083374,0
2194,303,0.8248788118362427,0
2194,2002,1.0304949283599854,0
2194,1619,0.515454888343811,0
2194,129,0.61339271068573,0
2194,1010,0.9366264343261719,0
2194,47,0.9525189995765686,0
2194,1141,0.8655616044998169,0
2194,248,0.9201518893241882,0
2194,1344,1.0506908893585205,0
2194,1719,1.186596155166626,0
2194,438,0.9929832816123962,0
2194,1612,0.8265221118927002,0
2194,946,1.1510546207427979,0
2194,778,2.1064019203186035,0
2194,1928,1.2261229753494263,0
2194,777,0.8913475871086121,0
2194,1590,0.9880481362342834,0
313,159,1.882024884223938,1
313,1016,1.0384091138839722,0
313,1495,0.8081836104393005,0
313,507,0.48075932264328003,0
313,1785,0.8318260908126831,0
313,1458,1.095307469367981,0
313,1872,0.553411602973938,0
313,673,0.4653087556362152,0
313,472,1.4065731763839722,0
313,893,0.5532945990562439,0
313,1635,0.4989078640937805,0
313,1155,1.0274540185928345,0
313,734,0.900298535823822,0
313,1909,0.9222530126571655,0
313,239,0.48414528369903564,0
313,241,0.7560287117958069,0
313,297,2.1730740070343018,0
313,1857,0.9187378287315369,0
313,1963,1.2348384857177734,0
313,1841,0.48859748244285583,0
3403,902,0.548262357711792,1
3403,1921,0.5435625314712524,0
3403,594,1.878777265548706,0
3403,1443,1.006744384765625,0
3403,847,1.3867723941802979,0
3403,892,0.891915500164032,0
3403,332,0.9748099446296692,0
3403,1155,0.9223285913467407,0
3403,569,0.8911346793174744,0
3403,75,0.4097384214401245,0
3403,1015,0.9547314643859863,0
3403,1262,0.8841884136199951,0
3403,88,0.893869161605835,0
3403,1926,1.0085551738739014,0
3403,2037,1.1522283554077148,0
3403,1249,0.4017176032066345,0
3403,100,1.0455100536346436,0
3403,2039,1.1832358837127686,0
3403,1568,0.5070250034332275,0
3403,766,0.4709537625312805,0
3499,169,0.6155364513397217,1
3499,893,0.5778260231018066,0
3499,368,1.0451866388320923,0
3499,1776,0.8175093531608582,0
3499,2019,0.8876512050628662,0
3499,1149,0.5231412053108215,0
3499,326,0.5728702545166016,0
3499,930,1.6497169733047485,0
3499,833,0.9830643534660339,0
3499,802,0.9600009322166443,0
3499,260,0.5804744958877563,0
3499,484,0.49989935755729675,0
3499,178,0.5613306760787964,0
3499,433,1.7235305309295654,0
3499,388,0.9567215442657471,0
3499,874,0.9291172623634338,0
3499,727,0.4526944160461426,0
3499,676,1.4807202816009521,0
3499,1060,1.3141165971755981,0
3499,761,0.9005290269851685,0
1142,1548,1.6679571866989136,1
1142,1319,0.5765284299850464,0
1142,612,0.5490670204162598,0
1142,1536,2.1802122592926025,0
1142,1268,1.3634077310562134,0
1142,1084,0.8366626501083374,0
1142,310,1.0011965036392212,0
1142,1931,0.9774596691131592,0
1142,1093,0.4717414677143097,0
1142,462,1.3482780456542969,0
1142,1168,1.3280744552612305,0
1142,370,0.8422423005104065,0
1142,383,0.9911750555038452,0
1142,406,0.8960623145103455,0
1142,634,0.5083885788917542,0
1142,1784,1.0247323513031006,0
1142,437,1.30146062374115,0
1142,483,2.061414957046509,0
1142,1498,1.02000892162323,0
1142,283,0.9009050130844116,0
41,766,0.4335639476776123,1
41,658,1.2035448551177979,0
41,46,0.48618340492248535,0
41,1064,0.757875919342041,0
41,1323,3.0465874671936035,0
41,1333,1.267775535583496,0
41,237,1.9580366611480713,0
41,153,2.0055105686187744,0
41,2071,0.7685143947601318,0
41,501,1.382070779800415,0
41,1582,0.9789853692054749,0
41,1330,0.44366687536239624,0
41,81,0.8388235569000244,0
41,715,0.869648814201355,0
41,1420,0.9990109205245972,0
41,291,0.834131121635437,0
41,1500,1.429247498512268,0
41,1837,0.9667109251022339,0
41,1888,0.8997740745544434,0
41,1959,0.824332594871521,0
2600,2060,1.3483526706695557,1
2600,285,1.0153101682662964,0
2600,1331,0.7087594270706177,0
2600,618,0.9629877805709839,0
2600,712,1.0398529767990112,0
2600,2021,1.217531442642212,0
2600,782,1.0700901746749878,0
2600,1100,0.5274077653884888,0
2600,804,0.971575915813446,0
2600,891,1.0037585496902466,0
2600,1867,1.7482213973999023,0
2600,257,1.1771074533462524,0
2600,1124,2.994593620300293,0
2600,1515,1.7012207508087158,0
2600,1409,0.5849002599716187,0
2600,1293,0.6500635147094727,0
2600,1291,0.9415695667266846,0
2600,322,0.8845176696777344,0
2600,1740,0.5116143226623535,0
2600,211,1.0202182531356812,0
258,1822,1.5054287910461426,1
258,654,1.7343685626983643,0
258,857,0.5468246340751648,0
258,833,0.9545651078224182,0
258,132,1.0242568254470825,0
258,490,0.7889636158943176,0
258,94,1.3128511905670166,0
258,478,0.7865602970123291,0
258,1462,0.8931406140327454,0
258,301,1.2827095985412598,0
258,1804,0.8507165908813477,0
258,593,0.5526429414749146,0
258,41,1.3099470138549805,0
258,701,0.5601239204406738,0
258,92,0.9628825187683105,0
258,1573,0.9737510681152344,0
258,1261,0.906893789768219,0
258,931,0.5044513940811157,0
258,1574,0.8100004196166992,0
258,451,1.2063792943954468,0
1086,1942,1.7935051918029785,1
1086,1635,0.4630780518054962,0
1086,1645,0.7533249855041504,0
1086,1586,1.0467777252197266,0
1086,1370,1.2289409637451172,0
1086,236,0.8074734210968018,0
1086,486,0.4762192368507385,0
1086,1753,0.903953492641449,0
1086,339,0.768925130367279,0
1086,1848,1.2101091146469116,0
1086,767,0.39852702617645264,0
1086,1008,0.6729328036308289,0
1086,929,0.8469645977020264,0
1086,1810,0.6654102802276611,0
1086,301,1.1615394353866577,0
1086,1593,0.7700218558311462,0
1086,939,0.4252627491950989,0
1086,1210,1.17927885055542,0
1086,819,0.7807310819625854,0
1086,1754,0.4704810380935669,0
1003,949,0.4419995844364166,1
1003,754,1.2006057500839233,0
1003,1832,1.4461969137191772,0
1003,1005,0.853466272354126,0
1003,39,0.7755316495895386,0
1003,1149,0.5088626146316528,0
1003,1039,0.787131130695343,0
1003,1470,0.936613917350769,0
1003,1147,1.1644154787063599,0
1003,1928,1.2797785997390747,0
1003,1099,1.1731786727905273,0
1003,308,1.495851993560791,0
1003,163,0.8265970945358276,0
1003,161,0.4741644561290741,0
1003,335,1.4497771263122559,0
1003,513,1.2083702087402344,0
1003,92,0.9434769749641418,0
1003,1755,0.8912600874900818,0
1003,565,1.2635247707366943,0
1003,1208,0.4578048884868622,0
4106,1386,0.888677716255188,1
4106,612,0.4717015027999878,0
4106,967,0.7768905758857727,0
4106,1901,1.2971863746643066,0
4106,1445,2.2424471378326416,0
4106,1808,1.6108393669128418,0
4106,1620,3.165473461151123,0
4106,9,0.5044101476669312,0
4106,722,0.9090781211853027,0
4106,1339,1.248390793800354,0
4106,1761,0.8602688908576965,0
4106,639,1.4698377847671509,0
4106,314,0.4845508635044098,0
4106,1184,1.1468950510025024,0
4106,980,2.0697097778320312,0
4106,277,1.3220200538635254,0
4106,1888,0.8616077303886414,0
4106,1444,0.7940643429756165,0
4106,1487,0.9254617094993591,0
4106,576,0.7604557871818542,0
892,1632,2.676995038986206,1
892,1031,0.9420400857925415,0
892,757,0.9995266199111938,0
892,1172,0.634731113910675,0
892,1168,1.5549139976501465,0
892,259,1.1644765138626099,0
892,60,1.1556216478347778,0
892,1842,1.5834017992019653,0
892,120,1.7923650741577148,0
892,1623,0.9715256690979004,0
892,436,3.0251965522766113,0
892,2061,0.798847496509552,0
892,478,0.9117783308029175,0
892,1823,1.743952751159668,0
892,452,1.1352574825286865,0
892,1697,1.0389312505722046,0
892,906,0.666867196559906,0
892,1215,1.2172284126281738,0
892,257,1.3926223516464233,0
892,940,1.1250489950180054,0
153,1203,1.1988811492919922,1
153,774,0.7344582080841064,0
153,24,0.777420699596405,0
153,1900,0.853105366230011,0
153,567,1.6887739896774292,0
153,1339,1.227940559387207,0
153,860,0.8407064080238342,0
153,169,0.49560442566871643,0
153,560,0.9137104153633118,0
153,981,0.7938179969787598,0
153,1275,0.5238533616065979,0
153,1095,0.8667030334472656,0
153,1115,0.988426923751831,0
153,622,0.4145696759223938,0
153,73,0.8077309131622314,0
153,1531,0.4824128746986389,0
153,533,1.5396628379821777,0
153,313,0.4296957850456238,0
153,396,0.8202410340309143,0
153,108,0.9773517847061157,0
695,719,2.1653923988342285,1
695,915,1.4686864614486694,0
695,776,0.5472902059555054,0
695,1828,1.8457845449447632,0
695,303,0.91023188829422,0
695,2075,0.5182482004165649,0
695,281,0.5899341106414795,0
695,121,0.9227927923202515,0
695,636,1.0592291355133057,0
695,255,0.9382456541061401,0
695,828,1.0992969274520874,0
695,1230,0.9652430415153503,0
695,1645,0.9340758919715881,0
695,1703,3.187441349029541,0
695,685,1.151502251625061,0
695,1830,1.0752232074737549,0
695,1066,1.0843638181686401,0
695,1624,0.4763709306716919,0
695,708,0.8816537261009216,0
695,0,1.0053822994232178,0
3406,1756,0.5040503144264221,1
3406,116,0.48316535353660583,0
3406,940,0.8724552989006042,0
3406,2040,1.34979248046875,0
3406,775,0.42905956506729126,0
3406,68,0.8232581615447998,0
3406,1001,0.46779024600982666,0
3406,377,1.3718572854995728,0
3406,426,2.2847182750701904,0
3406,1375,0.8132379651069641,0
3406,348,0.9803346991539001,0
3406,1845,1.3104747533798218,0
3406,304,0.47693145275115967,0
3406,1252,0.48385918140411377,0
3406,923,2.864800453186035,0
3406,1940,0.809768795967102,0
3406,994,0.4765075743198395,0
3406,1601,0.868239164352417,0
3406,1432,0.7983051538467407,0
3406,33,1.280501365661621,0
2787,312,0.8926436901092529,1
2787,2016,0.8547635078430176,0
2787,1705,1.5979914665222168,0
2787,778,2.1487720012664795,0
2787,1579,1.2469242811203003,0
2787,1020,1.5121920108795166,0
2787,33,1.3295477628707886,0
2787,145,1.0065577030181885,0
2787,1320,0.8060928583145142,0
2787,455,1.6556899547576904,0
2787,1157,1.852178692817688,0
2787,1578,2.1096768379211426,0
2787,1496,0.872747004032135,0
2787,1497,0.9313415288925171,0
2787,949,0.45887666940689087,0
2787,1804,0.8552829027175903,0
2787,47,0.9767647385597229,0
2787,2026,1.0943784713745117,0
2787,1084,0.8507848381996155,0
2787,1730,1.400081992149353,0
1869,1381,1.365744709968567,1
1869,2080,1.0040189027786255,0
1869,2052,0.9263273477554321,0
1869,1682,1.0770108699798584,0
1869,439,2.448232650756836,0
1869,1870,0.8962454199790955,0
1869,1245,1.43247389793396,0
1869,115,0.8387256264686584,0
1869,740,0.6638974547386169,0
1869,906,0.5690112113952637,0
1869,1816,0.5325130224227905,0
1869,1199,0.5047198534011841,0
1869,479,0.961473286151886,0
1869,576,0.8778644800186157,0
1869,252,0.6369948387145996,0
1869,1750,0.9199150204658508,0
1869,1116,0.9532245993614197,0
1869,1235,0.8664004802703857,0
1869,506,1.109153389930725,0
1869,1495,0.8665735125541687,0
1185,1792,1.441217064857483,1
1185,1882,0.5099807381629944,0
1185,311,1.429855465888977,0
1185,2061,0.6861957311630249,0
1185,343,0.5741645097732544,0
1185,1238,1.0625672340393066,0
1185,166,0.44377753138542175,0
1185,1859,1.3037554025650024,0
1185,155,1.0077123641967773,0
1185,1290,0.6862228512763977,0
1185,1242,0.9852797389030457,0
1185,1806,3.283886194229126,0
1185,1891,1.3924484252929688,0
1185,100,1.0887638330459595,0
1185,1170,1.5934443473815918,0
1185,1565,1.023898959159851,0
1185,232,0.5561295747756958,0
1185,1113,0.9984065890312195,0
1185,603,0.4504774510860443,0
1185,57,1.0292495489120483,0
3221,1305,0.4844925105571747,1
3221,1885,1.021791934967041,0
3221,1433,1.2164583206176758,0
3221,187,0.9733643531799316,0
3221,649,1.5467829704284668,0
3221,1252,0.5181341171264648,0
3221,490,0.8072313666343689,0
3221,883,1.75615656375885,0
3221,85,0.8927136659622192,0
3221,299,0.8634579181671143,0
3221,931,0.5247420072555542,0
3221,1198,1.3111627101898193,0
3221,1820,0.9025101661682129,0
3221,726,0.8791903257369995,0
3221,2033,0.9874475002288818,0
3221,809,0.8974934220314026,0
3221,517,0.9157214760780334,0
3221,1508,1.2794114351272583,0
3221,1288,0.8882876634597778,0
3221,1628,0.9477902054786682,0
2014,1256,0.452447772026062,1
2014,1344,1.0153064727783203,0
2014,1948,1.2832210063934326,0
2014,1162,0.5402222871780396,0
2014,759,0.8917674422264099,0
2014,927,0.8971014022827148,0
2014,1565,0.9674205780029297,0
2014,439,2.473144292831421,0
2014,1079,0.8878589868545532,0
2014,1102,0.9053829312324524,0
2014,1000,1.3702539205551147,0
2014,1330,0.49248093366622925,0
2014,501,1.4216078519821167,0
2014,2075,0.47216176986694336,0
2014,690,1.9041012525558472,0
2014,1297,0.9728812575340271,0
2014,1873,0.8668704032897949,0
2014,431,1.2719980478286743,0
2014,1244,0.762334942817688,0
2014,934,0.8589931726455688,0
2854,2067,0.9205420017242432,1
2854,1432,0.856937825679779,0
2854,2011,0.934809148311615,0
2854,814,0.8952163457870483,0
2854,1540,0.5307334661483765,0
2854,649,1.6184676885604858,0
2854,884,0.9899556636810303,0
2854,636,1.0229711532592773,0
2854,715,0.9009699821472168,0
2854,851,0.8939549922943115,0
2854,2030,1.8016070127487183,0
2854,544,0.8443939685821533,0
2854,56,0.9699779748916626,0
2854,1196,0.9953411817550659,0
2854,281,0.5697611570358276,0
2854,1994,0.8747724890708923,0
2854,16,0.4895476698875427,0
2854,1009,1.2450364828109741,0
2854,1948,1.319172739982605,0
2854,1634,0.9260050654411316,0
3005,1815,0.5423310995101929,1
3005,188,1.4519392251968384,0
3005,914,1.977097988128662,0
3005,1889,0.9913574457168579,0
3005,837,1.8721299171447754,0
3005,192,0.9576090574264526,0
3005,1151,0.9234097599983215,0
3005,485,0.7681055068969727,0
3005,30,0.6167980432510376,0
3005,239,0.5875283479690552,0
3005,1234,1.039840579032898,0
3005,824,1.4184961318969727,0
3005,159,1.8293951749801636,0
3005,1165,0.9569692015647888,0
3005,1264,1.0263745784759521,0
3005,1685,0.6204209327697754,0
3005,422,0.936908483505249,0
3005,1327,1.333626627922058,0
3005,2064,1.029130458831787,0
3005,34,0.9467325210571289,0
3903,372,0.4938963055610657,1
3903,794,0.9436554908752441,0
3903,1173,1.2238819599151611,0
3903,811,1.0624253749847412,0
3903,1209,0.9281296133995056,0
3903,1806,3.150895833969116,0
3903,1201,0.9311339855194092,0
3903,894,1.0324952602386475,0
3903,1098,0.8484196066856384,0
3903,1883,0.8700156807899475,0
3903,1046,0.9724940061569214,0
3903,1370,1.4691303968429565,0
3903,1502,0.5190386772155762,0
3903,657,0.8683786392211914,0
3903,979,1.045162558555603,0
3903,1985,1.261468768119812,0
3903,373,1.251477837562561,0
3903,746,1.108843207359314,0
3903,891,1.0455937385559082,0
3903,459,0.45839035511016846,0
871,436,2.748213529586792,1
871,415,0.8361256122589111,0
871,680,1.9550671577453613,0
871,858,0.9021004438400269,0
871,2010,0.48842138051986694,0
871,1945,0.43585366010665894,0
871,776,0.5072205066680908,0
871,145,0.9633235931396484,0
871,1365,1.6594469547271729,0
871,33,1.3519041538238525,0
871,2015,0.564940333366394,0
871,3,0.9923796653747559,0
871,53,0.4683510363101959,0
871,1766,0.9877886772155762,0
871,830,0.7887579798698425,0
871,386,0.5122649669647217,0
871,604,0.40833020210266113,0
871,1177,0.947116494178772,0
871,2080,0.9559949636459351,0
871,382,0.5504028797149658,0
1021,82,0.9165310263633728,1
1021,609,0.5977553725242615,0
1021,871,1.0119003057479858,0
1021,761,0.8989018201828003,0
1021,279,0.9751027822494507,0
1021,234,1.1207282543182373,0
1021,1112,1.0003174543380737,0
1021,1428,0.9168897867202759,0
1021,1691,0.9033204913139343,0
1021,252,0.628010630607605,0
1021,23,0.5917977690696716,0
1021,84,1.0380361080169678,0
1021,398,1.6471467018127441,0
1021,1269,0.8532987833023071,0
1021,1001,0.5320889949798584,0
1021,1238,0.9696739912033081,0
1021,1092,1.6480780839920044,0
1021,763,0.9141708612442017,0
1021,1826,0.9264565110206604,0
1021,91,1.3786847591400146,0
2597,1011,1.737459421157837,1
2597,1065,1.2092844247817993,0
2597,1547,1.8319268226623535,0
2597,983,1.6727157831192017,0
2597,270,0.5828772187232971,0
2597,541,1.403643250465393,0
2597,363,0.6672041416168213,0
2597,481,1.0268245935440063,0
2597,1559,2.2560434341430664,0
2597,600,2.4854238033294678,0
2597,937,0.45238232612609863,0
2597,1298,0.9406431317329407,0
2597,1654,1.7969422340393066,0
2597,1857,0.902321457862854,0
2597,52,0.9882210493087769,0
2597,2006,1.0732322931289673,0
2597,1428,0.9332283139228821,0
2597,338,0.8347873687744141,0
2597,830,0.9059516191482544,0
2597,1405,1.8962292671203613,0
311,1571,1.151830792427063,1
311,435,0.9300721883773804,0
311,1544,0.9316617250442505,0
311,1637,0.974987268447876,0
311,2021,1.1396950483322144,0
311,1420,1.0425269603729248,0
311,469,1.8325293064117432,0
311,1362,0.8685566782951355,0
311,1834,0.8788485527038574,0
311,1875,0.5367662906646729,0
311,1046,0.9494671821594238,0
311,1257,1.9826583862304688,0
311,1872,0.6107240915298462,0
311,385,0.971541702747345,0
311,664,0.8956292867660522,0
311,1173,1.1833189725875854,0
311,806,0.8369867205619812,0
311,1559,2.340284585952759,0
311,813,0.9549089670181274,0
311,815,0.9757993221282959,0
1034,250,1.143391728401184,1
1034,457,0.9487845301628113,0
1034,1344,1.1771180629730225,0
1034,1085,0.5016805529594421,0
1034,455,1.751747488975525,0
1034,1781,0.8166416883468628,0
1034,1674,0.5893717408180237,0
1034,760,2.1028714179992676,0
1034,209,0.5512559413909912,0
1034,399,1.028960943222046,0
1034,511,2.103888988494873,0
1034,430,0.895388662815094,0
1034,639,1.6071780920028687,0
1034,462,1.3489629030227661,0
1034,188,1.421681523323059,0
1034,417,1.8276511430740356,0
1034,1801,1.0835809707641602,0
1034,917,1.0817666053771973,0
1034,856,1.0696717500686646,0
1034,517,0.9739123582839966,0
43,1399,1.9499554634094238,1
43,315,0.982696533203125,0
43,1031,0.7657554149627686,0
43,2003,0.5099449753761292,0
43,465,0.5146703720092773,0
43,689,1.2989988327026367,0
43,1445,2.2756996154785156,0
43,1570,0.8065268397331238,0
43,1688,0.5268195867538452,0
43,1095,0.9183223843574524,0
43,757,0.7903112769126892,0
43,261,0.880339503288269,0
43,1428,0.8516401052474976,0
43,896,0.8396759033203125,0
43,1018,0.47719424962997437,0
43,562,0.7905512452125549,0
43,664,0.8863019943237305,0
43,86,1.261834740638733,0
43,48,0.7930300235748291,0
43,604,0.3916526138782501,0
3932,646,0.5922749638557434,1
3932,877,0.9140104055404663,0
3932,398,1.7118377685546875,0
3932,464,0.8901254534721375,0
3932,1936,2.1025938987731934,0
3932,1143,0.5601453185081482,0
3932,766,0.5615569353103638,0
3932,215,0.8885545134544373,0
3932,1456,1.6870036125183105,0
3932,1168,1.3468900918960571,0
3932,853,0.8664137125015259,0
3932,1693,1.6520072221755981,0
3932,1657,1.0514951944351196,0
3932,897,0.6454885005950928,0
3932,74,1.7117489576339722,0
3932,1637,0.9767690896987915,0
3932,1062,1.0076402425765991,0
3932,837,1.8070484399795532,0
3932,1821,1.0349371433258057,0
3932,1889,0.9786460995674133,0
739,1111,0.48581022024154663,1
739,153,1.7477309703826904,0
739,1369,1.0444345474243164,0
739,1211,0.9024146795272827,0
739,1433,1.1222612857818604,0
739,879,0.9481196403503418,0
739,554,0.507179856300354,0
739,288,0.8163158297538757,0
739,1261,0.8424319624900818,0
739,1429,0.45836976170539856,0
739,1167,0.8644968271255493,0
739,752,0.8161442279815674,0
739,905,0.5268036723136902,0
739,529,1.8271856307983398,0
739,685,0.9527081251144409,0
739,67,1.1556915044784546,0
739,1219,1.015377163887024,0
739,1664,2.177586793899536,0
739,712,0.8860263824462891,0
739,532,0.7748517990112305,0
1037,1714,1.3419753313064575,1
1037,1101,0.8359538316726685,0
1037,788,0.9149472117424011,0
1037,1997,0.79721599817276,0
1037,1338,0.9811683297157288,0
1037,78,1.5701415538787842,0
1037,740,0.6297169923782349,0
1037,501,1.3868765830993652,0
1037,816,1.2602994441986084,0
1037,1464,0.8605153560638428,0
1037,1023,1.5504192113876343,0
1037,730,0.8290246725082397,0
1037,1773,0.8713244795799255,0
1037,324,0.5234626531600952,0
1037,1250,1.34745192527771,0
1037,117,1.7767877578735352,0
1037,81,0.885008692741394,0
1037,1234,0.9745775461196899,0
1037,995,2.210628032684326,0
1037,1104,1.941972255706787,0
672,644,0.554325520992279,1
672,1885,1.0634229183197021,0
672,338,0.8708879351615906,0
672,877,0.923506498336792,0
672,917,1.0372382402420044,0
672,907,1.1112546920776367,0
672,1052,0.6364977359771729,0
672,1905,1.2725894451141357,0
672,1297,1.116843342781067,0
672,1227,1.0652422904968262,0
672,1027,0.9897423386573792,0
672,1330,0.5661734342575073,0
672,1948,1.246964454650879,0
672,1360,1.0338908433914185,0
672,814,0.8536566495895386,0
672,1387,0.6560937166213989,0
672,731,1.0213682651519775,0
672,497,0.9914969205856323,0
672,1613,0.5662515163421631,0
672,1657,1.0661875009536743,0
3379,1875,0.631018877029419,1
3379,1135,0.9975584149360657,0
3379,300,0.6573103666305542,0
3379,1227,1.0454905033111572,0
3379,87,0.5661996006965637,0
3379,1346,0.9945102334022522,0
3379,692,1.0469260215759277,0
3379,1553,0.8191309571266174,0
3379,1260,0.9996421933174133,0
3379,74,1.7186402082443237,0
3379,1015,1.028013825416565,0
3379,1772,0.8848530054092407,0
3379,69,0.5016548037528992,0
3379,1652,0.9842358231544495,0
3379,1793,0.59909987449646,0
3379,189,0.8656735420227051,0
3379,1712,1.7083184719085693,0
3379,1308,0.576493501663208,0
3379,1006,1.8938068151474,0
3379,109,0.510244607925415,0
1228,1516,2.209717035293579,1
1228,1279,0.8842082023620605,0
1228,1420,1.0009138584136963,0
1228,587,0.5509854555130005,0
1228,871,0.9128835201263428,0
1228,1335,0.9007729291915894,0
1228,791,0.7975561618804932,0
1228,1330,0.46008163690567017,0
1228,1223,0.5965173244476318,0
1228,1641,1.5305049419403076,0
1228,462,1.2931071519851685,0
1228,1657,1.0032315254211426,0
1228,1824,0.5132880210876465,0
1228,453,0.8150778412818909,0
1228,728,0.8686825633049011,0
1228,1807,0.9861930012702942,0
1228,1852,0.7842793464660645,0
1228,1935,0.9783765077590942,0
1228,816,1.1496896743774414,0
1228,2055,0.4825406074523926,0
2471,278,0.46049046516418457,1
2471,84,1.1064493656158447,0
2471,942,1.4592063426971436,0
2471,1396,1.3974273204803467,0
2471,1032,0.9378685355186462,0
2471,1373,1.8342852592468262,0
2471,2079,0.788575291633606,0
2471,1534,0.5635231137275696,0
2471,480,0.5408164262771606,0
2471,512,0.8644822239875793,0
2471,693,1.1173614263534546,0
2471,1715,1.4132986068725586,0
2471,421,0.6190605163574219,0
2471,1204,0.5501847863197327,0
2471,1084,0.8813822865486145,0
2471,1750,0.9318828582763672,0
2471,1312,2.2241547107696533,0
2471,704,1.0245921611785889,0
2471,1578,2.303941011428833,0
2471,1205,1.399667739868164,0
622,480,0.5834921598434448,1
622,1823,1.5822153091430664,0
622,1950,1.4175949096679688,0
622,706,0.9387271404266357,0
622,80,1.3023815155029297,0
622,1415,0.9414255023002625,0
622,111,0.9308252930641174,0
622,87,0.546611487865448,0
622,447,1.2636189460754395,0
622,1724,0.9713432192802429,0
622,1238,1.0387495756149292,0
622,1189,0.9692401885986328,0
622,227,0.4700716733932495,0
622,160,0.9894644618034363,0
622,1684,1.0445653200149536,0
622,1201,0.9480640292167664,0
622,991,0.883209764957428,0
622,1840,0.5297211408615112,0
622,567,1.883872389793396,0
622,510,0.48252353072166443,0
4142,247,0.5062422752380371,1
4142,998,0.8474625945091248,0
4142,605,0.8380641341209412,0
4142,133,0.5935351848602295,0
4142,967,0.8456565141677856,0
4142,930,1.3745676279067993,0
4142,1240,0.9247070550918579,0
4142,899,0.7984514832496643,0
4142,1266,0.8056302070617676,0
4142,1729,1.0616860389709473,0
4142,631,0.5161022543907166,0
4142,642,0.873167097568512,0
4142,48,0.8134254217147827,0
4142,2025,0.8777959942817688,0
4142,92,0.9719120264053345,0
4142,252,0.626131534576416,0
4142,1653,0.8369664549827576,0
4142,1930,0.8442029356956482,0
4142,1908,0.5169932842254639,0
4142,1942,1.718672513961792,0
1506,760,2.247434616088867,1
1506,468,0.9088504314422607,0
1506,174,0.9862015247344971,0
1506,921,1.8655030727386475,0
1506,89,0.45767366886138916,0
1506,1233,0.5943037867546082,0
1506,13,2.26027512550354,0
1506,1689,2.4896457195281982,0
1506,803,1.9994385242462158,0
1506,46,0.5518020987510681,0
1506,1206,0.5421127080917358,0
1506,1647,0.5852165222167969,0
1506,1102,0.9722999930381775,0
1506,510,0.4617893099784851,0
1506,2017,1.0522265434265137,0
1506,896,0.9426396489143372,0
1506,415,0.8677648305892944,0
1506,2041,0.9937784671783447,0
1506,528,1.0152889490127563,0
1506,14,1.4355313777923584,0
362,1767,0.6529871225357056,1
362,1378,0.9636995196342468,0
362,1536,2.313626766204834,0
362,1850,1.0531120300292969,0
362,157,1.0957064628601074,0
362,2066,0.9530891180038452,0
362,1161,0.7426548004150391,0
362,133,0.6493428945541382,0
362,686,1.04570734500885,0
362,518,1.1659302711486816,0
362,1238,1.0381520986557007,0
362,1231,1.608718991279602,0
362,1856,0.8960707783699036,0
362,885,1.076158881187439,0
362,1549,1.7220720052719116,0
362,817,0.658632218837738,0
362,1207,0.964880108833313,0
362,953,1.3190157413482666,0
362,1079,0.979284405708313,0
362,1321,0.9348331093788147,0
768,905,0.6392866969108582,1
768,1139,0.983902096748352,0
768,1346,1.0675382614135742,0
768,140,1.1315851211547852,0
768,1663,1.8466086387634277,0
768,180,1.079735279083252,0
768,576,0.9011309742927551,0
768,1640,1.315626859664917,0
768,1623,0.8793753385543823,0
768,1359,2.1055901050567627,0
768,1842,1.4924439191818237,0
768,639,1.7621140480041504,0
768,1133,0.9885087609291077,0
768,43,0.578045129776001,0
768,808,1.4467605352401733,0
768,16,0.5807984471321106,0
768,1151,1.0181899070739746,0
768,1088,1.6594796180725098,0
768,535,0.9176716208457947,0
768,1022,0.9362562298774719,0
2293,799,0.8463820815086365,1
2293,1148,0.9021169543266296,0
2293,46,0.5440034866333008,0
2293,221,0.811532199382782,0
2293,1591,0.8443374633789062,0
2293,1911,1.1371804475784302,0
2293,1919,0.8208938837051392,0
2293,1216,0.9053162336349487,0
2293,1844,2.670170545578003,0
2293,1839,0.9146889448165894,0
2293,1191,0.5102630853652954,0
2293,1725,1.204598307609558,0
2293,291,0.8555900454521179,0
2293,744,0.833333432674408,0
2293,1166,0.9032450914382935,0
2293,1743,0.8268991708755493,0
2293,1807,1.008548617362976,0
2293,429,0.5514295101165771,0
2293,381,0.9873592853546143,0
2293,795,0.8362948298454285,0
457,552,1.9441282749176025,1
457,1532,1.9480228424072266,0
457,1912,0.864563524723053,0
457,1547,2.036630153656006,0
457,406,0.9288486242294312,0
457,404,0.9232176542282104,0
457,1106,1.1408870220184326,0
457,1143,0.5503499507904053,0
457,73,1.0321828126907349,0
457,1597,1.7574063539505005,0
457,1845,1.4786875247955322,0
457,869,0.8879497647285461,0
457,1240,1.0097500085830688,0
457,858,1.030577540397644,0
457,1879,0.9069612622261047,0
457,79,1.5796200037002563,0
457,799,0.8918092846870422,0
457,207,1.0560673475265503,0
457,1891,1.480760097503662,0
457,1500,1.5734105110168457,0
455,1719,1.405626654624939,1
455,235,2.2867753505706787,0
455,530,1.4258655309677124,0
455,175,0.9811378121376038,0
455,701,0.6736993789672852,0
455,130,1.050372838973999,0
455,770,0.4895450472831726,0
455,1065,1.2425583600997925,0
455,1059,0.47116637229919434,0
455,1240,1.0812832117080688,0
455,400,0.500723123550415,0
455,828,1.1565338373184204,0
455,1503,0.7040103077888489,0
455,546,1.2308356761932373,0
455,1819,1.056702733039856,0
455,128,0.5985943078994751,0
455,1879,0.9851378202438354,0
455,996,1.1257917881011963,0
455,1109,1.083032250404358,0
455,779,1.1807701587677002,0
1994,1869,0.9910355806350708,1
1994,1570,0.8822343349456787,0
1994,1937,1.0111457109451294,0
1994,83,1.1072255373001099,0
1994,1255,1.550344705581665,0
1994,637,2.035651683807373,0
1994,1167,1.0232644081115723,0
1994,1745,0.6328129768371582,0
1994,29,0.49324265122413635,0
1994,1691,0.9329431653022766,0
1994,1435,1.0587430000305176,0
1994,1882,0.5143019556999207,0
1994,49,2.1322402954101562,0
1994,310,1.0184783935546875,0
1994,1291,0.9705506563186646,0
1994,850,2.0098676681518555,0
1994,899,0.9213233590126038,0
1994,1689,2.5797767639160156,0
1994,1794,0.5779231786727905,0
1994,1114,1.4216747283935547,0
3102,2059,0.5445114374160767,1
3102,179,1.3728398084640503,0
3102,1370,1.4768697023391724,0
3102,1825,1.199108600616455,0
3102,1013,1.0845680236816406,0
3102,1815,0.5261590480804443,0
3102,1890,0.8409298062324524,0
3102,169,0.6096387505531311,0
3102,1869,0.9689469933509827,0
3102,11,0.5521026253700256,0
3102,1308,0.5251758098602295,0
3102,1829,3.977402687072754,0
3102,1257,2.033670425415039,0
3102,905,0.6154197454452515,0
3102,609,0.5620014667510986,0
3102,1579,1.3787603378295898,0
3102,1493,1.3197425603866577,0
3102,1056,0.9721799492835999,0
3102,272,0.9497593641281128,0
3102,1880,1.0514452457427979,0
3486,2068,2.2877345085144043,1
3486,2060,1.404726266860962,0
3486,815,1.0648916959762573,0
3486,677,0.4406937062740326,0
3486,1388,1.42421293258667,0
3486,536,0.8076179623603821,0
3486,1470,1.0467464923858643,0
3486,1032,0.8695878982543945,0
3486,1999,1.705593228340149,0
3486,1642,1.919355869293213,0
3486,1537,0.5466641783714294,0
3486,385,0.9946491718292236,0
3486,1799,1.4376561641693115,0
3486,1329,1.1519862413406372,0
3486,1577,1.053977608680725,0
3486,1602,0.9649084806442261,0
3486,371,0.6305643916130066,0
3486,1779,1.0130419731140137,0
3486,121,0.872553825378418,0
3486,568,1.0203828811645508,0
1212,1322,1.2154264450073242,1
1212,1128,0.5070347785949707,0
1212,900,0.9066450595855713,0
1212,587,0.5803489685058594,0
1212,980,2.1230318546295166,0
1212,636,0.9578667879104614,0
1212,1795,1.502760887145996,0
1212,359,0.8018901348114014,0
1212,193,1.503187894821167,0
1212,1296,0.4880301356315613,0
1212,1353,0.9300990700721741,0
1212,739,1.0226802825927734,0
1212,2058,0.8940520286560059,0
1212,410,1.2933015823364258,0
1212,1069,0.5186969637870789,0
1212,833,0.9144275188446045,0
1212,1118,0.586498498916626,0
1212,378,0.5181739330291748,0
1212,1537,0.49586573243141174,0
1212,648,1.2516958713531494,0
2039,1180,1.4370322227478027,1
2039,57,1.0013415813446045,0
2039,859,0.9573687314987183,0
2039,1831,0.9205062985420227,0
2039,2074,0.5825840830802917,0
2039,1495,0.838522732257843,0
2039,923,2.910750389099121,0
2039,977,1.3578417301177979,0
2039,567,1.76760733127594,0
2039,1178,1.2501928806304932,0
2039,723,0.5268475413322449,0
2039,526,0.9410837888717651,0
2039,1708,1.2538762092590332,0
2039,770,0.45971134305000305,0
2039,1451,1.346764326095581,0
2039,706,0.9160760641098022,0
2039,578,0.8849610090255737,0
2039,1719,1.275977373123169,0
2039,1592,0.980451226234436,0
2039,1401,0.9053925275802612,0
2444,1398,0.8795680999755859,1
2444,1712,1.783150553703308,0
2444,560,1.0539867877960205,0
2444,976,1.5248160362243652,0
2444,2049,0.8970180749893188,0
2444,1685,0.5534062385559082,0
2444,1125,0.8439697027206421,0
2444,1653,0.8842745423316956,0
2444,1757,3.0004687309265137,0
2444,734,0.899885892868042,0
2444,1025,0.9259829521179199,0
2444,59,1.425004005432129,0
2444,1339,1.3498339653015137,0
2444,896,0.8924885988235474,0
2444,519,0.9424400329589844,0
2444,179,1.3492357730865479,0
2444,709,0.9557894468307495,0
2444,372,0.4260786771774292,0
2444,1798,0.928522527217865,0
2444,394,0.9439960718154907,0
137,766,0.5129717588424683,1
137,72,0.9977589845657349,0
137,1788,0.8545806407928467,0
137,437,1.2118912935256958,0
137,31,1.042768955230713,0
137,1927,1.1132901906967163,0
137,1327,1.2605323791503906,0
137,404,0.8196920156478882,0
137,116,0.5094818472862244,0
137,200,0.9683222770690918,0
137,609,0.5618062019348145,0
137,1711,0.7162865400314331,0
137,1040,0.5009669065475464,0
137,722,0.9113240838050842,0
137,899,0.898770809173584,0
137,403,0.9124235510826111,0
137,635,0.9115892052650452,0
137,1679,0.9543721079826355,0
137,1476,1.4317777156829834,0
137,876,0.9548107981681824,0
3719,1630,1.3169039487838745,1
3719,729,0.5748649835586548,0
3719,1035,1.23423171043396,0
3719,1347,1.4535009860992432,0
3719,946,1.2019126415252686,0
3719,1416,1.1451871395111084,0
3719,1262,1.018916130065918,0
3719,281,0.6371029615402222,0
3719,922,0.9224111437797546,0
3719,359,0.883124053478241,0
3719,1865,0.9480074048042297,0
3719,146,1.1657105684280396,0
3719,822,0.8521021008491516,0
3719,1411,0.9970794320106506,0
3719,1358,0.9174953699111938,0
3719,1327,1.2369940280914307,0
3719,695,1.0509605407714844,0
3719,1544,0.914461076259613,0
3719,701,0.6563252806663513,0
3719,1912,0.8489241003990173,0
337,27,1.0440950393676758,1
337,817,0.6847906708717346,0
337,1071,1.0182435512542725,0
337,1967,0.5376771688461304,0
337,1351,1.4639688730239868,0
337,1853,2.1448254585266113,0
337,1210,1.5793979167938232,0
337,1187,0.9708749055862427,0
337,2042,0.5695611238479614,0
337,1404,0.902071475982666,0
337,1639,1.0148259401321411,0
337,886,0.8728498220443726,0
337,1253,0.9568694233894348,0
337,869,0.9563477635383606,0
337,197,1.1176468133926392,0
337,2055,0.6535906791687012,0
337,1954,0.6953648328781128,0
337,1207,1.0412676334381104,0
337,1861,0.9976224899291992,0
337,1526,1.089643120765686,0
3958,109,0.45480746030807495,1
3958,953,1.1857177019119263,0
3958,900,0.9493579864501953,0
3958,1965,1.37760591506958,0
3958,499,0.971248984336853,0
3958,1602,0.8774867057800293,0
3958,428,0.9132713079452515,0
3958,2055,0.5304404497146606,0
3958,1695,0.5931270122528076,0
3958,1263,0.9321515560150146,0
3958,1726,0.8042066097259521,0
3958,1599,0.5785080790519714,0
3958,1023,1.5298986434936523,0
3958,929,0.9325728416442871,0
3958,1730,1.381027102470398,0
3958,2023,0.9341181516647339,0
3958,429,0.5895850658416748,0
3958,1617,1.6498284339904785,0
3958,1020,1.4811432361602783,0
3958,2067,0.8806774020195007,0
4086,1204,0.5090446472167969,1
4086,298,0.9342009425163269,0
4086,1491,1.1926660537719727,0
4086,1457,1.2226313352584839,0
4086,437,1.4542334079742432,0
4086,276,1.0170615911483765,0
4086,1254,0.9071416258811951,0
4086,761,0.8430507183074951,0
4086,1067,1.3434332609176636,0
4086,2050,1.4778118133544922,0
4086,984,0.9184569120407104,0
4086,192,0.8770639896392822,0
4086,1904,1.3384450674057007,0
4086,986,1.6004377603530884,0
4086,911,0.9530152082443237,0
4086,608,1.0378912687301636,0
4086,1146,1.0018702745437622,0
4086,1910,0.5537007451057434,0
4086,1664,2.3991308212280273,0
4086,1033,1.015777826309204,0
3537,1085,0.41417837142944336,1
3537,545,1.0148087739944458,0
3537,2019,0.8979309797286987,0
3537,1265,0.8997529745101929,0
3537,1846,1.9977411031723022,0
3537,1655,0.8718452453613281,0
3537,1418,0.918231189250946,0
3537,1125,0.8464043140411377,0
3537,576,0.793653130531311,0
3537,2077,0.8650693297386169,0
3537,698,0.9153823852539062,0
3537,1876,3.600538730621338,0
3537,1968,1.0,0
3537,1808,1.7786306142807007,0
3537,381,0.982475996017456,0
3537,823,1.65740168094635,0
3537,1475,0.829855740070343,0
3537,564,0.9216193556785583,0
3537,1993,0.4943522810935974,0
3537,252,0.5379323959350586,0
90,1006,1.7946109771728516,1
90,1759,0.7739750742912292,0
90,2005,0.9059041738510132,0
90,1059,0.3183533549308777,0
90,1930,0.7560299634933472,0
90,1194,0.7893391847610474,0
90,1330,0.39552366733551025,0
90,105,1.0837328433990479,0
90,1822,1.4453519582748413,0
90,20,1.4119584560394287,0
90,287,1.2096993923187256,0
90,919,1.4897570610046387,0
90,2020,0.8461306095123291,0
90,1856,0.6818722486495972,0
90,154,0.8370814919471741,0
90,1607,1.174131989479065,0
90,1472,1.5638737678527832,0
90,1307,0.7763239145278931,0
90,87,0.3865329623222351,0
90,1851,0.7780331373214722,0
2134,1403,0.885124683380127,1
2134,634,0.5016945600509644,0
2134,1707,1.327289342880249,0
2134,525,0.8976852297782898,0
2134,748,0.9977036714553833,0
2134,278,0.4648516774177551,0
2134,826,0.9225596189498901,0
2134,1587,0.4945417642593384,0
2134,1021,1.6448757648468018,0
2134,1785,0.841598629951477,0
2134,1382,0.8308842778205872,0
2134,747,0.8770976066589355,0
2134,548,0.8894655108451843,0
2134,1664,2.3081066608428955,0
2134,1852,0.7993882894515991,0
2134,391,0.46838629245758057,0
2134,982,0.4996492862701416,0
2134,811,1.0012106895446777,0
2134,633,1.763427495956421,0
2134,393,1.0227338075637817,0
2432,624,2.659712314605713,1
2432,1327,1.2624623775482178,0
2432,335,1.560829758644104,0
2432,1505,0.5358461737632751,0
2432,416,0.9057880640029907,0
2432,762,1.2657506465911865,0
2432,62,0.5261086225509644,0
2432,21,0.5210589170455933,0
2432,1992,0.9913495182991028,0
2432,348,1.1409595012664795,0
2432,568,0.9719477891921997,0
2432,646,0.6001487970352173,0
2432,1652,0.9745097160339355,0
2432,606,1.0570697784423828,0
2432,1271,0.9603941440582275,0
2432,1047,0.6384686231613159,0
2432,669,1.1039838790893555,0
2432,1203,1.3381439447402954,0
2432,1332,1.3939192295074463,0
2432,1364,1.2849929332733154,0
391,1397,1.4853711128234863,1
391,1281,0.49925920367240906,0
391,432,0.8766113519668579,0
391,237,2.045931339263916,0
391,591,0.9703210592269897,0
391,847,1.513132095336914,0
391,1544,0.89574134349823,0
391,816,1.2768900394439697,0
391,480,0.5296677350997925,0
391,1521,1.7846899032592773,0
391,2002,1.1009275913238525,0
391,1248,1.2545647621154785,0
391,581,1.0124008655548096,0
391,159,1.8658884763717651,0
391,1625,0.5880939960479736,0
391,775,0.4400276243686676,0
391,1408,0.9292374849319458,0
391,1498,1.0054688453674316,0
391,750,0.8464135527610779,0
391,250,1.0827676057815552,0
1313,980,1.9986791610717773,1
1313,1396,1.253910779953003,0
1313,1914,1.214669942855835,0
1313,121,0.8354936838150024,0
1313,881,0.8869355916976929,0
1313,1234,0.958117663860321,0
1313,2002,1.0260276794433594,0
1313,1494,1.2255386114120483,0
1313,1510,0.8723788261413574,0
1313,1669,1.4820712804794312,0
1313,942,1.2936753034591675,0
1313,210,1.0550397634506226,0
1313,615,0.5171130895614624,0
1313,151,2.140547275543213,0
1313,1785,0.8495456576347351,0
1313,946,1.1450282335281372,0
1313,342,1.017615795135498,0
1313,2026,1.0664795637130737,0
1313,321,0.8136971592903137,0
1313,71,1.5909178256988525,0
1341,1728,1.6741046905517578,1
1341,1255,1.4843751192092896,0
1341,1385,1.3013423681259155,0
1341,958,1.6631581783294678,0
1341,1846,1.9937883615493774,0
1341,621,1.7605568170547485,0
1341,895,0.9863959550857544,0
1341,752,0.8692384362220764,0
1341,670,0.9548761248588562,0
1341,993,1.081044316291809,0
1341,1906,0.5739779472351074,0
1341,612,0.5904633402824402,0
1341,51,0.5841459035873413,0
1341,1617,1.5375354290008545,0
1341,582,0.8742703795433044,0
1341,2007,0.6346621513366699,0
1341,382,0.5928537845611572,0
1341,1011,1.6223676204681396,0
1341,361,1.066043734550476,0
1341,429,0.6349574327468872,0
3177,138,0.5575829744338989,1
3177,1917,2.0982723236083984,0
3177,246,0.8658962845802307,0
3177,209,0.549523115158081,0
3177,1382,0.8926129937171936,0
3177,433,1.733564853668213,0
3177,65,0.973926842212677,0
3177,1128,0.5945437550544739,0
3177,652,1.4129252433776855,0
3177,315,1.0756267309188843,0
3177,725,0.6173182725906372,0
3177,1139,1.0001131296157837,0
3177,335,1.6484246253967285,0
3177,1302,1.2970210313796997,0
3177,534,0.9074545502662659,0
3177,1378,0.9405041337013245,0
3177,859,0.9806544780731201,0
3177,22,0.7914115190505981,0
3177,1912,0.8786347508430481,0
3177,1998,0.7989667057991028,0
3299,183,0.78179532289505,1
3299,1307,0.8312225341796875,0
3299,1535,1.7241922616958618,0
3299,1983,1.4148019552230835,0
3299,1635,0.46512264013290405,0
3299,1106,0.9583939909934998,0
3299,978,1.6424615383148193,0
3299,1304,0.9341142773628235,0
3299,1513,1.7316999435424805,0
3299,2022,0.4079403877258301,0
3299,477,0.8495550155639648,0
3299,303,0.7449045181274414,0
3299,1161,0.4668576121330261,0
3299,1366,0.8052119016647339,0
3299,3,0.8997225761413574,0
3299,1545,1.5121456384658813,0
3299,2005,0.9901044368743896,0
3299,1328,0.7543022632598877,0
3299,1220,0.8432836532592773,0
3299,1240,0.8551015257835388,0
1472,614,0.7939003109931946,1
1472,1037,0.9604808688163757,0
1472,413,0.8452593684196472,0
1472,1659,0.8822376728057861,0
1472,1406,0.4313470125198364,0
1472,520,0.7498517036437988,0
1472,1690,0.919644832611084,0
1472,658,1.14423406124115,0
1472,1461,0.9151011109352112,0
1472,1809,1.261992335319519,0
1472,1622,1.257181167602539,0
1472,335,1.5475374460220337,0
1472,329,0.3894650340080261,0
1472,1259,1.2308082580566406,0
1472,830,0.7757583260536194,0
1472,1919,0.7787169814109802,0
1472,583,0.8724176287651062,0
1472,779,0.9465850591659546,0
1472,894,0.9632053971290588,0
1472,162,0.8940204381942749,0
2114,1828,1.901798129081726,1
2114,1381,1.3650429248809814,0
2114,1773,0.9982857704162598,0
2114,1686,1.8011364936828613,0
2114,1107,1.7377041578292847,0
2114,341,0.5619034767150879,0
2114,1411,1.009255290031433,0
2114,1575,0.9977161884307861,0
2114,1492,0.8453159332275391,0
2114,2051,1.793143391609192,0
2114,1695,0.5694948434829712,0
2114,1690,1.0071227550506592,0
2114,1065,1.2569408416748047,0
2114,806,0.9273958206176758,0
2114,1810,0.8300749063491821,0
2114,489,0.5998812913894653,0
2114,1025,1.020260214805603,0
2114,1885,1.1110178232192993,0
2114,1364,1.3204737901687622,0
2114,512,0.886395275592804,0
1871,1627,0.8923003673553467,1
1871,156,0.8784419298171997,0
1871,652,1.1994774341583252,0
1871,699,2.3294835090637207,0
1871,1111,0.47622114419937134,0
1871,721,0.8395880460739136,0
1871,1721,1.2160649299621582,0
1871,863,1.420904278755188,0
1871,1081,0.4636014401912689,0
1871,1719,1.0968410968780518,0
1871,1931,0.8239743113517761,0
1871,1545,1.3911679983139038,0
1871,2024,0.796534538269043,0
1871,836,1.5235952138900757,0
1871,215,0.811388373374939,0
1871,50,0.9773157238960266,0
1871,686,0.8681482076644897,0
1871,193,1.4745889902114868,0
1871,2078,0.8118680119514465,0
1871,1321,0.8039516806602478,0
1288,968,1.0695446729660034,1
1288,1931,0.804455578327179,0
1288,655,1.7779430150985718,0
1288,891,0.7921014428138733,0
1288,1081,0.408257395029068,0
1288,122,1.5275700092315674,0
1288,1792,1.185065507888794,0
1288,1184,1.0841541290283203,0
1288,1093,0.37841740250587463,0
1288,1447,1.499977707862854,0
1288,1920,0.7423504590988159,0
1288,492,0.4253537058830261,0
1288,195,0.85196852684021,0
1288,598,1.1191670894622803,0
1288,886,0.6403096914291382,0
1288,675,0.7877393364906311,0
1288,1851,0.795784592628479,0
1288,1176,0.4233401119709015,0
1288,586,1.3358622789382935,0
1288,1965,1.202346682548523,0
1861,345,4.856009483337402,1
1861,2034,1.3003121614456177,0
1861,1563,1.068444013595581,0
1861,1422,0.43276920914649963,0
1861,1926,0.9422206282615662,0
1861,537,0.9009712338447571,0
1861,1404,0.7419576644897461,0
1861,939,0.4437686502933502,0
1861,1053,1.503462314605713,0
1861,1754,0.5612648725509644,0
1861,1518,1.5978111028671265,0
1861,2050,1.2786835432052612,0
1861,181,0.8058763742446899,0
1861,195,0.9825426340103149,0
1861,331,0.5261319875717163,0
1861,8,0.935132622718811,0
1861,328,1.4508047103881836,0
1861,103,1.9660072326660156,0
1861,1415,0.875525951385498,0
1861,1896,0.9455546736717224,0
689,339,0.8766577243804932,1
689,890,0.8906171917915344,0
689,1585,0.5376929640769958,0
689,707,0.44492894411087036,0
689,134,0.8647910952568054,0
689,197,0.8912339210510254,0
689,1850,0.9360795617103577,0
689,633,1.6333895921707153,0
689,943,0.8412262201309204,0
689,549,0.8894898891448975,0
689,1225,0.5398136377334595,0
689,1938,0.5144550204277039,0
689,1531,0.5381458401679993,0
689,1731,0.844628095626831,0
689,1332,1.328033447265625,0
689,792,1.4552966356277466,0
689,1838,0.8890013098716736,0
689,591,0.9191028475761414,0
689,1452,0.464008092880249,0
689,1751,0.6078072786331177,0
961,1476,1.5086790323257446,1
961,1324,0.432738721370697,0
961,1999,1.7638026475906372,0
961,540,1.4744004011154175,0
961,1,1.097488522529602,0
961,878,0.5039418935775757,0
961,418,0.9149175882339478,0
961,1438,0.4211837351322174,0
961,1663,1.7959426641464233,0
961,1860,1.9235326051712036,0
961,1855,1.0428510904312134,0
961,1986,3.9182376861572266,0
961,1274,0.9954776763916016,0
961,1994,0.8790561556816101,0
961,809,0.8983940482139587,0
961,393,0.9380991458892822,0
961,952,1.0716354846954346,0
961,1396,1.3937793970108032,0
961,1051,0.8576475381851196,0
961,461,1.3358830213546753,0
36,1172,0.41705772280693054,1
36,861,1.7094485759735107,0
36,1070,0.770158052444458,0
36,1993,0.4518338739871979,0
36,776,0.46426713466644287,0
36,620,0.4993991255760193,0
36,1025,0.8129103183746338,0
36,92,0.8990465402603149,0
36,1586,1.1266623735427856,0
36,619,0.7905596494674683,0
36,87,0.44705134630203247,0
36,1717,0.4209756851196289,0
36,167,0.7934651374816895,0
36,953,1.0715147256851196,0
36,1391,0.7904021739959717,0
36,24,0.7689889669418335,0
36,1464,0.8166705369949341,0
36,1338,0.9072473645210266,0
36,994,0.46447059512138367,0
36,587,0.5094777941703796,0
290,174,0.8800094127655029,1
290,878,0.5085937976837158,0
290,1714,1.3288573026657104,0
290,1981,1.5030794143676758,0
290,758,0.7585150599479675,0
290,409,0.8430699110031128,0
290,1988,0.4632479250431061,0
290,1236,1.365977168083191,0
290,424,0.901723325252533,0
290,94,1.287050724029541,0
290,952,1.0297489166259766,0
290,755,1.47087824344635,0
290,2037,1.1895534992218018,0
290,231,1.808493971824646,0
290,1601,0.8684689998626709,0
290,770,0.39702320098876953,0
290,1097,0.9022347331047058,0
290,1810,0.752352237701416,0
290,429,0.5192412734031677,0
290,1244,0.7147794365882874,0
1559,805,1.939620018005371,1
1559,279,0.9616188406944275,0
1559,761,0.8470152616500854,0
1559,1941,0.9412767887115479,0
1559,788,0.8948634266853333,0
1559,1441,0.9575450420379639,0
1559,1684,0.953313410282135,0
1559,1164,1.3213956356048584,0
1559,1933,0.8179247379302979,0
1559,1841,0.5190811157226562,0
1559,2041,0.8333880305290222,0
1559,1750,0.8809192776679993,0
1559,1779,0.9689178466796875,0
1559,1829,3.752955198287964,0
1559,1182,1.260524034500122,0
1559,327,0.6047975420951843,0
1559,1926,0.9675312042236328,0
1559,1024,0.9202904105186462,0
1559,1489,0.9704014658927917,0
1559,140,0.9635050892829895,0
3192,638,0.9941604137420654,1
3192,1852,0.8479817509651184,0
3192,895,0.9793277382850647,0
3192,1999,1.744234323501587,0
3192,1795,1.7558257579803467,0
3192,1566,0.9475998878479004,0
3192,1588,0.611534595489502,0
3192,1807,1.079092264175415,0
3192,950,0.4246785044670105,0
3192,548,0.890430748462677,0
3192,2062,5.913841724395752,0
3192,1600,0.9303372502326965,0
3192,1688,0.5540881156921387,0
3192,325,1.4926093816757202,0
3192,1517,0.9113245606422424,0
3192,1762,2.139953851699829,0
3192,1317,0.8842888474464417,0
3192,1656,0.5924867391586304,0
3192,2024,0.8866307139396667,0
3192,1012,0.42193129658699036,0
1198,989,1.9822819232940674,1
1198,618,0.9830755591392517,0
1198,1510,0.9476195573806763,0
1198,851,0.9504024982452393,0
1198,2019,0.905427098274231,0
1198,2025,0.8870398998260498,0
1198,2066,0.855901300907135,0
1198,1612,0.9452649354934692,0
1198,1755,1.0213658809661865,0
1198,1440,1.0277315378189087,0
1198,60,1.0091196298599243,0
1198,1116,1.0141949653625488,0
1198,805,1.9886376857757568,0
1198,612,0.5796788334846497,0
1198,70,0.9501873850822449,0
1198,1496,0.9687778353691101,0
1198,325,1.4393519163131714,0
1198,672,0.6533258557319641,0
1198,1670,0.807817816734314,0
1198,1055,1.3239680528640747,0
2023,445,0.896483302116394,1
2023,1150,1.8031481504440308,0
2023,325,1.547237515449524,0
2023,456,0.8332915902137756,0
2023,2002,1.059022068977356,0
2023,700,1.9244985580444336,0
2023,1046,0.8380545973777771,0
2023,52,0.8579169511795044,0
2023,11,0.5473383665084839,0
2023,420,0.8995312452316284,0
2023,328,1.4951343536376953,0
2023,1449,0.48376980423927307,0
2023,409,0.82877516746521,0
2023,1208,0.5258283615112305,0
2023,363,0.581139862537384,0
2023,1968,0.9650355577468872,0
2023,1649,0.9317920804023743,0
2023,1872,0.5781409740447998,0
2023,1420,0.9967651963233948,0
2023,1702,0.8054339289665222,0
1725,1252,0.461850106716156,1
1725,656,0.45391276478767395,0
1725,1241,0.41681092977523804,0
1725,379,0.5033167004585266,0
1725,307,0.9806498289108276,0
1725,811,0.9272043704986572,0
1725,423,0.815036952495575,0
1725,1253,0.7517226338386536,0
1725,292,0.5146377086639404,0
1725,1895,0.8058267831802368,0
1725,870,0.5339586734771729,0
1725,1677,0.513198733329773,0
1725,437,1.236341953277588,0
1725,173,1.2060656547546387,0
1725,863,1.4480669498443604,0
1725,2036,1.8738219738006592,0
1725,1699,0.8496555685997009,0
1725,122,1.5954276323318481,0
1725,1403,0.8424880504608154,0
1725,1280,0.8248166441917419,0
1356,417,1.5816266536712646,1
1356,1097,0.7901571989059448,0
1356,723,0.4031657874584198,0
1356,1888,0.7808080911636353,0
1356,86,1.1589946746826172,0
1356,1829,3.389127492904663,0
1356,434,0.8287688493728638,0
1356,2077,0.7453129887580872,0
1356,1008,0.683393657207489,0
1356,1777,1.4445768594741821,0
1356,1547,1.5545121431350708,0
1356,1541,0.7803441882133484,0
1356,1538,0.8515915870666504,0
1356,352,0.7911831736564636,0
1356,1615,0.7691478729248047,0
1356,2052,0.7335733771324158,0
1356,1663,1.5619617700576782,0
1356,17,0.8033318519592285,0
1356,1897,0.7383603453636169,0
1356,1222,0.47136038541793823,0
3818,9,0.5624561309814453,1
3818,860,1.0027459859848022,0
3818,778,2.4564809799194336,0
3818,1876,3.866041660308838,0
3818,198,0.9314804673194885,0
3818,428,0.9297418594360352,0
3818,1930,0.9195698499679565,0
3818,154,1.0031992197036743,0
3818,534,0.9100133776664734,0
3818,392,0.4920235872268677,0
3818,1318,0.9172345995903015,0
3818,1369,1.2202701568603516,0
3818,221,0.8845937848091125,0
3818,511,2.1126320362091064,0
3818,173,1.351554036140442,0
3818,1873,0.9826450943946838,0
3818,1188,1.034719705581665,0
3818,1416,1.1968284845352173,0
3818,1619,0.558894693851471,0
3818,1461,0.9926775097846985,0
4148,439,2.161928415298462,1
4148,100,0.8976995348930359,0
4148,655,1.8335222005844116,0
4148,1651,0.9125033020973206,0
4148,1707,1.164318323135376,0
4148,1500,1.228846788406372,0
4148,2054,0.7733474373817444,0
4148,28,0.5045300126075745,0
4148,1725,1.1067384481430054,0
4148,611,0.9697685837745667,0
4148,1126,0.8219636082649231,0
4148,1507,1.8918490409851074,0
4148,1670,0.7252893447875977,0
4148,867,0.9687844514846802,0
4148,896,0.8446130752563477,0
4148,1259,1.0886131525039673,0
4148,1880,0.8869597315788269,0
4148,323,0.9763764142990112,0
4148,418,0.8215773701667786,0
4148,818,1.166330337524414,0
4085,1794,0.5687430500984192,1
4085,153,1.894357442855835,0
4085,2039,1.2823188304901123,0
4085,175,0.8964095115661621,0
4085,1463,1.3745368719100952,0
4085,506,1.048384189605713,0
4085,656,0.4781462252140045,0
4085,517,0.920894980430603,0
4085,1495,0.80967116355896,0
4085,18,0.8364487290382385,0
4085,600,2.6215176582336426,0
4085,311,1.354102611541748,0
4085,1879,0.9001536965370178,0
4085,2001,0.5587748885154724,0
4085,607,0.9672309756278992,0
4085,201,0.5503321886062622,0
4085,405,0.9226775169372559,0
4085,651,1.567406415939331,0
4085,1181,0.916782796382904,0
4085,1793,0.536994457244873,0
3250,486,0.4647035598754883,1
3250,1516,2.1263935565948486,0
3250,1489,0.9240054488182068,0
3250,1317,0.7273375988006592,0
3250,1866,1.1897740364074707,0
3250,1732,1.5081980228424072,0
3250,1761,0.9245314598083496,0
3250,1575,0.8355923891067505,0
3250,1168,1.2161962985992432,0
3250,1839,0.8521599769592285,0
3250,2043,0.4053080081939697,0
3250,79,1.3736989498138428,0
3250,118,0.8207470774650574,0
3250,511,2.0140740871429443,0
3250,0,0.8190546035766602,0
3250,1222,0.5087754726409912,0
3250,392,0.39755678176879883,0
3250,1302,1.1244736909866333,0
3250,31,0.9729536771774292,0
3250,2002,0.983245849609375,0
714,445,0.9623799324035645,1
714,1003,0.5191219449043274,0
714,504,1.3547399044036865,0
714,1297,1.036156415939331,0
714,1347,1.4980895519256592,0
714,1991,0.9835690855979919,0
714,1346,0.9466280937194824,0
714,1889,0.9009360074996948,0
714,146,1.161837100982666,0
714,699,2.6920008659362793,0
714,1696,0.8827963471412659,0
714,167,0.8880513310432434,0
714,1073,0.4999846816062927,0
714,94,1.3818295001983643,0
714,1472,1.7116955518722534,0
714,1239,0.9632700085639954,0
714,1494,1.278441309928894,0
714,852,0.9611544609069824,0
714,452,0.9505682587623596,0
714,821,0.4549356698989868,0
2657,1941,1.0292631387710571,1
2657,649,1.5759844779968262,0
2657,1476,1.4626973867416382,0
2657,410,1.394263744354248,0
2657,1426,0.9222409725189209,0
2657,1163,1.0443309545516968,0
2657,1764,1.0585129261016846,0
2657,1652,1.021884560585022,0
2657,933,0.9502487182617188,0
2657,791,0.8821543455123901,0
2657,987,1.3224493265151978,0
2657,1646,0.9263938665390015,0
2657,1197,1.0396366119384766,0
2657,728,0.9668013453483582,0
2657,479,1.044073224067688,0
2657,1103,0.6675443649291992,0
2657,1399,1.99461829662323,0
2657,1915,0.9527003169059753,0
2657,1863,0.5149260759353638,0
2657,736,1.0102816820144653,0
1534,1387,0.5326968431472778,1
1534,1833,0.9547165632247925,0
1534,1694,2.0803918838500977,0
1534,90,1.424514651298523,0
1534,922,0.937238872051239,0
1534,1805,1.0347464084625244,0
1534,1072,0.9629202485084534,0
1534,259,0.9948982000350952,0
1534,689,1.4868648052215576,0
1534,705,0.4799889922142029,0
1534,1640,1.216170072555542,0
1534,1568,0.5272510051727295,0
1534,2005,1.1381925344467163,0
1534,1671,3.102546215057373,0
1534,1338,1.0222705602645874,0
1534,342,1.1306966543197632,0
1534,94,1.344599723815918,0
1534,1924,0.4762732684612274,0
1534,1460,0.9277887344360352,0
1534,1129,0.4873937964439392,0
1705,10,2.225950002670288,1
1705,1640,1.2606109380722046,0
1705,1878,1.3618372678756714,0
1705,2019,0.9578760266304016,0
1705,492,0.6044799089431763,0
1705,36,1.023099660873413,0
1705,503,1.0293259620666504,0
1705,540,1.6575709581375122,0
1705,395,1.5165024995803833,0
1705,3,1.106820821762085,0
1705,939,0.5619707107543945,0
1705,720,1.4990355968475342,0
1705,859,0.9989723563194275,0
1705,314,0.6438649296760559,0
1705,865,1.033709168434143,0
1705,1353,1.1207398176193237,0
1705,1202,1.0348650217056274,0
1705,1348,1.672466516494751,0
1705,234,1.213070273399353,0
1705,1349,1.0275344848632812,0
3058,53,0.5452666878700256,1
3058,1972,1.8015655279159546,0
3058,502,1.0804352760314941,0
3058,1551,1.1334398984909058,0
3058,1356,1.0374258756637573,0
3058,598,1.3897355794906616,0
3058,2035,0.9227438569068909,0
3058,1630,1.4229729175567627,0
3058,816,1.3437798023223877,0
3058,1598,1.0785411596298218,0
3058,1544,0.9060011506080627,0
3058,1825,1.2054170370101929,0
3058,1565,1.0182044506072998,0
3058,933,0.9755029678344727,0
3058,529,1.8676027059555054,0
3058,1798,1.0160247087478638,0
3058,1387,0.6383196711540222,0
3058,1345,0.6201134324073792,0
3058,129,0.6858502626419067,0
3058,1070,0.9248372912406921,0
3426,376,0.513812780380249,1
3426,1762,1.7753877639770508,0
3426,227,0.5151953101158142,0
3426,1,1.1022781133651733,0
3426,1764,0.9947997331619263,0
3426,1893,0.877265989780426,0
3426,41,1.3463718891143799,0
3426,1452,0.5170614123344421,0
3426,1275,0.6709988117218018,0
3426,1612,0.9258559346199036,0
3426,1474,1.3668919801712036,0
3426,1495,0.8709797263145447,0
3426,744,0.9389498233795166,0
3426,425,0.553642988204956,0
3426,284,0.9422736763954163,0
3426,593,0.6341373920440674,0
3426,1696,0.9214833974838257,0
3426,1279,0.9437272548675537,0
3426,984,0.9457190036773682,0
3426,1714,1.3338724374771118,0
2901,1716,0.5264487266540527,1
2901,1791,0.505348801612854,0
2901,1049,0.9719105362892151,0
2901,169,0.5539116263389587,0
2901,1569,0.47342249751091003,0
2901,1726,0.8441663384437561,0
2901,793,0.5638148188591003,0
2901,1393,2.352001667022705,0
2901,995,2.491513252258301,0
2901,998,0.9197680354118347,0
2901,1433,1.309685230255127,0
2901,1237,0.5727515816688538,0
2901,1339,1.414673089981079,0
2901,701,0.5506460666656494,0
2901,198,0.9181751608848572,0
2901,1447,1.8665858507156372,0
2901,1717,0.5143698453903198,0
2901,1979,1.0187938213348389,0
2901,1070,0.8483822345733643,0
2901,1819,0.9113577604293823,0
113,737,0.44089892506599426,1
113,1524,0.8377407193183899,0
113,749,0.8329353928565979,0
113,482,1.5111016035079956,0
113,592,0.8582234382629395,0
113,797,0.559878945350647,0
113,483,1.982088565826416,0
113,1568,0.49608680605888367,0
113,1986,3.3406853675842285,0
113,951,0.453826367855072,0
113,1836,1.2999768257141113,0
113,719,1.8613231182098389,0
113,196,0.5359821319580078,0
113,1474,1.2891944646835327,0
113,2001,0.5220658779144287,0
113,1022,0.7973959445953369,0
113,703,0.7141268849372864,0
113,902,0.5534539222717285,0
113,1374,0.5277535915374756,0
113,1737,0.3760213553905487,0
1675,345,5.008325099945068,1
1675,174,1.042910099029541,0
1675,210,1.258631944656372,0
1675,945,0.6812710165977478,0
1675,1331,0.7984707355499268,0
1675,1137,1.9027055501937866,0
1675,813,1.1531665325164795,0
1675,1120,1.6172854900360107,0
1675,40,2.1965155601501465,0
1675,1671,2.7567014694213867,0
1675,830,0.9739972352981567,0
1675,1691,0.9928732514381409,0
1675,1558,0.6446412205696106,0
1675,1753,1.1306078433990479,0
1675,117,1.8653396368026733,0
1675,1696,1.0108928680419922,0
1675,1694,1.8903491497039795,0
1675,299,0.9516506791114807,0
1675,944,0.9866744875907898,0
1675,489,0.6776407361030579,0
3693,1902,0.5208728313446045,1
3693,1723,2.6590609550476074,0
3693,786,0.8138516545295715,0
3693,416,0.8204882144927979,0
3693,572,2.0104644298553467,0
3693,1509,1.227555751800537,0
3693,1661,0.8820130228996277,0
3693,518,0.8586432337760925,0
3693,2074,0.48713576793670654,0
3693,864,0.7648741006851196,0
3693,484,0.49700209498405457,0
3693,1256,0.5099712014198303,0
3693,1804,0.8078619241714478,0
3693,1343,0.8779578804969788,0
3693,245,0.9185711145401001,0
3693,109,0.4538814425468445,0
3693,1979,0.9238250851631165,0
3693,1761,0.9258416295051575,0
3693,1426,0.7988839745521545,0
3693,1513,1.6694371700286865,0
3966,1642,2.0400121212005615,1
3966,1723,3.1596715450286865,0
3966,755,1.6817736625671387,0
3966,499,1.1278105974197388,0
3966,960,2.0312137603759766,0
3966,1514,1.1141936779022217,0
3966,709,1.1464648246765137,0
3966,1176,0.6588473320007324,0
3966,1368,0.6057842373847961,0
3966,689,1.5700149536132812,0
3966,85,0.9728021025657654,0
3966,2050,1.5951682329177856,0
3966,39,1.0090144872665405,0
3966,705,0.5404927730560303,0
3966,992,1.438398838043213,0
3966,1222,0.6945676803588867,0
3966,430,1.0125635862350464,0
3966,158,0.9967872500419617,0
3966,117,1.9620883464813232,0
3966,44,1.1068252325057983,0
2152,2062,5.572958946228027,1
2152,1737,0.40815019607543945,0
2152,1111,0.5457359552383423,0
2152,1250,1.3701212406158447,0
2152,1603,0.5915396213531494,0
2152,593,0.5856659412384033,0
2152,1017,1.0354177951812744,0
2152,1491,1.1160811185836792,0
2152,1932,3.4915859699249268,0
2152,1764,1.0259158611297607,0
2152,1292,0.915774941444397,0
2152,1256,0.5963565111160278,0
2152,953,1.2334792613983154,0
2152,600,2.589719772338867,0
2152,361,1.1373827457427979,0
2152,964,0.5328644514083862,0
2152,1208,0.5558735132217407,0
2152,7,1.0085219144821167,0
2152,1853,1.8833670616149902,0
2152,1260,1.017016887664795,0
2456,543,0.5199484825134277,1
2456,1528,1.6135928630828857,0
2456,1025,0.9984338879585266,0
2456,1310,1.6694395542144775,0
2456,1808,1.7596518993377686,0
2456,1057,0.6577267050743103,0
2456,254,0.9226215481758118,0
2456,1866,1.276293396949768,0
2456,832,0.5902589559555054,0
2456,1874,0.8593408465385437,0
2456,666,1.0149730443954468,0
2456,80,1.3328523635864258,0
2456,792,1.4328635931015015,0
2456,1475,0.8759906888008118,0
2456,133,0.6171094179153442,0
2456,530,1.3837209939956665,0
2456,979,1.0243712663650513,0
2456,517,0.9405660629272461,0
2456,227,0.4893563985824585,0
2456,69,0.4933013916015625,0
3452,142,0.6837053298950195,1
3452,507,0.5523453950881958,0
3452,1377,1.2646464109420776,0
3452,330,2.3326258659362793,0
3452,1772,0.8963587284088135,0
3452,150,0.961048424243927,0
3452,1973,0.6136242151260376,0
3452,1528,1.6140074729919434,0
3452,1051,0.9179763197898865,0
3452,1773,0.9287592172622681,0
3452,832,0.5818049907684326,0
3452,1383,0.871248185634613,0
3452,1140,0.618232011795044,0
3452,1480,0.908482551574707,0
3452,1317,0.8642929196357727,0
3452,1548,1.6880584955215454,0
3452,54,1.031951904296875,0
3452,338,0.8586243391036987,0
3452,1007,0.9237420558929443,0
3452,1643,2.419309139251709,0
159,1258,0.8591091632843018,1
159,1727,0.9965466856956482,0
159,1442,1.0662329196929932,0
159,1570,0.8491450548171997,0
159,1707,1.3023297786712646,0
159,1481,0.8768947124481201,0
159,706,0.921259880065918,0
159,1823,1.4504715204238892,0
159,1673,1.0011826753616333,0
159,1686,1.616528868675232,0
159,209,0.5439431071281433,0
159,1277,1.3060294389724731,0
159,1032,0.8745623826980591,0
159,1981,1.571195125579834,0
159,1679,1.0376133918762207,0
159,831,1.8403867483139038,0
159,1584,1.034778118133545,0
159,1108,1.0722216367721558,0
159,1926,0.9808337688446045,0
159,1578,2.1125426292419434,0
3501,1831,0.8911385536193848,1
3501,1005,0.8874497413635254,0
3501,1662,0.9315270185470581,0
3501,84,0.977934718132019,0
3501,226,0.5674635767936707,0
3501,884,0.9119225740432739,0
3501,1427,0.9051229953765869,0
3501,1150,1.722672939300537,0
3501,944,0.8500387072563171,0
3501,759,0.9731541872024536,0
3501,631,0.5387998819351196,0
3501,555,0.5100799798965454,0
3501,405,0.9086898565292358,0
3501,65,0.9163099527359009,0
3501,653,0.5300813317298889,0
3501,1826,0.8814756274223328,0
3501,837,1.6656980514526367,0
3501,537,0.9169483780860901,0
3501,1208,0.5475029945373535,0
3501,1147,1.1540100574493408,0
49,1067,1.215423345565796,1
49,1712,1.6707231998443604,0
49,68,0.8442665338516235,0
49,1740,0.47548627853393555,0
49,1126,0.8639793395996094,0
49,1799,1.2260677814483643,0
49,867,1.035483717918396,0
49,71,1.5766568183898926,0
49,676,1.4042648077011108,0
49,1728,1.640618085861206,0
49,552,1.6561808586120605,0
49,1821,0.9967274069786072,0
49,23,0.5921949148178101,0
49,1583,1.0303380489349365,0
49,517,0.9041014909744263,0
49,769,0.9355354309082031,0
49,1551,1.0638656616210938,0
49,1642,1.6902073621749878,0
49,472,1.2007346153259277,0
49,1847,1.0656278133392334,0
416,725,0.6404821872711182,1
416,1218,2.280055046081543,0
416,1281,0.5286262035369873,0
416,892,0.9897609949111938,0
416,461,1.3835992813110352,0
416,1460,0.9367511868476868,0
416,1007,0.9331351518630981,0
416,1883,0.8829076290130615,0
416,811,1.068973422050476,0
416,1784,0.9804647564888,0
416,1645,0.9790295958518982,0
416,263,1.0456494092941284,0
416,1064,0.8192254900932312,0
416,65,0.9609289169311523,0
416,453,0.8929822444915771,0
416,617,0.48282068967819214,0
416,125,0.7705926895141602,0
416,109,0.4897386431694031,0
416,1888,1.0004438161849976,0
416,1944,0.6819059252738953,0
785,1081,0.6130326986312866,1
785,1715,1.5165634155273438,0
785,687,2.04606556892395,0
785,868,1.2276058197021484,0
785,48,0.9774983525276184,0
785,1250,1.3579018115997314,0
785,812,1.0319160223007202,0
785,1585,0.608130693435669,0
785,615,0.5945207476615906,0
785,527,0.9711214303970337,0
785,1934,1.1287537813186646,0
785,545,1.1676583290100098,0
785,2067,1.0436177253723145,0
785,2016,1.0120168924331665,0
785,761,1.028806209564209,0
785,1475,0.9216057658195496,0
785,1287,0.9867313504219055,0
785,1456,1.8207931518554688,0
785,313,0.5505452752113342,0
785,169,0.6714125871658325,0
3103,1963,1.2228833436965942,1
3103,1622,1.2104560136795044,0
3103,1238,0.9043821096420288,0
3103,1789,0.7625007629394531,0
3103,1730,1.3302838802337646,0
3103,672,0.5953494310379028,0
3103,1986,3.4159626960754395,0
3103,1994,0.8573989868164062,0
3103,600,2.3883376121520996,0
3103,1966,0.7790290713310242,0
3103,829,0.9721165299415588,0
3103,1239,0.9821937084197998,0
3103,1378,0.8371872901916504,0
3103,1202,0.9244965314865112,0
3103,1279,0.8969111442565918,0
3103,1258,0.8456004858016968,0
3103,497,0.9252152442932129,0
3103,1274,0.939912736415863,0
3103,1243,0.6213697195053101,0
3103,978,1.6444629430770874,0
1531,853,0.913148820400238,1
1531,74,1.8010635375976562,0
1531,61,0.9177453517913818,0
1531,204,0.9423508048057556,0
1531,514,1.1954584121704102,0
1531,22,0.7950954437255859,0
1531,894,1.00131094455719,0
1531,1651,1.0398880243301392,0
1531,304,0.6381738185882568,0
1531,1646,0.9148067235946655,0
1531,1859,1.3053958415985107,0
1531,1580,1.3620446920394897,0
1531,1322,1.352787971496582,0
1531,271,1.8755924701690674,0
1531,1173,1.2664134502410889,0
1531,795,0.924798309803009,0
1531,1762,1.9040405750274658,0
1531,1421,0.9666150808334351,0
1531,31,1.1576619148254395,0
1531,723,0.556988537311554,0
3916,1741,0.9226909279823303,1
3916,542,0.8896478414535522,0
3916,750,0.9455703496932983,0
3916,298,1.0427734851837158,0
3916,412,0.7355141639709473,0
3916,83,1.1544362306594849,0
3916,1076,1.4524903297424316,0
3916,720,1.44833505153656,0
3916,850,1.8271403312683105,0
3916,1579,1.3697552680969238,0
3916,1220,1.0782734155654907,0
3916,134,0.921923041343689,0
3916,747,1.039104700088501,0
3916,1069,0.6787036061286926,0
3916,1771,1.173486590385437,0
3916,1064,0.897980272769928,0
3916,184,0.8929036855697632,0
3916,1329,1.1670138835906982,0
3916,365,0.945796012878418,0
3916,952,1.213646411895752,0
3267,207,0.9293651580810547,1
3267,1817,0.5091832280158997,0
3267,1953,1.62909734249115,0
3267,734,0.8805365562438965,0
3267,110,0.3984164893627167,0
3267,965,1.9928374290466309,0
3267,1172,0.49420154094696045,0
3267,863,1.5860655307769775,0
3267,982,0.47773268818855286,0
3267,1475,0.876863420009613,0
3267,732,0.578619122505188,0
3267,530,1.2994431257247925,0
3267,135,0.7817168831825256,0
3267,1665,0.7991352081298828,0
3267,1346,0.9383223056793213,0
3267,580,0.87416011095047,0
3267,2061,0.6209622025489807,0
3267,1320,0.8123630285263062,0
3267,1978,1.302461862564087,0
3267,598,1.2417685985565186,0
1466,2056,0.5904413461685181,1
1466,1167,1.0690505504608154,0
1466,1281,0.5769380331039429,0
1466,1012,0.44477489590644836,0
1466,78,1.6529412269592285,0
1466,510,0.5376596450805664,0
1466,1319,0.5934184193611145,0
1466,1395,0.8521194458007812,0
1466,861,1.9979668855667114,0
1466,1879,0.9098511338233948,0
1466,918,1.463155746459961,0
1466,990,0.5061514377593994,0
1466,296,0.6106590032577515,0
1466,1857,1.0430551767349243,0
1466,1455,0.9574281573295593,0
1466,133,0.6006886959075928,0
1466,509,0.608379065990448,0
1466,1487,1.0587093830108643,0
1466,706,0.9531370401382446,0
1466,1328,0.9365787506103516,0
3238,149,3.1954784393310547,1
3238,1604,0.5330361723899841,0
3238,1208,0.5318470001220703,0
3238,1433,1.286677598953247,0
3238,597,0.6115980744361877,0
3238,1552,0.8945314884185791,0
3238,565,1.255796194076538,0
3238,932,1.7659060955047607,0
3238,150,0.9294931292533875,0
3238,491,0.6478149890899658,0
3238,18,0.8177928924560547,0
3238,711,1.2925903797149658,0
3238,726,0.9026010036468506,0
3238,2024,0.8827832341194153,0
3238,168,1.0460375547409058,0
3238,923,2.933424472808838,0
3238,648,1.3824462890625,0
3238,968,1.2059880495071411,0
3238,925,0.49366092681884766,0
3238,1527,0.5741881728172302,0
2082,400,0.4756585359573364,1
2082,568,1.0043617486953735,0
2082,304,0.5865470767021179,0
2082,98,0.9335924386978149,0
2082,1608,1.1982108354568481,0
2082,1846,1.9115349054336548,0
2082,593,0.633171796798706,0
2082,1665,0.7846292853355408,0
2082,54,1.0008634328842163,0
2082,1891,1.3687220811843872,0
2082,770,0.5122563242912292,0
2082,2007,0.6853786706924438,0
2082,843,0.5541941523551941,0
2082,273,0.9215401411056519,0
2082,1655,0.9511406421661377,0
2082,1920,0.8719565868377686,0
2082,847,1.3627798557281494,0
2082,984,0.915901243686676,0
2082,1071,0.886838436126709,0
2082,135,0.7922872304916382,0
2048,612,0.5327756404876709,1
2048,1723,2.582611560821533,0
2048,268,0.8551883697509766,0
2048,1769,0.5583504438400269,0
2048,1278,3.6619741916656494,0
2048,679,0.9494709968566895,0
2048,1762,1.7345855236053467,0
2048,966,0.9164929389953613,0
2048,1474,1.3609974384307861,0
2048,943,0.8548362255096436,0
2048,1789,0.7764951586723328,0
2048,697,1.2786990404129028,0
2048,507,0.5041404962539673,0
2048,84,1.0167715549468994,0
2048,118,0.9913294911384583,0
2048,1961,0.9255626797676086,0
2048,922,0.9079257249832153,0
2048,128,0.5502235889434814,0
2048,336,1.0591362714767456,0
2048,983,1.5451841354370117,0
3620,1158,0.9532477855682373,1
3620,609,0.5628913044929504,0
3620,1242,0.95536869764328,0
3620,1921,0.5807539224624634,0
3620,642,0.9234644174575806,0
3620,1703,2.919567823410034,0
3620,169,0.6063007712364197,0
3620,679,0.9369977116584778,0
3620,1018,0.5367373824119568,0
3620,1254,0.8655397295951843,0
3620,1276,0.8535832762718201,0
3620,608,0.9774178862571716,0
3620,744,0.8899407982826233,0
3620,1328,0.8570493459701538,0
3620,446,0.5511874556541443,0
3620,873,0.5458778142929077,0
3620,1717,0.5352222919464111,0
3620,157,0.9627206921577454,0
3620,364,1.2575329542160034,0
3620,526,0.9484078288078308,0
264,533,1.55991530418396,1
264,1155,0.8817517757415771,0
264,2067,0.805559515953064,0
264,1916,0.40505069494247437,0
264,731,0.8685111403465271,0
264,720,1.2304373979568481,0
264,693,0.9256734848022461,0
264,1917,1.828988790512085,0
264,1345,0.5089343190193176,0
264,29,0.45690444111824036,0
264,1484,0.4386708736419678,0
264,26,0.9707651138305664,0
264,1645,0.7659695148468018,0
264,1153,0.7962959408760071,0
264,992,1.1023688316345215,0
264,1699,0.8486170172691345,0
264,1229,0.8662392497062683,0
264,1296,0.4750746488571167,0
264,41,1.2198312282562256,0
264,1611,0.4922541081905365,0
370,1597,1.7898727655410767,1
370,741,1.0326933860778809,0
370,1538,1.06146240234375,0
370,2056,0.5569771528244019,0
370,666,1.0848125219345093,0
370,1544,0.9349544048309326,0
370,900,1.0050873756408691,0
370,305,0.8913463354110718,0
370,125,0.7330597639083862,0
370,281,0.5921915769577026,0
370,1524,0.9856035709381104,0
370,1705,1.6607087850570679,0
370,932,1.9114474058151245,0
370,47,1.0782359838485718,0
370,962,2.6310174465179443,0
370,1127,0.5429365038871765,0
370,422,0.9101429581642151,0
370,2068,2.4728729724884033,0
370,1562,1.0675748586654663,0
370,132,1.1628588438034058,0
2685,16,0.5305482149124146,1
2685,772,0.6188116669654846,0
2685,407,1.8556817770004272,0
2685,931,0.5566860437393188,0
2685,1712,1.6729415655136108,0
2685,1755,0.9811524748802185,0
2685,1919,0.8947851657867432,0
2685,668,0.6731904745101929,0
2685,1085,0.4784989356994629,0
2685,793,0.6069215536117554,0
2685,103,2.0873265266418457,0
2685,1069,0.5982483625411987,0
2685,362,1.3778762817382812,0
2685,2014,0.5822062492370605,0
2685,817,0.6091462969779968,0
2685,987,1.3037463426589966,0
2685,741,1.0731977224349976,0
2685,277,1.4208825826644897,0
2685,2034,1.3687034845352173,0
2685,109,0.4891437888145447,0
477,702,1.923682451248169,1
477,1898,0.8037732243537903,0
477,508,2.1133079528808594,0
477,1955,0.5301567316055298,0
477,1574,0.7790196537971497,0
477,2007,0.5453393459320068,0
477,481,0.9103561639785767,0
477,1647,0.49837610125541687,0
477,530,1.1898902654647827,0
477,1330,0.483489990234375,0
477,1006,1.9833649396896362,0
477,1820,0.9032527208328247,0
477,1423,2.1114542484283447,0
477,170,0.9880155324935913,0
477,1029,0.7542020678520203,0
477,204,0.82184237241745,0
477,1206,0.47519898414611816,0
477,226,0.4702816605567932,0
477,207,0.865683913230896,0
477,1601,0.8044482469558716,0
1780,1705,1.34389328956604,1
1780,1066,0.9214652180671692,0
1780,1121,1.0071842670440674,0
1780,862,0.7844488024711609,0
1780,114,0.8301470279693604,0
1780,229,1.3927613496780396,0
1780,733,1.20277738571167,0
1780,317,0.7861437797546387,0
1780,738,0.8936094045639038,0
1780,2015,0.5516035556793213,0
1780,656,0.46660658717155457,0
1780,311,1.1477247476577759,0
1780,1636,1.5585070848464966,0
1780,718,0.8065798282623291,0
1780,1845,1.2133134603500366,0
1780,572,1.895575761795044,0
1780,1567,1.5127935409545898,0
1780,205,0.8392754793167114,0
1780,1670,0.7357946634292603,0
1780,163,0.8103238344192505,0
1719,304,0.5416309833526611,1
1719,1216,0.8962059617042542,0
1719,444,0.9695780277252197,0
1719,271,1.7141289710998535,0
1719,498,0.8483039140701294,0
1719,1158,0.9100062251091003,0
1719,1677,0.5209616422653198,0
1719,800,0.8767092823982239,0
1719,1428,0.840847909450531,0
1719,1015,0.9375352263450623,0
1719,162,0.9140434861183167,0
1719,1388,1.2630174160003662,0
1719,1314,0.7633730173110962,0
1719,745,1.3576749563217163,0
1719,730,0.7882040143013,0
1719,118,0.890627384185791,0
1719,956,1.364686131477356,0
1719,487,0.7662020921707153,0
1719,1586,1.10957670211792,0
1719,1016,1.0044025182724,0
4096,1649,0.9735468626022339,1
4096,460,1.0260955095291138,0
4096,1300,0.8137766718864441,0
4096,1826,0.9055274128913879,0
4096,1372,0.9012582898139954,0
4096,1206,0.5218693017959595,0
4096,832,0.5424553155899048,0
4096,692,1.0179368257522583,0
4096,1496,0.9366695880889893,0
4096,1129,0.5248006582260132,0
4096,997,0.9925731420516968,0
4096,1995,2.103060245513916,0
4096,1363,1.0123481750488281,0
4096,1918,1.4304835796356201,0
4096,92,1.002687931060791,0
4096,1510,0.8674826622009277,0
4096,899,0.8902564644813538,0
4096,2053,0.9079354405403137,0
4096,894,0.9987539649009705,0
4096,1756,0.551654577255249,0
4005,270,0.5144567489624023,1
4005,1720,1.1949806213378906,0
4005,330,2.3238706588745117,0
4005,110,0.38540488481521606,0
4005,1347,1.4924571514129639,0
4005,1346,1.0256927013397217,0
4005,568,0.9949600100517273,0
4005,264,0.49042466282844543,0
4005,1865,0.9040650129318237,0
4005,1569,0.4350297749042511,0
4005,1409,0.49894315004348755,0
4005,896,0.8949613571166992,0
4005,172,0.6131204962730408,0
4005,1315,0.45240601897239685,0
4005,1355,1.8303196430206299,0
4005,1312,2.087404727935791,0
4005,1277,1.2130889892578125,0
4005,1798,0.9334883689880371,0
4005,811,1.0267918109893799,0
4005,1445,2.3493924140930176,0
540,13,1.9850809574127197,1
540,1443,1.0106743574142456,0
540,1585,0.5432186722755432,0
540,914,1.717736005783081,0
540,1415,0.9475719928741455,0
540,759,0.9777997732162476,0
540,140,0.954140841960907,0
540,1160,2.237205982208252,0
540,1557,0.9137383699417114,0
540,973,0.916022539138794,0
540,1744,1.3041621446609497,0
540,1682,0.9939079284667969,0
540,113,0.8371376395225525,0
540,838,1.375288486480713,0
540,469,1.7410465478897095,0
540,840,0.9654306173324585,0
540,703,0.8189412355422974,0
540,1731,0.8684585094451904,0
540,1315,0.47701963782310486,0
540,1181,0.9193139672279358,0
949,1502,0.4861920475959778,1
949,1963,1.2974722385406494,0
949,732,0.5874736905097961,0
949,1617,1.771804690361023,0
949,2018,0.5741302967071533,0
949,655,2.044557571411133,0
949,1167,0.9692987203598022,0
949,1747,0.4785040020942688,0
949,544,0.8570990562438965,0
949,1939,0.9578083753585815,0
949,334,0.8675764203071594,0
949,1370,1.4660556316375732,0
949,1862,0.9676775336265564,0
949,593,0.6040710210800171,0
949,834,1.461082935333252,0
949,773,0.8371162414550781,0
949,1581,0.7880755662918091,0
949,803,1.869623064994812,0
949,1919,0.8671990633010864,0
949,1845,1.4543670415878296,0
2986,241,0.8133456707000732,1
2986,1162,0.6483604907989502,0
2986,729,0.5495078563690186,0
2986,639,1.6467496156692505,0
2986,677,0.4747181534767151,0
2986,274,0.9311399459838867,0
2986,545,1.1137633323669434,0
2986,2061,0.6745622754096985,0
2986,1929,0.9749119281768799,0
2986,1878,1.368974208831787,0
2986,1966,0.8598490953445435,0
2986,2049,0.973785936832428,0
2986,1855,1.1742974519729614,0
2986,673,0.5087559223175049,0
2986,675,0.9992799162864685,0
2986,1165,0.973176121711731,0
2986,231,1.8736814260482788,0
2986,357,0.9690784215927124,0
2986,686,1.0459041595458984,0
2986,727,0.49685972929000854,0
427,1170,1.6485339403152466,1
427,2025,0.9415056109428406,0
427,1748,1.0079400539398193,0
427,986,1.5570423603057861,0
427,1203,1.401059627532959,0
427,630,0.4892805516719818,0
427,521,0.5651315450668335,0
427,1006,2.0082645416259766,0
427,79,1.5026309490203857,0
427,2006,1.1251931190490723,0
427,918,1.4373815059661865,0
427,1688,0.6288914680480957,0
427,1246,0.9260242581367493,0
427,915,1.4217731952667236,0
427,1665,0.8334853053092957,0
427,1587,0.5541948676109314,0
427,987,1.3535404205322266,0
427,1249,0.4573209285736084,0
427,355,0.6093484163284302,0
427,1033,1.0513384342193604,0
1384,826,0.8983979225158691,1
1384,2029,0.859100341796875,0
1384,335,1.4549323320388794,0
1384,938,1.1649017333984375,0
1384,881,0.878966212272644,0
1384,1937,0.8510404229164124,0
1384,1825,1.090415596961975,0
1384,1744,1.3482468128204346,0
1384,578,0.8207335472106934,0
1384,360,0.8443701267242432,0
1384,764,0.8446848392486572,0
1384,1259,1.1790261268615723,0
1384,349,1.2466880083084106,0
1384,1903,0.5123249292373657,0
1384,540,1.41903817653656,0
1384,1118,0.559711217880249,0
1384,248,0.8864303827285767,0
1384,26,0.9820204973220825,0
1384,1054,0.8000321984291077,0
1384,752,0.8153032660484314,0
628,437,1.3876630067825317,1
628,1224,2.0269088745117188,0
628,446,0.5231272578239441,0
628,357,0.8715765476226807,0
628,1495,0.8009529113769531,0
628,663,0.9129528999328613,0
628,208,1.8719817399978638,0
628,550,0.9783725142478943,0
628,574,0.9271760582923889,0
628,1958,1.053712248802185,0
628,21,0.48475563526153564,0
628,1873,0.9102551937103271,0
628,1871,1.5513442754745483,0
628,2052,0.8340950012207031,0
628,1500,1.4484456777572632,0
628,274,0.8934779763221741,0
628,20,1.5514907836914062,0
628,1996,0.9430137872695923,0
628,190,0.9958488941192627,0
628,768,0.8913112878799438,0
2316,817,0.4677388668060303,1
2316,898,0.6658846139907837,0
2316,56,0.8067177534103394,0
2316,242,0.8283547163009644,0
2316,1630,1.182314157485962,0
2316,1258,0.735302209854126,0
2316,1401,0.8118494749069214,0
2316,1444,0.7621011734008789,0
2316,1254,0.7508669495582581,0
2316,1574,0.7193904519081116,0
2316,1257,1.7710678577423096,0
2316,437,1.1686042547225952,0
2316,970,0.8246051669120789,0
2316,1064,0.7415832281112671,0
2316,2006,0.948311984539032,0
2316,1357,0.5031599998474121,0
2316,653,0.4084097146987915,0
2316,1386,0.8110529780387878,0
2316,815,0.8245312571525574,0
2316,125,0.6180249452590942,0
2263,1448,0.7288170456886292,1
2263,1260,1.0674598217010498,0
2263,2019,1.0421899557113647,0
2263,1332,1.4783213138580322,0
2263,1031,0.8796799182891846,0
2263,1485,0.6130086779594421,0
2263,641,0.9879981875419617,0
2263,1318,0.9943671226501465,0
2263,438,1.1381933689117432,0
2263,28,0.5664052963256836,0
2263,1965,1.5594028234481812,0
2263,536,0.836588442325592,0
2263,1745,0.6430600881576538,0
2263,1794,0.5806463360786438,0
2263,943,0.9449038505554199,0
2263,234,1.2045222520828247,0
2263,1606,0.512956976890564,0
2263,897,0.6386744976043701,0
2263,1943,1.0427266359329224,0
2263,1623,0.8973022699356079,0
3257,519,0.970425546169281,1
3257,1325,1.157816767692566,0
3257,856,1.0464164018630981,0
3257,687,1.7544639110565186,0
3257,684,0.5014270544052124,0
3257,1437,1.4290391206741333,0
3257,69,0.44416218996047974,0
3257,757,0.8997770547866821,0
3257,1729,1.1036162376403809,0
3257,514,1.1285099983215332,0
3257,1270,0.9787420034408569,0
3257,1074,1.1831960678100586,0
3257,1431,0.8881577253341675,0
3257,981,0.873545229434967,0
3257,972,0.8835349678993225,0
3257,9,0.6001595258712769,0
3257,991,0.8638641834259033,0
3257,957,0.9500687122344971,0
3257,1773,0.9545700550079346,0
3257,1516,1.9947177171707153,0
2305,767,0.526868462562561,1
2305,941,1.1605385541915894,0
2305,332,1.0942689180374146,0
2305,64,1.0571297407150269,0
2305,455,1.7599457502365112,0
2305,665,0.6017290353775024,0
2305,119,0.6709990501403809,0
2305,185,0.9653441905975342,0
2305,977,1.4246631860733032,0
2305,1237,0.6243631839752197,0
2305,638,1.0047143697738647,0
2305,1589,1.9743305444717407,0
2305,1342,0.9297216534614563,0
2305,381,1.0478758811950684,0
2305,377,1.4697345495224,0
2305,204,0.9480652809143066,0
2305,352,0.9936364889144897,0
2305,239,0.5819748640060425,0
2305,548,0.9178111553192139,0
2305,2069,0.6334758996963501,0
1976,101,1.8985434770584106,1
1976,1442,0.8059621453285217,0
1976,810,0.4781472086906433,0
1976,2024,0.7478525638580322,0
1976,1070,0.719815731048584,0
1976,1127,0.4138602316379547,0
1976,1438,0.4278087019920349,0
1976,933,0.7429710626602173,0
1976,1582,0.818310022354126,0
1976,803,1.5216468572616577,0
1976,1415,0.7481048703193665,0
1976,1515,1.46906578540802,0
1976,481,0.8110763430595398,0
1976,724,0.7769573926925659,0
1976,348,0.8576908707618713,0
1976,619,0.7920252084732056,0
1976,1468,0.7255750298500061,0
1976,349,1.1356189250946045,0
1976,1028,0.7262901067733765,0
1976,830,0.7221162915229797,0
2342,671,1.3512868881225586,1
2342,1174,1.0108283758163452,0
2342,917,1.095212697982788,0
2342,1626,1.0461071729660034,0
2342,127,1.075737476348877,0
2342,718,0.96576988697052,0
2342,1897,0.9451996684074402,0
2342,1192,1.1061944961547852,0
2342,309,0.9953910112380981,0
2342,2044,1.6716248989105225,0
2342,871,1.0280543565750122,0
2342,348,1.1537220478057861,0
2342,1871,1.5732377767562866,0
2342,1907,1.505171537399292,0
2342,1209,0.9429484009742737,0
2342,1624,0.5156344175338745,0
2342,107,1.0282231569290161,0
2342,1891,1.4303466081619263,0
2342,227,0.5077763199806213,0
2342,1132,1.5094201564788818,0
3614,1906,0.6062013506889343,1
3614,1030,0.9365859031677246,0
3614,1712,1.7365055084228516,0
3614,1893,0.9800879955291748,0
3614,146,1.1892260313034058,0
3614,876,1.0712339878082275,0
3614,1262,1.0032809972763062,0
3614,969,1.1515547037124634,0
3614,902,0.632904052734375,0
3614,1542,0.9770411252975464,0
3614,141,0.9167143702507019,0
3614,1526,1.0051496028900146,0
3614,40,2.370546579360962,0
3614,327,0.6446515321731567,0
3614,1981,1.603901743888855,0
3614,187,1.0494292974472046,0
3614,1736,1.0232563018798828,0
3614,1564,2.0457818508148193,0
3614,150,1.0490117073059082,0
3614,1791,0.574883759021759,0
2426,668,0.6491761207580566,1
2426,1705,1.5872777700424194,0
2426,1256,0.5787822008132935,0
2426,962,2.3541276454925537,0
2426,1241,0.43886059522628784,0
2426,1639,0.905284583568573,0
2426,1551,1.0931332111358643,0
2426,2053,0.920936107635498,0
2426,88,0.9133431911468506,0
2426,1569,0.4835503399372101,0
2426,1371,0.8242125511169434,0
2426,1805,1.0000282526016235,0
2426,114,0.964839518070221,0
2426,679,0.9339689016342163,0
2426,1757,2.7385306358337402,0
2426,872,0.897736132144928,0
2426,1804,0.8813014626502991,0
2426,669,1.0710536241531372,0
2426,206,0.9625779986381531,0
2426,1942,1.9712738990783691,0
2459,1057,0.5989170074462891,1
2459,1471,0.9439948201179504,0
2459,1142,0.8922901153564453,0
2459,765,1.5421602725982666,0
2459,1697,0.8202248215675354,0
2459,472,1.2255780696868896,0
2459,703,0.7574348449707031,0
2459,336,1.038076400756836,0
2459,273,0.8788228631019592,0
2459,1120,1.4624876976013184,0
2459,1328,0.8082252740859985,0
2459,1780,0.906642735004425,0
2459,1146,0.9650202989578247,0
2459,600,2.301269769668579,0
2459,1258,0.7978957891464233,0
2459,189,0.8345373868942261,0
2459,1803,0.5053873062133789,0
2459,888,1.2470417022705078,0
2459,1150,1.677660584449768,0
2459,389,1.0636749267578125,0
3436,1630,1.2360706329345703,1
3436,1091,0.9198229908943176,0
3436,1711,0.6465646624565125,0
3436,1387,0.5201188325881958,0
3436,1470,0.9487245678901672,0
3436,1979,0.905680239200592,0
3436,1668,0.8606885075569153,0
3436,830,0.7899119853973389,0
3436,402,0.8974583148956299,0
3436,1180,1.3733031749725342,0
3436,262,1.605662226676941,0
3436,1100,0.47065240144729614,0
3436,984,0.8690004348754883,0
3436,298,0.8972130417823792,0
3436,725,0.5488518476486206,0
3436,1826,0.8432533144950867,0
3436,147,0.5287055969238281,0
3436,688,0.8394656181335449,0
3436,1364,1.1759274005889893,0
3436,1000,1.3592413663864136,0
3528,547,0.6355686187744141,1
3528,141,0.8948822617530823,0
3528,1206,0.5596891641616821,0
3528,292,0.5860878229141235,0
3528,1111,0.5766346454620361,0
3528,991,0.8739150762557983,0
3528,325,1.4432556629180908,0
3528,46,0.6083868741989136,0
3528,22,0.8326927423477173,0
3528,1999,1.7257106304168701,0
3528,949,0.5083743333816528,0
3528,453,0.9106111526489258,0
3528,1537,0.5945230722427368,0
3528,1668,1.00114107131958,0
3528,568,1.0784794092178345,0
3528,1717,0.5483306646347046,0
3528,1356,1.0652631521224976,0
3528,450,0.5981169939041138,0
3528,1300,0.8726851344108582,0
3528,1095,1.0385171175003052,0
3884,705,0.5043139457702637,1
3884,1261,0.9264152646064758,0
3884,1295,0.9079793095588684,0
3884,295,0.5531982183456421,0
3884,1402,0.9541496634483337,0
3884,568,0.9758572578430176,0
3884,1360,0.967201828956604,0
3884,199,1.351952314376831,0
3884,8,0.9821199178695679,0
3884,2006,1.112696886062622,0
3884,783,0.9021379351615906,0
3884,197,1.0211747884750366,0
3884,1081,0.5601247549057007,0
3884,1508,1.3385937213897705,0
3884,1623,0.8514496088027954,0
3884,108,1.1186819076538086,0
3884,756,1.4423716068267822,0
3884,639,1.5175578594207764,0
3884,1584,0.9709579944610596,0
3884,469,1.8458200693130493,0
2723,1092,1.633482575416565,1
2723,668,0.6831157207489014,0
2723,348,1.1526871919631958,0
2723,1599,0.6519769430160522,0
2723,1471,1.04998779296875,0
2723,1382,0.8782320618629456,0
2723,116,0.5524096488952637,0
2723,1184,1.2600476741790771,0
2723,1621,0.4806867837905884,0
2723,1474,1.4524165391921997,0
2723,1219,1.1609891653060913,0
2723,2041,0.9118704795837402,0
2723,101,2.2123122215270996,0
2723,1843,1.7902837991714478,0
2723,601,0.5438074469566345,0
2723,963,0.9359521865844727,0
2723,228,0.8804756999015808,0
2723,1430,0.959411084651947,0
2723,1564,1.8901517391204834,0
2723,1632,2.3476462364196777,0
110,655,2.056851863861084,1
110,440,0.8446266651153564,0
110,2016,0.9259469509124756,0
110,1768,0.5002909302711487,0
110,1105,0.5333417654037476,0
110,354,0.5173066258430481,0
110,1001,0.5330801010131836,0
110,261,0.9653846621513367,0
110,791,0.8039067387580872,0
110,843,0.5683092474937439,0
110,646,0.5959840416908264,0
110,413,0.8915647268295288,0
110,1461,1.0296248197555542,0
110,1806,3.4162116050720215,0
110,2010,0.5757695436477661,0
110,1602,0.9639432430267334,0
110,1805,1.0739275217056274,0
110,768,0.9710838794708252,0
110,859,1.0041241645812988,0
110,1454,0.5358304381370544,0
188,104,2.179549217224121,1
188,1584,0.9476807713508606,0
188,485,0.7832465767860413,0
188,828,1.0457391738891602,0
188,1474,1.4277081489562988,0
188,1222,0.6159555315971375,0
188,1428,0.879235029220581,0
188,397,0.9961533546447754,0
188,1587,0.5386453866958618,0
188,1974,1.0143113136291504,0
188,367,1.0372645854949951,0
188,1148,0.9427886605262756,0
188,1419,0.8969859480857849,0
188,1327,1.2981281280517578,0
188,1294,1.7465237379074097,0
188,1182,1.3063255548477173,0
188,987,1.318737506866455,0
188,239,0.5470645427703857,0
188,1787,1.5419760942459106,0
188,716,0.985190212726593,0
1168,409,0.9629945755004883,1
1168,1418,0.9879968166351318,0
1168,140,1.0159591436386108,0
1168,768,0.9419237375259399,0
1168,170,1.1419692039489746,0
1168,2025,0.8888046741485596,0
1168,1520,0.47832924127578735,0
1168,1755,1.0125646591186523,0
1168,606,0.974163293838501,0
1168,1089,1.0871449708938599,0
1168,332,1.0603102445602417,0
1168,912,0.8613365292549133,0
1168,1410,1.0268712043762207,0
1168,1185,1.058988094329834,0
1168,727,0.49899762868881226,0
1168,1440,0.9927822351455688,0
1168,2072,1.0016603469848633,0
1168,1580,1.3463692665100098,0
1168,411,0.584285318851471,0
1168,1893,0.9105650782585144,0
764,1956,0.9873319268226624,1
764,1922,0.9103787541389465,0
764,448,0.9163340926170349,0
764,1570,0.8210694789886475,0
764,1100,0.4766298532485962,0
764,890,0.9069706797599792,0
764,1680,0.7774965763092041,0
764,1945,0.4531538784503937,0
764,884,0.9627317786216736,0
764,771,0.9336369633674622,0
764,1795,1.5495491027832031,0
764,1380,0.7849433422088623,0
764,1831,0.9076859951019287,0
764,1442,1.0416020154953003,0
764,548,0.8717061281204224,0
764,947,0.9206600189208984,0
764,826,0.9185504913330078,0
764,203,0.9766451120376587,0
764,958,1.6812207698822021,0
764,675,0.982194721698761,0
681,970,0.9604702591896057,1
681,653,0.5336219668388367,0
681,1692,0.9727058410644531,0
681,1349,0.9921934604644775,0
681,668,0.6557971239089966,0
681,299,0.8894692659378052,0
681,222,0.8921582698822021,0
681,1855,1.1181645393371582,0
681,2080,1.0317715406417847,0
681,248,0.9989864230155945,0
681,1301,0.8629125952720642,0
681,665,0.5753768086433411,0
681,1169,1.2279447317123413,0
681,1546,1.0378831624984741,0
681,386,0.5306133031845093,0
681,444,1.0758510828018188,0
681,1263,0.8998369574546814,0
681,994,0.5772594213485718,0
681,701,0.5863803625106812,0
681,1302,1.3075315952301025,0
1685,1373,1.8203561305999756,1
1685,407,1.9266836643218994,0
1685,1988,0.5862247943878174,0
1685,33,1.4406410455703735,0
1685,1507,2.105482816696167,0
1685,1130,0.9330890774726868,0
1685,234,1.1750764846801758,0
1685,1521,1.7746992111206055,0
1685,1349,0.9961252808570862,0
1685,1739,1.45932936668396,0
1685,6,0.6277567148208618,0
1685,1615,0.965794026851654,0
1685,1841,0.5647166967391968,0
1685,2016,0.9521546959877014,0
1685,841,2.18780779838562,0
1685,286,1.0634095668792725,0
1685,36,1.0133048295974731,0
1685,713,0.8629388809204102,0
1685,1420,1.1776139736175537,0
1685,947,0.941699206829071,0
1225,567,1.7436269521713257,1
1225,2020,0.9723044037818909,0
1225,1831,0.8468319177627563,0
1225,1457,1.1139743328094482,0
1225,519,0.8940608501434326,0
1225,558,0.5012590885162354,0
1225,1825,1.0785326957702637,0
1225,1940,0.7838395237922668,0
1225,403,0.8564929366111755,0
1225,762,1.1214176416397095,0
1225,1988,0.4780106842517853,0
1225,1447,1.6032675504684448,0
1225,1724,0.887495219707489,0
1225,542,0.7685993313789368,0
1225,1821,0.9689489006996155,0
1225,386,0.4796331524848938,0
1225,1015,0.9311651587486267,0
1225,844,0.8031342029571533,0
1225,220,0.8814874291419983,0
1225,11,0.5038307905197144,0
1848,1509,1.371503472328186,1
1848,877,0.9021518230438232,0
1848,78,1.6080620288848877,0
1848,2033,1.0474177598953247,0
1848,1800,0.8716094493865967,0
1848,392,0.536346435546875,0
1848,167,0.9228216409683228,0
1848,2071,0.861592173576355,0
1848,1644,1.397877812385559,0
1848,1617,1.6561576128005981,0
1848,85,0.8969314694404602,0
1848,1790,1.3496042490005493,0
1848,81,0.9002421498298645,0
1848,198,0.9859440326690674,0
1848,1319,0.629745602607727,0
1848,612,0.5593501329421997,0
1848,1028,0.9141243696212769,0
1848,1346,1.0647735595703125,0
1848,731,1.074978232383728,0
1848,1710,1.3063044548034668,0
3419,1647,0.5867209434509277,1
3419,1653,0.9689580202102661,0
3419,720,1.38426673412323,0
3419,1061,0.9982339143753052,0
3419,1104,1.9744482040405273,0
3419,1842,1.3314173221588135,0
3419,77,0.6048636436462402,0
3419,47,1.0340325832366943,0
3419,1022,0.876533567905426,0
3419,1041,1.2164690494537354,0
3419,1823,1.4938606023788452,0
3419,1378,0.9187830686569214,0
3419,1896,1.0600727796554565,0
3419,847,1.450743556022644,0
3419,1804,0.8792206048965454,0
3419,649,1.5620982646942139,0
3419,1196,1.0030674934387207,0
3419,165,1.0183264017105103,0
3419,494,0.9875553250312805,0
3419,115,0.8171485066413879,0
3157,925,0.4986996054649353,1
3157,1544,0.8937601447105408,0
3157,1894,1.2182340621948242,0
3157,1075,0.4590696692466736,0
3157,1315,0.49168068170547485,0
3157,218,1.1351559162139893,0
3157,1752,0.9863623976707458,0
3157,311,1.334189534187317,0
3157,1233,0.577337384223938,0
3157,673,0.5118570327758789,0
3157,1344,1.0650551319122314,0
3157,1098,0.7912291288375854,0
3157,358,0.8892330527305603,0
3157,1010,0.9918416738510132,0
3157,1281,0.5558163523674011,0
3157,1105,0.503959059715271,0
3157,1716,0.5388709306716919,0
3157,1135,0.9106667637825012,0
3157,1604,0.5335164070129395,0
3157,1249,0.41992059350013733,0
1079,566,0.6041929721832275,1
1079,1044,0.5371332168579102,0
1079,875,1.0306419134140015,0
1079,592,0.9821195602416992,0
1079,760,2.1072704792022705,0
1079,1730,1.4769737720489502,0
1079,294,0.5739705562591553,0
1079,1775,0.510738730430603,0
1079,966,0.9659774899482727,0
1079,761,0.917705237865448,0
1079,485,0.7978749871253967,0
1079,1013,1.0972956418991089,0
1079,1503,0.6774030923843384,0
1079,719,2.112689971923828,0
1079,1291,0.9735175967216492,0
1079,359,0.910285472869873,0
1079,998,0.9412323236465454,0
1079,565,1.3563783168792725,0
1079,327,0.6407935619354248,0
1079,1934,1.0337551832199097,0
585,989,1.819916009902954,1
585,741,1.0348658561706543,0
585,1799,1.1981593370437622,0
585,364,1.2647757530212402,0
585,1263,0.8520894646644592,0
585,423,0.849448561668396,0
585,1237,0.5545461177825928,0
585,2007,0.6126365661621094,0
585,1798,0.8790816068649292,0
585,30,0.538424015045166,0
585,1713,1.6070232391357422,0
585,353,0.9720557332038879,0
585,13,1.917397379875183,0
585,82,0.8534229397773743,0
585,751,0.5381917953491211,0
585,646,0.5637695789337158,0
585,1732,1.5275065898895264,0
585,1199,0.47589632868766785,0
585,1165,0.8570279479026794,0
585,1422,0.4461613893508911,0
2059,1951,1.1673325300216675,1
2059,2054,0.7522439360618591,0
2059,435,0.8101838231086731,0
2059,1949,1.2415683269500732,0
2059,662,0.8422890305519104,0
2059,1802,1.4487859010696411,0
2059,763,0.8271300196647644,0
2059,986,1.3218414783477783,0
2059,505,0.949528694152832,0
2059,1577,0.8953137993812561,0
2059,133,0.4922868013381958,0
2059,1385,1.240725040435791,0
2059,1742,0.9053366184234619,0
2059,39,0.8154231309890747,0
2059,1927,1.107162594795227,0
2059,426,2.2246854305267334,0
2059,917,0.9054683446884155,0
2059,256,1.6882131099700928,0
2059,785,0.807607114315033,0
2059,775,0.3905934691429138,0
1213,1846,1.8598177433013916,1
1213,67,1.1626105308532715,0
1213,1762,1.7945152521133423,0
1213,1624,0.41588374972343445,0
1213,1089,0.9984937906265259,0
1213,1562,0.8892887234687805,0
1213,579,1.5183873176574707,0
1213,1944,0.5733927488327026,0
1213,1955,0.5320674180984497,0
1213,920,0.8362704515457153,0
1213,195,0.9479581117630005,0
1213,1083,0.4733092784881592,0
1213,184,0.7747483253479004,0
1213,930,1.465734601020813,0
1213,725,0.5297412276268005,0
1213,218,1.0853301286697388,0
1213,1726,0.7609307169914246,0
1213,2028,1.3245697021484375,0
1213,1909,0.8794881105422974,0
1213,248,0.9276007413864136,0
2932,1103,0.6328668594360352,1
2932,1166,0.9321418404579163,0
2932,1122,1.8908212184906006,0
2932,565,1.3149458169937134,0
2932,571,0.917388916015625,0
2932,170,1.1292402744293213,0
2932,928,1.1114981174468994,0
2932,1442,0.9956603646278381,0
2932,582,0.902301013469696,0
2932,577,0.4427928626537323,0
2932,81,0.8996392488479614,0
2932,716,0.9735066890716553,0
2932,2034,1.365830659866333,0
2932,1606,0.4942322075366974,0
2932,1418,0.962592363357544,0
2932,226,0.5660266280174255,0
2932,418,0.9407380819320679,0
2932,1070,0.8976914286613464,0
2932,1156,0.9611178636550903,0
2932,1037,1.0374467372894287,0
381,229,1.7998522520065308,1
381,995,2.409552574157715,0
381,76,1.0672714710235596,0
381,2045,1.1694469451904297,0
381,830,1.0017178058624268,0
381,1985,1.3268935680389404,0
381,1214,1.8608261346817017,0
381,347,0.5633394718170166,0
381,1294,1.9001773595809937,0
381,348,1.2462444305419922,0
381,1055,1.405497431755066,0
381,86,1.4536457061767578,0
381,632,1.0706948041915894,0
381,1635,0.6140859723091125,0
381,413,0.9901354312896729,0
381,646,0.6879686117172241,0
381,1548,1.7767055034637451,0
381,1311,0.5457489490509033,0
381,94,1.4805132150650024,0
381,1104,2.109341621398926,0
3089,511,2.0168070793151855,1
3089,1236,1.3079146146774292,0
3089,409,0.8838496208190918,0
3089,163,0.9107519388198853,0
3089,55,1.727887511253357,0
3089,2025,0.8954234719276428,0
3089,1669,1.6220142841339111,0
3089,992,1.2250943183898926,0
3089,241,0.743676483631134,0
3089,1557,0.908101499080658,0
3089,1706,0.48025596141815186,0
3089,1975,1.4725701808929443,0
3089,1738,0.4299411475658417,0
3089,2038,2.452946186065674,0
3089,1980,1.503056526184082,0
3089,2061,0.6200428009033203,0
3089,1350,1.0194438695907593,0
3089,619,0.8883160948753357,0
3089,1607,1.2894186973571777,0
3089,2043,0.40814483165740967,0
777,202,2.4337172508239746,1
777,825,0.8704826235771179,0
777,1868,1.8151488304138184,0
777,537,0.9224182367324829,0
777,1495,0.7972265481948853,0
777,884,0.9022120833396912,0
777,971,0.49312809109687805,0
777,715,0.87575364112854,0
777,469,1.879533052444458,0
777,889,0.8156306147575378,0
777,190,0.9346961975097656,0
777,201,0.5104825496673584,0
777,1855,1.0786705017089844,0
777,589,0.45499899983406067,0
777,934,0.8771870732307434,0
777,1722,0.8957739472389221,0
777,702,1.9092952013015747,0
777,1314,0.7765845656394958,0
777,551,1.0057339668273926,0
777,1698,0.5610412359237671,0
1473,919,1.6205062866210938,1
1473,1203,1.3361319303512573,0
1473,1432,0.8981420397758484,0
1473,1277,1.3555326461791992,0
1473,647,1.3124771118164062,0
1473,314,0.6307269930839539,0
1473,579,1.6765192747116089,0
1473,860,1.0679939985275269,0
1473,1417,0.5899093151092529,0
1473,350,0.8454587459564209,0
1473,1089,1.089700698852539,0
1473,611,1.1389917135238647,0
1473,1577,1.1239538192749023,0
1473,744,0.9603869915008545,0
1473,889,0.9274290204048157,0
1473,268,0.915705680847168,0
1473,913,1.7603724002838135,0
1473,1205,1.3194862604141235,0
1473,351,0.5353562831878662,0
1473,1979,1.008486032485962,0
3888,603,0.4352412223815918,1
3888,1081,0.5095344185829163,0
3888,1641,1.5608357191085815,0
3888,1745,0.5664417147636414,0
3888,505,1.0605956315994263,0
3888,827,0.5016375780105591,0
3888,1247,0.6637173891067505,0
3888,1855,1.0626376867294312,0
3888,1373,1.7273521423339844,0
3888,1887,0.8995299339294434,0
3888,980,2.103869676589966,0
3888,861,1.8745907545089722,0
3888,341,0.5514549016952515,0
3888,2053,0.868087887763977,0
3888,1215,0.9997080564498901,0
3888,1028,0.850044310092926,0
3888,733,1.4284316301345825,0
3888,1698,0.5783384442329407,0
3888,1129,0.5000690817832947,0
3888,1411,0.9009494185447693,0
1152,717,1.3351225852966309,1
1152,21,0.4686700999736786,0
1152,221,0.7957477569580078,0
1152,499,0.9571177959442139,0
1152,1420,1.0176382064819336,0
1152,14,1.2795689105987549,0
1152,713,0.8206536173820496,0
1152,2075,0.5081579685211182,0
1152,671,1.2649017572402954,0
1152,1671,2.6704511642456055,0
1152,53,0.43351036310195923,0
1152,1513,1.7455569505691528,0
1152,1195,0.5183693766593933,0
1152,1218,2.205146312713623,0
1152,1844,2.7632718086242676,0
1152,774,0.7813392877578735,0
1152,34,0.898961067199707,0
1152,1767,0.5367388725280762,0
1152,1132,1.4374228715896606,0
1152,15,0.8642502427101135,0
903,30,0.6173967123031616,1
903,1665,0.7820665836334229,0
903,1947,0.9229496121406555,0
903,1400,1.8940281867980957,0
903,121,0.8858419060707092,0
903,1956,1.023808240890503,0
903,697,1.29158616065979,0
903,1242,1.0030008554458618,0
903,322,0.880520224571228,0
903,176,1.6692397594451904,0
903,1841,0.5228325128555298,0
903,297,2.041557550430298,0
903,675,0.9669324159622192,0
903,632,0.9931706786155701,0
903,956,1.4634183645248413,0
903,1763,0.6305803656578064,0
903,2037,1.2029471397399902,0
903,783,0.9172458648681641,0
903,642,0.945597231388092,0
903,1002,1.5960115194320679,0
4064,515,0.5086490511894226,1
4064,1705,1.4904481172561646,0
4064,1050,1.3716356754302979,0
4064,714,0.7765548229217529,0
4064,97,1.7740166187286377,0
4064,1944,0.6416406631469727,0
4064,1091,0.9851477742195129,0
4064,846,1.05243718624115,0
4064,451,1.324082612991333,0
4064,1411,0.9587308168411255,0
4064,1361,1.2775830030441284,0
4064,1702,0.9020845293998718,0
4064,1214,1.9335812330245972,0
4064,1559,2.4643630981445312,0
4064,470,0.8697755336761475,0
4064,1065,1.1204643249511719,0
4064,995,2.262716770172119,0
4064,1113,0.9238039255142212,0
4064,1339,1.3354747295379639,0
4064,858,0.9430968761444092,0
3516,1914,1.4278972148895264,1
3516,48,0.8733781576156616,0
3516,1635,0.5215368866920471,0
3516,3,1.0369738340377808,0
3516,1431,0.8891217112541199,0
3516,1758,0.4589122533798218,0
3516,985,1.3620151281356812,0
3516,793,0.5590437650680542,0
3516,1267,1.0860029458999634,0
3516,1963,1.3387763500213623,0
3516,1446,0.9759781956672668,0
3516,978,1.8247473239898682,0
3516,1551,1.1347455978393555,0
3516,591,0.9863365888595581,0
3516,774,0.8665367960929871,0
3516,1731,0.9241910576820374,0
3516,858,0.9640213251113892,0
3516,1030,0.8531614542007446,0
3516,1563,1.2219114303588867,0
3516,1216,1.0164302587509155,0
1017,656,0.5569469332695007,1
1017,540,1.5712212324142456,0
1017,1503,0.7330927848815918,0
1017,1382,0.9736449718475342,0
1017,545,1.1545233726501465,0
1017,1996,1.085930585861206,0
1017,206,0.9958092570304871,0
1017,1179,1.0210180282592773,0
1017,83,1.1396180391311646,0
1017,1915,1.0187007188796997,0
1017,992,1.413271427154541,0
1017,178,0.6224560141563416,0
1017,166,0.45680105686187744,0
1017,1713,1.869735598564148,0
1017,735,1.0037391185760498,0
1017,291,1.00260591506958,0
1017,573,1.1561111211776733,0
1017,1693,1.7295143604278564,0
1017,71,1.8282926082611084,0
1017,516,1.084653377532959,0
1115,1520,0.35379093885421753,1
1115,890,0.7553916573524475,0
1115,630,0.3711681365966797,0
1115,1557,0.8297517895698547,0
1115,1486,0.8048346638679504,0
1115,1898,0.7371490597724915,0
1115,1055,1.1623307466506958,0
1115,1429,0.4218440055847168,0
1115,552,1.6560488939285278,0
1115,346,0.48786258697509766,0
1115,1978,1.1678317785263062,0
1115,60,0.8638220429420471,0
1115,289,0.7666870355606079,0
1115,75,0.37818026542663574,0
1115,1626,0.9290897846221924,0
1115,879,1.0380547046661377,0
1115,1942,1.9500690698623657,0
1115,866,0.8139175772666931,0
1115,1357,0.49578893184661865,0
1115,1407,1.1096140146255493,0
3160,1745,0.6830230951309204,1
3160,372,0.5140030980110168,0
3160,1329,1.3037335872650146,0
3160,1902,0.6327562928199768,0
3160,812,1.042309284210205,0
3160,1232,1.674878478050232,0
3160,1716,0.6360539793968201,0
3160,1503,0.7020934820175171,0
3160,554,0.6631823182106018,0
3160,538,1.208641767501831,0
3160,586,1.6744729280471802,0
3160,1533,1.0849307775497437,0
3160,1574,0.9317807555198669,0
3160,276,1.1030970811843872,0
3160,426,2.6505346298217773,0
3160,998,0.9822141528129578,0
3160,712,1.1127957105636597,0
3160,509,0.7068572044372559,0
3160,1906,0.6594998836517334,0
3160,1834,1.044420838356018,0
1036,1571,1.1046355962753296,1
1036,855,0.38377517461776733,0
1036,618,0.8419249057769775,0
1036,781,0.7996436953544617,0
1036,93,0.7718003392219543,0
1036,282,1.2440173625946045,0
1036,1576,0.5014413595199585,0
1036,1773,0.8708386421203613,0
1036,1493,1.1000429391860962,0
1036,191,0.9344275593757629,0
1036,2047,0.9188645482063293,0
1036,548,0.7695150375366211,0
1036,1107,1.4897977113723755,0
1036,1267,0.8904653787612915,0
1036,1985,1.0835400819778442,0
1036,1728,1.5907096862792969,0
1036,1059,0.3978949785232544,0
1036,1251,0.8553501963615417,0
1036,1798,0.8449339866638184,0
1036,1631,1.1173102855682373,0
2650,863,1.5511229038238525,1
2650,975,0.5413085222244263,0
2650,1428,0.8610361218452454,0
2650,1960,0.9359342455863953,0
2650,1975,1.2841215133666992,0
2650,1105,0.4685552418231964,0
2650,951,0.48291099071502686,0
2650,1579,1.1582860946655273,0
2650,914,1.8924413919448853,0
2650,965,1.894667387008667,0
2650,1097,0.9605167508125305,0
2650,1623,0.771192193031311,0
2650,144,0.8668452501296997,0
2650,207,0.8762201070785522,0
2650,426,2.352501153945923,0
2650,1180,1.3617477416992188,0
2650,77,0.5780130624771118,0
2650,2016,0.8354081511497498,0
2650,1187,0.7603352665901184,0
2650,1027,0.8927434682846069,0
1900,1559,2.4442152976989746,1
1900,40,2.3122315406799316,0
1900,1970,1.0581769943237305,0
1900,108,1.1319308280944824,0
1900,736,0.9829309582710266,0
1900,948,1.6105477809906006,0
1900,2009,1.054037094116211,0
1900,532,1.012890338897705,0
1900,111,0.9290249347686768,0
1900,1848,1.320043921470642,0
1900,787,1.0972055196762085,0
1900,1976,1.4280014038085938,0
1900,778,2.5301084518432617,0
1900,1890,0.8272244334220886,0
1900,764,0.9573588967323303,0
1900,1787,1.6728765964508057,0
1900,940,1.0211724042892456,0
1900,947,0.8867185711860657,0
1900,1583,1.0860685110092163,0
1900,1193,0.50260329246521,0
617,400,0.46719369292259216,1
617,130,0.9806617498397827,0
617,1137,1.899599552154541,0
617,1882,0.5235984921455383,0
617,546,1.1417585611343384,0
617,1107,1.635457992553711,0
617,1751,0.6386829614639282,0
617,2042,0.5087137818336487,0
617,1923,1.3697196245193481,0
617,615,0.5383180379867554,0
617,1177,0.983086109161377,0
617,1336,0.9326418042182922,0
617,1621,0.4805833101272583,0
617,1899,0.9321509599685669,0
617,1695,0.60305255651474,0
617,1973,0.6138197183609009,0
617,362,1.4269567728042603,0
617,345,5.072150230407715,0
617,760,2.097811222076416,0
617,1008,0.8128883838653564,0
820,1403,0.8764084577560425,1
820,55,1.6495519876480103,0
820,762,1.1373928785324097,0
820,852,0.9349888563156128,0
820,495,0.9854387044906616,0
820,691,0.8785939812660217,0
820,498,0.8649499416351318,0
820,148,1.5515328645706177,0
820,1825,1.1230158805847168,0
820,1854,0.5198022723197937,0
820,864,0.8813551068305969,0
820,435,0.9053728580474854,0
820,1444,0.8746951222419739,0
820,1630,1.32439124584198,0
820,1202,0.913560152053833,0
820,855,0.39510729908943176,0
820,2066,0.8995243906974792,0
820,1442,0.9746044874191284,0
820,868,1.0046868324279785,0
820,1130,0.8330007791519165,0
205,1136,0.9468441605567932,1
205,817,0.527023434638977,0
205,1171,0.8746592998504639,0
205,1818,1.9113918542861938,0
205,1973,0.5446280241012573,0
205,276,0.9876695871353149,0
205,373,1.2512001991271973,0
205,1111,0.5060698986053467,0
205,1017,1.0015826225280762,0
205,484,0.5307520627975464,0
205,1625,0.597964882850647,0
205,164,0.8678690195083618,0
205,1562,0.9462105631828308,0
205,1234,0.9912778735160828,0
205,285,1.0342098474502563,0
205,1332,1.3419655561447144,0
205,394,0.9876556396484375,0
205,1918,1.4444959163665771,0
205,1174,0.9025440812110901,0
205,139,1.8126169443130493,0
821,1278,3.843510150909424,1
821,974,0.8527334928512573,0
821,117,1.6580636501312256,0
821,989,1.9276812076568604,0
821,1647,0.5190486907958984,0
821,1564,1.9395498037338257,0
821,1211,0.9541316032409668,0
821,1571,1.1356441974639893,0
821,1146,0.9311615824699402,0
821,959,1.2994768619537354,0
821,1611,0.5070011615753174,0
821,509,0.5392771363258362,0
821,811,0.9511436223983765,0
821,2064,0.9259659647941589,0
821,979,0.9181920886039734,0
821,491,0.611843466758728,0
821,910,0.9824766516685486,0
821,1548,1.5763009786605835,0
821,1849,0.8252124786376953,0
821,1092,1.6456695795059204,0
738,13,1.99915611743927,1
738,756,1.460464596748352,0
738,863,1.5517034530639648,0
738,435,0.8894522190093994,0
738,318,0.8738745450973511,0
738,246,0.8659314513206482,0
738,757,0.8729421496391296,0
738,1162,0.6772597432136536,0
738,1596,0.8721797466278076,0
738,1199,0.48832932114601135,0
738,2039,1.2642276287078857,0
738,483,1.939985752105713,0
738,527,0.863955020904541,0
738,1553,0.7750920653343201,0
738,1461,0.9883914589881897,0
738,1578,2.115349054336548,0
738,1348,1.43817138671875,0
738,155,0.9750374555587769,0
738,1077,1.2124265432357788,0
738,1154,0.5640665292739868,0
1920,1877,4.1981329917907715,1
1920,1762,1.8334251642227173,0
1920,896,0.9675856828689575,0
1920,457,0.9579835534095764,0
1920,1087,1.0318217277526855,0
1920,1161,0.740429699420929,0
1920,35,0.9210737943649292,0
1920,1337,1.064876675605774,0
1920,1736,1.0028061866760254,0
1920,1158,1.0576789379119873,0
1920,2050,1.393052339553833,0
1920,1824,0.6310399770736694,0
1920,759,1.0999845266342163,0
1920,959,1.4298679828643799,0
1920,681,1.1748442649841309,0
1920,1884,1.467030644416809,0
1920,1011,1.6607484817504883,0
1920,1387,0.6700578927993774,0
1920,231,1.8026063442230225,0
1920,536,0.8630200028419495,0
984,1725,1.26667320728302,1
984,1196,0.8891404867172241,0
984,1269,0.8322243690490723,0
984,1928,1.3135533332824707,0
984,1888,0.8275350332260132,0
984,560,0.9586197137832642,0
984,783,0.8649744987487793,0
984,1221,0.8286373019218445,0
984,1658,3.7199859619140625,0
984,1163,0.9193816184997559,0
984,1091,0.8696609139442444,0
984,2012,0.854546070098877,0
984,624,2.3214669227600098,0
984,170,0.9675900936126709,0
984,1111,0.48409169912338257,0
984,167,0.8465259671211243,0
984,1781,0.7623593807220459,0
984,1789,0.783894956111908,0
984,1464,0.7945806980133057,0
984,857,0.49328404664993286,0
1426,1367,0.6379759311676025,1
1426,642,0.9623180627822876,0
1426,865,0.9739193320274353,0
1426,873,0.5700741410255432,0
1426,1410,1.0515503883361816,0
1426,155,1.0298206806182861,0
1426,336,1.0609502792358398,0
1426,401,0.9369215369224548,0
1426,99,0.5659215450286865,0
1426,565,1.3083349466323853,0
1426,1269,0.860415518283844,0
1426,2026,1.0801913738250732,0
1426,1381,1.322962760925293,0
1426,1045,1.0384538173675537,0
1426,1518,1.6711643934249878,0
1426,301,1.3822373151779175,0
1426,696,1.310201644897461,0
1426,2067,0.9292072057723999,0
1426,1070,0.897445023059845,0
1426,1535,1.7561707496643066,0
2102,239,0.5313630104064941,1
2102,688,0.9036696553230286,0
2102,1509,1.3733501434326172,0
2102,1362,0.8839259743690491,0
2102,553,0.9838309288024902,0
2102,141,0.8483060598373413,0
2102,1206,0.5295207500457764,0
2102,1145,1.0272066593170166,0
2102,214,0.5191304683685303,0
2102,101,2.3670241832733154,0
2102,421,0.5929113626480103,0
2102,1985,1.3064379692077637,0
2102,563,0.5780537128448486,0
2102,1877,4.518304824829102,0
2102,560,1.081712245941162,0
2102,1897,0.9009608030319214,0
2102,1960,1.0138322114944458,0
2102,1640,1.2399290800094604,0
2102,695,0.999965488910675,0
2102,217,0.9762657284736633,0
2845,2001,0.5432829856872559,1
2845,821,0.48704981803894043,0
2845,434,0.9364219903945923,0
2845,1716,0.543590784072876,0
2845,1282,0.9898929595947266,0
2845,676,1.453269362449646,0
2845,444,1.0311238765716553,0
2845,1701,0.6191137433052063,0
2845,1314,0.76988285779953,0
2845,502,1.0107848644256592,0
2845,1073,0.5547996759414673,0
2845,1036,0.8769769668579102,0
2845,1155,0.9747975468635559,0
2845,873,0.519698977470398,0
2845,2049,0.8596857786178589,0
2845,1730,1.4178569316864014,0
2845,1679,0.9984114170074463,0
2845,1868,1.6137809753417969,0
2845,139,1.708516240119934,0
2845,1965,1.3199210166931152,0
3109,1698,0.6150066256523132,1
3109,969,1.0541033744812012,0
3109,855,0.40517085790634155,0
3109,1432,0.847514271736145,0
3109,54,0.9808054566383362,0
3109,1420,1.056045651435852,0
3109,1306,0.9964651465415955,0
3109,522,0.8182700872421265,0
3109,745,1.4443320035934448,0
3109,995,2.191500425338745,0
3109,1738,0.4927905201911926,0
3109,23,0.5803340673446655,0
3109,1985,1.1582475900650024,0
3109,665,0.5473543405532837,0
3109,1453,0.8854286074638367,0
3109,1094,0.8000187277793884,0
3109,1158,0.9577138423919678,0
3109,941,1.0574209690093994,0
3109,2065,0.9677872061729431,0
3109,1791,0.5369025468826294,0
2637,1944,0.5108758211135864,1
2637,917,0.846859872341156,0
2637,1191,0.4568040370941162,0
2637,637,1.5840892791748047,0
2637,532,0.7773681879043579,0
2637,1825,1.0086873769760132,0
2637,1640,1.0550204515457153,0
2637,1293,0.4595292806625366,0
2637,886,0.6527935862541199,0
2637,179,1.0787426233291626,0
2637,1970,0.858735203742981,0
2637,204,0.7421231269836426,0
2637,592,0.7677510976791382,0
2637,1108,0.8349012136459351,0
2637,974,0.7864512801170349,0
2637,741,0.8715211153030396,0
2637,1382,0.7203315496444702,0
2637,55,1.4814224243164062,0
2637,411,0.4218637943267822,0
2637,530,1.1357476711273193,0
2808,384,0.42495518922805786,1
2808,17,0.8891011476516724,0
2808,328,1.4553745985031128,0
2808,1115,0.9467825889587402,0
2808,922,0.873967170715332,0
2808,495,0.9496330618858337,0
2808,1239,0.9265746474266052,0
2808,1352,0.825076699256897,0
2808,1611,0.45813417434692383,0
2808,636,0.9363963007926941,0
2808,1092,1.5084187984466553,0
2808,1522,1.375854253768921,0
2808,1261,0.8445375561714172,0
2808,703,0.7869842052459717,0
2808,1810,0.7597442269325256,0
2808,1877,4.316391468048096,0
2808,1216,0.8820791840553284,0
2808,695,0.8729842305183411,0
2808,995,2.1027164459228516,0
2808,2030,1.6411199569702148,0
4002,577,0.45744001865386963,1
4002,858,0.9690174460411072,0
4002,1264,0.9722244143486023,0
4002,1649,0.9655376076698303,0
4002,1671,2.5499427318573,0
4002,1818,1.8172556161880493,0
4002,1044,0.538886547088623,0
4002,92,1.0217660665512085,0
4002,180,0.9783515334129333,0
4002,14,1.2955774068832397,0
4002,1379,1.606554627418518,0
4002,248,1.0002944469451904,0
4002,91,1.2925467491149902,0
4002,1998,0.7904092073440552,0
4002,1284,0.7590960264205933,0
4002,158,0.8871628046035767,0
4002,1907,1.456821322441101,0
4002,1576,0.6080127954483032,0
4002,1573,1.0171196460723877,0
4002,1911,1.18184494972229,0
495,344,0.4919063150882721,1
495,87,0.4879089593887329,0
495,1138,0.8432666659355164,0
495,943,0.8771989345550537,0
495,458,0.8981190323829651,0
495,289,0.8305906057357788,0
495,2044,1.6044033765792847,0
495,1260,0.9641955494880676,0
495,1556,1.05121648311615,0
495,309,0.9460564851760864,0
495,1469,0.8326301574707031,0
495,1001,0.4929559528827667,0
495,2000,1.3940056562423706,0
495,298,0.9310161471366882,0
495,1760,2.118314743041992,0
495,1737,0.3765333592891693,0
495,1575,0.9159292578697205,0
495,1253,0.8201915621757507,0
495,925,0.47525501251220703,0
495,845,1.7970046997070312,0
3792,1018,0.5564172863960266,1
3792,674,0.9875727891921997,0
3792,1755,1.0625580549240112,0
3792,521,0.5877594351768494,0
3792,971,0.5532063841819763,0
3792,1141,1.028577208518982,0
3792,1767,0.6281511783599854,0
3792,1071,0.9815799593925476,0
3792,1305,0.5072692632675171,0
3792,923,3.4174134731292725,0
3792,567,2.143975257873535,0
3792,1706,0.5138756632804871,0
3792,626,1.0229228734970093,0
3792,175,0.9836598634719849,0
3792,1261,1.0615551471710205,0
3792,52,1.0723973512649536,0
3792,765,1.8550859689712524,0
3792,196,0.6480251550674438,0
3792,446,0.5763276219367981,0
3792,1007,1.0261355638504028,0
696,993,1.0661077499389648,1
696,1566,0.8801721334457397,0
696,663,0.8751292824745178,0
696,889,0.8155422210693359,0
696,1353,0.9625556468963623,0
696,725,0.5219619870185852,0
696,1730,1.4430015087127686,0
696,459,0.37643200159072876,0
696,555,0.44741225242614746,0
696,391,0.4360398054122925,0
696,157,0.8612337708473206,0
696,1154,0.48399531841278076,0
696,851,0.8643704652786255,0
696,1997,0.7881337404251099,0
696,205,0.9020566344261169,0
696,572,2.2255892753601074,0
696,1336,0.889395534992218,0
696,1236,1.391628384590149,0
696,214,0.4368418753147125,0
696,1250,1.2682238817214966,0
1187,174,0.896892249584198,1
1187,930,1.6185110807418823,0
1187,1001,0.5253265500068665,0
1187,40,2.4128801822662354,0
1187,1714,1.407537817955017,0
1187,1508,1.3303887844085693,0
1187,1747,0.4723646938800812,0
1187,812,0.9104958772659302,0
1187,113,0.8911899328231812,0
1187,1214,1.927941083908081,0
1187,552,1.790961742401123,0
1187,1552,0.8674488663673401,0
1187,1318,0.921599268913269,0
1187,72,1.0562381744384766,0
1187,272,0.9560467004776001,0
1187,269,0.9840813875198364,0
1187,956,1.5463972091674805,0
1187,1319,0.5849856734275818,0
1187,1444,0.8801666498184204,0
1187,986,1.525460124015808,0
3064,1803,0.485888808965683,1
3064,59,1.412257432937622,0
3064,281,0.5499188303947449,0
3064,330,2.383941650390625,0
3064,1335,0.8811017274856567,0
3064,1008,0.7946425676345825,0
3064,1263,0.9479981064796448,0
3064,798,1.2993046045303345,0
3064,1933,0.8421167731285095,0
3064,1353,1.0089483261108398,0
3064,1005,0.9112342000007629,0
3064,1208,0.5097928643226624,0
3064,1441,0.9844669103622437,0
3064,804,0.9029927849769592,0
3064,2032,0.8938791155815125,0
3064,1019,1.7065777778625488,0
3064,826,0.9958226680755615,0
3064,1235,0.821492612361908,0
3064,1693,1.6500704288482666,0
3064,1972,1.7265747785568237,0
1382,235,2.479177474975586,1
1382,306,0.9560756683349609,0
1382,119,0.6278592944145203,0
1382,1486,0.9339574575424194,0
1382,482,1.7255438566207886,0
1382,230,0.9954567551612854,0
1382,1947,0.9538518190383911,0
1382,864,0.8606691360473633,0
1382,1819,0.952411949634552,0
1382,1634,0.9449473023414612,0
1382,1635,0.5439515113830566,0
1382,2051,1.8381435871124268,0
1382,1331,0.6986938714981079,0
1382,1185,1.1009376049041748,0
1382,20,1.6440030336380005,0
1382,1232,1.790056824684143,0
1382,1638,1.0308135747909546,0
1382,382,0.5895381569862366,0
1382,494,0.9868999719619751,0
1382,1525,2.2135767936706543,0
1434,624,2.682835578918457,1
1434,604,0.41716915369033813,0
1434,807,1.032477617263794,0
1434,363,0.5803009867668152,0
1434,563,0.5781061053276062,0
1434,986,1.5426701307296753,0
1434,1616,0.9037627577781677,0
1434,259,0.964207112789154,0
1434,1881,1.2696833610534668,0
1434,1780,0.9847081303596497,0
1434,591,0.9946833848953247,0
1434,411,0.5143579244613647,0
1434,79,1.4786947965621948,0
1434,481,0.979455828666687,0
1434,1688,0.5765864849090576,0
1434,1332,1.434430718421936,0
1434,1429,0.49247995018959045,0
1434,1808,1.9064477682113647,0
1434,976,1.563232421875,0
1434,1168,1.3767513036727905,0
1969,1954,0.5882556438446045,1
1969,1436,0.839917778968811,0
1969,1486,0.897284746170044,0
1969,77,0.6051345467567444,0
1969,1728,1.7025158405303955,0
1969,796,1.0886459350585938,0
1969,1555,0.8320393562316895,0
1969,512,0.844708263874054,0
1969,439,2.3276185989379883,0
1969,1381,1.2671668529510498,0
1969,377,1.4295837879180908,0
1969,1684,0.9716238975524902,0
1969,1831,0.9082047343254089,0
1969,1075,0.4383593201637268,0
1969,132,1.0877541303634644,0
1969,1266,0.8131001591682434,0
1969,2021,1.1802910566329956,0
1969,236,0.9547759890556335,0
1969,1971,2.010810613632202,0
1969,86,1.3350199460983276,0
3353,1825,1.1988638639450073,1
3353,400,0.5141286849975586,0
3353,1826,0.9934123754501343,0
3353,92,1.1265842914581299,0
3353,158,0.8988576531410217,0
3353,1792,1.3775019645690918,0
3353,601,0.5914373993873596,0
3353,356,0.6334655284881592,0
3353,54,1.0888956785202026,0
3353,1057,0.672948956489563,0
3353,448,0.9877262115478516,0
3353,841,2.167856216430664,0
3353,971,0.6111488938331604,0
3353,193,1.5891501903533936,0
3353,1171,0.9348146915435791,0
3353,178,0.6429903507232666,0
3353,238,1.5480164289474487,0
3353,1607,1.361724853515625,0
3353,711,1.3697187900543213,0
3353,1327,1.3096283674240112,0
572,1168,1.3678169250488281,1
572,849,0.97612464427948,0
572,540,1.5779725313186646,0
572,84,1.0450851917266846,0
572,1328,0.9214733242988586,0
572,724,0.8984097242355347,0
572,432,0.9089365005493164,0
572,694,0.6330623030662537,0
572,1803,0.5006129145622253,0
572,1124,3.2719485759735107,0
572,995,2.3802742958068848,0
572,1167,0.9984323978424072,0
572,824,1.3852852582931519,0
572,515,0.49312645196914673,0
572,1508,1.3769196271896362,0
572,526,0.9398426413536072,0
572,768,0.9069680571556091,0
572,1682,1.0362892150878906,0
572,1037,1.0284678936004639,0
572,962,2.5315442085266113,0
546,202,2.591562271118164,1
546,1224,2.0373618602752686,0
546,430,0.9847296476364136,0
546,1675,0.933388352394104,0
546,378,0.6561535596847534,0
546,1106,1.2498772144317627,0
546,1953,1.778102159500122,0
546,641,1.028856873512268,0
546,1005,1.012343168258667,0
546,1152,0.6740606427192688,0
546,574,1.0309333801269531,0
546,401,1.0212297439575195,0
546,1720,1.320030689239502,0
546,826,1.0171641111373901,0
546,1284,0.8407776355743408,0
546,968,1.447066068649292,0
546,1664,2.8250539302825928,0
546,1494,1.434330701828003,0
546,25,1.059524655342102,0
546,1438,0.5121555924415588,0
3070,590,3.098623514175415,1
3070,1329,1.2156916856765747,0
3070,40,2.361584186553955,0
3070,519,1.0131199359893799,0
3070,1989,0.8666506409645081,0
3070,943,0.8856326341629028,0
3070,1317,0.825006365776062,0
3070,136,0.8620531558990479,0
3070,1139,0.9123706221580505,0
3070,1210,1.4229187965393066,0
3070,700,2.095623016357422,0
3070,816,1.221766710281372,0
3070,2070,0.9886167049407959,0
3070,1014,1.353525161743164,0
3070,5,0.5106362104415894,0
3070,315,1.0293173789978027,0
3070,1771,1.069703221321106,0
3070,724,0.9216963052749634,0
3070,1580,1.3535714149475098,0
3070,601,0.4566458463668823,0
22,120,1.6076724529266357,1
22,1956,1.1435418128967285,0
22,1908,0.6364321708679199,0
22,354,0.5759046077728271,0
22,761,1.0007169246673584,0
22,1628,1.011877179145813,0
22,1636,1.9054042100906372,0
22,1444,0.9790486693382263,0
22,1772,0.9567371606826782,0
22,1396,1.4254482984542847,0
22,1713,1.8146090507507324,0
22,39,0.9875646233558655,0
22,14,1.3131002187728882,0
22,1179,1.0191949605941772,0
22,1307,0.9967730641365051,0
22,2049,0.9753261208534241,0
22,352,1.0156059265136719,0
22,222,0.9391416907310486,0
22,306,1.006023645401001,0
22,956,1.5424652099609375,0
3976,1816,0.5870088338851929,1
3976,1155,1.1050381660461426,0
3976,1362,0.843119740486145,0
3976,1712,1.6994967460632324,0
3976,162,1.0549182891845703,0
3976,624,2.4097604751586914,0
3976,1182,1.3505659103393555,0
3976,928,1.1948940753936768,0
3976,758,0.9063422679901123,0
3976,1910,0.6616026163101196,0
3976,1229,1.0542171001434326,0
3976,768,0.983353853225708,0
3976,385,1.050585150718689,0
3976,38,0.653564453125,0
3976,1442,1.1127119064331055,0
3976,1251,1.0574268102645874,0
3976,378,0.6588454842567444,0
3976,1846,1.9444056749343872,0
3976,1545,1.5593980550765991,0
3976,1638,1.0173171758651733,0
3747,281,0.6117163896560669,1
3747,417,1.9835108518600464,0
3747,268,0.9140098094940186,0
3747,1820,1.0047632455825806,0
3747,339,0.9430110454559326,0
3747,863,1.7006313800811768,0
3747,261,1.020267367362976,0
3747,1805,1.0924506187438965,0
3747,1019,1.7905360460281372,0
3747,1029,0.8803413510322571,0
3747,1481,0.9849801063537598,0
3747,1631,1.276557207107544,0
3747,1596,0.9481847286224365,0
3747,715,0.9730998873710632,0
3747,1124,3.3835086822509766,0
3747,1718,1.073522925376892,0
3747,1288,1.0093488693237305,0
3747,1958,1.1850699186325073,0
3747,2036,2.220154047012329,0
3747,49,2.0117366313934326,0
3397,464,0.7812735438346863,1
3397,1868,1.5626140832901,0
3397,1401,0.8502005338668823,0
3397,1604,0.45485633611679077,0
3397,1960,0.8782612681388855,0
3397,291,0.8335306644439697,0
3397,1514,0.8651370406150818,0
3397,232,0.4847280979156494,0
3397,566,0.5056202411651611,0
3397,56,0.8485720157623291,0
3397,340,1.1491169929504395,0
3397,230,0.8408970236778259,0
3397,1615,0.7921708226203918,0
3397,1398,0.779143214225769,0
3397,951,0.4336623549461365,0
3397,814,0.7500095367431641,0
3397,1613,0.4684959948062897,0
3397,973,0.8472680449485779,0
3397,1789,0.6842566728591919,0
3397,1696,0.8045482635498047,0
95,1323,2.883190155029297,1
95,1916,0.44244980812072754,0
95,336,0.9934148788452148,0
95,1796,1.276487112045288,0
95,650,0.9074200391769409,0
95,1567,1.7013216018676758,0
95,566,0.5542213916778564,0
95,735,0.8759215474128723,0
95,106,1.5110397338867188,0
95,893,0.5912594795227051,0
95,1913,1.4965311288833618,0
95,242,0.9736425280570984,0
95,1338,0.9337921738624573,0
95,1817,0.5309712886810303,0
95,497,0.942494809627533,0
95,30,0.5425763130187988,0
95,1809,1.2920595407485962,0
95,1227,1.0444843769073486,0
95,894,0.9537196755409241,0
95,966,0.8818916082382202,0
3420,28,0.6089788675308228,1
3420,1740,0.49099913239479065,0
3420,736,0.9795670509338379,0
3420,812,0.897602379322052,0
3420,1939,1.0191150903701782,0
3420,934,0.8780917525291443,0
3420,1857,0.9301741123199463,0
3420,901,0.6333409547805786,0
3420,823,1.6342746019363403,0
3420,405,0.9390382766723633,0
3420,1476,1.4482842683792114,0
3420,1310,1.6700959205627441,0
3420,678,0.864920437335968,0
3420,1772,0.8831859827041626,0
3420,403,0.9179540276527405,0
3420,1837,1.0373995304107666,0
3420,254,0.9950714111328125,0
3420,274,0.8782206177711487,0
3420,919,1.5264984369277954,0
3420,282,1.396775722503662,0
1657,1323,2.7273383140563965,1
1657,1446,0.8923635482788086,0
1657,694,0.6511017680168152,0
1657,1755,0.9323540329933167,0
1657,908,0.8930007815361023,0
1657,811,1.0217397212982178,0
1657,121,0.8429760336875916,0
1657,1144,0.8472200036048889,0
1657,665,0.5693607926368713,0
1657,932,1.7174218893051147,0
1657,1306,1.009851336479187,0
1657,1850,0.9761163592338562,0
1657,824,1.317392349243164,0
1657,15,0.9185960292816162,0
1657,905,0.599139928817749,0
1657,101,2.197046995162964,0
1657,1522,1.3803901672363281,0
1657,1658,3.454254388809204,0
1657,1951,1.2581744194030762,0
1657,809,0.9301719665527344,0
3146,425,0.5408557653427124,1
3146,1323,2.8502447605133057,0
3146,61,0.9389266967773438,0
3146,17,1.0391936302185059,0
3146,75,0.4727671146392822,0
3146,1816,0.5523954629898071,0
3146,1658,3.4879257678985596,0
3146,1926,1.051584243774414,0
3146,73,0.9617634415626526,0
3146,705,0.5215926170349121,0
3146,1925,1.0474554300308228,0
3146,1075,0.4936569035053253,0
3146,878,0.6475704908370972,0
3146,1365,1.8044508695602417,0
3146,97,1.8805097341537476,0
3146,645,0.870069146156311,0
3146,430,0.9010360836982727,0
3146,49,1.9538938999176025,0
3146,753,0.9725822806358337,0
3146,1010,1.0823321342468262,0
915,2051,1.7337942123413086,1
915,1177,0.9754006862640381,0
915,521,0.6103827953338623,0
915,2044,1.5933609008789062,0
915,937,0.44129467010498047,0
915,1828,1.68047297000885,0
915,1081,0.5735335350036621,0
915,741,1.0964831113815308,0
915,1559,2.195838212966919,0
915,1281,0.5839955806732178,0
915,862,0.8884836435317993,0
915,1794,0.6363779306411743,0
915,1818,1.774794578552246,0
915,17,1.0301347970962524,0
915,395,1.3411405086517334,0
915,342,1.1344330310821533,0
915,60,0.9697669148445129,0
915,1506,0.5765798091888428,0
915,831,1.894346833229065,0
915,69,0.5178472995758057,0
552,466,0.8471970558166504,1
552,1989,0.8891931176185608,0
552,645,0.8386256098747253,0
552,418,0.9191038608551025,0
552,1674,0.5368691682815552,0
552,653,0.5005015134811401,0
552,621,1.7393594980239868,0
552,1919,0.8581721186637878,0
552,1892,0.5439039468765259,0
552,182,1.5921685695648193,0
552,1110,1.3948456048965454,0
552,366,1.1914831399917603,0
552,194,0.9546802639961243,0
552,234,1.153867483139038,0
552,1719,1.2651302814483643,0
552,1823,1.4535653591156006,0
552,410,1.3194407224655151,0
552,1495,0.8246794939041138,0
552,255,0.8612858653068542,0
552,525,0.8998883962631226,0
3736,450,0.4940941631793976,1
3736,1702,0.7978276014328003,0
3736,1053,1.4882104396820068,0
3736,1539,0.8081454038619995,0
3736,442,0.4544379711151123,0
3736,794,0.8499789237976074,0
3736,652,1.2478723526000977,0
3736,713,0.7811194062232971,0
3736,499,0.9221477508544922,0
3736,9,0.5269150733947754,0
3736,1936,1.8979012966156006,0
3736,836,1.6086950302124023,0
3736,1297,1.0038098096847534,0
3736,518,0.9477028846740723,0
3736,399,0.8975914716720581,0
3736,1666,1.4317328929901123,0
3736,456,0.8128718137741089,0
3736,966,0.8567390441894531,0
3736,1867,1.6450936794281006,0
3736,1301,0.7714337706565857,0
3756,723,0.5453546047210693,1
3756,615,0.5786789655685425,0
3756,39,0.9086594581604004,0
3756,38,0.632757306098938,0
3756,516,0.9600569605827332,0
3756,1732,1.5494996309280396,0
3756,1797,1.7181777954101562,0
3756,997,1.1039741039276123,0
3756,1601,0.9658900499343872,0
3756,532,1.0107448101043701,0
3756,172,0.6847151517868042,0
3756,406,0.9221193194389343,0
3756,1985,1.252967357635498,0
3756,1634,0.9749245643615723,0
3756,818,1.3269721269607544,0
3756,1023,1.548835277557373,0
3756,1126,0.9738102555274963,0
3756,181,0.9209810495376587,0
3756,162,1.021666169166565,0
3756,1533,1.015498161315918,0
2814,29,0.5735844373703003,1
2814,1878,1.4120173454284668,0
2814,1780,1.0408982038497925,0
2814,1198,1.4391955137252808,0
2814,1248,1.3837045431137085,0
2814,1345,0.6142712235450745,0
2814,317,0.9959971904754639,0
2814,1383,0.8700811266899109,0
2814,1083,0.54985511302948,0
2814,98,0.9874722957611084,0
2814,445,1.0335792303085327,0
2814,430,0.9451565146446228,0
2814,1255,1.5687114000320435,0
2814,247,0.4961758553981781,0
2814,736,1.0500953197479248,0
2814,653,0.5252132415771484,0
2814,1339,1.5031964778900146,0
2814,2013,1.6307414770126343,0
2814,758,0.8904240727424622,0
2814,1797,2.0275237560272217,0
3665,1154,0.5048946142196655,1
3665,582,0.8009432554244995,0
3665,1371,0.7278183698654175,0
3665,1937,0.8851130604743958,0
3665,1615,0.8075488805770874,0
3665,1857,0.7603752613067627,0
3665,654,1.6102038621902466,0
3665,1376,0.9220854043960571,0
3665,747,0.7686588168144226,0
3665,811,0.9043929576873779,0
3665,1543,0.816511332988739,0
3665,263,0.9282852411270142,0
3665,113,0.7681185007095337,0
3665,380,0.4624294638633728,0
3665,266,0.8300096988677979,0
3665,1944,0.5596377849578857,0
3665,1981,1.310306191444397,0
3665,1831,0.8083181977272034,0
3665,944,0.8198174238204956,0
3665,1427,0.8217297792434692,0
3563,1599,0.6592970490455627,1
3563,704,1.0178349018096924,0
3563,611,1.0909894704818726,0
3563,1081,0.5925514698028564,0
3563,882,0.9156264066696167,0
3563,2038,2.421546459197998,0
3563,248,1.0120574235916138,0
3563,179,1.3375648260116577,0
3563,223,0.9727704524993896,0
3563,1947,0.9396369457244873,0
3563,12,1.3790098428726196,0
3563,1328,0.9405206441879272,0
3563,1804,0.8912277221679688,0
3563,1220,0.944305956363678,0
3563,1723,2.739474296569824,0
3563,1917,2.092975616455078,0
3563,1550,0.9281876683235168,0
3563,494,1.0054680109024048,0
3563,2071,0.8493398427963257,0
3563,1437,1.5124752521514893,0
211,1712,1.733044981956482,1
211,93,0.8083377480506897,0
211,1384,0.8103989362716675,0
211,1237,0.5789835453033447,0
211,61,0.8359861969947815,0
211,514,1.079202651977539,0
211,1847,1.077846646308899,0
211,274,0.8282167315483093,0
211,694,0.6652308702468872,0
211,1692,0.949144721031189,0
211,520,0.7576654553413391,0
211,1435,0.8883432149887085,0
211,550,0.8908673524856567,0
211,979,0.970548689365387,0
211,180,0.8787839412689209,0
211,1591,0.8955191373825073,0
211,596,1.1058290004730225,0
211,2028,1.3381367921829224,0
211,1032,0.8421165943145752,0
211,168,0.8570730090141296,0
2757,1844,3.059986114501953,1
2757,242,1.1753994226455688,0
2757,829,1.1869878768920898,0
2757,2023,1.086665153503418,0
2757,38,0.684158444404602,0
2757,1441,1.1157560348510742,0
2757,817,0.6368201971054077,0
2757,239,0.6564275026321411,0
2757,1353,1.1648658514022827,0
2757,574,1.0655888319015503,0
2757,1126,1.048569917678833,0
2757,567,2.149735450744629,0
2757,1361,1.3828033208847046,0
2757,373,1.3876662254333496,0
2757,393,1.1338765621185303,0
2757,2080,1.1548686027526855,0
2757,1461,1.126697301864624,0
2757,1045,1.204311490058899,0
2757,591,1.0429991483688354,0
2757,1120,1.7757197618484497,0
4159,1999,1.549727439880371,1
4159,1613,0.5159567594528198,0
4159,1440,0.9550837278366089,0
4159,71,1.5924888849258423,0
4159,284,0.8782587051391602,0
4159,679,0.911408543586731,0
4159,1910,0.5979554653167725,0
4159,311,1.312628149986267,0
4159,832,0.5501794219017029,0
4159,1519,2.727004051208496,0
4159,1294,1.6559382677078247,0
4159,708,0.7946065068244934,0
4159,1920,0.8355220556259155,0
4159,1741,0.8111445903778076,0
4159,274,0.8605018854141235,0
4159,1427,0.8582630157470703,0
4159,1036,0.8413388729095459,0
4159,62,0.5200408697128296,0
4159,1728,1.6446247100830078,0
4159,1375,0.854500949382782,0
1694,281,0.568342924118042,1
1694,1639,0.9485222697257996,0
1694,452,0.9230358600616455,0
1694,2031,0.9539048671722412,0
1694,1016,1.1269705295562744,0
1694,2024,0.8632345795631409,0
1694,671,1.3161489963531494,0
1694,1577,1.0784422159194946,0
1694,2021,1.1725577116012573,0
1694,1594,0.9759863615036011,0
1694,753,0.945780873298645,0
1694,970,0.9351692199707031,0
1694,1554,1.0552453994750977,0
1694,1470,1.0129328966140747,0
1694,579,1.6277958154678345,0
1694,667,0.9485687017440796,0
1694,84,1.037879228591919,0
1694,1747,0.4473426938056946,0
1694,955,1.056053638458252,0
1694,1637,0.9519258141517639,0
3293,1548,1.6253125667572021,1
3293,970,0.9389564990997314,0
3293,1110,1.4377130270004272,0
3293,1298,0.871852457523346,0
3293,848,0.9169406294822693,0
3293,354,0.49079757928848267,0
3293,1337,0.9915006756782532,0
3293,1138,0.8192567825317383,0
3293,1267,0.9938042163848877,0
3293,1686,1.6107031106948853,0
3293,1719,1.2663356065750122,0
3293,148,1.5441079139709473,0
3293,1843,1.7740662097930908,0
3293,1073,0.5369946956634521,0
3293,984,0.8577218651771545,0
3293,709,0.9980325698852539,0
3293,720,1.341554045677185,0
3293,544,0.8386644721031189,0
3293,1820,0.9048951864242554,0
3293,2027,0.8127492666244507,0
1781,1160,2.4838297367095947,1
1781,1200,0.9361018538475037,0
1781,693,1.1538589000701904,0
1781,1835,0.9858546853065491,0
1781,956,1.625215768814087,0
1781,300,0.6726715564727783,0
1781,1440,1.0609899759292603,0
1781,1422,0.49457022547721863,0
1781,1205,1.4395787715911865,0
1781,1616,0.9447972178459167,0
1781,1161,0.6675794720649719,0
1781,1426,0.9325337409973145,0
1781,396,0.9885612726211548,0
1781,953,1.2695788145065308,0
1781,399,1.081739902496338,0
1781,1336,0.9874004125595093,0
1781,482,1.7135181427001953,0
1781,1378,0.9638930559158325,0
1781,562,0.9709392189979553,0
1781,2071,0.9131189584732056,0
417,643,0.8937246799468994,1
417,1005,0.9326415657997131,0
417,74,1.7000197172164917,0
417,34,0.8971801400184631,0
417,1129,0.5183100700378418,0
417,351,0.5421831607818604,0
417,745,1.4760003089904785,0
417,24,0.9368403553962708,0
417,994,0.548422634601593,0
417,1377,1.2048790454864502,0
417,402,0.9367849230766296,0
417,2062,5.370696067810059,0
417,1819,0.8951000571250916,0
417,464,0.8925827145576477,0
417,2014,0.5484814047813416,0
417,746,1.008552074432373,0
417,217,0.9583945870399475,0
417,359,0.8722286820411682,0
417,1970,1.0322529077529907,0
417,1131,0.9465208053588867,0
1847,1823,1.5648276805877686,1
1847,490,0.8792717456817627,0
1847,1503,0.6624563932418823,0
1847,974,0.9670897722244263,0
1847,673,0.5673794150352478,0
1847,1997,0.8890931606292725,0
1847,1481,0.9308388829231262,0
1847,527,0.9259575605392456,0
1847,661,2.1000680923461914,0
1847,1417,0.6359814405441284,0
1847,1136,1.0249700546264648,0
1847,77,0.6462042331695557,0
1847,1116,1.0212854146957397,0
1847,396,1.0061836242675781,0
1847,80,1.3556851148605347,0
1847,713,0.8948206305503845,0
1847,696,1.334212303161621,0
1847,1260,1.0151320695877075,0
1847,1160,2.335041046142578,0
1847,936,1.2497459650039673,0
2332,847,1.3906482458114624,1
2332,520,0.8001124262809753,0
2332,1219,1.1197487115859985,0
2332,1837,1.0119411945343018,0
2332,0,0.9581491947174072,0
2332,308,1.6694083213806152,0
2332,425,0.4953274726867676,0
2332,1736,0.9368970394134521,0
2332,1665,0.8075653314590454,0
2332,1264,0.9567207098007202,0
2332,1189,1.0036721229553223,0
2332,1078,1.0071605443954468,0
2332,1608,1.1729917526245117,0
2332,1067,1.2266528606414795,0
2332,1142,0.9913038015365601,0
2332,1400,1.8820655345916748,0
2332,221,0.8312348127365112,0
2332,1070,0.8642028570175171,0
2332,1275,0.5893415212631226,0
2332,1040,0.515640377998352,0
1155,147,0.5837064981460571,1
1155,10,2.298398017883301,0
1155,461,1.3817569017410278,0
1155,1818,1.8755067586898804,0
1155,553,0.977846622467041,0
1155,1841,0.5480968952178955,0
1155,1263,0.9660184383392334,0
1155,1373,1.8455274105072021,0
1155,1125,0.9113814830780029,0
1155,1195,0.5499805808067322,0
1155,743,1.2003549337387085,0
1155,407,1.9758741855621338,0
1155,1553,0.8168517351150513,0
1155,569,0.934126615524292,0
1155,1910,0.6151371598243713,0
1155,2026,1.1219314336776733,0
1155,1199,0.5099175572395325,0
1155,431,1.3462944030761719,0
1155,1126,0.9442726373672485,0
1155,241,0.7600027322769165,0
6,1429,0.5645655393600464,1
6,870,0.6452176570892334,0
6,476,0.480996310710907,0
6,950,0.46919167041778564,0
6,2042,0.5040080547332764,0
6,1173,1.2373170852661133,0
6,105,1.2702406644821167,0
6,112,1.641352653503418,0
6,277,1.502048373222351,0
6,672,0.6684130430221558,0
6,1387,0.6283565759658813,0
6,432,0.9374503493309021,0
6,290,0.9320261478424072,0
6,1240,1.0005854368209839,0
6,1859,1.3594921827316284,0
6,1198,1.3994934558868408,0
6,1042,0.85626620054245,0
6,570,1.0700623989105225,0
6,727,0.5065221190452576,0
6,1949,1.414749264717102,0
1893,255,0.8792195916175842,1
1893,231,1.6794357299804688,0
1893,100,1.032630443572998,0
1893,1431,0.8284822702407837,0
1893,885,1.0111783742904663,0
1893,1405,1.8619143962860107,0
1893,1840,0.4902821183204651,0
1893,257,1.0684927701950073,0
1893,306,0.8730140328407288,0
1893,1424,0.909794270992279,0
1893,354,0.48716962337493896,0
1893,1082,1.7744851112365723,0
1893,1344,1.0406289100646973,0
1893,38,0.5879274606704712,0
1893,1940,0.804660975933075,0
1893,445,0.9277733564376831,0
1893,1025,0.9642459154129028,0
1893,314,0.5649017691612244,0
1893,777,0.8935818672180176,0
1893,797,0.5833868980407715,0
1738,379,0.5360090732574463,1
1738,1685,0.5917072296142578,0
1738,2028,1.4419975280761719,0
1738,1353,1.0042684078216553,0
1738,1625,0.6247385740280151,0
1738,332,1.0457139015197754,0
1738,137,0.8130289316177368,0
1738,279,1.0009944438934326,0
1738,1326,1.0756444931030273,0
1738,1828,1.7207260131835938,0
1738,2061,0.6184930801391602,0
1738,950,0.41960740089416504,0
1738,1968,1.0057846307754517,0
1738,191,1.0591630935668945,0
1738,1272,1.6664292812347412,0
1738,1310,1.809360146522522,0
1738,997,1.0224523544311523,0
1738,1927,1.2162950038909912,0
1738,49,1.9668023586273193,0
1738,1060,1.3530758619308472,0
1949,1063,0.6423717737197876,1
1949,643,0.9998087286949158,0
1949,109,0.49575769901275635,0
1949,1215,1.103015661239624,0
1949,1505,0.5282690525054932,0
1949,25,0.9753378033638,0
1949,1092,1.6661072969436646,0
1949,2045,1.1185935735702515,0
1949,1390,0.8905368447303772,0
1949,1914,1.3807854652404785,0
1949,1309,0.5288561582565308,0
1949,672,0.6888246536254883,0
1949,741,1.112687587738037,0
1949,2,0.5605999231338501,0
1949,746,1.1232836246490479,0
1949,1251,0.9749265909194946,0
1949,2047,1.060465931892395,0
1949,1900,1.0193525552749634,0
1949,204,0.9273834824562073,0
1949,17,1.009000539779663,0
670,1754,0.6582755446434021,1
670,712,1.0789960622787476,0
670,609,0.6271833181381226,0
670,1102,1.0450389385223389,0
670,1614,1.1456756591796875,0
670,1130,0.9181236624717712,0
670,1813,1.025868535041809,0
670,1935,1.0561611652374268,0
670,1103,0.6760525107383728,0
670,1636,1.8666374683380127,0
670,2046,0.8908841013908386,0
670,57,1.0673502683639526,0
670,137,0.9036365747451782,0
670,1832,1.6452293395996094,0
670,750,0.8976516127586365,0
670,1585,0.6103460788726807,0
670,1481,0.9643051028251648,0
670,1218,2.4245331287384033,0
670,1780,1.0081450939178467,0
670,1590,1.154287338256836,0
3992,622,0.5086106061935425,1
3992,10,2.1217658519744873,0
3992,1147,1.2502869367599487,0
3992,1533,1.0199586153030396,0
3992,584,1.1067895889282227,0
3992,1479,0.9153172969818115,0
3992,1709,0.9449064135551453,0
3992,2077,0.8902892470359802,0
3992,692,1.05422043800354,0
3992,2055,0.5412790775299072,0
3992,1552,0.8609957695007324,0
3992,1369,1.1984323263168335,0
3992,1579,1.2703993320465088,0
3992,1721,1.2673146724700928,0
3992,1910,0.5663132667541504,0
3992,2051,1.7195948362350464,0
3992,1712,1.7281426191329956,0
3992,183,0.9565465450286865,0
3992,2075,0.5578576326370239,0
3992,1868,1.6616220474243164,0
3080,481,1.1929131746292114,1
3080,1865,1.0778448581695557,0
3080,1111,0.6911497116088867,0
3080,61,1.0305206775665283,0
3080,388,1.1311793327331543,0
3080,650,1.1151520013809204,0
3080,1510,1.0988011360168457,0
3080,1257,2.1772191524505615,0
3080,197,1.145654559135437,0
3080,632,1.143168330192566,0
3080,470,1.0113780498504639,0
3080,393,1.2051739692687988,0
3080,1251,1.1607732772827148,0
3080,169,0.7190654873847961,0
3080,1653,1.0645356178283691,0
3080,1409,0.6237616539001465,0
3080,1328,1.0956661701202393,0
3080,2020,1.2565488815307617,0
3080,1795,1.842055320739746,0
3080,647,1.4980783462524414,0
713,599,0.878670871257782,1
713,1887,0.9922029972076416,0
713,1986,3.2259340286254883,0
713,134,0.8627585172653198,0
713,1155,0.9793617129325867,0
713,688,0.8422172665596008,0
713,75,0.4553900361061096,0
713,692,0.9690694808959961,0
713,705,0.49089980125427246,0
713,342,1.0637041330337524,0
713,1899,0.9124130606651306,0
713,546,1.0694531202316284,0
713,297,1.8738362789154053,0
713,1752,0.9562228918075562,0
713,469,1.612001895904541,0
713,1923,1.3149967193603516,0
713,1638,0.9346044659614563,0
713,849,0.8676271438598633,0
713,1280,0.8884426355361938,0
713,929,0.9056363105773926,0
4022,1290,0.6586164236068726,1
4022,693,1.0265201330184937,0
4022,662,0.9733107089996338,0
4022,1723,2.7923614978790283,0
4022,885,1.013942003250122,0
4022,552,1.7718641757965088,0
4022,1802,1.5449278354644775,0
4022,212,1.430922269821167,0
4022,1050,1.350778579711914,0
4022,308,1.7044763565063477,0
4022,1537,0.529259204864502,0
4022,986,1.4610620737075806,0
4022,951,0.44620245695114136,0
4022,243,0.89430832862854,0
4022,540,1.5320861339569092,0
4022,2021,1.1222033500671387,0
4022,738,1.0023000240325928,0
4022,1265,0.9098931550979614,0
4022,1381,1.2885264158248901,0
4022,1967,0.43686145544052124,0
3531,75,0.4090964198112488,1
3531,1967,0.4211992621421814,0
3531,1546,0.8986450433731079,0
3531,886,0.7329379916191101,0
3531,393,0.8915460109710693,0
3531,856,0.9661622047424316,0
3531,441,0.9128202795982361,0
3531,1031,0.7799310088157654,0
3531,735,0.8421900272369385,0
3531,525,0.8630275130271912,0
3531,738,0.9518914222717285,0
3531,1372,0.8406994342803955,0
3531,993,1.0769277811050415,0
3531,2071,0.8285872936248779,0
3531,1289,0.8455756902694702,0
3531,592,0.8783523440361023,0
3531,547,0.5712796449661255,0
3531,259,0.9401925206184387,0
3531,1925,0.9116958379745483,0
3531,686,0.9065477848052979,0
855,2060,1.3133000135421753,1
855,402,0.8698450326919556,0
855,859,0.8938325643539429,0
855,938,1.172288179397583,0
855,609,0.5041155815124512,0
855,1002,1.7143586874008179,0
855,1519,2.8439693450927734,0
855,604,0.39709585905075073,0
855,863,1.5188982486724854,0
855,820,0.8761003613471985,0
855,1698,0.5330261588096619,0
855,495,0.9474038481712341,0
855,522,0.8256086111068726,0
855,34,0.8699573278427124,0
855,494,0.9061774611473083,0
855,869,0.8217813968658447,0
855,1878,1.1643896102905273,0
855,430,0.8271133899688721,0
855,1303,0.8829137086868286,0
855,1820,0.8473221063613892,0
2427,1537,0.5637702941894531,1
2427,2017,1.0636991262435913,0
2427,1362,0.8084379434585571,0
2427,1237,0.5993038415908813,0
2427,2077,0.8859164714813232,0
2427,244,0.9412496089935303,0
2427,882,0.8551765084266663,0
2427,844,0.9149142503738403,0
2427,1636,1.761967420578003,0
2427,733,1.4029455184936523,0
2427,689,1.3287142515182495,0
2427,1851,0.9166557788848877,0
2427,202,2.262497663497925,0
2427,1278,3.6622400283813477,0
2427,842,0.9587865471839905,0
2427,165,0.9878612756729126,0
2427,1715,1.3417052030563354,0
2427,1710,1.2602553367614746,0
2427,2045,1.0528793334960938,0
2427,2016,0.8985967040061951,0
613,841,2.0105843544006348,1
613,202,2.2398312091827393,0
613,1148,0.9280548095703125,0
613,293,0.8689455986022949,0
613,1224,1.8035686016082764,0
613,1640,1.118505835533142,0
613,1768,0.44726938009262085,0
613,1410,0.9794027805328369,0
613,1444,0.802230179309845,0
613,401,0.8700122833251953,0
613,619,0.8402521014213562,0
613,1209,0.8301398158073425,0
613,147,0.47501254081726074,0
613,1590,0.9814635515213013,0
613,1408,0.8705549836158752,0
613,1453,0.8409678339958191,0
613,1800,0.7703354358673096,0
613,384,0.4305829405784607,0
613,990,0.40516626834869385,0
613,1554,1.025099754333496,0
1689,229,1.6743770837783813,1
1689,1725,1.2804155349731445,0
1689,1937,0.9466329216957092,0
1689,1429,0.5046126842498779,0
1689,1848,1.4192410707473755,0
1689,326,0.5727802515029907,0
1689,537,0.9537969827651978,0
1689,1779,0.9678481817245483,0
1689,161,0.4996799826622009,0
1689,122,1.7710883617401123,0
1689,907,1.00887131690979,0
1689,63,0.8802289962768555,0
1689,1529,0.9710125923156738,0
1689,1885,1.052167534828186,0
1689,271,1.87337064743042,0
1689,42,0.8081587553024292,0
1689,1134,1.3614856004714966,0
1689,2033,0.9915152192115784,0
1689,1056,0.8909551501274109,0
1689,1339,1.4080610275268555,0
404,36,0.9944509267807007,1
404,308,1.7877863645553589,0
404,286,1.0029685497283936,0
404,45,0.5641295909881592,0
404,553,0.9596813917160034,0
404,1605,0.9588392376899719,0
404,1105,0.4881823658943176,0
404,1051,0.9380379319190979,0
404,1651,1.04135262966156,0
404,1699,0.966509997844696,0
404,1988,0.5369699597358704,0
404,968,1.2866460084915161,0
404,543,0.49694743752479553,0
404,383,0.9702464938163757,0
404,588,0.603279709815979,0
404,1501,0.9851216673851013,0
404,565,1.4061557054519653,0
404,672,0.6539050340652466,0
404,271,1.9124466180801392,0
404,259,1.0273572206497192,0
3659,196,0.5436931848526001,1
3659,953,1.1169222593307495,0
3659,673,0.46371209621429443,0
3659,531,0.49102962017059326,0
3659,272,0.8852971792221069,0
3659,1769,0.4998225271701813,0
3659,829,0.9455167055130005,0
3659,2056,0.5274863839149475,0
3659,1022,0.8175519704818726,0
3659,2016,0.8874458074569702,0
3659,1448,0.6489673852920532,0
3659,1862,0.8771111965179443,0
3659,1027,0.8949548006057739,0
3659,903,1.5812671184539795,0
3659,2072,0.9980388879776001,0
3659,50,1.0385522842407227,0
3659,1564,1.9314801692962646,0
3659,781,0.8262430429458618,0
3659,1059,0.3936515748500824,0
3659,1758,0.43171852827072144,0
2966,531,0.47791463136672974,1
2966,539,1.2739789485931396,0
2966,1129,0.49421408772468567,0
2966,900,0.9656906127929688,0
2966,1334,0.8397395014762878,0
2966,1508,1.2905642986297607,0
2966,1625,0.6132249236106873,0
2966,963,0.9065235257148743,0
2966,1474,1.3783154487609863,0
2966,247,0.4879615306854248,0
2966,1972,1.6558798551559448,0
2966,1617,1.6561256647109985,0
2966,1164,1.3153570890426636,0
2966,103,2.0994701385498047,0
2966,752,0.867463231086731,0
2966,192,0.8769180774688721,0
2966,1368,0.5089943408966064,0
2966,869,0.797086775302887,0
2966,1486,0.8402072787284851,0
2966,478,0.7609148621559143,0
4157,1435,0.9664129018783569,1
4157,1046,0.9006687998771667,0
4157,139,1.7175352573394775,0
4157,1939,0.9664785265922546,0
4157,790,1.3502570390701294,0
4157,1151,0.8878024816513062,0
4157,1320,0.8202184438705444,0
4157,830,0.8504098653793335,0
4157,1201,0.897206723690033,0
4157,874,0.9315117001533508,0
4157,1080,0.9739089012145996,0
4157,1369,1.1867222785949707,0
4157,727,0.45857205986976624,0
4157,1682,0.969804584980011,0
4157,231,1.6992958784103394,0
4157,773,0.8231899738311768,0
4157,700,1.9694749116897583,0
4157,923,2.887718915939331,0
4157,253,0.9609638452529907,0
4157,1125,0.8516998291015625,0
3356,1231,1.536190390586853,1
3356,1923,1.358508586883545,0
3356,1214,1.7517743110656738,0
3356,265,1.0222898721694946,0
3356,1901,1.3600366115570068,0
3356,1394,0.7691854238510132,0
3356,403,0.8996105194091797,0
3356,1955,0.5670074224472046,0
3356,1029,0.8401116132736206,0
3356,1640,1.1720999479293823,0
3356,365,0.8989410400390625,0
3356,289,0.8677240610122681,0
3356,643,0.8983513116836548,0
3356,1590,0.9944118857383728,0
3356,457,0.9152312278747559,0
3356,511,2.0229568481445312,0
3356,1344,1.1175823211669922,0
3356,40,2.2202162742614746,0
3356,710,0.8828113675117493,0
3356,50,1.137176275253296,0
2126,2003,0.5453463792800903,1
2126,2018,0.6148847937583923,0
2126,919,1.7103750705718994,0
2126,1090,0.8815757036209106,0
2126,1643,2.5902926921844482,0
2126,1672,0.5380775332450867,0
2126,1961,0.9801205992698669,0
2126,1931,1.0372459888458252,0
2126,1661,0.9288740158081055,0
2126,780,1.3363147974014282,0
2126,77,0.5867820978164673,0
2126,1245,1.5071001052856445,0
2126,494,1.00416100025177,0
2126,478,0.8009947538375854,0
2126,1060,1.3908690214157104,0
2126,307,1.1269062757492065,0
2126,1246,0.9034743905067444,0
2126,1151,0.90008544921875,0
2126,751,0.5390332341194153,0
2126,1006,2.0664939880371094,0
472,176,1.6904114484786987,1
472,1777,1.6057748794555664,0
472,865,0.9266728758811951,0
472,513,1.2861104011535645,0
472,1393,1.9744638204574585,0
472,1477,0.5143132209777832,0
472,66,1.0012800693511963,0
472,380,0.5504010915756226,0
472,1248,1.177785038948059,0
472,320,0.9918504357337952,0
472,1913,1.4039217233657837,0
472,366,1.1471625566482544,0
472,1435,0.9802814722061157,0
472,1887,0.9623913764953613,0
472,1224,1.769237995147705,0
472,102,0.9350979924201965,0
472,1238,0.9529680013656616,0
472,1412,1.013862133026123,0
472,1023,1.4708560705184937,0
472,189,0.8233293294906616,0
3029,1654,1.994223713874817,1
3029,245,1.0745383501052856,0
3029,502,0.9758827090263367,0
3029,581,1.0299855470657349,0
3029,1702,0.838163435459137,0
3029,780,1.339645266532898,0
3029,1032,0.8482882380485535,0
3029,1073,0.4790409207344055,0
3029,173,1.3437494039535522,0
3029,892,0.8724908828735352,0
3029,1676,0.9004923701286316,0
3029,1764,0.9823777675628662,0
3029,1950,1.5023987293243408,0
3029,1071,0.8633807301521301,0
3029,98,0.8891724944114685,0
3029,577,0.3919611871242523,0
3029,1513,1.8174426555633545,0
3029,427,2.003014087677002,0
3029,448,0.933480978012085,0
3029,1988,0.4815046191215515,0
637,219,0.5775755643844604,1
637,1804,0.9261062145233154,0
637,1924,0.5113409161567688,0
637,1580,1.3621866703033447,0
637,155,1.0212947130203247,0
637,804,0.940061092376709,0
637,735,0.9325522184371948,0
637,1292,0.9150111675262451,0
637,1473,4.118820667266846,0
637,1861,0.8729372024536133,0
637,355,0.5994687080383301,0
637,475,1.543032169342041,0
637,263,1.01041841506958,0
637,1966,0.8197402358055115,0
637,1543,0.918677806854248,0
637,1106,1.1052000522613525,0
637,1247,0.7385392189025879,0
637,1132,1.4705424308776855,0
637,172,0.6546151638031006,0
637,1218,2.3256702423095703,0
1241,945,0.6011087894439697,1
1241,606,0.9995061755180359,0
1241,2067,0.9510339498519897,0
1241,1927,1.2045063972473145,0
1241,275,0.49511927366256714,0
1241,938,1.2822037935256958,0
1241,1658,3.7899794578552246,0
1241,686,0.9619802832603455,0
1241,171,1.257731318473816,0
1241,1509,1.3607337474822998,0
1241,183,0.9442946910858154,0
1241,1179,0.973426878452301,0
1241,1342,0.9276747703552246,0
1241,1597,1.599926233291626,0
1241,1576,0.5430855751037598,0
1241,106,1.5629572868347168,0
1241,1469,0.8646611571311951,0
1241,973,0.9847024083137512,0
1241,854,0.6027518510818481,0
1241,1432,0.8791861534118652,0
3335,1285,0.4832240641117096,1
3335,1092,1.6678298711776733,0
3335,529,1.972232699394226,0
3335,470,0.8888884782791138,0
3335,1141,1.0094650983810425,0
3335,742,0.8654594421386719,0
3335,1046,0.9353135824203491,0
3335,1672,0.5590894222259521,0
3335,852,0.9534424543380737,0
3335,74,1.7442246675491333,0
3335,1207,0.9458564519882202,0
3335,1263,0.9137966632843018,0
3335,181,0.9031959772109985,0
3335,828,1.1137957572937012,0
3335,1254,0.8908896446228027,0
3335,1977,0.9747625589370728,0
3335,406,0.9553180932998657,0
3335,1828,1.7381056547164917,0
3335,1851,0.9411253333091736,0
3335,1010,1.053274393081665,0
3104,387,0.49123910069465637,1
3104,1594,0.8689892292022705,0
3104,1926,0.9497554302215576,0
3104,958,1.572184681892395,0
3104,1362,0.8098742365837097,0
3104,1825,1.0221762657165527,0
3104,730,0.750403881072998,0
3104,1448,0.6247833967208862,0
3104,1154,0.4896792471408844,0
3104,625,0.8098605275154114,0
3104,1782,0.7749300599098206,0
3104,234,1.0485820770263672,0
3104,346,0.5142232179641724,0
3104,1541,0.8399642705917358,0
3104,1851,0.8242114186286926,0
3104,536,0.7029824256896973,0
3104,1416,1.0347139835357666,0
3104,713,0.7627526521682739,0
3104,533,1.5684384107589722,0
3104,395,1.200967788696289,0
1205,591,1.0940324068069458,1
1205,1273,1.9557831287384033,0
1205,529,2.139298915863037,0
1205,1491,1.1930583715438843,0
1205,1075,0.4906097948551178,0
1205,2027,0.9169291853904724,0
1205,1332,1.5377006530761719,0
1205,73,0.980742335319519,0
1205,515,0.44954437017440796,0
1205,1791,0.5566750168800354,0
1205,1231,1.6883845329284668,0
1205,12,1.4424238204956055,0
1205,351,0.605902910232544,0
1205,1088,1.7221312522888184,0
1205,232,0.6081027984619141,0
1205,35,0.964203953742981,0
1205,136,0.9237850904464722,0
1205,1980,1.800281286239624,0
1205,2073,2.424103260040283,0
1205,363,0.6575132012367249,0
2206,911,0.834022045135498,1
2206,463,0.8595656752586365,0
2206,1923,1.2432820796966553,0
2206,1908,0.46130484342575073,0
2206,1562,0.8951095342636108,0
2206,40,2.1200921535491943,0
2206,96,0.9443812966346741,0
2206,360,0.8678287267684937,0
2206,744,0.8289464712142944,0
2206,1100,0.43242061138153076,0
2206,7,0.9163265228271484,0
2206,524,0.4642961323261261,0
2206,1886,0.7882611751556396,0
2206,1866,1.2210649251937866,0
2206,395,1.262886643409729,0
2206,923,2.84101939201355,0
2206,1534,0.4799787402153015,0
2206,1328,0.7470129132270813,0
2206,354,0.4307824373245239,0
2206,608,0.8777858018875122,0
1849,113,0.9719537496566772,1
1849,403,1.0025266408920288,0
1849,1983,1.6057854890823364,0
1849,1243,0.7101727724075317,0
1849,510,0.5257899165153503,0
1849,1488,0.5462064743041992,0
1849,1007,1.0107717514038086,0
1849,297,2.231477737426758,0
1849,393,1.0699772834777832,0
1849,697,1.441510558128357,0
1849,1635,0.593034029006958,0
1849,2054,0.9331502318382263,0
1849,1923,1.5003376007080078,0
1849,235,2.337045907974243,0
1849,944,1.0059994459152222,0
1849,1045,1.0788522958755493,0
1849,652,1.504165768623352,0
1849,1812,1.0025279521942139,0
1849,655,2.1643877029418945,0
1849,1510,0.9727635383605957,0
3055,848,0.9284717440605164,1
3055,1635,0.5076074600219727,0
3055,297,2.268353223800659,0
3055,1605,0.9227603673934937,0
3055,1061,0.9891991019248962,0
3055,1603,0.5307235717773438,0
3055,2004,1.5062177181243896,0
3055,824,1.3620343208312988,0
3055,1513,1.8396960496902466,0
3055,1969,0.968427836894989,0
3055,1833,0.9485830664634705,0
3055,452,0.959738552570343,0
3055,1404,0.7873483896255493,0
3055,1782,0.9070777893066406,0
3055,472,1.4868963956832886,0
3055,231,1.8664807081222534,0
3055,335,1.6720175743103027,0
3055,1494,1.3773322105407715,0
3055,658,1.3903398513793945,0
3055,1968,1.042870044708252,0
1629,1575,0.9160488247871399,1
1629,1423,2.1235368251800537,0
1629,2071,0.8510710597038269,0
1629,1760,2.0716729164123535,0
1629,1535,1.724560022354126,0
1629,1971,2.0666770935058594,0
1629,1089,1.0753053426742554,0
1629,1805,0.9873448610305786,0
1629,913,1.7083680629730225,0
1629,1920,0.8745337724685669,0
1629,1447,1.6954710483551025,0
1629,846,1.0566914081573486,0
1629,109,0.45939600467681885,0
1629,1442,0.9987456798553467,0
1629,832,0.5482591390609741,0
1629,1839,0.9497442841529846,0
1629,1591,0.9111661314964294,0
1629,1100,0.47738537192344666,0
1629,1422,0.4493228793144226,0
1629,115,0.7864493131637573,0
3849,85,0.8374471664428711,1
3849,2067,0.8873987793922424,0
3849,1007,0.875767171382904,0
3849,2029,0.9067656993865967,0
3849,371,0.5261111259460449,0
3849,897,0.4933021068572998,0
3849,1919,0.8145134449005127,0
3849,883,1.920245885848999,0
3849,779,1.003249168395996,0
3849,1013,1.1383448839187622,0
3849,58,0.975831151008606,0
3849,311,1.4056576490402222,0
3849,773,0.8991053104400635,0
3849,888,1.3971738815307617,0
3849,978,1.772196888923645,0
3849,274,0.845699667930603,0
3849,1586,1.236757516860962,0
3849,1132,1.5228559970855713,0
3849,1280,0.8860206007957458,0
3849,1135,0.8776442408561707,0
3666,1143,0.5526471138000488,1
3666,730,0.8852627873420715,0
3666,1215,1.0411649942398071,0
3666,1135,0.9713594913482666,0
3666,1387,0.6238955855369568,0
3666,2056,0.5617482662200928,0
3666,411,0.5441137552261353,0
3666,1254,0.8510077595710754,0
3666,734,0.9459365010261536,0
3666,420,0.9678260684013367,0
3666,1422,0.46778547763824463,0
3666,110,0.43224814534187317,0
3666,252,0.6221901178359985,0
3666,1341,1.4907147884368896,0
3666,1296,0.5604772567749023,0
3666,638,0.9540578722953796,0
3666,625,0.9523599147796631,0
3666,441,1.0124033689498901,0
3666,959,1.3669891357421875,0
3666,76,0.9272271990776062,0
3334,990,0.41483426094055176,1
3334,2011,0.8312464356422424,0
3334,1866,1.1902587413787842,0
3334,130,0.8596371412277222,0
3334,1737,0.3503614366054535,0
3334,304,0.5416340827941895,0
3334,236,0.8895528316497803,0
3334,197,0.899689257144928,0
3334,282,1.2734746932983398,0
3334,1017,0.9294964075088501,0
3334,131,0.8470089435577393,0
3334,135,0.7723211646080017,0
3334,35,0.7902157306671143,0
3334,48,0.803989052772522,0
3334,1741,0.7532039284706116,0
3334,1941,0.8875465393066406,0
3334,879,0.9829717874526978,0
3334,1268,1.2248635292053223,0
3334,176,1.6980254650115967,0
3334,950,0.3870084285736084,0
3802,672,0.708467960357666,1
3802,1036,0.8817930221557617,0
3802,1172,0.576229453086853,0
3802,1029,0.7984908223152161,0
3802,1313,1.390109896659851,0
3802,1873,1.0143909454345703,0
3802,1294,1.5692429542541504,0
3802,623,0.7733536958694458,0
3802,1884,1.297803282737732,0
3802,1182,1.2016419172286987,0
3802,1213,0.5495630502700806,0
3802,1279,0.9372334480285645,0
3802,1209,0.9096018075942993,0
3802,512,0.873885452747345,0
3802,161,0.5921335220336914,0
3802,1625,0.6881363391876221,0
3802,196,0.6543208360671997,0
3802,645,0.8219164609909058,0
3802,1818,1.661015272140503,0
3802,538,1.0243074893951416,0
3668,740,0.6739346981048584,1
3668,1684,1.0277769565582275,0
3668,1217,0.8715435266494751,0
3668,1236,1.4021940231323242,0
3668,1318,0.942030131816864,0
3668,1661,0.9571568369865417,0
3668,1607,1.384392499923706,0
3668,1719,1.329712986946106,0
3668,57,1.0593092441558838,0
3668,210,1.2418317794799805,0
3668,296,0.6128498911857605,0
3668,1033,1.0606938600540161,0
3668,842,0.98985755443573,0
3668,571,0.9353765249252319,0
3668,1365,1.8647195100784302,0
3668,2011,0.891505777835846,0
3668,1258,0.8578507304191589,0
3668,342,1.192725419998169,0
3668,1879,0.9410370588302612,0
3668,1864,1.1380361318588257,0
1791,1721,1.4923052787780762,1
1791,1334,0.9151960015296936,0
1791,69,0.45474785566329956,0
1791,1945,0.474294513463974,0
1791,787,1.0937117338180542,0
1791,1167,0.9813033938407898,0
1791,622,0.47958824038505554,0
1791,894,0.9897576570510864,0
1791,557,0.6228961944580078,0
1791,613,1.7616407871246338,0
1791,461,1.4253453016281128,0
1791,1493,1.4372820854187012,0
1791,1513,1.828725814819336,0
1791,1999,1.6243692636489868,0
1791,1430,1.0896072387695312,0
1791,1235,0.8829382658004761,0
1791,2059,0.5246270895004272,0
1791,338,0.9022846817970276,0
1791,1143,0.5541033744812012,0
1791,683,0.967437207698822,0
2028,1844,2.6094470024108887,1
2028,809,0.8533816337585449,0
2028,1624,0.3988662362098694,0
2028,1328,0.8046176433563232,0
2028,1542,0.8348369598388672,0
2028,1003,0.4337403476238251,0
2028,2045,0.882499098777771,0
2028,1198,1.2109216451644897,0
2028,753,0.8245524168014526,0
2028,509,0.49891984462738037,0
2028,1286,0.7949433922767639,0
2028,1357,0.5045425891876221,0
2028,659,1.295231819152832,0
2028,62,0.4540247917175293,0
2028,38,0.5098770260810852,0
2028,1345,0.48506829142570496,0
2028,533,1.5354055166244507,0
2028,1368,0.4595227837562561,0
2028,168,0.8720086216926575,0
2028,1250,1.250713586807251,0
2509,345,4.683676242828369,1
2509,403,0.7808655500411987,0
2509,988,2.087029457092285,0
2509,304,0.4716249406337738,0
2509,1667,1.3586572408676147,0
2509,2023,0.8177729249000549,0
2509,229,1.4806686639785767,0
2509,667,0.8250385522842407,0
2509,799,0.7720553278923035,0
2509,1341,1.289357304573059,0
2509,110,0.3496268093585968,0
2509,1870,0.7633412480354309,0
2509,1048,1.5178422927856445,0
2509,1322,1.1749356985092163,0
2509,605,0.7740156650543213,0
2509,1830,0.8704001307487488,0
2509,1623,0.7305536270141602,0
2509,1413,0.49933141469955444,0
2509,676,1.378165364265442,0
2509,445,0.8525884747505188,0
2857,1913,1.4693456888198853,1
2857,1043,1.1336297988891602,0
2857,527,0.8235031366348267,0
2857,2013,1.3928471803665161,0
2857,609,0.5024404525756836,0
2857,648,1.3329558372497559,0
2857,745,1.4229508638381958,0
2857,1430,0.9392169117927551,0
2857,1569,0.44254374504089355,0
2857,717,1.2998923063278198,0
2857,1891,1.2886476516723633,0
2857,1127,0.492654949426651,0
2857,788,0.8474657535552979,0
2857,862,0.8199247717857361,0
2857,1177,0.9531471133232117,0
2857,151,2.2415313720703125,0
2857,100,0.988375723361969,0
2857,1326,1.0035457611083984,0
2857,209,0.5029422044754028,0
2857,668,0.5516481995582581,0
3202,1193,0.4866586923599243,1
3202,188,1.3246300220489502,0
3202,1789,0.7484836578369141,0
3202,680,1.920709490776062,0
3202,567,1.817596673965454,0
3202,1218,2.216604471206665,0
3202,614,0.8601748943328857,0
3202,1934,0.9559155106544495,0
3202,1785,0.8305819630622864,0
3202,1600,0.8513318300247192,0
3202,642,0.8945667147636414,0
3202,168,0.939314603805542,0
3202,683,0.9127433896064758,0
3202,943,0.8202471733093262,0
3202,404,0.7970917820930481,0
3202,394,0.9748271107673645,0
3202,144,0.8513723611831665,0
3202,1393,2.0288686752319336,0
3202,209,0.5004729628562927,0
3202,1375,0.8505629301071167,0
4140,530,1.4419898986816406,1
4140,304,0.6440302133560181,0
4140,893,0.658507227897644,0
4140,1900,1.0682823657989502,0
4140,1799,1.498381495475769,0
4140,440,0.8864200115203857,0
4140,1065,1.2731693983078003,0
4140,1159,1.4043744802474976,0
4140,1656,0.6769567131996155,0
4140,971,0.569470226764679,0
4140,1647,0.648886501789093,0
4140,737,0.5152109861373901,0
4140,503,0.9981648325920105,0
4140,449,1.530726432800293,0
4140,2009,1.0961380004882812,0
4140,288,0.9992168545722961,0
4140,2067,0.9528142809867859,0
4140,773,0.898047924041748,0
4140,1942,2.1303768157958984,0
4140,308,1.82400381565094,0
3427,1441,0.8182479739189148,1
3427,137,0.7222130298614502,0
3427,441,0.7622643709182739,0
3427,1430,0.7891777753829956,0
3427,5,0.3727240562438965,0
3427,701,0.4195256233215332,0
3427,1614,0.8589119911193848,0
3427,491,0.47713860869407654,0
3427,1163,0.8122416138648987,0
3427,1897,0.7063105702400208,0
3427,1434,1.618689775466919,0
3427,1941,0.7424532771110535,0
3427,24,0.7066919803619385,0
3427,53,0.3535066246986389,0
3427,2071,0.7079998254776001,0
3427,1969,0.7719408273696899,0
3427,556,0.8540364503860474,0
3427,1113,0.7662950754165649,0
3427,1651,0.754824161529541,0
3427,1544,0.7466912269592285,0
259,1006,2.1119179725646973,1
259,398,1.8260622024536133,0
259,344,0.6086150407791138,0
259,132,1.1864113807678223,0
259,1506,0.623711347579956,0
259,545,1.1788619756698608,0
259,268,0.9584032297134399,0
259,419,0.5628097057342529,0
259,807,1.1178765296936035,0
259,448,1.0359385013580322,0
259,1859,1.3872421979904175,0
259,1849,0.9534450769424438,0
259,1715,1.526822566986084,0
259,1474,1.5690675973892212,0
259,1284,0.8395237922668457,0
259,948,1.7414829730987549,0
259,1662,1.067771315574646,0
259,2036,2.3106770515441895,0
259,1076,1.425490379333496,0
259,318,0.9952260851860046,0
3681,351,0.5576509237289429,1
3681,178,0.5531846284866333,0
3681,386,0.554325520992279,0
3681,37,0.6485433578491211,0
3681,181,0.9074456095695496,0
3681,58,1.1309850215911865,0
3681,1112,1.0765684843063354,0
3681,1725,1.3211607933044434,0
3681,1771,1.1494145393371582,0
3681,137,0.916990339756012,0
3681,960,1.829671025276184,0
3681,427,2.058515787124634,0
3681,1522,1.4690513610839844,0
3681,2049,0.9221358299255371,0
3681,1190,0.8861467838287354,0
3681,538,1.186143159866333,0
3681,34,0.9385249614715576,0
3681,481,1.023254156112671,0
3681,899,0.931944727897644,0
3681,373,1.2723535299301147,0
1110,948,1.653921365737915,1
1110,277,1.4203038215637207,0
1110,1576,0.5606030821800232,0
1110,1971,2.0034523010253906,0
1110,2031,0.9405704140663147,0
1110,1263,0.8648647665977478,0
1110,210,1.118621826171875,0
1110,1804,0.8821147680282593,0
1110,1870,0.8504346609115601,0
1110,784,1.0079408884048462,0
1110,320,1.0476168394088745,0
1110,865,0.9792174100875854,0
1110,1174,0.9446680545806885,0
1110,207,0.943329930305481,0
1110,1866,1.316772699356079,0
1110,1352,0.9561430811882019,0
1110,2029,0.9009252190589905,0
1110,1240,1.0103015899658203,0
1110,221,0.8626074194908142,0
1110,1975,1.3730168342590332,0
1908,455,1.8057934045791626,1
1908,969,1.0901254415512085,0
1908,1352,0.9178684949874878,0
1908,1336,0.9050079584121704,0
1908,354,0.4544169008731842,0
1908,1043,1.2338095903396606,0
1908,1664,2.320972204208374,0
1908,1405,2.032691717147827,0
1908,1299,0.8581480979919434,0
1908,202,2.427685499191284,0
1908,750,0.8264186382293701,0
1908,1165,0.8844038248062134,0
1908,1301,0.7841824889183044,0
1908,1803,0.45519769191741943,0
1908,1716,0.5315136909484863,0
1908,2067,0.9068743586540222,0
1908,1340,0.8080449104309082,0
1908,1518,1.67266845703125,0
1908,1360,0.9215265512466431,0
1908,1377,1.1999480724334717,0
1160,1846,1.860164761543274,1
1160,478,0.8035759925842285,0
1160,272,0.9547561407089233,0
1160,1473,3.899183988571167,0
1160,1542,0.9464538097381592,0
1160,775,0.477411150932312,0
1160,1026,0.8932033777236938,0
1160,569,0.9704347252845764,0
1160,1212,0.9806327819824219,0
1160,1403,0.9227206707000732,0
1160,216,0.9054898619651794,0
1160,2056,0.5594413876533508,0
1160,973,1.0017404556274414,0
1160,384,0.5167710781097412,0
1160,1872,0.6427632570266724,0
1160,1308,0.6066577434539795,0
1160,1332,1.3746161460876465,0
1160,653,0.5422672629356384,0
1160,1499,0.9255041480064392,0
1160,429,0.6483386754989624,0
2378,1725,1.1031410694122314,1
2378,1266,0.7562488317489624,0
2378,902,0.5823094248771667,0
2378,891,0.9370021820068359,0
2378,1207,0.8210983276367188,0
2378,1489,0.9153873324394226,0
2378,547,0.5994753241539001,0
2378,1342,0.8294269442558289,0
2378,1238,0.9461609125137329,0
2378,1286,0.7963950634002686,0
2378,331,0.5514082908630371,0
2378,578,0.820762038230896,0
2378,442,0.474271297454834,0
2378,1808,1.5328541994094849,0
2378,484,0.5140691995620728,0
2378,1502,0.46350014209747314,0
2378,1094,0.7440402507781982,0
2378,420,0.9186994433403015,0
2378,532,0.8549171686172485,0
2378,1178,1.1433651447296143,0
46,1877,4.491055965423584,1
46,1537,0.5720803737640381,0
46,1261,1.0044560432434082,0
46,1064,0.8448731899261475,0
46,1390,0.8621879816055298,0
46,1972,1.757082462310791,0
46,759,1.0882595777511597,0
46,1862,0.9631025195121765,0
46,230,1.053290843963623,0
46,144,0.8903682231903076,0
46,1629,0.4688677191734314,0
46,189,0.878944993019104,0
46,123,1.5512269735336304,0
46,399,1.032643437385559,0
46,168,0.9820303916931152,0
46,554,0.5910552740097046,0
46,1929,0.9152189493179321,0
46,1936,2.197625160217285,0
46,7,1.0440407991409302,0
46,822,0.8584333658218384,0
2828,1674,0.6539677381515503,1
2828,1089,1.2676478624343872,0
2828,203,1.135921597480774,0
2828,1117,1.146174669265747,0
2828,2057,1.1184216737747192,0
2828,1247,0.8490332365036011,0
2828,863,1.7797337770462036,0
2828,1576,0.6749403476715088,0
2828,488,1.039076566696167,0
2828,1279,1.0818440914154053,0
2828,1523,1.1894267797470093,0
2828,1596,0.972436249256134,0
2828,1878,1.3773491382598877,0
2828,1557,1.121638298034668,0
2828,1495,0.9767138957977295,0
2828,639,1.7449983358383179,0
2828,1587,0.6044604182243347,0
2828,140,1.150355339050293,0
2828,313,0.5638045072555542,0
2828,1465,1.0000840425491333,0
1054,570,1.169413685798645,1
1054,1878,1.5239812135696411,0
1054,1207,1.0626780986785889,0
1054,1735,0.9981585741043091,0
1054,1479,1.0815192461013794,0
1054,2046,0.9566227793693542,0
1054,1436,0.9813462495803833,0
1054,614,1.0341143608093262,0
1054,1709,1.1522531509399414,0
1054,536,0.9156819581985474,0
1054,1055,1.5132564306259155,0
1054,575,1.0889160633087158,0
1054,1739,1.6510790586471558,0
1054,190,1.1631956100463867,0
1054,1720,1.423866629600525,0
1054,1024,1.1311665773391724,0
1054,1301,0.9377160668373108,0
1054,2002,1.306823968887329,0
1054,655,2.2637557983398438,0
1054,1596,0.988501787185669,0
2940,1379,1.5224117040634155,1
2940,41,1.3014671802520752,0
2940,457,0.8569984436035156,0
2940,1503,0.5819040536880493,0
2940,1829,3.6930816173553467,0
2940,195,1.002987027168274,0
2940,1277,1.222481369972229,0
2940,1971,1.9921094179153442,0
2940,1874,0.7806103229522705,0
2940,1362,0.7322625517845154,0
2940,1996,0.8165346384048462,0
2940,1908,0.47669127583503723,0
2940,1598,0.9430334568023682,0
2940,1337,0.9528311491012573,0
2940,1553,0.7420597672462463,0
2940,126,0.8728448748588562,0
2940,1731,0.8738975524902344,0
2940,839,1.0111792087554932,0
2940,640,1.5831100940704346,0
2940,1862,0.8891226649284363,0
2725,684,0.5563191175460815,1
2725,1998,0.8133710026741028,0
2725,1969,1.0620125532150269,0
2725,1273,1.7232118844985962,0
2725,217,0.9859931468963623,0
2725,1882,0.5546587705612183,0
2725,441,1.0242853164672852,0
2725,1508,1.4183000326156616,0
2725,1602,0.9123063087463379,0
2725,707,0.5035699605941772,0
2725,1555,0.8809370994567871,0
2725,779,1.1226413249969482,0
2725,323,1.1149014234542847,0
2725,1203,1.3668808937072754,0
2725,1207,0.964628279209137,0
2725,1665,0.8234853148460388,0
2725,1742,1.078898549079895,0
2725,1300,0.7957972884178162,0
2725,1175,0.974680483341217,0
2725,924,1.5554426908493042,0
1618,1635,0.554701566696167,1
1618,1688,0.6016428470611572,0
1618,731,0.9699395895004272,0
1618,472,1.2845405340194702,0
1618,519,0.9808065891265869,0
1618,1963,1.2552926540374756,0
1618,385,0.9456894993782043,0
1618,2031,0.9335291981697083,0
1618,1416,1.1348133087158203,0
1618,888,1.2798315286636353,0
1618,964,0.5301899909973145,0
1618,54,1.0041052103042603,0
1618,269,0.966084361076355,0
1618,1207,0.8981680870056152,0
1618,453,0.8527370095252991,0
1618,2018,0.582058310508728,0
1618,1469,0.8335983753204346,0
1618,730,0.8293725252151489,0
1618,1427,0.9339781403541565,0
1618,86,1.3087117671966553,0
4121,48,0.8473601937294006,1
4121,565,1.3416863679885864,0
4121,491,0.6731226444244385,0
4121,1891,1.38399076461792,0
4121,571,0.9322720766067505,0
4121,722,0.97227942943573,0
4121,900,0.9936720132827759,0
4121,1278,3.8049607276916504,0
4121,1513,1.7843722105026245,0
4121,492,0.5617371201515198,0
4121,2068,2.2699575424194336,0
4121,193,1.633150577545166,0
4121,267,0.5024131536483765,0
4121,926,0.9939193725585938,0
4121,2003,0.6053661108016968,0
4121,195,1.0940086841583252,0
4121,261,0.9492477774620056,0
4121,141,0.8812648057937622,0
4121,1598,0.9998451471328735,0
4121,423,0.9273219108581543,0
2886,1535,1.623284935951233,1
2886,110,0.344909131526947,0
2886,1724,0.8456398248672485,0
2886,2067,0.7689908146858215,0
2886,315,0.8940122127532959,0
2886,768,0.7811382412910461,0
2886,1797,1.626115322113037,0
2886,1717,0.42021897435188293,0
2886,880,1.2832863330841064,0
2886,1477,0.4207454323768616,0
2886,1410,0.873703122138977,0
2886,508,1.9590073823928833,0
2886,1534,0.45063045620918274,0
2886,332,0.8577651381492615,0
2886,1123,1.6681127548217773,0
2886,434,0.83266681432724,0
2886,1364,1.1015950441360474,0
2886,532,0.7465466260910034,0
2886,2018,0.42904409766197205,0
2886,1415,0.8129696846008301,0
1348,849,0.963198721408844,1
1348,1760,2.065099000930786,0
1348,680,2.0068342685699463,0
1348,1874,0.8780471086502075,0
1348,1565,1.0103083848953247,0
1348,15,0.9460829496383667,0
1348,135,0.8672496676445007,0
1348,720,1.4746370315551758,0
1348,293,0.9679049849510193,0
1348,427,1.9517185688018799,0
1348,1199,0.532609760761261,0
1348,1669,1.596129298210144,0
1348,1247,0.7894147634506226,0
1348,9,0.6234846115112305,0
1348,414,0.8848361968994141,0
1348,168,1.0156186819076538,0
1348,234,1.1705825328826904,0
1348,1594,1.059525728225708,0
1348,1662,1.021512508392334,0
1348,1684,1.0347496271133423,0
1179,645,0.8185232877731323,1
1179,143,1.0212070941925049,0
1179,136,0.8737090229988098,0
1179,814,0.8275631666183472,0
1179,499,0.9993783235549927,0
1179,1277,1.2227391004562378,0
1179,821,0.5090764760971069,0
1179,707,0.462751567363739,0
1179,2025,0.8732376098632812,0
1179,1993,0.5281378030776978,0
1179,1366,0.9363093972206116,0
1179,1392,1.559413194656372,0
1179,167,0.9181695580482483,0
1179,1648,0.47506216168403625,0
1179,2014,0.5547860860824585,0
1179,1397,1.4385613203048706,0
1179,1813,0.9381288290023804,0
1179,381,0.986764132976532,0
1179,1180,1.484021544456482,0
1179,862,0.8549724221229553,0
2800,702,1.8454643487930298,1
2800,175,0.814749002456665,0
2800,1938,0.512427568435669,0
2800,403,0.8458350896835327,0
2800,1325,1.082443118095398,0
2800,716,0.9005273580551147,0
2800,731,0.9749014377593994,0
2800,1900,0.9243963956832886,0
2800,1820,0.8652324676513672,0
2800,2045,0.9882563352584839,0
2800,1180,1.3674113750457764,0
2800,1773,0.8579005599021912,0
2800,915,1.304548978805542,0
2800,58,0.9775114059448242,0
2800,30,0.5346644520759583,0
2800,604,0.40000301599502563,0
2800,1234,0.9442896842956543,0
2800,1785,0.8219255805015564,0
2800,605,0.8412362933158875,0
2800,669,1.0176727771759033,0
2818,133,0.5625496506690979,1
2818,1842,1.3364980220794678,0
2818,1369,1.2151117324829102,0
2818,1746,0.9077138900756836,0
2818,1953,1.6928086280822754,0
2818,900,0.9982371926307678,0
2818,250,1.0933241844177246,0
2818,72,0.9807314276695251,0
2818,1948,1.3205186128616333,0
2818,1801,1.16350519657135,0
2818,1773,0.9115606546401978,0
2818,848,0.9666317701339722,0
2818,676,1.664945363998413,0
2818,411,0.5321742296218872,0
2818,851,0.8770776391029358,0
2818,86,1.3714759349822998,0
2818,1263,0.9665219783782959,0
2818,657,0.8311543464660645,0
2818,140,1.1155877113342285,0
2818,1912,0.8343229293823242,0
596,1400,1.9513570070266724,1
596,442,0.449547678232193,0
596,1707,1.3122053146362305,0
596,861,1.9255447387695312,0
596,994,0.5587555766105652,0
596,41,1.3414033651351929,0
596,1610,1.9046825170516968,0
596,1682,1.051346778869629,0
596,1592,0.9757289886474609,0
596,1080,0.9948955178260803,0
596,946,1.2308026552200317,0
596,110,0.4068291187286377,0
596,654,1.7802817821502686,0
596,810,0.5494499206542969,0
596,1659,0.9958028197288513,0
596,1914,1.2842766046524048,0
596,1213,0.4846152663230896,0
596,502,1.0245375633239746,0
596,1921,0.5550117492675781,0
596,982,0.5051345229148865,0
2521,1001,0.5353585481643677,1
2521,372,0.4937780201435089,0
2521,1323,2.7877445220947266,0
2521,2055,0.5700713396072388,0
2521,208,1.8696413040161133,0
2521,1876,3.4527621269226074,0
2521,1333,1.3152141571044922,0
2521,1305,0.49635592103004456,0
2521,234,1.1302900314331055,0
2521,2034,1.443903923034668,0
2521,336,1.0752829313278198,0
2521,1575,0.9742618203163147,0
2521,447,1.2742927074432373,0
2521,641,0.9458776712417603,0
2521,497,0.9699897766113281,0
2521,1392,1.620222568511963,0
2521,1158,1.021794080734253,0
2521,145,1.0380464792251587,0
2521,783,0.9527936577796936,0
2521,1678,1.055652379989624,0
1080,1466,0.9086387157440186,1
1080,1691,0.9349149465560913,0
1080,296,0.5805816650390625,0
1080,900,1.034551739692688,0
1080,982,0.5299104452133179,0
1080,1717,0.5277909636497498,0
1080,406,0.9560249447822571,0
1080,1299,0.869515597820282,0
1080,274,0.8892545700073242,0
1080,1356,1.0100607872009277,0
1080,1163,1.0274238586425781,0
1080,343,0.5699352025985718,0
1080,1000,1.4954121112823486,0
1080,1018,0.48002180457115173,0
1080,1347,1.5738840103149414,0
1080,1254,0.8690667748451233,0
1080,889,0.901672899723053,0
1080,1465,0.9126037955284119,0
1080,746,1.1044623851776123,0
1080,1064,0.8220367431640625,0
982,959,1.30657160282135,1
982,1887,0.8485991358757019,0
982,130,0.8503607511520386,0
982,161,0.507049560546875,0
982,155,0.9123821258544922,0
982,1155,0.9711799621582031,0
982,2017,0.9691020846366882,0
982,343,0.5123365521430969,0
982,128,0.491966187953949,0
982,1748,0.809771716594696,0
982,217,0.8837208151817322,0
982,1232,1.6158815622329712,0
982,2025,0.8818986415863037,0
982,1511,0.9349845051765442,0
982,831,1.955512285232544,0
982,1501,0.849061131477356,0
982,402,0.8960281610488892,0
982,1031,0.7833040356636047,0
982,1423,2.2044754028320312,0
982,1620,3.3633346557617188,0
3019,842,1.0094046592712402,1
3019,265,1.036705493927002,0
3019,325,1.546844720840454,0
3019,1047,0.6681552529335022,0
3019,1455,0.9159060120582581,0
3019,1234,1.0607722997665405,0
3019,1289,0.9740139245986938,0
3019,415,0.9207444190979004,0
3019,267,0.5327062606811523,0
3019,911,1.0298779010772705,0
3019,1000,1.6149837970733643,0
3019,895,1.0547876358032227,0
3019,756,1.5849854946136475,0
3019,1237,0.6043103933334351,0
3019,868,1.1567126512527466,0
3019,1231,1.6278945207595825,0
3019,1885,1.1202001571655273,0
3019,1071,0.9485743045806885,0
3019,603,0.5169705748558044,0
3019,1628,0.9877846240997314,0
3641,1803,0.49376460909843445,1
3641,410,1.6017417907714844,0
3641,104,2.536414384841919,0
3641,1874,0.9257910847663879,0
3641,1881,1.421309471130371,0
3641,779,1.186143159866333,0
3641,784,1.13999605178833,0
3641,1818,2.2579774856567383,0
3641,136,0.994638204574585,0
3641,2079,0.8832747340202332,0
3641,1155,1.163301944732666,0
3641,743,1.4151512384414673,0
3641,1541,0.9992330074310303,0
3641,1560,0.6219096183776855,0
3641,583,1.0495303869247437,0
3641,786,1.0141123533248901,0
3641,1410,1.1659220457077026,0
3641,1092,1.8745211362838745,0
3641,90,1.5840469598770142,0
3641,389,1.2274360656738281,0
955,905,0.5160999894142151,1
955,796,1.020202398300171,0
955,216,0.8632861971855164,0
955,1830,0.9434918761253357,0
955,613,1.5203478336334229,0
955,1749,0.800856351852417,0
955,404,0.8766599297523499,0
955,1343,0.9023257493972778,0
955,2003,0.5431722402572632,0
955,1771,1.0154168605804443,0
955,266,0.838028073310852,0
955,883,1.8265857696533203,0
955,344,0.4847624897956848,0
955,733,1.367239236831665,0
955,94,1.4041192531585693,0
955,1103,0.5673254132270813,0
955,708,0.7701380848884583,0
955,1383,0.7808911800384521,0
955,1268,1.3248546123504639,0
955,1333,1.2840423583984375,0
551,1568,0.48413509130477905,1
551,1048,1.576282024383545,0
551,1915,0.8420843482017517,0
551,1530,0.7841088771820068,0
551,727,0.44497424364089966,0
551,2027,0.8190032243728638,0
551,103,1.9831994771957397,0
551,1564,1.8265607357025146,0
551,1047,0.5717922449111938,0
551,1218,2.0919156074523926,0
551,1977,0.8381333351135254,0
551,254,0.8492484092712402,0
551,1245,1.2410011291503906,0
551,1574,0.773916482925415,0
551,368,0.9016646146774292,0
551,1956,0.927396297454834,0
551,1580,1.197446584701538,0
551,159,1.6283237934112549,0
551,77,0.5338807702064514,0
551,1652,0.8767511248588562,0
1088,1907,1.4199159145355225,1
1088,108,1.0549860000610352,0
1088,638,0.9320725202560425,0
1088,1633,0.9635544419288635,0
1088,64,0.9596391916275024,0
1088,1776,0.7561113238334656,0
1088,1819,0.902330756187439,0
1088,844,0.8820770382881165,0
1088,14,1.2860208749771118,0
1088,1072,0.9000769853591919,0
1088,1067,1.2273814678192139,0
1088,87,0.5162432193756104,0
1088,678,0.8550724983215332,0
1088,417,1.7181167602539062,0
1088,653,0.5382949113845825,0
1088,1862,0.901943027973175,0
1088,2038,2.408722162246704,0
1088,1232,1.5013136863708496,0
1088,574,0.9002357721328735,0
1088,810,0.54782634973526,0
20,1549,1.879555344581604,1
20,1131,0.9392775297164917,0
20,896,0.882753312587738,0
20,1672,0.5079343318939209,0
20,731,1.0604809522628784,0
20,1401,0.8916172385215759,0
20,2052,0.8978510499000549,0
20,333,0.9708915948867798,0
20,1284,0.7973328828811646,0
20,997,1.018389344215393,0
20,77,0.5935394167900085,0
20,1920,0.9190604090690613,0
20,1347,1.5498602390289307,0
20,1204,0.5763080716133118,0
20,122,1.7826591730117798,0
20,1126,0.9296971559524536,0
20,37,0.6080931425094604,0
20,2078,0.9114454984664917,0
20,845,1.8380061388015747,0
20,1017,1.0200097560882568,0
1169,1224,2.1447579860687256,1
1169,115,0.8658947944641113,0
1169,1653,0.9837356209754944,0
1169,1480,1.0277687311172485,0
1169,1196,1.0961906909942627,0
1169,1589,2.0300374031066895,0
1169,1082,1.9256949424743652,0
1169,1243,0.6600164175033569,0
1169,1483,1.0122671127319336,0
1169,1328,0.9728037714958191,0
1169,1392,1.7944934368133545,0
1169,902,0.6241198182106018,0
1169,1907,1.5858509540557861,0
1169,612,0.5747570395469666,0
1169,326,0.6095167398452759,0
1169,1307,1.000715732574463,0
1169,766,0.5503356456756592,0
1169,886,0.8191777467727661,0
1169,1720,1.3772965669631958,0
1169,477,1.1265501976013184,0
3557,1359,1.8490064144134521,1
3557,337,1.4393763542175293,0
3557,109,0.5189440250396729,0
3557,1357,0.7461018562316895,0
3557,1432,0.9137496948242188,0
3557,1330,0.6009384989738464,0
3557,1103,0.722997784614563,0
3557,139,1.6730732917785645,0
3557,1295,0.8833613395690918,0
3557,1870,0.9237454533576965,0
3557,1786,0.9227659106254578,0
3557,399,1.0256919860839844,0
3557,2018,0.6724311113357544,0
3557,640,1.690352201461792,0
3557,383,0.9959080815315247,0
3557,1202,1.0035943984985352,0
3557,1856,0.8474951982498169,0
3557,1753,1.0918737649917603,0
3557,350,0.8347258567810059,0
3557,1510,0.9475780129432678,0
2046,1694,1.8282873630523682,1
2046,1880,0.9621155858039856,0
2046,287,1.2269548177719116,0
2046,1497,0.8698492050170898,0
2046,418,0.9022996425628662,0
2046,1287,0.8251021504402161,0
2046,608,0.9228278994560242,0
2046,702,1.836395025253296,0
2046,1882,0.4797704517841339,0
2046,1374,0.5215126872062683,0
2046,1931,0.8954553604125977,0
2046,571,0.8582054376602173,0
2046,153,1.7408567667007446,0
2046,1921,0.5303207039833069,0
2046,686,0.8614386916160583,0
2046,1725,1.1414002180099487,0
2046,1345,0.5421056747436523,0
2046,520,0.7490766048431396,0
2046,2023,0.9002509117126465,0
2046,743,1.098249077796936,0
3478,950,0.3761315941810608,1
3478,162,0.8362294435501099,0
3478,1984,0.8136584162712097,0
3478,669,0.9120400547981262,0
3478,647,1.112284779548645,0
3478,1057,0.5190685987472534,0
3478,1144,0.7549178004264832,0
3478,1757,2.5056681632995605,0
3478,1775,0.4216725826263428,0
3478,1391,0.7998721599578857,0
3478,689,1.1579290628433228,0
3478,1116,0.8260437846183777,0
3478,455,1.4895912408828735,0
3478,549,0.7755847573280334,0
3478,2074,0.48877471685409546,0
3478,44,0.8132201433181763,0
3478,709,0.8482451438903809,0
3478,375,1.2365754842758179,0
3478,2009,0.8508540987968445,0
3478,1701,0.525539755821228,0
4151,214,0.5718472003936768,1
4151,1900,1.0310337543487549,0
4151,206,0.9733819961547852,0
4151,864,0.980438768863678,0
4151,1592,1.030859112739563,0
4151,102,1.0432384014129639,0
4151,4,1.068192958831787,0
4151,1357,0.7556390762329102,0
4151,168,1.0178427696228027,0
4151,1041,1.2079076766967773,0
4151,1868,1.8052411079406738,0
4151,865,1.0678409337997437,0
4151,2080,1.0119110345840454,0
4151,1558,0.5752397775650024,0
4151,1602,0.9575565457344055,0
4151,304,0.6321712732315063,0
4151,1608,1.185193419456482,0
4151,2031,0.9800199270248413,0
4151,870,0.659090518951416,0
4151,685,1.1029889583587646,0
1546,355,0.4009009599685669,1
1546,867,0.830422043800354,0
1546,1767,0.4338153600692749,0
1546,1001,0.39283984899520874,0
1546,723,0.40986937284469604,0
1546,83,0.8303220868110657,0
1546,738,0.8174669146537781,0
1546,2001,0.400748074054718,0
1546,1544,0.7408310770988464,0
1546,1983,1.3542824983596802,0
1546,156,0.8416463136672974,0
1546,1004,0.6462404131889343,0
1546,1656,0.45706015825271606,0
1546,783,0.7378787994384766,0
1546,112,1.4021788835525513,0
1546,1075,0.3198283314704895,0
1546,1717,0.40428102016448975,0
1546,1474,1.2688052654266357,0
1546,1730,1.2869192361831665,0
1546,830,0.6821091175079346,0
2867,161,0.48845618963241577,1
2867,1864,0.9534250497817993,0
2867,75,0.38261517882347107,0
2867,1840,0.48564279079437256,0
2867,416,0.8304758667945862,0
2867,292,0.4910232424736023,0
2867,1813,0.8430157899856567,0
2867,652,1.279914140701294,0
2867,901,0.5245081186294556,0
2867,694,0.6253944635391235,0
2867,724,0.8428059220314026,0
2867,749,0.8628191947937012,0
2867,816,1.1300615072250366,0
2867,1420,0.9881391525268555,0
2867,1118,0.5727899074554443,0
2867,769,0.8747190833091736,0
2867,220,0.8976476788520813,0
2867,912,0.7904783487319946,0
2867,699,2.3961777687072754,0
2867,995,2.161792039871216,0
3611,772,0.6227008104324341,1
3611,907,1.0546436309814453,0
3611,328,1.5538095235824585,0
3611,274,0.8858332633972168,0
3611,854,0.6021692752838135,0
3611,862,0.8998745083808899,0
3611,61,0.917994499206543,0
3611,383,0.9556195139884949,0
3611,1366,0.9251071810722351,0
3611,1105,0.513279914855957,0
3611,1505,0.5355580449104309,0
3611,587,0.6541002988815308,0
3611,1240,0.9971760511398315,0
3611,1688,0.6172416806221008,0
3611,1187,0.8090046048164368,0
3611,706,0.9530954360961914,0
3611,922,0.8921029567718506,0
3611,1518,1.6557776927947998,0
3611,1216,0.9827058911323547,0
3611,743,1.1926188468933105,0
2240,1540,0.5592501163482666,1
2240,170,1.1569114923477173,0
2240,621,1.8636189699172974,0
2240,2051,1.8436551094055176,0
2240,231,1.7730070352554321,0
2240,1988,0.5704396963119507,0
2240,1599,0.635343611240387,0
2240,1842,1.3934049606323242,0
2240,1090,0.8726224899291992,0
2240,404,0.8598993420600891,0
2240,796,1.1330875158309937,0
2240,1483,0.9855535626411438,0
2240,393,1.0297715663909912,0
2240,789,2.2939515113830566,0
2240,2004,1.5366488695144653,0
2240,148,1.6043109893798828,0
2240,1825,1.1807523965835571,0
2240,1007,0.9515337944030762,0
2240,2031,0.9970381259918213,0
2240,1344,1.1786720752716064,0
3803,343,0.5956180691719055,1
3803,851,0.9106490612030029,0
3803,2038,2.4458134174346924,0
3803,842,0.9632008075714111,0
3803,1767,0.6049454212188721,0
3803,1929,0.9031739234924316,0
3803,1629,0.49622422456741333,0
3803,940,0.9528599977493286,0
3803,1386,0.9679908752441406,0
3803,1026,0.8914298415184021,0
3803,260,0.6289642453193665,0
3803,29,0.5439517498016357,0
3803,479,0.9931851029396057,0
3803,263,1.0112266540527344,0
3803,1402,0.9225795269012451,0
3803,1548,1.5618215799331665,0
3803,930,1.532625436782837,0
3803,374,0.9656254649162292,0
3803,1310,1.620977759361267,0
3803,577,0.46234363317489624,0
1670,1904,1.070213794708252,1
1670,1986,3.084315299987793,0
1670,815,0.7918881177902222,0
1670,246,0.6981481313705444,0
1670,1932,2.995220422744751,0
1670,1301,0.7420545220375061,0
1670,530,1.086456298828125,0
1670,2008,1.1459029912948608,0
1670,1847,0.8834195733070374,0
1670,1839,0.7638530135154724,0
1670,695,0.8242695331573486,0
1670,1050,1.1141932010650635,0
1670,164,0.7407910823822021,0
1670,217,0.8224234580993652,0
1670,395,1.176771879196167,0
1670,1478,0.7851706147193909,0
1670,1639,0.7249056100845337,0
1670,1816,0.4232627749443054,0
1670,166,0.3957374393939972,0
1670,1963,1.0367670059204102,0
3766,6,0.5633314251899719,1
3766,357,0.9095821380615234,0
3766,768,0.8912370204925537,0
3766,1308,0.5292397141456604,0
3766,1910,0.5590280294418335,0
3766,1682,1.0151997804641724,0
3766,1117,0.9913374185562134,0
3766,1136,0.983258068561554,0
3766,450,0.546410083770752,0
3766,1040,0.5202852487564087,0
3766,1019,1.6796865463256836,0
3766,232,0.5352416038513184,0
3766,806,0.8832475543022156,0
3766,1092,1.6760404109954834,0
3766,1004,0.8054065704345703,0
3766,1658,3.538512945175171,0
3766,1190,0.8596302270889282,0
3766,1542,0.9046840667724609,0
3766,1714,1.355684757232666,0
3766,828,1.0100736618041992,0
2689,1613,0.5452682375907898,1
2689,283,0.8818485140800476,0
2689,1667,1.5038914680480957,0
2689,2009,1.0259779691696167,0
2689,960,1.6624488830566406,0
2689,1431,0.8498539924621582,0
2689,1874,0.8397839665412903,0
2689,549,0.8845669031143188,0
2689,1625,0.6179467439651489,0
2689,326,0.6276929378509521,0
2689,927,0.9696513414382935,0
2689,372,0.45786622166633606,0
2689,393,0.9690673351287842,0
2689,21,0.5178070664405823,0
2689,1412,1.0410789251327515,0
2689,521,0.5637938380241394,0
2689,1885,1.0505528450012207,0
2689,494,0.9202184081077576,0
2689,1743,0.831917941570282,0
2689,1981,1.4732296466827393,0
1302,743,1.3158591985702515,1
1302,408,1.1290630102157593,0
1302,573,1.1237645149230957,0
1302,628,1.9176695346832275,0
1302,605,0.932989239692688,0
1302,1173,1.2408421039581299,0
1302,1343,0.9554720520973206,0
1302,341,0.6032049059867859,0
1302,1147,1.3542418479919434,0
1302,478,0.8499293327331543,0
1302,1505,0.5358253717422485,0
1302,2053,0.996668815612793,0
1302,275,0.5105386972427368,0
1302,1509,1.4555805921554565,0
1302,1200,0.9487637281417847,0
1302,1089,1.130596399307251,0
1302,111,0.9191877841949463,0
1302,15,1.0213035345077515,0
1302,1213,0.534639298915863,0
1302,448,1.0000149011611938,0
3511,380,0.46336793899536133,1
3511,1775,0.3878714442253113,0
3511,1174,0.8417810201644897,0
3511,948,1.4792962074279785,0
3511,1151,0.8217780590057373,0
3511,1588,0.5311481952667236,0
3511,902,0.4925824999809265,0
3511,140,0.9083974361419678,0
3511,1612,0.8097585439682007,0
3511,1726,0.7015670537948608,0
3511,1974,0.8933164477348328,0
3511,1227,0.9238953590393066,0
3511,1047,0.5488379001617432,0
3511,997,0.8525584936141968,0
3511,970,0.8219577670097351,0
3511,1614,0.9398667812347412,0
3511,998,0.8069539070129395,0
3511,717,1.2585272789001465,0
3511,1292,0.8306311964988708,0
3511,1239,0.8808125257492065,0
3907,1603,0.5580386519432068,1
3907,1112,1.000313639640808,0
3907,1031,0.8277212977409363,0
3907,713,0.8286466002464294,0
3907,1464,0.8272201418876648,0
3907,1720,1.1834901571273804,0
3907,406,0.8484039306640625,0
3907,1823,1.4576491117477417,0
3907,481,0.9799069762229919,0
3907,1580,1.3047748804092407,0
3907,508,1.916934609413147,0
3907,93,0.8939042687416077,0
3907,1574,0.8355492949485779,0
3907,729,0.5236661434173584,0
3907,867,1.0826400518417358,0
3907,1157,1.9568723440170288,0
3907,1517,0.9313288331031799,0
3907,1549,1.5321530103683472,0
3907,644,0.5067052841186523,0
3907,1248,1.2023930549621582,0
1425,823,1.5704413652420044,1
1425,103,1.9291598796844482,0
1425,1543,0.8333059549331665,0
1425,1044,0.478424072265625,0
1425,555,0.4773414134979248,0
1425,629,0.545600175857544,0
1425,1324,0.4772884249687195,0
1425,212,1.3592735528945923,0
1425,585,0.8038222193717957,0
1425,113,0.8015121221542358,0
1425,958,1.577121376991272,0
1425,482,1.506072759628296,0
1425,1608,1.1077837944030762,0
1425,1725,1.200438141822815,0
1425,378,0.57240891456604,0
1425,1616,0.8863985538482666,0
1425,1926,0.8864909410476685,0
1425,451,1.1418029069900513,0
1425,1280,0.8246986865997314,0
1425,970,0.8648272156715393,0
50,224,2.3804614543914795,1
50,1110,1.2636587619781494,0
50,1474,1.2012051343917847,0
50,1313,1.3522664308547974,0
50,1867,1.6158692836761475,0
50,1971,1.7494944334030151,0
50,665,0.45603424310684204,0
50,1840,0.4283430874347687,0
50,1365,1.4392526149749756,0
50,1452,0.3928602337837219,0
50,1910,0.4795392155647278,0
50,66,0.8489134311676025,0
50,970,0.8263885974884033,0
50,369,1.8453007936477661,0
50,832,0.4544079601764679,0
50,1885,0.8617071509361267,0
50,1921,0.4843398928642273,0
50,818,1.1677703857421875,0
50,1550,0.794053316116333,0
50,962,2.050387144088745,0
2095,1832,1.398889183998108,1
2095,455,1.559325933456421,0
2095,679,0.8677817583084106,0
2095,2012,0.8230433464050293,0
2095,1359,1.7199815511703491,0
2095,1506,0.507258415222168,0
2095,1788,0.8061344623565674,0
2095,597,0.5218242406845093,0
2095,1428,0.7847244739532471,0
2095,982,0.4564323425292969,0
2095,1255,1.2890211343765259,0
2095,1366,0.8131873607635498,0
2095,1798,0.8365947008132935,0
2095,252,0.5008997917175293,0
2095,146,0.9897205829620361,0
2095,1696,0.7959985136985779,0
2095,2059,0.5129534006118774,0
2095,1321,0.8138379454612732,0
2095,334,0.7516626119613647,0
2095,624,2.227719306945801,0
615,1168,1.3463590145111084,1
615,80,1.3464707136154175,0
615,1700,0.9300655722618103,0
615,889,0.8920484781265259,0
615,129,0.6598086357116699,0
615,1003,0.5550755858421326,0
615,1114,1.3271512985229492,0
615,1570,0.9041153192520142,0
615,17,0.983781099319458,0
615,1718,1.0366674661636353,0
615,910,1.0329785346984863,0
615,1805,1.0349557399749756,0
615,1797,1.8017477989196777,0
615,208,1.8921189308166504,0
615,1621,0.4840583801269531,0
615,257,1.1648880243301392,0
615,40,2.2445921897888184,0
615,789,2.1808547973632812,0
615,1256,0.5930648446083069,0
615,64,1.013911485671997,0
985,1315,0.4752483367919922,1
985,1759,0.9662690758705139,0
985,585,0.8670152425765991,0
985,1798,0.9444276690483093,0
985,1211,0.9649998545646667,0
985,742,0.8059070706367493,0
985,1691,0.8633021116256714,0
985,1448,0.6654651761054993,0
985,1748,0.8899199962615967,0
985,216,0.8662605881690979,0
985,752,0.8683936595916748,0
985,997,1.0116522312164307,0
985,956,1.4757297039031982,0
985,364,1.2785693407058716,0
985,40,2.1912271976470947,0
985,1132,1.375130295753479,0
985,603,0.4375406503677368,0
985,1221,0.8361930847167969,0
985,1114,1.2987403869628906,0
985,506,1.0426965951919556,0
1673,297,2.0656838417053223,1
1673,1424,0.9233453273773193,0
1673,1995,2.0437750816345215,0
1673,1731,0.9289425611495972,0
1673,307,1.0963259935379028,0
1673,1240,0.9847418665885925,0
1673,1235,0.8454527854919434,0
1673,1762,1.7403714656829834,0
1673,1220,1.0180091857910156,0
1673,43,0.5586975812911987,0
1673,675,0.9840075373649597,0
1673,502,1.0124099254608154,0
1673,1836,1.3984358310699463,0
1673,1423,2.0901451110839844,0
1673,63,0.9165589213371277,0
1673,1794,0.6206300258636475,0
1673,944,0.9138175249099731,0
1673,1952,2.6125197410583496,0
1673,1436,0.8643654584884644,0
1673,2064,1.031968593597412,0
1802,1012,0.4403431713581085,1
1802,1782,0.8245542645454407,0
1802,790,1.238626480102539,0
1802,606,0.9288783669471741,0
1802,166,0.4207344949245453,0
1802,402,0.8716997504234314,0
1802,1051,0.8438655138015747,0
1802,193,1.4386459589004517,0
1802,6,0.5324581265449524,0
1802,1342,0.8532844185829163,0
1802,704,0.9015107154846191,0
1802,523,1.196758508682251,0
1802,461,1.2396756410598755,0
1802,413,0.889248788356781,0
1802,1003,0.5134255290031433,0
1802,1776,0.7498365044593811,0
1802,1408,0.8528395295143127,0
1802,277,1.3240752220153809,0
1802,722,0.941211462020874,0
1802,1699,0.8952290415763855,0
607,1721,1.364751935005188,1
607,1533,0.9636207818984985,0
607,1218,2.2044081687927246,0
607,1079,0.9335212707519531,0
607,1530,0.8375192880630493,0
607,1775,0.46656498312950134,0
607,115,0.7967705726623535,0
607,662,0.9578179717063904,0
607,409,0.9016178250312805,0
607,42,0.7853480577468872,0
607,214,0.5314650535583496,0
607,1803,0.4770950973033905,0
607,1556,0.9975639581680298,0
607,599,0.9123870134353638,0
607,1220,0.9569692611694336,0
607,446,0.564708948135376,0
607,223,0.9070931673049927,0
607,52,0.9530008435249329,0
607,936,1.1950558423995972,0
607,1225,0.6053487658500671,0
2331,447,1.153359055519104,1
2331,109,0.3994130492210388,0
2331,996,0.9859811067581177,0
2331,1925,0.8543015718460083,0
2331,434,0.8620515465736389,0
2331,1265,0.8278564810752869,0
2331,1566,0.8437709212303162,0
2331,978,1.5312671661376953,0
2331,1108,0.8948326706886292,0
2331,1929,0.8250241279602051,0
2331,682,0.7971107959747314,0
2331,180,0.8406626582145691,0
2331,665,0.45555388927459717,0
2331,1178,1.1973366737365723,0
2331,169,0.5256646871566772,0
2331,532,0.805483341217041,0
2331,1271,0.8213452100753784,0
2331,2006,0.9342392086982727,0
2331,803,1.5688748359680176,0
2331,441,0.8657531142234802,0
59,995,2.227623462677002,1
59,1909,1.073559045791626,0
59,1766,1.1206611394882202,0
59,171,1.2606520652770996,0
59,632,1.0612523555755615,0
59,818,1.4263663291931152,0
59,44,1.0740870237350464,0
59,647,1.3857522010803223,0
59,1442,1.1189669370651245,0
59,1502,0.5594867467880249,0
59,1412,1.1526151895523071,0
59,1130,0.976243793964386,0
59,1998,0.805466890335083,0
59,1214,1.7781829833984375,0
59,1608,1.2031089067459106,0
59,832,0.6577515602111816,0
59,55,1.7237180471420288,0
59,1928,1.3918967247009277,0
59,1525,2.0586302280426025,0
59,515,0.5691984295845032,0
2308,1322,1.3524397611618042,1
2308,4,1.1787346601486206,0
2308,1493,1.3747460842132568,0
2308,1213,0.5904871821403503,0
2308,1383,0.8914520144462585,0
2308,1513,1.8724746704101562,0
2308,1673,1.019831657409668,0
2308,1059,0.5100786685943604,0
2308,356,0.669033408164978,0
2308,531,0.6535073518753052,0
2308,942,1.4534690380096436,0
2308,950,0.4910736680030823,0
2308,723,0.6017622947692871,0
2308,448,0.9928029179573059,0
2308,1929,1.0457093715667725,0
2308,840,1.0442233085632324,0
2308,281,0.6781244874000549,0
2308,2,0.6077671051025391,0
2308,555,0.5658681392669678,0
2308,1951,1.3449143171310425,0
2514,986,1.3964745998382568,1
2514,1691,0.7631747722625732,0
2514,1673,0.881044864654541,0
2514,902,0.44897007942199707,0
2514,1245,1.234771490097046,0
2514,278,0.3806120455265045,0
2514,2011,0.801659107208252,0
2514,858,0.839476466178894,0
2514,176,1.7940505743026733,0
2514,1055,1.1293751001358032,0
2514,247,0.37571489810943604,0
2514,81,0.7552710175514221,0
2514,983,1.517664909362793,0
2514,600,2.455894708633423,0
2514,1785,0.7565461993217468,0
2514,1568,0.4128305912017822,0
2514,2065,0.8569826483726501,0
2514,1392,1.4706077575683594,0
2514,1404,0.6999959349632263,0
2514,119,0.4932621121406555,0
1977,426,2.26702618598938,1
1977,562,0.7764561772346497,0
1977,799,0.7685816287994385,0
1977,347,0.43693363666534424,0
1977,209,0.4868997037410736,0
1977,146,1.0816168785095215,0
1977,815,0.8623963594436646,0
1977,1857,0.8123571276664734,0
1977,1525,1.7606146335601807,0
1977,511,1.8905428647994995,0
1977,1015,0.8852182030677795,0
1977,387,0.4400356113910675,0
1977,355,0.46804630756378174,0
1977,429,0.5183670520782471,0
1977,958,1.5268146991729736,0
1977,397,0.8810915946960449,0
1977,1388,1.1910316944122314,0
1977,1197,0.9213701486587524,0
1977,445,0.8711068630218506,0
1977,670,0.802508533000946,0
1562,1723,2.790428400039673,1
1562,316,1.3440767526626587,0
1562,84,1.1056320667266846,0
1562,724,0.9222403168678284,0
1562,1363,1.0608705282211304,0
1562,1963,1.3494760990142822,0
1562,726,0.9260929822921753,0
1562,920,0.9149584770202637,0
1562,1671,2.825071096420288,0
1562,981,0.9451839327812195,0
1562,1646,0.9307166337966919,0
1562,959,1.4235655069351196,0
1562,1216,1.0400605201721191,0
1562,1028,0.9306201934814453,0
1562,188,1.455904245376587,0
1562,1166,0.9372334480285645,0
1562,1625,0.7028099298477173,0
1562,1788,0.8795430660247803,0
1562,1022,0.8713708519935608,0
1562,1554,1.110864281654358,0
