movie_local,target_local,score,label
2852,2852,0.3369761109352112,1
2852,2029,0.4086531102657318,0
2852,1446,0.35710057616233826,0
2852,3210,0.3601970672607422,0
2852,101,0.35692140460014343,0
2852,203,0.3659289479255676,0
2852,2819,0.38707125186920166,0
2852,3127,0.3581329882144928,0
2852,1279,0.3369840979576111,0
2852,4166,0.3714855909347534,0
2852,3305,0.3552800416946411,0
2852,3765,0.3705788850784302,0
2852,2949,0.372709184885025,0
2852,2316,0.33612075448036194,0
2852,567,0.3958139419555664,0
2852,771,0.39740854501724243,0
2852,2569,0.36944150924682617,0
2852,749,0.4042254388332367,0
2852,2258,0.40014827251434326,0
2852,1090,0.4529063403606415,0
1674,1674,0.38837388157844543,1
1674,2725,0.35085123777389526,0
1674,2403,0.34135550260543823,0
1674,2539,0.42580994963645935,0
1674,1746,0.3799189627170563,0
1674,956,0.4263775646686554,0
1674,3225,0.33461394906044006,0
1674,1256,0.34535863995552063,0
1674,3514,0.39971035718917847,0
1674,2097,0.33453670144081116,0
1674,823,0.3538721799850464,0
1674,3242,0.3304346799850464,0
1674,2206,0.37083855271339417,0
1674,3931,0.34473612904548645,0
1674,3715,0.342869371175766,0
1674,2891,0.3852916359901428,0
1674,2511,0.386853963136673,0
1674,3605,0.3529752194881439,0
1674,62,0.36916738748550415,0
1674,2581,0.40126311779022217,0
2613,2613,0.36623793840408325,1
2613,2695,0.3973810076713562,0
2613,691,0.4428804814815521,0
2613,3134,0.40557003021240234,0
2613,2679,0.4256782531738281,0
2613,2846,0.3798704147338867,0
2613,960,0.40199384093284607,0
2613,3971,0.3904392719268799,0
2613,24,0.39571553468704224,0
2613,2896,0.38381028175354004,0
2613,164,0.43490833044052124,0
2613,1460,0.4251914620399475,0
2613,2567,0.5862715244293213,0
2613,2765,0.39622530341148376,0
2613,267,0.39243531227111816,0
2613,806,0.4067991077899933,0
2613,1075,0.4092699885368347,0
2613,3933,0.41469019651412964,0
2613,2509,0.3848476707935333,0
2613,2342,0.37185612320899963,0
2715,2715,0.3976607024669647,1
2715,1759,0.4056274890899658,0
2715,3669,0.40534234046936035,0
2715,1788,0.4064887762069702,0
2715,278,0.44917619228363037,0
2715,683,0.4241263270378113,0
2715,1325,0.4005175232887268,0
2715,1870,0.42854246497154236,0
2715,1229,0.5085659623146057,0
2715,2642,0.4154697060585022,0
2715,979,0.394233763217926,0
2715,3103,0.40646153688430786,0
2715,2665,0.3987192213535309,0
2715,3307,0.4077135920524597,0
2715,864,0.41159194707870483,0
2715,3989,0.39400744438171387,0
2715,1609,0.41156667470932007,0
2715,2564,0.4496915638446808,0
2715,1416,0.4521469473838806,0
2715,1429,0.39281362295150757,0
2019,2019,0.38671809434890747,1
2019,690,0.4268968105316162,0
2019,1170,0.3913057744503021,0
2019,1150,0.3902146518230438,0
2019,63,0.49679234623908997,0
2019,2822,0.37987592816352844,0
2019,3261,0.4001648426055908,0
2019,4126,0.3929177522659302,0
2019,3935,0.38424989581108093,0
2019,3975,0.37254059314727783,0
2019,3375,0.3964832127094269,0
2019,1231,0.45684918761253357,0
2019,158,0.44699254631996155,0
2019,3954,0.37855952978134155,0
2019,3078,0.4057372808456421,0
2019,2585,0.3684529960155487,0
2019,700,0.43370941281318665,0
2019,3186,0.36494848132133484,0
2019,3652,0.45904266834259033,0
2019,3391,0.5549627542495728,0
141,141,0.3789803385734558,1
141,3846,0.3503169119358063,0
141,1072,0.3709871470928192,0
141,2298,0.42167961597442627,0
141,3936,0.3684982657432556,0
141,505,0.40741539001464844,0
141,148,0.376758337020874,0
141,3748,0.3776546120643616,0
141,2820,0.3664129376411438,0
141,3295,0.4082127511501312,0
141,185,0.4474872350692749,0
141,1957,0.37357908487319946,0
141,3351,0.36324453353881836,0
141,2489,0.41883233189582825,0
141,3799,0.3667519986629486,0
141,3823,0.4133710563182831,0
141,3325,0.35312432050704956,0
141,2080,0.39985212683677673,0
141,4123,0.3491041362285614,0
141,13,0.37030208110809326,0
1550,1550,0.4784676134586334,1
1550,1498,0.4258667528629303,0
1550,3665,0.36183100938796997,0
1550,305,0.39309707283973694,0
1550,1748,0.4397037625312805,0
1550,4045,0.3822638690471649,0
1550,3798,0.39012405276298523,0
1550,1816,0.3928946256637573,0
1550,1307,0.502443790435791,0
1550,3402,0.39159339666366577,0
1550,2745,0.3916252553462982,0
1550,916,0.45398709177970886,0
1550,975,0.3777832090854645,0
1550,1545,0.35617995262145996,0
1550,761,0.41351160407066345,0
1550,344,0.44731003046035767,0
1550,3353,0.45329031348228455,0
1550,1925,0.37326398491859436,0
1550,216,0.33510786294937134,0
1550,13,0.39776208996772766,0
621,621,0.3374490439891815,1
621,3015,0.3841675817966461,0
621,2329,0.3488021194934845,0
621,649,0.396558552980423,0
621,3738,0.34847286343574524,0
621,4106,0.35304200649261475,0
621,697,0.4099673926830292,0
621,2526,0.37620097398757935,0
621,3081,0.3410145044326782,0
621,1688,0.3295634686946869,0
621,2353,0.3504500687122345,0
621,2252,0.37533947825431824,0
621,3240,0.353824645280838,0
621,339,0.3249649405479431,0
621,2631,0.4338378608226776,0
621,3227,0.3644547462463379,0
621,3430,0.32308632135391235,0
621,314,0.3804268538951874,0
621,2741,0.34000974893569946,0
621,1798,0.34729456901550293,0
1076,1076,0.35234585404396057,1
1076,1401,0.3771592378616333,0
1076,349,0.37590911984443665,0
1076,3269,0.3666621446609497,0
1076,1681,0.39736542105674744,0
1076,3279,0.397737979888916,0
1076,908,0.42130106687545776,0
1076,2439,0.37704503536224365,0
1076,4009,0.35961028933525085,0
1076,2837,0.37711459398269653,0
1076,89,0.40171363949775696,0
1076,3029,0.3758167028427124,0
1076,449,0.37663212418556213,0
1076,1988,0.3901267647743225,0
1076,1299,0.3648374676704407,0
1076,3520,0.38179436326026917,0
1076,3803,0.36786702275276184,0
1076,3398,0.41427308320999146,0
1076,3604,0.3695155680179596,0
1076,324,0.3865927457809448,0
2045,2045,0.3948594033718109,1
2045,2470,0.36709511280059814,0
2045,1566,0.44157499074935913,0
2045,2845,0.3605656325817108,0
2045,145,0.40929391980171204,0
2045,3173,0.38717707991600037,0
2045,2980,0.36680367588996887,0
2045,512,0.42399489879608154,0
2045,1554,0.35331523418426514,0
2045,2605,0.36386311054229736,0
2045,2345,0.3378184735774994,0
2045,2552,0.4360305070877075,0
2045,3154,0.3788369596004486,0
2045,3485,0.36600613594055176,0
2045,3190,0.3720057010650635,0
2045,3022,0.4543488025665283,0
2045,1757,0.3655068874359131,0
2045,2971,0.3751915395259857,0
2045,1923,0.3757978677749634,0
2045,3474,0.35776790976524353,0
2494,2494,0.41439706087112427,1
2494,1407,0.37435227632522583,0
2494,3545,0.3667095899581909,0
2494,356,0.39054903388023376,0
2494,518,0.38145554065704346,0
2494,1541,0.4100262522697449,0
2494,3975,0.36003077030181885,0
2494,1359,0.3572191596031189,0
2494,3046,0.38843971490859985,0
2494,2637,0.39744406938552856,0
2494,3766,0.3721531629562378,0
2494,1131,0.36720600724220276,0
2494,1659,0.37899118661880493,0
2494,1583,0.42931240797042847,0
2494,3322,0.37370479106903076,0
2494,362,0.40053489804267883,0
2494,3270,0.38475310802459717,0
2494,2116,0.41577374935150146,0
2494,4051,0.3931170105934143,0
2494,116,0.45390835404396057,0
1056,1056,0.36554405093193054,1
1056,1141,0.40206292271614075,0
1056,720,0.3582557737827301,0
1056,297,0.4067314863204956,0
1056,327,0.35369741916656494,0
1056,2133,0.38407641649246216,0
1056,927,0.374210387468338,0
1056,1449,0.3653673827648163,0
1056,3122,0.36711734533309937,0
1056,2266,0.3928050696849823,0
1056,3151,0.3686518967151642,0
1056,944,0.375081330537796,0
1056,948,0.3578195571899414,0
1056,1563,0.37507638335227966,0
1056,1615,0.36185064911842346,0
1056,420,0.42134249210357666,0
1056,2363,0.39495542645454407,0
1056,3343,0.4094761908054352,0
1056,1394,0.37447237968444824,0
1056,2166,0.36957547068595886,0
2615,2615,0.3566867411136627,1
2615,770,0.39593079686164856,0
2615,311,0.3866616189479828,0
2615,1657,0.4454266428947449,0
2615,3039,0.3809714615345001,0
2615,169,0.40921029448509216,0
2615,1940,0.4001152217388153,0
2615,2222,0.41717347502708435,0
2615,3414,0.39240145683288574,0
2615,179,0.3566109240055084,0
2615,219,0.41222846508026123,0
2615,4056,0.3882107436656952,0
2615,32,0.3818846642971039,0
2615,1163,0.3704240322113037,0
2615,146,0.4664349853992462,0
2615,919,0.4307279586791992,0
2615,1015,0.38693833351135254,0
2615,478,0.3997332453727722,0
2615,2031,0.39072030782699585,0
2615,1771,0.37205833196640015,0
3297,3297,0.35591262578964233,1
3297,345,0.4233609139919281,0
3297,2190,0.3591862618923187,0
3297,325,0.38271647691726685,0
3297,3169,0.34140074253082275,0
3297,2397,0.42537716031074524,0
3297,3697,0.3720538020133972,0
3297,544,0.34336748719215393,0
3297,1217,0.41167524456977844,0
3297,698,0.4265662729740143,0
3297,783,0.3873230814933777,0
3297,1525,0.33637332916259766,0
3297,279,0.37693822383880615,0
3297,2866,0.4138299226760864,0
3297,1630,0.37246614694595337,0
3297,969,0.4080915153026581,0
3297,1722,0.3933054506778717,0
3297,2623,0.38690415024757385,0
3297,722,0.34724265336990356,0
3297,3627,0.3813757002353668,0
369,369,0.3643738627433777,1
369,421,0.3672464191913605,0
369,3009,0.3776269555091858,0
369,877,0.3772105574607849,0
369,1581,0.3513466715812683,0
369,485,0.45370790362358093,0
369,691,0.3982694149017334,0
369,84,0.40481308102607727,0
369,3223,0.3620949387550354,0
369,3083,0.37638258934020996,0
369,1735,0.35407310724258423,0
369,1113,0.4036349356174469,0
369,650,0.45926058292388916,0
369,2581,0.41358208656311035,0
369,1304,0.37315404415130615,0
369,1461,0.38934269547462463,0
369,2687,0.3675357699394226,0
369,1391,0.37490352988243103,0
369,3841,0.36306700110435486,0
369,3151,0.3692680597305298,0
443,443,0.40161919593811035,1
443,368,0.3753455877304077,0
443,3547,0.3792409598827362,0
443,3920,0.41631826758384705,0
443,2943,0.38955554366111755,0
443,1393,0.41536638140678406,0
443,914,0.38297194242477417,0
443,1760,0.3857010006904602,0
443,3028,0.38728049397468567,0
443,3112,0.4646725654602051,0
443,263,0.3802807927131653,0
443,585,0.4121834337711334,0
443,3882,0.36362916231155396,0
443,2369,0.40919753909111023,0
443,2267,0.3765150010585785,0
443,884,0.36824217438697815,0
443,1203,0.4117262065410614,0
443,1356,0.3870410621166229,0
443,3609,0.38016805052757263,0
443,3975,0.36111384630203247,0
1637,1637,0.37246283888816833,1
1637,3159,0.4078555107116699,0
1637,1247,0.37261006236076355,0
1637,1809,0.3993895947933197,0
1637,3442,0.36306971311569214,0
1637,2055,0.37932443618774414,0
1637,1893,0.3640356659889221,0
1637,1572,0.4205423593521118,0
1637,621,0.3726482391357422,0
1637,2054,0.3800792694091797,0
1637,793,0.3597954511642456,0
1637,3596,0.34862491488456726,0
1637,478,0.38972029089927673,0
1637,2925,0.35340848565101624,0
1637,3257,0.4316386878490448,0
1637,2104,0.4214348793029785,0
1637,608,0.41326209902763367,0
1637,1706,0.48127931356430054,0
1637,3200,0.3776939809322357,0
1637,619,0.4538845419883728,0
3840,3840,0.3584657907485962,1
3840,878,0.3989159166812897,0
3840,2582,0.4372825622558594,0
3840,3172,0.3433684706687927,0
3840,3099,0.3842722773551941,0
3840,563,0.40340301394462585,0
3840,3986,0.37328508496284485,0
3840,3730,0.3720221221446991,0
3840,428,0.5508138537406921,0
3840,3369,0.39610105752944946,0
3840,518,0.3837522566318512,0
3840,165,0.4674181044101715,0
3840,3544,0.369535356760025,0
3840,3276,0.3590642809867859,0
3840,1262,0.4000828266143799,0
3840,2748,0.34428736567497253,0
3840,187,0.42696481943130493,0
3840,2221,0.3695802092552185,0
3840,2678,0.383810430765152,0
3840,3977,0.3686107397079468,0
2720,2720,0.4806898832321167,1
2720,3878,0.36893710494041443,0
2720,1227,0.44700899720191956,0
2720,3481,0.4040165841579437,0
2720,1693,0.3750196099281311,0
2720,3995,0.3796882927417755,0
2720,488,0.383172869682312,0
2720,2215,0.39198926091194153,0
2720,2866,0.44893699884414673,0
2720,1411,0.4161199927330017,0
2720,2876,0.43555381894111633,0
2720,1442,0.4333604574203491,0
2720,1254,0.379671573638916,0
2720,200,0.43933212757110596,0
2720,2401,0.39404958486557007,0
2720,2820,0.39818716049194336,0
2720,1014,0.4257941246032715,0
2720,3993,0.3606511354446411,0
2720,2188,0.5298964381217957,0
2720,1162,0.3940128684043884,0
2776,2776,0.34485504031181335,1
2776,1538,0.5032256245613098,0
2776,1697,0.38423463702201843,0
2776,1230,0.3696386218070984,0
2776,3530,0.35615432262420654,0
2776,748,0.37049248814582825,0
2776,1747,0.4569728374481201,0
2776,2813,0.4192202687263489,0
2776,701,0.41255462169647217,0
2776,3586,0.37733733654022217,0
2776,2182,0.33895936608314514,0
2776,3950,0.352740615606308,0
2776,1077,0.36793890595436096,0
2776,2191,0.3792704939842224,0
2776,1792,0.42797255516052246,0
2776,1685,0.35266730189323425,0
2776,731,0.39407581090927124,0
2776,2049,0.3893123269081116,0
2776,2540,0.3428226113319397,0
2776,658,0.43441709876060486,0
145,145,0.4396924674510956,1
145,3121,0.39128828048706055,0
145,350,0.4728892743587494,0
145,839,0.42430001497268677,0
145,1824,0.39178359508514404,0
145,1613,0.3495174050331116,0
145,1219,0.3983985483646393,0
145,534,0.4191155433654785,0
145,3512,0.36673229932785034,0
145,2955,0.3969341516494751,0
145,1795,0.3743945062160492,0
145,3261,0.40394648909568787,0
145,3809,0.3575374484062195,0
145,3025,0.3932872414588928,0
145,3715,0.36213603615760803,0
145,37,0.445746511220932,0
145,470,0.4468579590320587,0
145,734,0.42037710547447205,0
145,859,0.3551960289478302,0
145,183,0.3669714331626892,0
999,999,0.3583694100379944,1
999,2182,0.3584344685077667,0
999,2953,0.4022892713546753,0
999,1959,0.3951519727706909,0
999,2225,0.421242892742157,0
999,3023,0.4323795437812805,0
999,2287,0.3736690282821655,0
999,1572,0.43857887387275696,0
999,499,0.3885535001754761,0
999,424,0.45817360281944275,0
999,3541,0.3438134491443634,0
999,167,0.3881664276123047,0
999,4099,0.3673490583896637,0
999,960,0.39752787351608276,0
999,3994,0.35958123207092285,0
999,3778,0.3712370693683624,0
999,3260,0.3973740041255951,0
999,2628,0.39332669973373413,0
999,890,0.3982337415218353,0
999,1556,0.4081632196903229,0
1975,1975,0.3829335868358612,1
1975,659,0.3471856117248535,0
1975,393,0.38383251428604126,0
1975,7,0.3665918707847595,0
1975,1333,0.35244327783584595,0
1975,2701,0.3894232511520386,0
1975,581,0.3964172601699829,0
1975,621,0.35712823271751404,0
1975,3289,0.37434399127960205,0
1975,847,0.36340975761413574,0
1975,1297,0.37174108624458313,0
1975,2860,0.36520618200302124,0
1975,1942,0.3575882017612457,0
1975,626,0.3948749899864197,0
1975,2819,0.3653859496116638,0
1975,2792,0.35285571217536926,0
1975,1247,0.3681977391242981,0
1975,122,0.4156649112701416,0
1975,347,0.4030906558036804,0
1975,1102,0.3490959703922272,0
30,30,0.3761187791824341,1
30,240,0.41644445061683655,0
30,2208,0.3999069035053253,0
30,1919,0.36168739199638367,0
30,3353,0.4432031512260437,0
30,291,0.4316959083080292,0
30,1534,0.38174596428871155,0
30,1967,0.41153985261917114,0
30,3048,0.3787596821784973,0
30,1922,0.3723640441894531,0
30,2031,0.392376571893692,0
30,621,0.373831182718277,0
30,1054,0.4113315939903259,0
30,3340,0.3833736777305603,0
30,2400,0.37639936804771423,0
30,1193,0.43163901567459106,0
30,3524,0.44346246123313904,0
30,2039,0.37835121154785156,0
30,2369,0.4038885533809662,0
30,613,0.3495572507381439,0
144,144,0.38126271963119507,1
144,1790,0.4117062985897064,0
144,2837,0.39200857281684875,0
144,3019,0.4030565023422241,0
144,2441,0.4031228721141815,0
144,987,0.41306090354919434,0
144,3187,0.41880202293395996,0
144,2831,0.39346545934677124,0
144,2492,0.41454246640205383,0
144,3933,0.41544872522354126,0
144,1530,0.4078778922557831,0
144,2022,0.39809316396713257,0
144,4173,0.3915952742099762,0
144,4063,0.38761305809020996,0
144,2784,0.3926396071910858,0
144,4150,0.4019460082054138,0
144,3380,0.410868763923645,0
144,3671,0.37770313024520874,0
144,3323,0.338502436876297,0
144,1744,0.3691481053829193,0
3119,3119,0.3579002022743225,1
3119,3852,0.35552138090133667,0
3119,594,0.39818137884140015,0
3119,2810,0.4880937337875366,0
3119,2357,0.34013059735298157,0
3119,3619,0.37042075395584106,0
3119,2599,0.40932732820510864,0
3119,3967,0.40298378467559814,0
3119,1460,0.386030912399292,0
3119,1449,0.35083770751953125,0
3119,3412,0.38617488741874695,0
3119,1483,0.3495080769062042,0
3119,1656,0.40462711453437805,0
3119,2965,0.3326013684272766,0
3119,1429,0.3558194041252136,0
3119,2980,0.35451948642730713,0
3119,3300,0.36374804377555847,0
3119,968,0.4461726248264313,0
3119,4048,0.4005937874317169,0
3119,896,0.3746856153011322,0
3975,3975,0.37508752942085266,1
3975,3566,0.37686511874198914,0
3975,1220,0.38129305839538574,0
3975,353,0.38509613275527954,0
3975,1914,0.3547496795654297,0
3975,697,0.46200743317604065,0
3975,4039,0.36908575892448425,0
3975,716,0.4181666970252991,0
3975,2079,0.41465461254119873,0
3975,4014,0.38395923376083374,0
3975,899,0.4501744210720062,0
3975,2299,0.38374796509742737,0
3975,1366,0.44425439834594727,0
3975,799,0.3787415325641632,0
3975,2966,0.3589656352996826,0
3975,1340,0.40184080600738525,0
3975,2122,0.387749582529068,0
3975,143,0.36924728751182556,0
3975,2708,0.3699357211589813,0
3975,3170,0.377082496881485,0
2340,2340,0.36202719807624817,1
2340,3076,0.37887927889823914,0
2340,2804,0.37790659070014954,0
2340,3975,0.3562845289707184,0
2340,816,0.39268019795417786,0
2340,2843,0.36212968826293945,0
2340,3735,0.3599872589111328,0
2340,3513,0.35291755199432373,0
2340,648,0.42213284969329834,0
2340,2643,0.3778242766857147,0
2340,3501,0.3622666895389557,0
2340,3830,0.34836190938949585,0
2340,938,0.37638816237449646,0
2340,1031,0.41415971517562866,0
2340,3853,0.39354631304740906,0
2340,3011,0.3691481351852417,0
2340,2618,0.3857322633266449,0
2340,3638,0.3570081889629364,0
2340,678,0.3619498014450073,0
2340,872,0.4481531083583832,0
1919,1919,0.35572749376296997,1
1919,3065,0.3550311326980591,0
1919,2639,0.42370012402534485,0
1919,362,0.41120144724845886,0
1919,4163,0.35076338052749634,0
1919,1595,0.39872077107429504,0
1919,1275,0.38974931836128235,0
1919,943,0.3849717080593109,0
1919,2573,0.35181280970573425,0
1919,2373,0.3819580376148224,0
1919,3217,0.38975638151168823,0
1919,3650,0.34437718987464905,0
1919,1098,0.37315014004707336,0
1919,208,0.3757791817188263,0
1919,3121,0.37666523456573486,0
1919,1783,0.39401909708976746,0
1919,529,0.403905987739563,0
1919,510,0.35151395201683044,0
1919,507,0.36718228459358215,0
1919,47,0.37302929162979126,0
2412,2412,0.36434802412986755,1
2412,2521,0.3580859899520874,0
2412,341,0.40917056798934937,0
2412,3936,0.37790125608444214,0
2412,3209,0.3911532461643219,0
2412,3488,0.33654019236564636,0
2412,1909,0.36483651399612427,0
2412,3484,0.3664540648460388,0
2412,794,0.3986879289150238,0
2412,4100,0.3585405647754669,0
2412,2908,0.3915741741657257,0
2412,480,0.4292501211166382,0
2412,4120,0.3741647005081177,0
2412,760,0.40653350949287415,0
2412,141,0.39873242378234863,0
2412,3157,0.3749488294124603,0
2412,199,0.47604528069496155,0
2412,3568,0.36371996998786926,0
2412,3809,0.36635154485702515,0
2412,2502,0.37405309081077576,0
2100,2100,0.37018337845802307,1
2100,941,0.40340909361839294,0
2100,2408,0.38680458068847656,0
2100,386,0.3378407657146454,0
2100,1677,0.3900770843029022,0
2100,2268,0.447899729013443,0
2100,2346,0.41410279273986816,0
2100,3455,0.3699825704097748,0
2100,1610,0.39031630754470825,0
2100,2896,0.38440582156181335,0
2100,1597,0.36215218901634216,0
2100,212,0.3385232090950012,0
2100,1744,0.3258627653121948,0
2100,3385,0.34870946407318115,0
2100,3696,0.4403018653392792,0
2100,3352,0.34446150064468384,0
2100,837,0.40688028931617737,0
2100,3553,0.33685097098350525,0
2100,3124,0.3466622829437256,0
2100,3244,0.3644648492336273,0
3571,3571,0.37566274404525757,1
3571,545,0.4318283796310425,0
3571,2928,0.3752395212650299,0
3571,1669,0.40980780124664307,0
3571,3584,0.3589693307876587,0
3571,4099,0.3778162896633148,0
3571,3366,0.35691317915916443,0
3571,3712,0.3716387450695038,0
3571,2793,0.3826754093170166,0
3571,331,0.38439857959747314,0
3571,214,0.43691495060920715,0
3571,957,0.38719844818115234,0
3571,3564,0.37054136395454407,0
3571,2510,0.4789584279060364,0
3571,1262,0.394714891910553,0
3571,3049,0.3965623080730438,0
3571,2933,0.4385974109172821,0
3571,3167,0.37659838795661926,0
3571,1069,0.38680461049079895,0
3571,2417,0.3822233974933624,0
933,933,0.3672656714916229,1
933,4106,0.34791648387908936,0
933,175,0.39733555912971497,0
933,2767,0.34407103061676025,0
933,3651,0.3612484633922577,0
933,3217,0.36579909920692444,0
933,1765,0.3581598997116089,0
933,1850,0.38384896516799927,0
933,570,0.3696444630622864,0
933,3372,0.3739369809627533,0
933,462,0.3617898225784302,0
933,3972,0.3661874234676361,0
933,981,0.39182379841804504,0
933,4095,0.36307647824287415,0
933,3092,0.367956280708313,0
933,2713,0.3948494791984558,0
933,548,0.3693590462207794,0
933,912,0.39265188574790955,0
933,2352,0.37185975909233093,0
933,2925,0.34015998244285583,0
3475,3475,0.3513743579387665,1
3475,2660,0.36922168731689453,0
3475,1922,0.3298991620540619,0
3475,403,0.4023021459579468,0
3475,1850,0.36952027678489685,0
3475,2091,0.331664502620697,0
3475,4154,0.36354297399520874,0
3475,1172,0.3734462261199951,0
3475,56,0.4106501638889313,0
3475,3945,0.3359481394290924,0
3475,3356,0.3515484929084778,0
3475,367,0.38871893286705017,0
3475,393,0.3498530089855194,0
3475,1599,0.3812010586261749,0
3475,1006,0.3594331741333008,0
3475,4102,0.3512641191482544,0
3475,2222,0.39032086730003357,0
3475,3891,0.3499838411808014,0
3475,3057,0.3639217019081116,0
3475,2711,0.42711901664733887,0
888,888,0.507422149181366,1
888,2133,0.38396286964416504,0
888,3450,0.38053417205810547,0
888,1195,0.37383195757865906,0
888,3679,0.3703768849372864,0
888,2364,0.4115860164165497,0
888,1446,0.378531813621521,0
888,364,0.3917335271835327,0
888,244,0.43211567401885986,0
888,1147,0.3861731290817261,0
888,2662,0.38516566157341003,0
888,2688,0.3878189027309418,0
888,891,0.4491773545742035,0
888,1913,0.391707181930542,0
888,190,0.44420936703681946,0
888,2747,0.38595059514045715,0
888,2640,0.36364656686782837,0
888,424,0.43698301911354065,0
888,2590,0.3913913369178772,0
888,3015,0.4393215775489807,0
2916,2916,0.36529794335365295,1
2916,2225,0.4020737409591675,0
2916,4023,0.3636719882488251,0
2916,576,0.3662535846233368,0
2916,2275,0.36638063192367554,0
2916,134,0.3748122751712799,0
2916,3684,0.3578869700431824,0
2916,3499,0.3476058542728424,0
2916,1360,0.41926977038383484,0
2916,2061,0.3634706139564514,0
2916,2233,0.41221708059310913,0
2916,3812,0.3718850314617157,0
2916,82,0.36754468083381653,0
2916,693,0.38690412044525146,0
2916,1123,0.36061447858810425,0
2916,135,0.3989538252353668,0
2916,2388,0.42806148529052734,0
2916,2222,0.4134312868118286,0
2916,47,0.35984519124031067,0
2916,3025,0.3745366632938385,0
3855,3855,0.4627513587474823,1
3855,2876,0.4045940935611725,0
3855,3537,0.377827525138855,0
3855,1002,0.38399675488471985,0
3855,2131,0.3822605013847351,0
3855,1916,0.3858005106449127,0
3855,2192,0.38571697473526,0
3855,341,0.40587878227233887,0
3855,3921,0.3694237768650055,0
3855,585,0.39580267667770386,0
3855,669,0.3812437653541565,0
3855,2189,0.41108599305152893,0
3855,2329,0.36586397886276245,0
3855,297,0.41237306594848633,0
3855,3388,0.37058866024017334,0
3855,663,0.3569824695587158,0
3855,1918,0.3888639807701111,0
3855,1266,0.3989274799823761,0
3855,316,0.4501534700393677,0
3855,4002,0.37484315037727356,0
1051,1051,0.5195029973983765,1
1051,621,0.36649274826049805,0
1051,3023,0.4293925166130066,0
1051,2449,0.3897171914577484,0
1051,99,0.42297136783599854,0
1051,2779,0.40561574697494507,0
1051,1092,0.38762030005455017,0
1051,208,0.38893386721611023,0
1051,1073,0.36455467343330383,0
1051,3526,0.37728145718574524,0
1051,546,0.36288169026374817,0
1051,2902,0.4054422378540039,0
1051,3279,0.3961450457572937,0
1051,2304,0.40424928069114685,0
1051,259,0.5371100306510925,0
1051,1216,0.391402006149292,0
1051,1930,0.38378849625587463,0
1051,3412,0.4154590368270874,0
1051,3807,0.3893689513206482,0
1051,1429,0.37860673666000366,0
295,295,0.3657434582710266,1
295,844,0.4451475739479065,0
295,1079,0.4282994270324707,0
295,798,0.40520718693733215,0
295,2248,0.38099753856658936,0
295,1485,0.40413233637809753,0
295,1891,0.40022993087768555,0
295,615,0.4165305495262146,0
295,3407,0.376453697681427,0
295,3137,0.4630594849586487,0
295,4128,0.4054684042930603,0
295,2636,0.38297855854034424,0
295,3846,0.34583574533462524,0
295,1644,0.4316314160823822,0
295,461,0.47663265466690063,0
295,1736,0.4301304817199707,0
295,123,0.4080805778503418,0
295,3758,0.381213515996933,0
295,1032,0.43634000420570374,0
295,1561,0.43102020025253296,0
3702,3702,0.3629131317138672,1
3702,234,0.3590259850025177,0
3702,2374,0.4091252088546753,0
3702,3032,0.38021743297576904,0
3702,3212,0.35249754786491394,0
3702,2803,0.3444846272468567,0
3702,962,0.3410396873950958,0
3702,3597,0.3672338128089905,0
3702,2135,0.36342498660087585,0
3702,517,0.4845145046710968,0
3702,2362,0.35719287395477295,0
3702,1807,0.39141756296157837,0
3702,3306,0.3898797929286957,0
3702,2665,0.36030635237693787,0
3702,507,0.35215136408805847,0
3702,2174,0.3692314624786377,0
3702,768,0.3872629404067993,0
3702,2750,0.38648566603660583,0
3702,3082,0.3907308280467987,0
3702,576,0.3525201082229614,0
3074,3074,0.39412111043930054,1
3074,1184,0.4091370105743408,0
3074,2700,0.4512094259262085,0
3074,1443,0.38798725605010986,0
3074,105,0.44109153747558594,0
3074,2783,0.36986827850341797,0
3074,2171,0.47363030910491943,0
3074,1201,0.3687358796596527,0
3074,2688,0.3653923273086548,0
3074,3514,0.4296002686023712,0
3074,1006,0.41647300124168396,0
3074,1961,0.39985156059265137,0
3074,3644,0.4116470515727997,0
3074,1684,0.36550047993659973,0
3074,3391,0.47931429743766785,0
3074,3643,0.3890543580055237,0
3074,2702,0.44488218426704407,0
3074,2187,0.37671127915382385,0
3074,2224,0.3938790261745453,0
3074,1859,0.398772656917572,0
4007,4007,0.3275139629840851,1
4007,2629,0.40035566687583923,0
4007,3619,0.36718493700027466,0
4007,2295,0.38109636306762695,0
4007,3375,0.3902412950992584,0
4007,1475,0.38850706815719604,0
4007,69,0.4459203779697418,0
4007,3959,0.3992639183998108,0
4007,823,0.37267830967903137,0
4007,1112,0.3928738832473755,0
4007,578,0.373207151889801,0
4007,3466,0.3532445728778839,0
4007,106,0.35556408762931824,0
4007,3403,0.3450179100036621,0
4007,2203,0.36563724279403687,0
4007,2922,0.3963816165924072,0
4007,2432,0.37539803981781006,0
4007,2654,0.37815919518470764,0
4007,71,0.408549964427948,0
4007,491,0.41916623711586,0
606,606,0.404117226600647,1
606,4113,0.38585004210472107,0
606,1762,0.3852248191833496,0
606,811,0.43589985370635986,0
606,3299,0.39854925870895386,0
606,3275,0.4315417408943176,0
606,4061,0.40200120210647583,0
606,3447,0.3750186562538147,0
606,3184,0.4282693862915039,0
606,3053,0.4067394733428955,0
606,319,0.42543280124664307,0
606,1050,0.4103899300098419,0
606,1152,0.41929957270622253,0
606,2872,0.35924267768859863,0
606,1512,0.44797587394714355,0
606,485,0.4875028431415558,0
606,3982,0.4202629625797272,0
606,283,0.4375773072242737,0
606,2142,0.3787807822227478,0
606,111,0.421699196100235,0
1932,1932,0.3616771101951599,1
1932,168,0.38571426272392273,0
1932,3794,0.3391600549221039,0
1932,3665,0.3258332312107086,0
1932,1256,0.345816969871521,0
1932,1652,0.38640111684799194,0
1932,4025,0.3390881419181824,0
1932,1991,0.35925477743148804,0
1932,4106,0.33665210008621216,0
1932,1370,0.3550627529621124,0
1932,196,0.35260140895843506,0
1932,178,0.3872271180152893,0
1932,3297,0.34485095739364624,0
1932,1190,0.3491130769252777,0
1932,1638,0.3985322415828705,0
1932,3444,0.33834049105644226,0
1932,3536,0.342190682888031,0
1932,704,0.40587568283081055,0
1932,514,0.32729586958885193,0
1932,143,0.36086851358413696,0
3205,3205,0.37157806754112244,1
3205,3480,0.33100074529647827,0
3205,3292,0.35152822732925415,0
3205,1650,0.38536325097084045,0
3205,1830,0.34615081548690796,0
3205,1878,0.35254961252212524,0
3205,1825,0.34491175413131714,0
3205,1971,0.37073156237602234,0
3205,3110,0.3445122539997101,0
3205,1145,0.4175814986228943,0
3205,2351,0.35828906297683716,0
3205,3238,0.3397047817707062,0
3205,3691,0.32346874475479126,0
3205,3420,0.34339314699172974,0
3205,3433,0.3842940032482147,0
3205,105,0.3922576606273651,0
3205,926,0.3665981590747833,0
3205,3003,0.36659368872642517,0
3205,120,0.35662615299224854,0
3205,3520,0.3475455045700073,0
16,16,0.41391226649284363,1
16,4005,0.41896945238113403,0
16,3695,0.39995598793029785,0
16,1616,0.4727756977081299,0
16,871,0.39906007051467896,0
16,3019,0.4163333773612976,0
16,1050,0.4002346992492676,0
16,875,0.38064372539520264,0
16,1060,0.40088674426078796,0
16,3042,0.44056951999664307,0
16,4131,0.4034697413444519,0
16,368,0.4168644845485687,0
16,3970,0.4118490219116211,0
16,725,0.41008856892585754,0
16,102,0.4435911774635315,0
16,3910,0.4084870219230652,0
16,841,0.4152410626411438,0
16,3389,0.3896883428096771,0
16,2563,0.3781455457210541,0
16,295,0.3719683587551117,0
54,54,0.36728188395500183,1
54,2531,0.38874009251594543,0
54,2748,0.3431287407875061,0
54,3168,0.40943899750709534,0
54,1179,0.393375039100647,0
54,2536,0.38827943801879883,0
54,2301,0.3971722722053528,0
54,2842,0.3973384499549866,0
54,1729,0.384209007024765,0
54,3976,0.3931344747543335,0
54,235,0.4220838248729706,0
54,1646,0.41476941108703613,0
54,2993,0.38661518692970276,0
54,3124,0.3659636378288269,0
54,4036,0.3469223976135254,0
54,454,0.40616899728775024,0
54,4080,0.36401310563087463,0
54,2430,0.38112643361091614,0
54,1629,0.4166247844696045,0
54,4049,0.3813653588294983,0
3969,3969,0.3985773026943207,1
3969,238,0.410701185464859,0
3969,2786,0.4491039216518402,0
3969,939,0.5292455554008484,0
3969,960,0.39909031987190247,0
3969,3832,0.3853117823600769,0
3969,3428,0.35815027356147766,0
3969,1698,0.39868757128715515,0
3969,811,0.3885107636451721,0
3969,4008,0.39191994071006775,0
3969,1124,0.37661853432655334,0
3969,2430,0.38441720604896545,0
3969,1194,0.38783472776412964,0
3969,1767,0.37959229946136475,0
3969,1252,0.3518250584602356,0
3969,4073,0.37336039543151855,0
3969,3486,0.38468366861343384,0
3969,1969,0.3970292806625366,0
3969,3720,0.3749604821205139,0
3969,1876,0.4195762574672699,0
3224,3224,0.37700358033180237,1
3224,1464,0.4509902596473694,0
3224,644,0.39135411381721497,0
3224,3683,0.39085888862609863,0
3224,3495,0.39667007327079773,0
3224,3535,0.35782262682914734,0
3224,1741,0.4267328679561615,0
3224,1561,0.4037971794605255,0
3224,2477,0.3906393349170685,0
3224,1278,0.499153733253479,0
3224,117,0.421764612197876,0
3224,2547,0.36141178011894226,0
3224,2485,0.44707760214805603,0
3224,2060,0.3737540543079376,0
3224,2016,0.37533822655677795,0
3224,478,0.3919289708137512,0
3224,3517,0.43444597721099854,0
3224,758,0.4191766381263733,0
3224,2638,0.3890731930732727,0
3224,3000,0.35571181774139404,0
1567,1567,0.35303670167922974,1
1567,3504,0.3859766125679016,0
1567,1269,0.34379738569259644,0
1567,965,0.4089478850364685,0
1567,1671,0.35252541303634644,0
1567,2981,0.3422055244445801,0
1567,3007,0.33869627118110657,0
1567,786,0.32007530331611633,0
1567,1652,0.3894595801830292,0
1567,309,0.3570116460323334,0
1567,2066,0.3508017659187317,0
1567,676,0.36554965376853943,0
1567,1170,0.3471773564815521,0
1567,912,0.4036736786365509,0
1567,1426,0.4009832739830017,0
1567,975,0.355331689119339,0
1567,1486,0.33666688203811646,0
1567,3844,0.3277037441730499,0
1567,756,0.3588368594646454,0
1567,1986,0.38387998938560486,0
3919,3919,0.3404023051261902,1
3919,3352,0.3594973683357239,0
3919,2577,0.37122419476509094,0
3919,3210,0.36160480976104736,0
3919,603,0.40244653820991516,0
3919,3368,0.3717995285987854,0
3919,105,0.4165484309196472,0
3919,141,0.3733803629875183,0
3919,1133,0.4249453544616699,0
3919,2595,0.38987985253334045,0
3919,1051,0.45133015513420105,0
3919,3898,0.40678516030311584,0
3919,2884,0.3528172969818115,0
3919,2862,0.35029107332229614,0
3919,878,0.4105449914932251,0
3919,3780,0.3547104001045227,0
3919,226,0.37685686349868774,0
3919,1994,0.4062672257423401,0
3919,3508,0.3656030595302582,0
3919,3839,0.33688947558403015,0
178,178,0.41630834341049194,1
178,2132,0.3596929609775543,0
178,1605,0.40246930718421936,0
178,1143,0.38734006881713867,0
178,2258,0.4178474545478821,0
178,3604,0.37308254837989807,0
178,3309,0.3730197250843048,0
178,1171,0.3986850380897522,0
178,2018,0.40377262234687805,0
178,1410,0.37413695454597473,0
178,3549,0.3607369065284729,0
178,30,0.351439893245697,0
178,3620,0.3567134141921997,0
178,3253,0.3697599768638611,0
178,1717,0.36274516582489014,0
178,933,0.36641573905944824,0
178,2744,0.3777124285697937,0
178,58,0.3691985011100769,0
178,3033,0.365535169839859,0
178,2507,0.36947697401046753,0
420,420,0.40437427163124084,1
420,2078,0.3709164261817932,0
420,3573,0.3628467619419098,0
420,2983,0.3725205957889557,0
420,1553,0.34788769483566284,0
420,1969,0.37058591842651367,0
420,3724,0.3519851565361023,0
420,3417,0.35790419578552246,0
420,725,0.38622286915779114,0
420,261,0.35373201966285706,0
420,1315,0.41394469141960144,0
420,3896,0.3656544089317322,0
420,1492,0.4259183704853058,0
420,3669,0.36663228273391724,0
420,1827,0.36494430899620056,0
420,666,0.3714357614517212,0
420,58,0.37347131967544556,0
420,3437,0.36685261130332947,0
420,3980,0.36182183027267456,0
420,2313,0.36070218682289124,0
1736,1736,0.3982563614845276,1
1736,3006,0.3933504819869995,0
1736,2791,0.43364718556404114,0
1736,2305,0.35039931535720825,0
1736,1959,0.402313232421875,0
1736,2529,0.36865290999412537,0
1736,1352,0.40420013666152954,0
1736,1833,0.40471288561820984,0
1736,224,0.41693949699401855,0
1736,1176,0.3929482698440552,0
1736,1215,0.46471941471099854,0
1736,4059,0.38756701350212097,0
1736,3654,0.40878304839134216,0
1736,2141,0.4091847240924835,0
1736,356,0.40228062868118286,0
1736,90,0.4781312346458435,0
1736,3849,0.37953391671180725,0
1736,1272,0.405704528093338,0
1736,1219,0.3760709762573242,0
1736,3150,0.3532623052597046,0
2446,2446,0.38729438185691833,1
2446,2484,0.3471515476703644,0
2446,4089,0.3570892810821533,0
2446,1353,0.32139769196510315,0
2446,816,0.41459041833877563,0
2446,2827,0.3530743718147278,0
2446,0,0.39641073346138,0
2446,1008,0.3898843824863434,0
2446,629,0.4155353307723999,0
2446,3201,0.3427736461162567,0
2446,3780,0.33850836753845215,0
2446,994,0.37001195549964905,0
2446,3116,0.39822080731391907,0
2446,2662,0.37258049845695496,0
2446,787,0.4051232933998108,0
2446,3752,0.36676308512687683,0
2446,3697,0.4209415316581726,0
2446,351,0.3516637980937958,0
2446,4094,0.365342378616333,0
2446,3434,0.3400101065635681,0
3179,3179,0.3543585538864136,1
3179,3570,0.3643248379230499,0
3179,3242,0.36674028635025024,0
3179,3138,0.40257978439331055,0
3179,702,0.39737430214881897,0
3179,2089,0.3824787735939026,0
3179,3071,0.39222240447998047,0
3179,766,0.3912009596824646,0
3179,1079,0.4182755649089813,0
3179,3619,0.3799843490123749,0
3179,3434,0.38032519817352295,0
3179,2911,0.3847774863243103,0
3179,1963,0.389758825302124,0
3179,300,0.3916265666484833,0
3179,877,0.39472004771232605,0
3179,2174,0.3674269914627075,0
3179,1187,0.37750399112701416,0
3179,104,0.43364042043685913,0
3179,3530,0.37554436922073364,0
3179,910,0.3630715310573578,0
1368,1368,0.3544188141822815,1
1368,3173,0.38887494802474976,0
1368,829,0.3701043426990509,0
1368,3648,0.35497358441352844,0
1368,3105,0.3672512471675873,0
1368,2820,0.3640274107456207,0
1368,1290,0.3727448880672455,0
1368,668,0.38383135199546814,0
1368,1664,0.3930162787437439,0
1368,420,0.40030837059020996,0
1368,2251,0.3703489899635315,0
1368,2426,0.3687721788883209,0
1368,2578,0.36467820405960083,0
1368,3983,0.3688098192214966,0
1368,3675,0.3953301012516022,0
1368,3088,0.3538792133331299,0
1368,726,0.36120423674583435,0
1368,117,0.3907893896102905,0
1368,2817,0.3728785812854767,0
1368,3114,0.3753601610660553,0
1327,1327,0.3890027105808258,1
1327,111,0.4087875485420227,0
1327,372,0.38603082299232483,0
1327,89,0.40263766050338745,0
1327,2895,0.33340680599212646,0
1327,2600,0.3833162784576416,0
1327,291,0.4274519085884094,0
1327,3213,0.3686031997203827,0
1327,2956,0.3836909830570221,0
1327,1574,0.45510730147361755,0
1327,2423,0.40601032972335815,0
1327,2383,0.39551010727882385,0
1327,3735,0.36437082290649414,0
1327,3318,0.3975154161453247,0
1327,777,0.4232199490070343,0
1327,12,0.41308140754699707,0
1327,1296,0.37237608432769775,0
1327,3475,0.33878445625305176,0
1327,3156,0.37356412410736084,0
1327,179,0.35388892889022827,0
1882,1882,0.3699814975261688,1
1882,2837,0.3956066370010376,0
1882,1153,0.3506576418876648,0
1882,3183,0.44228416681289673,0
1882,3353,0.4285557270050049,0
1882,3447,0.3652735948562622,0
1882,2624,0.3327406346797943,0
1882,3301,0.37956327199935913,0
1882,762,0.38589879870414734,0
1882,263,0.37891411781311035,0
1882,3729,0.39439427852630615,0
1882,1969,0.3828605115413666,0
1882,2043,0.3531804084777832,0
1882,186,0.34008580446243286,0
1882,2211,0.35488757491111755,0
1882,1904,0.37009119987487793,0
1882,345,0.45231926441192627,0
1882,1652,0.41715046763420105,0
1882,3958,0.36293715238571167,0
1882,1045,0.4331384301185608,0
3306,3306,0.4233745336532593,1
3306,436,0.3999365568161011,0
3306,2532,0.42150330543518066,0
3306,1583,0.4505896270275116,0
3306,433,0.3839542865753174,0
3306,905,0.45299944281578064,0
3306,404,0.46650969982147217,0
3306,2977,0.39400380849838257,0
3306,337,0.4330086410045624,0
3306,240,0.43873050808906555,0
3306,1096,0.38582146167755127,0
3306,2752,0.3918665051460266,0
3306,885,0.39639583230018616,0
3306,3994,0.3774343729019165,0
3306,967,0.38067346811294556,0
3306,227,0.3537505567073822,0
3306,2036,0.5088292360305786,0
3306,2816,0.3652220666408539,0
3306,1847,0.38623836636543274,0
3306,2210,0.3693740963935852,0
2841,2841,0.38395532965660095,1
2841,3470,0.3784588873386383,0
2841,3310,0.43870264291763306,0
2841,1365,0.4725368320941925,0
2841,3479,0.3958478271961212,0
2841,66,0.39744120836257935,0
2841,394,0.4270285964012146,0
2841,2085,0.3638029992580414,0
2841,580,0.42794081568717957,0
2841,650,0.4965633153915405,0
2841,2915,0.36987459659576416,0
2841,829,0.38281503319740295,0
2841,1772,0.3521997034549713,0
2841,856,0.4605644941329956,0
2841,2863,0.40095850825309753,0
2841,399,0.4245312809944153,0
2841,3653,0.38185596466064453,0
2841,1269,0.37961819767951965,0
2841,675,0.4516719579696655,0
2841,307,0.4174351096153259,0
508,508,0.4203389883041382,1
508,2908,0.39593425393104553,0
508,3161,0.3985082805156708,0
508,3925,0.38049831986427307,0
508,3980,0.3986034393310547,0
508,3260,0.4038371443748474,0
508,649,0.4435039162635803,0
508,2444,0.39783212542533875,0
508,1500,0.41463184356689453,0
508,869,0.41694337129592896,0
508,3534,0.3953131437301636,0
508,128,0.38441002368927,0
508,1944,0.431779682636261,0
508,2336,0.38997191190719604,0
508,1022,0.3862972855567932,0
508,1770,0.39617910981178284,0
508,2969,0.40836066007614136,0
508,3524,0.4947911500930786,0
508,3753,0.38790565729141235,0
508,2035,0.3949624300003052,0
3612,3612,0.36791545152664185,1
3612,2285,0.37859970331192017,0
3612,4016,0.36164140701293945,0
3612,280,0.366885781288147,0
3612,3044,0.3625189960002899,0
3612,2775,0.4163309633731842,0
3612,2466,0.3990451693534851,0
3612,3376,0.4007328748703003,0
3612,1962,0.41790714859962463,0
3612,153,0.39346960186958313,0
3612,1064,0.32718440890312195,0
3612,1976,0.3854333460330963,0
3612,2916,0.3657936453819275,0
3612,1478,0.3613661229610443,0
3612,3501,0.3736984133720398,0
3612,3405,0.3826116621494293,0
3612,3827,0.3728265166282654,0
3612,452,0.3774357736110687,0
3612,2854,0.36202383041381836,0
3612,3445,0.372550904750824,0
962,962,0.36067143082618713,1
962,609,0.41207361221313477,0
962,2080,0.3954325318336487,0
962,2406,0.3607494831085205,0
962,80,0.3982880115509033,0
962,2598,0.3937586545944214,0
962,720,0.36418548226356506,0
962,1700,0.40878376364707947,0
962,574,0.44297048449516296,0
962,923,0.39102885127067566,0
962,83,0.38585811853408813,0
962,297,0.41281658411026,0
962,1721,0.364147424697876,0
962,1542,0.37147167325019836,0
962,2593,0.3904668986797333,0
962,1038,0.3608427047729492,0
962,1422,0.4648563861846924,0
962,2479,0.41008785367012024,0
962,126,0.3818085789680481,0
962,2481,0.37197986245155334,0
3637,3637,0.3632712960243225,1
3637,4176,0.35847237706184387,0
3637,1911,0.40454259514808655,0
3637,3670,0.40140119194984436,0
3637,1570,0.4497632086277008,0
3637,915,0.37885475158691406,0
3637,2371,0.38954487442970276,0
3637,1799,0.3879533112049103,0
3637,3332,0.3765711188316345,0
3637,1749,0.4149649143218994,0
3637,3221,0.35844022035598755,0
3637,1447,0.4485582411289215,0
3637,992,0.38424843549728394,0
3637,738,0.3881264626979828,0
3637,3413,0.3879599869251251,0
3637,2997,0.36099252104759216,0
3637,468,0.38190358877182007,0
3637,1132,0.35737061500549316,0
3637,4160,0.3491072952747345,0
3637,255,0.4101581573486328,0
3432,3432,0.3962421715259552,1
3432,1201,0.3857792615890503,0
3432,1249,0.39397239685058594,0
3432,1427,0.4670329689979553,0
3432,108,0.36636701226234436,0
3432,2906,0.3692029118537903,0
3432,3184,0.4196058213710785,0
3432,1759,0.4114634394645691,0
3432,2349,0.4138942062854767,0
3432,3972,0.39483779668807983,0
3432,647,0.4040253162384033,0
3432,2787,0.39270320534706116,0
3432,71,0.44549238681793213,0
3432,1671,0.3958834409713745,0
3432,759,0.40072983503341675,0
3432,3428,0.3694493770599365,0
3432,4046,0.40028324723243713,0
3432,3663,0.5034154057502747,0
3432,3657,0.37653180956840515,0
3432,1228,0.3939439654350281,0
3021,3021,0.34037208557128906,1
3021,3874,0.3663468658924103,0
3021,3929,0.37832215428352356,0
3021,2847,0.36116018891334534,0
3021,274,0.376733660697937,0
3021,1146,0.3941575288772583,0
3021,3185,0.34249448776245117,0
3021,813,0.367823988199234,0
3021,537,0.4414672255516052,0
3021,1268,0.34195610880851746,0
3021,1016,0.3375529646873474,0
3021,136,0.42795881628990173,0
3021,1044,0.3909624516963959,0
3021,1810,0.41484495997428894,0
3021,180,0.34514522552490234,0
3021,1017,0.3581165075302124,0
3021,2893,0.364382803440094,0
3021,2779,0.37113457918167114,0
3021,328,0.4311838448047638,0
3021,2,0.34828513860702515,0
2524,2524,0.4025510251522064,1
2524,2548,0.4017855226993561,0
2524,4101,0.4002256989479065,0
2524,2297,0.48162317276000977,0
2524,2777,0.3727707862854004,0
2524,1312,0.4471922218799591,0
2524,3439,0.36053842306137085,0
2524,2593,0.41436174511909485,0
2524,2629,0.4095527231693268,0
2524,333,0.4014563262462616,0
2524,3292,0.3907388746738434,0
2524,1461,0.40275734663009644,0
2524,789,0.3734118342399597,0
2524,2809,0.41652119159698486,0
2524,2371,0.4072158932685852,0
2524,614,0.4381813108921051,0
2524,3881,0.3884907364845276,0
2524,1233,0.4780503511428833,0
2524,164,0.4635462164878845,0
2524,1979,0.3734954297542572,0
4025,4025,0.36575648188591003,1
4025,3885,0.36625319719314575,0
4025,1585,0.506076455116272,0
4025,229,0.4532678723335266,0
4025,1773,0.3886331617832184,0
4025,935,0.3876812756061554,0
4025,371,0.364205926656723,0
4025,1375,0.4246378242969513,0
4025,752,0.4334268867969513,0
4025,62,0.3919302225112915,0
4025,1586,0.38189488649368286,0
4025,3903,0.3380962908267975,0
4025,798,0.3649054765701294,0
4025,1465,0.4105982184410095,0
4025,2346,0.42112910747528076,0
4025,569,0.38499540090560913,0
4025,2957,0.3907521665096283,0
4025,1982,0.3465275168418884,0
4025,155,0.39390093088150024,0
4025,147,0.4989720284938812,0
3326,3326,0.4202873706817627,1
3326,3485,0.375139057636261,0
3326,2916,0.3770069479942322,0
3326,1322,0.4121067523956299,0
3326,204,0.42517489194869995,0
3326,4175,0.3919561207294464,0
3326,1112,0.43154749274253845,0
3326,2660,0.41444480419158936,0
3326,2896,0.38806843757629395,0
3326,2292,0.3891383707523346,0
3326,2094,0.3808329701423645,0
3326,335,0.47024664282798767,0
3326,3793,0.39280930161476135,0
3326,2004,0.3810562789440155,0
3326,3679,0.38226059079170227,0
3326,2164,0.40990081429481506,0
3326,2261,0.4352240264415741,0
3326,3982,0.40284979343414307,0
3326,960,0.40180501341819763,0
3326,552,0.39959007501602173,0
155,155,0.37191665172576904,1
155,2631,0.44714951515197754,0
155,2798,0.4074927866458893,0
155,2762,0.35168734192848206,0
155,3918,0.3453073501586914,0
155,3188,0.37189963459968567,0
155,3418,0.34323617815971375,0
155,275,0.3752312958240509,0
155,1465,0.37915605306625366,0
155,2060,0.35558661818504333,0
155,3023,0.37669870257377625,0
155,844,0.42622148990631104,0
155,2347,0.36304259300231934,0
155,1429,0.3617863655090332,0
155,4070,0.3438129127025604,0
155,332,0.3562996983528137,0
155,1032,0.37560492753982544,0
155,3791,0.3656020164489746,0
155,3620,0.35911789536476135,0
155,3302,0.3509959876537323,0
578,578,0.4091811776161194,1
578,3267,0.39648422598838806,0
578,1268,0.3518604338169098,0
578,2481,0.3658883273601532,0
578,3788,0.37162062525749207,0
578,3643,0.3572119176387787,0
578,3376,0.39271509647369385,0
578,1394,0.3634687662124634,0
578,2500,0.3616001009941101,0
578,2257,0.36868080496788025,0
578,1618,0.34631794691085815,0
578,1814,0.3839358985424042,0
578,868,0.395035058259964,0
578,2347,0.3623781204223633,0
578,1842,0.3708611726760864,0
578,950,0.39647552371025085,0
578,2087,0.416008859872818,0
578,4094,0.37505966424942017,0
578,597,0.40376830101013184,0
578,787,0.3949018120765686,0
1315,1315,0.4356541633605957,1
1315,617,0.3699635863304138,0
1315,3942,0.4093976318836212,0
1315,1572,0.44575437903404236,0
1315,3188,0.39788898825645447,0
1315,64,0.3942745327949524,0
1315,746,0.4429100453853607,0
1315,2866,0.44742250442504883,0
1315,489,0.4276379942893982,0
1315,559,0.3818996846675873,0
1315,432,0.4284213185310364,0
1315,3712,0.38612523674964905,0
1315,4146,0.3692012131214142,0
1315,2998,0.4750743508338928,0
1315,941,0.4714054465293884,0
1315,2328,0.41475895047187805,0
1315,2535,0.4393659830093384,0
1315,1691,0.3804665803909302,0
1315,17,0.438427597284317,0
1315,1802,0.40657222270965576,0
4178,4178,0.40520232915878296,1
4178,777,0.45481637120246887,0
4178,1862,0.4029146730899811,0
4178,1064,0.35701680183410645,0
4178,1131,0.3787429928779602,0
4178,848,0.482127845287323,0
4178,1211,0.4111078679561615,0
4178,1998,0.40843725204467773,0
4178,306,0.45275992155075073,0
4178,1230,0.4218325912952423,0
4178,221,0.3918112516403198,0
4178,2641,0.3836241662502289,0
4178,3664,0.391671746969223,0
4178,332,0.3967425227165222,0
4178,1376,0.48008406162261963,0
4178,3771,0.38962042331695557,0
4178,3631,0.39795055985450745,0
4178,1251,0.43698954582214355,0
4178,68,0.3891117572784424,0
4178,1187,0.38620853424072266,0
2341,2341,0.37353259325027466,1
2341,2386,0.4121161997318268,0
2341,1579,0.4228127896785736,0
2341,2354,0.36844196915626526,0
2341,3630,0.39085301756858826,0
2341,511,0.3918059170246124,0
2341,302,0.45981499552726746,0
2341,1126,0.3619035482406616,0
2341,3753,0.37515971064567566,0
2341,2805,0.3638213872909546,0
2341,3709,0.37301772832870483,0
2341,3992,0.36518239974975586,0
2341,3723,0.36523759365081787,0
2341,909,0.39112144708633423,0
2341,2207,0.36033111810684204,0
2341,1519,0.37595558166503906,0
2341,3273,0.36235472559928894,0
2341,1292,0.4056723415851593,0
2341,3306,0.4298062026500702,0
2341,2295,0.3833228647708893,0
3788,3788,0.3979243040084839,1
3788,1794,0.39797142148017883,0
3788,318,0.5710521936416626,0
3788,3732,0.36854079365730286,0
3788,1704,0.44815489649772644,0
3788,1875,0.40191325545310974,0
3788,477,0.4055726230144501,0
3788,687,0.4139893054962158,0
3788,3447,0.40273934602737427,0
3788,1438,0.443437397480011,0
3788,195,0.4339733421802521,0
3788,1319,0.40008872747421265,0
3788,558,0.3988046646118164,0
3788,1498,0.42029228806495667,0
3788,2593,0.387340784072876,0
3788,3043,0.42347395420074463,0
3788,3868,0.40489208698272705,0
3788,2712,0.4104641079902649,0
3788,3453,0.3937574625015259,0
3788,1291,0.3852716088294983,0
1964,1964,0.3542644679546356,1
1964,4122,0.36230871081352234,0
1964,2575,0.4389019012451172,0
1964,2246,0.39243441820144653,0
1964,844,0.38932275772094727,0
1964,407,0.362745463848114,0
1964,2042,0.3813025951385498,0
1964,2200,0.35891884565353394,0
1964,1597,0.3544827401638031,0
1964,1541,0.4117516875267029,0
1964,3411,0.36098599433898926,0
1964,570,0.40718987584114075,0
1964,3384,0.3589158058166504,0
1964,266,0.3408782482147217,0
1964,4097,0.36720010638237,0
1964,3108,0.35997045040130615,0
1964,1623,0.35210511088371277,0
1964,1507,0.36133527755737305,0
1964,1504,0.3984818458557129,0
1964,1256,0.35136693716049194,0
3664,3664,0.3716249167919159,1
3664,1082,0.403059184551239,0
3664,1240,0.4418380856513977,0
3664,1635,0.3847145736217499,0
3664,3237,0.3981131911277771,0
3664,65,0.4399905204772949,0
3664,434,0.40521925687789917,0
3664,4098,0.39451101422309875,0
3664,3652,0.4213017225265503,0
3664,1649,0.3806736171245575,0
3664,3667,0.3602084815502167,0
3664,2262,0.4383472502231598,0
3664,1924,0.37093859910964966,0
3664,949,0.37109196186065674,0
3664,4111,0.3560293912887573,0
3664,642,0.3841586709022522,0
3664,3041,0.38695693016052246,0
3664,1508,0.37618735432624817,0
3664,2135,0.36789771914482117,0
3664,1572,0.46222934126853943,0
910,910,0.3319411873817444,1
910,2153,0.3468906879425049,0
910,3873,0.3641377091407776,0
910,2435,0.3471258878707886,0
910,1533,0.36037203669548035,0
910,313,0.38665467500686646,0
910,2050,0.40302780270576477,0
910,3348,0.36513859033584595,0
910,2747,0.3767629563808441,0
910,2063,0.34454429149627686,0
910,676,0.37591490149497986,0
910,719,0.3917410671710968,0
910,1343,0.3552795350551605,0
910,3766,0.3411622941493988,0
910,2401,0.351696252822876,0
910,478,0.35773539543151855,0
910,3974,0.3522486984729767,0
910,1788,0.36183592677116394,0
910,1101,0.3924139738082886,0
910,3306,0.38338935375213623,0
121,121,0.46467238664627075,1
121,739,0.4555831253528595,0
121,2273,0.4212721884250641,0
121,1895,0.4572397768497467,0
121,610,0.46292537450790405,0
121,1470,0.3933006823062897,0
121,1197,0.4555947482585907,0
121,2554,0.36847370862960815,0
121,3987,0.43134748935699463,0
121,3079,0.4366609454154968,0
121,2402,0.43966788053512573,0
121,3366,0.3803720772266388,0
121,703,0.42645367980003357,0
121,4052,0.3900877833366394,0
121,2106,0.4269540011882782,0
121,419,0.39550384879112244,0
121,1473,0.4019656777381897,0
121,2994,0.4464057683944702,0
121,2504,0.41201552748680115,0
121,3280,0.4098201394081116,0
3377,3377,0.37255859375,1
3377,1598,0.39081528782844543,0
3377,553,0.45276084542274475,0
3377,3977,0.38796377182006836,0
3377,666,0.38726598024368286,0
3377,360,0.38395848870277405,0
3377,1990,0.3919376730918884,0
3377,2225,0.405089408159256,0
3377,748,0.3856765627861023,0
3377,175,0.4179316759109497,0
3377,3466,0.374515563249588,0
3377,3373,0.40398699045181274,0
3377,840,0.4031650722026825,0
3377,3454,0.3746927082538605,0
3377,2679,0.4214220643043518,0
3377,4002,0.3840946555137634,0
3377,3436,0.36018556356430054,0
3377,1634,0.4439276158809662,0
3377,752,0.4734378159046173,0
3377,1925,0.37013059854507446,0
3120,3120,0.3789144456386566,1
3120,2153,0.3638995885848999,0
3120,1172,0.40120843052864075,0
3120,3697,0.4245983958244324,0
3120,305,0.3798005282878876,0
3120,1272,0.39573538303375244,0
3120,3874,0.40387430787086487,0
3120,94,0.4693468511104584,0
3120,693,0.3931204080581665,0
3120,1206,0.46823275089263916,0
3120,2318,0.4583665728569031,0
3120,2170,0.4225284457206726,0
3120,169,0.4238225221633911,0
3120,3798,0.3906989097595215,0
3120,4156,0.3730705976486206,0
3120,1502,0.3794175088405609,0
3120,1894,0.4192107915878296,0
3120,2632,0.4018029570579529,0
3120,1964,0.3509446084499359,0
3120,2700,0.4469088613986969,0
895,895,0.38414356112480164,1
895,2904,0.39713701605796814,0
895,416,0.3757875859737396,0
895,1905,0.41325506567955017,0
895,4174,0.3703378736972809,0
895,1406,0.39844611287117004,0
895,4006,0.3627493381500244,0
895,505,0.44252070784568787,0
895,1230,0.3970080614089966,0
895,2549,0.45588037371635437,0
895,405,0.48410025238990784,0
895,1176,0.3735387623310089,0
895,2564,0.45637649297714233,0
895,1875,0.40547260642051697,0
895,4036,0.3734373152256012,0
895,2693,0.3857751488685608,0
895,3429,0.4058750569820404,0
895,3971,0.38707539439201355,0
895,209,0.41212958097457886,0
895,3595,0.3727990388870239,0
2104,2104,0.44092074036598206,1
2104,2317,0.3835567235946655,0
2104,2964,0.36427778005599976,0
2104,1588,0.3696848154067993,0
2104,3046,0.3845423460006714,0
2104,3356,0.3759901821613312,0
2104,3923,0.37030139565467834,0
2104,1730,0.3684665560722351,0
2104,1087,0.3849492371082306,0
2104,1579,0.44199666380882263,0
2104,583,0.4113086462020874,0
2104,2619,0.37687361240386963,0
2104,1562,0.41697660088539124,0
2104,2046,0.39933261275291443,0
2104,4092,0.38355502486228943,0
2104,1298,0.4153742492198944,0
2104,683,0.4169046878814697,0
2104,4128,0.35955581068992615,0
2104,2691,0.3950102627277374,0
2104,1110,0.36891406774520874,0
3321,3321,0.36691758036613464,1
3321,154,0.3977552056312561,0
3321,624,0.39039501547813416,0
3321,1262,0.3941991329193115,0
3321,3668,0.3870566487312317,0
3321,3596,0.34606075286865234,0
3321,560,0.385447233915329,0
3321,1608,0.3411736488342285,0
3321,3236,0.33371564745903015,0
3321,1886,0.33596864342689514,0
3321,3367,0.4350014925003052,0
3321,3538,0.331409752368927,0
3321,3607,0.35402894020080566,0
3321,2678,0.35670173168182373,0
3321,1813,0.3477402329444885,0
3321,814,0.40819162130355835,0
3321,765,0.3903130888938904,0
3321,505,0.3981983959674835,0
3321,2600,0.3433481454849243,0
3321,3569,0.36325570940971375,0
2315,2315,0.4240375757217407,1
2315,1791,0.40964850783348083,0
2315,397,0.46912291646003723,0
2315,1120,0.34873056411743164,0
2315,862,0.3780951201915741,0
2315,2549,0.4254237711429596,0
2315,1344,0.3488606810569763,0
2315,103,0.376424103975296,0
2315,2814,0.3631594479084015,0
2315,2983,0.3510724902153015,0
2315,56,0.4283241629600525,0
2315,2911,0.3483102321624756,0
2315,1941,0.3675203323364258,0
2315,1584,0.4210602045059204,0
2315,3234,0.3563949763774872,0
2315,1636,0.39789772033691406,0
2315,3961,0.3682663142681122,0
2315,1451,0.4131447970867157,0
2315,2795,0.3839455544948578,0
2315,182,0.35897377133369446,0
1055,1055,0.36625897884368896,1
1055,3531,0.41956207156181335,0
1055,2064,0.4071064889431,0
1055,181,0.4279707372188568,0
1055,4056,0.3947872519493103,0
1055,2942,0.4155457019805908,0
1055,1995,0.4183318316936493,0
1055,1282,0.4855516850948334,0
1055,3767,0.4057118892669678,0
1055,1815,0.43462008237838745,0
1055,789,0.3947238028049469,0
1055,3431,0.42853716015815735,0
1055,3021,0.3779858946800232,0
1055,763,0.4765852093696594,0
1055,2885,0.38825878500938416,0
1055,1653,0.42375409603118896,0
1055,3853,0.41296952962875366,0
1055,1547,0.43997615575790405,0
1055,1109,0.39123255014419556,0
1055,3868,0.4003964364528656,0
709,709,0.34564194083213806,1
709,2395,0.4096775949001312,0
709,3799,0.3684653043746948,0
709,692,0.3726773262023926,0
709,2371,0.392015278339386,0
709,1804,0.3581521511077881,0
709,2856,0.3699648082256317,0
709,607,0.3465157747268677,0
709,2249,0.40610024333000183,0
709,286,0.3926645517349243,0
709,1761,0.3785777986049652,0
709,3352,0.3633407950401306,0
709,274,0.3900606632232666,0
709,249,0.46313759684562683,0
709,1436,0.39945852756500244,0
709,2789,0.4659615159034729,0
709,2818,0.3648099899291992,0
709,3986,0.3690927028656006,0
709,2562,0.40715929865837097,0
709,1327,0.3754318058490753,0
504,504,0.3868106007575989,1
504,2378,0.36866268515586853,0
504,127,0.37413290143013,0
504,1651,0.4073135256767273,0
504,629,0.4046468436717987,0
504,3486,0.37547680735588074,0
504,3673,0.40133237838745117,0
504,307,0.3992708921432495,0
504,2684,0.42401161789894104,0
504,688,0.35620981454849243,0
504,2692,0.40524759888648987,0
504,423,0.4026314914226532,0
504,524,0.38932523131370544,0
504,2131,0.3931543231010437,0
504,532,0.3727918267250061,0
504,2449,0.3742075264453888,0
504,2053,0.4112222194671631,0
504,700,0.4170221984386444,0
504,2042,0.38425159454345703,0
504,2821,0.37016522884368896,0
3111,3111,0.40820708870887756,1
3111,2886,0.3791842758655548,0
3111,3269,0.3952887952327728,0
3111,4102,0.38804125785827637,0
3111,1093,0.46788400411605835,0
3111,2638,0.4082116484642029,0
3111,206,0.3830467164516449,0
3111,1751,0.38343507051467896,0
3111,1463,0.5013657808303833,0
3111,2266,0.3931766152381897,0
3111,21,0.4148423969745636,0
3111,3507,0.3660927414894104,0
3111,2604,0.3871265649795532,0
3111,2125,0.3970186710357666,0
3111,2543,0.44636231660842896,0
3111,2382,0.40674394369125366,0
3111,553,0.46204695105552673,0
3111,316,0.4006067216396332,0
3111,3201,0.37021154165267944,0
3111,3497,0.3902891278266907,0
3688,3688,0.3594900071620941,1
3688,1612,0.39165130257606506,0
3688,974,0.37463176250457764,0
3688,112,0.3844597041606903,0
3688,3094,0.37143564224243164,0
3688,12,0.4418220520019531,0
3688,2129,0.397229939699173,0
3688,479,0.4511038661003113,0
3688,110,0.385732501745224,0
3688,2244,0.40782782435417175,0
3688,2926,0.34355488419532776,0
3688,3913,0.3606128990650177,0
3688,1,0.4419030249118805,0
3688,3674,0.363115131855011,0
3688,3242,0.346895694732666,0
3688,1095,0.36977332830429077,0
3688,2091,0.35492947697639465,0
3688,3627,0.3924432694911957,0
3688,680,0.44919782876968384,0
3688,1167,0.3752179443836212,0
3791,3791,0.3572264611721039,1
3791,2656,0.35325753688812256,0
3791,1587,0.3744438588619232,0
3791,3266,0.3531140387058258,0
3791,4131,0.35609039664268494,0
3791,2422,0.37785768508911133,0
3791,2300,0.4461108446121216,0
3791,3664,0.3627355396747589,0
3791,309,0.37384602427482605,0
3791,2408,0.38141441345214844,0
3791,1018,0.3667546212673187,0
3791,822,0.3445274829864502,0
3791,2633,0.371069997549057,0
3791,2297,0.4936593174934387,0
3791,3510,0.35336315631866455,0
3791,1223,0.39598941802978516,0
3791,24,0.3900637626647949,0
3791,861,0.37139028310775757,0
3791,3523,0.37239930033683777,0
3791,2107,0.36385485529899597,0
1889,1889,0.4015165865421295,1
1889,4041,0.3714323043823242,0
1889,1196,0.3858892321586609,0
1889,186,0.3409419357776642,0
1889,3252,0.461002916097641,0
1889,217,0.3745531439781189,0
1889,3243,0.3926107585430145,0
1889,816,0.4107513427734375,0
1889,3622,0.3832484483718872,0
1889,3308,0.3802327513694763,0
1889,3651,0.3755197525024414,0
1889,624,0.4017568826675415,0
1889,2382,0.41330307722091675,0
1889,3824,0.4074113667011261,0
1889,634,0.3916456699371338,0
1889,257,0.3739689290523529,0
1889,3844,0.34776365756988525,0
1889,2603,0.3650273084640503,0
1889,1977,0.4337697923183441,0
1889,1702,0.3652492165565491,0
3576,3576,0.44562268257141113,1
3576,2724,0.38966619968414307,0
3576,3302,0.39164817333221436,0
3576,183,0.3606431186199188,0
3576,2814,0.36287617683410645,0
3576,959,0.38927772641181946,0
3576,2927,0.428589791059494,0
3576,564,0.392679899930954,0
3576,1763,0.3744592070579529,0
3576,1244,0.3791382312774658,0
3576,2947,0.38726237416267395,0
3576,1936,0.3739410936832428,0
3576,3434,0.3764437437057495,0
3576,3420,0.3846868574619293,0
3576,440,0.4276326298713684,0
3576,2005,0.43287724256515503,0
3576,2016,0.38633981347084045,0
3576,1708,0.4386884868144989,0
3576,131,0.4415525496006012,0
3576,2551,0.34846046566963196,0
1427,1427,0.45370256900787354,1
1427,1108,0.4413470923900604,0
1427,3620,0.3744830787181854,0
1427,2452,0.4468228816986084,0
1427,3679,0.36138904094696045,0
1427,1164,0.36829251050949097,0
1427,2428,0.4388183355331421,0
1427,3806,0.4023071825504303,0
1427,627,0.457254022359848,0
1427,3387,0.3874548077583313,0
1427,3684,0.3602217137813568,0
1427,1148,0.40754684805870056,0
1427,647,0.4033614695072174,0
1427,3407,0.35649845004081726,0
1427,2847,0.3796187937259674,0
1427,846,0.3736625015735626,0
1427,582,0.40825513005256653,0
1427,1444,0.3862084448337555,0
1427,1585,0.4614905118942261,0
1427,3026,0.3935168981552124,0
1163,1163,0.36939743161201477,1
1163,3135,0.3724181056022644,0
1163,173,0.3885806202888489,0
1163,293,0.3704339563846588,0
1163,2160,0.3661682605743408,0
1163,1077,0.37223926186561584,0
1163,1594,0.34665271639823914,0
1163,1162,0.3639766573905945,0
1163,91,0.3437282145023346,0
1163,2098,0.3680654466152191,0
1163,3249,0.3797055184841156,0
1163,998,0.3728715777397156,0
1163,452,0.36676615476608276,0
1163,34,0.34999582171440125,0
1163,4009,0.34912675619125366,0
1163,1246,0.43589672446250916,0
1163,2442,0.39895856380462646,0
1163,1135,0.38984090089797974,0
1163,2547,0.36000877618789673,0
1163,3484,0.35918882489204407,0
1846,1846,0.3568454086780548,1
1846,54,0.4029448926448822,0
1846,1782,0.3715536594390869,0
1846,3458,0.4400702118873596,0
1846,713,0.4155851900577545,0
1846,1456,0.3859667479991913,0
1846,2294,0.371468186378479,0
1846,3814,0.44502022862434387,0
1846,1,0.41722702980041504,0
1846,2478,0.40535837411880493,0
1846,2479,0.43553560972213745,0
1846,1640,0.4941563606262207,0
1846,1826,0.36231088638305664,0
1846,3524,0.4449068307876587,0
1846,785,0.38430389761924744,0
1846,3970,0.38799047470092773,0
1846,2079,0.4337446391582489,0
1846,2477,0.38784554600715637,0
1846,1352,0.393415629863739,0
1846,1778,0.36323127150535583,0
2743,2743,0.37604841589927673,1
2743,2634,0.38927799463272095,0
2743,3675,0.41365620493888855,0
2743,1105,0.42536279559135437,0
2743,860,0.4215557277202606,0
2743,3917,0.3556895852088928,0
2743,2899,0.4156992435455322,0
2743,3262,0.37025678157806396,0
2743,3158,0.4091576933860779,0
2743,2094,0.35941025614738464,0
2743,455,0.41893312335014343,0
2743,3557,0.3890919089317322,0
2743,351,0.36484235525131226,0
2743,3520,0.3847610056400299,0
2743,4011,0.40133750438690186,0
2743,3921,0.37756475806236267,0
2743,2862,0.3729023039340973,0
2743,2694,0.3784356117248535,0
2743,1811,0.37099987268447876,0
2743,2043,0.3554563522338867,0
4031,4031,0.3597995340824127,1
4031,1619,0.4554474651813507,0
4031,1785,0.3800230622291565,0
4031,4062,0.3838914632797241,0
4031,3402,0.3808804154396057,0
4031,3279,0.4088418185710907,0
4031,1736,0.3855656385421753,0
4031,435,0.39591512084007263,0
4031,3584,0.3602145314216614,0
4031,1673,0.45022666454315186,0
4031,1850,0.39979127049446106,0
4031,2706,0.36494067311286926,0
4031,3674,0.3570398688316345,0
4031,1783,0.3939591348171234,0
4031,1559,0.3890027701854706,0
4031,855,0.44658148288726807,0
4031,1054,0.42378219962120056,0
4031,3963,0.3816901445388794,0
4031,2772,0.3557060956954956,0
4031,3007,0.34486764669418335,0
873,873,0.36225512623786926,1
873,3370,0.40402495861053467,0
873,515,0.3768536448478699,0
873,3104,0.38792699575424194,0
873,1659,0.38466677069664,0
873,2117,0.40216565132141113,0
873,1256,0.36417195200920105,0
873,594,0.4078103005886078,0
873,4093,0.3794848322868347,0
873,547,0.41001954674720764,0
873,1016,0.37904277443885803,0
873,2826,0.40009641647338867,0
873,528,0.4024985730648041,0
873,1923,0.40257108211517334,0
873,404,0.4608612060546875,0
873,587,0.43713316321372986,0
873,469,0.3755528926849365,0
873,50,0.38873106241226196,0
873,2920,0.357534795999527,0
873,2793,0.3938494324684143,0
2956,2956,0.3813287615776062,1
2956,661,0.38653814792633057,0
2956,3370,0.38515499234199524,0
2956,3378,0.3748370409011841,0
2956,3153,0.36833399534225464,0
2956,1615,0.35045596957206726,0
2956,2843,0.3561863303184509,0
2956,866,0.42322835326194763,0
2956,293,0.3832652270793915,0
2956,1784,0.34535208344459534,0
2956,3050,0.3580627143383026,0
2956,2411,0.3667689263820648,0
2956,1091,0.36078590154647827,0
2956,2449,0.3668445646762848,0
2956,2169,0.34268873929977417,0
2956,769,0.3837462067604065,0
2956,3656,0.3546999394893646,0
2956,113,0.3800004720687866,0
2956,3237,0.3877258896827698,0
2956,3889,0.3836837708950043,0
1521,1521,0.3810722529888153,1
1521,3060,0.34743818640708923,0
1521,4120,0.3599890470504761,0
1521,1099,0.3736698031425476,0
1521,2166,0.3592733144760132,0
1521,2592,0.3573189377784729,0
1521,3936,0.3660432994365692,0
1521,721,0.38431310653686523,0
1521,696,0.4418223202228546,0
1521,2763,0.368339478969574,0
1521,1381,0.42422914505004883,0
1521,2942,0.36977866291999817,0
1521,2497,0.4025789201259613,0
1521,672,0.3694925606250763,0
1521,3508,0.37287867069244385,0
1521,507,0.3667515218257904,0
1521,2416,0.4066843092441559,0
1521,3410,0.37681880593299866,0
1521,1913,0.40024101734161377,0
1521,2164,0.3790252208709717,0
2925,2925,0.34118062257766724,1
2925,3093,0.38061314821243286,0
2925,1550,0.4052116870880127,0
2925,1960,0.4080476760864258,0
2925,1126,0.3601449429988861,0
2925,4171,0.3463124930858612,0
2925,2657,0.3667084276676178,0
2925,2313,0.3836469352245331,0
2925,1731,0.3733851909637451,0
2925,3460,0.40658411383628845,0
2925,706,0.44786524772644043,0
2925,606,0.3581266403198242,0
2925,3130,0.356316477060318,0
2925,1286,0.4133942127227783,0
2925,1154,0.39821818470954895,0
2925,1297,0.3533444404602051,0
2925,1477,0.35965025424957275,0
2925,3685,0.3294544219970703,0
2925,3832,0.3540436029434204,0
2925,1352,0.3731136918067932,0
2783,2783,0.35061144828796387,1
2783,1304,0.37422072887420654,0
2783,3178,0.3664606511592865,0
2783,1479,0.3397420346736908,0
2783,2995,0.34429752826690674,0
2783,3323,0.32592660188674927,0
2783,1301,0.38861387968063354,0
2783,662,0.39845648407936096,0
2783,336,0.39452722668647766,0
2783,1331,0.37006330490112305,0
2783,3871,0.357723206281662,0
2783,2735,0.353036493062973,0
2783,768,0.3924718499183655,0
2783,3430,0.34237971901893616,0
2783,1504,0.3915298581123352,0
2783,2211,0.35596728324890137,0
2783,22,0.38219118118286133,0
2783,3574,0.4102976322174072,0
2783,1087,0.3624110221862793,0
2783,3452,0.35961416363716125,0
3955,3955,0.36391621828079224,1
3955,3881,0.385612815618515,0
3955,958,0.3890779912471771,0
3955,1722,0.40035587549209595,0
3955,2916,0.35999009013175964,0
3955,2838,0.47112563252449036,0
3955,3027,0.3793410658836365,0
3955,292,0.35512644052505493,0
3955,2580,0.3482479453086853,0
3955,2396,0.38079550862312317,0
3955,751,0.3736039400100708,0
3955,1024,0.3936414122581482,0
3955,1772,0.3411099314689636,0
3955,1550,0.4609055817127228,0
3955,273,0.4030112028121948,0
3955,394,0.42258089780807495,0
3955,1832,0.3835690915584564,0
3955,5,0.45750537514686584,0
3955,673,0.3721809685230255,0
3955,31,0.36588630080223083,0
1234,1234,0.3812219798564911,1
1234,2818,0.3855355978012085,0
1234,2902,0.43207961320877075,0
1234,1900,0.3867837190628052,0
1234,2136,0.3812118470668793,0
1234,444,0.3932129740715027,0
1234,2663,0.4468005299568176,0
1234,2929,0.3777305483818054,0
1234,487,0.42393508553504944,0
1234,1515,0.4182092249393463,0
1234,210,0.3760681748390198,0
1234,3699,0.44031986594200134,0
1234,1724,0.40856418013572693,0
1234,2422,0.4076390862464905,0
1234,3945,0.3811861276626587,0
1234,23,0.41449472308158875,0
1234,1540,0.3993910849094391,0
1234,1723,0.43453556299209595,0
1234,1385,0.3793245553970337,0
1234,1434,0.41322454810142517,0
112,112,0.3849271833896637,1
112,240,0.4116438627243042,0
112,764,0.35420265793800354,0
112,3014,0.3440287411212921,0
112,3760,0.36767488718032837,0
112,3716,0.370572566986084,0
112,321,0.40329355001449585,0
112,1582,0.3889176845550537,0
112,3224,0.3684792220592499,0
112,1613,0.33948057889938354,0
112,1088,0.357673317193985,0
112,2165,0.3807176947593689,0
112,1922,0.36159172654151917,0
112,2796,0.4187282621860504,0
112,2166,0.369168221950531,0
112,894,0.4195843040943146,0
112,1561,0.4291546940803528,0
112,546,0.3580302298069,0
112,794,0.38953423500061035,0
112,3065,0.3600315749645233,0
3826,3826,0.3467361629009247,1
3826,3573,0.3572567105293274,0
3826,2473,0.4457317590713501,0
3826,2646,0.3670928180217743,0
3826,3558,0.36284399032592773,0
3826,2868,0.3485988974571228,0
3826,2094,0.343755841255188,0
3826,390,0.4230431318283081,0
3826,3500,0.3620193898677826,0
3826,2629,0.40186676383018494,0
3826,2272,0.36564120650291443,0
3826,377,0.4129866361618042,0
3826,2411,0.38561707735061646,0
3826,3924,0.3333587646484375,0
3826,3788,0.3776123523712158,0
3826,2124,0.40156736969947815,0
3826,3086,0.3439350724220276,0
3826,3435,0.3458717167377472,0
3826,2254,0.3615443706512451,0
3826,2286,0.4019562304019928,0
4123,4123,0.3749188482761383,1
4123,1928,0.37375807762145996,0
4123,270,0.36191147565841675,0
4123,2526,0.4420928955078125,0
4123,2760,0.39199498295783997,0
4123,635,0.3930956721305847,0
4123,2038,0.36127638816833496,0
4123,3216,0.39102450013160706,0
4123,653,0.45294103026390076,0
4123,3666,0.354783833026886,0
4123,1339,0.38206198811531067,0
4123,4134,0.3755339980125427,0
4123,2407,0.41682612895965576,0
4123,2455,0.3572978973388672,0
4123,3199,0.3764597475528717,0
4123,1912,0.38286900520324707,0
4123,39,0.36770591139793396,0
4123,1647,0.4277336895465851,0
4123,1141,0.4117357134819031,0
4123,174,0.3828325569629669,0
208,208,0.4009126126766205,1
208,3404,0.4655746817588806,0
208,1964,0.3741932213306427,0
208,405,0.4616634249687195,0
208,3097,0.38505247235298157,0
208,2844,0.397976815700531,0
208,1695,0.38134220242500305,0
208,341,0.43185779452323914,0
208,194,0.3883029520511627,0
208,3525,0.39107853174209595,0
208,3433,0.4397459626197815,0
208,4090,0.37481674551963806,0
208,2762,0.39042675495147705,0
208,1351,0.41561633348464966,0
208,3535,0.3708018958568573,0
208,3796,0.38100114464759827,0
208,3341,0.39680543541908264,0
208,3547,0.41485708951950073,0
208,953,0.42803245782852173,0
208,3804,0.4099440574645996,0
3605,3605,0.3625209629535675,1
3605,2074,0.41351038217544556,0
3605,3338,0.3540577292442322,0
3605,1396,0.40748825669288635,0
3605,2015,0.38050612807273865,0
3605,3296,0.3612738251686096,0
3605,1973,0.3890366554260254,0
3605,1940,0.3741789758205414,0
3605,2032,0.40868470072746277,0
3605,1721,0.36557936668395996,0
3605,2583,0.39379608631134033,0
3605,3287,0.37390655279159546,0
3605,1131,0.35952553153038025,0
3605,1497,0.40271103382110596,0
3605,1540,0.3934468626976013,0
3605,2413,0.3665061891078949,0
3605,3176,0.38677850365638733,0
3605,1578,0.37599456310272217,0
3605,452,0.3782845437526703,0
3605,2613,0.3516092300415039,0
3667,3667,0.3451813757419586,1
3667,1627,0.3948174715042114,0
3667,1575,0.3656146228313446,0
3667,4098,0.3715583384037018,0
3667,2770,0.33701321482658386,0
3667,418,0.33133426308631897,0
3667,45,0.34881591796875,0
3667,3982,0.3593500554561615,0
3667,2138,0.4042763411998749,0
3667,2605,0.33946922421455383,0
3667,3437,0.3355143368244171,0
3667,822,0.3289003074169159,0
3667,3292,0.3501323461532593,0
3667,1128,0.3562440574169159,0
3667,2320,0.3552546203136444,0
3667,3021,0.3341044783592224,0
3667,75,0.398761510848999,0
3667,4044,0.3508065640926361,0
3667,420,0.37819045782089233,0
3667,2646,0.33979836106300354,0
2844,2844,0.3808514177799225,1
2844,1052,0.37351158261299133,0
2844,3956,0.37773528695106506,0
2844,962,0.3579215407371521,0
2844,2807,0.43209171295166016,0
2844,4093,0.368678480386734,0
2844,1592,0.38116446137428284,0
2844,677,0.3471639156341553,0
2844,2638,0.3889762759208679,0
2844,481,0.38809651136398315,0
2844,498,0.4229224920272827,0
2844,3169,0.3629631996154785,0
2844,617,0.35086214542388916,0
2844,1002,0.3801816701889038,0
2844,2252,0.4204002618789673,0
2844,2857,0.38393890857696533,0
2844,2091,0.3652504086494446,0
2844,3566,0.36335843801498413,0
2844,596,0.36791208386421204,0
2844,1175,0.34184157848358154,0
2578,2578,0.366873174905777,1
2578,2429,0.3700728118419647,0
2578,424,0.4255666136741638,0
2578,3880,0.41370224952697754,0
2578,3588,0.3713285028934479,0
2578,1114,0.40471699833869934,0
2578,3532,0.4095538258552551,0
2578,1009,0.4360957443714142,0
2578,678,0.3585188090801239,0
2578,2773,0.41057834029197693,0
2578,1809,0.3976072072982788,0
2578,3541,0.3348842263221741,0
2578,716,0.39298516511917114,0
2578,2251,0.35776451230049133,0
2578,925,0.3634125292301178,0
2578,3470,0.3691224753856659,0
2578,1893,0.3480912446975708,0
2578,3535,0.34122300148010254,0
2578,3984,0.34983453154563904,0
2578,588,0.3910393714904785,0
314,314,0.4000934660434723,1
314,731,0.3798469305038452,0
314,4026,0.3655007481575012,0
314,1159,0.42672693729400635,0
314,399,0.4115091860294342,0
314,1087,0.3527209162712097,0
314,2317,0.36126282811164856,0
314,3181,0.3866419196128845,0
314,3455,0.386629194021225,0
314,2216,0.3885819911956787,0
314,1497,0.40149986743927,0
314,864,0.36948832869529724,0
314,923,0.3624266982078552,0
314,143,0.36771461367607117,0
314,3024,0.36151084303855896,0
314,1208,0.3624149560928345,0
314,403,0.4312206506729126,0
314,50,0.36205431818962097,0
314,3141,0.38421404361724854,0
314,330,0.3912383019924164,0
1750,1750,0.3886629343032837,1
1750,1511,0.4155016541481018,0
1750,1354,0.4449227750301361,0
1750,956,0.45584535598754883,0
1750,1744,0.37548038363456726,0
1750,3524,0.4853990375995636,0
1750,2354,0.400642454624176,0
1750,74,0.4026573896408081,0
1750,1227,0.4678996503353119,0
1750,2154,0.4235279858112335,0
1750,750,0.41915395855903625,0
1750,1575,0.4169146418571472,0
1750,234,0.40769287943840027,0
1750,1056,0.38310977816581726,0
1750,4009,0.38598737120628357,0
1750,3165,0.43759578466415405,0
1750,4086,0.39408236742019653,0
1750,601,0.4640111029148102,0
1750,1356,0.4417520761489868,0
1750,3224,0.3992522656917572,0
3923,3923,0.356377512216568,1
3923,1512,0.40262091159820557,0
3923,2248,0.36320239305496216,0
3923,2736,0.33131349086761475,0
3923,215,0.42406901717185974,0
3923,2052,0.42316287755966187,0
3923,3838,0.37095558643341064,0
3923,1629,0.41289106011390686,0
3923,1168,0.33233368396759033,0
3923,3066,0.39989298582077026,0
3923,1095,0.3789118528366089,0
3923,2429,0.3575599193572998,0
3923,2873,0.32605886459350586,0
3923,922,0.4544016718864441,0
3923,569,0.3688102066516876,0
3923,1848,0.4184439480304718,0
3923,3034,0.36705344915390015,0
3923,3780,0.3543773591518402,0
3923,1013,0.3569295406341553,0
3923,45,0.36553603410720825,0
3732,3732,0.36762872338294983,1
3732,452,0.3707447946071625,0
3732,218,0.3761571943759918,0
3732,1422,0.4582752585411072,0
3732,59,0.4105284512042999,0
3732,1290,0.37711822986602783,0
3732,1951,0.3649712800979614,0
3732,1407,0.34340664744377136,0
3732,1446,0.3664734363555908,0
3732,743,0.4310046434402466,0
3732,3142,0.35452020168304443,0
3732,2529,0.3534433841705322,0
3732,2973,0.3902636170387268,0
3732,1520,0.4592118561267853,0
3732,3269,0.3586992025375366,0
3732,803,0.39647412300109863,0
3732,2693,0.36231529712677,0
3732,843,0.41299983859062195,0
3732,4152,0.3611019551753998,0
3732,3506,0.3854650855064392,0
1414,1414,0.34151139855384827,1
1414,3294,0.3583734929561615,0
1414,4134,0.33775147795677185,0
1414,2755,0.3573853373527527,0
1414,4121,0.32984504103660583,0
1414,489,0.3979916572570801,0
1414,473,0.3813754916191101,0
1414,3392,0.31917184591293335,0
1414,2863,0.35704028606414795,0
1414,1895,0.3540326952934265,0
1414,1505,0.432137668132782,0
1414,3014,0.31959596276283264,0
1414,3057,0.3398957848548889,0
1414,3878,0.32931602001190186,0
1414,379,0.4061525762081146,0
1414,1399,0.45027196407318115,0
1414,1793,0.36098021268844604,0
1414,628,0.33014893531799316,0
1414,3442,0.3398829698562622,0
1414,2611,0.34503012895584106,0
3130,3130,0.3478041887283325,1
3130,1899,0.4044026732444763,0
3130,881,0.414372056722641,0
3130,2860,0.36785876750946045,0
3130,4029,0.354321151971817,0
3130,1301,0.38079220056533813,0
3130,2254,0.35473528504371643,0
3130,483,0.37871822714805603,0
3130,3865,0.36363863945007324,0
3130,831,0.4045788049697876,0
3130,3658,0.38566887378692627,0
3130,3166,0.3639567494392395,0
3130,1299,0.3495374023914337,0
3130,1852,0.355554461479187,0
3130,833,0.42605236172676086,0
3130,2339,0.39824673533439636,0
3130,1734,0.3690706789493561,0
3130,891,0.41040536761283875,0
3130,182,0.36682239174842834,0
3130,3812,0.3583168387413025,0
3777,3777,0.3602307438850403,1
3777,3116,0.430313378572464,0
3777,4107,0.37479501962661743,0
3777,685,0.47207844257354736,0
3777,1017,0.38556337356567383,0
3777,3893,0.3784213364124298,0
3777,942,0.37367331981658936,0
3777,1697,0.3881228268146515,0
3777,3440,0.35585349798202515,0
3777,3723,0.38069742918014526,0
3777,4142,0.37346354126930237,0
3777,358,0.38742518424987793,0
3777,1743,0.3778848648071289,0
3777,3654,0.4078216254711151,0
3777,1168,0.34672629833221436,0
3777,1112,0.4090680480003357,0
3777,3545,0.36741524934768677,0
3777,1682,0.4159137010574341,0
3777,1799,0.4103415310382843,0
3777,1476,0.38182830810546875,0
3542,3542,0.3838960826396942,1
3542,1671,0.37824782729148865,0
3542,3920,0.41143500804901123,0
3542,3639,0.39069831371307373,0
3542,504,0.3877440094947815,0
3542,3050,0.36674100160598755,0
3542,1333,0.3778659701347351,0
3542,2768,0.4047406017780304,0
3542,903,0.43261605501174927,0
3542,3156,0.3686053454875946,0
3542,3637,0.37843185663223267,0
3542,214,0.4440893530845642,0
3542,2849,0.433608740568161,0
3542,1899,0.4109877347946167,0
3542,1940,0.38937029242515564,0
3542,702,0.3924742341041565,0
3542,3537,0.385684609413147,0
3542,2893,0.3913407325744629,0
3542,2411,0.397000789642334,0
3542,2524,0.3985999822616577,0
2004,2004,0.36757466197013855,1
2004,1486,0.38744327425956726,0
2004,1290,0.39997398853302,0
2004,4103,0.3727829158306122,0
2004,1798,0.3727284073829651,0
2004,3883,0.390281617641449,0
2004,3054,0.36822429299354553,0
2004,597,0.393576979637146,0
2004,3442,0.3477669656276703,0
2004,2526,0.460000604391098,0
2004,2384,0.40004000067710876,0
2004,2117,0.4199139475822449,0
2004,2731,0.3658495247364044,0
2004,2515,0.41804227232933044,0
2004,2877,0.3507368564605713,0
2004,2870,0.3614464998245239,0
2004,305,0.3997657597064972,0
2004,1451,0.4001854360103607,0
2004,2899,0.4131085276603699,0
2004,181,0.40829765796661377,0
2557,2557,0.371463805437088,1
2557,267,0.35767459869384766,0
2557,2274,0.39378318190574646,0
2557,2107,0.3640216588973999,0
2557,1099,0.3723454773426056,0
2557,3175,0.3610474467277527,0
2557,2644,0.4131436347961426,0
2557,1923,0.3912601172924042,0
2557,363,0.3962574601173401,0
2557,2119,0.3784235119819641,0
2557,1306,0.43167829513549805,0
2557,307,0.3974014222621918,0
2557,2543,0.4031129479408264,0
2557,2175,0.3528473377227783,0
2557,505,0.39288774132728577,0
2557,1599,0.3832961618900299,0
2557,3966,0.3307052552700043,0
2557,3312,0.3737679123878479,0
2557,1697,0.40775102376937866,0
2557,3065,0.34820759296417236,0
3768,3768,0.34804078936576843,1
3768,3110,0.35911181569099426,0
3768,2157,0.3833039402961731,0
3768,1664,0.35782796144485474,0
3768,3639,0.3638575077056885,0
3768,2140,0.357109397649765,0
3768,4047,0.3479871451854706,0
3768,3230,0.3414151966571808,0
3768,1243,0.3791738450527191,0
3768,3457,0.36629268527030945,0
3768,2957,0.3663218021392822,0
3768,3435,0.3359116017818451,0
3768,1126,0.35569772124290466,0
3768,3566,0.3453826308250427,0
3768,3539,0.35806307196617126,0
3768,3481,0.37831801176071167,0
3768,2807,0.3926016092300415,0
3768,3631,0.3415444791316986,0
3768,3344,0.35333922505378723,0
3768,3088,0.3376730680465698,0
3957,3957,0.347452849149704,1
3957,4034,0.3732728958129883,0
3957,2302,0.3898175060749054,0
3957,1084,0.41676968336105347,0
3957,3293,0.36380764842033386,0
3957,4042,0.337763249874115,0
3957,555,0.37856122851371765,0
3957,2046,0.3941802978515625,0
3957,4124,0.365879088640213,0
3957,115,0.40154650807380676,0
3957,1203,0.40159302949905396,0
3957,2339,0.4148384630680084,0
3957,3705,0.38623878359794617,0
3957,1633,0.39527636766433716,0
3957,924,0.3946784734725952,0
3957,2833,0.385794460773468,0
3957,3215,0.49121761322021484,0
3957,3865,0.3792725205421448,0
3957,81,0.3966483771800995,0
3957,4004,0.3584693372249603,0
4113,4113,0.3461354970932007,1
4113,3849,0.35069286823272705,0
4113,3731,0.35690176486968994,0
4113,2034,0.35293319821357727,0
4113,3044,0.36928820610046387,0
4113,1132,0.3490557074546814,0
4113,1430,0.3706026077270508,0
4113,1718,0.3647680878639221,0
4113,168,0.3816882371902466,0
4113,3016,0.37605929374694824,0
4113,2980,0.3526413142681122,0
4113,3732,0.34953778982162476,0
4113,385,0.44282451272010803,0
4113,639,0.44136330485343933,0
4113,2,0.35825639963150024,0
4113,1250,0.4368008077144623,0
4113,3428,0.340138703584671,0
4113,4,0.34280234575271606,0
4113,944,0.3650366961956024,0
4113,183,0.34661874175071716,0
2122,2122,0.3878343999385834,1
2122,2330,0.39184486865997314,0
2122,3944,0.38695991039276123,0
2122,516,0.44427451491355896,0
2122,4166,0.37142908573150635,0
2122,2456,0.3902163505554199,0
2122,1378,0.39910244941711426,0
2122,1993,0.3778837323188782,0
2122,1035,0.41720491647720337,0
2122,1739,0.4289630055427551,0
2122,85,0.42525747418403625,0
2122,3347,0.37165215611457825,0
2122,498,0.40083569288253784,0
2122,4070,0.3532724976539612,0
2122,1231,0.4220433533191681,0
2122,847,0.3752562999725342,0
2122,2210,0.36970648169517517,0
2122,492,0.4154890775680542,0
2122,3478,0.38246792554855347,0
2122,547,0.39824378490448,0
3859,3859,0.38555172085762024,1
3859,2819,0.3933187425136566,0
3859,3676,0.37707310914993286,0
3859,2640,0.35553404688835144,0
3859,2310,0.3981245756149292,0
3859,1082,0.43314316868782043,0
3859,2475,0.38052842020988464,0
3859,3551,0.3959311246871948,0
3859,2793,0.3769127130508423,0
3859,3454,0.36684751510620117,0
3859,1475,0.4067656695842743,0
3859,1554,0.3666614592075348,0
3859,3843,0.40339788794517517,0
3859,1641,0.42661991715431213,0
3859,43,0.39744600653648376,0
3859,1488,0.3683263063430786,0
3859,585,0.3917679190635681,0
3859,538,0.4032345414161682,0
3859,3467,0.39576202630996704,0
3859,92,0.3846883177757263,0
3743,3743,0.4074265658855438,1
3743,3920,0.4020552337169647,0
3743,1504,0.4090329110622406,0
3743,3122,0.3625338077545166,0
3743,3064,0.34608566761016846,0
3743,728,0.40047091245651245,0
3743,3569,0.3767359256744385,0
3743,374,0.3754596412181854,0
3743,812,0.44231048226356506,0
3743,237,0.37960878014564514,0
3743,3477,0.4028196334838867,0
3743,1788,0.38697853684425354,0
3743,2179,0.3877754211425781,0
3743,25,0.3617883622646332,0
3743,1490,0.3715366721153259,0
3743,562,0.4218619465827942,0
3743,2556,0.36374276876449585,0
3743,1417,0.3671415448188782,0
3743,1414,0.3558706045150757,0
3743,3589,0.3811814785003662,0
200,200,0.40187695622444153,1
200,2658,0.38943246006965637,0
200,1050,0.37577036023139954,0
200,1460,0.37978672981262207,0
200,1428,0.37741467356681824,0
200,2296,0.3850071430206299,0
200,1930,0.36683687567710876,0
200,1577,0.4014889597892761,0
200,1457,0.38877981901168823,0
200,2773,0.41153982281684875,0
200,224,0.41528207063674927,0
200,2995,0.35114240646362305,0
200,3949,0.39540255069732666,0
200,46,0.4363279342651367,0
200,494,0.3644952178001404,0
200,477,0.367990106344223,0
200,895,0.3477380573749542,0
200,12,0.42446160316467285,0
200,1427,0.437407910823822,0
200,1144,0.47697728872299194,0
3110,3110,0.3640342056751251,1
3110,2309,0.3752092719078064,0
3110,3990,0.3446885347366333,0
3110,1597,0.36170727014541626,0
3110,1987,0.34740501642227173,0
3110,2178,0.36303892731666565,0
3110,3760,0.36560118198394775,0
3110,2831,0.3526150584220886,0
3110,4027,0.3737017810344696,0
3110,1436,0.3994622826576233,0
3110,1191,0.34261029958724976,0
3110,4054,0.3479919731616974,0
3110,3302,0.3594891428947449,0
3110,3250,0.3445468246936798,0
3110,1546,0.3745490610599518,0
3110,3263,0.3789190649986267,0
3110,3993,0.3386208713054657,0
3110,963,0.3686816096305847,0
3110,1359,0.35019874572753906,0
3110,3014,0.3369361460208893,0
196,196,0.36444568634033203,1
196,1746,0.41303378343582153,0
196,3863,0.4294547438621521,0
196,1638,0.420073926448822,0
196,3603,0.3952694535255432,0
196,2426,0.37133216857910156,0
196,2071,0.4002593457698822,0
196,726,0.35803213715553284,0
196,1467,0.37685292959213257,0
196,3419,0.34859251976013184,0
196,2308,0.375957727432251,0
196,1656,0.399169921875,0
196,3253,0.3828660845756531,0
196,1110,0.36796048283576965,0
196,2572,0.37841135263442993,0
196,3078,0.4056742787361145,0
196,3216,0.3929401934146881,0
196,126,0.4015316665172577,0
196,3864,0.36103299260139465,0
196,366,0.4091079533100128,0
3171,3171,0.3921433687210083,1
3171,1892,0.4024055004119873,0
3171,3017,0.4230494797229767,0
3171,3448,0.3780493140220642,0
3171,286,0.3988006114959717,0
3171,4047,0.3742341697216034,0
3171,3246,0.3615990877151489,0
3171,3299,0.39245352149009705,0
3171,2367,0.38548901677131653,0
3171,2794,0.4486277997493744,0
3171,2012,0.38702258467674255,0
3171,4102,0.38086602091789246,0
3171,1795,0.38234156370162964,0
3171,1660,0.3939472734928131,0
3171,3276,0.3652905225753784,0
3171,3553,0.3730379343032837,0
3171,1606,0.3554946184158325,0
3171,1695,0.362469881772995,0
3171,15,0.4317949712276459,0
3171,945,0.3853142261505127,0
3874,3874,0.37952423095703125,1
3874,3527,0.3729995787143707,0
3874,757,0.40669065713882446,0
3874,1819,0.4542773962020874,0
3874,2122,0.3887940049171448,0
3874,2936,0.35186925530433655,0
3874,3055,0.36604249477386475,0
3874,3594,0.3741459250450134,0
3874,126,0.3967263400554657,0
3874,1513,0.3813649117946625,0
3874,175,0.39717942476272583,0
3874,3424,0.3515661358833313,0
3874,2422,0.39668387174606323,0
3874,49,0.37070590257644653,0
3874,3465,0.4402334988117218,0
3874,2840,0.3709147274494171,0
3874,2014,0.4036376476287842,0
3874,2343,0.3606550097465515,0
3874,3767,0.3628164529800415,0
3874,2141,0.37190788984298706,0
560,560,0.4263294041156769,1
560,1962,0.43216395378112793,0
560,1684,0.3846159875392914,0
560,1757,0.4051295518875122,0
560,3598,0.37989237904548645,0
560,58,0.40851402282714844,0
560,569,0.39252474904060364,0
560,2248,0.39568543434143066,0
560,879,0.3769735097885132,0
560,2438,0.3841075003147125,0
560,1334,0.4128294587135315,0
560,2402,0.4679810106754303,0
560,3028,0.3977245092391968,0
560,350,0.4682210683822632,0
560,1544,0.37759914994239807,0
560,3239,0.38927483558654785,0
560,2512,0.39121297001838684,0
560,4177,0.3840116560459137,0
560,347,0.42887598276138306,0
560,1779,0.4278908371925354,0
240,240,0.4005376100540161,1
240,2985,0.3839682340621948,0
240,1511,0.38215306401252747,0
240,1496,0.4137365221977234,0
240,633,0.4433474838733673,0
240,4111,0.36719295382499695,0
240,2736,0.34851938486099243,0
240,2414,0.3527871072292328,0
240,2691,0.407526433467865,0
240,289,0.3597394526004791,0
240,1733,0.36909791827201843,0
240,1538,0.44929149746894836,0
240,2705,0.3739217519760132,0
240,3400,0.42069000005722046,0
240,1257,0.3619052767753601,0
240,2168,0.3740079998970032,0
240,1987,0.35839980840682983,0
240,1856,0.3927050530910492,0
240,1044,0.4057691693305969,0
240,3979,0.38034912943840027,0
4047,4047,0.35519030690193176,1
4047,2822,0.3693672716617584,0
4047,51,0.40427669882774353,0
4047,3657,0.36965811252593994,0
4047,2044,0.3825085759162903,0
4047,3024,0.39309191703796387,0
4047,969,0.42572706937789917,0
4047,3323,0.3172779977321625,0
4047,3296,0.37419837713241577,0
4047,227,0.3550240695476532,0
4047,512,0.42367660999298096,0
4047,3721,0.3988508880138397,0
4047,1783,0.3949373662471771,0
4047,4179,0.38034167885780334,0
4047,323,0.37303853034973145,0
4047,3791,0.3670833706855774,0
4047,3512,0.34323227405548096,0
4047,3834,0.41113951802253723,0
4047,3792,0.41065526008605957,0
4047,2652,0.4114164412021637,0
1423,1423,0.40382447838783264,1
1423,2534,0.38303342461586,0
1423,3986,0.37193676829338074,0
1423,1851,0.38943585753440857,0
1423,1680,0.44838833808898926,0
1423,2137,0.3830714523792267,0
1423,1307,0.5136128664016724,0
1423,66,0.3910260796546936,0
1423,253,0.4675317704677582,0
1423,2794,0.438580721616745,0
1423,1015,0.38958466053009033,0
1423,967,0.3616470396518707,0
1423,513,0.40975239872932434,0
1423,37,0.42270001769065857,0
1423,3101,0.4219653904438019,0
1423,3062,0.37810787558555603,0
1423,1340,0.4058600664138794,0
1423,3150,0.3556011915206909,0
1423,297,0.44494277238845825,0
1423,3438,0.37475040555000305,0
2276,2276,0.3493070900440216,1
2276,279,0.3721977174282074,0
2276,2249,0.4055127203464508,0
2276,1493,0.3648914098739624,0
2276,190,0.43165814876556396,0
2276,3182,0.39834529161453247,0
2276,1028,0.3510221242904663,0
2276,3893,0.3559018671512604,0
2276,1433,0.3840005099773407,0
2276,3922,0.37755709886550903,0
2276,74,0.3596055507659912,0
2276,3080,0.34832489490509033,0
2276,688,0.33578991889953613,0
2276,2846,0.35858577489852905,0
2276,987,0.37536585330963135,0
2276,2394,0.35570028424263,0
2276,1901,0.38993391394615173,0
2276,529,0.4028424918651581,0
2276,3983,0.360592246055603,0
2276,464,0.36123961210250854,0
928,928,0.4790465533733368,1
928,3076,0.409211665391922,0
928,3727,0.44283080101013184,0
928,1529,0.4433228671550751,0
928,2827,0.3850979804992676,0
928,1657,0.45877042412757874,0
928,391,0.414371132850647,0
928,2388,0.4665367603302002,0
928,2909,0.4010286033153534,0
928,207,0.4550136625766754,0
928,923,0.39512673020362854,0
928,4042,0.36087629199028015,0
928,1703,0.4715842306613922,0
928,259,0.5053786635398865,0
928,2581,0.45720499753952026,0
928,4031,0.3759635090827942,0
928,3230,0.38185155391693115,0
928,1467,0.40757113695144653,0
928,3239,0.4171684980392456,0
928,1227,0.439285546541214,0
29,29,0.4341509938240051,1
29,670,0.3871631622314453,0
29,2100,0.3946249783039093,0
29,1576,0.42576712369918823,0
29,1350,0.3712250590324402,0
29,167,0.3691403269767761,0
29,3739,0.4278629422187805,0
29,1035,0.3931881785392761,0
29,134,0.37754499912261963,0
29,4105,0.3417205512523651,0
29,3117,0.35147663950920105,0
29,1219,0.3759068548679352,0
29,2810,0.445677250623703,0
29,1163,0.37041381001472473,0
29,1699,0.37588244676589966,0
29,2936,0.3735884726047516,0
29,326,0.39305323362350464,0
29,2300,0.41053175926208496,0
29,2824,0.3718016743659973,0
29,1877,0.4080062508583069,0
3936,3936,0.366921067237854,1
3936,4173,0.3516099750995636,0
3936,2168,0.39236098527908325,0
3936,2262,0.44082361459732056,0
3936,3069,0.3741830289363861,0
3936,541,0.5082383751869202,0
3936,3835,0.3729855716228485,0
3936,2115,0.34893953800201416,0
3936,1323,0.38279786705970764,0
3936,1470,0.36150509119033813,0
3936,2699,0.46220090985298157,0
3936,1295,0.35674962401390076,0
3936,3743,0.4038044810295105,0
3936,330,0.4033922851085663,0
3936,3511,0.3811441659927368,0
3936,1944,0.40150246024131775,0
3936,1356,0.39550477266311646,0
3936,3520,0.3934299349784851,0
3936,596,0.3671621084213257,0
3936,4002,0.3780561089515686,0
556,556,0.44729965925216675,1
556,484,0.3917087912559509,0
556,41,0.37270912528038025,0
556,819,0.4091882109642029,0
556,1678,0.3714527189731598,0
556,577,0.4159744381904602,0
556,61,0.4501686692237854,0
556,1398,0.41376131772994995,0
556,3392,0.36087873578071594,0
556,76,0.44330477714538574,0
556,1803,0.37572237849235535,0
556,3265,0.4403051733970642,0
556,2863,0.40604668855667114,0
556,916,0.44317492842674255,0
556,624,0.4290386140346527,0
556,4072,0.39461737871170044,0
556,2298,0.4349839687347412,0
556,2211,0.3748369812965393,0
556,1812,0.457084059715271,0
556,547,0.4053022861480713,0
328,328,0.4435798227787018,1
328,760,0.386036217212677,0
328,125,0.4201167821884155,0
328,2416,0.3948391079902649,0
328,2532,0.4033964276313782,0
328,437,0.40402117371559143,0
328,1494,0.36651748418807983,0
328,1029,0.3744983673095703,0
328,3686,0.393515408039093,0
328,2429,0.3655467927455902,0
328,2934,0.36360660195350647,0
328,2273,0.363506019115448,0
328,2087,0.4268096685409546,0
328,595,0.3999796509742737,0
328,2608,0.36757734417915344,0
328,1890,0.3532872200012207,0
328,1352,0.3868311047554016,0
328,1936,0.37655559182167053,0
328,3733,0.3803098201751709,0
328,1419,0.37765416502952576,0
1156,1156,0.4281338155269623,1
1156,2503,0.4085467457771301,0
1156,2992,0.397785484790802,0
1156,1263,0.44621631503105164,0
1156,294,0.3927742838859558,0
1156,2292,0.38318532705307007,0
1156,2502,0.3769703507423401,0
1156,2727,0.4685836732387543,0
1156,285,0.35639381408691406,0
1156,2402,0.4451281428337097,0
1156,421,0.3876020908355713,0
1156,1170,0.3849436044692993,0
1156,3400,0.4422338604927063,0
1156,3320,0.4484439790248871,0
1156,1080,0.4081578254699707,0
1156,2963,0.40477049350738525,0
1156,1293,0.38648587465286255,0
1156,2853,0.37325364351272583,0
1156,2610,0.36946338415145874,0
1156,2568,0.39236634969711304,0
4099,4099,0.3420751988887787,1
4099,2599,0.38873448967933655,0
4099,1647,0.4134892225265503,0
4099,1694,0.3402346968650818,0
4099,2174,0.3567754924297333,0
4099,3968,0.35934367775917053,0
4099,4062,0.35654523968696594,0
4099,706,0.4322517216205597,0
4099,2950,0.34263792634010315,0
4099,2055,0.35738405585289,0
4099,3428,0.3463926911354065,0
4099,2673,0.34358838200569153,0
4099,1688,0.3409247398376465,0
4099,2640,0.34250980615615845,0
4099,55,0.3706291913986206,0
4099,2561,0.35404542088508606,0
4099,1361,0.3570203185081482,0
4099,3141,0.3732623755931854,0
4099,2670,0.44563448429107666,0
4099,3715,0.3371374309062958,0
1821,1821,0.4283817708492279,1
1821,1464,0.4363108277320862,0
1821,666,0.3997548520565033,0
1821,2864,0.3818219304084778,0
1821,4146,0.36439239978790283,0
1821,785,0.383098840713501,0
1821,3054,0.39571359753608704,0
1821,941,0.5073378086090088,0
1821,2414,0.3789522647857666,0
1821,2395,0.4200729727745056,0
1821,187,0.4345111846923828,0
1821,2557,0.3896021246910095,0
1821,771,0.42458081245422363,0
1821,788,0.3915713131427765,0
1821,1782,0.3788377046585083,0
1821,2507,0.3769691586494446,0
1821,966,0.43674224615097046,0
1821,2962,0.3975168764591217,0
1821,2633,0.3655967712402344,0
1821,3430,0.35688287019729614,0
436,436,0.3785414397716522,1
436,1151,0.3722066581249237,0
436,2321,0.40351271629333496,0
436,3993,0.3234144449234009,0
436,3397,0.376382052898407,0
436,2410,0.3496088981628418,0
436,2259,0.3515689969062805,0
436,2460,0.43035805225372314,0
436,2714,0.37711086869239807,0
436,481,0.3563014268875122,0
436,1513,0.38276517391204834,0
436,2163,0.37761056423187256,0
436,1718,0.3802676796913147,0
436,1273,0.3954209089279175,0
436,1482,0.3731078505516052,0
436,989,0.39552950859069824,0
436,1319,0.3758236765861511,0
436,1339,0.3459993600845337,0
436,4085,0.3920751214027405,0
436,2704,0.39098894596099854,0
964,964,0.40652093291282654,1
964,3134,0.4066050052642822,0
964,3394,0.33885425329208374,0
964,3180,0.40539243817329407,0
964,2772,0.3741784691810608,0
964,2854,0.37005552649497986,0
964,3281,0.38003265857696533,0
964,3292,0.39724406599998474,0
964,3162,0.3826428949832916,0
964,2368,0.39393380284309387,0
964,3195,0.37137743830680847,0
964,2116,0.4130541682243347,0
964,3680,0.3908599019050598,0
964,2692,0.4168214201927185,0
964,516,0.44484901428222656,0
964,2635,0.3930646479129791,0
964,1602,0.3689466416835785,0
964,700,0.4077637791633606,0
964,3566,0.37016886472702026,0
964,3196,0.38727667927742004,0
1727,1727,0.37306419014930725,1
1727,2849,0.40324506163597107,0
1727,592,0.4248425364494324,0
1727,3356,0.38706138730049133,0
1727,1424,0.39135587215423584,0
1727,1072,0.39863693714141846,0
1727,1874,0.377329021692276,0
1727,1825,0.3742600679397583,0
1727,1391,0.3806766867637634,0
1727,1714,0.3879229724407196,0
1727,1868,0.3776220679283142,0
1727,2261,0.43517982959747314,0
1727,3145,0.4104466140270233,0
1727,563,0.4026850759983063,0
1727,2557,0.4016997516155243,0
1727,310,0.4565224051475525,0
1727,436,0.3914366364479065,0
1727,1540,0.38631731271743774,0
1727,4103,0.3819423019886017,0
1727,2652,0.4337114691734314,0
948,948,0.3333973288536072,1
948,652,0.43444645404815674,0
948,4132,0.370108038187027,0
948,1641,0.43753376603126526,0
948,614,0.476705938577652,0
948,2170,0.369133859872818,0
948,2528,0.429431676864624,0
948,3379,0.3654765486717224,0
948,3585,0.36036670207977295,0
948,3746,0.3653905689716339,0
948,1106,0.4553396999835968,0
948,3863,0.39428940415382385,0
948,1915,0.37865644693374634,0
948,3663,0.4620789885520935,0
948,3373,0.3715379238128662,0
948,2783,0.35122084617614746,0
948,2299,0.3702377378940582,0
948,4126,0.3595971465110779,0
948,2956,0.35477572679519653,0
948,55,0.4033966064453125,0
1081,1081,0.41850993037223816,1
1081,3769,0.39691823720932007,0
1081,1111,0.37933847308158875,0
1081,2719,0.37006574869155884,0
1081,3797,0.37373602390289307,0
1081,443,0.37263932824134827,0
1081,2648,0.36268350481987,0
1081,233,0.42997121810913086,0
1081,1534,0.37253955006599426,0
1081,3209,0.3663376569747925,0
1081,1859,0.37175413966178894,0
1081,3578,0.3648642599582672,0
1081,423,0.3920471966266632,0
1081,2646,0.3581612706184387,0
1081,3400,0.41751036047935486,0
1081,3371,0.38376548886299133,0
1081,1886,0.356816828250885,0
1081,3848,0.3663541078567505,0
1081,872,0.4153520464897156,0
1081,3922,0.37923067808151245,0
1211,1211,0.3723687529563904,1
1211,1296,0.35380783677101135,0
1211,3825,0.37467220425605774,0
1211,476,0.36240309476852417,0
1211,1227,0.4282766878604889,0
1211,1516,0.40852487087249756,0
1211,2090,0.37949809432029724,0
1211,2377,0.40328162908554077,0
1211,4058,0.3732795715332031,0
1211,2606,0.37398266792297363,0
1211,3945,0.346182256937027,0
1211,1356,0.41257262229919434,0
1211,2071,0.3892768323421478,0
1211,3521,0.35479703545570374,0
1211,1135,0.42073044180870056,0
1211,3276,0.3560653030872345,0
1211,3950,0.36614060401916504,0
1211,2385,0.35195183753967285,0
1211,1253,0.3406089246273041,0
1211,3013,0.44325965642929077,0
2051,2051,0.3837040066719055,1
2051,2391,0.364663302898407,0
2051,370,0.3796604871749878,0
2051,3949,0.4057559072971344,0
2051,556,0.4556434452533722,0
2051,1433,0.3939061462879181,0
2051,56,0.4473247528076172,0
2051,3630,0.40402621030807495,0
2051,4005,0.38319554924964905,0
2051,1092,0.36722898483276367,0
2051,3814,0.439947247505188,0
2051,617,0.3567383289337158,0
2051,110,0.38614484667778015,0
2051,1559,0.3349997401237488,0
2051,3730,0.37846335768699646,0
2051,2020,0.45359286665916443,0
2051,146,0.4501335024833679,0
2051,4158,0.39663439989089966,0
2051,3782,0.4002654552459717,0
2051,160,0.40449419617652893,0
1207,1207,0.38855528831481934,1
1207,1167,0.3797902762889862,0
1207,2252,0.40731728076934814,0
1207,2882,0.369555801153183,0
1207,2260,0.38462182879447937,0
1207,2035,0.3834484815597534,0
1207,2309,0.3996719717979431,0
1207,3707,0.39223670959472656,0
1207,3620,0.37251365184783936,0
1207,3025,0.39662256836891174,0
1207,3875,0.385110467672348,0
1207,317,0.4202556312084198,0
1207,2607,0.39207881689071655,0
1207,1169,0.39067715406417847,0
1207,1627,0.42994773387908936,0
1207,1779,0.43788039684295654,0
1207,3851,0.40998953580856323,0
1207,1044,0.41376760601997375,0
1207,1142,0.3661482334136963,0
1207,2244,0.40497666597366333,0
1683,1683,0.4011111855506897,1
1683,3753,0.3573695421218872,0
1683,3502,0.3697661757469177,0
1683,162,0.4209161400794983,0
1683,1631,0.35976165533065796,0
1683,3509,0.3635624349117279,0
1683,1649,0.362612247467041,0
1683,1331,0.3507869839668274,0
1683,3036,0.3674134612083435,0
1683,1571,0.3445749878883362,0
1683,4099,0.352276086807251,0
1683,1003,0.3923995792865753,0
1683,1224,0.3514190912246704,0
1683,372,0.3937787115573883,0
1683,2405,0.3598777651786804,0
1683,1375,0.4038213789463043,0
1683,294,0.3612316846847534,0
1683,127,0.3581560254096985,0
1683,3948,0.36530590057373047,0
1683,2114,0.4428024888038635,0
3007,3007,0.3594963848590851,1
3007,1445,0.36712682247161865,0
3007,2938,0.42817336320877075,0
3007,562,0.40377122163772583,0
3007,3945,0.37618744373321533,0
3007,1742,0.3794128894805908,0
3007,1859,0.3826635777950287,0
3007,1009,0.4389691948890686,0
3007,490,0.3925091028213501,0
3007,3424,0.3719128370285034,0
3007,351,0.34771889448165894,0
3007,172,0.41515615582466125,0
3007,1114,0.41986915469169617,0
3007,2754,0.4148409366607666,0
3007,2659,0.3924542963504791,0
3007,3634,0.39696773886680603,0
3007,3752,0.38746482133865356,0
3007,357,0.41900399327278137,0
3007,3790,0.373933345079422,0
3007,2161,0.3713299334049225,0
4023,4023,0.3781692385673523,1
4023,160,0.3954053521156311,0
4023,3020,0.40684619545936584,0
4023,3725,0.3772783577442169,0
4023,1433,0.407906174659729,0
4023,3315,0.40103036165237427,0
4023,730,0.4156525433063507,0
4023,2008,0.3731287717819214,0
4023,1482,0.3874819874763489,0
4023,3332,0.3769553303718567,0
4023,2434,0.4001013934612274,0
4023,1970,0.48825371265411377,0
4023,1071,0.42289969325065613,0
4023,1082,0.41432806849479675,0
4023,3054,0.3892708420753479,0
4023,711,0.39024361968040466,0
4023,178,0.40252402424812317,0
4023,3919,0.3619527220726013,0
4023,891,0.4405783414840698,0
4023,3245,0.3925163149833679,0
2975,2975,0.3513900637626648,1
2975,2787,0.39159712195396423,0
2975,817,0.3645341694355011,0
2975,4120,0.38291993737220764,0
2975,225,0.41527289152145386,0
2975,954,0.3817727565765381,0
2975,2543,0.4152121841907501,0
2975,4014,0.3855365812778473,0
2975,463,0.41680610179901123,0
2975,1082,0.42686188220977783,0
2975,2804,0.4002368748188019,0
2975,1240,0.4516943097114563,0
2975,3091,0.3950663208961487,0
2975,829,0.39092764258384705,0
2975,1715,0.3958847224712372,0
2975,203,0.3876236081123352,0
2975,2083,0.4227195978164673,0
2975,530,0.3980875611305237,0
2975,3293,0.38977646827697754,0
2975,1499,0.3822247087955475,0
48,48,0.340600848197937,1
48,2234,0.34309107065200806,0
48,2026,0.3722500205039978,0
48,1083,0.428617924451828,0
48,1661,0.42288562655448914,0
48,69,0.41286584734916687,0
48,3446,0.3497540056705475,0
48,1264,0.3768711984157562,0
48,285,0.3459521234035492,0
48,219,0.40324512124061584,0
48,852,0.4404042363166809,0
48,3552,0.409528523683548,0
48,1522,0.3771434426307678,0
48,1301,0.3976726531982422,0
48,3585,0.3513864278793335,0
48,299,0.45985764265060425,0
48,1222,0.39329415559768677,0
48,3668,0.4039950966835022,0
48,831,0.4152616560459137,0
48,1705,0.3311808407306671,0
3885,3885,0.34583714604377747,1
3885,409,0.4049053490161896,0
3885,3004,0.3743620216846466,0
3885,651,0.3871749937534332,0
3885,795,0.3939236104488373,0
3885,4151,0.38524603843688965,0
3885,2972,0.38289201259613037,0
3885,2855,0.41010457277297974,0
3885,3071,0.3764515221118927,0
3885,1205,0.37783318758010864,0
3885,4174,0.3548017144203186,0
3885,3232,0.39289283752441406,0
3885,2413,0.3671793043613434,0
3885,2469,0.3368337154388428,0
3885,2928,0.3887324333190918,0
3885,3410,0.37399348616600037,0
3885,1437,0.37258031964302063,0
3885,2305,0.3446122705936432,0
3885,1522,0.38738203048706055,0
3885,3879,0.35184207558631897,0
1944,1944,0.4002249538898468,1
1944,2582,0.4100516736507416,0
1944,3211,0.3964517116546631,0
1944,113,0.38545358180999756,0
1944,981,0.4083369970321655,0
1944,156,0.42080697417259216,0
1944,1972,0.3568344712257385,0
1944,542,0.4044576585292816,0
1944,1197,0.4371349513530731,0
1944,809,0.3576855957508087,0
1944,3170,0.3681972324848175,0
1944,3790,0.37423235177993774,0
1944,1292,0.3737582564353943,0
1944,3804,0.34971198439598083,0
1944,2841,0.36389344930648804,0
1944,478,0.3767857849597931,0
1944,2481,0.3670292794704437,0
1944,2796,0.42098405957221985,0
1944,595,0.39788904786109924,0
1944,1099,0.35794979333877563,0
1519,1519,0.3901192247867584,1
1519,2854,0.3724687993526459,0
1519,379,0.4616127014160156,0
1519,4090,0.3676261305809021,0
1519,3855,0.38405829668045044,0
1519,3512,0.35624244809150696,0
1519,3214,0.4314429461956024,0
1519,947,0.4162333607673645,0
1519,3682,0.3904684782028198,0
1519,546,0.3596644699573517,0
1519,2857,0.4108664393424988,0
1519,247,0.3799535036087036,0
1519,2921,0.38594910502433777,0
1519,3143,0.3962818682193756,0
1519,485,0.4712739586830139,0
1519,536,0.47501736879348755,0
1519,617,0.3755604028701782,0
1519,841,0.43444696068763733,0
1519,466,0.4925641417503357,0
1519,1239,0.4008316099643707,0
3000,3000,0.3513723313808441,1
3000,2316,0.3414899706840515,0
3000,3610,0.36091741919517517,0
3000,355,0.3859042525291443,0
3000,2725,0.34621313214302063,0
3000,1152,0.3831857740879059,0
3000,2531,0.3702467679977417,0
3000,1596,0.3847547173500061,0
3000,1676,0.35864728689193726,0
3000,2410,0.33059003949165344,0
3000,3919,0.33795323967933655,0
3000,694,0.3645867705345154,0
3000,1044,0.3627629280090332,0
3000,1779,0.37991365790367126,0
3000,2874,0.3559994101524353,0
3000,3072,0.36323460936546326,0
3000,1854,0.35662394762039185,0
3000,2913,0.3354320228099823,0
3000,2196,0.369181752204895,0
3000,2457,0.34042489528656006,0
3794,3794,0.3703606426715851,1
3794,3864,0.3822832405567169,0
3794,99,0.4263026714324951,0
3794,2945,0.4337913393974304,0
3794,321,0.40151119232177734,0
3794,1365,0.47818806767463684,0
3794,1579,0.4486851394176483,0
3794,1644,0.39090168476104736,0
3794,1778,0.37001898884773254,0
3794,1789,0.3951713740825653,0
3794,502,0.4409848153591156,0
3794,3117,0.3670884966850281,0
3794,1354,0.42835551500320435,0
3794,161,0.3919800817966461,0
3794,1984,0.3646414875984192,0
3794,1035,0.4522903561592102,0
3794,2441,0.3963329792022705,0
3794,3646,0.40586763620376587,0
3794,2187,0.3665861487388611,0
3794,2604,0.3914852738380432,0
2262,2262,0.4480960965156555,1
2262,2860,0.3830060362815857,0
2262,1317,0.3713952898979187,0
2262,1721,0.37772783637046814,0
2262,2134,0.37361839413642883,0
2262,252,0.4776463210582733,0
2262,1553,0.36316680908203125,0
2262,1742,0.40072157979011536,0
2262,2128,0.4011119604110718,0
2262,2405,0.3812375068664551,0
2262,433,0.3727445602416992,0
2262,2636,0.37201952934265137,0
2262,1239,0.3866884112358093,0
2262,3243,0.3973524868488312,0
2262,2521,0.3668346703052521,0
2262,419,0.38663870096206665,0
2262,343,0.44040802121162415,0
2262,2963,0.39945051074028015,0
2262,2840,0.3848104476928711,0
2262,2877,0.39393851161003113,0
956,956,0.4117681086063385,1
956,161,0.37429115176200867,0
956,412,0.3847314119338989,0
956,2077,0.3434307873249054,0
956,2482,0.3806593120098114,0
956,27,0.43569135665893555,0
956,152,0.44060996174812317,0
956,294,0.36836740374565125,0
956,2936,0.35751205682754517,0
956,3450,0.3416156470775604,0
956,3688,0.3563050627708435,0
956,2831,0.36607807874679565,0
956,2112,0.36858630180358887,0
956,1017,0.3714652955532074,0
956,2947,0.3750925362110138,0
956,3468,0.35945364832878113,0
956,3320,0.4262056350708008,0
956,1989,0.3914411962032318,0
956,4011,0.37207767367362976,0
956,1084,0.42133665084838867,0
2036,2036,0.46991434693336487,1
2036,1287,0.41949617862701416,0
2036,1433,0.354297935962677,0
2036,2274,0.40354084968566895,0
2036,713,0.4055671989917755,0
2036,1933,0.41106143593788147,0
2036,1040,0.35682204365730286,0
2036,197,0.3707170784473419,0
2036,3154,0.3631388545036316,0
2036,2396,0.3587603271007538,0
2036,2504,0.3419211208820343,0
2036,3712,0.341762900352478,0
2036,4050,0.367421954870224,0
2036,170,0.4156472086906433,0
2036,2564,0.4135296940803528,0
2036,517,0.511071503162384,0
2036,1275,0.38264787197113037,0
2036,1500,0.38722100853919983,0
2036,1241,0.3683723211288452,0
2036,3423,0.37468475103378296,0
586,586,0.43675458431243896,1
586,978,0.35951003432273865,0
586,794,0.3796434998512268,0
586,1376,0.4345339834690094,0
586,3265,0.4145980179309845,0
586,318,0.4392472803592682,0
586,833,0.4177073538303375,0
586,3204,0.33593669533729553,0
586,277,0.4115263819694519,0
586,3078,0.3882356286048889,0
586,1037,0.4066735506057739,0
586,1275,0.3702125549316406,0
586,1717,0.3774775564670563,0
586,3258,0.3668840229511261,0
586,1654,0.3590855598449707,0
586,3985,0.3707585334777832,0
586,921,0.39143964648246765,0
586,4086,0.3531409502029419,0
586,2348,0.4195394217967987,0
586,1993,0.37299084663391113,0
2904,2904,0.38250991702079773,1
2904,1992,0.40378355979919434,0
2904,879,0.36592763662338257,0
2904,1256,0.3593097925186157,0
2904,3453,0.3699485957622528,0
2904,441,0.3502136170864105,0
2904,2554,0.3589771091938019,0
2904,1300,0.3833208382129669,0
2904,347,0.42470496892929077,0
2904,2577,0.37380555272102356,0
2904,3411,0.3743247389793396,0
2904,713,0.39640435576438904,0
2904,3961,0.3819677233695984,0
2904,3358,0.4496873915195465,0
2904,3469,0.3822774589061737,0
2904,3617,0.37999051809310913,0
2904,3936,0.3638421595096588,0
2904,2742,0.42005646228790283,0
2904,443,0.39342576265335083,0
2904,4118,0.3743481934070587,0
3032,3032,0.40924161672592163,1
3032,679,0.3830193281173706,0
3032,1401,0.37674814462661743,0
3032,1382,0.37093910574913025,0
3032,667,0.44491666555404663,0
3032,2136,0.3977222442626953,0
3032,3783,0.3956679403781891,0
3032,1652,0.42872515320777893,0
3032,2285,0.3791390359401703,0
3032,2214,0.4076131582260132,0
3032,2558,0.3971458971500397,0
3032,3438,0.3798660933971405,0
3032,1461,0.41311362385749817,0
3032,4089,0.37217605113983154,0
3032,182,0.38590314984321594,0
3032,3036,0.39535820484161377,0
3032,994,0.3980080485343933,0
3032,2915,0.36592650413513184,0
3032,1906,0.3694193363189697,0
3032,1295,0.38159245252609253,0
3543,3543,0.36103564500808716,1
3543,935,0.3591946065425873,0
3543,254,0.3428233563899994,0
3543,562,0.3846544027328491,0
3543,2732,0.3497050106525421,0
3543,1507,0.355440616607666,0
3543,2749,0.3714827597141266,0
3543,901,0.4157438576221466,0
3543,3328,0.3471968472003937,0
3543,3161,0.36159318685531616,0
3543,2253,0.35006940364837646,0
3543,2511,0.3894648849964142,0
3543,3438,0.35415658354759216,0
3543,1226,0.3591071367263794,0
3543,2684,0.4044271409511566,0
3543,1599,0.3796728253364563,0
3543,1837,0.36165475845336914,0
3543,1961,0.36393553018569946,0
3543,2811,0.37738826870918274,0
3543,2521,0.3377279043197632,0
1909,1909,0.37295860052108765,1
1909,1000,0.4230461120605469,0
1909,573,0.4335152208805084,0
1909,1107,0.4239082634449005,0
1909,202,0.5266362428665161,0
1909,3187,0.41998010873794556,0
1909,2878,0.3656785488128662,0
1909,2924,0.38989290595054626,0
1909,2454,0.5005725026130676,0
1909,4030,0.36982473731040955,0
1909,716,0.4200117290019989,0
1909,1643,0.42422422766685486,0
1909,2544,0.4068070948123932,0
1909,3229,0.43790677189826965,0
1909,1559,0.36440223455429077,0
1909,3386,0.3901512622833252,0
1909,1988,0.39296436309814453,0
1909,694,0.3936942219734192,0
1909,582,0.40772852301597595,0
1909,248,0.37565842270851135,0
3151,3151,0.3600531220436096,1
3151,411,0.41597771644592285,0
3151,3576,0.4329705238342285,0
3151,413,0.40921878814697266,0
3151,2028,0.38535428047180176,0
3151,1573,0.35125547647476196,0
3151,2764,0.3782654404640198,0
3151,1371,0.3621366024017334,0
3151,2527,0.39349502325057983,0
3151,766,0.38272368907928467,0
3151,1664,0.3895651400089264,0
3151,767,0.38003677129745483,0
3151,3824,0.3674691319465637,0
3151,124,0.38627660274505615,0
3151,997,0.4828765392303467,0
3151,212,0.3349358141422272,0
3151,1300,0.3715151250362396,0
3151,442,0.3976391851902008,0
3151,967,0.3568526804447174,0
3151,4019,0.3452419638633728,0
3990,3990,0.36724767088890076,1
3990,2645,0.47329631447792053,0
3990,2488,0.4398113489151001,0
3990,2447,0.3917165994644165,0
3990,1452,0.42175254225730896,0
3990,3742,0.43020984530448914,0
3990,4167,0.38485679030418396,0
3990,3587,0.43059241771698,0
3990,1102,0.4090580642223358,0
3990,1239,0.40310320258140564,0
3990,3581,0.3894332945346832,0
3990,4053,0.443947434425354,0
3990,2169,0.37834620475769043,0
3990,1505,0.5074084997177124,0
3990,2312,0.39318907260894775,0
3990,1776,0.4070817232131958,0
3990,2635,0.4181720018386841,0
3990,2737,0.39811795949935913,0
3990,3563,0.35380029678344727,0
3990,2961,0.3827116787433624,0
1783,1783,0.39380645751953125,1
1783,3926,0.3864578306674957,0
1783,2583,0.39611947536468506,0
1783,1695,0.35228627920150757,0
1783,1698,0.3950763940811157,0
1783,879,0.35912784934043884,0
1783,2471,0.39565905928611755,0
1783,2335,0.441695898771286,0
1783,44,0.35846957564353943,0
1783,2013,0.3796694874763489,0
1783,3375,0.40576687455177307,0
1783,1687,0.37973326444625854,0
1783,453,0.40419328212738037,0
1783,2788,0.39239466190338135,0
1783,2446,0.40526869893074036,0
1783,3463,0.38893967866897583,0
1783,978,0.36732909083366394,0
1783,2442,0.4051123857498169,0
1783,3509,0.3846721351146698,0
1783,497,0.4197866916656494,0
666,666,0.40961378812789917,1
666,3188,0.3998458981513977,0
666,1004,0.38750213384628296,0
666,4026,0.3979851305484772,0
666,2632,0.41485393047332764,0
666,3878,0.3639271855354309,0
666,2227,0.43663644790649414,0
666,1892,0.4182272255420685,0
666,3084,0.39812126755714417,0
666,1722,0.4233664870262146,0
666,2958,0.39110058546066284,0
666,1492,0.4560156762599945,0
666,1188,0.4235159456729889,0
666,2188,0.506064236164093,0
666,1666,0.40065327286720276,0
666,95,0.4289633631706238,0
666,3512,0.3588888645172119,0
666,828,0.4028678834438324,0
666,3493,0.3523101508617401,0
666,3236,0.38599854707717896,0
2728,2728,0.37967321276664734,1
2728,596,0.3454321324825287,0
2728,3075,0.34508347511291504,0
2728,969,0.4047817289829254,0
2728,2088,0.46154317259788513,0
2728,1551,0.3716018497943878,0
2728,2039,0.3406805694103241,0
2728,1257,0.33866456151008606,0
2728,4055,0.35633379220962524,0
2728,2816,0.3305683732032776,0
2728,2202,0.34730273485183716,0
2728,2775,0.3822154998779297,0
2728,528,0.39176610112190247,0
2728,1783,0.3753156363964081,0
2728,163,0.39993685483932495,0
2728,2584,0.34648486971855164,0
2728,1495,0.39894914627075195,0
2728,1058,0.3502046763896942,0
2728,642,0.3710612654685974,0
2728,2423,0.3701726496219635,0
779,779,0.39261069893836975,1
779,3774,0.39468199014663696,0
779,715,0.4195935130119324,0
779,1506,0.3843265473842621,0
779,3602,0.3696993589401245,0
779,3069,0.3657560646533966,0
779,2809,0.4033854901790619,0
779,3922,0.39417633414268494,0
779,3320,0.4079214334487915,0
779,2126,0.4470829963684082,0
779,456,0.36680060625076294,0
779,628,0.36098912358283997,0
779,1357,0.3667701184749603,0
779,4092,0.3711814284324646,0
779,435,0.3898603320121765,0
779,2810,0.4692189395427704,0
779,1998,0.39201781153678894,0
779,2903,0.3559117913246155,0
779,2103,0.4000164270401001,0
779,438,0.3658374547958374,0
2323,2323,0.3794552683830261,1
2323,738,0.4107345938682556,0
2323,1347,0.3703496754169464,0
2323,1409,0.40816938877105713,0
2323,3186,0.34600165486335754,0
2323,2914,0.38403216004371643,0
2323,1195,0.3825628459453583,0
2323,2850,0.38927796483039856,0
2323,641,0.3991740942001343,0
2323,164,0.44669872522354126,0
2323,1929,0.40055209398269653,0
2323,121,0.46009498834609985,0
2323,258,0.37961840629577637,0
2323,3599,0.4249611794948578,0
2323,3238,0.3688092827796936,0
2323,3483,0.44969913363456726,0
2323,1490,0.40022075176239014,0
2323,3115,0.43558579683303833,0
2323,1299,0.37881985306739807,0
2323,1954,0.4951625466346741,0
1845,1845,0.3659193813800812,1
1845,3656,0.34719473123550415,0
1845,787,0.38786229491233826,0
1845,1843,0.42301124334335327,0
1845,3363,0.36738321185112,0
1845,3018,0.3638661503791809,0
1845,1262,0.3986034691333771,0
1845,4066,0.34456634521484375,0
1845,2258,0.4089406728744507,0
1845,2129,0.3945467472076416,0
1845,266,0.3372928500175476,0
1845,1010,0.413862019777298,0
1845,1698,0.3769984841346741,0
1845,762,0.3903990387916565,0
1845,2427,0.3658783435821533,0
1845,1236,0.3555211126804352,0
1845,112,0.38946130871772766,0
1845,323,0.37376850843429565,0
1845,617,0.34481358528137207,0
1845,2061,0.36288654804229736,0
2944,2944,0.35402655601501465,1
2944,4118,0.36732831597328186,0
2944,4132,0.37904664874076843,0
2944,1210,0.37606069445610046,0
2944,4150,0.3842487037181854,0
2944,3713,0.37163910269737244,0
2944,541,0.4420996904373169,0
2944,2722,0.37815240025520325,0
2944,2142,0.37010645866394043,0
2944,2770,0.371215283870697,0
2944,4157,0.3541589081287384,0
2944,56,0.418995201587677,0
2944,2690,0.38102835416793823,0
2944,543,0.37931498885154724,0
2944,2658,0.39853882789611816,0
2944,2477,0.390074223279953,0
2944,1663,0.4204961955547333,0
2944,3957,0.3642483651638031,0
2944,175,0.39614495635032654,0
2944,3962,0.38099050521850586,0
1191,1191,0.35424327850341797,1
1191,2793,0.38353973627090454,0
1191,3507,0.3638514578342438,0
1191,1765,0.3841135501861572,0
1191,3072,0.39322054386138916,0
1191,3653,0.38864463567733765,0
1191,540,0.35757139325141907,0
1191,287,0.42640140652656555,0
1191,1528,0.36904752254486084,0
1191,2929,0.3725249469280243,0
1191,2188,0.47565245628356934,0
1191,2133,0.3709690272808075,0
1191,1409,0.405221551656723,0
1191,3809,0.36953258514404297,0
1191,1566,0.4348241984844208,0
1191,2391,0.34289833903312683,0
1191,280,0.3711273670196533,0
1191,1879,0.46912065148353577,0
1191,1082,0.43444958329200745,0
1191,1354,0.4276965260505676,0
4041,4041,0.38159677386283875,1
4041,2073,0.40740057826042175,0
4041,3645,0.37221214175224304,0
4041,3193,0.3795788288116455,0
4041,3714,0.38753458857536316,0
4041,1578,0.3979301452636719,0
4041,3135,0.3916570544242859,0
4041,872,0.4313805103302002,0
4041,1294,0.37847548723220825,0
4041,3554,0.3750791847705841,0
4041,1133,0.45693284273147583,0
4041,2524,0.394146203994751,0
4041,1942,0.3764674961566925,0
4041,3005,0.36873161792755127,0
4041,3128,0.4160969853401184,0
4041,763,0.5141878128051758,0
4041,3741,0.42564091086387634,0
4041,3300,0.3906427025794983,0
4041,2594,0.4165130853652954,0
4041,160,0.4028654396533966,0
1157,1157,0.45279744267463684,1
1157,595,0.41917482018470764,0
1157,3003,0.4060567021369934,0
1157,2176,0.41609078645706177,0
1157,299,0.39551571011543274,0
1157,2407,0.48768630623817444,0
1157,393,0.41657567024230957,0
1157,3982,0.3886304199695587,0
1157,1173,0.37502431869506836,0
1157,3674,0.37103670835494995,0
1157,767,0.4119812250137329,0
1157,3848,0.3896845281124115,0
1157,2618,0.40348342061042786,0
1157,1757,0.38480839133262634,0
1157,2594,0.42376241087913513,0
1157,2414,0.3662795126438141,0
1157,2659,0.3838486075401306,0
1157,3724,0.37257516384124756,0
1157,2894,0.3749021589756012,0
1157,417,0.4694916307926178,0
1863,1863,0.37616628408432007,1
1863,2852,0.35281768441200256,0
1863,3304,0.3682893216609955,0
1863,3791,0.3527035117149353,0
1863,3266,0.34652936458587646,0
1863,328,0.4703482389450073,0
1863,2460,0.4492659866809845,0
1863,1448,0.4782986640930176,0
1863,1805,0.3275998830795288,0
1863,604,0.5488431453704834,0
1863,741,0.3777228593826294,0
1863,238,0.3967009484767914,0
1863,3634,0.4026656746864319,0
1863,1712,0.4359561800956726,0
1863,1362,0.39926883578300476,0
1863,2750,0.4102174937725067,0
1863,1816,0.3728451430797577,0
1863,3113,0.37240105867385864,0
1863,1929,0.39867475628852844,0
1863,2114,0.5341219305992126,0
4147,4147,0.382247656583786,1
4147,1755,0.35680508613586426,0
4147,1860,0.435451865196228,0
4147,1599,0.3911205232143402,0
4147,2661,0.39503270387649536,0
4147,1454,0.4071466028690338,0
4147,2485,0.42416325211524963,0
4147,4109,0.36261963844299316,0
4147,3697,0.39423224329948425,0
4147,958,0.387923002243042,0
4147,610,0.42901596426963806,0
4147,3437,0.3577500879764557,0
4147,1241,0.3843705654144287,0
4147,4074,0.374925822019577,0
4147,2906,0.3460226356983185,0
4147,1696,0.3870565891265869,0
4147,3596,0.35778090357780457,0
4147,2696,0.35129502415657043,0
4147,3076,0.37445855140686035,0
4147,1487,0.44669604301452637,0
1068,1068,0.40797924995422363,1
1068,11,0.4246729612350464,0
1068,1927,0.38742244243621826,0
1068,2225,0.4074347913265228,0
1068,63,0.4590276777744293,0
1068,831,0.42175137996673584,0
1068,3631,0.36816442012786865,0
1068,1881,0.4565308094024658,0
1068,2935,0.3751802146434784,0
1068,1607,0.3653857707977295,0
1068,2833,0.38857796788215637,0
1068,3590,0.3748548626899719,0
1068,3097,0.37733685970306396,0
1068,3079,0.42424774169921875,0
1068,1051,0.452095627784729,0
1068,249,0.5037407875061035,0
1068,2189,0.4029058814048767,0
1068,3675,0.4485803246498108,0
1068,3645,0.3668351173400879,0
1068,1744,0.3459897041320801,0
2027,2027,0.33410412073135376,1
2027,2734,0.3198133409023285,0
2027,2893,0.34744447469711304,0
2027,2264,0.3447445034980774,0
2027,2961,0.3298904299736023,0
2027,3133,0.384230375289917,0
2027,3793,0.3257830739021301,0
2027,2836,0.3401821553707123,0
2027,3193,0.3378570079803467,0
2027,2220,0.3429498076438904,0
2027,3961,0.34624505043029785,0
2027,732,0.41982078552246094,0
2027,2251,0.34213581681251526,0
2027,1606,0.3328891396522522,0
2027,2240,0.3444209098815918,0
2027,1532,0.391430526971817,0
2027,2854,0.32691529393196106,0
2027,1042,0.36719003319740295,0
2027,3217,0.3498424291610718,0
2027,3115,0.4070470631122589,0
1622,1622,0.45041534304618835,1
1622,337,0.39650407433509827,0
1622,3664,0.3616439998149872,0
1622,2437,0.3653501868247986,0
1622,2967,0.382289320230484,0
1622,315,0.3631207346916199,0
1622,1963,0.3582843244075775,0
1622,2798,0.38322651386260986,0
1622,1686,0.35138773918151855,0
1622,3941,0.41912078857421875,0
1622,1213,0.35581669211387634,0
1622,2499,0.3624253273010254,0
1622,2282,0.3736230731010437,0
1622,3121,0.36479923129081726,0
1622,4058,0.3445280194282532,0
1622,2893,0.3526831567287445,0
1622,2576,0.3765183091163635,0
1622,3288,0.37692782282829285,0
1622,735,0.3948555588722229,0
1622,551,0.4350186884403229,0
3902,3902,0.37717926502227783,1
3902,1145,0.4243904948234558,0
3902,3450,0.3574296236038208,0
3902,232,0.4033268988132477,0
3902,2141,0.3656572103500366,0
3902,3152,0.3934497833251953,0
3902,2354,0.37431395053863525,0
3902,2068,0.40759044885635376,0
3902,2162,0.36976557970046997,0
3902,3905,0.37152034044265747,0
3902,1946,0.3583155572414398,0
3902,641,0.4257916808128357,0
3902,2250,0.3543790280818939,0
3902,2409,0.3719464838504791,0
3902,934,0.3671090304851532,0
3902,2146,0.35314345359802246,0
3902,2628,0.3731690049171448,0
3902,3837,0.40413400530815125,0
3902,48,0.3577200770378113,0
3902,2222,0.41331925988197327,0
3914,3914,0.37001264095306396,1
3914,2306,0.4026279151439667,0
3914,1564,0.3548184931278229,0
3914,977,0.39342546463012695,0
3914,3485,0.3715237081050873,0
3914,3520,0.3830348253250122,0
3914,686,0.39933905005455017,0
3914,708,0.3792145252227783,0
3914,2361,0.4645076096057892,0
3914,3219,0.3988780379295349,0
3914,1352,0.3903540372848511,0
3914,2171,0.44860777258872986,0
3914,944,0.381436824798584,0
3914,2421,0.36705532670021057,0
3914,1511,0.39458927512168884,0
3914,3694,0.380551278591156,0
3914,3047,0.3439016044139862,0
3914,2822,0.3759145438671112,0
3914,127,0.3804953098297119,0
3914,1338,0.36527934670448303,0
346,346,0.44435033202171326,1
346,2478,0.42034679651260376,0
346,3725,0.38708484172821045,0
346,1163,0.3903861939907074,0
346,1331,0.37039029598236084,0
346,2679,0.4082795977592468,0
346,323,0.39601871371269226,0
346,4145,0.39071428775787354,0
346,1606,0.36126792430877686,0
346,3523,0.40793341398239136,0
346,648,0.42546749114990234,0
346,161,0.4107321798801422,0
346,754,0.44695743918418884,0
346,3497,0.37283942103385925,0
346,4059,0.3910009562969208,0
346,2025,0.4224780201911926,0
346,2728,0.39836424589157104,0
346,3598,0.37491121888160706,0
346,4060,0.37358802556991577,0
346,1830,0.3985162377357483,0
2592,2592,0.35280829668045044,1
2592,674,0.3503072261810303,0
2592,3951,0.3543536961078644,0
2592,2867,0.3910834789276123,0
2592,3718,0.35392966866493225,0
2592,2629,0.3865126073360443,0
2592,4128,0.3506777286529541,0
2592,1191,0.33840084075927734,0
2592,555,0.36859244108200073,0
2592,1011,0.37609562277793884,0
2592,3678,0.360963374376297,0
2592,3610,0.37593746185302734,0
2592,3445,0.35313451290130615,0
2592,2321,0.4258675277233124,0
2592,186,0.3353559672832489,0
2592,4172,0.3684927225112915,0
2592,3589,0.3648376166820526,0
2592,1339,0.3663242757320404,0
2592,2423,0.4467533826828003,0
2592,3362,0.3719164729118347,0
1114,1114,0.40584608912467957,1
1114,2161,0.36995846033096313,0
1114,819,0.4091196060180664,0
1114,1851,0.36251845955848694,0
1114,837,0.439734548330307,0
1114,2169,0.354538232088089,0
1114,612,0.38379043340682983,0
1114,217,0.35437649488449097,0
1114,1978,0.3908737897872925,0
1114,3856,0.3540010154247284,0
1114,1524,0.35190775990486145,0
1114,3321,0.3708508014678955,0
1114,207,0.4036030173301697,0
1114,1096,0.38908860087394714,0
1114,418,0.35217154026031494,0
1114,982,0.4263398349285126,0
1114,2988,0.35889729857444763,0
1114,2397,0.41162925958633423,0
1114,1231,0.41696128249168396,0
1114,2673,0.371175080537796,0
4163,4163,0.3568052351474762,1
4163,132,0.4567975401878357,0
4163,2316,0.3509598672389984,0
4163,725,0.41448256373405457,0
4163,1417,0.3863770663738251,0
4163,603,0.42257899045944214,0
4163,3324,0.3806195557117462,0
4163,548,0.41277948021888733,0
4163,4089,0.3818630576133728,0
4163,493,0.390593022108078,0
4163,1716,0.38888463377952576,0
4163,4091,0.3739795684814453,0
4163,1755,0.37550631165504456,0
4163,265,0.4398156702518463,0
4163,159,0.4298197031021118,0
4163,1706,0.4802151620388031,0
4163,806,0.44298499822616577,0
4163,1270,0.39306727051734924,0
4163,1747,0.4993765652179718,0
4163,1027,0.3875691592693329,0
1741,1741,0.4204027056694031,1
1741,291,0.40638095140457153,0
1741,693,0.3565806448459625,0
1741,717,0.35778945684432983,0
1741,3272,0.3284309506416321,0
1741,743,0.4147073030471802,0
1741,3150,0.3392884135246277,0
1741,2421,0.35775455832481384,0
1741,3290,0.35055118799209595,0
1741,1712,0.41969943046569824,0
1741,2367,0.34645313024520874,0
1741,3560,0.3395140469074249,0
1741,3466,0.3444114029407501,0
1741,4004,0.3456747531890869,0
1741,1134,0.3491663932800293,0
1741,3645,0.3455943763256073,0
1741,885,0.3923518657684326,0
1741,1574,0.4243578612804413,0
1741,1672,0.3531608581542969,0
1741,3684,0.3525645434856415,0
542,542,0.4405181109905243,1
542,813,0.38096967339515686,0
542,3262,0.3685712516307831,0
542,1177,0.38028520345687866,0
542,3621,0.36652320623397827,0
542,2234,0.3597218990325928,0
542,34,0.3867369592189789,0
542,759,0.37384259700775146,0
542,45,0.3578639626502991,0
542,192,0.38173723220825195,0
542,2427,0.3698192238807678,0
542,2259,0.35064372420310974,0
542,65,0.42365238070487976,0
542,1396,0.4200822412967682,0
542,3943,0.36123546957969666,0
542,414,0.3887937366962433,0
542,1730,0.3643730878829956,0
542,1775,0.357034295797348,0
542,608,0.39795395731925964,0
542,2720,0.4664585590362549,0
973,973,0.3841685950756073,1
973,3437,0.3697833716869354,0
973,852,0.4592704176902771,0
973,504,0.38269901275634766,0
973,1827,0.4031231701374054,0
973,3029,0.38963550329208374,0
973,2078,0.38265424966812134,0
973,1028,0.40329858660697937,0
973,3134,0.4120650291442871,0
973,3073,0.41446176171302795,0
973,2771,0.3658503293991089,0
973,1880,0.4105488359928131,0
973,2967,0.43165695667266846,0
973,843,0.4386674165725708,0
973,2497,0.396495521068573,0
973,921,0.4232051968574524,0
973,2257,0.3689638376235962,0
973,1640,0.45857375860214233,0
973,323,0.37388285994529724,0
973,302,0.4513050317764282,0
422,422,0.4548790454864502,1
422,4146,0.3599693775177002,0
422,151,0.38524118065834045,0
422,3814,0.44502851366996765,0
422,874,0.4357311427593231,0
422,2250,0.36921048164367676,0
422,1080,0.38980674743652344,0
422,1705,0.3502310812473297,0
422,1944,0.41857054829597473,0
422,1581,0.3535884916782379,0
422,2730,0.3614456057548523,0
422,464,0.3855351209640503,0
422,28,0.3965952396392822,0
422,1859,0.37428075075149536,0
422,3685,0.35494789481163025,0
422,3143,0.36903446912765503,0
422,52,0.3927934169769287,0
422,2227,0.3979937732219696,0
422,1285,0.4158594608306885,0
422,2140,0.37952783703804016,0
1464,1464,0.39269915223121643,1
1464,3794,0.34360140562057495,0
1464,317,0.40047553181648254,0
1464,3406,0.36314845085144043,0
1464,1820,0.38511043787002563,0
1464,291,0.39276593923568726,0
1464,2625,0.37190333008766174,0
1464,1255,0.351784348487854,0
1464,3038,0.3645244538784027,0
1464,3983,0.3628593385219574,0
1464,2876,0.39663007855415344,0
1464,3110,0.36058589816093445,0
1464,2426,0.3757602870464325,0
1464,728,0.38633620738983154,0
1464,1396,0.39580434560775757,0
1464,72,0.4256897568702698,0
1464,231,0.3949650526046753,0
1464,2358,0.34298279881477356,0
1464,3790,0.36002159118652344,0
1464,2302,0.368489533662796,0
1130,1130,0.44353100657463074,1
1130,582,0.379839688539505,0
1130,2453,0.3914598524570465,0
1130,1596,0.3850213885307312,0
1130,1795,0.3720158338546753,0
1130,2962,0.3887309432029724,0
1130,1654,0.3881961405277252,0
1130,1308,0.3740910291671753,0
1130,2622,0.3528911769390106,0
1130,1559,0.36142465472221375,0
1130,1850,0.4112999439239502,0
1130,1470,0.37150031328201294,0
1130,348,0.4951692223548889,0
1130,1883,0.4260248839855194,0
1130,3418,0.3614802062511444,0
1130,2443,0.4073942303657532,0
1130,4,0.368469774723053,0
1130,2950,0.3637963831424713,0
1130,2146,0.3662245571613312,0
1130,3440,0.3666240870952606,0
4174,4174,0.34081846475601196,1
4174,1818,0.42169398069381714,0
4174,2772,0.3617307245731354,0
4174,2175,0.3535726070404053,0
4174,2838,0.43519845604896545,0
4174,4161,0.36712050437927246,0
4174,2646,0.3430142104625702,0
4174,1985,0.356395423412323,0
4174,2845,0.3502866327762604,0
4174,2917,0.4597247242927551,0
4174,1253,0.33479273319244385,0
4174,3130,0.3565075695514679,0
4174,739,0.3921941816806793,0
4174,2776,0.3444546163082123,0
4174,2559,0.3510228395462036,0
4174,580,0.4138960838317871,0
4174,3362,0.3638059198856354,0
4174,3116,0.39157208800315857,0
4174,3334,0.360786497592926,0
4174,2048,0.3380008935928345,0
986,986,0.3879566788673401,1
986,588,0.4443788528442383,0
986,243,0.3828619122505188,0
986,173,0.4095579981803894,0
986,1131,0.35927534103393555,0
986,785,0.37353822588920593,0
986,3760,0.37190231680870056,0
986,111,0.42097753286361694,0
986,95,0.4212999939918518,0
986,274,0.40248656272888184,0
986,674,0.3578254282474518,0
986,3010,0.457431435585022,0
986,2480,0.3913346529006958,0
986,2948,0.35471123456954956,0
986,434,0.41148892045021057,0
986,2315,0.4370906949043274,0
986,2676,0.38359200954437256,0
986,1839,0.4504212737083435,0
986,1164,0.36691781878471375,0
986,4026,0.382858008146286,0
2158,2158,0.3393426239490509,1
2158,1450,0.3554380536079407,0
2158,56,0.4232006072998047,0
2158,954,0.36705848574638367,0
2158,3116,0.3742450475692749,0
2158,1391,0.35963672399520874,0
2158,2318,0.4540322721004486,0
2158,2834,0.3403822183609009,0
2158,3982,0.3658412992954254,0
2158,3377,0.36211323738098145,0
2158,3848,0.36315518617630005,0
2158,2696,0.3494023382663727,0
2158,1923,0.3793743848800659,0
2158,2859,0.3399759829044342,0
2158,976,0.3563891649246216,0
2158,2355,0.3641839325428009,0
2158,2931,0.35862743854522705,0
2158,77,0.3600206673145294,0
2158,2652,0.39608946442604065,0
2158,1353,0.3460959792137146,0
3204,3204,0.3482913374900818,1
3204,2521,0.36479055881500244,0
3204,1295,0.3742271065711975,0
3204,2752,0.38525474071502686,0
3204,3437,0.3744874596595764,0
3204,266,0.36324751377105713,0
3204,3269,0.3651728630065918,0
3204,197,0.3742205500602722,0
3204,14,0.39634382724761963,0
3204,3858,0.3827296793460846,0
3204,3038,0.37775981426239014,0
3204,120,0.396636039018631,0
3204,2459,0.3634689748287201,0
3204,4045,0.37196043133735657,0
3204,838,0.44675299525260925,0
3204,2658,0.41163837909698486,0
3204,3770,0.37345200777053833,0
3204,2532,0.4109307825565338,0
3204,1462,0.4032648801803589,0
3204,2875,0.41130444407463074,0
677,677,0.35529255867004395,1
677,509,0.3783741891384125,0
677,3977,0.3671761155128479,0
677,1666,0.37909919023513794,0
677,242,0.437832772731781,0
677,3337,0.4272344708442688,0
677,2432,0.3741142153739929,0
677,3988,0.33424612879753113,0
677,3795,0.35087376832962036,0
677,87,0.3909454345703125,0
677,1482,0.35132572054862976,0
677,495,0.39914169907569885,0
677,3104,0.3623823821544647,0
677,3637,0.366050124168396,0
677,3381,0.40518438816070557,0
677,927,0.35196173191070557,0
677,970,0.37714895606040955,0
677,3432,0.3817899227142334,0
677,2847,0.362887978553772,0
677,3191,0.374487042427063,0
3122,3122,0.35258248448371887,1
3122,549,0.4127759039402008,0
3122,2892,0.3649556040763855,0
3122,4078,0.37568965554237366,0
3122,2924,0.3718295097351074,0
3122,227,0.33901312947273254,0
3122,2748,0.3321508765220642,0
3122,103,0.3684113323688507,0
3122,2664,0.38588425517082214,0
3122,1685,0.3495626449584961,0
3122,3257,0.40031927824020386,0
3122,443,0.38377806544303894,0
3122,2293,0.3460015654563904,0
3122,1022,0.3631378710269928,0
3122,1669,0.37033361196517944,0
3122,3547,0.3946051299571991,0
3122,3649,0.3490615487098694,0
3122,85,0.41927215456962585,0
3122,2872,0.33878418803215027,0
3122,3364,0.35687389969825745,0
3672,3672,0.3509623110294342,1
3672,1919,0.3468514084815979,0
3672,2300,0.4292759597301483,0
3672,1349,0.3663986325263977,0
3672,299,0.3826843798160553,0
3672,2318,0.48137181997299194,0
3672,492,0.4260883629322052,0
3672,4144,0.35685569047927856,0
3672,2616,0.34020647406578064,0
3672,958,0.36113303899765015,0
3672,1484,0.37145474553108215,0
3672,2196,0.34871214628219604,0
3672,1487,0.4480533003807068,0
3672,442,0.3857897222042084,0
3672,2852,0.34425583481788635,0
3672,3734,0.34420210123062134,0
3672,178,0.43850189447402954,0
3672,208,0.3843611478805542,0
3672,2853,0.3572874665260315,0
3672,1156,0.38995176553726196,0
3890,3890,0.35914480686187744,1
3890,884,0.35988569259643555,0
3890,3842,0.4129757285118103,0
3890,2266,0.4032706916332245,0
3890,2008,0.365602046251297,0
3890,3807,0.39053112268447876,0
3890,1815,0.439782977104187,0
3890,1386,0.41128867864608765,0
3890,2340,0.37557560205459595,0
3890,2196,0.38992732763290405,0
3890,1361,0.3856911361217499,0
3890,165,0.4697176218032837,0
3890,3232,0.40382102131843567,0
3890,1440,0.3803028464317322,0
3890,2970,0.4222399592399597,0
3890,2056,0.397065669298172,0
3890,988,0.3641461133956909,0
3890,3184,0.4230755865573883,0
3890,183,0.3642283082008362,0
3890,1334,0.4183247685432434,0
1415,1415,0.43849244713783264,1
1415,2878,0.3636052906513214,0
1415,1139,0.3861774206161499,0
1415,2761,0.36216169595718384,0
1415,3216,0.37930524349212646,0
1415,2569,0.3792688548564911,0
1415,1613,0.3440674841403961,0
1415,2714,0.3760067820549011,0
1415,3891,0.3612375855445862,0
1415,4135,0.39092954993247986,0
1415,2954,0.39266592264175415,0
1415,668,0.37244248390197754,0
1415,2101,0.366426944732666,0
1415,2671,0.4025500416755676,0
1415,1287,0.41617852449417114,0
1415,391,0.3668239414691925,0
1415,1618,0.3500789403915405,0
1415,3829,0.38378971815109253,0
1415,3968,0.37144264578819275,0
1415,2904,0.3700425326824188,0
268,268,0.37467026710510254,1
268,298,0.4545895755290985,0
268,2353,0.3729260265827179,0
268,750,0.39175179600715637,0
268,3135,0.38879379630088806,0
268,544,0.37506306171417236,0
268,1430,0.40158963203430176,0
268,3883,0.4019315540790558,0
268,2706,0.34825506806373596,0
268,401,0.525550901889801,0
268,656,0.44787174463272095,0
268,545,0.44571220874786377,0
268,1706,0.47261926531791687,0
268,1547,0.43328744173049927,0
268,2322,0.4133533835411072,0
268,591,0.4038349390029907,0
268,2866,0.40733441710472107,0
268,2879,0.38470458984375,0
268,1683,0.4109707176685333,0
268,730,0.40258949995040894,0
2760,2760,0.37687745690345764,1
2760,1107,0.36237388849258423,0
2760,2493,0.33552849292755127,0
2760,1909,0.3569820523262024,0
2760,2831,0.34355786442756653,0
2760,2046,0.37555140256881714,0
2760,1839,0.39210981130599976,0
2760,220,0.357844740152359,0
2760,687,0.3842518925666809,0
2760,8,0.38467028737068176,0
2760,726,0.34688907861709595,0
2760,3275,0.39896082878112793,0
2760,573,0.3895643353462219,0
2760,3029,0.3510928452014923,0
2760,3222,0.3618486821651459,0
2760,1187,0.348215788602829,0
2760,4103,0.3681311011314392,0
2760,3218,0.41095298528671265,0
2760,531,0.366860032081604,0
2760,176,0.37596166133880615,0
2395,2395,0.41539180278778076,1
2395,2629,0.40412795543670654,0
2395,1044,0.40483641624450684,0
2395,2385,0.3424147367477417,0
2395,3922,0.39183899760246277,0
2395,3511,0.3860223591327667,0
2395,4047,0.3515707850456238,0
2395,1414,0.357123464345932,0
2395,1250,0.4540589451789856,0
2395,2437,0.39239445328712463,0
2395,394,0.4239230155944824,0
2395,2241,0.3685772120952606,0
2395,2703,0.3648154139518738,0
2395,4139,0.38961896300315857,0
2395,81,0.4088863134384155,0
2395,2215,0.37676095962524414,0
2395,2876,0.41308334469795227,0
2395,3423,0.41313034296035767,0
2395,2391,0.35541918873786926,0
2395,448,0.4523518681526184,0
254,254,0.35351744294166565,1
254,1651,0.3665691018104553,0
254,492,0.4028416872024536,0
254,2970,0.3907039165496826,0
254,3325,0.3507418930530548,0
254,474,0.3535403609275818,0
254,2118,0.3528248965740204,0
254,1669,0.38872647285461426,0
254,3306,0.3916482627391815,0
254,3600,0.38716384768486023,0
254,3662,0.37732499837875366,0
254,1402,0.3688739538192749,0
254,2588,0.3776685893535614,0
254,432,0.3921337425708771,0
254,2352,0.3854876160621643,0
254,469,0.3565872311592102,0
254,3399,0.36019423604011536,0
254,1717,0.3738574981689453,0
254,3769,0.3834363520145416,0
254,2814,0.3731035888195038,0
641,641,0.4157935678958893,1
641,301,0.38565799593925476,0
641,955,0.37815922498703003,0
641,2033,0.42745697498321533,0
641,4056,0.3595704138278961,0
641,3046,0.3658921718597412,0
641,148,0.3605993092060089,0
641,57,0.36708372831344604,0
641,2736,0.3312879800796509,0
641,885,0.38418370485305786,0
641,2905,0.3612743318080902,0
641,3320,0.4127557873725891,0
641,3371,0.3704491853713989,0
641,1682,0.38692474365234375,0
641,3883,0.36294370889663696,0
641,2639,0.4518110156059265,0
641,2183,0.34837424755096436,0
641,582,0.356514036655426,0
641,2215,0.3501553237438202,0
641,3216,0.36361515522003174,0
2116,2116,0.4272545874118805,1
2116,3066,0.41168099641799927,0
2116,160,0.3762136399745941,0
2116,2964,0.35379233956336975,0
2116,1063,0.37426596879959106,0
2116,1268,0.34152334928512573,0
2116,1715,0.3857806324958801,0
2116,1442,0.40531206130981445,0
2116,2892,0.3526529371738434,0
2116,3117,0.33828139305114746,0
2116,1084,0.409262090921402,0
2116,3275,0.3986707031726837,0
2116,3096,0.3663439452648163,0
2116,2976,0.3861429989337921,0
2116,539,0.34862107038497925,0
2116,3858,0.3651013672351837,0
2116,2640,0.33407044410705566,0
2116,3886,0.3559195101261139,0
2116,1516,0.39276888966560364,0
2116,2130,0.40715262293815613,0
3649,3649,0.3556537926197052,1
3649,1850,0.39392104744911194,0
3649,1849,0.35890403389930725,0
3649,3188,0.39151063561439514,0
3649,2884,0.3647712767124176,0
3649,1499,0.3642456531524658,0
3649,3400,0.42415401339530945,0
3649,1000,0.4054514765739441,0
3649,1836,0.4452430009841919,0
3649,3245,0.39693787693977356,0
3649,171,0.4510149657726288,0
3649,1100,0.3836272656917572,0
3649,3392,0.36187395453453064,0
3649,2033,0.44584786891937256,0
3649,2056,0.3997056186199188,0
3649,4136,0.4188796281814575,0
3649,3149,0.42562758922576904,0
3649,3518,0.3656530976295471,0
3649,60,0.4008944630622864,0
3649,90,0.4682963490486145,0
547,547,0.40855658054351807,1
547,2253,0.3717997372150421,0
547,4106,0.36593303084373474,0
547,2419,0.37216058373451233,0
547,2445,0.3828192353248596,0
547,4057,0.33888179063796997,0
547,575,0.4221881330013275,0
547,2415,0.4503059387207031,0
547,4116,0.3804384171962738,0
547,1819,0.453773558139801,0
547,1760,0.3802894949913025,0
547,1893,0.3722514808177948,0
547,602,0.38950303196907043,0
547,2609,0.3688585162162781,0
547,1687,0.36928701400756836,0
547,2693,0.37636733055114746,0
547,1680,0.444943368434906,0
547,1000,0.4491543471813202,0
547,18,0.41225171089172363,0
547,1803,0.3601875305175781,0
282,282,0.4145253002643585,1
282,2119,0.3890659809112549,0
282,2679,0.3998619318008423,0
282,76,0.46762940287590027,0
282,2120,0.45619097352027893,0
282,99,0.4192957580089569,0
282,2929,0.36587193608283997,0
282,2964,0.374068945646286,0
282,1699,0.3621375560760498,0
282,618,0.40049389004707336,0
282,2296,0.38886985182762146,0
282,1532,0.4419519007205963,0
282,456,0.37699219584465027,0
282,911,0.41441866755485535,0
282,3654,0.4277949035167694,0
282,2241,0.3733537793159485,0
282,2886,0.3720035254955292,0
282,943,0.38850605487823486,0
282,4035,0.3931482434272766,0
282,2188,0.4842267334461212,0
3657,3657,0.36542966961860657,1
3657,2748,0.33256110548973083,0
3657,2081,0.35951265692710876,0
3657,2476,0.4063898026943207,0
3657,2463,0.3679192066192627,0
3657,3752,0.3789060413837433,0
3657,1355,0.38972681760787964,0
3657,890,0.39656394720077515,0
3657,102,0.4050910770893097,0
3657,3042,0.3731216490268707,0
3657,3051,0.3623076379299164,0
3657,3471,0.38946548104286194,0
3657,1424,0.3706221580505371,0
3657,3582,0.3536529839038849,0
3657,3441,0.429012268781662,0
3657,3854,0.3609040081501007,0
3657,3171,0.36287903785705566,0
3657,902,0.43973928689956665,0
3657,407,0.3637288212776184,0
3657,1679,0.382678747177124,0
2802,2802,0.3907345235347748,1
2802,2664,0.3952920734882355,0
2802,720,0.37617629766464233,0
2802,2714,0.39577940106391907,0
2802,3703,0.340656042098999,0
2802,3107,0.37678614258766174,0
2802,2534,0.3961476683616638,0
2802,3083,0.3864085078239441,0
2802,696,0.4541966915130615,0
2802,2056,0.40103286504745483,0
2802,2416,0.40713971853256226,0
2802,381,0.4292994737625122,0
2802,617,0.3614186644554138,0
2802,1232,0.42673537135124207,0
2802,3684,0.35625213384628296,0
2802,3294,0.37417420744895935,0
2802,3767,0.40470090508461,0
2802,2848,0.38872700929641724,0
2802,1462,0.41087156534194946,0
2802,989,0.4243304133415222,0
2675,2675,0.38133570551872253,1
2675,1243,0.4051958918571472,0
2675,2298,0.40897274017333984,0
2675,2914,0.38865596055984497,0
2675,395,0.3762843608856201,0
2675,936,0.419155478477478,0
2675,2694,0.3580072522163391,0
2675,1424,0.3795609474182129,0
2675,35,0.39664581418037415,0
2675,141,0.39322519302368164,0
2675,1802,0.40120115876197815,0
2675,414,0.39510083198547363,0
2675,185,0.41083014011383057,0
2675,3084,0.3796375095844269,0
2675,712,0.4001839756965637,0
2675,2657,0.3594447374343872,0
2675,870,0.391536682844162,0
2675,1840,0.4554794132709503,0
2675,1486,0.35856255888938904,0
2675,1161,0.35776859521865845,0
517,517,0.42775651812553406,1
517,3376,0.39055219292640686,0
517,1137,0.37510693073272705,0
517,832,0.35580506920814514,0
517,3431,0.41153082251548767,0
517,95,0.40361636877059937,0
517,54,0.36899200081825256,0
517,2199,0.39677858352661133,0
517,1055,0.34842541813850403,0
517,1891,0.3940964341163635,0
517,479,0.42929744720458984,0
517,836,0.3984784483909607,0
517,460,0.42253074049949646,0
517,3178,0.3771384060382843,0
517,3869,0.3809124231338501,0
517,4165,0.36075741052627563,0
517,3418,0.35756510496139526,0
517,68,0.3608829081058502,0
517,4030,0.3557707965373993,0
517,3328,0.3503779172897339,0
3561,3561,0.39259228110313416,1
3561,3927,0.398472398519516,0
3561,1392,0.40868455171585083,0
3561,1499,0.3867034912109375,0
3561,280,0.3775160312652588,0
3561,3350,0.4198848009109497,0
3561,496,0.43566232919692993,0
3561,3591,0.38026124238967896,0
3561,2379,0.45390281081199646,0
3561,1316,0.3574209213256836,0
3561,2479,0.45157742500305176,0
3561,2629,0.43191495537757874,0
3561,2546,0.4250544309616089,0
3561,3808,0.4146686792373657,0
3561,1440,0.3708443343639374,0
3561,1646,0.4322758615016937,0
3561,3121,0.3975280821323395,0
3561,2551,0.37401148676872253,0
3561,969,0.43952620029449463,0
3561,2671,0.4406661093235016,0
2404,2404,0.35674941539764404,1
2404,987,0.3738440275192261,0
2404,416,0.3332984745502472,0
2404,327,0.3186672627925873,0
2404,2614,0.37118491530418396,0
2404,3983,0.3427603542804718,0
2404,2616,0.3548615574836731,0
2404,1721,0.3381432294845581,0
2404,915,0.34898045659065247,0
2404,3731,0.36173340678215027,0
2404,1366,0.3899644911289215,0
2404,1273,0.3742716312408447,0
2404,1630,0.3493601679801941,0
2404,2924,0.35569626092910767,0
2404,2745,0.3574744760990143,0
2404,3903,0.33397409319877625,0
2404,763,0.46127137541770935,0
2404,2221,0.34722426533699036,0
2404,1823,0.3624163269996643,0
2404,4148,0.32229363918304443,0
3873,3873,0.37209352850914,1
3873,3545,0.3383867144584656,0
3873,1468,0.3517158329486847,0
3873,3090,0.3746599555015564,0
3873,4115,0.3277718126773834,0
3873,3283,0.35377079248428345,0
3873,2902,0.4053528308868408,0
3873,2742,0.4180510640144348,0
3873,3081,0.3494230806827545,0
3873,179,0.3432762026786804,0
3873,1888,0.38178446888923645,0
3873,1211,0.36411765217781067,0
3873,1578,0.3776519298553467,0
3873,790,0.3624391555786133,0
3873,2918,0.3530280590057373,0
3873,3616,0.3627488613128662,0
3873,232,0.37843963503837585,0
3873,244,0.4124353229999542,0
3873,2986,0.4046788811683655,0
3873,3049,0.3637619614601135,0
2687,2687,0.3919813930988312,1
2687,3954,0.38434693217277527,0
2687,2866,0.42737311124801636,0
2687,2944,0.385545939207077,0
2687,867,0.4475916028022766,0
2687,1766,0.43444716930389404,0
2687,2921,0.41245126724243164,0
2687,690,0.4200989902019501,0
2687,179,0.37747156620025635,0
2687,3385,0.40132936835289,0
2687,827,0.4603188931941986,0
2687,639,0.4601967930793762,0
2687,1851,0.39110419154167175,0
2687,447,0.4501579999923706,0
2687,122,0.45941001176834106,0
2687,1680,0.4976242482662201,0
2687,3916,0.37606140971183777,0
2687,4064,0.4388647973537445,0
2687,494,0.3823961913585663,0
2687,3751,0.3907933235168457,0
1606,1606,0.3630833029747009,1
1606,2791,0.44009390473365784,0
1606,3294,0.3605893552303314,0
1606,1474,0.40244823694229126,0
1606,3354,0.42353636026382446,0
1606,1590,0.4109073877334595,0
1606,224,0.4452221095561981,0
1606,3204,0.3470938205718994,0
1606,2115,0.3679960370063782,0
1606,164,0.48028939962387085,0
1606,631,0.4102708399295807,0
1606,3017,0.4082737863063812,0
1606,1791,0.44048774242401123,0
1606,118,0.3665107786655426,0
1606,1202,0.42664965987205505,0
1606,3393,0.43592673540115356,0
1606,1055,0.3748564124107361,0
1606,2376,0.42269256711006165,0
1606,1555,0.4074731767177582,0
1606,4171,0.3615817427635193,0
302,302,0.4518968164920807,1
302,1372,0.3588780164718628,0
302,112,0.37679585814476013,0
302,1373,0.3672862648963928,0
302,4070,0.35213249921798706,0
302,381,0.41805410385131836,0
302,2684,0.4058677554130554,0
302,659,0.34152665734291077,0
302,3088,0.3704913556575775,0
302,224,0.4135194718837738,0
302,1807,0.402154803276062,0
302,561,0.37820500135421753,0
302,2759,0.355770081281662,0
302,634,0.3669697046279907,0
302,4114,0.3694474995136261,0
302,2127,0.3487319052219391,0
302,3678,0.3617895841598511,0
302,2781,0.35397985577583313,0
302,114,0.41552481055259705,0
302,2011,0.3824114501476288,0
1755,1755,0.3703990578651428,1
1755,2895,0.3524668216705322,0
1755,4117,0.37220966815948486,0
1755,2827,0.3364083468914032,0
1755,122,0.4280776381492615,0
1755,3399,0.364980548620224,0
1755,840,0.3770463764667511,0
1755,3849,0.3603563904762268,0
1755,2318,0.471583753824234,0
1755,788,0.37322884798049927,0
1755,1137,0.37969866394996643,0
1755,3511,0.3769053518772125,0
1755,1344,0.35396504402160645,0
1755,2088,0.4302683472633362,0
1755,2129,0.39769095182418823,0
1755,424,0.43839940428733826,0
1755,3962,0.3842640817165375,0
1755,3704,0.3721252977848053,0
1755,2029,0.42244383692741394,0
1755,3460,0.43608444929122925,0
2784,2784,0.37309712171554565,1
2784,3577,0.3668455183506012,0
2784,3541,0.3351171016693115,0
2784,3278,0.3613367974758148,0
2784,2704,0.3929365873336792,0
2784,3611,0.36729395389556885,0
2784,28,0.4016786515712738,0
2784,3782,0.38362762331962585,0
2784,3086,0.35333144664764404,0
2784,1306,0.4653439521789551,0
2784,2366,0.3866006135940552,0
2784,4007,0.33130067586898804,0
2784,492,0.4416089355945587,0
2784,2615,0.3597943186759949,0
2784,2715,0.3479406237602234,0
2784,1100,0.3750273585319519,0
2784,3732,0.3572637736797333,0
2784,1520,0.4619242548942566,0
2784,3579,0.35434505343437195,0
2784,1517,0.41138866543769836,0
127,127,0.40570297837257385,1
127,3179,0.35694634914398193,0
127,2958,0.3991827964782715,0
127,2534,0.4107436537742615,0
127,3288,0.40538400411605835,0
127,3822,0.3499815762042999,0
127,2878,0.38503268361091614,0
127,1802,0.42096200585365295,0
127,3644,0.3917118012905121,0
127,3598,0.3854578137397766,0
127,4038,0.38758328557014465,0
127,1377,0.41829830408096313,0
127,3377,0.389885276556015,0
127,2721,0.40270188450813293,0
127,4135,0.428133487701416,0
127,1417,0.37855052947998047,0
127,3408,0.4031907916069031,0
127,2851,0.37254923582077026,0
127,713,0.4312491714954376,0
127,3550,0.38001856207847595,0
1087,1087,0.36620038747787476,1
1087,1534,0.3692563772201538,0
1087,673,0.3767116069793701,0
1087,268,0.39273449778556824,0
1087,881,0.39808225631713867,0
1087,2287,0.35528746247291565,0
1087,396,0.3978630304336548,0
1087,2439,0.3533882796764374,0
1087,539,0.3550184667110443,0
1087,2691,0.3908124268054962,0
1087,431,0.3734724819660187,0
1087,3193,0.3592820167541504,0
1087,4132,0.37984538078308105,0
1087,2194,0.38356947898864746,0
1087,2613,0.34817183017730713,0
1087,466,0.4070109724998474,0
1087,552,0.37790656089782715,0
1087,3689,0.3581264019012451,0
1087,3739,0.3988935053348541,0
1087,3404,0.4232296645641327,0
34,34,0.32767173647880554,1
34,3874,0.3782663345336914,0
34,1015,0.35299253463745117,0
34,3445,0.34394025802612305,0
34,3820,0.36796876788139343,0
34,3061,0.4281613826751709,0
34,1882,0.3560872972011566,0
34,2818,0.35426872968673706,0
34,2262,0.4206664562225342,0
34,2003,0.3628511130809784,0
34,3515,0.35399329662323,0
34,995,0.3411664366722107,0
34,1881,0.4157382845878601,0
34,1199,0.3560163676738739,0
34,1336,0.3369665741920471,0
34,648,0.39681413769721985,0
34,3157,0.3640785217285156,0
34,3618,0.3472748398780823,0
34,3462,0.34263864159584045,0
34,954,0.37268489599227905,0
1043,1043,0.37047338485717773,1
1043,2254,0.35511845350265503,0
1043,3869,0.3693048655986786,0
1043,1282,0.4499650001525879,0
1043,187,0.40748175978660583,0
1043,2252,0.390857070684433,0
1043,2321,0.39647677540779114,0
1043,2889,0.36104124784469604,0
1043,2310,0.3738277852535248,0
1043,365,0.3813420534133911,0
1043,1323,0.3916245400905609,0
1043,2781,0.3549438416957855,0
1043,906,0.4040699005126953,0
1043,2971,0.38120323419570923,0
1043,3512,0.34492912888526917,0
1043,1607,0.34763720631599426,0
1043,1066,0.42076972126960754,0
1043,3740,0.4014202952384949,0
1043,1901,0.39518290758132935,0
1043,146,0.4509109556674957,0
1482,1482,0.36947399377822876,1
1482,2120,0.45642024278640747,0
1482,1128,0.3945940434932709,0
1482,1126,0.3703663945198059,0
1482,387,0.44384974241256714,0
1482,1333,0.37566879391670227,0
1482,2164,0.3812987804412842,0
1482,3118,0.3716249167919159,0
1482,1801,0.3671087920665741,0
1482,885,0.4005787670612335,0
1482,1866,0.38344117999076843,0
1482,1663,0.4531501233577728,0
1482,2662,0.3705553412437439,0
1482,1561,0.4323376715183258,0
1482,4075,0.3942438066005707,0
1482,346,0.4158114790916443,0
1482,3941,0.45775049924850464,0
1482,3998,0.41073960065841675,0
1482,1492,0.4490635097026825,0
1482,3651,0.3867882788181305,0
2680,2680,0.37750670313835144,1
2680,3769,0.4089791178703308,0
2680,1980,0.3584069311618805,0
2680,1117,0.4493871331214905,0
2680,3082,0.4232334494590759,0
2680,1539,0.45418569445610046,0
2680,3120,0.38615021109580994,0
2680,3782,0.42029404640197754,0
2680,2907,0.36123767495155334,0
2680,1159,0.38773593306541443,0
2680,1589,0.428448885679245,0
2680,4085,0.4454721510410309,0
2680,3872,0.368998259305954,0
2680,3069,0.37637290358543396,0
2680,1854,0.3827606439590454,0
2680,2164,0.38772884011268616,0
2680,1625,0.38185426592826843,0
2680,3293,0.3948824107646942,0
2680,1915,0.39626795053482056,0
2680,568,0.4258061349391937,0
1917,1917,0.4199584722518921,1
1917,279,0.4146728515625,0
1917,3400,0.44725796580314636,0
1917,3326,0.4306963086128235,0
1917,2479,0.4490319490432739,0
1917,183,0.3638211488723755,0
1917,1615,0.37985146045684814,0
1917,4113,0.37022268772125244,0
1917,3719,0.39315903186798096,0
1917,2897,0.4013034403324127,0
1917,1459,0.4392806589603424,0
1917,663,0.37205225229263306,0
1917,4042,0.3618418574333191,0
1917,3204,0.3601734936237335,0
1917,1118,0.5074129700660706,0
1917,289,0.38577935099601746,0
1917,1164,0.3787936568260193,0
1917,2461,0.38366591930389404,0
1917,609,0.44041210412979126,0
1917,469,0.3833578824996948,0
1697,1697,0.3718699514865875,1
1697,1887,0.3652670383453369,0
1697,2635,0.3661344647407532,0
1697,4130,0.39663514494895935,0
1697,1714,0.36684659123420715,0
1697,620,0.364907443523407,0
1697,2479,0.407755583524704,0
1697,135,0.41130733489990234,0
1697,493,0.38480591773986816,0
1697,84,0.4364657700061798,0
1697,3973,0.36736559867858887,0
1697,1953,0.36581164598464966,0
1697,1149,0.4385443329811096,0
1697,2038,0.3697480857372284,0
1697,3004,0.3790430724620819,0
1697,1238,0.3603114187717438,0
1697,833,0.4225713014602661,0
1697,3845,0.3576628863811493,0
1697,4167,0.3537445068359375,0
1697,1700,0.4029887020587921,0
1772,1772,0.3640771806240082,1
1772,2909,0.39802730083465576,0
1772,2959,0.37066665291786194,0
1772,285,0.36127540469169617,0
1772,534,0.41579335927963257,0
1772,717,0.38634535670280457,0
1772,3523,0.4013521373271942,0
1772,1143,0.40125903487205505,0
1772,1438,0.40648984909057617,0
1772,554,0.3899240493774414,0
1772,2076,0.36697232723236084,0
1772,2935,0.38346341252326965,0
1772,2210,0.36389607191085815,0
1772,335,0.43706411123275757,0
1772,1377,0.41608747839927673,0
1772,443,0.40306612849235535,0
1772,334,0.41361889243125916,0
1772,254,0.3618372678756714,0
1772,1077,0.40442508459091187,0
1772,603,0.4148270785808563,0
3336,3336,0.38384687900543213,1
3336,69,0.4624501168727875,0
3336,3873,0.39486366510391235,0
3336,2539,0.43609216809272766,0
3336,3267,0.42486071586608887,0
3336,1103,0.39493003487586975,0
3336,3051,0.3944248557090759,0
3336,2485,0.4574717581272125,0
3336,1573,0.3760012090206146,0
3336,4101,0.3886324465274811,0
3336,3727,0.4204569160938263,0
3336,4092,0.3808896541595459,0
3336,579,0.3937576711177826,0
3336,3224,0.393486350774765,0
3336,2458,0.3863580822944641,0
3336,1704,0.44861435890197754,0
3336,2565,0.3863912522792816,0
3336,3772,0.37951743602752686,0
3336,3064,0.35305315256118774,0
3336,1929,0.3963219225406647,0
503,503,0.3594093322753906,1
503,564,0.39914000034332275,0
503,2890,0.3691728413105011,0
503,3573,0.3614957332611084,0
503,635,0.38219526410102844,0
503,128,0.3717537224292755,0
503,2280,0.396301805973053,0
503,3750,0.3724627196788788,0
503,1264,0.3782014846801758,0
503,329,0.41097500920295715,0
503,1880,0.4286790192127228,0
503,1958,0.37954288721084595,0
503,1327,0.41260620951652527,0
503,703,0.3997063636779785,0
503,419,0.3666205406188965,0
503,3241,0.36356332898139954,0
503,2523,0.40064677596092224,0
503,3653,0.36259323358535767,0
503,66,0.3908296823501587,0
503,2871,0.4408561587333679,0
810,810,0.37044471502304077,1
810,3104,0.37845054268836975,0
810,1902,0.3560875654220581,0
810,1082,0.4491610825061798,0
810,2524,0.3917892575263977,0
810,3881,0.40292227268218994,0
810,1227,0.432583212852478,0
810,715,0.3901714086532593,0
810,3734,0.36348867416381836,0
810,2123,0.4100382328033447,0
810,1497,0.43184006214141846,0
810,2908,0.39800718426704407,0
810,1996,0.42158231139183044,0
810,2866,0.42420512437820435,0
810,2845,0.36996957659721375,0
810,28,0.4077069163322449,0
810,3703,0.34596121311187744,0
810,915,0.40237587690353394,0
810,4022,0.36512747406959534,0
810,823,0.38524195551872253,0
101,101,0.34681737422943115,1
101,1569,0.3481465280056,0
101,1568,0.37484028935432434,0
101,2748,0.34327465295791626,0
101,2066,0.3610789477825165,0
101,3809,0.347444623708725,0
101,627,0.4607521593570709,0
101,284,0.40736013650894165,0
101,1638,0.39146506786346436,0
101,1920,0.4586048126220703,0
101,2508,0.39557749032974243,0
101,1208,0.34981656074523926,0
101,4067,0.34750157594680786,0
101,1460,0.37798014283180237,0
101,2815,0.37549570202827454,0
101,2408,0.36645543575286865,0
101,2335,0.4472372829914093,0
101,1580,0.35048720240592957,0
101,954,0.3606564700603485,0
101,3487,0.34494149684906006,0
537,537,0.4316770136356354,1
537,1040,0.3887166976928711,0
537,3306,0.4450419545173645,0
537,1146,0.4166024923324585,0
537,2295,0.3746911287307739,0
537,824,0.4048139750957489,0
537,1486,0.3758242726325989,0
537,3372,0.40286341309547424,0
537,3254,0.3949178159236908,0
537,2439,0.3836434781551361,0
537,1332,0.3811527192592621,0
537,2592,0.39008739590644836,0
537,2986,0.46256718039512634,0
537,3253,0.38863369822502136,0
537,1891,0.4029116630554199,0
537,4124,0.386372834444046,0
537,3655,0.36225101351737976,0
537,77,0.38050201535224915,0
537,2454,0.48019692301750183,0
537,580,0.4499220550060272,0
2138,2138,0.4502636194229126,1
2138,1447,0.4280517101287842,0
2138,857,0.42398837208747864,0
2138,1611,0.382650226354599,0
2138,909,0.38456258177757263,0
2138,1678,0.350263774394989,0
2138,3131,0.353699266910553,0
2138,2798,0.404122531414032,0
2138,2684,0.4043130576610565,0
2138,1384,0.36456453800201416,0
2138,670,0.3842737376689911,0
2138,3373,0.37181830406188965,0
2138,3833,0.3733499348163605,0
2138,574,0.43135184049606323,0
2138,3538,0.34954801201820374,0
2138,106,0.359382301568985,0
2138,2552,0.4205246567726135,0
2138,3222,0.3790445923805237,0
2138,1576,0.4073469638824463,0
2138,1876,0.38122767210006714,0
3760,3760,0.3748723864555359,1
3760,1430,0.38879168033599854,0
3760,2375,0.48001325130462646,0
3760,1465,0.4098021686077118,0
3760,1647,0.43618014454841614,0
3760,891,0.4338461458683014,0
3760,3489,0.37758690118789673,0
3760,3177,0.3489871919155121,0
3760,142,0.39668187499046326,0
3760,3581,0.36591553688049316,0
3760,2767,0.36301594972610474,0
3760,2336,0.3884322941303253,0
3760,3408,0.39158859848976135,0
3760,307,0.3925034701824188,0
3760,3171,0.38982516527175903,0
3760,3660,0.38704198598861694,0
3760,3382,0.383867084980011,0
3760,288,0.442715585231781,0
3760,2309,0.379864364862442,0
3760,562,0.4025985598564148,0
1779,1779,0.40596869587898254,1
1779,3480,0.36442944407463074,0
1779,1970,0.4908647835254669,0
1779,2804,0.3958604335784912,0
1779,1130,0.4502745270729065,0
1779,1484,0.40293073654174805,0
1779,373,0.3571357727050781,0
1779,3889,0.39437633752822876,0
1779,942,0.381783127784729,0
1779,208,0.3940390348434448,0
1779,3659,0.3814534544944763,0
1779,1862,0.37746462225914,0
1779,4002,0.36117130517959595,0
1779,1694,0.36481115221977234,0
1779,3278,0.3627540171146393,0
1779,156,0.42483657598495483,0
1779,2219,0.38407641649246216,0
1779,3095,0.36815345287323,0
1779,1528,0.3799416124820709,0
1779,940,0.40417489409446716,0
4139,4139,0.38596972823143005,1
4139,4044,0.3663941025733948,0
4139,1994,0.42563503980636597,0
4139,2473,0.464185506105423,0
4139,2948,0.39370232820510864,0
4139,875,0.3818508982658386,0
4139,1324,0.4575549364089966,0
4139,278,0.46700507402420044,0
4139,1921,0.40956947207450867,0
4139,2044,0.37736716866493225,0
4139,328,0.45687147974967957,0
4139,2425,0.4352603554725647,0
4139,4153,0.4302179217338562,0
4139,3173,0.4004683792591095,0
4139,4010,0.4165857434272766,0
4139,996,0.3914005160331726,0
4139,1221,0.4314952790737152,0
4139,2163,0.4128788411617279,0
4139,2551,0.36026856303215027,0
4139,3820,0.4136420488357544,0
1607,1607,0.3509417176246643,1
1607,2039,0.35028138756752014,0
1607,1107,0.3744199573993683,0
1607,3556,0.3545650541782379,0
1607,3744,0.3546935021877289,0
1607,3326,0.39746806025505066,0
1607,1764,0.35555076599121094,0
1607,2081,0.3529820442199707,0
1607,737,0.4108668565750122,0
1607,3783,0.3699711561203003,0
1607,931,0.40414151549339294,0
1607,1248,0.3611418902873993,0
1607,1780,0.35783112049102783,0
1607,3684,0.346392422914505,0
1607,4090,0.36083611845970154,0
1607,2421,0.34873372316360474,0
1607,2931,0.35283100605010986,0
1607,3067,0.37880823016166687,0
1607,3892,0.3396414518356323,0
1607,264,0.4180997610092163,0
3689,3689,0.3480720818042755,1
3689,2194,0.37565505504608154,0
3689,1958,0.3347604274749756,0
3689,1304,0.35642173886299133,0
3689,1985,0.3341011703014374,0
3689,2043,0.33718523383140564,0
3689,457,0.36243894696235657,0
3689,3463,0.3541216254234314,0
3689,3010,0.4223664700984955,0
3689,2342,0.3443566858768463,0
3689,2658,0.3716398775577545,0
3689,1082,0.3782329559326172,0
3689,1128,0.35869160294532776,0
3689,3900,0.3346594274044037,0
3689,1203,0.36739349365234375,0
3689,3315,0.3465546667575836,0
3689,2975,0.3148612082004547,0
3689,2583,0.357488214969635,0
3689,2330,0.3708575665950775,0
3689,2616,0.4006129205226898,0
2382,2382,0.4471854269504547,1
2382,3546,0.43068748712539673,0
2382,1266,0.41575416922569275,0
2382,1190,0.39467284083366394,0
2382,3189,0.38391485810279846,0
2382,1256,0.3801991641521454,0
2382,2711,0.43613314628601074,0
2382,643,0.43473660945892334,0
2382,3805,0.4367639124393463,0
2382,1871,0.47117939591407776,0
2382,410,0.44177937507629395,0
2382,135,0.45060524344444275,0
2382,3176,0.4080205261707306,0
2382,4061,0.3910486698150635,0
2382,2633,0.3963577449321747,0
2382,3593,0.35516512393951416,0
2382,2557,0.4074520766735077,0
2382,667,0.44172778725624084,0
2382,3378,0.4198076128959656,0
2382,3569,0.39585933089256287,0
623,623,0.39126473665237427,1
623,854,0.43818068504333496,0
623,427,0.418568879365921,0
623,4131,0.38038238883018494,0
623,3852,0.3769015371799469,0
623,3487,0.3502528965473175,0
623,2198,0.3681226372718811,0
623,1079,0.3960954248905182,0
623,3582,0.3677310645580292,0
623,3670,0.39541760087013245,0
623,2338,0.3973557949066162,0
623,3150,0.3456355631351471,0
623,1494,0.37953266501426697,0
623,3570,0.3642323911190033,0
623,63,0.4258624017238617,0
623,1873,0.35983142256736755,0
623,838,0.4346792697906494,0
623,1740,0.38377851247787476,0
623,1862,0.36733201146125793,0
623,512,0.4087821841239929,0
2612,2612,0.3975944519042969,1
2612,1527,0.46456244587898254,0
2612,393,0.4937392771244049,0
2612,548,0.41087964177131653,0
2612,146,0.49424970149993896,0
2612,2478,0.4402168393135071,0
2612,1855,0.4190920293331146,0
2612,1502,0.3940034508705139,0
2612,1376,0.4699121117591858,0
2612,3444,0.3440541625022888,0
2612,1685,0.36822444200515747,0
2612,104,0.5042300820350647,0
2612,734,0.4402649402618408,0
2612,2073,0.42947161197662354,0
2612,440,0.43295544385910034,0
2612,2260,0.3825375735759735,0
2612,3107,0.3936275541782379,0
2612,2442,0.4362863302230835,0
2612,3647,0.3774286210536957,0
2612,2654,0.41190293431282043,0
3185,3185,0.3977009356021881,1
3185,3027,0.41141796112060547,0
3185,3425,0.38650447130203247,0
3185,2444,0.40536078810691833,0
3185,1067,0.4067944884300232,0
3185,3735,0.3951556086540222,0
3185,1942,0.385040819644928,0
3185,2424,0.39438921213150024,0
3185,533,0.5218930840492249,0
3185,3169,0.3847586512565613,0
3185,3720,0.38657405972480774,0
3185,1218,0.42544373869895935,0
3185,3579,0.3654347360134125,0
3185,2703,0.38861340284347534,0
3185,1496,0.4354395866394043,0
3185,811,0.45866385102272034,0
3185,2861,0.3859427273273468,0
3185,3268,0.3790227770805359,0
3185,565,0.3843868374824524,0
3185,4133,0.395107239484787,0
3123,3123,0.3631879687309265,1
3123,3479,0.38150542974472046,0
3123,1360,0.4374086558818817,0
3123,898,0.42429041862487793,0
3123,1167,0.4063311219215393,0
3123,55,0.39837175607681274,0
3123,2088,0.4715271294116974,0
3123,1686,0.41141629219055176,0
3123,1298,0.41365811228752136,0
3123,1404,0.387815922498703,0
3123,2395,0.406406968832016,0
3123,3,0.4112570881843567,0
3123,3122,0.37390342354774475,0
3123,3311,0.3783697187900543,0
3123,2070,0.40242549777030945,0
3123,1929,0.38704997301101685,0
3123,3505,0.40636366605758667,0
3123,1700,0.4475155174732208,0
3123,2975,0.35003799200057983,0
3123,593,0.38810840249061584,0
1202,1202,0.4532521367073059,1
1202,1172,0.4322453439235687,0
1202,4131,0.40699970722198486,0
1202,2089,0.3986905813217163,0
1202,2639,0.4671320617198944,0
1202,562,0.42770811915397644,0
1202,3701,0.3863687217235565,0
1202,964,0.4222205579280853,0
1202,1959,0.4008840024471283,0
1202,2419,0.404003381729126,0
1202,2295,0.3924890160560608,0
1202,454,0.4333704710006714,0
1202,3446,0.37010863423347473,0
1202,151,0.39374595880508423,0
1202,916,0.4522404670715332,0
1202,3106,0.4429921805858612,0
1202,4176,0.39134228229522705,0
1202,3700,0.35721150040626526,0
1202,3610,0.4018852114677429,0
1202,1361,0.41231584548950195,0
710,710,0.3629727065563202,1
710,923,0.37991318106651306,0
710,3701,0.36146751046180725,0
710,1600,0.3738480806350708,0
710,1060,0.3641757369041443,0
710,2180,0.35411471128463745,0
710,1505,0.48341354727745056,0
710,2339,0.40678274631500244,0
710,3944,0.3890853226184845,0
710,1954,0.4633972644805908,0
710,656,0.4514206647872925,0
710,1050,0.38723716139793396,0
710,3260,0.38760247826576233,0
710,2621,0.38102108240127563,0
710,3230,0.3593895137310028,0
710,2510,0.4371676445007324,0
710,1819,0.4480944275856018,0
710,414,0.39721816778182983,0
710,1511,0.39225491881370544,0
710,643,0.41416510939598083,0
977,977,0.37546563148498535,1
977,3310,0.4071457087993622,0
977,3156,0.35835331678390503,0
977,1587,0.3721958100795746,0
977,1042,0.39531198143959045,0
977,847,0.37679874897003174,0
977,2886,0.36991244554519653,0
977,1110,0.37382665276527405,0
977,1081,0.41071823239326477,0
977,1967,0.41016969084739685,0
977,3989,0.3696363568305969,0
977,2648,0.3640870451927185,0
977,3348,0.3706609308719635,0
977,771,0.40173959732055664,0
977,3620,0.3578563332557678,0
977,588,0.4223065972328186,0
977,2289,0.362223744392395,0
977,3164,0.39484840631484985,0
977,2463,0.37274450063705444,0
977,2709,0.36411845684051514,0
2895,2895,0.34827426075935364,1
2895,3470,0.35473868250846863,0
2895,3055,0.354676753282547,0
2895,4006,0.35051459074020386,0
2895,980,0.36448660492897034,0
2895,648,0.41341572999954224,0
2895,119,0.39752209186553955,0
2895,2034,0.35953012108802795,0
2895,267,0.35769858956336975,0
2895,4107,0.36402568221092224,0
2895,3073,0.41183146834373474,0
2895,1343,0.35971930623054504,0
2895,1014,0.4103415608406067,0
2895,3443,0.3714418411254883,0
2895,3226,0.3541243076324463,0
2895,1363,0.3530201315879822,0
2895,1610,0.40398287773132324,0
2895,4146,0.33690232038497925,0
2895,1630,0.357046514749527,0
2895,2332,0.3568676710128784,0
2218,2218,0.4173755347728729,1
2218,2331,0.3969922661781311,0
2218,4178,0.3891436457633972,0
2218,1890,0.3812828063964844,0
2218,616,0.49797311425209045,0
2218,4011,0.40393126010894775,0
2218,775,0.4398752748966217,0
2218,3895,0.3885890543460846,0
2218,1044,0.412593275308609,0
2218,3175,0.39586228132247925,0
2218,2318,0.4701511561870575,0
2218,988,0.3736031949520111,0
2218,3270,0.3968496322631836,0
2218,2072,0.3917258679866791,0
2218,276,0.4202445447444916,0
2218,3051,0.4111241102218628,0
2218,560,0.42322292923927307,0
2218,1511,0.40306445956230164,0
2218,3118,0.3822106420993805,0
2218,1305,0.37833064794540405,0
2734,2734,0.3633485436439514,1
2734,4138,0.41283655166625977,0
2734,376,0.38256171345710754,0
2734,2117,0.4279857575893402,0
2734,2933,0.4316512942314148,0
2734,2606,0.3910498321056366,0
2734,3628,0.4353746473789215,0
2734,2755,0.420249342918396,0
2734,52,0.41012150049209595,0
2734,539,0.38377895951271057,0
2734,3123,0.3917025327682495,0
2734,3770,0.399418443441391,0
2734,853,0.4072237014770508,0
2734,139,0.41603994369506836,0
2734,3625,0.39042919874191284,0
2734,2548,0.4344855546951294,0
2734,1498,0.4300864636898041,0
2734,3312,0.4280399680137634,0
2734,532,0.4039342403411865,0
2734,3426,0.37141260504722595,0
1626,1626,0.35929936170578003,1
1626,2523,0.3825570046901703,0
1626,1803,0.3434859812259674,0
1626,20,0.3792010247707367,0
1626,2160,0.37804433703422546,0
1626,382,0.370270699262619,0
1626,926,0.37173983454704285,0
1626,16,0.4222639203071594,0
1626,2514,0.3997053802013397,0
1626,1994,0.3952316641807556,0
1626,2449,0.35913190245628357,0
1626,2139,0.4047609567642212,0
1626,544,0.36816081404685974,0
1626,3058,0.3724307119846344,0
1626,3810,0.3528358042240143,0
1626,1341,0.37672150135040283,0
1626,1423,0.4019981324672699,0
1626,1724,0.4080105423927307,0
1626,991,0.38424360752105713,0
1626,1593,0.3508095443248749,0
616,616,0.45480018854141235,1
616,1754,0.4045177400112152,0
616,3111,0.38786494731903076,0
616,346,0.43086758255958557,0
616,1092,0.3765016794204712,0
616,1869,0.3531964421272278,0
616,367,0.3944399952888489,0
616,216,0.3171525299549103,0
616,3576,0.45006757974624634,0
616,3616,0.387162446975708,0
616,3732,0.38148489594459534,0
616,4073,0.35553309321403503,0
616,1848,0.4212527275085449,0
616,465,0.3833076059818268,0
616,3194,0.37007322907447815,0
616,684,0.38303035497665405,0
616,2653,0.3928159475326538,0
616,3654,0.42837008833885193,0
616,110,0.38279280066490173,0
616,2467,0.4114404022693634,0
4057,4057,0.33240944147109985,1
4057,3505,0.35964420437812805,0
4057,714,0.40673431754112244,0
4057,3955,0.3295954763889313,0
4057,432,0.37991052865982056,0
4057,1056,0.3418131172657013,0
4057,526,0.45418021082878113,0
4057,857,0.38704121112823486,0
4057,3832,0.3577843904495239,0
4057,1086,0.37259814143180847,0
4057,2957,0.35335999727249146,0
4057,951,0.38939738273620605,0
4057,3115,0.4087137281894684,0
4057,1182,0.3661382496356964,0
4057,3268,0.3366355001926422,0
4057,1692,0.40835559368133545,0
4057,391,0.3677113652229309,0
4057,335,0.41005346179008484,0
4057,2881,0.4285741448402405,0
4057,2697,0.36003226041793823,0
3776,3776,0.3565772473812103,1
3776,3814,0.44395139813423157,0
3776,473,0.41135790944099426,0
3776,1330,0.43267273902893066,0
3776,2196,0.3666474223136902,0
3776,3874,0.39242783188819885,0
3776,1109,0.3683788776397705,0
3776,1236,0.3629165291786194,0
3776,2555,0.38300368189811707,0
3776,62,0.36522457003593445,0
3776,3073,0.40062522888183594,0
3776,549,0.4147246479988098,0
3776,26,0.4073895812034607,0
3776,884,0.34782832860946655,0
3776,891,0.4334326684474945,0
3776,2382,0.4092743992805481,0
3776,1585,0.45622509717941284,0
3776,548,0.38116076588630676,0
3776,4063,0.3448908030986786,0
3776,441,0.3329830765724182,0
1803,1803,0.36614590883255005,1
1803,3665,0.3596510887145996,0
1803,3401,0.4001034200191498,0
1803,3356,0.35498473048210144,0
1803,2928,0.3834855854511261,0
1803,1466,0.36251065135002136,0
1803,3082,0.4200942814350128,0
1803,2722,0.3596715033054352,0
1803,3841,0.35738590359687805,0
1803,613,0.33019816875457764,0
1803,1651,0.3772030174732208,0
1803,1990,0.37081247568130493,0
1803,2279,0.3638639450073242,0
1803,2748,0.3396569490432739,0
1803,1620,0.3699823319911957,0
1803,3711,0.3368529975414276,0
1803,1749,0.3976846933364868,0
1803,2999,0.3728567063808441,0
1803,1811,0.3742722272872925,0
1803,3894,0.38850492238998413,0
74,74,0.38656994700431824,1
74,2509,0.3747297525405884,0
74,3420,0.36340710520744324,0
74,3429,0.4233255386352539,0
74,1334,0.40361353754997253,0
74,2973,0.4095369577407837,0
74,4106,0.40611618757247925,0
74,3567,0.4025144875049591,0
74,2870,0.36778488755226135,0
74,868,0.4243830144405365,0
74,3627,0.4130710959434509,0
74,1548,0.4120459258556366,0
74,3081,0.3667713403701782,0
74,1642,0.38343462347984314,0
74,3136,0.38168632984161377,0
74,480,0.46803274750709534,0
74,1038,0.3645937442779541,0
74,985,0.3665679395198822,0
74,2542,0.41552257537841797,0
74,39,0.41640305519104004,0
2399,2399,0.3676893413066864,1
2399,2721,0.4094507098197937,0
2399,1813,0.41257163882255554,0
2399,1838,0.4213275909423828,0
2399,1539,0.4713612198829651,0
2399,1279,0.3698404133319855,0
2399,3438,0.38046640157699585,0
2399,1847,0.3981032967567444,0
2399,2144,0.4267064929008484,0
2399,973,0.4081732928752899,0
2399,2062,0.44598039984703064,0
2399,1961,0.3891536593437195,0
2399,867,0.42339077591896057,0
2399,2161,0.3915783166885376,0
2399,2410,0.3688364326953888,0
2399,1124,0.3998830318450928,0
2399,3204,0.349361389875412,0
2399,179,0.3682839274406433,0
2399,3570,0.37591826915740967,0
2399,3582,0.37982505559921265,0
2403,2403,0.33332642912864685,1
2403,474,0.36498695611953735,0
2403,2926,0.35572969913482666,0
2403,1832,0.3676322400569916,0
2403,3316,0.3552394211292267,0
2403,1118,0.4484691321849823,0
2403,1618,0.35446515679359436,0
2403,1864,0.3792005777359009,0
2403,2906,0.32516229152679443,0
2403,3486,0.36005833745002747,0
2403,3798,0.3686627447605133,0
2403,3292,0.366527795791626,0
2403,246,0.3502451479434967,0
2403,3034,0.37171727418899536,0
2403,437,0.3929608166217804,0
2403,761,0.37968605756759644,0
2403,3162,0.3422350585460663,0
2403,2750,0.3747604489326477,0
2403,273,0.3617209792137146,0
2403,2549,0.41964906454086304,0
1520,1520,0.4958239495754242,1
1520,878,0.43245962262153625,0
1520,3146,0.33634209632873535,0
1520,4144,0.37968045473098755,0
1520,342,0.41892528533935547,0
1520,86,0.3724656105041504,0
1520,2214,0.37071120738983154,0
1520,755,0.41950684785842896,0
1520,1073,0.3552921414375305,0
1520,2131,0.4007582664489746,0
1520,3984,0.37821340560913086,0
1520,1070,0.425955206155777,0
1520,1685,0.372522234916687,0
1520,1726,0.41048067808151245,0
1520,1448,0.4698900878429413,0
1520,2002,0.3654322028160095,0
1520,914,0.3818586468696594,0
1520,3850,0.41085195541381836,0
1520,3087,0.3940276503562927,0
1520,2864,0.3676057457923889,0
1593,1593,0.3419680595397949,1
1593,1943,0.40585857629776,0
1593,1831,0.5004392266273499,0
1593,1708,0.42691150307655334,0
1593,3154,0.4003729224205017,0
1593,1723,0.4271514415740967,0
1593,4009,0.3689456582069397,0
1593,1503,0.3755969703197479,0
1593,3420,0.36210259795188904,0
1593,3750,0.3801708519458771,0
1593,3962,0.3908192813396454,0
1593,1956,0.3695675730705261,0
1593,2014,0.37874653935432434,0
1593,2600,0.3817805349826813,0
1593,1192,0.37123802304267883,0
1593,1462,0.39949139952659607,0
1593,1841,0.42859959602355957,0
1593,1551,0.4127090871334076,0
1593,1264,0.3820759356021881,0
1593,4105,0.3632790148258209,0
3749,3749,0.38169053196907043,1
3749,599,0.39637088775634766,0
3749,100,0.3806527256965637,0
3749,1134,0.37492531538009644,0
3749,1243,0.41256579756736755,0
3749,1692,0.39742761850357056,0
3749,1858,0.36652329564094543,0
3749,3656,0.36103686690330505,0
3749,90,0.5111581087112427,0
3749,1080,0.38378363847732544,0
3749,1774,0.3981405794620514,0
3749,3284,0.3363267779350281,0
3749,116,0.4211162328720093,0
3749,1572,0.4352298974990845,0
3749,2605,0.3588516414165497,0
3749,3390,0.3597797453403473,0
3749,2506,0.35405948758125305,0
3749,389,0.5254256129264832,0
3749,1041,0.38892680406570435,0
3749,228,0.3960491418838501,0
1529,1529,0.3700084984302521,1
1529,4064,0.41917628049850464,0
1529,479,0.4834984242916107,0
1529,929,0.37810128927230835,0
1529,273,0.3678234815597534,0
1529,1683,0.3971441984176636,0
1529,1869,0.34627899527549744,0
1529,3817,0.38241520524024963,0
1529,422,0.4429275095462799,0
1529,4170,0.3636510968208313,0
1529,2821,0.3679005205631256,0
1529,41,0.36939477920532227,0
1529,3772,0.3654801547527313,0
1529,2693,0.38817185163497925,0
1529,301,0.4136425256729126,0
1529,2551,0.34785521030426025,0
1529,2509,0.3672885596752167,0
1529,2413,0.3834080100059509,0
1529,3530,0.36899739503860474,0
1529,3612,0.3625556230545044,0
2233,2233,0.3766145408153534,1
2233,3370,0.37223294377326965,0
2233,735,0.38801395893096924,0
2233,2837,0.3764955401420593,0
2233,979,0.36106210947036743,0
2233,4155,0.3733808696269989,0
2233,3164,0.37239494919776917,0
2233,1914,0.3634454309940338,0
2233,342,0.4201306700706482,0
2233,2244,0.39109694957733154,0
2233,3768,0.37142544984817505,0
2233,703,0.38261163234710693,0
2233,2279,0.3599185347557068,0
2233,3772,0.35558611154556274,0
2233,852,0.3525170385837555,0
2233,73,0.39427924156188965,0
2233,3299,0.3829343914985657,0
2233,2094,0.3698481619358063,0
2233,2482,0.4032297432422638,0
2233,2403,0.33788859844207764,0
1595,1595,0.414770245552063,1
1595,575,0.42409372329711914,0
1595,3191,0.38205486536026,0
1595,3263,0.40446484088897705,0
1595,1337,0.374453604221344,0
1595,3246,0.34453243017196655,0
1595,2138,0.4572647213935852,0
1595,3166,0.37813645601272583,0
1595,2036,0.46541595458984375,0
1595,3712,0.36319467425346375,0
1595,1421,0.36712947487831116,0
1595,3289,0.39475253224372864,0
1595,2682,0.3818717896938324,0
1595,551,0.4566604197025299,0
1595,3299,0.40018072724342346,0
1595,3254,0.39934802055358887,0
1595,3512,0.3468191623687744,0
1595,267,0.37801408767700195,0
1595,3754,0.3638584315776825,0
1595,3249,0.39543214440345764,0
451,451,0.42407017946243286,1
451,1353,0.3577415943145752,0
451,2619,0.38190704584121704,0
451,1771,0.3690944015979767,0
451,2772,0.37684115767478943,0
451,1379,0.4071705639362335,0
451,1511,0.3961314558982849,0
451,1738,0.3804841935634613,0
451,2994,0.39969688653945923,0
451,3609,0.38970690965652466,0
451,3656,0.36814528703689575,0
451,4034,0.379482626914978,0
451,602,0.41226160526275635,0
451,3170,0.3883518576622009,0
451,1576,0.429157018661499,0
451,2851,0.36566829681396484,0
451,1261,0.4194276034832001,0
451,3895,0.38409122824668884,0
451,195,0.39713233709335327,0
451,2924,0.3885915279388428,0
3435,3435,0.34453120827674866,1
3435,2984,0.3242948353290558,0
3435,1353,0.357512503862381,0
3435,170,0.4063491225242615,0
3435,627,0.4429142475128174,0
3435,3054,0.36444827914237976,0
3435,150,0.3684534430503845,0
3435,563,0.3870881199836731,0
3435,3597,0.3753422200679779,0
3435,2108,0.3596439063549042,0
3435,670,0.3720177412033081,0
3435,1732,0.44372013211250305,0
3435,3934,0.3912257254123688,0
3435,1810,0.40828782320022583,0
3435,3990,0.34296363592147827,0
3435,1977,0.39384299516677856,0
3435,716,0.3898434042930603,0
3435,2442,0.39216047525405884,0
3435,648,0.3961043655872345,0
3435,3098,0.4370139241218567,0
1604,1604,0.35636407136917114,1
1604,2882,0.36215099692344666,0
1604,3372,0.3854139745235443,0
1604,1861,0.385601669549942,0
1604,591,0.3819325566291809,0
1604,2765,0.37741464376449585,0
1604,4178,0.37260106205940247,0
1604,2620,0.3538050651550293,0
1604,2968,0.35775208473205566,0
1604,193,0.40759921073913574,0
1604,2046,0.38936933875083923,0
1604,1227,0.40637388825416565,0
1604,114,0.3989494740962982,0
1604,1790,0.39553192257881165,0
1604,2687,0.37524062395095825,0
1604,1891,0.4018528461456299,0
1604,30,0.35381850600242615,0
1604,1413,0.440725713968277,0
1604,2706,0.33987948298454285,0
1604,146,0.4246082007884979,0
315,315,0.44257301092147827,1
315,3709,0.4021383821964264,0
315,2253,0.4052104949951172,0
315,2617,0.43884292244911194,0
315,3348,0.39999333024024963,0
315,3408,0.4344210624694824,0
315,2484,0.3758668899536133,0
315,1180,0.4068926274776459,0
315,759,0.4298454225063324,0
315,1827,0.4239714741706848,0
315,1857,0.3787519931793213,0
315,312,0.41979414224624634,0
315,2053,0.4240017831325531,0
315,2974,0.37719762325286865,0
315,254,0.3690415322780609,0
315,1445,0.4055773615837097,0
315,3282,0.3642607629299164,0
315,1630,0.40036699175834656,0
315,2454,0.5299362540245056,0
315,958,0.4270903468132019,0
2115,2115,0.3392050862312317,1
2115,189,0.42329907417297363,0
2115,3334,0.36077868938446045,0
2115,1926,0.40530797839164734,0
2115,1935,0.372648149728775,0
2115,2968,0.36486363410949707,0
2115,2809,0.3907724618911743,0
2115,1849,0.3495531380176544,0
2115,3753,0.34723997116088867,0
2115,584,0.36952918767929077,0
2115,243,0.34554362297058105,0
2115,2253,0.3556175231933594,0
2115,830,0.4158114492893219,0
2115,2705,0.3611758053302765,0
2115,2191,0.36458054184913635,0
2115,1753,0.4248497486114502,0
2115,2206,0.3559332489967346,0
2115,63,0.39194875955581665,0
2115,476,0.3537713289260864,0
2115,3768,0.34440287947654724,0
790,790,0.3803330957889557,1
790,139,0.38360345363616943,0
790,3560,0.35522717237472534,0
790,919,0.4109906852245331,0
790,709,0.35270366072654724,0
790,3698,0.3671828806400299,0
790,2143,0.3605828881263733,0
790,2412,0.39661410450935364,0
790,2881,0.42942190170288086,0
790,3438,0.35174375772476196,0
790,3937,0.3766583204269409,0
790,3806,0.4012528657913208,0
790,485,0.4500240981578827,0
790,1926,0.43118757009506226,0
790,245,0.3479728102684021,0
790,140,0.4167162775993347,0
790,2417,0.3597294092178345,0
790,2795,0.4110642671585083,0
790,1074,0.4049396514892578,0
790,3380,0.3681328594684601,0
2697,2697,0.3832653760910034,1
2697,2890,0.3781188130378723,0
2697,3919,0.3772636651992798,0
2697,1214,0.3921532928943634,0
2697,2472,0.3917389512062073,0
2697,1708,0.435558557510376,0
2697,1888,0.40521541237831116,0
2697,2230,0.40428364276885986,0
2697,1744,0.34987813234329224,0
2697,2770,0.3609745502471924,0
2697,3373,0.3906329572200775,0
2697,175,0.40849488973617554,0
2697,2142,0.3716093897819519,0
2697,2015,0.4002576768398285,0
2697,401,0.5173620581626892,0
2697,4088,0.39809906482696533,0
2697,833,0.43966183066368103,0
2697,2872,0.36570703983306885,0
2697,2716,0.38703978061676025,0
2697,1243,0.43119585514068604,0
2871,2871,0.45436424016952515,1
2871,1207,0.3927517831325531,0
2871,911,0.4277436435222626,0
2871,3051,0.39154043793678284,0
2871,3347,0.3877650201320648,0
2871,685,0.4634389281272888,0
2871,3531,0.4130120277404785,0
2871,2511,0.43452250957489014,0
2871,623,0.40875205397605896,0
2871,2427,0.3777579069137573,0
2871,1573,0.3825904428958893,0
2871,3572,0.37507590651512146,0
2871,2374,0.4129941463470459,0
2871,2542,0.401109516620636,0
2871,2008,0.37751662731170654,0
2871,2765,0.39943790435791016,0
2871,1356,0.4262755811214447,0
2871,2650,0.4105684161186218,0
2871,3920,0.4245499074459076,0
2871,3655,0.36781594157218933,0
2334,2334,0.40190476179122925,1
2334,3153,0.3994602560997009,0
2334,2923,0.4189710319042206,0
2334,1867,0.4289695918560028,0
2334,759,0.3912074565887451,0
2334,1829,0.3922293484210968,0
2334,3105,0.37523558735847473,0
2334,772,0.41381675004959106,0
2334,2837,0.3814327120780945,0
2334,520,0.362919420003891,0
2334,4057,0.33899396657943726,0
2334,2828,0.3483247458934784,0
2334,704,0.40414121747016907,0
2334,1009,0.4603813588619232,0
2334,1408,0.42999085783958435,0
2334,195,0.38213929533958435,0
2334,535,0.4223352372646332,0
2334,2672,0.42233985662460327,0
2334,2191,0.39633384346961975,0
2334,3558,0.3445420563220978,0
2752,2752,0.38476327061653137,1
2752,1584,0.4713239371776581,0
2752,2093,0.421943724155426,0
2752,2843,0.38143306970596313,0
2752,2959,0.3762482702732086,0
2752,2188,0.44952669739723206,0
2752,3428,0.37544673681259155,0
2752,718,0.4176574647426605,0
2752,3878,0.3582446575164795,0
2752,405,0.4275009334087372,0
2752,1648,0.4133990406990051,0
2752,1919,0.3806932270526886,0
2752,3556,0.3737146258354187,0
2752,1742,0.40414515137672424,0
2752,543,0.39594849944114685,0
2752,1677,0.40825599431991577,0
2752,1039,0.4114587903022766,0
2752,3860,0.4005346894264221,0
2752,2225,0.38317590951919556,0
2752,2465,0.41075897216796875,0
1027,1027,0.3607882261276245,1
1027,3172,0.3416599631309509,0
1027,1028,0.39244526624679565,0
1027,695,0.44705331325531006,0
1027,59,0.4099506437778473,0
1027,4170,0.36677074432373047,0
1027,1852,0.35158902406692505,0
1027,4113,0.3637699782848358,0
1027,3938,0.36064207553863525,0
1027,671,0.3653021454811096,0
1027,1819,0.43601545691490173,0
1027,4029,0.35796403884887695,0
1027,2852,0.35738512873649597,0
1027,224,0.40496253967285156,0
1027,677,0.33229783177375793,0
1027,1267,0.4403655230998993,0
1027,284,0.3874838352203369,0
1027,221,0.3532779812812805,0
1027,4171,0.34874188899993896,0
1027,3661,0.3434891700744629,0
224,224,0.42837953567504883,1
224,3973,0.3810882270336151,0
224,3186,0.34199851751327515,0
224,2694,0.38434162735939026,0
224,76,0.41930535435676575,0
224,1480,0.4018625020980835,0
224,710,0.38127458095550537,0
224,2425,0.4294499158859253,0
224,3235,0.3877984583377838,0
224,1996,0.4209827780723572,0
224,3087,0.3871700167655945,0
224,4138,0.38173985481262207,0
224,2289,0.3607292175292969,0
224,2924,0.3664039373397827,0
224,459,0.4455753266811371,0
224,3393,0.421373575925827,0
224,2352,0.3947697877883911,0
224,2438,0.3678608536720276,0
224,279,0.3998873829841614,0
224,1154,0.3886520564556122,0
1429,1429,0.3827054798603058,1
1429,3577,0.41332295536994934,0
1429,3733,0.4018775522708893,0
1429,362,0.43424496054649353,0
1429,1807,0.44157055020332336,0
1429,4048,0.4361833333969116,0
1429,2448,0.39713916182518005,0
1429,3730,0.38788560032844543,0
1429,169,0.4349551796913147,0
1429,2121,0.3802469074726105,0
1429,2251,0.38052722811698914,0
1429,964,0.4157133102416992,0
1429,2597,0.41703373193740845,0
1429,3327,0.3853704333305359,0
1429,1134,0.4005385637283325,0
1429,270,0.3930790424346924,0
1429,1891,0.4150705635547638,0
1429,700,0.4008246064186096,0
1429,1724,0.4236687123775482,0
1429,3173,0.41464099287986755,0
3759,3759,0.3642963767051697,1
3759,2436,0.40429672598838806,0
3759,790,0.3815001845359802,0
3759,531,0.38407886028289795,0
3759,902,0.44859445095062256,0
3759,2838,0.45274674892425537,0
3759,1970,0.4697629511356354,0
3759,1739,0.43203577399253845,0
3759,1275,0.3894675076007843,0
3759,4,0.3729269206523895,0
3759,3834,0.3989318311214447,0
3759,670,0.3901342749595642,0
3759,18,0.4035101532936096,0
3759,3590,0.3757953941822052,0
3759,3755,0.3706965446472168,0
3759,3704,0.3623480498790741,0
3759,469,0.37382301688194275,0
3759,1664,0.39327582716941833,0
3759,3844,0.351237028837204,0
3759,2527,0.3942553699016571,0
2461,2461,0.3481040894985199,1
2461,794,0.3837277293205261,0
2461,4141,0.3600768446922302,0
2461,967,0.35665327310562134,0
2461,617,0.36170095205307007,0
2461,3646,0.40595701336860657,0
2461,1490,0.3784271478652954,0
2461,304,0.3704667389392853,0
2461,2868,0.34947994351387024,0
2461,350,0.4552096724510193,0
2461,881,0.407114177942276,0
2461,1395,0.40528181195259094,0
2461,3786,0.48539748787879944,0
2461,1876,0.4299258589744568,0
2461,1199,0.38261327147483826,0
2461,2887,0.36329275369644165,0
2461,2335,0.4496750235557556,0
2461,3557,0.39002805948257446,0
2461,207,0.5026437640190125,0
2461,603,0.4070129692554474,0
2798,2798,0.3918266296386719,1
2798,4076,0.36853158473968506,0
2798,1405,0.4046565592288971,0
2798,4021,0.35947588086128235,0
2798,685,0.4477222263813019,0
2798,697,0.5006060004234314,0
2798,3949,0.3893027603626251,0
2798,1724,0.3994811475276947,0
2798,2963,0.3791579604148865,0
2798,4103,0.3679965138435364,0
2798,95,0.3985850214958191,0
2798,1594,0.347710520029068,0
2798,1920,0.4209081530570984,0
2798,1188,0.38198965787887573,0
2798,416,0.3451789915561676,0
2798,1496,0.40331339836120605,0
2798,2470,0.3554643392562866,0
2798,1578,0.3745369017124176,0
2798,2512,0.3535041809082031,0
2798,3331,0.35147079825401306,0
3258,3258,0.3394700288772583,1
3258,3534,0.34637418389320374,0
3258,540,0.322697252035141,0
3258,2434,0.35818207263946533,0
3258,2551,0.3412597179412842,0
3258,2300,0.402762234210968,0
3258,3989,0.34093958139419556,0
3258,3157,0.3410020172595978,0
3258,1928,0.3510895073413849,0
3258,2512,0.35115930438041687,0
3258,3905,0.34173813462257385,0
3258,1608,0.32401609420776367,0
3258,1878,0.33885759115219116,0
3258,3886,0.33599257469177246,0
3258,3035,0.377254843711853,0
3258,1155,0.41925790905952454,0
3258,3086,0.3434900641441345,0
3258,414,0.3777232766151428,0
3258,135,0.3709859251976013,0
3258,2069,0.33478787541389465,0
4036,4036,0.3316648006439209,1
4036,3292,0.3555780351161957,0
4036,1479,0.34498393535614014,0
4036,3134,0.36961326003074646,0
4036,3184,0.3945072889328003,0
4036,2493,0.3433127701282501,0
4036,1991,0.3752862811088562,0
4036,366,0.3818536400794983,0
4036,2304,0.3732205629348755,0
4036,1756,0.36769044399261475,0
4036,685,0.42006173729896545,0
4036,4022,0.33016836643218994,0
4036,1706,0.4553266167640686,0
4036,2383,0.3703804016113281,0
4036,558,0.36629337072372437,0
4036,813,0.34224411845207214,0
4036,3011,0.36176350712776184,0
4036,3478,0.3621004521846771,0
4036,2428,0.4017624855041504,0
4036,715,0.3830470144748688,0
543,543,0.39000996947288513,1
543,1566,0.4257503151893616,0
543,1245,0.3697052299976349,0
543,1452,0.3861166834831238,0
543,4118,0.3664035201072693,0
543,3557,0.37064674496650696,0
543,1523,0.35570937395095825,0
543,558,0.39320695400238037,0
543,1879,0.4651893079280853,0
543,77,0.3717513084411621,0
543,2467,0.4058120548725128,0
543,3481,0.41709744930267334,0
543,3047,0.3551802635192871,0
543,3998,0.41171661019325256,0
543,346,0.42805784940719604,0
543,2583,0.3957441449165344,0
543,118,0.3749587833881378,0
543,3993,0.3330916464328766,0
543,2957,0.4247732162475586,0
543,2982,0.4000197947025299,0
2012,2012,0.34674856066703796,1
2012,834,0.39453962445259094,0
2012,4070,0.352969229221344,0
2012,982,0.43105584383010864,0
2012,629,0.4102782905101776,0
2012,338,0.41960158944129944,0
2012,514,0.359439492225647,0
2012,3629,0.39210110902786255,0
2012,3452,0.35401347279548645,0
2012,1793,0.3716011941432953,0
2012,970,0.3782743811607361,0
2012,3234,0.35030892491340637,0
2012,3954,0.357682466506958,0
2012,955,0.37068408727645874,0
2012,617,0.340933233499527,0
2012,3925,0.35255229473114014,0
2012,2539,0.45103079080581665,0
2012,2073,0.3989236652851105,0
2012,2198,0.3659582734107971,0
2012,3071,0.3706740438938141,0
210,210,0.34392526745796204,1
210,3684,0.33182641863822937,0
210,4054,0.3410966992378235,0
210,2521,0.3678235113620758,0
210,2977,0.3809913694858551,0
210,3419,0.37443116307258606,0
210,493,0.3882529139518738,0
210,771,0.41923901438713074,0
210,3804,0.4111993908882141,0
210,4164,0.36066219210624695,0
210,2155,0.38833093643188477,0
210,1268,0.3447220027446747,0
210,1541,0.40424397587776184,0
210,2966,0.3472883403301239,0
210,477,0.38326627016067505,0
210,2379,0.41868457198143005,0
210,3143,0.3630954921245575,0
210,3171,0.3743496239185333,0
210,143,0.3550538718700409,0
210,1734,0.3827907145023346,0
1680,1680,0.477077454328537,1
1680,3154,0.4166755676269531,0
1680,2277,0.44504642486572266,0
1680,9,0.4508105218410492,0
1680,1343,0.386157363653183,0
1680,1793,0.3943195044994354,0
1680,992,0.40544891357421875,0
1680,1727,0.38572534918785095,0
1680,2493,0.38317692279815674,0
1680,1803,0.37461912631988525,0
1680,2686,0.3730083405971527,0
1680,436,0.4071899950504303,0
1680,308,0.45336848497390747,0
1680,2117,0.43204614520072937,0
1680,3374,0.3670766055583954,0
1680,2759,0.3932096064090729,0
1680,1175,0.34807565808296204,0
1680,701,0.4143511652946472,0
1680,1833,0.40806058049201965,0
1680,2848,0.38082513213157654,0
3184,3184,0.3885451555252075,1
3184,4131,0.34409981966018677,0
3184,460,0.41737279295921326,0
3184,2951,0.3554818034172058,0
3184,3837,0.4243538975715637,0
3184,415,0.45737123489379883,0
3184,1601,0.36675938963890076,0
3184,659,0.3407677114009857,0
3184,654,0.3914922773838043,0
3184,365,0.37011364102363586,0
3184,680,0.44106268882751465,0
3184,2844,0.3494427800178528,0
3184,1161,0.32333824038505554,0
3184,864,0.37475070357322693,0
3184,2640,0.3386882245540619,0
3184,2117,0.3976408839225769,0
3184,3868,0.3666047751903534,0
3184,2779,0.38687625527381897,0
3184,1657,0.4253033697605133,0
3184,1724,0.3793889284133911,0
2430,2430,0.3629714250564575,1
2430,1086,0.37660375237464905,0
2430,3456,0.37794259190559387,0
2430,989,0.4131421744823456,0
2430,3736,0.3503633439540863,0
2430,325,0.359742671251297,0
2430,2063,0.3556009531021118,0
2430,2043,0.3638466000556946,0
2430,1039,0.4194609224796295,0
2430,2246,0.41590121388435364,0
2430,3026,0.3828824758529663,0
2430,3450,0.3712221086025238,0
2430,3752,0.3749426305294037,0
2430,3722,0.35546109080314636,0
2430,1116,0.3827722668647766,0
2430,975,0.35763290524482727,0
2430,1843,0.4529706537723541,0
2430,1547,0.43067750334739685,0
2430,2841,0.35756632685661316,0
2430,46,0.43964827060699463,0
1938,1938,0.36137107014656067,1
1938,688,0.3329181373119354,0
1938,3796,0.3570100665092468,0
1938,3526,0.3509567677974701,0
1938,1007,0.38627567887306213,0
1938,796,0.38877981901168823,0
1938,3563,0.33067405223846436,0
1938,674,0.3769089877605438,0
1938,3006,0.37661707401275635,0
1938,3477,0.3761732578277588,0
1938,1643,0.37125974893569946,0
1938,3642,0.35549530386924744,0
1938,2328,0.39056092500686646,0
1938,486,0.440666526556015,0
1938,1268,0.354438841342926,0
1938,3214,0.4106520712375641,0
1938,1742,0.37176603078842163,0
1938,2915,0.34146595001220703,0
1938,2782,0.35303956270217896,0
1938,2811,0.3674589991569519,0
365,365,0.3705604672431946,1
365,3166,0.36896830797195435,0
365,3432,0.40273305773735046,0
365,3351,0.3572865426540375,0
365,2624,0.3415620028972626,0
365,3421,0.3964426815509796,0
365,605,0.3992684483528137,0
365,3336,0.37447041273117065,0
365,634,0.3718015253543854,0
365,1700,0.40553849935531616,0
365,3977,0.36119070649147034,0
365,1356,0.41714727878570557,0
365,2619,0.37145546078681946,0
365,635,0.3681643009185791,0
365,1456,0.36646705865859985,0
365,1234,0.36024534702301025,0
365,1642,0.34899795055389404,0
365,2207,0.34277254343032837,0
365,500,0.37734174728393555,0
365,3459,0.39343205094337463,0
2801,2801,0.345877081155777,1
2801,3325,0.3383047580718994,0
2801,1888,0.3660338521003723,0
2801,3567,0.35202649235725403,0
2801,3845,0.3463476300239563,0
2801,3055,0.3418755829334259,0
2801,3819,0.3633787930011749,0
2801,763,0.42641156911849976,0
2801,3267,0.3902404010295868,0
2801,3937,0.36697837710380554,0
2801,3980,0.3502819240093231,0
2801,3990,0.32786649465560913,0
2801,2696,0.3566190302371979,0
2801,4012,0.35672110319137573,0
2801,2581,0.40565094351768494,0
2801,1266,0.3764199912548065,0
2801,782,0.41147005558013916,0
2801,3918,0.34000083804130554,0
2801,3961,0.3539423644542694,0
2801,95,0.389108806848526,0
3438,3438,0.36752548813819885,1
3438,2810,0.47964587807655334,0
3438,4140,0.3708595335483551,0
3438,3430,0.3375423848628998,0
3438,2422,0.39462587237358093,0
3438,1819,0.4370536506175995,0
3438,3683,0.39514973759651184,0
3438,1475,0.39427366852760315,0
3438,3828,0.36896204948425293,0
3438,1484,0.38440364599227905,0
3438,4133,0.37499910593032837,0
3438,1020,0.3734979033470154,0
3438,637,0.36398154497146606,0
3438,942,0.37255245447158813,0
3438,3662,0.3812514543533325,0
3438,906,0.415058434009552,0
3438,3692,0.39018821716308594,0
3438,704,0.4125068783760071,0
3438,2501,0.37289345264434814,0
3438,2483,0.38529494404792786,0
3770,3770,0.3722669780254364,1
3770,953,0.40782347321510315,0
3770,468,0.4198656380176544,0
3770,1733,0.37144869565963745,0
3770,1844,0.43697646260261536,0
3770,3032,0.4553605020046234,0
3770,227,0.3417746424674988,0
3770,3870,0.3626614212989807,0
3770,1004,0.3912830054759979,0
3770,1617,0.38342034816741943,0
3770,1433,0.4067798852920532,0
3770,3277,0.3819136321544647,0
3770,3683,0.4102156460285187,0
3770,176,0.40556153655052185,0
3770,832,0.36585888266563416,0
3770,1780,0.3767527937889099,0
3770,3467,0.4004882276058197,0
3770,308,0.43875613808631897,0
3770,2055,0.38751041889190674,0
3770,602,0.3940369784832001,0
2711,2711,0.40129896998405457,1
2711,1226,0.37923330068588257,0
2711,840,0.36075109243392944,0
2711,3370,0.35905492305755615,0
2711,1864,0.36869847774505615,0
2711,4105,0.3270481526851654,0
2711,970,0.3763258755207062,0
2711,2312,0.3420388996601105,0
2711,925,0.3541148900985718,0
2711,1017,0.35074299573898315,0
2711,3290,0.3464139401912689,0
2711,3059,0.40318894386291504,0
2711,1908,0.4006443917751312,0
2711,599,0.3907981514930725,0
2711,2446,0.3655775785446167,0
2711,3980,0.3552481234073639,0
2711,1304,0.36085212230682373,0
2711,3357,0.3653245270252228,0
2711,1077,0.373405396938324,0
2711,1344,0.329922080039978,0
2602,2602,0.33235469460487366,1
2602,3553,0.37686240673065186,0
2602,1396,0.39045944809913635,0
2602,3808,0.39558497071266174,0
2602,3632,0.3608229160308838,0
2602,158,0.42006826400756836,0
2602,2902,0.40684178471565247,0
2602,801,0.3680855631828308,0
2602,2439,0.37913182377815247,0
2602,113,0.3788909316062927,0
2602,2581,0.4135626256465912,0
2602,1980,0.34344035387039185,0
2602,3905,0.35362744331359863,0
2602,2572,0.3588942885398865,0
2602,635,0.38498640060424805,0
2602,1726,0.3937987983226776,0
2602,2395,0.4016285836696625,0
2602,1295,0.38181817531585693,0
2602,3258,0.36671721935272217,0
2602,1256,0.3557736873626709,0
931,931,0.4415895342826843,1
931,3280,0.37757518887519836,0
931,2419,0.3720811903476715,0
931,4018,0.39524516463279724,0
931,2477,0.37191495299339294,0
931,4118,0.35776013135910034,0
931,3012,0.33938920497894287,0
931,29,0.5071310997009277,0
931,3317,0.3806178867816925,0
931,895,0.3637979328632355,0
931,2978,0.3728863000869751,0
931,1763,0.3747634291648865,0
931,190,0.4162808060646057,0
931,3437,0.3484624922275543,0
931,956,0.43518614768981934,0
931,3764,0.36515575647354126,0
931,3509,0.39979562163352966,0
931,2463,0.35128456354141235,0
931,2001,0.4286283254623413,0
931,996,0.35705748200416565,0
1597,1597,0.37246400117874146,1
1597,3435,0.3570924997329712,0
1597,2399,0.3622143566608429,0
1597,344,0.4311245083808899,0
1597,1084,0.4099580943584442,0
1597,359,0.35747548937797546,0
1597,2177,0.38233399391174316,0
1597,715,0.3687509000301361,0
1597,2991,0.39189618825912476,0
1597,369,0.35921335220336914,0
1597,1409,0.4066550135612488,0
1597,1290,0.3942900598049164,0
1597,1242,0.40554049611091614,0
1597,3263,0.3970187306404114,0
1597,2039,0.3710431456565857,0
1597,597,0.4073377847671509,0
1597,2539,0.4502516984939575,0
1597,3481,0.39751574397087097,0
1597,496,0.4261438846588135,0
1597,1143,0.3851805627346039,0
2741,2741,0.33488455414772034,1
2741,738,0.3649813234806061,0
2741,864,0.3595450222492218,0
2741,1324,0.4103867709636688,0
2741,1524,0.3432058095932007,0
2741,501,0.34832635521888733,0
2741,438,0.3397473096847534,0
2741,2169,0.3368944525718689,0
2741,2018,0.4011336863040924,0
2741,4010,0.36278823018074036,0
2741,1160,0.3990528881549835,0
2741,2915,0.33441802859306335,0
2741,1963,0.3578547239303589,0
2741,3814,0.43765896558761597,0
2741,1958,0.3612688183784485,0
2741,4064,0.38307633996009827,0
2741,120,0.36722737550735474,0
2741,2787,0.353085994720459,0
2741,2681,0.37766125798225403,0
2741,1387,0.44936293363571167,0
2912,2912,0.4007612466812134,1
2912,3786,0.4831370413303375,0
2912,1783,0.4190467894077301,0
2912,1437,0.38518446683883667,0
2912,1534,0.40438833832740784,0
2912,2160,0.4223284423351288,0
2912,1344,0.3804692029953003,0
2912,701,0.5020532011985779,0
2912,2242,0.43261629343032837,0
2912,2207,0.3784690797328949,0
2912,855,0.478451132774353,0
2912,3657,0.38552650809288025,0
2912,2020,0.4480102062225342,0
2912,688,0.38275840878486633,0
2912,243,0.414911687374115,0
2912,4083,0.38050031661987305,0
2912,703,0.41968291997909546,0
2912,3787,0.39543595910072327,0
2912,3102,0.40738171339035034,0
2912,2894,0.39043277502059937,0
2649,2649,0.4628322124481201,1
2649,2353,0.36534515023231506,0
2649,10,0.37075451016426086,0
2649,1317,0.34879302978515625,0
2649,607,0.3507663309574127,0
2649,2382,0.3994542956352234,0
2649,2367,0.38665199279785156,0
2649,4108,0.37678733468055725,0
2649,3484,0.3724234998226166,0
2649,527,0.3855586051940918,0
2649,2449,0.3732837438583374,0
2649,3903,0.35289880633354187,0
2649,3537,0.37659984827041626,0
2649,3233,0.4347420930862427,0
2649,3637,0.3790533244609833,0
2649,1258,0.38124343752861023,0
2649,2256,0.39580872654914856,0
2649,3422,0.37787219882011414,0
2649,397,0.4808742105960846,0
2649,193,0.40847504138946533,0
3065,3065,0.3375208079814911,1
3065,3072,0.3669556975364685,0
3065,3538,0.3404815196990967,0
3065,2891,0.38304242491722107,0
3065,1919,0.3470655679702759,0
3065,2042,0.36626073718070984,0
3065,3549,0.36015090346336365,0
3065,3474,0.3424752652645111,0
3065,2624,0.3245868384838104,0
3065,1611,0.3821530342102051,0
3065,3792,0.38501232862472534,0
3065,241,0.35438522696495056,0
3065,891,0.41148075461387634,0
3065,731,0.38029372692108154,0
3065,658,0.4378177523612976,0
3065,1706,0.44773945212364197,0
3065,3468,0.35539382696151733,0
3065,297,0.3859957754611969,0
3065,2305,0.3349713385105133,0
3065,554,0.37538349628448486,0
225,225,0.4081225097179413,1
225,1923,0.3917818069458008,0
225,2893,0.37756362557411194,0
225,318,0.4601544737815857,0
225,1926,0.444399893283844,0
225,1662,0.40610364079475403,0
225,265,0.4265522360801697,0
225,2832,0.37025779485702515,0
225,3290,0.37791427969932556,0
225,3279,0.3901287913322449,0
225,2311,0.3574230670928955,0
225,2874,0.3894769847393036,0
225,3034,0.38907015323638916,0
225,951,0.4242454171180725,0
225,2838,0.4649871587753296,0
225,920,0.476295530796051,0
225,3501,0.3758074641227722,0
225,336,0.4161915183067322,0
225,379,0.4109177887439728,0
225,1689,0.46945613622665405,0
2554,2554,0.35277223587036133,1
2554,1581,0.34592926502227783,0
2554,3435,0.3438025116920471,0
2554,2091,0.3634001314640045,0
2554,2118,0.3589971661567688,0
2554,3270,0.3718299865722656,0
2554,3281,0.3527057468891144,0
2554,3706,0.37171879410743713,0
2554,2279,0.3694102168083191,0
2554,2704,0.3939894735813141,0
2554,1450,0.36654144525527954,0
2554,3000,0.3467957377433777,0
2554,3099,0.37732017040252686,0
2554,566,0.38166898488998413,0
2554,3615,0.3476206958293915,0
2554,3209,0.3731688857078552,0
2554,1310,0.3562847673892975,0
2554,1108,0.4244229197502136,0
2554,1428,0.38364923000335693,0
2554,4044,0.34507620334625244,0
2394,2394,0.3836291432380676,1
2394,854,0.39842483401298523,0
2394,625,0.398033082485199,0
2394,441,0.31420063972473145,0
2394,3521,0.3482379913330078,0
2394,2098,0.3616120517253876,0
2394,1249,0.34367820620536804,0
2394,2615,0.35047921538352966,0
2394,4023,0.36756080389022827,0
2394,2690,0.3850982189178467,0
2394,52,0.3704436421394348,0
2394,3225,0.3404739797115326,0
2394,3356,0.3540962040424347,0
2394,3831,0.38645362854003906,0
2394,3601,0.36988693475723267,0
2394,1326,0.3786681592464447,0
2394,2189,0.3992164731025696,0
2394,458,0.36062249541282654,0
2394,294,0.358606219291687,0
2394,1187,0.3651663362979889,0
1918,1918,0.4126341938972473,1
1918,1853,0.34838247299194336,0
1918,3529,0.3703141510486603,0
1918,1667,0.3571610450744629,0
1918,245,0.3433386981487274,0
1918,4136,0.40778830647468567,0
1918,480,0.46434834599494934,0
1918,2620,0.3703811466693878,0
1918,2474,0.36314380168914795,0
1918,2235,0.34976619482040405,0
1918,1388,0.3866003155708313,0
1918,2140,0.36257433891296387,0
1918,1036,0.4321889281272888,0
1918,3337,0.4411764442920685,0
1918,2008,0.330691933631897,0
1918,3161,0.3624599277973175,0
1918,1173,0.34030309319496155,0
1918,2624,0.3365902900695801,0
1918,3004,0.3706549108028412,0
1918,1326,0.4311969578266144,0
2997,2997,0.3536232113838196,1
2997,3395,0.3852926790714264,0
2997,1862,0.36748695373535156,0
2997,1007,0.40715914964675903,0
2997,619,0.4571017622947693,0
2997,884,0.35474544763565063,0
2997,2899,0.4149201512336731,0
2997,3549,0.37269696593284607,0
2997,3710,0.38345450162887573,0
2997,4103,0.3758622407913208,0
2997,1836,0.4617993235588074,0
2997,4108,0.3709099292755127,0
2997,3227,0.3785994052886963,0
2997,2074,0.40709924697875977,0
2997,992,0.38001886010169983,0
2997,4144,0.37086108326911926,0
2997,765,0.4010166525840759,0
2997,3151,0.37042132019996643,0
2997,2816,0.35595908761024475,0
2997,644,0.3931773602962494,0
1448,1448,0.4725036919116974,1
1448,5,0.4671981930732727,0
1448,2414,0.3709557354450226,0
1448,660,0.467772513628006,0
1448,1996,0.42857545614242554,0
1448,3204,0.34830421209335327,0
1448,2872,0.3584190905094147,0
1448,4008,0.3757813572883606,0
1448,2173,0.40894997119903564,0
1448,1827,0.3864428400993347,0
1448,2172,0.3808196783065796,0
1448,661,0.3988741338253021,0
1448,3811,0.3441425561904907,0
1448,4018,0.382809042930603,0
1448,2460,0.4372946321964264,0
1448,1218,0.38548189401626587,0
1448,316,0.3928574025630951,0
1448,3619,0.3818822205066681,0
1448,3492,0.3355295956134796,0
1448,559,0.3806789219379425,0
529,529,0.363558292388916,1
529,2978,0.3675696551799774,0
529,2143,0.3573061227798462,0
529,1334,0.40630361437797546,0
529,4089,0.3784331679344177,0
529,375,0.37965062260627747,0
529,3636,0.36791932582855225,0
529,3774,0.3836185932159424,0
529,3499,0.34826213121414185,0
529,2024,0.3707379698753357,0
529,3518,0.3680795431137085,0
529,804,0.4015241861343384,0
529,3426,0.3378150761127472,0
529,3195,0.3627740442752838,0
529,1596,0.3995063900947571,0
529,2516,0.3669097423553467,0
529,3953,0.3850851058959961,0
529,1806,0.4348113536834717,0
529,1814,0.371707946062088,0
529,1473,0.39464664459228516,0
1962,1962,0.42469093203544617,1
1962,430,0.40801963210105896,0
1962,2462,0.42673635482788086,0
1962,800,0.37008237838745117,0
1962,2027,0.36595508456230164,0
1962,3937,0.39601850509643555,0
1962,3669,0.39787840843200684,0
1962,4081,0.38703811168670654,0
1962,581,0.41722992062568665,0
1962,3583,0.3949415981769562,0
1962,2871,0.48873215913772583,0
1962,1567,0.3855404257774353,0
1962,911,0.4149879813194275,0
1962,868,0.4315573275089264,0
1962,390,0.44722628593444824,0
1962,1588,0.4016433358192444,0
1962,3084,0.39486396312713623,0
1962,1671,0.3974979519844055,0
1962,2037,0.36190900206565857,0
1962,1349,0.3812478184700012,0
3127,3127,0.38510334491729736,1
3127,519,0.3843717873096466,0
3127,3631,0.3770623505115509,0
3127,3264,0.38190776109695435,0
3127,610,0.44900935888290405,0
3127,3105,0.38514426350593567,0
3127,205,0.41531306505203247,0
3127,2,0.38310959935188293,0
3127,597,0.40963590145111084,0
3127,471,0.46598324179649353,0
3127,2545,0.3471291661262512,0
3127,410,0.4203310012817383,0
3127,3224,0.3602868616580963,0
3127,3965,0.3946574926376343,0
3127,3056,0.36366164684295654,0
3127,1189,0.3813582956790924,0
3127,2323,0.3704032003879547,0
3127,1637,0.39034727215766907,0
3127,2483,0.38479989767074585,0
3127,3628,0.4224357306957245,0
2647,2647,0.3874346613883972,1
2647,372,0.41572296619415283,0
2647,351,0.3640349209308624,0
2647,2413,0.4021501839160919,0
2647,2768,0.3894975185394287,0
2647,3836,0.3568415939807892,0
2647,2305,0.3523598313331604,0
2647,587,0.4968257248401642,0
2647,808,0.4168180823326111,0
2647,4032,0.4036427140235901,0
2647,1659,0.39488911628723145,0
2647,3112,0.4495343267917633,0
2647,670,0.4070466458797455,0
2647,3840,0.3755987584590912,0
2647,2834,0.36511102318763733,0
2647,1255,0.3868885040283203,0
2647,3474,0.37270721793174744,0
2647,2968,0.3889049291610718,0
2647,1918,0.42233940958976746,0
2647,645,0.4128574728965759,0
2431,2431,0.35482561588287354,1
2431,2564,0.4543297290802002,0
2431,3953,0.3959575295448303,0
2431,606,0.34538835287094116,0
2431,265,0.39167824387550354,0
2431,495,0.39056196808815,0
2431,2965,0.38177254796028137,0
2431,1596,0.40638047456741333,0
2431,696,0.43923965096473694,0
2431,840,0.3632761836051941,0
2431,1791,0.4197710454463959,0
2431,2521,0.3215528726577759,0
2431,367,0.4482806921005249,0
2431,1825,0.3655656576156616,0
2431,3240,0.39598172903060913,0
2431,2649,0.4469606280326843,0
2431,3948,0.3599797785282135,0
2431,2354,0.359002023935318,0
2431,2042,0.3719157576560974,0
2431,845,0.40540823340415955,0
2698,2698,0.36606889963150024,1
2698,2119,0.3739178478717804,0
2698,2084,0.36744987964630127,0
2698,878,0.4227491319179535,0
2698,1479,0.35596829652786255,0
2698,3189,0.3605472445487976,0
2698,3620,0.34554368257522583,0
2698,2019,0.35605186223983765,0
2698,3809,0.357179194688797,0
2698,3186,0.32091963291168213,0
2698,21,0.421754390001297,0
2698,777,0.4169425666332245,0
2698,2477,0.39428412914276123,0
2698,2083,0.380991131067276,0
2698,1061,0.4131484627723694,0
2698,1964,0.3529154658317566,0
2698,1873,0.3589697480201721,0
2698,227,0.3426230251789093,0
2698,3706,0.3855469226837158,0
2698,2822,0.3620673418045044,0
940,940,0.41352003812789917,1
940,1708,0.4227047860622406,0
940,2030,0.3789365291595459,0
940,2019,0.3836817443370819,0
940,2538,0.37594708800315857,0
940,2268,0.46620070934295654,0
940,1898,0.42637839913368225,0
940,1481,0.45779359340667725,0
940,828,0.38426023721694946,0
940,1758,0.3463205397129059,0
940,2263,0.45059821009635925,0
940,3226,0.3910680413246155,0
940,1288,0.37605172395706177,0
940,1645,0.3597985506057739,0
940,3536,0.3637528121471405,0
940,3811,0.3606637120246887,0
940,842,0.4013897776603699,0
940,939,0.5017155408859253,0
940,3487,0.36934810876846313,0
940,3153,0.38197219371795654,0
157,157,0.4191552698612213,1
157,1801,0.3728967308998108,0
157,526,0.4838442802429199,0
157,4008,0.3921467065811157,0
157,1045,0.44212397933006287,0
157,1409,0.4202795624732971,0
157,642,0.4173312783241272,0
157,331,0.39532268047332764,0
157,2791,0.4315067529678345,0
157,4123,0.3677431344985962,0
157,859,0.37480515241622925,0
157,2027,0.3741608262062073,0
157,114,0.4348643720149994,0
157,1519,0.37631040811538696,0
157,2384,0.41571566462516785,0
157,3845,0.3827250003814697,0
157,3251,0.36812615394592285,0
157,1046,0.4061106741428375,0
157,3564,0.3809468150138855,0
157,1121,0.38842377066612244,0
3361,3361,0.3613519072532654,1
3361,4137,0.3527282476425171,0
3361,937,0.3703760504722595,0
3361,2488,0.38444966077804565,0
3361,4029,0.35394442081451416,0
3361,2266,0.37383633852005005,0
3361,3822,0.35333195328712463,0
3361,3423,0.3977201581001282,0
3361,3976,0.35746896266937256,0
3361,174,0.3623417913913727,0
3361,1672,0.3562992215156555,0
3361,1321,0.35466742515563965,0
3361,2729,0.39740827679634094,0
3361,2578,0.350205659866333,0
3361,2509,0.36801648139953613,0
3361,2093,0.4240114390850067,0
3361,3246,0.33160683512687683,0
3361,2583,0.38135117292404175,0
3361,2232,0.37200120091438293,0
3361,3965,0.3696765899658203,0
655,655,0.3814625144004822,1
655,2325,0.4008646309375763,0
655,752,0.4815029501914978,0
655,2003,0.391393780708313,0
655,628,0.36317384243011475,0
655,1736,0.4080556333065033,0
655,3679,0.37433090806007385,0
655,1945,0.38161933422088623,0
655,1366,0.4548802375793457,0
655,437,0.42579787969589233,0
655,3783,0.3880157172679901,0
655,4160,0.381417453289032,0
655,4124,0.39103585481643677,0
655,3248,0.4035632312297821,0
655,2772,0.3850148022174835,0
655,1268,0.38013532757759094,0
655,3458,0.4502899944782257,0
655,3722,0.3785322904586792,0
655,2104,0.46127504110336304,0
655,4153,0.4214463531970978,0
2688,2688,0.3758404850959778,1
2688,325,0.37949442863464355,0
2688,1650,0.4165545701980591,0
2688,2890,0.3884906768798828,0
2688,2118,0.3750091791152954,0
2688,945,0.39098379015922546,0
2688,3020,0.4057413935661316,0
2688,2331,0.3994174301624298,0
2688,2953,0.4042993187904358,0
2688,3250,0.3535957932472229,0
2688,1381,0.4332410991191864,0
2688,2134,0.3475687503814697,0
2688,715,0.40437793731689453,0
2688,3095,0.37051206827163696,0
2688,206,0.37515097856521606,0
2688,2389,0.3544161915779114,0
2688,1272,0.37257835268974304,0
2688,1299,0.3658527135848999,0
2688,3231,0.3744131624698639,0
2688,1939,0.39149123430252075,0
400,400,0.38058772683143616,1
400,2632,0.3650990128517151,0
400,390,0.4009626507759094,0
400,3024,0.33288896083831787,0
400,2083,0.36981600522994995,0
400,1594,0.3362385034561157,0
400,2607,0.37156277894973755,0
400,1655,0.3750899136066437,0
400,2004,0.3558049201965332,0
400,1523,0.34175512194633484,0
400,1915,0.3615892231464386,0
400,3857,0.38866451382637024,0
400,30,0.33971235156059265,0
400,2152,0.37774360179901123,0
400,503,0.34540361166000366,0
400,347,0.40922144055366516,0
400,897,0.3757471442222595,0
400,2432,0.37085914611816406,0
400,3188,0.3645937740802765,0
400,1974,0.39864346385002136,0
3022,3022,0.40375810861587524,1
3022,2064,0.392941951751709,0
3022,1122,0.4353505074977875,0
3022,610,0.44505274295806885,0
3022,2631,0.4910270571708679,0
3022,3132,0.4275174140930176,0
3022,2177,0.36811763048171997,0
3022,1433,0.36636510491371155,0
3022,1751,0.37352311611175537,0
3022,26,0.42372697591781616,0
3022,1963,0.36210042238235474,0
3022,1642,0.3529658615589142,0
3022,1819,0.43489277362823486,0
3022,1178,0.36686497926712036,0
3022,4165,0.3633604347705841,0
3022,2572,0.3324063718318939,0
3022,3189,0.3584147095680237,0
3022,3890,0.3604380488395691,0
3022,3163,0.36656758189201355,0
3022,2068,0.4089606702327728,0
3596,3596,0.3651316463947296,1
3596,981,0.406502366065979,0
3596,3356,0.3518211841583252,0
3596,4008,0.35857078433036804,0
3596,2173,0.39042168855667114,0
3596,3119,0.3628000319004059,0
3596,2983,0.383230596780777,0
3596,2922,0.42670005559921265,0
3596,1954,0.46325087547302246,0
3596,1523,0.3460467755794525,0
3596,1695,0.3581681549549103,0
3596,1770,0.3672090470790863,0
3596,2118,0.35220277309417725,0
3596,889,0.3874474763870239,0
3596,674,0.36893048882484436,0
3596,548,0.38518011569976807,0
3596,967,0.3515099883079529,0
3596,2624,0.3305966258049011,0
3596,3086,0.3613103926181793,0
3596,1075,0.36717110872268677,0
3775,3775,0.371864914894104,1
3775,3498,0.4046088755130768,0
3775,1335,0.3893049955368042,0
3775,2445,0.3871070444583893,0
3775,246,0.35784783959388733,0
3775,3449,0.39005589485168457,0
3775,30,0.37148186564445496,0
3775,2933,0.3917831778526306,0
3775,2337,0.35823288559913635,0
3775,3714,0.39332589507102966,0
3775,3321,0.38772526383399963,0
3775,1754,0.39340242743492126,0
3775,4109,0.3803863227367401,0
3775,3041,0.4042302966117859,0
3775,3500,0.36407482624053955,0
3775,2721,0.3856421709060669,0
3775,1529,0.4228678345680237,0
3775,826,0.39241281151771545,0
3775,307,0.39747947454452515,0
3775,3740,0.39265167713165283,0
3510,3510,0.3426840007305145,1
3510,2942,0.3470403552055359,0
3510,2595,0.3466424345970154,0
3510,1160,0.36694997549057007,0
3510,31,0.32899314165115356,0
3510,2840,0.3477403223514557,0
3510,383,0.3467743396759033,0
3510,241,0.3591517210006714,0
3510,381,0.35943603515625,0
3510,1906,0.3315197229385376,0
3510,3443,0.3522021770477295,0
3510,1353,0.3488639295101166,0
3510,1206,0.43528610467910767,0
3510,2393,0.3579036295413971,0
3510,623,0.33448323607444763,0
3510,1244,0.34438827633857727,0
3510,2243,0.4012524485588074,0
3510,803,0.40908029675483704,0
3510,2688,0.3496628999710083,0
3510,122,0.4058644771575928,0
1891,1891,0.38166946172714233,1
1891,2359,0.37969523668289185,0
1891,3995,0.3578222393989563,0
1891,3058,0.37351980805397034,0
1891,2306,0.38225436210632324,0
1891,1675,0.41526269912719727,0
1891,1808,0.3882763981819153,0
1891,959,0.37178361415863037,0
1891,2915,0.35870110988616943,0
1891,2156,0.3756902515888214,0
1891,3688,0.34929168224334717,0
1891,448,0.4404284358024597,0
1891,4028,0.35517963767051697,0
1891,3462,0.34633901715278625,0
1891,960,0.3718479573726654,0
1891,2806,0.39882758259773254,0
1891,2838,0.44732189178466797,0
1891,3034,0.37577763199806213,0
1891,3396,0.3752477169036865,0
1891,4150,0.38903483748435974,0
2336,2336,0.3628591001033783,1
2336,579,0.3768104016780853,0
2336,3828,0.3482652008533478,0
2336,1566,0.41570809483528137,0
2336,2880,0.3716154396533966,0
2336,2417,0.3545968532562256,0
2336,1020,0.3571189045906067,0
2336,2,0.373943954706192,0
2336,85,0.40609118342399597,0
2336,655,0.35260874032974243,0
2336,3258,0.36150193214416504,0
2336,3927,0.37351977825164795,0
2336,3851,0.37389349937438965,0
2336,2328,0.3734649121761322,0
2336,467,0.4151034951210022,0
2336,1582,0.3888023793697357,0
2336,3437,0.36269986629486084,0
2336,2979,0.3644523024559021,0
2336,3195,0.34510889649391174,0
2336,2860,0.35997632145881653,0
2674,2674,0.3708970844745636,1
2674,3001,0.38566747307777405,0
2674,3698,0.3832729756832123,0
2674,793,0.3725926876068115,0
2674,840,0.37750086188316345,0
2674,3867,0.3871636688709259,0
2674,775,0.41099798679351807,0
2674,2416,0.3894289433956146,0
2674,2934,0.3546409606933594,0
2674,2984,0.33982613682746887,0
2674,3333,0.426779568195343,0
2674,3717,0.4673818349838257,0
2674,3624,0.36085817217826843,0
2674,3958,0.35937821865081787,0
2674,95,0.4019465446472168,0
2674,790,0.3774675726890564,0
2674,1919,0.35976099967956543,0
2674,177,0.41121724247932434,0
2674,1920,0.4244585931301117,0
2674,243,0.3728935122489929,0
307,307,0.3829908072948456,1
307,447,0.4087670147418976,0
307,3742,0.3984954059123993,0
307,1628,0.4312264919281006,0
307,1886,0.3476759195327759,0
307,1545,0.34648457169532776,0
307,420,0.38661816716194153,0
307,2676,0.36237192153930664,0
307,2467,0.3867511451244354,0
307,1995,0.38847774267196655,0
307,896,0.35765281319618225,0
307,3408,0.39029380679130554,0
307,3395,0.3791140019893646,0
307,4017,0.35728204250335693,0
307,3374,0.356109082698822,0
307,2304,0.382290780544281,0
307,3114,0.3820321261882782,0
307,2715,0.3579200506210327,0
307,1814,0.38227716088294983,0
307,1625,0.34594783186912537,0
1172,1172,0.43168336153030396,1
1172,3313,0.41044744849205017,0
1172,2829,0.3784598708152771,0
1172,1794,0.39131054282188416,0
1172,2874,0.40261945128440857,0
1172,982,0.4431239068508148,0
1172,597,0.4069663882255554,0
1172,3343,0.4371553361415863,0
1172,283,0.44841277599334717,0
1172,1282,0.50053870677948,0
1172,111,0.43006432056427,0
1172,4026,0.40078094601631165,0
1172,2945,0.41350796818733215,0
1172,2349,0.4023788273334503,0
1172,835,0.4526195824146271,0
1172,2353,0.3841192424297333,0
1172,1711,0.3656958043575287,0
1172,1819,0.45491307973861694,0
1172,388,0.4591490924358368,0
1172,1008,0.4075566828250885,0
408,408,0.4528878629207611,1
408,945,0.41101041436195374,0
408,486,0.4804711937904358,0
408,2533,0.3811814785003662,0
408,737,0.4768732786178589,0
408,3823,0.41532576084136963,0
408,3312,0.43897750973701477,0
408,3241,0.3791346549987793,0
408,2779,0.41425621509552,0
408,3152,0.38740187883377075,0
408,3149,0.43511632084846497,0
408,3751,0.39603275060653687,0
408,2883,0.4013674557209015,0
408,872,0.45173928141593933,0
408,4177,0.39636990427970886,0
408,550,0.4038771390914917,0
408,493,0.4148348867893219,0
408,3053,0.4348742365837097,0
408,1932,0.41640859842300415,0
408,2021,0.5267717838287354,0
1947,1947,0.4119178056716919,1
1947,1655,0.3831433355808258,0
1947,706,0.4862811863422394,0
1947,3347,0.37976157665252686,0
1947,1950,0.37170353531837463,0
1947,2552,0.407987505197525,0
1947,2629,0.4360220432281494,0
1947,132,0.45907795429229736,0
1947,176,0.4083090126514435,0
1947,2363,0.4185870587825775,0
1947,3679,0.3690989315509796,0
1947,69,0.46294888854026794,0
1947,4006,0.3617740869522095,0
1947,2833,0.38923197984695435,0
1947,3390,0.3831764757633209,0
1947,2377,0.43693825602531433,0
1947,9,0.4169861674308777,0
1947,239,0.3695390224456787,0
1947,3107,0.37685179710388184,0
1947,2901,0.4002535343170166,0
842,842,0.3788004517555237,1
842,3505,0.3731032609939575,0
842,1229,0.47898268699645996,0
842,1429,0.3519345819950104,0
842,2790,0.3800795078277588,0
842,3285,0.3611690104007721,0
842,2264,0.3820481598377228,0
842,2506,0.3740338683128357,0
842,3003,0.39084312319755554,0
842,3926,0.35848867893218994,0
842,2847,0.35540828108787537,0
842,1266,0.39489471912384033,0
842,1067,0.3632526397705078,0
842,588,0.4092611074447632,0
842,3506,0.3746415078639984,0
842,1107,0.3895651698112488,0
842,963,0.35870763659477234,0
842,619,0.44301721453666687,0
842,2102,0.3441220223903656,0
842,3861,0.36030036211013794,0
216,216,0.3277007043361664,1
216,2812,0.4204438626766205,0
216,1686,0.42146730422973633,0
216,1901,0.4206310510635376,0
216,3925,0.37600043416023254,0
216,3911,0.41039106249809265,0
216,2790,0.39993607997894287,0
216,2645,0.4411699175834656,0
216,674,0.4019993841648102,0
216,2680,0.3970384895801544,0
216,2909,0.40509670972824097,0
216,1074,0.4376673996448517,0
216,700,0.4237529933452606,0
216,3672,0.38631054759025574,0
216,86,0.39661529660224915,0
216,141,0.4092550277709961,0
216,1073,0.3879851996898651,0
216,804,0.4434295892715454,0
216,2614,0.4122259020805359,0
216,2007,0.3816893994808197,0
3071,3071,0.3722009062767029,1
3071,2310,0.36050885915756226,0
3071,2596,0.3577125072479248,0
3071,3323,0.3117442727088928,0
3071,980,0.34865981340408325,0
3071,4049,0.3696625828742981,0
3071,3365,0.3635275065898895,0
3071,3042,0.3987791836261749,0
3071,3282,0.3263317942619324,0
3071,885,0.3870815336704254,0
3071,1210,0.3494793772697449,0
3071,2196,0.3699811100959778,0
3071,1960,0.3988221287727356,0
3071,638,0.35755980014801025,0
3071,2317,0.3542589843273163,0
3071,225,0.38247984647750854,0
3071,656,0.4392077624797821,0
3071,1905,0.3834669888019562,0
3071,84,0.4325003921985626,0
3071,1810,0.3900730013847351,0
3014,3014,0.33435294032096863,1
3014,715,0.38259267807006836,0
3014,3529,0.366626501083374,0
3014,2167,0.36479559540748596,0
3014,1635,0.3801600933074951,0
3014,3913,0.3508703112602234,0
3014,599,0.37344056367874146,0
3014,38,0.40372148156166077,0
3014,1666,0.37002962827682495,0
3014,3140,0.38754740357398987,0
3014,2240,0.36396580934524536,0
3014,787,0.3853044807910919,0
3014,3810,0.3428052067756653,0
3014,3132,0.42932119965553284,0
3014,772,0.41256949305534363,0
3014,159,0.41753026843070984,0
3014,2928,0.37496769428253174,0
3014,638,0.35902729630470276,0
3014,2864,0.3821231722831726,0
3014,4085,0.40638458728790283,0
2692,2692,0.4227374792098999,1
2692,612,0.40670573711395264,0
2692,904,0.4038477838039398,0
2692,1091,0.3984048664569855,0
2692,554,0.40293124318122864,0
2692,726,0.3888464868068695,0
2692,1494,0.41326257586479187,0
2692,2581,0.4490828216075897,0
2692,4006,0.35207608342170715,0
2692,1663,0.44617581367492676,0
2692,120,0.41646647453308105,0
2692,392,0.4773235023021698,0
2692,3187,0.42145922780036926,0
2692,2476,0.41593310236930847,0
2692,1047,0.36087527871131897,0
2692,1011,0.39618855714797974,0
2692,3606,0.3860962986946106,0
2692,983,0.44335246086120605,0
2692,2853,0.38502395153045654,0
2692,3803,0.40199196338653564,0
321,321,0.41496849060058594,1
321,4079,0.4177209734916687,0
321,140,0.47360461950302124,0
321,601,0.4482286870479584,0
321,1161,0.3917899429798126,0
321,482,0.3882782459259033,0
321,3968,0.3819575905799866,0
321,2511,0.42677655816078186,0
321,3844,0.3790452778339386,0
321,3218,0.44201523065567017,0
321,4117,0.3965076506137848,0
321,2353,0.3898624777793884,0
321,3344,0.3834804594516754,0
321,3197,0.4085518419742584,0
321,2301,0.4305453896522522,0
321,383,0.3987603187561035,0
321,764,0.3818933069705963,0
321,3576,0.4734664559364319,0
321,2947,0.3925428092479706,0
321,2797,0.40235191583633423,0
3242,3242,0.32943636178970337,1
3242,118,0.36851322650909424,0
3242,4125,0.3505827486515045,0
3242,3968,0.38317954540252686,0
3242,3774,0.37300753593444824,0
3242,2874,0.3724728226661682,0
3242,352,0.3689787685871124,0
3242,2957,0.3696538209915161,0
3242,3928,0.35570964217185974,0
3242,1190,0.3511112630367279,0
3242,1184,0.36178070306777954,0
3242,2349,0.37778088450431824,0
3242,1399,0.4617372155189514,0
3242,3347,0.3575235605239868,0
3242,2157,0.382490873336792,0
3242,1231,0.40276336669921875,0
3242,4077,0.3493736684322357,0
3242,930,0.4020410180091858,0
3242,878,0.40040889382362366,0
3242,3260,0.3561811149120331,0
2212,2212,0.35149267315864563,1
2212,3591,0.3481452167034149,0
2212,737,0.42579185962677,0
2212,2203,0.36060941219329834,0
2212,285,0.3318842053413391,0
2212,1787,0.41908591985702515,0
2212,3886,0.3761695921421051,0
2212,820,0.3459852337837219,0
2212,3462,0.3538402318954468,0
2212,3592,0.3634350001811981,0
2212,417,0.42595240473747253,0
2212,1130,0.41252750158309937,0
2212,2088,0.4228820204734802,0
2212,805,0.43708088994026184,0
2212,8,0.3991270363330841,0
2212,455,0.3989942669868469,0
2212,682,0.41088688373565674,0
2212,4020,0.38946422934532166,0
2212,1386,0.40208420157432556,0
2212,940,0.3838343024253845,0
3879,3879,0.38177627325057983,1
3879,2936,0.3576600253582001,0
3879,4074,0.39025843143463135,0
3879,478,0.3885505795478821,0
3879,4057,0.3371698558330536,0
3879,4165,0.39154699444770813,0
3879,4048,0.42698439955711365,0
3879,4173,0.3598654866218567,0
3879,1051,0.427757203578949,0
3879,105,0.4535541236400604,0
3879,2423,0.46397557854652405,0
3879,1637,0.3917139172554016,0
3879,1951,0.38261640071868896,0
3879,861,0.38693034648895264,0
3879,3193,0.37246790528297424,0
3879,1283,0.38349810242652893,0
3879,1751,0.4192509949207306,0
3879,508,0.3856450021266937,0
3879,2033,0.4786222577095032,0
3879,692,0.3916873335838318,0
1527,1527,0.46533605456352234,1
1527,3207,0.3704192340373993,0
1527,351,0.35080626606941223,0
1527,3342,0.3506772518157959,0
1527,1584,0.3878326714038849,0
1527,386,0.3577338755130768,0
1527,2026,0.366777628660202,0
1527,3704,0.35326701402664185,0
1527,1641,0.422768235206604,0
1527,3601,0.37241485714912415,0
1527,1665,0.3681034743785858,0
1527,3593,0.3413708209991455,0
1527,3056,0.355319619178772,0
1527,3855,0.3870304822921753,0
1527,2122,0.3796139359474182,0
1527,1050,0.38419124484062195,0
1527,4095,0.3794018030166626,0
1527,4091,0.3740207850933075,0
1527,3084,0.3822624087333679,0
1527,1052,0.36710482835769653,0
841,841,0.3956049084663391,1
841,475,0.46477216482162476,0
841,1254,0.35618481040000916,0
841,3784,0.4197501838207245,0
841,3058,0.3942667245864868,0
841,1579,0.4252973198890686,0
841,2738,0.4778409004211426,0
841,2499,0.36618122458457947,0
841,554,0.37954238057136536,0
841,2529,0.36058318614959717,0
841,1033,0.43437454104423523,0
841,2220,0.36855751276016235,0
841,2060,0.38099825382232666,0
841,1266,0.38863033056259155,0
841,1405,0.46163302659988403,0
841,4064,0.3950594365596771,0
841,1863,0.3848642408847809,0
841,3326,0.42278483510017395,0
841,1871,0.4423764646053314,0
841,1366,0.4299323856830597,0
3642,3642,0.38393688201904297,1
3642,3828,0.3611455261707306,0
3642,1747,0.44192999601364136,0
3642,3514,0.409321129322052,0
3642,1006,0.39893215894699097,0
3642,826,0.3865774869918823,0
3642,1975,0.4041050374507904,0
3642,1750,0.35316601395606995,0
3642,686,0.40852341055870056,0
3642,4060,0.3710419833660126,0
3642,1821,0.41954803466796875,0
3642,447,0.42013755440711975,0
3642,3862,0.38215526938438416,0
3642,2679,0.4114372134208679,0
3642,3838,0.3780190050601959,0
3642,2892,0.3732287585735321,0
3642,2386,0.41164353489875793,0
3642,146,0.46551069617271423,0
3642,340,0.37368834018707275,0
3642,3070,0.37593892216682434,0
469,469,0.3871113955974579,1
469,1544,0.37944525480270386,0
469,4175,0.40277808904647827,0
469,3972,0.3997418284416199,0
469,2125,0.3989467918872833,0
469,537,0.4370231330394745,0
469,3244,0.38723069429397583,0
469,464,0.4027538001537323,0
469,2096,0.3743034899234772,0
469,880,0.41750189661979675,0
469,1048,0.3696839511394501,0
469,1169,0.4119272232055664,0
469,1533,0.3981894850730896,0
469,1615,0.37519246339797974,0
469,815,0.41187357902526855,0
469,2467,0.4202585220336914,0
469,3887,0.4042603671550751,0
469,2958,0.3858693838119507,0
469,97,0.4705088436603546,0
469,139,0.4267372190952301,0
752,752,0.43143606185913086,1
752,3826,0.3770238161087036,0
752,274,0.3948025405406952,0
752,2396,0.38414615392684937,0
752,4127,0.38776925206184387,0
752,2525,0.4105302095413208,0
752,3960,0.3666771948337555,0
752,2050,0.40989065170288086,0
752,2730,0.3905276358127594,0
752,2916,0.38501495122909546,0
752,2132,0.37134572863578796,0
752,1935,0.39003732800483704,0
752,3578,0.36644813418388367,0
752,295,0.3564453125,0
752,2133,0.38804301619529724,0
752,1850,0.4009566605091095,0
752,2734,0.34890902042388916,0
752,2231,0.3946533501148224,0
752,1979,0.3877859115600586,0
752,4034,0.3774077594280243,0
2159,2159,0.448005735874176,1
2159,836,0.3764055073261261,0
2159,2317,0.36496588587760925,0
2159,3120,0.36127009987831116,0
2159,2172,0.364474356174469,0
2159,3912,0.3768831789493561,0
2159,2071,0.385367214679718,0
2159,1209,0.36587944626808167,0
2159,2676,0.3839177191257477,0
2159,370,0.3754206895828247,0
2159,1837,0.3733457922935486,0
2159,3763,0.3871379494667053,0
2159,89,0.40370166301727295,0
2159,3707,0.37415611743927,0
2159,2646,0.3500152826309204,0
2159,862,0.3925841450691223,0
2159,1489,0.4155007302761078,0
2159,2938,0.42666319012641907,0
2159,1487,0.4496119022369385,0
2159,2566,0.40764838457107544,0
653,653,0.417834997177124,1
653,1066,0.3969140648841858,0
653,2274,0.41353946924209595,0
653,3053,0.4368053078651428,0
653,3240,0.3792360723018646,0
653,1748,0.3848475515842438,0
653,3724,0.3635982871055603,0
653,3252,0.4410361647605896,0
653,2104,0.46750545501708984,0
653,2815,0.4146653115749359,0
653,3990,0.3589155375957489,0
653,4026,0.40085604786872864,0
653,968,0.4353509843349457,0
653,1221,0.4186096787452698,0
653,3958,0.35176363587379456,0
653,3582,0.38142457604408264,0
653,3186,0.34693536162376404,0
653,2496,0.4134261906147003,0
653,518,0.38650161027908325,0
653,802,0.42938369512557983,0
3497,3497,0.3448109030723572,1
3497,862,0.39093467593193054,0
3497,1452,0.3716627061367035,0
3497,1415,0.43437138199806213,0
3497,2995,0.34406647086143494,0
3497,2796,0.4113732874393463,0
3497,2110,0.3844480812549591,0
3497,1626,0.3536217212677002,0
3497,1294,0.3565654754638672,0
3497,2099,0.35856035351753235,0
3497,956,0.4387681782245636,0
3497,2643,0.3770408034324646,0
3497,2846,0.3469011187553406,0
3497,2053,0.384900838136673,0
3497,3097,0.3545575439929962,0
3497,377,0.4275265634059906,0
3497,765,0.40345388650894165,0
3497,2754,0.383621484041214,0
3497,2840,0.3519962430000305,0
3497,3323,0.3119678497314453,0
1573,1573,0.3650631308555603,1
1573,2976,0.3879324495792389,0
1573,1028,0.3851975202560425,0
1573,1854,0.384522408246994,0
1573,2251,0.3742470145225525,0
1573,2238,0.38025641441345215,0
1573,2892,0.35192641615867615,0
1573,3916,0.3545495569705963,0
1573,2348,0.4373040795326233,0
1573,274,0.4163372814655304,0
1573,218,0.4117662012577057,0
1573,63,0.4169135093688965,0
1573,1708,0.45515307784080505,0
1573,818,0.3831574320793152,0
1573,766,0.3809463679790497,0
1573,1974,0.441747784614563,0
1573,726,0.37381991744041443,0
1573,1528,0.37358853220939636,0
1573,2146,0.3745177984237671,0
1573,1880,0.42986568808555603,0
995,995,0.37845295667648315,1
995,3651,0.3876357674598694,0
995,1433,0.39716169238090515,0
995,1341,0.398977130651474,0
995,1974,0.46553343534469604,0
995,1754,0.40988045930862427,0
995,2315,0.4499421715736389,0
995,1237,0.3662084639072418,0
995,824,0.40297597646713257,0
995,3483,0.47266387939453125,0
995,3157,0.39398664236068726,0
995,721,0.42977461218833923,0
995,1903,0.4235377609729767,0
995,2392,0.46093764901161194,0
995,1673,0.47220006585121155,0
995,2091,0.3575230538845062,0
995,1786,0.4559828042984009,0
995,3943,0.3437890410423279,0
995,1294,0.387877881526947,0
995,897,0.42714884877204895,0
1465,1465,0.4280315935611725,1
1465,2868,0.37157320976257324,0
1465,3434,0.36895668506622314,0
1465,52,0.40090546011924744,0
1465,1773,0.4152683913707733,0
1465,1714,0.3919435441493988,0
1465,3647,0.3842584490776062,0
1465,4100,0.3826446235179901,0
1465,889,0.4316948652267456,0
1465,2469,0.3674258887767792,0
1465,2693,0.3913448452949524,0
1465,760,0.3803044557571411,0
1465,2960,0.41349223256111145,0
1465,712,0.4459418058395386,0
1465,1176,0.3703984320163727,0
1465,3564,0.38430121541023254,0
1465,1314,0.43272241950035095,0
1465,3865,0.4088723957538605,0
1465,1526,0.36934053897857666,0
1465,394,0.444476842880249,0
2933,2933,0.4126521944999695,1
2933,3972,0.35829803347587585,0
2933,222,0.36959192156791687,0
2933,2451,0.40110543370246887,0
2933,3993,0.3334565758705139,0
2933,1409,0.41537874937057495,0
2933,1032,0.39091938734054565,0
2933,4140,0.37754613161087036,0
2933,605,0.40747231245040894,0
2933,478,0.4099385440349579,0
2933,864,0.40663957595825195,0
2933,2401,0.3889545798301697,0
2933,2036,0.45503225922584534,0
2933,1808,0.4007875621318817,0
2933,2615,0.35719722509384155,0
2933,3870,0.37470561265945435,0
2933,803,0.4179632365703583,0
2933,1586,0.3911125361919403,0
2933,714,0.4287368655204773,0
2933,3314,0.3667137026786804,0
1931,1931,0.38538241386413574,1
1931,4071,0.4051308333873749,0
1931,295,0.3632107973098755,0
1931,2805,0.35930684208869934,0
1931,928,0.4788323938846588,0
1931,1465,0.40662622451782227,0
1931,3979,0.39739683270454407,0
1931,1677,0.4251612424850464,0
1931,515,0.3753698170185089,0
1931,92,0.38089698553085327,0
1931,3635,0.3792165517807007,0
1931,3602,0.3765093684196472,0
1931,2154,0.4023537337779999,0
1931,692,0.38589319586753845,0
1931,1599,0.4108758568763733,0
1931,789,0.3827666938304901,0
1931,1006,0.38607490062713623,0
1931,3705,0.38796961307525635,0
1931,2338,0.4014025330543518,0
1931,281,0.4278338551521301,0
1399,1399,0.5108160972595215,1
1399,991,0.39458027482032776,0
1399,725,0.37490084767341614,0
1399,1239,0.36487507820129395,0
1399,807,0.3981628715991974,0
1399,1004,0.36578482389450073,0
1399,2171,0.4669237434864044,0
1399,1335,0.3850972652435303,0
1399,1513,0.38471198081970215,0
1399,130,0.3935403525829315,0
1399,2540,0.3520413935184479,0
1399,3218,0.4103699326515198,0
1399,3614,0.3626517057418823,0
1399,1609,0.3897320032119751,0
1399,2984,0.3442420959472656,0
1399,696,0.45302948355674744,0
1399,376,0.35904461145401,0
1399,3451,0.3602857291698456,0
1399,2068,0.4138646423816681,0
1399,953,0.4329366683959961,0
3989,3989,0.356336772441864,1
3989,827,0.3986908793449402,0
3989,3393,0.3824964165687561,0
3989,112,0.3805464506149292,0
3989,2979,0.37315377593040466,0
3989,2698,0.3661971390247345,0
3989,154,0.4013124406337738,0
3989,3917,0.3371099829673767,0
3989,1168,0.33480045199394226,0
3989,1335,0.3754250705242157,0
3989,2126,0.4085671901702881,0
3989,2420,0.35131263732910156,0
3989,3912,0.3669491708278656,0
3989,3268,0.34023064374923706,0
3989,3820,0.3810846209526062,0
3989,1711,0.35554271936416626,0
3989,633,0.39485451579093933,0
3989,793,0.36566802859306335,0
3989,1944,0.4023955464363098,0
3989,1328,0.35272228717803955,0
593,593,0.38217827677726746,1
593,2693,0.3792283236980438,0
593,2211,0.36968785524368286,0
593,1705,0.3505236506462097,0
593,1274,0.385051429271698,0
593,347,0.41834232211112976,0
593,1081,0.4264088273048401,0
593,2671,0.42189788818359375,0
593,2449,0.36938655376434326,0
593,3649,0.3431371748447418,0
593,3725,0.3634912371635437,0
593,2302,0.3793726861476898,0
593,99,0.4124499559402466,0
593,1575,0.4056336283683777,0
593,1372,0.3718542456626892,0
593,1701,0.39910006523132324,0
593,3904,0.3698752820491791,0
593,1856,0.3908158242702484,0
593,1621,0.3791787326335907,0
593,1252,0.33648982644081116,0
91,91,0.3498600125312805,1
91,1227,0.41756904125213623,0
91,845,0.43858852982521057,0
91,3120,0.3728478252887726,0
91,1213,0.37487393617630005,0
91,1955,0.4372403621673584,0
91,1533,0.37887677550315857,0
91,1780,0.3811267614364624,0
91,530,0.39594751596450806,0
91,1065,0.4061785936355591,0
91,3021,0.36224454641342163,0
91,3823,0.4347139298915863,0
91,4107,0.3925214409828186,0
91,1866,0.40032827854156494,0
91,431,0.38257962465286255,0
91,2658,0.4219268560409546,0
91,2081,0.38193708658218384,0
91,1195,0.3868850767612457,0
91,1412,0.3962392210960388,0
91,2203,0.36326587200164795,0
1987,1987,0.3541404902935028,1
1987,267,0.36349332332611084,0
1987,2963,0.36594709753990173,0
1987,2512,0.36689475178718567,0
1987,2235,0.3664880096912384,0
1987,1976,0.38241854310035706,0
1987,2868,0.36094361543655396,0
1987,1925,0.3626585602760315,0
1987,1708,0.42184165120124817,0
1987,3312,0.3840726613998413,0
1987,943,0.3883514106273651,0
1987,189,0.4406008720397949,0
1987,3925,0.3732268810272217,0
1987,382,0.3729437291622162,0
1987,2892,0.3717668950557709,0
1987,3361,0.3437279462814331,0
1987,3855,0.44536301493644714,0
1987,2906,0.34085914492607117,0
1987,2989,0.4055253565311432,0
1987,1307,0.47197622060775757,0
1216,1216,0.38477200269699097,1
1216,649,0.4635671377182007,0
1216,2573,0.3633250594139099,0
1216,10,0.3576935827732086,0
1216,3886,0.3557836413383484,0
1216,1301,0.39286330342292786,0
1216,1314,0.4579136371612549,0
1216,4047,0.36149948835372925,0
1216,2230,0.41360342502593994,0
1216,3121,0.38091015815734863,0
1216,1873,0.38219064474105835,0
1216,4114,0.3728664219379425,0
1216,2918,0.3864694833755493,0
1216,3324,0.3631928861141205,0
1216,273,0.43942561745643616,0
1216,184,0.4350191354751587,0
1216,1241,0.37911105155944824,0
1216,54,0.37470659613609314,0
1216,1436,0.41506245732307434,0
1216,588,0.42992493510246277,0
2562,2562,0.42609044909477234,1
2562,2952,0.3986527919769287,0
2562,1422,0.46508267521858215,0
2562,913,0.3976222276687622,0
2562,2763,0.36678850650787354,0
2562,684,0.3822261095046997,0
2562,1587,0.3850708305835724,0
2562,1617,0.3828379809856415,0
2562,1110,0.3858473300933838,0
2562,2909,0.40422481298446655,0
2562,867,0.4107145667076111,0
2562,1741,0.4249514043331146,0
2562,3093,0.39444679021835327,0
2562,568,0.4447786211967468,0
2562,2413,0.39775973558425903,0
2562,3546,0.4079045057296753,0
2562,225,0.41948720812797546,0
2562,2452,0.45042672753334045,0
2562,2057,0.36571553349494934,0
2562,1089,0.42947813868522644,0
2861,2861,0.3621205985546112,1
2861,612,0.3822781443595886,0
2861,2046,0.392216295003891,0
2861,2210,0.361682653427124,0
2861,1843,0.4504702687263489,0
2861,3865,0.38501694798469543,0
2861,963,0.3673962354660034,0
2861,2829,0.3648912310600281,0
2861,2509,0.3741200864315033,0
2861,3174,0.38007786870002747,0
2861,1625,0.3656166195869446,0
2861,2364,0.3950308859348297,0
2861,980,0.3695918917655945,0
2861,3722,0.3683536946773529,0
2861,1034,0.38406670093536377,0
2861,3650,0.35586076974868774,0
2861,3832,0.3759358823299408,0
2861,3859,0.38834401965141296,0
2861,2185,0.40882354974746704,0
2861,2068,0.42199981212615967,0
3209,3209,0.35880711674690247,1
3209,1431,0.38512876629829407,0
3209,1099,0.3445556163787842,0
3209,876,0.35098156332969666,0
3209,1870,0.4155346751213074,0
3209,2024,0.3471643924713135,0
3209,929,0.3591615855693817,0
3209,2790,0.348704993724823,0
3209,1297,0.34953686594963074,0
3209,4061,0.3628772497177124,0
3209,1258,0.3525811433792114,0
3209,1444,0.35081663727760315,0
3209,438,0.34222131967544556,0
3209,2953,0.3686368763446808,0
3209,1310,0.33429741859436035,0
3209,783,0.3819029927253723,0
3209,4023,0.3498934805393219,0
3209,2637,0.375946044921875,0
3209,468,0.3711499273777008,0
3209,760,0.3521806299686432,0
1936,1936,0.3679364025592804,1
1936,1941,0.3786471486091614,0
1936,593,0.3591970205307007,0
1936,2051,0.35485780239105225,0
1936,2865,0.3687494695186615,0
1936,3279,0.4027026295661926,0
1936,1872,0.3645385503768921,0
1936,1642,0.35045456886291504,0
1936,1001,0.4570993483066559,0
1936,3935,0.3727414906024933,0
1936,1796,0.41481906175613403,0
1936,405,0.4270118176937103,0
1936,3042,0.40423139929771423,0
1936,2943,0.3716965317726135,0
1936,3586,0.37781429290771484,0
1936,1722,0.3870251476764679,0
1936,4141,0.36121314764022827,0
1936,3750,0.3652796447277069,0
1936,74,0.372434139251709,0
1936,629,0.4122534990310669,0
3977,3977,0.3553076982498169,1
3977,3875,0.37140196561813354,0
3977,195,0.3965650796890259,0
3977,2658,0.3897581100463867,0
3977,3269,0.37719178199768066,0
3977,3258,0.3623080849647522,0
3977,813,0.36046427488327026,0
3977,1547,0.42830246686935425,0
3977,2853,0.34974977374076843,0
3977,1092,0.3714990019798279,0
3977,1860,0.4415460526943207,0
3977,3343,0.36820775270462036,0
3977,3747,0.36467963457107544,0
3977,2324,0.43667376041412354,0
3977,3930,0.3511936664581299,0
3977,4116,0.3502084016799927,0
3977,932,0.42321690917015076,0
3977,2615,0.3524448871612549,0
3977,751,0.36262091994285583,0
3977,3795,0.3517397940158844,0
3709,3709,0.35683897137641907,1
3709,2107,0.37550339102745056,0
3709,1071,0.4163382351398468,0
3709,1299,0.374401330947876,0
3709,3691,0.3747590482234955,0
3709,1671,0.38888630270957947,0
3709,3472,0.3618068993091583,0
3709,3783,0.3712003827095032,0
3709,3333,0.44643059372901917,0
3709,3848,0.3830151855945587,0
3709,2432,0.3810978829860687,0
3709,308,0.44173499941825867,0
3709,228,0.3997418284416199,0
3709,2106,0.3844897449016571,0
3709,2992,0.37468650937080383,0
3709,1645,0.36565813422203064,0
3709,1382,0.37155917286872864,0
3709,3169,0.3556572198867798,0
3709,3757,0.3850719630718231,0
3709,1799,0.40870246291160583,0
3488,3488,0.3580198585987091,1
3488,399,0.42713701725006104,0
3488,1896,0.4327704906463623,0
3488,3747,0.3565792143344879,0
3488,3063,0.3925202786922455,0
3488,3338,0.37758955359458923,0
3488,3346,0.3746405243873596,0
3488,3497,0.38878145813941956,0
3488,2183,0.3693634271621704,0
3488,3264,0.39730751514434814,0
3488,489,0.4304134249687195,0
3488,1752,0.42939817905426025,0
3488,1694,0.3680915832519531,0
3488,3017,0.4178798794746399,0
3488,3432,0.3900710344314575,0
3488,1476,0.40624597668647766,0
3488,1029,0.39113861322402954,0
3488,5,0.454463392496109,0
3488,1921,0.39302459359169006,0
3488,3565,0.3948223888874054,0
1776,1776,0.4182674288749695,1
1776,629,0.4244588613510132,0
1776,2560,0.3679177761077881,0
1776,3036,0.3749600946903229,0
1776,3032,0.4162347912788391,0
1776,1564,0.36954012513160706,0
1776,853,0.3917926251888275,0
1776,707,0.4107654094696045,0
1776,2653,0.4025299847126007,0
1776,2528,0.42841702699661255,0
1776,3460,0.4495289623737335,0
1776,445,0.3715659976005554,0
1776,3214,0.4386986494064331,0
1776,1047,0.3615502715110779,0
1776,863,0.4321143925189972,0
1776,2418,0.38216716051101685,0
1776,153,0.4215088188648224,0
1776,1968,0.36641767621040344,0
1776,2619,0.3851822018623352,0
1776,1212,0.44994452595710754,0
535,535,0.4077574610710144,1
535,763,0.44168293476104736,0
535,3897,0.42334654927253723,0
535,2011,0.38348662853240967,0
535,4080,0.37389010190963745,0
535,959,0.3791608512401581,0
535,1676,0.38701313734054565,0
535,2519,0.4071139991283417,0
535,1314,0.4332638084888458,0
535,1067,0.3733568489551544,0
535,2148,0.45629310607910156,0
535,2862,0.35637137293815613,0
535,2353,0.35803523659706116,0
535,2198,0.365926593542099,0
535,591,0.3811030685901642,0
535,817,0.36346960067749023,0
535,755,0.410916805267334,0
535,3011,0.35868850350379944,0
535,303,0.38395246863365173,0
535,1608,0.3618488609790802,0
887,887,0.3736843466758728,1
887,1681,0.373790979385376,0
887,672,0.40536177158355713,0
887,741,0.3667929172515869,0
887,3251,0.36739683151245117,0
887,4086,0.3592015504837036,0
887,124,0.4364158511161804,0
887,156,0.4413769245147705,0
887,2218,0.39687350392341614,0
887,1815,0.4214559495449066,0
887,3040,0.3962157964706421,0
887,1816,0.38269710540771484,0
887,2455,0.3714546263217926,0
887,2922,0.4140162169933319,0
887,3594,0.398131400346756,0
887,2379,0.4509352743625641,0
887,1248,0.38631948828697205,0
887,3216,0.38460826873779297,0
887,1161,0.328938752412796,0
887,1929,0.4016799032688141,0
2106,2106,0.37100711464881897,1
2106,3352,0.3680327236652374,0
2106,4130,0.36605021357536316,0
2106,3900,0.3587319552898407,0
2106,917,0.35064494609832764,0
2106,832,0.35565781593322754,0
2106,3508,0.3627309203147888,0
2106,4172,0.37114596366882324,0
2106,164,0.42651650309562683,0
2106,3875,0.3806503713130951,0
2106,3144,0.37554875016212463,0
2106,3249,0.3651280403137207,0
2106,635,0.3601844906806946,0
2106,718,0.40191155672073364,0
2106,376,0.3516705334186554,0
2106,4031,0.3456289768218994,0
2106,2893,0.35774901509284973,0
2106,1355,0.38602834939956665,0
2106,176,0.38741159439086914,0
2106,2026,0.3596598505973816,0
2169,2169,0.36376169323921204,1
2169,3657,0.3662671148777008,0
2169,3971,0.38216304779052734,0
2169,3849,0.3797617256641388,0
2169,2228,0.37757158279418945,0
2169,3023,0.43539848923683167,0
2169,823,0.384417325258255,0
2169,2537,0.3669026494026184,0
2169,3833,0.3981868028640747,0
2169,2663,0.4391704499721527,0
2169,59,0.39878031611442566,0
2169,2677,0.3921968936920166,0
2169,3549,0.37614890933036804,0
2169,3233,0.43325814604759216,0
2169,2751,0.35687223076820374,0
2169,1464,0.41327211260795593,0
2169,3889,0.4067962169647217,0
2169,2519,0.42186078429222107,0
2169,1381,0.44895678758621216,0
2169,774,0.4072684943675995,0
3867,3867,0.4246617555618286,1
3867,3489,0.41311919689178467,0
3867,2525,0.41651058197021484,0
3867,1236,0.3959488272666931,0
3867,2620,0.38558846712112427,0
3867,1653,0.41485854983329773,0
3867,3671,0.3806237578392029,0
3867,978,0.3861306309700012,0
3867,1848,0.46156731247901917,0
3867,3919,0.36231860518455505,0
3867,375,0.41771388053894043,0
3867,128,0.39853066205978394,0
3867,422,0.4744371473789215,0
3867,3177,0.3745708763599396,0
3867,3507,0.38413944840431213,0
3867,3894,0.38705649971961975,0
3867,574,0.48656952381134033,0
3867,501,0.3971708118915558,0
3867,3390,0.37577730417251587,0
3867,2743,0.40157049894332886,0
3493,3493,0.36634257435798645,1
3493,1242,0.41616782546043396,0
3493,218,0.40718862414360046,0
3493,3942,0.41271495819091797,0
3493,3601,0.39813634753227234,0
3493,1028,0.40147265791893005,0
3493,1342,0.38032129406929016,0
3493,1218,0.4134095311164856,0
3493,2024,0.39647597074508667,0
3493,2193,0.380164235830307,0
3493,1812,0.503973126411438,0
3493,1205,0.40466105937957764,0
3493,3681,0.3872218728065491,0
3493,403,0.4587292969226837,0
3493,1279,0.37074634432792664,0
3493,3285,0.39417368173599243,0
3493,3984,0.37245920300483704,0
3493,2159,0.5002457499504089,0
3493,3490,0.39258888363838196,0
3493,2057,0.38823825120925903,0
603,603,0.39970386028289795,1
603,1839,0.4095868170261383,0
603,2249,0.40888452529907227,0
603,81,0.43397679924964905,0
603,2448,0.3751084804534912,0
603,3722,0.36035817861557007,0
603,791,0.3928242325782776,0
603,4141,0.37381479144096375,0
603,110,0.3987260162830353,0
603,3435,0.37211355566978455,0
603,1887,0.40715742111206055,0
603,3270,0.37202519178390503,0
603,1922,0.3784409761428833,0
603,228,0.41979867219924927,0
603,3528,0.38807806372642517,0
603,1672,0.39280372858047485,0
603,3709,0.37778764963150024,0
603,3878,0.3635590076446533,0
603,587,0.4818694293498993,0
603,1243,0.41291946172714233,0
2556,2556,0.3598119020462036,1
2556,1496,0.39977943897247314,0
2556,2316,0.36646145582199097,0
2556,1233,0.48596152663230896,0
2556,2656,0.35696831345558167,0
2556,3679,0.34638354182243347,0
2556,497,0.3878444731235504,0
2556,3302,0.3714538812637329,0
2556,4141,0.36039459705352783,0
2556,3539,0.3908938765525818,0
2556,2991,0.3938508927822113,0
2556,2183,0.36583584547042847,0
2556,1789,0.37520483136177063,0
2556,3727,0.4097861647605896,0
2556,4107,0.3700445592403412,0
2556,2230,0.3946637809276581,0
2556,1651,0.3825767934322357,0
2556,660,0.4628346860408783,0
2556,3742,0.3918006420135498,0
2556,3691,0.36784738302230835,0
1638,1638,0.4190213978290558,1
1638,2628,0.3821217119693756,0
1638,839,0.42948147654533386,0
1638,3824,0.40268030762672424,0
1638,524,0.4024921655654907,0
1638,1624,0.39139121770858765,0
1638,1418,0.40592437982559204,0
1638,941,0.4946399927139282,0
1638,2484,0.3526313900947571,0
1638,2607,0.39205577969551086,0
1638,1070,0.41427528858184814,0
1638,1659,0.39945438504219055,0
1638,1928,0.39356356859207153,0
1638,3335,0.36865943670272827,0
1638,548,0.4045540988445282,0
1638,759,0.40540942549705505,0
1638,1907,0.4531267285346985,0
1638,2446,0.4057333469390869,0
1638,3809,0.38002756237983704,0
1638,3018,0.3903511166572571,0
246,246,0.35087987780570984,1
246,498,0.3894347846508026,0
246,372,0.38365793228149414,0
246,202,0.4427812397480011,0
246,1555,0.3582385182380676,0
246,554,0.3604702055454254,0
246,4117,0.3436739146709442,0
246,1917,0.36843177676200867,0
246,2770,0.35085299611091614,0
246,1769,0.38361310958862305,0
246,56,0.40420499444007874,0
246,2716,0.3441420793533325,0
246,733,0.3767748475074768,0
246,3504,0.3785471022129059,0
246,284,0.36922118067741394,0
246,2489,0.4129367768764496,0
246,1256,0.3525976538658142,0
246,2000,0.34813934564590454,0
246,2557,0.37013670802116394,0
246,3118,0.348354697227478,0
1775,1775,0.34716007113456726,1
1775,3245,0.38124990463256836,0
1775,1176,0.3543248176574707,0
1775,494,0.36401841044425964,0
1775,3963,0.37970006465911865,0
1775,2848,0.356389582157135,0
1775,594,0.40915918350219727,0
1775,2485,0.42392152547836304,0
1775,3501,0.3629767894744873,0
1775,2305,0.3369498550891876,0
1775,2117,0.409924179315567,0
1775,2419,0.36119282245635986,0
1775,518,0.37801066040992737,0
1775,292,0.3595358431339264,0
1775,188,0.3542989194393158,0
1775,2178,0.36601653695106506,0
1775,3905,0.3662557005882263,0
1775,1053,0.35440459847450256,0
1775,2307,0.3613691031932831,0
1775,3442,0.3491086959838867,0
4040,4040,0.3861977159976959,1
4040,340,0.39516738057136536,0
4040,605,0.4029923379421234,0
4040,3194,0.3841937482357025,0
4040,2002,0.3820173740386963,0
4040,3640,0.3716689944267273,0
4040,66,0.40309175848960876,0
4040,2841,0.3791697919368744,0
4040,623,0.41336309909820557,0
4040,1880,0.42541074752807617,0
4040,122,0.43825286626815796,0
4040,2332,0.40112847089767456,0
4040,2778,0.42119109630584717,0
4040,1473,0.3936766982078552,0
4040,1291,0.3625507354736328,0
4040,3342,0.3968084156513214,0
4040,861,0.4032522141933441,0
4040,1159,0.38452616333961487,0
4040,1283,0.3959275186061859,0
4040,1550,0.44495898485183716,0
3733,3733,0.3797009587287903,1
3733,1275,0.36506906151771545,0
3733,3623,0.3731875419616699,0
3733,2428,0.43887022137641907,0
3733,2237,0.3736070990562439,0
3733,963,0.3533502221107483,0
3733,2864,0.3654695451259613,0
3733,1670,0.3935900628566742,0
3733,132,0.4301237463951111,0
3733,2817,0.3790702223777771,0
3733,2962,0.3739759624004364,0
3733,1840,0.4435434639453888,0
3733,2978,0.3697720170021057,0
3733,3302,0.37762513756752014,0
3733,2007,0.37580567598342896,0
3733,2358,0.36790889501571655,0
3733,2835,0.38935381174087524,0
3733,3332,0.35714688897132874,0
3733,1785,0.36979982256889343,0
3733,1859,0.3679685592651367,0
414,414,0.4013288617134094,1
414,3221,0.3599507212638855,0
414,1115,0.3755863606929779,0
414,230,0.42813819646835327,0
414,87,0.4033501148223877,0
414,815,0.40318548679351807,0
414,386,0.3562767803668976,0
414,653,0.4294903576374054,0
414,385,0.4268847405910492,0
414,203,0.3845249116420746,0
414,1150,0.37744513154029846,0
414,3102,0.3778434991836548,0
414,1523,0.3466944694519043,0
414,1118,0.4479735195636749,0
414,1468,0.3597295582294464,0
414,4083,0.35070160031318665,0
414,2483,0.38339710235595703,0
414,535,0.4285411834716797,0
414,3386,0.38272374868392944,0
414,737,0.43426212668418884,0
630,630,0.38510414958000183,1
630,3822,0.3617194592952728,0
630,1564,0.37630483508110046,0
630,2678,0.40157437324523926,0
630,3417,0.40952956676483154,0
630,4159,0.377298504114151,0
630,3689,0.3967653214931488,0
630,1201,0.39628851413726807,0
630,12,0.4629950523376465,0
630,2091,0.37525951862335205,0
630,3834,0.45082616806030273,0
630,3625,0.39624881744384766,0
630,9,0.4694457948207855,0
630,3545,0.3690148591995239,0
630,1493,0.4439423978328705,0
630,307,0.41417446732521057,0
630,3894,0.40925711393356323,0
630,3004,0.4115285575389862,0
630,3145,0.4327113628387451,0
630,1714,0.3999164402484894,0
1718,1718,0.3882431983947754,1
1718,45,0.37773776054382324,0
1718,1352,0.40978577733039856,0
1718,3643,0.38247939944267273,0
1718,1085,0.4678455889225006,0
1718,4123,0.3487834334373474,0
1718,1614,0.3571164011955261,0
1718,3202,0.38393422961235046,0
1718,3706,0.395031213760376,0
1718,1359,0.3578510284423828,0
1718,736,0.4322507977485657,0
1718,2135,0.38120439648628235,0
1718,639,0.46566492319107056,0
1718,2680,0.37549662590026855,0
1718,1174,0.41286101937294006,0
1718,2163,0.39877480268478394,0
1718,1172,0.4162006080150604,0
1718,1185,0.3366328775882721,0
1718,3411,0.38114050030708313,0
1718,4169,0.37343838810920715,0
2379,2379,0.4338556230068207,1
2379,284,0.37321144342422485,0
2379,3186,0.34330010414123535,0
2379,3511,0.37064144015312195,0
2379,1114,0.4087015390396118,0
2379,1032,0.3739582598209381,0
2379,930,0.40540093183517456,0
2379,2439,0.35835546255111694,0
2379,3269,0.3668927252292633,0
2379,301,0.40379616618156433,0
2379,1388,0.3968602418899536,0
2379,4080,0.36226317286491394,0
2379,1787,0.4447444677352905,0
2379,1096,0.363477498292923,0
2379,2019,0.3620322048664093,0
2379,3103,0.36580783128738403,0
2379,2610,0.36248835921287537,0
2379,2357,0.35302799940109253,0
2379,4128,0.34338051080703735,0
2379,559,0.3753642141819,0
73,73,0.3973734974861145,1
73,3409,0.3686581552028656,0
73,14,0.406263530254364,0
73,592,0.40655380487442017,0
73,1976,0.3884519040584564,0
73,2556,0.38577714562416077,0
73,361,0.3682994842529297,0
73,2379,0.42618364095687866,0
73,240,0.4097231328487396,0
73,2833,0.39619892835617065,0
73,3467,0.3976748585700989,0
73,2405,0.37232083082199097,0
73,2454,0.4599648118019104,0
73,3949,0.4058470129966736,0
73,658,0.433813214302063,0
73,2602,0.3401395380496979,0
73,1646,0.4292454421520233,0
73,3775,0.3748997151851654,0
73,2212,0.38385576009750366,0
73,2468,0.3782275915145874,0
898,898,0.3846375644207001,1
898,576,0.3599697947502136,0
898,1334,0.3799062967300415,0
898,241,0.3621579706668854,0
898,2642,0.3623756170272827,0
898,1603,0.34924623370170593,0
898,206,0.3458050787448883,0
898,3714,0.35813769698143005,0
898,524,0.3713710904121399,0
898,2220,0.3420330584049225,0
898,3904,0.3511224091053009,0
898,2300,0.3882860243320465,0
898,3046,0.36484697461128235,0
898,475,0.4406895935535431,0
898,3057,0.3636440634727478,0
898,2332,0.35625606775283813,0
898,1916,0.36827829480171204,0
898,2870,0.3448156416416168,0
898,719,0.39951905608177185,0
898,4039,0.35559988021850586,0
1014,1014,0.4205290675163269,1
1014,2630,0.3419720232486725,0
1014,1704,0.3990034759044647,0
1014,1883,0.3822144865989685,0
1014,3896,0.35073235630989075,0
1014,1753,0.43035587668418884,0
1014,1206,0.4429151117801666,0
1014,1758,0.31525638699531555,0
1014,2068,0.41351619362831116,0
1014,120,0.36771419644355774,0
1014,4081,0.35181960463523865,0
1014,2814,0.3467027544975281,0
1014,2524,0.3755154609680176,0
1014,1838,0.3942858576774597,0
1014,1097,0.4103686511516571,0
1014,4118,0.3456133306026459,0
1014,3034,0.3599306643009186,0
1014,616,0.43710917234420776,0
1014,18,0.3814258873462677,0
1014,602,0.369843065738678,0
3385,3385,0.3587363362312317,1
3385,399,0.4188617765903473,0
3385,1737,0.36764898896217346,0
3385,1908,0.42997196316719055,0
3385,243,0.391895055770874,0
3385,2291,0.3757941424846649,0
3385,3211,0.3880363404750824,0
3385,3249,0.388447105884552,0
3385,640,0.36656999588012695,0
3385,1629,0.4347372353076935,0
3385,103,0.3864292502403259,0
3385,1055,0.35734128952026367,0
3385,2145,0.3779211640357971,0
3385,2761,0.3738950788974762,0
3385,3966,0.35190078616142273,0
3385,748,0.3878585696220398,0
3385,3219,0.3913368582725525,0
3385,3512,0.3514440953731537,0
3385,3140,0.3952087163925171,0
3385,3970,0.37671011686325073,0
649,649,0.43250858783721924,1
649,311,0.3589725196361542,0
649,1543,0.420607328414917,0
649,261,0.3825998902320862,0
649,1020,0.37005937099456787,0
649,2239,0.45063120126724243,0
649,820,0.33986175060272217,0
649,907,0.3986971974372864,0
649,3674,0.3493271768093109,0
649,2838,0.46538791060447693,0
649,322,0.3834402859210968,0
649,4048,0.4059843122959137,0
649,897,0.3989647924900055,0
649,38,0.4093615412712097,0
649,573,0.426422119140625,0
649,2746,0.3809705078601837,0
649,3979,0.39138612151145935,0
649,2565,0.3605263829231262,0
649,863,0.4053080081939697,0
649,2419,0.37616202235221863,0
1946,1946,0.3985041677951813,1
1946,1623,0.3901747763156891,0
1946,1973,0.39857542514801025,0
1946,1214,0.40747517347335815,0
1946,1819,0.4705345630645752,0
1946,1133,0.4795944094657898,0
1946,2726,0.37549450993537903,0
1946,4046,0.4003923237323761,0
1946,1680,0.48226818442344666,0
1946,1848,0.4459877014160156,0
1946,3766,0.3770998418331146,0
1946,3097,0.37904855608940125,0
1946,2803,0.3681712746620178,0
1946,2715,0.39504918456077576,0
1946,4138,0.3854653537273407,0
1946,2198,0.3747962415218353,0
1946,1536,0.3901734948158264,0
1946,3489,0.40181902050971985,0
1946,3963,0.39160311222076416,0
1946,3655,0.3550514280796051,0
3981,3981,0.35672882199287415,1
3981,2170,0.3581365942955017,0
3981,3153,0.36562493443489075,0
3981,470,0.42381006479263306,0
3981,1221,0.3984729051589966,0
3981,3592,0.35916614532470703,0
3981,453,0.37900206446647644,0
3981,786,0.31537559628486633,0
3981,149,0.36121782660484314,0
3981,2579,0.3827420473098755,0
3981,3071,0.37912890315055847,0
3981,1567,0.3578713536262512,0
3981,193,0.425238698720932,0
3981,3946,0.3400176465511322,0
3981,2284,0.3667880892753601,0
3981,2406,0.3536468744277954,0
3981,2929,0.3273167014122009,0
3981,2070,0.3737484812736511,0
3981,1682,0.39219358563423157,0
3981,448,0.4211598336696625,0
809,809,0.3633820116519928,1
809,2404,0.3849690556526184,0
809,2994,0.37502971291542053,0
809,1605,0.41039571166038513,0
809,4137,0.36403802037239075,0
809,456,0.3649681508541107,0
809,1980,0.35315588116645813,0
809,680,0.4327346980571747,0
809,1651,0.3777739405632019,0
809,2856,0.35925009846687317,0
809,719,0.40704506635665894,0
809,2444,0.3504354953765869,0
809,4049,0.37155646085739136,0
809,2075,0.3729991018772125,0
809,70,0.39181533455848694,0
809,3272,0.34533262252807617,0
809,2714,0.3555152714252472,0
809,3807,0.3691854476928711,0
809,3644,0.36233556270599365,0
809,1948,0.37086331844329834,0
2008,2008,0.36088675260543823,1
2008,39,0.3659294843673706,0
2008,547,0.39652523398399353,0
2008,3650,0.3411816656589508,0
2008,3123,0.3493977189064026,0
2008,2885,0.36620837450027466,0
2008,4144,0.3416471481323242,0
2008,520,0.36376139521598816,0
2008,3940,0.3692024052143097,0
2008,421,0.37659314274787903,0
2008,958,0.3813253343105316,0
2008,385,0.42776691913604736,0
2008,1883,0.38707804679870605,0
2008,3365,0.371001273393631,0
2008,2652,0.3888401985168457,0
2008,356,0.38432931900024414,0
2008,3472,0.3522952198982239,0
2008,3185,0.3636724054813385,0
2008,151,0.3712042272090912,0
2008,2348,0.4162944555282593,0
2694,2694,0.3691127896308899,1
2694,2099,0.35666677355766296,0
2694,3383,0.3412197530269623,0
2694,1238,0.36327141523361206,0
2694,3884,0.3475077152252197,0
2694,2962,0.36486387252807617,0
2694,2007,0.37547919154167175,0
2694,2422,0.39125943183898926,0
2694,3963,0.3653561472892761,0
2694,1662,0.3972358703613281,0
2694,2059,0.4175782799720764,0
2694,1757,0.3851180970668793,0
2694,3276,0.3599165678024292,0
2694,2280,0.3871651887893677,0
2694,2564,0.42625585198402405,0
2694,1813,0.37058645486831665,0
2694,367,0.37454313039779663,0
2694,3686,0.3775615692138672,0
2694,3294,0.3649468719959259,0
2694,522,0.3532719612121582,0
3327,3327,0.37013766169548035,1
3327,3406,0.3969649076461792,0
3327,2822,0.36957553029060364,0
3327,1195,0.38737669587135315,0
3327,3948,0.3880477845668793,0
3327,1501,0.3766089677810669,0
3327,3995,0.358494371175766,0
3327,1378,0.4280303120613098,0
3327,3140,0.41094595193862915,0
3327,177,0.42952287197113037,0
3327,3795,0.36333099007606506,0
3327,1535,0.43540066480636597,0
3327,3489,0.39231187105178833,0
3327,4020,0.3898251950740814,0
3327,2176,0.41549232602119446,0
3327,1910,0.3819791078567505,0
3327,2668,0.37672072649002075,0
3327,2989,0.43182089924812317,0
3327,1573,0.3781087100505829,0
3327,2286,0.41301587224006653,0
3268,3268,0.3637448251247406,1
3268,3190,0.3694573938846588,0
3268,3005,0.38034793734550476,0
3268,2024,0.37373849749565125,0
3268,182,0.3840565085411072,0
3268,2301,0.42477020621299744,0
3268,1093,0.4314125180244446,0
3268,3668,0.4318543076515198,0
3268,3753,0.3834865987300873,0
3268,2916,0.37227320671081543,0
3268,937,0.3958591818809509,0
3268,3644,0.39241063594818115,0
3268,2851,0.35858771204948425,0
3268,2775,0.4243719279766083,0
3268,2525,0.3888481557369232,0
3268,154,0.4340597093105316,0
3268,1728,0.43399113416671753,0
3268,2062,0.43820953369140625,0
3268,3967,0.4288599491119385,0
3268,3183,0.43221768736839294,0
2493,2493,0.40543025732040405,1
2493,2008,0.4062538743019104,0
2493,984,0.3824886679649353,0
2493,1436,0.4545992910861969,0
2493,43,0.4307422637939453,0
2493,3572,0.3960192799568176,0
2493,1575,0.4484085142612457,0
2493,833,0.49172112345695496,0
2493,321,0.45286262035369873,0
2493,962,0.3895585834980011,0
2493,2115,0.37893903255462646,0
2493,1676,0.4125002324581146,0
2493,2298,0.4893231689929962,0
2493,3919,0.3809603452682495,0
2493,863,0.4415190517902374,0
2493,1646,0.4525836408138275,0
2493,2966,0.3824998736381531,0
2493,2190,0.3909081816673279,0
2493,826,0.4353351593017578,0
2493,215,0.5170844793319702,0
1039,1039,0.4214846193790436,1
1039,1538,0.5189328789710999,0
1039,3358,0.4596180319786072,0
1039,2998,0.5056168437004089,0
1039,2392,0.4843583106994629,0
1039,2829,0.35572755336761475,0
1039,3971,0.3811767101287842,0
1039,2509,0.36842337250709534,0
1039,3922,0.39608731865882874,0
1039,652,0.4377426505088806,0
1039,3122,0.38041895627975464,0
1039,3763,0.40250059962272644,0
1039,3360,0.386459618806839,0
1039,1636,0.44233834743499756,0
1039,1561,0.46905383467674255,0
1039,3491,0.38330620527267456,0
1039,3807,0.38773593306541443,0
1039,671,0.37403565645217896,0
1039,1676,0.4001237452030182,0
1039,514,0.370202898979187,0
711,711,0.349275678396225,1
711,2881,0.42583608627319336,0
711,823,0.34666725993156433,0
711,737,0.4258151948451996,0
711,1651,0.3666703701019287,0
711,641,0.3625112771987915,0
711,3965,0.364229679107666,0
711,1336,0.34522590041160583,0
711,1127,0.34370070695877075,0
711,3117,0.34624800086021423,0
711,94,0.4104524254798889,0
711,3249,0.3699164390563965,0
711,1766,0.38762399554252625,0
711,2765,0.355934202671051,0
711,2920,0.3276738226413727,0
711,2154,0.3711663782596588,0
711,1313,0.34194543957710266,0
711,2692,0.3885495662689209,0
711,1447,0.41557085514068604,0
711,2379,0.40077275037765503,0
3118,3118,0.3517121374607086,1
3118,1226,0.3613867163658142,0
3118,556,0.44882798194885254,0
3118,3693,0.34207311272621155,0
3118,4102,0.37390467524528503,0
3118,3283,0.36682847142219543,0
3118,1925,0.34365519881248474,0
3118,2906,0.34826600551605225,0
3118,3344,0.3462795615196228,0
3118,3539,0.3666397035121918,0
3118,1750,0.34079763293266296,0
3118,1176,0.3658302426338196,0
3118,2333,0.36937934160232544,0
3118,3466,0.35835137963294983,0
3118,2980,0.3616238832473755,0
3118,1342,0.3496030271053314,0
3118,840,0.3630037307739258,0
3118,3282,0.33701157569885254,0
3118,613,0.32009240984916687,0
3118,2193,0.3513234853744507,0
2388,2388,0.4148370623588562,1
2388,1355,0.3967050611972809,0
2388,1430,0.38429540395736694,0
2388,2026,0.3624642789363861,0
2388,188,0.3524240553379059,0
2388,377,0.387858122587204,0
2388,720,0.3559657335281372,0
2388,74,0.37087827920913696,0
2388,1420,0.37149325013160706,0
2388,2420,0.3629557490348816,0
2388,990,0.37124064564704895,0
2388,2801,0.38245031237602234,0
2388,2965,0.3584979474544525,0
2388,480,0.47847771644592285,0
2388,2728,0.3858548402786255,0
2388,65,0.3941164016723633,0
2388,3832,0.3588384687900543,0
2388,3190,0.3710319399833679,0
2388,4156,0.35171136260032654,0
2388,605,0.37797781825065613,0
1887,1887,0.3893773555755615,1
1887,2484,0.3585130274295807,0
1887,2106,0.37801221013069153,0
1887,655,0.3835703730583191,0
1887,3728,0.3993944227695465,0
1887,2230,0.3930831253528595,0
1887,17,0.43684670329093933,0
1887,2980,0.3720254898071289,0
1887,1672,0.3831995725631714,0
1887,2478,0.4112723469734192,0
1887,2603,0.37928614020347595,0
1887,174,0.39035502076148987,0
1887,3066,0.4228556454181671,0
1887,979,0.37959933280944824,0
1887,1868,0.37904733419418335,0
1887,3655,0.3512619137763977,0
1887,214,0.47871464490890503,0
1887,817,0.3629530966281891,0
1887,3846,0.3818841874599457,0
1887,811,0.4402296543121338,0
1720,1720,0.38073310256004333,1
1720,3459,0.39094460010528564,0
1720,1304,0.37271130084991455,0
1720,2969,0.3892005383968353,0
1720,4028,0.3689090609550476,0
1720,2844,0.3657444715499878,0
1720,2381,0.38532930612564087,0
1720,3943,0.36014324426651,0
1720,2799,0.3585952818393707,0
1720,2384,0.4031020402908325,0
1720,3334,0.38449928164482117,0
1720,971,0.4163581430912018,0
1720,1971,0.3872293531894684,0
1720,3912,0.3638143241405487,0
1720,3141,0.3937385082244873,0
1720,2744,0.391391783952713,0
1720,3881,0.38138672709465027,0
1720,3266,0.34588712453842163,0
1720,47,0.36744382977485657,0
1720,1347,0.35119977593421936,0
1968,1968,0.3620849847793579,1
1968,2363,0.38125088810920715,0
1968,847,0.37055593729019165,0
1968,2449,0.3482401371002197,0
1968,3022,0.3782013952732086,0
1968,310,0.43270185589790344,0
1968,1908,0.3950626850128174,0
1968,2713,0.3985307812690735,0
1968,3064,0.3136070966720581,0
1968,1864,0.38334208726882935,0
1968,346,0.39608412981033325,0
1968,447,0.45560917258262634,0
1968,3922,0.36535370349884033,0
1968,2569,0.36745238304138184,0
1968,635,0.3466660976409912,0
1968,4126,0.35466229915618896,0
1968,1071,0.4171599745750427,0
1968,1521,0.36080655455589294,0
1968,2450,0.3562954068183899,0
1968,1735,0.34759271144866943,0
384,384,0.3725068271160126,1
384,177,0.37141671776771545,0
384,3131,0.36197078227996826,0
384,74,0.3610461354255676,0
384,1780,0.36197635531425476,0
384,973,0.3726577162742615,0
384,4035,0.39057332277297974,0
384,3048,0.3568722605705261,0
384,697,0.4351048469543457,0
384,299,0.40743008255958557,0
384,562,0.4103846848011017,0
384,1103,0.3810243010520935,0
384,3171,0.3624512851238251,0
384,3807,0.3588607907295227,0
384,1666,0.3799193501472473,0
384,3859,0.3635519742965698,0
384,1600,0.3542911112308502,0
384,3465,0.41793593764305115,0
384,1907,0.4021064043045044,0
384,1899,0.42021194100379944,0
1404,1404,0.3897700607776642,1
1404,2449,0.3915833532810211,0
1404,2837,0.3944225311279297,0
1404,3431,0.44165006279945374,0
1404,3220,0.39891019463539124,0
1404,1031,0.4302961230278015,0
1404,3287,0.390358567237854,0
1404,1932,0.4089619517326355,0
1404,1876,0.4265056550502777,0
1404,3456,0.4329345226287842,0
1404,3854,0.38167545199394226,0
1404,1611,0.4239291250705719,0
1404,1104,0.49374812841415405,0
1404,2715,0.3861006498336792,0
1404,2376,0.42660343647003174,0
1404,2504,0.4012570381164551,0
1404,183,0.37590491771698,0
1404,2104,0.45305269956588745,0
1404,2784,0.38334420323371887,0
1404,3715,0.3688708245754242,0
3538,3538,0.3863266408443451,1
3538,1796,0.4535309374332428,0
3538,730,0.4204692244529724,0
3538,776,0.4444800615310669,0
3538,3607,0.4055686593055725,0
3538,525,0.3678513765335083,0
3538,2022,0.38540732860565186,0
3538,866,0.44688960909843445,0
3538,734,0.42746657133102417,0
3538,1518,0.4289361834526062,0
3538,2923,0.43231508135795593,0
3538,4062,0.4024466276168823,0
3538,3117,0.3677694797515869,0
3538,1244,0.37697282433509827,0
3538,2913,0.36695587635040283,0
3538,156,0.41188642382621765,0
3538,1235,0.4198969006538391,0
3538,709,0.35229355096817017,0
3538,3994,0.35923245549201965,0
3538,896,0.39103397727012634,0
839,839,0.4077360928058624,1
839,3208,0.36810779571533203,0
839,1306,0.4289916753768921,0
839,3907,0.3450604975223541,0
839,920,0.4402737021446228,0
839,2632,0.36648160219192505,0
839,2348,0.43303343653678894,0
839,3223,0.34759950637817383,0
839,1070,0.4012609124183655,0
839,848,0.4250998795032501,0
839,1637,0.35457876324653625,0
839,1629,0.4155958890914917,0
839,1988,0.36699438095092773,0
839,2465,0.3871695101261139,0
839,1053,0.35803723335266113,0
839,477,0.3696340322494507,0
839,859,0.3517545461654663,0
839,2671,0.39899662137031555,0
839,4005,0.379420667886734,0
839,2854,0.3459842801094055,0
221,221,0.3556077778339386,1
221,1136,0.38555559515953064,0
221,306,0.43770381808280945,0
221,3816,0.3563379645347595,0
221,1660,0.3836190402507782,0
221,1154,0.39374974370002747,0
221,3540,0.38102880120277405,0
221,871,0.3788991868495941,0
221,3453,0.3676215708255768,0
221,476,0.3692525625228882,0
221,3570,0.36797627806663513,0
221,2112,0.3760131001472473,0
221,147,0.46151575446128845,0
221,3608,0.37707823514938354,0
221,2826,0.3911343216896057,0
221,3778,0.36589381098747253,0
221,443,0.3772079646587372,0
221,445,0.38527917861938477,0
221,813,0.36712712049484253,0
221,3321,0.38815978169441223,0
212,212,0.3569071888923645,1
212,2677,0.3753858506679535,0
212,2666,0.35451048612594604,0
212,459,0.4195002317428589,0
212,1107,0.3905476927757263,0
212,3866,0.37931469082832336,0
212,2069,0.378507524728775,0
212,3753,0.3735731542110443,0
212,18,0.37823486328125,0
212,2734,0.33509328961372375,0
212,1999,0.37605130672454834,0
212,2619,0.35196059942245483,0
212,2266,0.37212708592414856,0
212,1719,0.35544928908348083,0
212,568,0.42368048429489136,0
212,2979,0.37315571308135986,0
212,3640,0.34623607993125916,0
212,1583,0.422960102558136,0
212,104,0.4216756224632263,0
212,1579,0.41706153750419617,0
3148,3148,0.3618278503417969,1
3148,3394,0.32541483640670776,0
3148,3268,0.3390844464302063,0
3148,2064,0.37471669912338257,0
3148,2509,0.3686239421367645,0
3148,641,0.45633426308631897,0
3148,353,0.38459864258766174,0
3148,3390,0.34112170338630676,0
3148,1392,0.3951621651649475,0
3148,3149,0.4104648530483246,0
3148,1690,0.3634127676486969,0
3148,3030,0.3971825838088989,0
3148,3969,0.37289121747016907,0
3148,2725,0.3646705150604248,0
3148,104,0.4575835168361664,0
3148,3519,0.38351306319236755,0
3148,2558,0.3751275837421417,0
3148,1857,0.3597293496131897,0
3148,525,0.35947197675704956,0
3148,1409,0.3976159989833832,0
3331,3331,0.3716174066066742,1
3331,4011,0.39361637830734253,0
3331,2439,0.37917113304138184,0
3331,1766,0.4238295555114746,0
3331,2945,0.4188552796840668,0
3331,419,0.37660664319992065,0
3331,2133,0.3734757602214813,0
3331,1478,0.37199586629867554,0
3331,4084,0.4458705484867096,0
3331,1247,0.39388418197631836,0
3331,36,0.41410908102989197,0
3331,153,0.4090089499950409,0
3331,347,0.43501609563827515,0
3331,365,0.3927459716796875,0
3331,1720,0.4040001332759857,0
3331,3928,0.36625897884368896,0
3331,2334,0.3959619104862213,0
3331,3748,0.3893122673034668,0
3331,1816,0.38901183009147644,0
3331,1859,0.39444437623023987,0
693,693,0.4146985709667206,1
693,3503,0.3839312493801117,0
693,390,0.44813141226768494,0
693,199,0.4904828667640686,0
693,841,0.43225300312042236,0
693,307,0.4195931851863861,0
693,1714,0.3878304064273834,0
693,2176,0.4289221167564392,0
693,942,0.38283413648605347,0
693,1940,0.3869793713092804,0
693,1824,0.42303645610809326,0
693,1255,0.3887915313243866,0
693,466,0.4952023923397064,0
693,2984,0.36327528953552246,0
693,250,0.39707475900650024,0
693,2972,0.4102441370487213,0
693,3470,0.3872852325439453,0
693,3053,0.4451013207435608,0
693,1331,0.3696955740451813,0
693,3428,0.3756054639816284,0
2285,2285,0.3899466395378113,1
2285,3712,0.3652052879333496,0
2285,398,0.41490739583969116,0
2285,2818,0.3674992322921753,0
2285,1643,0.4053262770175934,0
2285,2499,0.37162846326828003,0
2285,1836,0.4674157500267029,0
2285,3764,0.3631819784641266,0
2285,1075,0.38185036182403564,0
2285,1765,0.38155147433280945,0
2285,307,0.3944768011569977,0
2285,693,0.3997948467731476,0
2285,1281,0.3506559729576111,0
2285,2168,0.38057780265808105,0
2285,1203,0.4056653380393982,0
2285,70,0.3588361442089081,0
2285,318,0.5168949961662292,0
2285,3252,0.44655078649520874,0
2285,1343,0.3793136179447174,0
2285,1200,0.4358874559402466,0
2588,2588,0.37455490231513977,1
2588,271,0.44457849860191345,0
2588,1261,0.4133003056049347,0
2588,3403,0.35829871892929077,0
2588,2027,0.3679322600364685,0
2588,1428,0.37545648217201233,0
2588,3699,0.40521344542503357,0
2588,1682,0.40633058547973633,0
2588,1390,0.36832085251808167,0
2588,3989,0.3828543722629547,0
2588,2137,0.3854939043521881,0
2588,630,0.35654160380363464,0
2588,1921,0.40117543935775757,0
2588,2654,0.38596534729003906,0
2588,3100,0.42221540212631226,0
2588,3598,0.38610363006591797,0
2588,54,0.3898784816265106,0
2588,2733,0.46950313448905945,0
2588,2926,0.33328837156295776,0
2588,497,0.39154738187789917,0
453,453,0.377215713262558,1
453,3737,0.35748618841171265,0
453,1834,0.3933061361312866,0
453,3011,0.36012980341911316,0
453,1333,0.3681414723396301,0
453,1906,0.38029181957244873,0
453,1865,0.3541753590106964,0
453,2112,0.37714192271232605,0
453,1873,0.3588160276412964,0
453,1386,0.41943904757499695,0
453,3986,0.3521976172924042,0
453,2431,0.35434550046920776,0
453,803,0.42084139585494995,0
453,3893,0.35561689734458923,0
453,2868,0.34810376167297363,0
453,3298,0.3686503767967224,0
453,1548,0.38193100690841675,0
453,2753,0.3653236925601959,0
453,412,0.41668617725372314,0
453,3599,0.40514642000198364,0
913,913,0.42848318815231323,1
913,840,0.39084136486053467,0
913,1832,0.41450461745262146,0
913,183,0.3597013056278229,0
913,771,0.4276948571205139,0
913,677,0.3524795174598694,0
913,515,0.3950708210468292,0
913,591,0.39819297194480896,0
913,376,0.36242052912712097,0
913,1627,0.41974759101867676,0
913,3412,0.40407463908195496,0
913,78,0.40762391686439514,0
913,3059,0.43885403871536255,0
913,1921,0.4146265983581543,0
913,1285,0.4261035621166229,0
913,2781,0.3589983880519867,0
913,2101,0.35456880927085876,0
913,2524,0.3953585922718048,0
913,64,0.394675076007843,0
913,4164,0.36791837215423584,0
1965,1965,0.34916940331459045,1
1965,680,0.4257783591747284,0
1965,1134,0.35744041204452515,0
1965,754,0.43331852555274963,0
1965,3534,0.3683524429798126,0
1965,2532,0.3804665803909302,0
1965,3759,0.34331363439559937,0
1965,3099,0.36315757036209106,0
1965,1436,0.3793361783027649,0
1965,1686,0.36356446146965027,0
1965,608,0.3870171904563904,0
1965,4172,0.3604886531829834,0
1965,2123,0.383500874042511,0
1965,118,0.3428290784358978,0
1965,2888,0.3592457175254822,0
1965,563,0.37821483612060547,0
1965,2073,0.389851838350296,0
1965,3839,0.32725074887275696,0
1965,104,0.4293317496776581,0
1965,37,0.3893842101097107,0
1494,1494,0.3871113061904907,1
1494,1456,0.36207616329193115,0
1494,4097,0.3920237720012665,0
1494,941,0.49447381496429443,0
1494,305,0.3812437951564789,0
1494,955,0.3672099709510803,0
1494,333,0.407988578081131,0
1494,4082,0.39368271827697754,0
1494,3111,0.37291231751441956,0
1494,1559,0.3690771758556366,0
1494,2805,0.3503492772579193,0
1494,1158,0.3672161102294922,0
1494,896,0.40262168645858765,0
1494,2261,0.4095158576965332,0
1494,2014,0.3710751235485077,0
1494,1415,0.3906959891319275,0
1494,2192,0.38212043046951294,0
1494,297,0.39436548948287964,0
1494,400,0.4015866219997406,0
1494,549,0.41381731629371643,0
3651,3651,0.3682388961315155,1
3651,3057,0.37156373262405396,0
3651,3621,0.3524303138256073,0
3651,1093,0.41085192561149597,0
3651,3818,0.34840452671051025,0
3651,1064,0.3251350522041321,0
3651,3532,0.40732720494270325,0
3651,1795,0.3683663010597229,0
3651,962,0.35746461153030396,0
3651,1108,0.4152189791202545,0
3651,81,0.4018513858318329,0
3651,1502,0.3682076632976532,0
3651,772,0.3955255150794983,0
3651,2046,0.3964163362979889,0
3651,1941,0.3943599462509155,0
3651,1360,0.39926958084106445,0
3651,60,0.3906792402267456,0
3651,2293,0.3453836739063263,0
3651,4111,0.3536778390407562,0
3651,1083,0.4029298424720764,0
3739,3739,0.3870179355144501,1
3739,3795,0.3346751034259796,0
3739,909,0.3878149688243866,0
3739,1990,0.3558224141597748,0
3739,946,0.3212077021598816,0
3739,3571,0.34320616722106934,0
3739,3251,0.3223109245300293,0
3739,1378,0.36893340945243835,0
3739,3735,0.3510422706604004,0
3739,3525,0.33121341466903687,0
3739,3234,0.3287935256958008,0
3739,2972,0.3487973213195801,0
3739,3392,0.3331560790538788,0
3739,3779,0.33127591013908386,0
3739,1701,0.31328028440475464,0
3739,2210,0.33134835958480835,0
3739,12,0.35649722814559937,0
3739,3614,0.3318116068840027,0
3739,2030,0.3504708707332611,0
3739,2338,0.35884472727775574,0
2626,2626,0.3598642945289612,1
2626,3858,0.40659406781196594,0
2626,55,0.39618930220603943,0
2626,3419,0.36174365878105164,0
2626,771,0.42829346656799316,0
2626,3818,0.3650312125682831,0
2626,1529,0.43348798155784607,0
2626,1414,0.3559357225894928,0
2626,2953,0.41395631432533264,0
2626,3024,0.39487504959106445,0
2626,1359,0.37510761618614197,0
2626,3810,0.3609253168106079,0
2626,434,0.43433862924575806,0
2626,3015,0.45146727561950684,0
2626,3409,0.3855684697628021,0
2626,121,0.4235368072986603,0
2626,1477,0.42220181226730347,0
2626,3420,0.3687290847301483,0
2626,2964,0.3818129003047943,0
2626,3930,0.3686746656894684,0
1139,1139,0.4179719090461731,1
1139,4167,0.36845606565475464,0
1139,302,0.5444166660308838,0
1139,2692,0.41576552391052246,0
1139,2747,0.3983003497123718,0
1139,2919,0.4460117220878601,0
1139,2236,0.3964413106441498,0
1139,2834,0.3736063241958618,0
1139,2873,0.37135034799575806,0
1139,1966,0.41752442717552185,0
1139,3891,0.3825080394744873,0
1139,511,0.40076345205307007,0
1139,935,0.4004613161087036,0
1139,3690,0.4003516435623169,0
1139,2343,0.38567250967025757,0
1139,4020,0.3718322813510895,0
1139,1559,0.360942006111145,0
1139,1321,0.4136805832386017,0
1139,1575,0.4088321626186371,0
1139,4007,0.3460094928741455,0
82,82,0.34664857387542725,1
82,1462,0.3623458743095398,0
82,2111,0.41890332102775574,0
82,4018,0.3627009093761444,0
82,109,0.3803938329219818,0
82,1927,0.3651905357837677,0
82,286,0.3646916449069977,0
82,3720,0.3509318232536316,0
82,3517,0.4142409861087799,0
82,1200,0.3924390375614166,0
82,284,0.36786654591560364,0
82,1421,0.35437190532684326,0
82,2895,0.33893460035324097,0
82,1375,0.38769617676734924,0
82,2340,0.356347918510437,0
82,2145,0.3480954170227051,0
82,2137,0.36412277817726135,0
82,1517,0.40423086285591125,0
82,1057,0.36460453271865845,0
82,2833,0.36121684312820435,0
3713,3713,0.37859344482421875,1
3713,2908,0.3862132430076599,0
3713,2943,0.37616467475891113,0
3713,818,0.38311177492141724,0
3713,3378,0.375262588262558,0
3713,5,0.4476172626018524,0
3713,2647,0.35457274317741394,0
3713,299,0.3879156708717346,0
3713,2586,0.35537219047546387,0
3713,511,0.3830632269382477,0
3713,3081,0.3666289746761322,0
3713,2306,0.39333775639533997,0
3713,3576,0.43356743454933167,0
3713,372,0.40494921803474426,0
3713,3651,0.3797496557235718,0
3713,3578,0.36917030811309814,0
3713,3627,0.38858532905578613,0
3713,4094,0.37691137194633484,0
3713,543,0.38214150071144104,0
3713,2211,0.3610147535800934,0
2137,2137,0.3751804530620575,1
2137,2623,0.3879399299621582,0
2137,2698,0.379402756690979,0
2137,3440,0.3778928816318512,0
2137,1805,0.34851235151290894,0
2137,4111,0.36218851804733276,0
2137,3233,0.44976606965065,0
2137,2595,0.3802058696746826,0
2137,183,0.37402307987213135,0
2137,4076,0.37637025117874146,0
2137,3062,0.38598567247390747,0
2137,1255,0.37115511298179626,0
2137,2552,0.4186996519565582,0
2137,1018,0.369634211063385,0
2137,2653,0.398359090089798,0
2137,3580,0.43347108364105225,0
2137,3320,0.4676121473312378,0
2137,887,0.36068904399871826,0
2137,2503,0.37080883979797363,0
2137,3619,0.37976905703544617,0
3946,3946,0.36415648460388184,1
3946,4029,0.3769935965538025,0
3946,2856,0.3702901005744934,0
3946,1677,0.4686752259731293,0
3946,349,0.36119094491004944,0
3946,717,0.3504009246826172,0
3946,3683,0.40954118967056274,0
3946,3842,0.42836669087409973,0
3946,1604,0.3694310188293457,0
3946,896,0.39677557349205017,0
3946,359,0.357962429523468,0
3946,1521,0.39411067962646484,0
3946,129,0.52788245677948,0
3946,3144,0.3942282199859619,0
3946,3750,0.3692092001438141,0
3946,1885,0.42373546957969666,0
3946,3493,0.34569621086120605,0
3946,1795,0.3786364197731018,0
3946,245,0.3748781979084015,0
3946,422,0.4720879793167114,0
2038,2038,0.38976234197616577,1
2038,3409,0.38093101978302,0
2038,3767,0.39426150918006897,0
2038,1426,0.43030261993408203,0
2038,2643,0.39318448305130005,0
2038,2027,0.37726444005966187,0
2038,3912,0.38075917959213257,0
2038,570,0.3919811546802521,0
2038,3740,0.42841044068336487,0
2038,3495,0.4191506803035736,0
2038,1179,0.3863142430782318,0
2038,3681,0.3741573095321655,0
2038,1109,0.3745313584804535,0
2038,4011,0.39683419466018677,0
2038,2363,0.4052525758743286,0
2038,4066,0.3807480037212372,0
2038,621,0.3709854483604431,0
2038,1963,0.37848228216171265,0
2038,769,0.38512754440307617,0
2038,3054,0.39130064845085144,0
10,10,0.3495482802391052,1
10,2598,0.3929271399974823,0
10,2147,0.3778812289237976,0
10,1357,0.3846387267112732,0
10,1332,0.3640163838863373,0
10,1020,0.3699586093425751,0
10,29,0.46236667037010193,0
10,2528,0.4047885239124298,0
10,3496,0.3393842279911041,0
10,1342,0.35238519310951233,0
10,3253,0.3711940050125122,0
10,1608,0.35958266258239746,0
10,1245,0.3616282641887665,0
10,377,0.43169495463371277,0
10,1364,0.3948875665664673,0
10,1823,0.37696632742881775,0
10,3613,0.3865571618080139,0
10,1203,0.38848888874053955,0
10,1535,0.460749089717865,0
10,2177,0.3852526843547821,0
122,122,0.4362485408782959,1
122,1816,0.3682941198348999,0
122,3007,0.34975188970565796,0
122,3365,0.3732786178588867,0
122,4100,0.35193687677383423,0
122,2934,0.36083370447158813,0
122,2628,0.38064390420913696,0
122,612,0.3907892107963562,0
122,3316,0.3399433195590973,0
122,1480,0.4194118082523346,0
122,2490,0.3553211987018585,0
122,260,0.39122146368026733,0
122,1158,0.37823987007141113,0
122,2075,0.388912171125412,0
122,2672,0.44837844371795654,0
122,418,0.3592022955417633,0
122,2885,0.3830406069755554,0
122,3726,0.3847053349018097,0
122,2293,0.3399135172367096,0
122,3704,0.38413920998573303,0
2936,2936,0.349218487739563,1
2936,3321,0.3597080111503601,0
2936,3781,0.360885888338089,0
2936,895,0.3802568018436432,0
2936,1280,0.4089196026325226,0
2936,55,0.40831878781318665,0
2936,3104,0.34975650906562805,0
2936,1969,0.37210890650749207,0
2936,4057,0.3563902974128723,0
2936,242,0.5352795720100403,0
2936,1316,0.34741881489753723,0
2936,3289,0.3787219226360321,0
2936,872,0.4316941797733307,0
2936,2825,0.3745531141757965,0
2936,2173,0.43626484274864197,0
2936,840,0.3660905361175537,0
2936,2296,0.36257871985435486,0
2936,666,0.3718264102935791,0
2936,1661,0.4209232032299042,0
2936,873,0.3654289245605469,0
291,291,0.4322100281715393,1
291,2482,0.4046342670917511,0
291,2214,0.3682022988796234,0
291,1921,0.4109938442707062,0
291,3384,0.3680572509765625,0
291,628,0.3646373152732849,0
291,2250,0.3660984933376312,0
291,145,0.4155760109424591,0
291,2007,0.38781148195266724,0
291,2039,0.36398550868034363,0
291,901,0.4733198285102844,0
291,1948,0.3942151367664337,0
291,1738,0.37209799885749817,0
291,1935,0.3855455219745636,0
291,3540,0.3883996903896332,0
291,3822,0.3527747392654419,0
291,2880,0.38965803384780884,0
291,2629,0.4074716866016388,0
291,484,0.38321536779403687,0
291,3273,0.3753818869590759,0
2405,2405,0.3847671151161194,1
2405,1872,0.3687979280948639,0
2405,4080,0.3767560124397278,0
2405,2372,0.3747377097606659,0
2405,3276,0.355197936296463,0
2405,2583,0.39860108494758606,0
2405,1081,0.42257359623908997,0
2405,4139,0.38108208775520325,0
2405,1562,0.42013511061668396,0
2405,3762,0.38348817825317383,0
2405,2302,0.4017906188964844,0
2405,1139,0.4014766216278076,0
2405,3742,0.3901588022708893,0
2405,1780,0.36618828773498535,0
2405,3066,0.4016152620315552,0
2405,1494,0.3920079469680786,0
2405,638,0.4059818387031555,0
2405,730,0.4057636857032776,0
2405,2728,0.39522120356559753,0
2405,253,0.4442676305770874,0
1732,1732,0.44587770104408264,1
1732,2644,0.4121101200580597,0
1732,3115,0.4309931695461273,0
1732,596,0.34153929352760315,0
1732,3044,0.3516475558280945,0
1732,3578,0.3538840413093567,0
1732,204,0.37826138734817505,0
1732,489,0.41159310936927795,0
1732,2928,0.3649285137653351,0
1732,1615,0.36139270663261414,0
1732,964,0.37352290749549866,0
1732,3558,0.3456836938858032,0
1732,1271,0.4122156798839569,0
1732,3104,0.3458251357078552,0
1732,1503,0.3469369113445282,0
1732,2455,0.35995373129844666,0
1732,4005,0.3557949662208557,0
1732,869,0.3895533084869385,0
1732,40,0.39667588472366333,0
1732,4106,0.33664318919181824,0
1542,1542,0.35600632429122925,1
1542,2287,0.3419490456581116,0
1542,2360,0.38788115978240967,0
1542,2034,0.3494337499141693,0
1542,977,0.3620091676712036,0
1542,2575,0.4436072111129761,0
1542,2000,0.3576222360134125,0
1542,32,0.3401470482349396,0
1542,57,0.3705537021160126,0
1542,2392,0.44265156984329224,0
1542,2927,0.4266703128814697,0
1542,2157,0.3710355758666992,0
1542,3689,0.35176998376846313,0
1542,3458,0.40388524532318115,0
1542,2586,0.3636600077152252,0
1542,275,0.3693852722644806,0
1542,2173,0.4191421866416931,0
1542,973,0.38421955704689026,0
1542,3003,0.37882065773010254,0
1542,2888,0.3716714382171631,0
1770,1770,0.39371365308761597,1
1770,1735,0.34431716799736023,0
1770,2835,0.3851819336414337,0
1770,3898,0.39631786942481995,0
1770,2285,0.36357054114341736,0
1770,3479,0.3771170377731323,0
1770,1776,0.39900416135787964,0
1770,1074,0.40749016404151917,0
1770,1582,0.4031255841255188,0
1770,3891,0.35585805773735046,0
1770,2175,0.3553164601325989,0
1770,1933,0.40399986505508423,0
1770,2888,0.3863886296749115,0
1770,2091,0.35872334241867065,0
1770,1671,0.3773503005504608,0
1770,2887,0.36826664209365845,0
1770,2858,0.37516090273857117,0
1770,2364,0.3695128560066223,0
1770,2334,0.37563297152519226,0
1770,298,0.42823588848114014,0
1952,1952,0.3821912407875061,1
1952,2724,0.3916085362434387,0
1952,282,0.4288715124130249,0
1952,3942,0.3970896303653717,0
1952,1545,0.35271725058555603,0
1952,705,0.37648993730545044,0
1952,1654,0.39943256974220276,0
1952,2412,0.4128042459487915,0
1952,735,0.43821045756340027,0
1952,2215,0.386006236076355,0
1952,4171,0.36504054069519043,0
1952,3799,0.3744436502456665,0
1952,1681,0.40727290511131287,0
1952,1741,0.3798072040081024,0
1952,3719,0.372699499130249,0
1952,2757,0.39265018701553345,0
1952,2631,0.5310252904891968,0
1952,3254,0.41213539242744446,0
1952,1622,0.4862173795700073,0
1952,3123,0.367221862077713,0
2476,2476,0.3924083709716797,1
2476,2298,0.42438462376594543,0
2476,2627,0.38594621419906616,0
2476,2582,0.4352974593639374,0
2476,134,0.4140283465385437,0
2476,2910,0.39219629764556885,0
2476,37,0.4558244049549103,0
2476,2704,0.42443251609802246,0
2476,1463,0.4645971357822418,0
2476,4089,0.37651464343070984,0
2476,1104,0.4817967116832733,0
2476,3958,0.3753386437892914,0
2476,3104,0.3820432126522064,0
2476,902,0.48052534461021423,0
2476,2367,0.39908549189567566,0
2476,1805,0.36718693375587463,0
2476,1931,0.39402613043785095,0
2476,1721,0.3761674165725708,0
2476,3575,0.3741360902786255,0
2476,389,0.5232373476028442,0
3193,3193,0.3615673780441284,1
3193,810,0.3568055331707001,0
3193,872,0.44535258412361145,0
3193,1528,0.3758127689361572,0
3193,424,0.445000022649765,0
3193,1358,0.4528062045574188,0
3193,2291,0.357250452041626,0
3193,1739,0.41534414887428284,0
3193,1840,0.44555026292800903,0
3193,1234,0.35038790106773376,0
3193,3130,0.3611420691013336,0
3193,1088,0.3545520007610321,0
3193,2634,0.3746028244495392,0
3193,3812,0.36960887908935547,0
3193,3032,0.4139505624771118,0
3193,369,0.3543665409088135,0
3193,2358,0.3594227433204651,0
3193,1942,0.35969218611717224,0
3193,2168,0.3825807571411133,0
3193,2281,0.3419567048549652,0
2662,2662,0.3631857931613922,1
2662,2370,0.3533306121826172,0
2662,3391,0.5210360288619995,0
2662,3211,0.3724347651004791,0
2662,1891,0.3720778226852417,0
2662,1241,0.3675280213356018,0
2662,3048,0.3600947856903076,0
2662,269,0.371857225894928,0
2662,183,0.3638458847999573,0
2662,3726,0.37141454219818115,0
2662,1502,0.3629648983478546,0
2662,1993,0.37137600779533386,0
2662,1103,0.3901404142379761,0
2662,2644,0.43014076352119446,0
2662,1902,0.3524239957332611,0
2662,1256,0.35853272676467896,0
2662,4136,0.4148157835006714,0
2662,4049,0.3705446720123291,0
2662,2434,0.3803635835647583,0
2662,335,0.4068740904331207,0
2981,2981,0.3577313721179962,1
2981,3480,0.35141152143478394,0
2981,1664,0.3844161033630371,0
2981,3174,0.3627365529537201,0
2981,223,0.3464279770851135,0
2981,3860,0.37365904450416565,0
2981,335,0.38053324818611145,0
2981,3063,0.3767821788787842,0
2981,2865,0.3490532338619232,0
2981,2011,0.36533433198928833,0
2981,1082,0.4188322126865387,0
2981,2359,0.3764812648296356,0
2981,309,0.3619590699672699,0
2981,355,0.3608534038066864,0
2981,1929,0.37934455275535583,0
2981,1451,0.3798091411590576,0
2981,3134,0.3626807630062103,0
2981,2585,0.34740903973579407,0
2981,3992,0.34802451729774475,0
2981,3734,0.342289000749588,0
4016,4016,0.3907611072063446,1
4016,2853,0.36777010560035706,0
4016,211,0.39016708731651306,0
4016,2022,0.40172094106674194,0
4016,3049,0.414002925157547,0
4016,3919,0.3731333911418915,0
4016,537,0.42609915137290955,0
4016,1641,0.4522421658039093,0
4016,1036,0.4457111656665802,0
4016,2821,0.41886085271835327,0
4016,364,0.4052022397518158,0
4016,398,0.4326874017715454,0
4016,2266,0.43712180852890015,0
4016,301,0.4076731503009796,0
4016,1312,0.4743073880672455,0
4016,3210,0.3793966770172119,0
4016,945,0.39331260323524475,0
4016,3343,0.3862162232398987,0
4016,123,0.41185638308525085,0
4016,823,0.38640573620796204,0
2490,2490,0.3579140305519104,1
2490,3229,0.42673078179359436,0
2490,4161,0.3738194406032562,0
2490,3717,0.5203773379325867,0
2490,2840,0.3721611499786377,0
2490,1694,0.36425185203552246,0
2490,2555,0.39202243089675903,0
2490,178,0.4288749098777771,0
2490,1842,0.3669719099998474,0
2490,3504,0.4266922175884247,0
2490,1191,0.3733246624469757,0
2490,335,0.43863022327423096,0
2490,296,0.37564945220947266,0
2490,3244,0.3658137321472168,0
2490,86,0.38667580485343933,0
2490,253,0.44934573769569397,0
2490,1173,0.37216001749038696,0
2490,610,0.4520133435726166,0
2490,633,0.4186692535877228,0
2490,1743,0.37533706426620483,0
243,243,0.36691755056381226,1
243,2423,0.45090335607528687,0
243,3847,0.33864253759384155,0
243,1167,0.3757568895816803,0
243,3508,0.36597543954849243,0
243,1756,0.37863296270370483,0
243,1663,0.4202122092247009,0
243,1055,0.3389645218849182,0
243,1834,0.3781997561454773,0
243,620,0.37008336186408997,0
243,410,0.3888775110244751,0
243,722,0.3450244665145874,0
243,1947,0.38359615206718445,0
243,2010,0.39494702219963074,0
243,3807,0.3869340121746063,0
243,3862,0.37131187319755554,0
243,3680,0.37404897809028625,0
243,1447,0.43846002221107483,0
243,2092,0.3723390996456146,0
243,4041,0.3673834204673767,0
2671,2671,0.4425997734069824,1
2671,2756,0.40340688824653625,0
2671,2574,0.3687790036201477,0
2671,229,0.4661656320095062,0
2671,2303,0.4320562779903412,0
2671,3840,0.3592001795768738,0
2671,1942,0.3755265474319458,0
2671,3109,0.3917159140110016,0
2671,4112,0.39915332198143005,0
2671,1256,0.38008248805999756,0
2671,3433,0.44360053539276123,0
2671,1994,0.43327009677886963,0
2671,3934,0.4189806282520294,0
2671,414,0.4239101707935333,0
2671,3829,0.4221848249435425,0
2671,1774,0.420962393283844,0
2671,87,0.4143593907356262,0
2671,2802,0.41691482067108154,0
2671,3418,0.3843913674354553,0
2671,3624,0.3655186891555786,0
2193,2193,0.3739544749259949,1
2193,862,0.3936197757720947,0
2193,1475,0.3987625539302826,0
2193,837,0.4509401321411133,0
2193,1942,0.3745436370372772,0
2193,2369,0.3967670202255249,0
2193,850,0.3791584074497223,0
2193,716,0.40227949619293213,0
2193,880,0.40425848960876465,0
2193,3989,0.3696441948413849,0
2193,9,0.42349639534950256,0
2193,2660,0.40287214517593384,0
2193,2553,0.4153124690055847,0
2193,2719,0.3635138273239136,0
2193,330,0.3941119611263275,0
2193,874,0.42157596349716187,0
2193,3890,0.36576175689697266,0
2193,129,0.47590240836143494,0
2193,1801,0.36942827701568604,0
2193,3646,0.39736640453338623,0
1614,1614,0.3557959794998169,1
1614,1191,0.3585263192653656,0
1614,3372,0.39490360021591187,0
1614,1656,0.4001379907131195,0
1614,1952,0.37923839688301086,0
1614,2443,0.427959680557251,0
1614,784,0.3978136479854584,0
1614,524,0.38511213660240173,0
1614,187,0.39823469519615173,0
1614,293,0.3693840205669403,0
1614,2514,0.4038843810558319,0
1614,776,0.4427998960018158,0
1614,2216,0.4013444483280182,0
1614,3210,0.3789352774620056,0
1614,3873,0.38750576972961426,0
1614,747,0.41040274500846863,0
1614,522,0.35754555463790894,0
1614,2379,0.41631370782852173,0
1614,946,0.369905948638916,0
1614,1688,0.33790045976638794,0
2620,2620,0.4173196256160736,1
2620,1679,0.4141871929168701,0
2620,3907,0.3659692704677582,0
2620,3289,0.41242584586143494,0
2620,579,0.4233126938343048,0
2620,2180,0.35289663076400757,0
2620,2936,0.3577553331851959,0
2620,1750,0.36328309774398804,0
2620,1396,0.4038911461830139,0
2620,4045,0.3844602108001709,0
2620,3819,0.3793351650238037,0
2620,2806,0.44317007064819336,0
2620,795,0.4313146770000458,0
2620,1172,0.40422967076301575,0
2620,1067,0.41351011395454407,0
2620,2951,0.39554330706596375,0
2620,2888,0.39232274889945984,0
2620,3941,0.4711635112762451,0
2620,591,0.40628695487976074,0
2620,2242,0.41555461287498474,0
3047,3047,0.34921663999557495,1
3047,652,0.439297080039978,0
3047,1074,0.3967764377593994,0
3047,1391,0.3589826226234436,0
3047,975,0.3555121421813965,0
3047,3471,0.3821288049221039,0
3047,1873,0.3540862798690796,0
3047,1578,0.3780485987663269,0
3047,2560,0.35719814896583557,0
3047,4082,0.3716590106487274,0
3047,1477,0.3816376328468323,0
3047,1258,0.36551183462142944,0
3047,669,0.3655945360660553,0
3047,1461,0.3979802131652832,0
3047,3068,0.3508426249027252,0
3047,2938,0.4339578449726105,0
3047,1222,0.4338824152946472,0
3047,1766,0.4091784656047821,0
3047,1589,0.43687859177589417,0
3047,3855,0.4042600989341736,0
3290,3290,0.3714638352394104,1
3290,970,0.38740673661231995,0
3290,2696,0.3643872141838074,0
3290,3785,0.3390517830848694,0
3290,766,0.36323055624961853,0
3290,4178,0.3630046844482422,0
3290,1245,0.3677235543727875,0
3290,1267,0.4442935287952423,0
3290,3596,0.3569483160972595,0
3290,1804,0.34986504912376404,0
3290,901,0.4173305630683899,0
3290,139,0.41348034143447876,0
3290,3463,0.36918210983276367,0
3290,43,0.38221675157546997,0
3290,97,0.4296431839466095,0
3290,3680,0.37165045738220215,0
3290,265,0.3951592445373535,0
3290,3081,0.34266746044158936,0
3290,1756,0.3832849860191345,0
3290,1778,0.3730778992176056,0
3442,3442,0.38816770911216736,1
3442,847,0.38563746213912964,0
3442,145,0.4156213700771332,0
3442,3546,0.4096989035606384,0
3442,3615,0.3777727782726288,0
3442,2985,0.39603033661842346,0
3442,1099,0.3935791254043579,0
3442,2940,0.4240417778491974,0
3442,4157,0.3705892562866211,0
3442,782,0.4425062835216522,0
3442,956,0.45307761430740356,0
3442,913,0.426538348197937,0
3442,4061,0.40589043498039246,0
3442,2996,0.3901716470718384,0
3442,2767,0.37412530183792114,0
3442,459,0.43284302949905396,0
3442,1289,0.37179285287857056,0
3442,1158,0.38869887590408325,0
3442,3424,0.37137240171432495,0
3442,4158,0.4007711708545685,0
1289,1289,0.3697878122329712,1
1289,2449,0.3735031187534332,0
1289,1185,0.3461260199546814,0
1289,2568,0.36952394247055054,0
1289,2942,0.39184683561325073,0
1289,1812,0.4723467528820038,0
1289,959,0.38812893629074097,0
1289,3038,0.37883231043815613,0
1289,2868,0.3587530553340912,0
1289,1205,0.39301419258117676,0
1289,193,0.4566498398780823,0
1289,3427,0.3693438768386841,0
1289,1354,0.418725848197937,0
1289,1065,0.4015111029148102,0
1289,983,0.431520015001297,0
1289,1837,0.38578012585639954,0
1289,2026,0.3732664883136749,0
1289,1366,0.44198355078697205,0
1289,1176,0.3735963702201843,0
1289,2859,0.342160165309906,0
1583,1583,0.4292007088661194,1
1583,3407,0.3626920282840729,0
1583,3143,0.38830170035362244,0
1583,3350,0.40538859367370605,0
1583,2216,0.41744741797447205,0
1583,3842,0.4118485152721405,0
1583,1528,0.38610440492630005,0
1583,3336,0.3837439715862274,0
1583,947,0.4054028391838074,0
1583,3710,0.38472288846969604,0
1583,2658,0.4119108021259308,0
1583,156,0.42494890093803406,0
1583,2400,0.3882042467594147,0
1583,2272,0.38186076283454895,0
1583,610,0.4395454525947571,0
1583,4086,0.36829379200935364,0
1583,828,0.3935968279838562,0
1583,1974,0.430490106344223,0
1583,484,0.4018123745918274,0
1583,3215,0.4618651866912842,0
1904,1904,0.3920668661594391,1
1904,1427,0.4707391560077667,0
1904,3570,0.36489784717559814,0
1904,2500,0.36925971508026123,0
1904,664,0.3557402789592743,0
1904,1325,0.3837276101112366,0
1904,2135,0.41135746240615845,0
1904,1784,0.3654716908931732,0
1904,1812,0.4730694591999054,0
1904,2662,0.3856651484966278,0
1904,46,0.46564438939094543,0
1904,2905,0.39279860258102417,0
1904,1693,0.3916054666042328,0
1904,227,0.350414514541626,0
1904,565,0.3680204153060913,0
1904,1643,0.3948652446269989,0
1904,3024,0.40047797560691833,0
1904,489,0.4347648620605469,0
1904,1770,0.4025645852088928,0
1904,81,0.40786707401275635,0
3422,3422,0.37536194920539856,1
3422,1102,0.39711466431617737,0
3422,1237,0.35951459407806396,0
3422,1815,0.4031328558921814,0
3422,882,0.45263803005218506,0
3422,70,0.3974624276161194,0
3422,753,0.37581080198287964,0
3422,3317,0.38250240683555603,0
3422,4137,0.38400962948799133,0
3422,530,0.38120362162590027,0
3422,2517,0.385920912027359,0
3422,2551,0.335951030254364,0
3422,2918,0.3769170045852661,0
3422,3448,0.34410613775253296,0
3422,468,0.40192750096321106,0
3422,3445,0.3562498390674591,0
3422,839,0.41830503940582275,0
3422,1904,0.37651634216308594,0
3422,298,0.42656955122947693,0
3422,320,0.40300625562667847,0
716,716,0.4127799868583679,1
716,1829,0.40429094433784485,0
716,304,0.3733596205711365,0
716,3196,0.38708028197288513,0
716,3870,0.3609544038772583,0
716,1093,0.43049395084381104,0
716,2011,0.37952741980552673,0
716,2470,0.37475907802581787,0
716,1489,0.3824242055416107,0
716,2263,0.44756701588630676,0
716,1539,0.4587267339229584,0
716,2902,0.41358599066734314,0
716,3175,0.3808496594429016,0
716,393,0.4258083999156952,0
716,4169,0.36257243156433105,0
716,3213,0.3753974735736847,0
716,53,0.4223877489566803,0
716,2087,0.44608134031295776,0
716,2079,0.4203833043575287,0
716,2610,0.36035043001174927,0
3480,3480,0.367328405380249,1
3480,2193,0.38756316900253296,0
3480,604,0.45831406116485596,0
3480,2980,0.37690865993499756,0
3480,2793,0.3928365707397461,0
3480,2321,0.42435672879219055,0
3480,1985,0.36325371265411377,0
3480,1801,0.3666870594024658,0
3480,3788,0.38534581661224365,0
3480,1958,0.37129226326942444,0
3480,639,0.44430801272392273,0
3480,669,0.3731456398963928,0
3480,1322,0.435220330953598,0
3480,3367,0.46612754464149475,0
3480,2463,0.3684581518173218,0
3480,4022,0.3482438325881958,0
3480,2725,0.36941349506378174,0
3480,442,0.4034463167190552,0
3480,2663,0.4431847333908081,0
3480,3647,0.37695664167404175,0
3678,3678,0.36293283104896545,1
3678,1821,0.4028834104537964,0
3678,3714,0.3603285551071167,0
3678,1772,0.3354511857032776,0
3678,3115,0.40767133235931396,0
3678,1210,0.35533037781715393,0
3678,3118,0.3459494411945343,0
3678,3221,0.3520580232143402,0
3678,3258,0.36151811480522156,0
3678,3719,0.33751749992370605,0
3678,3754,0.36847954988479614,0
3678,1644,0.37352824211120605,0
3678,2277,0.37202492356300354,0
3678,2104,0.4062318801879883,0
3678,3646,0.3829948604106903,0
3678,3477,0.3847163915634155,0
3678,1302,0.38320064544677734,0
3678,2333,0.3635820746421814,0
3678,2823,0.381917804479599,0
3678,1677,0.40928834676742554,0
1561,1561,0.3912408649921417,1
1561,1051,0.40439942479133606,0
1561,2918,0.37151968479156494,0
1561,1153,0.3355402648448944,0
1561,892,0.3700330853462219,0
1561,594,0.3808942437171936,0
1561,1290,0.3630700707435608,0
1561,2467,0.36013540625572205,0
1561,1488,0.3594159185886383,0
1561,1900,0.34901079535484314,0
1561,2166,0.34322497248649597,0
1561,1502,0.3501925468444824,0
1561,3539,0.36613157391548157,0
1561,1977,0.38504263758659363,0
1561,1054,0.4250078499317169,0
1561,468,0.3815455436706543,0
1561,2228,0.35060256719589233,0
1561,3639,0.3662704825401306,0
1561,224,0.4100078046321869,0
1561,2766,0.35017654299736023,0
2407,2407,0.47671616077423096,1
2407,312,0.37502405047416687,0
2407,1083,0.3489863872528076,0
2407,277,0.40636470913887024,0
2407,2296,0.3718925714492798,0
2407,2983,0.3710111975669861,0
2407,448,0.42954781651496887,0
2407,2382,0.3792859613895416,0
2407,3930,0.3420424461364746,0
2407,2279,0.39055687189102173,0
2407,316,0.3863670527935028,0
2407,3648,0.35284295678138733,0
2407,3917,0.3544473946094513,0
2407,930,0.3839697241783142,0
2407,151,0.36838090419769287,0
2407,2244,0.3735230267047882,0
2407,2525,0.3675152361392975,0
2407,2452,0.4132855236530304,0
2407,3971,0.35662445425987244,0
2407,3143,0.36611202359199524,0
1677,1677,0.40891164541244507,1
1677,3460,0.41693174839019775,0
1677,4110,0.35405710339546204,0
1677,3864,0.3545229136943817,0
1677,3951,0.3509521484375,0
1677,1154,0.4048694968223572,0
1677,1610,0.39894071221351624,0
1677,1353,0.3583149313926697,0
1677,3577,0.3855370283126831,0
1677,432,0.395483136177063,0
1677,3651,0.37031564116477966,0
1677,519,0.35491687059402466,0
1677,1848,0.4227595925331116,0
1677,596,0.3550441563129425,0
1677,700,0.40684667229652405,0
1677,803,0.4171246290206909,0
1677,188,0.3619079291820526,0
1677,2006,0.3639308214187622,0
1677,2155,0.3865048289299011,0
1677,1180,0.3701174259185791,0
3896,3896,0.38253241777420044,1
3896,540,0.3360452651977539,0
3896,1440,0.3909701108932495,0
3896,314,0.37414324283599854,0
3896,410,0.4255756139755249,0
3896,3556,0.35907742381095886,0
3896,2089,0.3799661695957184,0
3896,2601,0.37926048040390015,0
3896,1892,0.40274882316589355,0
3896,1417,0.37599995732307434,0
3896,2002,0.3582756221294403,0
3896,2693,0.3843047022819519,0
3896,667,0.42327880859375,0
3896,2236,0.38191691040992737,0
3896,1806,0.42566531896591187,0
3896,1508,0.38080495595932007,0
3896,904,0.37157368659973145,0
3896,334,0.38200801610946655,0
3896,3464,0.3721938729286194,0
3896,2473,0.46439990401268005,0
3724,3724,0.35318809747695923,1
3724,3841,0.34800925850868225,0
3724,1517,0.39297953248023987,0
3724,1820,0.377250999212265,0
3724,3653,0.37150686979293823,0
3724,1900,0.3709997832775116,0
3724,2319,0.4177456200122833,0
3724,170,0.39617809653282166,0
3724,1217,0.3998836576938629,0
3724,3972,0.35833248496055603,0
3724,2911,0.3540758192539215,0
3724,1791,0.40263843536376953,0
3724,1963,0.35354921221733093,0
3724,1712,0.4117520749568939,0
3724,429,0.37589308619499207,0
3724,2921,0.36576342582702637,0
3724,483,0.38600003719329834,0
3724,715,0.36580440402030945,0
3724,838,0.4319562017917633,0
3724,3056,0.3538537919521332,0
3519,3519,0.4180668890476227,1
3519,3366,0.36687326431274414,0
3519,195,0.4147028625011444,0
3519,607,0.36967164278030396,0
3519,3096,0.3880903720855713,0
3519,3112,0.43351298570632935,0
3519,3106,0.4231826961040497,0
3519,3924,0.3791370689868927,0
3519,408,0.4446186423301697,0
3519,2777,0.3828607499599457,0
3519,1026,0.4312904179096222,0
3519,1163,0.38808077573776245,0
3519,3311,0.3724489212036133,0
3519,1679,0.43404465913772583,0
3519,2667,0.4480842053890228,0
3519,4170,0.3864027261734009,0
3519,1584,0.43111753463745117,0
3519,3157,0.4052252471446991,0
3519,2507,0.40258482098579407,0
3519,950,0.40704619884490967,0
3623,3623,0.3810226619243622,1
3623,2386,0.3992932140827179,0
3623,1970,0.4234401285648346,0
3623,3647,0.35988765954971313,0
3623,650,0.5573264956474304,0
3623,2838,0.445328950881958,0
3623,937,0.36473608016967773,0
3623,3816,0.36003628373146057,0
3623,1959,0.3813595175743103,0
3623,446,0.4237355589866638,0
3623,865,0.40010201930999756,0
3623,2658,0.39718133211135864,0
3623,1849,0.3413710296154022,0
3623,2758,0.3911280333995819,0
3623,3441,0.41948533058166504,0
3623,2012,0.38514798879623413,0
3623,3857,0.4028536379337311,0
3623,1113,0.43236255645751953,0
3623,2853,0.3393954932689667,0
3623,44,0.3532552123069763,0
1460,1460,0.3888988196849823,1
1460,1383,0.4444161355495453,0
1460,1369,0.3669522702693939,0
1460,378,0.3877221941947937,0
1460,3610,0.37688806653022766,0
1460,4128,0.3550715148448944,0
1460,3282,0.3292445242404938,0
1460,3387,0.36315232515335083,0
1460,349,0.3576759696006775,0
1460,543,0.3736927807331085,0
1460,3341,0.3649839758872986,0
1460,2675,0.4092923104763031,0
1460,1357,0.3612250089645386,0
1460,4023,0.3619122803211212,0
1460,350,0.45806026458740234,0
1460,1789,0.37552380561828613,0
1460,2345,0.3458489775657654,0
1460,1766,0.39000847935676575,0
1460,660,0.4541063904762268,0
1460,3015,0.43319171667099,0
1119,1119,0.37622424960136414,1
1119,3370,0.39719921350479126,0
1119,1561,0.39298486709594727,0
1119,2315,0.4245221018791199,0
1119,2260,0.3692740201950073,0
1119,1041,0.38762956857681274,0
1119,3767,0.3682849109172821,0
1119,243,0.37209758162498474,0
1119,1263,0.43399298191070557,0
1119,3041,0.3830021619796753,0
1119,3051,0.37736111879348755,0
1119,877,0.37875896692276,0
1119,1966,0.42043063044548035,0
1119,623,0.3788728713989258,0
1119,3362,0.3825944662094116,0
1119,878,0.382212370634079,0
1119,3136,0.35471320152282715,0
1119,670,0.3801327645778656,0
1119,1740,0.38065606355667114,0
1119,2703,0.35443615913391113,0
2786,2786,0.4064023494720459,1
2786,3867,0.37348660826683044,0
2786,28,0.35480791330337524,0
2786,3380,0.3658542335033417,0
2786,960,0.36921408772468567,0
2786,3177,0.3271101713180542,0
2786,3386,0.34924113750457764,0
2786,3395,0.3686707019805908,0
2786,1767,0.33819788694381714,0
2786,2237,0.3744698166847229,0
2786,379,0.40155279636383057,0
2786,1644,0.36975574493408203,0
2786,765,0.38704803586006165,0
2786,418,0.3325600326061249,0
2786,651,0.36213669180870056,0
2786,2984,0.3251025974750519,0
2786,2673,0.34926837682724,0
2786,2636,0.3349685072898865,0
2786,2197,0.3988102078437805,0
2786,3004,0.35533392429351807,0
1996,1996,0.40447038412094116,1
1996,695,0.4669824242591858,0
1996,80,0.3710516393184662,0
1996,4076,0.3452658951282501,0
1996,1880,0.3990391194820404,0
1996,1227,0.375779926776886,0
1996,671,0.34310102462768555,0
1996,2078,0.34371867775917053,0
1996,226,0.37515467405319214,0
1996,288,0.4034579396247864,0
1996,3266,0.32170796394348145,0
1996,1702,0.34884950518608093,0
1996,3848,0.35934096574783325,0
1996,96,0.37636685371398926,0
1996,1760,0.34896886348724365,0
1996,3591,0.35415732860565186,0
1996,620,0.33219045400619507,0
1996,571,0.33000683784484863,0
1996,3032,0.4132607579231262,0
1996,2775,0.3662956953048706,0
3038,3038,0.3881404995918274,1
3038,1705,0.36724764108657837,0
3038,1098,0.37751537561416626,0
3038,321,0.39463484287261963,0
3038,1045,0.4299969971179962,0
3038,1708,0.4347251355648041,0
3038,1968,0.3636636734008789,0
3038,1086,0.35701918601989746,0
3038,1827,0.37814590334892273,0
3038,57,0.3669646680355072,0
3038,3141,0.39059799909591675,0
3038,1159,0.45345038175582886,0
3038,1805,0.3649495542049408,0
3038,1972,0.3783417344093323,0
3038,1576,0.4216163158416748,0
3038,237,0.37335145473480225,0
3038,2948,0.35574421286582947,0
3038,2841,0.37766653299331665,0
3038,1761,0.3737841546535492,0
3038,761,0.393960565328598,0
2390,2390,0.38773593306541443,1
2390,1234,0.3843269348144531,0
2390,863,0.4247421324253082,0
2390,1299,0.3718703091144562,0
2390,403,0.45906445384025574,0
2390,1125,0.3855983018875122,0
2390,2441,0.3977441191673279,0
2390,2778,0.43469125032424927,0
2390,3231,0.39674633741378784,0
2390,3600,0.4051130414009094,0
2390,2749,0.4055725038051605,0
2390,1984,0.36364302039146423,0
2390,2768,0.39109212160110474,0
2390,2048,0.36016517877578735,0
2390,1761,0.39708614349365234,0
2390,3126,0.38385817408561707,0
2390,1580,0.40054014325141907,0
2390,535,0.44145438075065613,0
2390,4110,0.3917912542819977,0
2390,2842,0.40094658732414246,0
3779,3779,0.39071357250213623,1
3779,3047,0.35278740525245667,0
3779,3352,0.3741859197616577,0
3779,583,0.4122695028781891,0
3779,399,0.4189375936985016,0
3779,2841,0.3565751910209656,0
3779,658,0.45155611634254456,0
3779,2878,0.3830741047859192,0
3779,2787,0.3731287717819214,0
3779,1554,0.3823741674423218,0
3779,1053,0.37140029668807983,0
3779,1613,0.35442793369293213,0
3779,1860,0.4046784043312073,0
3779,2238,0.3772638738155365,0
3779,2258,0.4274710416793823,0
3779,1512,0.413466215133667,0
3779,513,0.38767367601394653,0
3779,2282,0.39137521386146545,0
3779,2270,0.40116146206855774,0
3779,3011,0.36179420351982117,0
2559,2559,0.38520705699920654,1
2559,1369,0.3781302571296692,0
2559,1581,0.35242393612861633,0
2559,2551,0.34454405307769775,0
2559,35,0.40787214040756226,0
2559,1377,0.39696237444877625,0
2559,2021,0.4428407847881317,0
2559,3574,0.39537283778190613,0
2559,3759,0.36770203709602356,0
2559,3680,0.37814831733703613,0
2559,1341,0.38465961813926697,0
2559,3271,0.37122178077697754,0
2559,412,0.41478049755096436,0
2559,228,0.39659833908081055,0
2559,130,0.4056733548641205,0
2559,2474,0.37599244713783264,0
2559,44,0.3706774413585663,0
2559,1139,0.3803541362285614,0
2559,2195,0.37090784311294556,0
2559,1223,0.3939249515533447,0
3059,3059,0.4187559187412262,1
3059,3137,0.42371153831481934,0
3059,1580,0.36086487770080566,0
3059,2961,0.3640347421169281,0
3059,142,0.38928842544555664,0
3059,106,0.38422510027885437,0
3059,942,0.36385515332221985,0
3059,1,0.4127037525177002,0
3059,242,0.47437721490859985,0
3059,1515,0.40171337127685547,0
3059,3492,0.35139140486717224,0
3059,2406,0.3695731461048126,0
3059,246,0.3587724268436432,0
3059,1788,0.3864849805831909,0
3059,3613,0.4118238687515259,0
3059,1549,0.3642394244670868,0
3059,3333,0.4135126769542694,0
3059,23,0.4246811270713806,0
3059,2036,0.47031891345977783,0
3059,2532,0.41733500361442566,0
1532,1532,0.45210427045822144,1
1532,750,0.3894694447517395,0
1532,1096,0.38046711683273315,0
1532,387,0.4887920618057251,0
1532,794,0.37769752740859985,0
1532,2687,0.3507058918476105,0
1532,1412,0.38035792112350464,0
1532,2198,0.3614036738872528,0
1532,381,0.4026170074939728,0
1532,2678,0.3753107190132141,0
1532,2070,0.38015615940093994,0
1532,3552,0.40684449672698975,0
1532,3688,0.37021729350090027,0
1532,2386,0.4052928686141968,0
1532,682,0.4443545341491699,0
1532,3762,0.3786733150482178,0
1532,1192,0.36776459217071533,0
1532,1915,0.3827419579029083,0
1532,1238,0.36577847599983215,0
1532,3962,0.3691202402114868,0
2907,2907,0.3550880551338196,1
2907,2990,0.47388049960136414,0
2907,603,0.3996680974960327,0
2907,1540,0.4001466631889343,0
2907,385,0.4561091363430023,0
2907,2836,0.37455207109451294,0
2907,2356,0.42854323983192444,0
2907,419,0.38736239075660706,0
2907,805,0.4298335313796997,0
2907,659,0.3570101857185364,0
2907,4062,0.38571006059646606,0
2907,1056,0.373156875371933,0
2907,1838,0.41828641295433044,0
2907,3558,0.36040037870407104,0
2907,3383,0.35020118951797485,0
2907,382,0.3971088230609894,0
2907,1187,0.3660542368888855,0
2907,3677,0.4115171432495117,0
2907,3665,0.3645361661911011,0
2907,3976,0.38277167081832886,0
3602,3602,0.36778005957603455,1
3602,2490,0.33886316418647766,0
3602,3059,0.4357171654701233,0
3602,4123,0.35618507862091064,0
3602,1956,0.36684706807136536,0
3602,1465,0.4041227102279663,0
3602,3824,0.3703305721282959,0
3602,3981,0.3614708185195923,0
3602,3912,0.3558465540409088,0
3602,3170,0.3670980632305145,0
3602,2820,0.37738823890686035,0
3602,3663,0.4608094394207001,0
3602,4084,0.4202381372451782,0
3602,2968,0.3690953850746155,0
3602,1707,0.39023536443710327,0
3602,3284,0.36228662729263306,0
3602,3557,0.37404006719589233,0
3602,3789,0.3788987100124359,0
3602,689,0.34547320008277893,0
3602,461,0.4993104636669159,0
532,532,0.35956820845603943,1
532,668,0.3662126362323761,0
532,2830,0.3537987768650055,0
532,3424,0.3348386883735657,0
532,360,0.3654012680053711,0
532,1495,0.391193687915802,0
532,277,0.3713063597679138,0
532,1034,0.36057227849960327,0
532,3688,0.3341412842273712,0
532,3185,0.34484806656837463,0
532,995,0.3456531763076782,0
532,283,0.4024773836135864,0
532,2866,0.37583237886428833,0
532,2201,0.37059155106544495,0
532,1688,0.328053742647171,0
532,2640,0.3390582203865051,0
532,4,0.35506513714790344,0
532,955,0.3647174537181854,0
532,2042,0.3591465651988983,0
532,2459,0.3320033848285675,0
1333,1333,0.35489699244499207,1
1333,1655,0.3808388113975525,0
1333,3020,0.40059706568717957,0
1333,3415,0.37769919633865356,0
1333,3813,0.35746946930885315,0
1333,3427,0.3619500696659088,0
1333,256,0.40189608931541443,0
1333,3964,0.38491904735565186,0
1333,1413,0.4453989267349243,0
1333,300,0.38338056206703186,0
1333,2960,0.39478006958961487,0
1333,959,0.35514771938323975,0
1333,3495,0.40520545840263367,0
1333,1684,0.3614744246006012,0
1333,1234,0.3732970058917999,0
1333,3955,0.3685899078845978,0
1333,2900,0.3853011131286621,0
1333,3627,0.39818572998046875,0
1333,1981,0.38670721650123596,0
1333,388,0.4298565089702606,0
2317,2317,0.36484232544898987,1
2317,212,0.3408445417881012,0
2317,787,0.396785706281662,0
2317,3979,0.39180392026901245,0
2317,3291,0.42278119921684265,0
2317,543,0.367264062166214,0
2317,2204,0.35707980394363403,0
2317,2887,0.3601221442222595,0
2317,4093,0.36799246072769165,0
2317,846,0.3633466362953186,0
2317,1305,0.349118173122406,0
2317,967,0.3634377419948578,0
2317,1153,0.348671555519104,0
2317,2046,0.3853604197502136,0
2317,3865,0.37324270606040955,0
2317,560,0.4054614007472992,0
2317,684,0.3705587685108185,0
2317,3966,0.3423510491847992,0
2317,3934,0.39709097146987915,0
2317,366,0.3910054862499237,0
1551,1551,0.3900865316390991,1
1551,34,0.3685368597507477,0
1551,1199,0.3703712224960327,0
1551,3712,0.3563165068626404,0
1551,2944,0.35570019483566284,0
1551,2947,0.3607372045516968,0
1551,3868,0.3717731833457947,0
1551,2114,0.43819713592529297,0
1551,2304,0.37862345576286316,0
1551,1838,0.39498215913772583,0
1551,2171,0.45362499356269836,0
1551,1043,0.3824444115161896,0
1551,2218,0.3851173222064972,0
1551,2015,0.3810155391693115,0
1551,99,0.3998575806617737,0
1551,2653,0.3817933201789856,0
1551,2065,0.40159934759140015,0
1551,2812,0.37849923968315125,0
1551,3489,0.36625805497169495,0
1551,3482,0.35680896043777466,0
4131,4131,0.3738807141780853,1
4131,950,0.38238009810447693,0
4131,2955,0.40125930309295654,0
4131,1557,0.3991215229034424,0
4131,2788,0.38739895820617676,0
4131,2243,0.39413002133369446,0
4131,3553,0.3668384253978729,0
4131,813,0.358123242855072,0
4131,2698,0.39491429924964905,0
4131,728,0.3864692449569702,0
4131,2842,0.374710351228714,0
4131,1811,0.3759268820285797,0
4131,710,0.35858023166656494,0
4131,2537,0.3688202500343323,0
4131,1478,0.34630894660949707,0
4131,387,0.43965983390808105,0
4131,322,0.3746148645877838,0
4131,4125,0.3648029863834381,0
4131,2734,0.32719823718070984,0
4131,1592,0.3637150824069977,0
4127,4127,0.3539026081562042,1
4127,3521,0.3630548119544983,0
4127,2174,0.35898342728614807,0
4127,2707,0.43849706649780273,0
4127,2656,0.34923824667930603,0
4127,3791,0.367764413356781,0
4127,3891,0.37464675307273865,0
4127,3355,0.3634200394153595,0
4127,1230,0.3702740967273712,0
4127,2166,0.36291050910949707,0
4127,2546,0.3993740975856781,0
4127,644,0.3926912248134613,0
4127,3115,0.42765355110168457,0
4127,4106,0.3503369390964508,0
4127,261,0.3765026032924652,0
4127,353,0.3943006992340088,0
4127,4155,0.3550128638744354,0
4127,3862,0.3687218725681305,0
4127,37,0.4128032326698303,0
4127,2922,0.40977743268013,0
1873,1873,0.36806267499923706,1
1873,4006,0.3556705713272095,0
1873,2758,0.40875810384750366,0
1873,1282,0.4749714136123657,0
1873,1743,0.3822314739227295,0
1873,3514,0.41462355852127075,0
1873,2210,0.371963769197464,0
1873,3340,0.3752439022064209,0
1873,1116,0.38971826434135437,0
1873,1938,0.3682790994644165,0
1873,3207,0.38496875762939453,0
1873,1100,0.37708884477615356,0
1873,3849,0.36700597405433655,0
1873,2474,0.3790276050567627,0
1873,3971,0.37297630310058594,0
1873,4129,0.3722354471683502,0
1873,2351,0.38719046115875244,0
1873,2039,0.3563726246356964,0
1873,1632,0.4018669128417969,0
1873,3930,0.3580131530761719,0
2618,2618,0.4008878767490387,1
2618,1661,0.4313317537307739,0
2618,3907,0.3647070825099945,0
2618,553,0.440902978181839,0
2618,1237,0.3639165163040161,0
2618,1776,0.4019184112548828,0
2618,2730,0.3676905333995819,0
2618,3071,0.38492467999458313,0
2618,994,0.382721483707428,0
2618,372,0.4058702886104584,0
2618,1181,0.3771264851093292,0
2618,2157,0.42147108912467957,0
2618,2629,0.413309246301651,0
2618,851,0.41722747683525085,0
2618,1368,0.3566441535949707,0
2618,1458,0.37648695707321167,0
2618,3718,0.3706677556037903,0
2618,11,0.45538026094436646,0
2618,1212,0.41967087984085083,0
2618,2260,0.37230634689331055,0
245,245,0.3512895405292511,1
245,3614,0.3619312047958374,0
245,2781,0.3493373394012451,0
245,1138,0.3908556401729584,0
245,2732,0.34445756673812866,0
245,2934,0.3582999110221863,0
245,2399,0.35889536142349243,0
245,1027,0.37735801935195923,0
245,2730,0.36158043146133423,0
245,359,0.34936830401420593,0
245,3387,0.38671010732650757,0
245,2817,0.38413503766059875,0
245,1241,0.36925506591796875,0
245,1070,0.4007079601287842,0
245,2576,0.37594717741012573,0
245,860,0.39489448070526123,0
245,3900,0.35763388872146606,0
245,2542,0.36948442459106445,0
245,4039,0.35417991876602173,0
245,4023,0.35702183842658997,0
161,161,0.4089689254760742,1
161,1728,0.4546184539794922,0
161,3654,0.4171280264854431,0
161,1744,0.3647322356700897,0
161,2276,0.37434500455856323,0
161,1646,0.43569815158843994,0
161,3148,0.4118824303150177,0
161,2520,0.4452325403690338,0
161,955,0.40093493461608887,0
161,3038,0.397456556558609,0
161,4139,0.4106132686138153,0
161,1730,0.3777657449245453,0
161,2803,0.3791545629501343,0
161,815,0.4334261119365692,0
161,1011,0.3952409625053406,0
161,2717,0.4010172486305237,0
161,3084,0.38985317945480347,0
161,3592,0.38492536544799805,0
161,3131,0.38397255539894104,0
161,2376,0.4193030893802643,0
804,804,0.40846776962280273,1
804,2129,0.38866716623306274,0
804,620,0.35309648513793945,0
804,2022,0.3784118592739105,0
804,2640,0.3415377736091614,0
804,3042,0.3839868903160095,0
804,381,0.39724642038345337,0
804,1261,0.3855324387550354,0
804,1718,0.3889341950416565,0
804,3481,0.38497471809387207,0
804,3410,0.3664776682853699,0
804,1526,0.35404765605926514,0
804,3715,0.3504660129547119,0
804,3108,0.37269994616508484,0
804,3900,0.3714866638183594,0
804,1052,0.37154021859169006,0
804,3693,0.3469465970993042,0
804,2290,0.3947334587574005,0
804,270,0.35950133204460144,0
804,2486,0.462440550327301,0
2267,2267,0.3858744204044342,1
2267,3212,0.3749386966228485,0
2267,3687,0.3960234820842743,0
2267,3148,0.36403247714042664,0
2267,2657,0.36564570665359497,0
2267,3129,0.43405818939208984,0
2267,2592,0.35019227862358093,0
2267,670,0.38933977484703064,0
2267,1844,0.4267418086528778,0
2267,2986,0.4310770034790039,0
2267,2962,0.3766081631183624,0
2267,1273,0.4114607572555542,0
2267,3965,0.3893080949783325,0
2267,3827,0.36995720863342285,0
2267,1860,0.42931756377220154,0
2267,2559,0.38020560145378113,0
2267,2201,0.39754459261894226,0
2267,119,0.41994529962539673,0
2267,1073,0.36582720279693604,0
2267,3390,0.3584991693496704,0
2081,2081,0.37163373827934265,1
2081,3797,0.40179193019866943,0
2081,3200,0.39360159635543823,0
2081,1650,0.4304850995540619,0
2081,2787,0.38704490661621094,0
2081,194,0.3788992464542389,0
2081,2630,0.36901575326919556,0
2081,1340,0.41280919313430786,0
2081,2047,0.3720918893814087,0
2081,526,0.5154568552970886,0
2081,1202,0.47989916801452637,0
2081,69,0.44332197308540344,0
2081,1205,0.3875449597835541,0
2081,2080,0.40494781732559204,0
2081,2329,0.3698584735393524,0
2081,653,0.4226408004760742,0
2081,1798,0.38017287850379944,0
2081,1052,0.3889777958393097,0
2081,709,0.3682306706905365,0
2081,412,0.4219737648963928,0
1762,1762,0.38404491543769836,1
1762,1534,0.39943844079971313,0
1762,1548,0.40161776542663574,0
1762,390,0.4797559976577759,0
1762,3716,0.3869627118110657,0
1762,2205,0.35614731907844543,0
1762,2005,0.43702858686447144,0
1762,686,0.41136491298675537,0
1762,919,0.4447167217731476,0
1762,3182,0.4471067190170288,0
1762,394,0.44754481315612793,0
1762,2837,0.38469114899635315,0
1762,2488,0.4358826279640198,0
1762,1362,0.428021639585495,0
1762,2318,0.4880378544330597,0
1762,1062,0.39831921458244324,0
1762,1103,0.39819738268852234,0
1762,3051,0.40022262930870056,0
1762,3449,0.39813846349716187,0
1762,3068,0.3626520335674286,0
3060,3060,0.3742809593677521,1
3060,3647,0.36645132303237915,0
3060,2455,0.38189712166786194,0
3060,135,0.43097123503685,0
3060,1393,0.44450142979621887,0
3060,649,0.4211477041244507,0
3060,1961,0.40287619829177856,0
3060,2051,0.37215644121170044,0
3060,3756,0.41102802753448486,0
3060,1383,0.44709786772727966,0
3060,403,0.42148131132125854,0
3060,2335,0.4483884871006012,0
3060,58,0.39097192883491516,0
3060,1867,0.42957133054733276,0
3060,1426,0.43431809544563293,0
3060,1106,0.4811346232891083,0
3060,1003,0.40316545963287354,0
3060,2765,0.38296663761138916,0
3060,518,0.36095792055130005,0
3060,929,0.3807767629623413,0
1280,1280,0.41419193148612976,1
1280,2973,0.3793398439884186,0
1280,3016,0.3836061656475067,0
1280,2691,0.3692258894443512,0
1280,331,0.3622463345527649,0
1280,3520,0.36008700728416443,0
1280,1949,0.3498014807701111,0
1280,146,0.45227155089378357,0
1280,892,0.36890944838523865,0
1280,4162,0.3658972382545471,0
1280,2040,0.3581996560096741,0
1280,4091,0.36117684841156006,0
1280,1579,0.4169252812862396,0
1280,1492,0.4011593163013458,0
1280,1228,0.3575344681739807,0
1280,621,0.34348583221435547,0
1280,1425,0.4153110384941101,0
1280,3117,0.3471163809299469,0
1280,3132,0.39562058448791504,0
1280,576,0.3552059531211853,0
1328,1328,0.35814353823661804,1
1328,2988,0.3580050468444824,0
1328,1684,0.36682021617889404,0
1328,707,0.39890816807746887,0
1328,1523,0.35367947816848755,0
1328,4081,0.36925649642944336,0
1328,1436,0.4091373682022095,0
1328,386,0.35484394431114197,0
1328,2024,0.3697529733181,0
1328,737,0.43863871693611145,0
1328,4011,0.38146471977233887,0
1328,875,0.36911505460739136,0
1328,3853,0.38474175333976746,0
1328,227,0.34702441096305847,0
1328,4090,0.3674539625644684,0
1328,2351,0.3856566548347473,0
1328,1232,0.4231668710708618,0
1328,1585,0.46938130259513855,0
1328,861,0.3841654658317566,0
1328,611,0.3607446551322937,0
1340,1340,0.3931048810482025,1
1340,1445,0.3422491252422333,0
1340,3133,0.38514450192451477,0
1340,1171,0.36981621384620667,0
1340,894,0.4352056384086609,0
1340,2983,0.36868470907211304,0
1340,3556,0.3467041850090027,0
1340,1375,0.41593101620674133,0
1340,261,0.378498375415802,0
1340,145,0.3827187716960907,0
1340,2971,0.3700999915599823,0
1340,2032,0.3984661400318146,0
1340,1466,0.36230185627937317,0
1340,105,0.3961012065410614,0
1340,3330,0.37038707733154297,0
1340,3915,0.3221067786216736,0
1340,3345,0.32285618782043457,0
1340,33,0.3518719971179962,0
1340,581,0.3939036428928375,0
1340,2204,0.3336733877658844,0
2508,2508,0.36376848816871643,1
2508,672,0.34849247336387634,0
2508,3914,0.3567189872264862,0
2508,2851,0.3279569149017334,0
2508,2148,0.43200090527534485,0
2508,3506,0.35059282183647156,0
2508,2839,0.34330251812934875,0
2508,1609,0.3621564507484436,0
2508,479,0.45580151677131653,0
2508,376,0.35509535670280457,0
2508,2041,0.3665354549884796,0
2508,1677,0.4222768545150757,0
2508,3674,0.34674012660980225,0
2508,622,0.353588730096817,0
2508,341,0.38035014271736145,0
2508,985,0.3493732810020447,0
2508,2643,0.35295721888542175,0
2508,236,0.42960894107818604,0
2508,2145,0.3498988151550293,0
2508,403,0.4247871935367584,0
1966,1966,0.4189315140247345,1
1966,872,0.47442612051963806,0
1966,2829,0.38525390625,0
1966,929,0.4067806303501129,0
1966,3443,0.4226853847503662,0
1966,4131,0.39974188804626465,0
1966,696,0.4905548393726349,0
1966,2855,0.4677623510360718,0
1966,1848,0.4609193205833435,0
1966,132,0.4654651880264282,0
1966,836,0.42726799845695496,0
1966,479,0.4962257742881775,0
1966,1244,0.41223248839378357,0
1966,1575,0.45373761653900146,0
1966,1402,0.4366269111633301,0
1966,1071,0.4461541175842285,0
1966,3124,0.4083356559276581,0
1966,735,0.43301621079444885,0
1966,1724,0.43534061312675476,0
1966,2099,0.41165387630462646,0
3577,3577,0.3919379413127899,1
3577,1924,0.36314213275909424,0
3577,1547,0.4191514849662781,0
3577,2022,0.3912582993507385,0
3577,2706,0.359218031167984,0
3577,3179,0.34842395782470703,0
3577,3061,0.4860730469226837,0
3577,2787,0.3679448366165161,0
3577,516,0.4323265552520752,0
3577,1587,0.3851288855075836,0
3577,2238,0.37482747435569763,0
3577,928,0.45941030979156494,0
3577,3937,0.37764012813568115,0
3577,1586,0.38672348856925964,0
3577,1432,0.416065514087677,0
3577,1030,0.41620397567749023,0
3577,1810,0.42132773995399475,0
3577,2924,0.3920929431915283,0
3577,3626,0.3751257658004761,0
3577,2457,0.3665045499801636,0
2622,2622,0.36084237694740295,1
2622,570,0.40475189685821533,0
2622,1697,0.3682114779949188,0
2622,1106,0.44570067524909973,0
2622,1548,0.35218122601509094,0
2622,3218,0.38367173075675964,0
2622,2829,0.3507140874862671,0
2622,3663,0.4310064911842346,0
2622,1238,0.36454254388809204,0
2622,95,0.39320749044418335,0
2622,1448,0.4492396414279938,0
2622,719,0.36722859740257263,0
2622,97,0.4133627712726593,0
2622,1848,0.40895265340805054,0
2622,2598,0.3800872266292572,0
2622,2075,0.3517669141292572,0
2622,171,0.44444143772125244,0
2622,3196,0.33617350459098816,0
2622,2529,0.3258313536643982,0
2622,3976,0.3562759459018707,0
184,184,0.44124147295951843,1
184,264,0.44879698753356934,0
184,1851,0.39402905106544495,0
184,2068,0.45926952362060547,0
184,4100,0.3813772201538086,0
184,691,0.44781792163848877,0
184,238,0.458660364151001,0
184,205,0.43726181983947754,0
184,2016,0.4005783498287201,0
184,2479,0.4403936266899109,0
184,1902,0.36942505836486816,0
184,693,0.4169304370880127,0
184,2830,0.396503746509552,0
184,1978,0.4132474958896637,0
184,669,0.4099014401435852,0
184,3692,0.4086639881134033,0
184,1872,0.3774436414241791,0
184,2768,0.4004565179347992,0
184,907,0.3966831564903259,0
184,3542,0.39638999104499817,0
3219,3219,0.3802909553050995,1
3219,2685,0.36255884170532227,0
3219,1464,0.434844434261322,0
3219,354,0.42856916785240173,0
3219,2879,0.3702378571033478,0
3219,2131,0.3763124644756317,0
3219,1,0.44879037141799927,0
3219,3496,0.35529473423957825,0
3219,4023,0.3605228066444397,0
3219,3237,0.385211706161499,0
3219,3595,0.3412216007709503,0
3219,2388,0.42995208501815796,0
3219,595,0.397175133228302,0
3219,3345,0.36901533603668213,0
3219,748,0.3741209805011749,0
3219,1560,0.362898051738739,0
3219,2145,0.36409565806388855,0
3219,2722,0.3689989447593689,0
3219,2516,0.36674490571022034,0
3219,2593,0.4016684293746948,0
3825,3825,0.39709362387657166,1
3825,2098,0.37632352113723755,0
3825,3875,0.39255574345588684,0
3825,3013,0.44961532950401306,0
3825,1238,0.3700985014438629,0
3825,2529,0.3736412525177002,0
3825,2373,0.37890827655792236,0
3825,1010,0.4498429000377655,0
3825,4052,0.3632366955280304,0
3825,1517,0.44684094190597534,0
3825,3315,0.3940454125404358,0
3825,2657,0.39373719692230225,0
3825,3112,0.47219642996788025,0
3825,1062,0.40092477202415466,0
3825,4010,0.3942749798297882,0
3825,563,0.40454673767089844,0
3825,1354,0.42112022638320923,0
3825,3293,0.3866145610809326,0
3825,3934,0.43169844150543213,0
3825,3330,0.37446361780166626,0
172,172,0.42413678765296936,1
172,205,0.4089227020740509,0
172,533,0.42590364813804626,0
172,2511,0.3930021822452545,0
172,1326,0.3763786554336548,0
172,1108,0.41895627975463867,0
172,322,0.3653448820114136,0
172,1306,0.4168981909751892,0
172,3878,0.33382269740104675,0
172,969,0.406170129776001,0
172,508,0.3847500681877136,0
172,203,0.37257805466651917,0
172,2363,0.3736739456653595,0
172,928,0.4430668354034424,0
172,41,0.3442443609237671,0
172,2791,0.4005245268344879,0
172,2327,0.38984179496765137,0
172,954,0.3713604509830475,0
172,363,0.40037474036216736,0
172,3132,0.40944069623947144,0
2194,2194,0.3976236879825592,1
2194,3577,0.40271174907684326,0
2194,280,0.39346200227737427,0
2194,3040,0.4179265797138214,0
2194,3579,0.37924277782440186,0
2194,273,0.38248270750045776,0
2194,3575,0.40082722902297974,0
2194,2780,0.38172635436058044,0
2194,973,0.3886556029319763,0
2194,987,0.40670323371887207,0
2194,2531,0.3923487365245819,0
2194,2751,0.35569432377815247,0
2194,1917,0.41745468974113464,0
2194,1340,0.4228305518627167,0
2194,2874,0.40859276056289673,0
2194,568,0.41368862986564636,0
2194,4057,0.3475257456302643,0
2194,3328,0.36089813709259033,0
2194,3756,0.4199486970901489,0
2194,1856,0.44421982765197754,0
313,313,0.3968358635902405,1
313,2623,0.3744269609451294,0
313,4027,0.35663485527038574,0
313,265,0.4093570411205292,0
313,3983,0.36453643441200256,0
313,906,0.3984301686286926,0
313,3586,0.37303027510643005,0
313,3771,0.3638579547405243,0
313,479,0.4357609748840332,0
313,1325,0.37597760558128357,0
313,3665,0.34404194355010986,0
313,3985,0.3658851981163025,0
313,3708,0.35311898589134216,0
313,281,0.4110516309738159,0
313,445,0.3559209704399109,0
313,3610,0.380690336227417,0
313,2318,0.45073768496513367,0
313,1678,0.3604276478290558,0
313,2520,0.4008140563964844,0
313,2151,0.4110427498817444,0
3403,3403,0.34690457582473755,1
3403,3546,0.40161681175231934,0
3403,51,0.3917544484138489,0
3403,4056,0.3761257529258728,0
3403,4034,0.3686962425708771,0
3403,3440,0.3547077178955078,0
3403,1601,0.37989985942840576,0
3403,266,0.3500950336456299,0
3403,4112,0.3781326711177826,0
3403,2097,0.3437781035900116,0
3403,157,0.38143548369407654,0
3403,2426,0.38577190041542053,0
3403,1797,0.39917343854904175,0
3403,3042,0.40643614530563354,0
3403,2385,0.3438299596309662,0
3403,3346,0.35739922523498535,0
3403,256,0.4044852554798126,0
3403,3747,0.3639003038406372,0
3403,2963,0.3815736174583435,0
3403,1863,0.3658241033554077,0
3499,3499,0.34994372725486755,1
3499,3868,0.397472083568573,0
3499,3744,0.3861229717731476,0
3499,4084,0.44429659843444824,0
3499,1057,0.4081805944442749,0
3499,1665,0.4028572738170624,0
3499,2250,0.371822327375412,0
3499,1696,0.40755969285964966,0
3499,4027,0.36810556054115295,0
3499,440,0.41561147570610046,0
3499,3902,0.3967268168926239,0
3499,167,0.3793349862098694,0
3499,2053,0.4440460503101349,0
3499,3810,0.36964887380599976,0
3499,1636,0.42049381136894226,0
3499,4089,0.4003576636314392,0
3499,1859,0.38723427057266235,0
3499,1800,0.3682872951030731,0
3499,1474,0.38967153429985046,0
3499,652,0.45012542605400085,0
1142,1142,0.37852051854133606,1
1142,198,0.4304450750350952,0
1142,1906,0.35698050260543823,0
1142,1477,0.40267008543014526,0
1142,1100,0.3762151598930359,0
1142,69,0.43662020564079285,0
1142,2743,0.3842959403991699,0
1142,2759,0.382301390171051,0
1142,2412,0.3922875225543976,0
1142,247,0.37199196219444275,0
1142,3086,0.3702550232410431,0
1142,1307,0.472195029258728,0
1142,288,0.43441370129585266,0
1142,4055,0.36900100111961365,0
1142,2485,0.4384830892086029,0
1142,124,0.41074880957603455,0
1142,2624,0.3583911955356598,0
1142,4088,0.3779999911785126,0
1142,1627,0.4143562316894531,0
1142,2158,0.3555108308792114,0
41,41,0.3514222204685211,1
41,3374,0.354751855134964,0
41,584,0.4051469564437866,0
41,2718,0.3438366949558258,0
41,534,0.3907061517238617,0
41,865,0.3889007568359375,0
41,1445,0.3644682765007019,0
41,3009,0.36511412262916565,0
41,997,0.4517948031425476,0
41,1333,0.355161190032959,0
41,1779,0.4025353491306305,0
41,4080,0.3561263978481293,0
41,2581,0.4164502024650574,0
41,1831,0.47907596826553345,0
41,3562,0.3676987290382385,0
41,818,0.3752901554107666,0
41,1793,0.37832486629486084,0
41,3579,0.3507119417190552,0
41,1632,0.3768722414970398,0
41,2504,0.36886078119277954,0
2600,2600,0.3565389811992645,1
2600,3737,0.35376688838005066,0
2600,3267,0.40360668301582336,0
2600,1499,0.3542194366455078,0
2600,2296,0.37315693497657776,0
2600,4075,0.37030163407325745,0
2600,3636,0.36587628722190857,0
2600,2888,0.36587464809417725,0
2600,304,0.3516365885734558,0
2600,26,0.40864047408103943,0
2600,4106,0.35792776942253113,0
2600,2830,0.36929836869239807,0
2600,2821,0.37800517678260803,0
2600,3041,0.372174471616745,0
2600,3554,0.36931753158569336,0
2600,932,0.4257534146308899,0
2600,2864,0.3743976056575775,0
2600,3929,0.3826548159122467,0
2600,3604,0.3616039752960205,0
2600,3261,0.3773854672908783,0
258,258,0.4109751284122467,1
258,1758,0.3565795421600342,0
258,420,0.40320298075675964,0
258,3016,0.3826630711555481,0
258,684,0.37652158737182617,0
258,1184,0.37847721576690674,0
258,2933,0.3967292904853821,0
258,3930,0.3661516606807709,0
258,187,0.41387179493904114,0
258,832,0.3621848225593567,0
258,718,0.398837149143219,0
258,2444,0.3688634932041168,0
258,367,0.3727973699569702,0
258,2778,0.40536895394325256,0
258,351,0.3558237850666046,0
258,3485,0.3629274368286133,0
258,1655,0.37683895230293274,0
258,4169,0.36310338973999023,0
258,1081,0.4082324206829071,0
258,3776,0.3590262830257416,0
1086,1086,0.39709794521331787,1
1086,3031,0.36132991313934326,0
1086,2209,0.40606606006622314,0
1086,2776,0.3711663782596588,0
1086,317,0.4287906587123871,0
1086,372,0.41848984360694885,0
1086,942,0.36925628781318665,0
1086,1867,0.4079335927963257,0
1086,522,0.3898800313472748,0
1086,508,0.40455347299575806,0
1086,3971,0.38336434960365295,0
1086,2921,0.4029771387577057,0
1086,1506,0.3946833908557892,0
1086,2199,0.3972426950931549,0
1086,2659,0.37548360228538513,0
1086,1015,0.3958604335784912,0
1086,81,0.4153045117855072,0
1086,3147,0.3589725196361542,0
1086,3547,0.40580877661705017,0
1086,1183,0.41616290807724,0
1003,1003,0.4090948700904846,1
1003,485,0.4783211648464203,0
1003,3664,0.38036489486694336,0
1003,2075,0.3961643576622009,0
1003,2262,0.4643709361553192,0
1003,3719,0.38487327098846436,0
1003,4156,0.3682175576686859,0
1003,1160,0.43090370297431946,0
1003,3515,0.37672877311706543,0
1003,3783,0.38976767659187317,0
1003,1243,0.41582822799682617,0
1003,2950,0.38320308923721313,0
1003,113,0.40076765418052673,0
1003,2157,0.42577072978019714,0
1003,2609,0.3606630265712738,0
1003,349,0.366283118724823,0
1003,3327,0.37562933564186096,0
1003,226,0.40788018703460693,0
1003,3662,0.40538495779037476,0
1003,412,0.41242334246635437,0
4106,4106,0.3851096034049988,1
4106,3197,0.378772497177124,0
4106,3911,0.39089781045913696,0
4106,2572,0.3678620159626007,0
4106,1600,0.4039154052734375,0
4106,2080,0.409883052110672,0
4106,1369,0.3935059607028961,0
4106,1037,0.45797327160835266,0
4106,2432,0.4031505286693573,0
4106,241,0.3916242718696594,0
4106,2257,0.38200584053993225,0
4106,794,0.411398321390152,0
4106,3254,0.41250497102737427,0
4106,4163,0.3641166687011719,0
4106,80,0.4154249429702759,0
4106,2979,0.3969275951385498,0
4106,3245,0.4010794460773468,0
4106,1691,0.3577662706375122,0
4106,1828,0.41467225551605225,0
4106,1845,0.38082459568977356,0
892,892,0.3800406754016876,1
892,2054,0.399119108915329,0
892,2116,0.39589259028434753,0
892,3557,0.3731915056705475,0
892,1671,0.3854411840438843,0
892,3738,0.3740065395832062,0
892,1065,0.380459189414978,0
892,2583,0.4063034951686859,0
892,3294,0.37551406025886536,0
892,3636,0.3713375926017761,0
892,4068,0.3798739016056061,0
892,2327,0.40988075733184814,0
892,4161,0.38324424624443054,0
892,49,0.37997257709503174,0
892,1949,0.37482577562332153,0
892,3896,0.3731864392757416,0
892,1846,0.3717127740383148,0
892,3803,0.36915937066078186,0
892,3614,0.36886683106422424,0
892,1857,0.3842216730117798,0
153,153,0.3637591600418091,1
153,4120,0.346518874168396,0
153,959,0.3466053009033203,0
153,3925,0.347502201795578,0
153,1693,0.36502212285995483,0
153,1144,0.4232454001903534,0
153,596,0.3522377610206604,0
153,3617,0.37081003189086914,0
153,985,0.34426218271255493,0
153,3268,0.34401509165763855,0
153,761,0.37111181020736694,0
153,934,0.3742741048336029,0
153,4036,0.35169175267219543,0
153,3821,0.3595547080039978,0
153,4059,0.353930801153183,0
153,1064,0.3185169994831085,0
153,1930,0.37256553769111633,0
153,1812,0.43080201745033264,0
153,1672,0.36274898052215576,0
153,3646,0.36774349212646484,0
695,695,0.46687963604927063,1
695,3892,0.3437395691871643,0
695,4024,0.367176353931427,0
695,872,0.4366881549358368,0
695,3799,0.36989277601242065,0
695,547,0.4030131995677948,0
695,1640,0.4610731899738312,0
695,3617,0.3873712420463562,0
695,910,0.33828073740005493,0
695,3335,0.3450431823730469,0
695,1190,0.32947492599487305,0
695,3937,0.39598384499549866,0
695,636,0.37502551078796387,0
695,1110,0.37868571281433105,0
695,1792,0.4282589852809906,0
695,2535,0.4207626283168793,0
695,1966,0.4015255272388458,0
695,1580,0.38606560230255127,0
695,2448,0.39426189661026,0
695,1229,0.44160938262939453,0
3406,3406,0.39040234684944153,1
3406,3645,0.34914863109588623,0
3406,3140,0.3833128809928894,0
3406,3702,0.3672727048397064,0
3406,4128,0.34547361731529236,0
3406,2493,0.3656516671180725,0
3406,4015,0.354939341545105,0
3406,484,0.3859902322292328,0
3406,3528,0.3890131413936615,0
3406,958,0.39176908135414124,0
3406,29,0.4529840350151062,0
3406,3211,0.4193606972694397,0
3406,2712,0.37989020347595215,0
3406,3878,0.3506264090538025,0
3406,2896,0.39072561264038086,0
3406,1378,0.41764935851097107,0
3406,3929,0.3977488577365875,0
3406,30,0.3624264597892761,0
3406,2771,0.3615165948867798,0
3406,1987,0.3449317514896393,0
2787,2787,0.3762878179550171,1
2787,630,0.36426883935928345,0
2787,3414,0.3667297065258026,0
2787,2347,0.38346728682518005,0
2787,240,0.4439076781272888,0
2787,891,0.45974695682525635,0
2787,2086,0.5367964506149292,0
2787,1073,0.3719630241394043,0
2787,3996,0.4257904589176178,0
2787,744,0.4076368808746338,0
2787,286,0.42501023411750793,0
2787,2429,0.3674039840698242,0
2787,1205,0.3944825530052185,0
2787,451,0.4215203821659088,0
2787,1987,0.34262049198150635,0
2787,3327,0.3909786641597748,0
2787,3400,0.4326353371143341,0
2787,3780,0.3519499599933624,0
2787,1563,0.38969555497169495,0
2787,1010,0.4639802873134613,0
1869,1869,0.32410919666290283,1
1869,2705,0.34974434971809387,0
1869,1683,0.38787180185317993,0
1869,2239,0.44914716482162476,0
1869,866,0.3959326446056366,0
1869,787,0.3827449381351471,0
1869,3939,0.3614739775657654,0
1869,79,0.36013931035995483,0
1869,1493,0.3984176516532898,0
1869,1436,0.40168020129203796,0
1869,3857,0.3793780207633972,0
1869,3257,0.4123769700527191,0
1869,3392,0.34172651171684265,0
1869,1188,0.3912179470062256,0
1869,239,0.3499757647514343,0
1869,3353,0.426992803812027,0
1869,1821,0.4193146824836731,0
1869,3838,0.36611080169677734,0
1869,529,0.3483787775039673,0
1869,2739,0.38074299693107605,0
1185,1185,0.34907346963882446,1
1185,2476,0.40964314341545105,0
1185,73,0.39604058861732483,0
1185,2528,0.41057243943214417,0
1185,2353,0.3686909079551697,0
1185,2040,0.37675389647483826,0
1185,1791,0.4248957931995392,0
1185,3000,0.353278785943985,0
1185,2184,0.3716655969619751,0
1185,148,0.4054776728153229,0
1185,1438,0.40974196791648865,0
1185,3337,0.4455667734146118,0
1185,1451,0.4060315191745758,0
1185,985,0.36431974172592163,0
1185,3425,0.35983583331108093,0
1185,2202,0.3689323365688324,0
1185,1129,0.3698607385158539,0
1185,3007,0.3505432903766632,0
1185,3486,0.3821398615837097,0
1185,2029,0.4233153164386749,0
3221,3221,0.3528132438659668,1
3221,4075,0.36118775606155396,0
3221,605,0.3721509873867035,0
3221,788,0.36821332573890686,0
3221,3945,0.3368642330169678,0
3221,3819,0.35535743832588196,0
3221,1676,0.36889350414276123,0
3221,1447,0.42120587825775146,0
3221,133,0.4420735239982605,0
3221,2585,0.3440551161766052,0
3221,1940,0.3787786364555359,0
3221,1419,0.40927839279174805,0
3221,2123,0.39240166544914246,0
3221,213,0.35373616218566895,0
3221,1068,0.3934759497642517,0
3221,469,0.3493817150592804,0
3221,1523,0.3307030498981476,0
3221,1770,0.36914435029029846,0
3221,2697,0.3656243085861206,0
3221,2110,0.3866197466850281,0
2014,2014,0.3871194124221802,1
2014,3028,0.39164042472839355,0
2014,1747,0.4499230980873108,0
2014,672,0.3658287227153778,0
2014,2152,0.3703663647174835,0
2014,3608,0.3743855357170105,0
2014,1078,0.3770816922187805,0
2014,376,0.3712073564529419,0
2014,3897,0.42508798837661743,0
2014,128,0.3656494617462158,0
2014,2652,0.40192708373069763,0
2014,638,0.3830261528491974,0
2014,4146,0.3668869733810425,0
2014,1407,0.36158064007759094,0
2014,1954,0.44124436378479004,0
2014,1910,0.36605381965637207,0
2014,541,0.44148218631744385,0
2014,3555,0.3609635531902313,0
2014,1568,0.3938281834125519,0
2014,2892,0.3672981560230255,0
2854,2854,0.3752496540546417,1
2854,3544,0.3633764386177063,0
2854,519,0.38900089263916016,0
2854,3393,0.4158041477203369,0
2854,2167,0.39381715655326843,0
2854,193,0.4241615831851959,0
2854,1081,0.4410659670829773,0
2854,1026,0.42071229219436646,0
2854,711,0.4216546416282654,0
2854,3637,0.3861372768878937,0
2854,3810,0.35599732398986816,0
2854,3899,0.3640909492969513,0
2854,325,0.36665502190589905,0
2854,1964,0.373004287481308,0
2854,3441,0.4467942714691162,0
2854,1651,0.4094664752483368,0
2854,3283,0.37565118074417114,0
2854,1605,0.38920366764068604,0
2854,456,0.378593385219574,0
2854,3994,0.3823438584804535,0
3005,3005,0.3554045855998993,1
3005,1082,0.3921871781349182,0
3005,3312,0.3908524811267853,0
3005,1976,0.396469384431839,0
3005,2246,0.40210089087486267,0
3005,1034,0.3746187686920166,0
3005,2577,0.36386337876319885,0
3005,2740,0.40072548389434814,0
3005,2332,0.3777957558631897,0
3005,3311,0.377601683139801,0
3005,4040,0.37450093030929565,0
3005,2050,0.4219304919242859,0
3005,1141,0.4059808850288391,0
3005,2340,0.3671421706676483,0
3005,4168,0.3742230236530304,0
3005,3071,0.3794998824596405,0
3005,2685,0.3516159653663635,0
3005,4103,0.39102452993392944,0
3005,1150,0.3664425015449524,0
3005,4134,0.37157371640205383,0
3903,3903,0.313936710357666,1
3903,1719,0.3414163291454315,0
3903,2943,0.34414952993392944,0
3903,64,0.3627708852291107,0
3903,1256,0.32973018288612366,0
3903,2529,0.332612007856369,0
3903,3910,0.3513484597206116,0
3903,2568,0.32495805621147156,0
3903,2385,0.33389997482299805,0
3903,1777,0.35058924555778503,0
3903,3510,0.31256571412086487,0
3903,1429,0.33488142490386963,0
3903,2999,0.36743128299713135,0
3903,1883,0.37981000542640686,0
3903,1203,0.3510945737361908,0
3903,3552,0.3749430775642395,0
3903,2962,0.3403722643852234,0
3903,256,0.3582041561603546,0
3903,2900,0.34282201528549194,0
3903,1025,0.3807874917984009,0
871,871,0.3944874703884125,1
871,2309,0.39694899320602417,0
871,343,0.43935853242874146,0
871,1190,0.37504005432128906,0
871,3853,0.40712490677833557,0
871,2498,0.40073147416114807,0
871,1684,0.3788800835609436,0
871,2343,0.4076080918312073,0
871,2026,0.3914627134799957,0
871,4020,0.4047459661960602,0
871,4041,0.38219815492630005,0
871,1559,0.370847225189209,0
871,3552,0.43416813015937805,0
871,2240,0.3874627947807312,0
871,3165,0.4281303286552429,0
871,326,0.3990153968334198,0
871,1611,0.41631460189819336,0
871,3279,0.3920366168022156,0
871,2536,0.3892413079738617,0
871,923,0.3980894684791565,0
1021,1021,0.4298228919506073,1
1021,69,0.42513325810432434,0
1021,3045,0.3787444829940796,0
1021,228,0.3959448039531708,0
1021,2906,0.3499871790409088,0
1021,3782,0.4003687798976898,0
1021,2762,0.36314746737480164,0
1021,3107,0.3781571388244629,0
1021,184,0.41089069843292236,0
1021,108,0.35186120867729187,0
1021,673,0.38223159313201904,0
1021,3149,0.41564223170280457,0
1021,1016,0.3629930019378662,0
1021,1790,0.40147534012794495,0
1021,2410,0.3635050356388092,0
1021,988,0.3556278347969055,0
1021,3123,0.36188560724258423,0
1021,753,0.3849388360977173,0
1021,3583,0.3659188747406006,0
1021,741,0.3630913197994232,0
2597,2597,0.352243572473526,1
2597,3378,0.3735409677028656,0
2597,27,0.43163660168647766,0
2597,1930,0.370983749628067,0
2597,384,0.3716709017753601,0
2597,1784,0.35950908064842224,0
2597,2550,0.3724563717842102,0
2597,3613,0.3911203145980835,0
2597,3772,0.35284581780433655,0
2597,2610,0.3572523891925812,0
2597,124,0.39429736137390137,0
2597,2140,0.38112059235572815,0
2597,1237,0.3661065995693207,0
2597,3559,0.3810868561267853,0
2597,1670,0.41353288292884827,0
2597,1112,0.4010637700557709,0
2597,2255,0.3663291931152344,0
2597,4142,0.35441920161247253,0
2597,1668,0.38911932706832886,0
2597,338,0.4288145899772644,0
311,311,0.37046730518341064,1
311,1204,0.35784289240837097,0
311,3851,0.39071789383888245,0
311,1618,0.3509639799594879,0
311,3987,0.41201251745224,0
311,2753,0.3777729272842407,0
311,312,0.3930029571056366,0
311,4124,0.3812691569328308,0
311,769,0.37165963649749756,0
311,1843,0.4435683488845825,0
311,999,0.36305364966392517,0
311,1800,0.3884914219379425,0
311,2989,0.412771075963974,0
311,2547,0.37870413064956665,0
311,3220,0.3849652111530304,0
311,1795,0.39188042283058167,0
311,19,0.3965733051300049,0
311,1044,0.3913012742996216,0
311,4020,0.3699790835380554,0
311,524,0.394010990858078,0
1034,1034,0.3727198541164398,1
1034,453,0.3904544413089752,0
1034,605,0.3890959620475769,0
1034,338,0.4466802179813385,0
1034,780,0.4271123707294464,0
1034,2767,0.36121028661727905,0
1034,2409,0.3816966116428375,0
1034,3472,0.35844847559928894,0
1034,908,0.40513962507247925,0
1034,1101,0.4198754131793976,0
1034,2906,0.35358917713165283,0
1034,906,0.40888893604278564,0
1034,2170,0.3795100748538971,0
1034,3144,0.3817475140094757,0
1034,2373,0.3866455852985382,0
1034,191,0.39804187417030334,0
1034,3049,0.3749683201313019,0
1034,2763,0.3698420226573944,0
1034,2284,0.3849324882030487,0
1034,577,0.3883349895477295,0
43,43,0.4090301990509033,1
43,829,0.3932132124900818,0
43,3,0.4496111571788788,0
43,3987,0.4303915500640869,0
43,3114,0.41045019030570984,0
43,3462,0.37529799342155457,0
43,3578,0.39569175243377686,0
43,2617,0.4144967794418335,0
43,4014,0.3998452425003052,0
43,1453,0.3929091691970825,0
43,3882,0.37724366784095764,0
43,920,0.5104035139083862,0
43,2960,0.43506383895874023,0
43,3159,0.4618801176548004,0
43,1463,0.4937753677368164,0
43,3880,0.431715190410614,0
43,75,0.4771735370159149,0
43,257,0.40344297885894775,0
43,612,0.41615504026412964,0
43,1414,0.37396636605262756,0
3932,3932,0.36381739377975464,1
3932,326,0.390739768743515,0
3932,882,0.4315773546695709,0
3932,3809,0.3772016167640686,0
3932,939,0.5016817450523376,0
3932,2506,0.3817311227321625,0
3932,30,0.3563629388809204,0
3932,2127,0.34022894501686096,0
3932,2990,0.45626965165138245,0
3932,494,0.35944950580596924,0
3932,3347,0.37583479285240173,0
3932,3910,0.36219772696495056,0
3932,3385,0.34846338629722595,0
3932,957,0.3614090383052826,0
3932,1123,0.38859421014785767,0
3932,377,0.36707422137260437,0
3932,3429,0.44780465960502625,0
3932,3334,0.3982286751270294,0
3932,3515,0.35792750120162964,0
3932,2189,0.41231968998908997,0
739,739,0.4360859990119934,1
739,3349,0.3705034554004669,0
739,1614,0.37376922369003296,0
739,1632,0.4138320982456207,0
739,2653,0.40301012992858887,0
739,4070,0.383625864982605,0
739,3328,0.36767885088920593,0
739,307,0.4269654452800751,0
739,2598,0.39684146642684937,0
739,1287,0.4734579622745514,0
739,3632,0.39795154333114624,0
739,1836,0.49066951870918274,0
739,3560,0.3782775402069092,0
739,1432,0.4242732524871826,0
739,2056,0.41570955514907837,0
739,2655,0.3847673237323761,0
739,3713,0.4019660949707031,0
739,100,0.46186164021492004,0
739,1082,0.4574640095233917,0
739,2680,0.39440247416496277,0
1037,1037,0.42056429386138916,1
1037,2601,0.3706524074077606,0
1037,1756,0.3886125981807709,0
1037,195,0.3971814215183258,0
1037,3622,0.37195801734924316,0
1037,1028,0.39687344431877136,0
1037,4141,0.3541087806224823,0
1037,326,0.37467947602272034,0
1037,285,0.34520262479782104,0
1037,2216,0.40864041447639465,0
1037,627,0.4546213448047638,0
1037,1448,0.4509632885456085,0
1037,2900,0.3793753981590271,0
1037,2424,0.35042640566825867,0
1037,2237,0.38291019201278687,0
1037,3566,0.3736564517021179,0
1037,2348,0.43260902166366577,0
1037,3325,0.35824573040008545,0
1037,2148,0.4590339660644531,0
1037,1292,0.3820548355579376,0
672,672,0.4013696312904358,1
672,3844,0.376605749130249,0
672,2163,0.4115351140499115,0
672,2491,0.4161376357078552,0
672,2242,0.4137848913669586,0
672,808,0.41827359795570374,0
672,3748,0.39431989192962646,0
672,3872,0.37800729274749756,0
672,2958,0.3825943171977997,0
672,1636,0.4295864999294281,0
672,3878,0.3804805278778076,0
672,4023,0.37868574261665344,0
672,3233,0.43293213844299316,0
672,3609,0.3973546624183655,0
672,1982,0.37207984924316406,0
672,2592,0.38926583528518677,0
672,3650,0.37914934754371643,0
672,1695,0.3659449517726898,0
672,437,0.42543506622314453,0
672,2970,0.41010940074920654,0
3379,3379,0.38509878516197205,1
3379,1220,0.39815399050712585,0
3379,930,0.41994768381118774,0
3379,4086,0.38079965114593506,0
3379,2008,0.36715206503868103,0
3379,3193,0.38691970705986023,0
3379,3597,0.40494441986083984,0
3379,390,0.4578678607940674,0
3379,4140,0.3848899006843567,0
3379,3963,0.40237778425216675,0
3379,3329,0.3919413089752197,0
3379,3677,0.4147796928882599,0
3379,136,0.44381430745124817,0
3379,472,0.3713739514350891,0
3379,1737,0.3792094588279724,0
3379,3974,0.3805362284183502,0
3379,3042,0.4405721426010132,0
3379,1160,0.43693989515304565,0
3379,131,0.4447132647037506,0
3379,521,0.415393590927124,0
1228,1228,0.4006546139717102,1
1228,3772,0.3718718886375427,0
1228,2129,0.4050195813179016,0
1228,403,0.4584267735481262,0
1228,3996,0.4085494875907898,0
1228,3472,0.3629058003425598,0
1228,3420,0.3763071298599243,0
1228,3103,0.3840599060058594,0
1228,3306,0.4153277277946472,0
1228,3627,0.39251261949539185,0
1228,1796,0.510284960269928,0
1228,2779,0.38072827458381653,0
1228,896,0.4048076272010803,0
1228,3584,0.3737607002258301,0
1228,4103,0.3926060199737549,0
1228,752,0.4620615243911743,0
1228,1728,0.44227758049964905,0
1228,287,0.4306650161743164,0
1228,3652,0.44732263684272766,0
1228,2474,0.3999779522418976,0
2471,2471,0.4285884499549866,1
2471,4108,0.39656496047973633,0
2471,3945,0.39021679759025574,0
2471,2527,0.4230993986129761,0
2471,1459,0.4292597770690918,0
2471,6,0.37006503343582153,0
2471,1213,0.36089205741882324,0
2471,1958,0.3886603116989136,0
2471,476,0.39723896980285645,0
2471,785,0.41518834233283997,0
2471,2228,0.39260339736938477,0
2471,256,0.42942729592323303,0
2471,2280,0.40534666180610657,0
2471,3597,0.39636507630348206,0
2471,2648,0.39911729097366333,0
2471,3497,0.36923712491989136,0
2471,3926,0.39669618010520935,0
2471,2999,0.44191446900367737,0
2471,2638,0.4114738404750824,0
2471,2580,0.36081379652023315,0
622,622,0.40965455770492554,1
622,503,0.37194007635116577,0
622,2341,0.38821572065353394,0
622,3271,0.3864330053329468,0
622,998,0.3783647418022156,0
622,1099,0.3688390552997589,0
622,569,0.390842080116272,0
622,3439,0.3789930045604706,0
622,3942,0.3905937373638153,0
622,3258,0.3770647644996643,0
622,1998,0.4192642271518707,0
622,4109,0.3679984211921692,0
622,1593,0.36118370294570923,0
622,1584,0.46984004974365234,0
622,2594,0.41944533586502075,0
622,2421,0.3839645981788635,0
622,1868,0.3788047432899475,0
622,1360,0.43413278460502625,0
622,1227,0.415907084941864,0
622,3719,0.38611170649528503,0
4142,4142,0.3637272119522095,1
4142,1560,0.3642560839653015,0
4142,1243,0.417153537273407,0
4142,804,0.4102737307548523,0
4142,2179,0.38514986634254456,0
4142,2726,0.3798810541629791,0
4142,1503,0.3652985394001007,0
4142,296,0.38051337003707886,0
4142,1825,0.3762269616127014,0
4142,4031,0.36980050802230835,0
4142,3736,0.3580401539802551,0
4142,3386,0.3830024302005768,0
4142,3114,0.3857971429824829,0
4142,2141,0.381443589925766,0
4142,2767,0.36959078907966614,0
4142,1618,0.35760802030563354,0
4142,3154,0.40588563680648804,0
4142,3605,0.3816753327846527,0
4142,330,0.39307695627212524,0
4142,680,0.452854722738266,0
1506,1506,0.35441043972969055,1
1506,2677,0.3740466237068176,0
1506,4015,0.3354182839393616,0
1506,2466,0.3935231566429138,0
1506,3282,0.34617865085601807,0
1506,2963,0.35273757576942444,0
1506,1096,0.3703084886074066,0
1506,904,0.35801854729652405,0
1506,3318,0.3676750957965851,0
1506,2208,0.3889129161834717,0
1506,1483,0.34461596608161926,0
1506,2411,0.3692784309387207,0
1506,3995,0.3385239541530609,0
1506,2890,0.3541305363178253,0
1506,3088,0.3633376955986023,0
1506,3697,0.39198529720306396,0
1506,211,0.3446212410926819,0
1506,2377,0.3998948633670807,0
1506,1961,0.3713877499103546,0
1506,1905,0.38469845056533813,0
362,362,0.3950321674346924,1
362,444,0.39135733246803284,0
362,3668,0.40093597769737244,0
362,4054,0.3614040017127991,0
362,3461,0.43644019961357117,0
362,4013,0.36659812927246094,0
362,36,0.41000527143478394,0
362,2007,0.3610605299472809,0
362,11,0.4352852404117584,0
362,751,0.3626159429550171,0
362,3119,0.3607390224933624,0
362,1285,0.45414867997169495,0
362,2365,0.3400026857852936,0
362,3023,0.40231257677078247,0
362,1624,0.3753727972507477,0
362,1675,0.3929843306541443,0
362,1557,0.42265379428863525,0
362,1094,0.438434362411499,0
362,165,0.44562843441963196,0
362,3628,0.4061832129955292,0
768,768,0.4116458594799042,1
768,2110,0.40166884660720825,0
768,3070,0.3799853026866913,0
768,1314,0.45267558097839355,0
768,3367,0.4699593782424927,0
768,1238,0.3787662088871002,0
768,269,0.38228166103363037,0
768,2313,0.4050813913345337,0
768,2128,0.4055798351764679,0
768,1602,0.3734336793422699,0
768,1468,0.3891046643257141,0
768,4121,0.37949803471565247,0
768,1827,0.40356284379959106,0
768,1988,0.39327260851860046,0
768,3979,0.41004839539527893,0
768,3214,0.42948096990585327,0
768,4151,0.4101444482803345,0
768,1948,0.4152566194534302,0
768,1589,0.4353013038635254,0
768,1229,0.50252765417099,0
2293,2293,0.3326970338821411,1
2293,3704,0.34168022871017456,0
2293,2,0.3602960407733917,0
2293,1868,0.3674570918083191,0
2293,2550,0.35006579756736755,0
2293,3462,0.33959901332855225,0
2293,1271,0.4164135456085205,0
2293,2124,0.3832763731479645,0
2293,2286,0.40110036730766296,0
2293,1891,0.35722360014915466,0
2293,269,0.35090145468711853,0
2293,1916,0.349139928817749,0
2293,3755,0.3405015468597412,0
2293,3021,0.35757604241371155,0
2293,3598,0.36459487676620483,0
2293,2264,0.39373359084129333,0
2293,1467,0.367098867893219,0
2293,3410,0.36866143345832825,0
2293,3570,0.3257006108760834,0
2293,2115,0.3282603919506073,0
457,457,0.39197853207588196,1
457,2546,0.40283793210983276,0
457,679,0.3805009722709656,0
457,1579,0.4302881360054016,0
457,3912,0.3725084960460663,0
457,791,0.38675010204315186,0
457,72,0.40609118342399597,0
457,598,0.4255136549472809,0
457,1002,0.3997107148170471,0
457,2260,0.3740452527999878,0
457,3992,0.3689439296722412,0
457,2203,0.3778580129146576,0
457,1281,0.3677245080471039,0
457,2341,0.3828171193599701,0
457,1594,0.3536026179790497,0
457,3542,0.39711788296699524,0
457,2824,0.38006895780563354,0
457,419,0.3721254765987396,0
457,1795,0.39065688848495483,0
457,3471,0.39206254482269287,0
455,455,0.4255245625972748,1
455,3009,0.36449480056762695,0
455,2150,0.3559424877166748,0
455,3853,0.3778390884399414,0
455,1769,0.399616539478302,0
455,2745,0.37467142939567566,0
455,1659,0.3667014241218567,0
455,1895,0.3877660632133484,0
455,1284,0.3765594959259033,0
455,3788,0.37775129079818726,0
455,1003,0.3814541697502136,0
455,3523,0.3751227557659149,0
455,1704,0.424703985452652,0
455,662,0.3926379084587097,0
455,658,0.4445890784263611,0
455,1739,0.4337601065635681,0
455,2367,0.3811228573322296,0
455,196,0.34842997789382935,0
455,1239,0.36895182728767395,0
455,1174,0.3801230192184448,0
1994,1994,0.3676125705242157,1
1994,308,0.40156716108322144,0
1994,170,0.369697242975235,0
1994,2101,0.33177608251571655,0
1994,2003,0.3549082577228546,0
1994,322,0.3376254439353943,0
1994,2999,0.35281848907470703,0
1994,11,0.38064074516296387,0
1994,245,0.3248273432254791,0
1994,1465,0.3527197241783142,0
1994,1071,0.3651581406593323,0
1994,1229,0.398531436920166,0
1994,3267,0.34912583231925964,0
1994,3965,0.34700679779052734,0
1994,3009,0.3437809944152832,0
1994,348,0.37849175930023193,0
1994,168,0.3528140187263489,0
1994,4139,0.3455657958984375,0
1994,3033,0.33903178572654724,0
1994,3912,0.3272850513458252,0
3102,3102,0.3558114171028137,1
3102,2190,0.33997872471809387,0
3102,349,0.3387918472290039,0
3102,929,0.36605584621429443,0
3102,3055,0.34974148869514465,0
3102,270,0.348612904548645,0
3102,2283,0.349868506193161,0
3102,4153,0.36828070878982544,0
3102,3898,0.38214534521102905,0
3102,1721,0.36517032980918884,0
3102,3626,0.35729092359542847,0
3102,231,0.38444897532463074,0
3102,2957,0.35748937726020813,0
3102,17,0.3949420750141144,0
3102,478,0.36356762051582336,0
3102,854,0.4067864418029785,0
3102,2721,0.36550575494766235,0
3102,2524,0.37941974401474,0
3102,2564,0.43039071559906006,0
3102,3650,0.34164223074913025,0
3486,3486,0.3435843586921692,1
3486,2948,0.34357455372810364,0
3486,1771,0.3554832935333252,0
3486,1449,0.3538137376308441,0
3486,3197,0.3650874197483063,0
3486,369,0.34515824913978577,0
3486,1982,0.32441091537475586,0
3486,1016,0.3303874135017395,0
3486,3940,0.3450199067592621,0
3486,2396,0.37090420722961426,0
3486,2779,0.35681718587875366,0
3486,2835,0.362554669380188,0
3486,1392,0.3686956763267517,0
3486,3563,0.33903732895851135,0
3486,3226,0.37109458446502686,0
3486,343,0.3719206154346466,0
3486,28,0.3711432218551636,0
3486,2633,0.33540064096450806,0
3486,702,0.3449576795101166,0
3486,3896,0.3465656042098999,0
1212,1212,0.43935418128967285,1
1212,1444,0.3791026473045349,0
1212,759,0.4104112386703491,0
1212,2421,0.3821544051170349,0
1212,3061,0.47123873233795166,0
1212,4142,0.3735276162624359,0
1212,3490,0.3908953368663788,0
1212,295,0.3533107340335846,0
1212,2258,0.42963534593582153,0
1212,3291,0.4930495619773865,0
1212,3318,0.3950401544570923,0
1212,1437,0.3735177218914032,0
1212,186,0.36659643054008484,0
1212,3188,0.4001186490058899,0
1212,2999,0.40522170066833496,0
1212,3081,0.3703228235244751,0
1212,2233,0.409213125705719,0
1212,3214,0.41537976264953613,0
1212,2993,0.3628076910972595,0
1212,2425,0.4254550635814667,0
2039,2039,0.3672792613506317,1
2039,3596,0.35113659501075745,0
2039,2532,0.40176522731781006,0
2039,2284,0.38825422525405884,0
2039,2935,0.36414289474487305,0
2039,2519,0.42104870080947876,0
2039,1746,0.39451169967651367,0
2039,584,0.4158953130245209,0
2039,3157,0.3845275342464447,0
2039,3384,0.3711145222187042,0
2039,1549,0.37891799211502075,0
2039,1285,0.4301769435405731,0
2039,415,0.4413713812828064,0
2039,1406,0.3910040259361267,0
2039,1128,0.3888072371482849,0
2039,4176,0.3631451427936554,0
2039,2821,0.3800293803215027,0
2039,574,0.4472237229347229,0
2039,2175,0.3742152452468872,0
2039,3373,0.38304880261421204,0
2444,2444,0.3914726972579956,1
2444,496,0.41681191325187683,0
2444,3909,0.41221603751182556,0
2444,1807,0.4333432912826538,0
2444,2138,0.47764697670936584,0
2444,124,0.4190487563610077,0
2444,3530,0.3797561228275299,0
2444,2434,0.40317603945732117,0
2444,2266,0.3883533179759979,0
2444,1377,0.3944767415523529,0
2444,3546,0.4013723134994507,0
2444,3751,0.3655858337879181,0
2444,1085,0.4956054985523224,0
2444,777,0.4274083077907562,0
2444,2088,0.4605960547924042,0
2444,1174,0.43304985761642456,0
2444,1493,0.41357558965682983,0
2444,880,0.4208839237689972,0
2444,3658,0.41703054308891296,0
2444,1413,0.48316073417663574,0
137,137,0.3964535892009735,1
137,450,0.4092811942100525,0
137,2972,0.3836667537689209,0
137,1103,0.37607240676879883,0
137,628,0.354889452457428,0
137,1295,0.3788428008556366,0
137,2542,0.3905356228351593,0
137,594,0.4250713586807251,0
137,1504,0.3999042212963104,0
137,1773,0.3930845260620117,0
137,3664,0.37359684705734253,0
137,3909,0.4148663878440857,0
137,3605,0.36266079545021057,0
137,3965,0.3898751735687256,0
137,526,0.4501408338546753,0
137,3344,0.3757668435573578,0
137,2198,0.38256412744522095,0
137,3682,0.384473979473114,0
137,2263,0.43573206663131714,0
137,2341,0.3848428726196289,0
3719,3719,0.3907054662704468,1
3719,2348,0.4443313181400299,0
3719,1641,0.4220339357852936,0
3719,2877,0.34289565682411194,0
3719,2601,0.4140692949295044,0
3719,389,0.567275881767273,0
3719,3343,0.3962530493736267,0
3719,1956,0.3730505406856537,0
3719,66,0.4119041860103607,0
3719,3060,0.35628074407577515,0
3719,317,0.42549392580986023,0
3719,2811,0.4145644009113312,0
3719,4101,0.3932591378688812,0
3719,3305,0.3753763437271118,0
3719,3494,0.3911674916744232,0
3719,2963,0.39628955721855164,0
3719,3233,0.45416244864463806,0
3719,2002,0.35872289538383484,0
3719,94,0.45947107672691345,0
3719,2310,0.4043484032154083,0
337,337,0.4083796441555023,1
337,3032,0.40711548924446106,0
337,2635,0.3498663604259491,0
337,2442,0.378002792596817,0
337,1753,0.42937171459198,0
337,2169,0.3380112648010254,0
337,271,0.38780975341796875,0
337,853,0.3555627465248108,0
337,1965,0.34280431270599365,0
337,4044,0.34310632944107056,0
337,3408,0.3491843640804291,0
337,136,0.42716753482818604,0
337,3174,0.3620796203613281,0
337,837,0.41262608766555786,0
337,1252,0.32281702756881714,0
337,3072,0.3674042522907257,0
337,3939,0.3605082035064697,0
337,4161,0.3536466360092163,0
337,548,0.3808235824108124,0
337,3311,0.35645294189453125,0
3958,3958,0.35146117210388184,1
3958,3730,0.35995247960090637,0
3958,2640,0.34217172861099243,0
3958,154,0.4220021665096283,0
3958,3473,0.365790992975235,0
3958,3636,0.36065787076950073,0
3958,1429,0.3454880118370056,0
3958,2738,0.44615286588668823,0
3958,1725,0.37130385637283325,0
3958,3889,0.3714299499988556,0
3958,2150,0.3558444678783417,0
3958,1165,0.3409684896469116,0
3958,1909,0.35828104615211487,0
3958,3817,0.37999042868614197,0
3958,663,0.3540644943714142,0
3958,3921,0.3453252613544464,0
3958,963,0.3481678366661072,0
3958,3903,0.3500363826751709,0
3958,1020,0.3683849573135376,0
3958,959,0.37946492433547974,0
4086,4086,0.3403247594833374,1
4086,2181,0.3564543128013611,0
4086,145,0.38532957434654236,0
4086,575,0.37770214676856995,0
4086,2129,0.37099435925483704,0
4086,853,0.3471887707710266,0
4086,1941,0.3595081865787506,0
4086,754,0.42719829082489014,0
4086,1760,0.3500390648841858,0
4086,1717,0.35871759057044983,0
4086,88,0.37245678901672363,0
4086,336,0.3951471447944641,0
4086,4071,0.3642316460609436,0
4086,606,0.3447161018848419,0
4086,1887,0.3545837700366974,0
4086,981,0.38338613510131836,0
4086,1862,0.3494974374771118,0
4086,1186,0.3505249619483948,0
4086,1928,0.353802889585495,0
4086,1084,0.3924850523471832,0
3537,3537,0.3594871759414673,1
3537,885,0.39265382289886475,0
3537,2364,0.3746758997440338,0
3537,1011,0.3696407973766327,0
3537,4109,0.3525373935699463,0
3537,1736,0.38736197352409363,0
3537,3451,0.35655882954597473,0
3537,3015,0.4363366365432739,0
3537,1093,0.4252629280090332,0
3537,3778,0.35671019554138184,0
3537,706,0.46847933530807495,0
3537,2866,0.40732961893081665,0
3537,2579,0.3929891884326935,0
3537,1988,0.3743389844894409,0
3537,381,0.39448925852775574,0
3537,3326,0.38893383741378784,0
3537,521,0.41321852803230286,0
3537,3011,0.37039971351623535,0
3537,905,0.4256772994995117,0
3537,3171,0.37761497497558594,0
90,90,0.505549430847168,1
90,382,0.39631935954093933,0
90,3314,0.3637075126171112,0
90,2584,0.38266152143478394,0
90,1042,0.39642688632011414,0
90,1176,0.374661386013031,0
90,2316,0.38026848435401917,0
90,4038,0.3787357807159424,0
90,1198,0.3911060392856598,0
90,512,0.4575141966342926,0
90,451,0.45014843344688416,0
90,2315,0.46574681997299194,0
90,254,0.37714439630508423,0
90,993,0.4030516743659973,0
90,2760,0.3825168013572693,0
90,1147,0.37935972213745117,0
90,981,0.4234638214111328,0
90,3877,0.3823264539241791,0
90,3216,0.3872825503349304,0
90,2409,0.3932346999645233,0
2134,2134,0.38393983244895935,1
2134,3070,0.3745562434196472,0
2134,3897,0.4515688121318817,0
2134,3810,0.3469051122665405,0
2134,1176,0.36315304040908813,0
2134,1842,0.3835342526435852,0
2134,1521,0.38496872782707214,0
2134,751,0.36682674288749695,0
2134,1129,0.3705264627933502,0
2134,3569,0.3756704330444336,0
2134,2817,0.37474191188812256,0
2134,540,0.36457163095474243,0
2134,3805,0.4048152267932892,0
2134,3546,0.3914985954761505,0
2134,3698,0.39183178544044495,0
2134,1540,0.3985387086868286,0
2134,3085,0.38225632905960083,0
2134,1265,0.42598021030426025,0
2134,514,0.3877658247947693,0
2134,740,0.38352179527282715,0
2432,2432,0.3966485857963562,1
2432,3607,0.41109734773635864,0
2432,1286,0.4269264340400696,0
2432,1547,0.437378466129303,0
2432,2319,0.46036988496780396,0
2432,997,0.4524388313293457,0
2432,2042,0.4108050763607025,0
2432,1600,0.4040321409702301,0
2432,88,0.41483789682388306,0
2432,774,0.3927273452281952,0
2432,2654,0.4039401113986969,0
2432,3016,0.4122079610824585,0
2432,472,0.3840324878692627,0
2432,552,0.3982006311416626,0
2432,979,0.37675511837005615,0
2432,4128,0.3555728793144226,0
2432,1526,0.3761466145515442,0
2432,2436,0.4038871228694916,0
2432,1321,0.41610705852508545,0
2432,2169,0.37123242020606995,0
391,391,0.3965737819671631,1
391,2680,0.36420026421546936,0
391,3744,0.37019649147987366,0
391,3128,0.3812127113342285,0
391,1712,0.4278126657009125,0
391,3772,0.3415099084377289,0
391,2959,0.3615894615650177,0
391,1797,0.3841916620731354,0
391,1723,0.41374024748802185,0
391,2556,0.36040347814559937,0
391,3020,0.39553967118263245,0
391,3375,0.3613990545272827,0
391,4154,0.3827197253704071,0
391,2829,0.33654287457466125,0
391,2113,0.39180201292037964,0
391,3045,0.3597007989883423,0
391,978,0.34318575263023376,0
391,3356,0.33730390667915344,0
391,2817,0.3808223009109497,0
391,829,0.36281412839889526,0
1313,1313,0.34911537170410156,1
1313,3467,0.3714739978313446,0
1313,1656,0.40672358870506287,0
1313,2079,0.41623201966285706,0
1313,157,0.38112184405326843,0
1313,3149,0.39524102210998535,0
1313,3033,0.3549291491508484,0
1313,1694,0.3548833429813385,0
1313,3522,0.405427485704422,0
1313,2563,0.3535519242286682,0
1313,709,0.35036763548851013,0
1313,1909,0.36815300583839417,0
1313,1267,0.46080297231674194,0
1313,436,0.3673493564128876,0
1313,127,0.3678961396217346,0
1313,1058,0.38253650069236755,0
1313,1806,0.4235343337059021,0
1313,675,0.42097604274749756,0
1313,916,0.4240384101867676,0
1313,1131,0.35898837447166443,0
1341,1341,0.3872096836566925,1
1341,3309,0.3768458068370819,0
1341,1306,0.4724356532096863,0
1341,935,0.37934398651123047,0
1341,2393,0.4201729893684387,0
1341,2224,0.3892732560634613,0
1341,818,0.3982846736907959,0
1341,2578,0.36656638979911804,0
1341,840,0.4009954035282135,0
1341,3761,0.38760340213775635,0
1341,2168,0.39395958185195923,0
1341,1931,0.3720620274543762,0
1341,4061,0.38002750277519226,0
1341,4007,0.3498033285140991,0
1341,1366,0.43386295437812805,0
1341,1933,0.4219203591346741,0
1341,71,0.4483591616153717,0
1341,2200,0.363643079996109,0
1341,2245,0.38054710626602173,0
1341,3333,0.4629790186882019,0
3177,3177,0.34781351685523987,1
3177,2302,0.3926727771759033,0
3177,4144,0.3826100528240204,0
3177,3857,0.41935595870018005,0
3177,1311,0.4074609577655792,0
3177,2014,0.40122190117836,0
3177,1221,0.3944278061389923,0
3177,1732,0.4834085702896118,0
3177,4077,0.3896702527999878,0
3177,1980,0.3602144718170166,0
3177,1696,0.3947111964225769,0
3177,1652,0.4188021719455719,0
3177,1063,0.39141228795051575,0
3177,2280,0.4087541997432709,0
3177,2258,0.4343282878398895,0
3177,2313,0.39299407601356506,0
3177,3409,0.3896057605743408,0
3177,1955,0.43343424797058105,0
3177,1330,0.43473491072654724,0
3177,2754,0.41092225909233093,0
3299,3299,0.3758185803890228,1
3299,526,0.46379873156547546,0
3299,1367,0.39184942841529846,0
3299,3047,0.35201260447502136,0
3299,2075,0.3686957359313965,0
3299,3856,0.3535557687282562,0
3299,1743,0.380878210067749,0
3299,1549,0.3534888029098511,0
3299,1295,0.36273878812789917,0
3299,279,0.38521215319633484,0
3299,2959,0.3561040163040161,0
3299,2314,0.3582092523574829,0
3299,3361,0.35193702578544617,0
3299,2435,0.3432469069957733,0
3299,371,0.3509853184223175,0
3299,748,0.36853256821632385,0
3299,2750,0.3910014033317566,0
3299,1871,0.4190564453601837,0
3299,1586,0.381778359413147,0
3299,4040,0.3575061857700348,0
1472,1472,0.3865196108818054,1
1472,1273,0.4076690673828125,0
1472,3171,0.3722025156021118,0
1472,217,0.3530498147010803,0
1472,1196,0.36957627534866333,0
1472,3749,0.3620964586734772,0
1472,2164,0.3699395954608917,0
1472,1079,0.40931829810142517,0
1472,3554,0.37201938033103943,0
1472,2625,0.3644603192806244,0
1472,163,0.39743486046791077,0
1472,3951,0.3555070459842682,0
1472,3039,0.3688295781612396,0
1472,2524,0.3717275857925415,0
1472,3647,0.3477008640766144,0
1472,3891,0.37348732352256775,0
1472,837,0.4351142942905426,0
1472,1564,0.3583567440509796,0
1472,3357,0.3936925232410431,0
1472,971,0.42298147082328796,0
2114,2114,0.42969268560409546,1
2114,3553,0.35130468010902405,0
2114,3998,0.3953148126602173,0
2114,3698,0.3642473518848419,0
2114,2685,0.3419128358364105,0
2114,414,0.3879232406616211,0
2114,1445,0.3584872782230377,0
2114,789,0.3559861183166504,0
2114,1948,0.38557761907577515,0
2114,1080,0.3913968801498413,0
2114,89,0.39943671226501465,0
2114,185,0.41795873641967773,0
2114,2553,0.41089552640914917,0
2114,1257,0.349100798368454,0
2114,1192,0.36315974593162537,0
2114,1263,0.4076986014842987,0
2114,1878,0.3656597137451172,0
2114,3760,0.3822801113128662,0
2114,2354,0.35161951184272766,0
2114,2455,0.34422433376312256,0
1871,1871,0.44559144973754883,1
1871,325,0.3887263536453247,0
1871,3421,0.418424516916275,0
1871,1966,0.44415467977523804,0
1871,1347,0.3615856170654297,0
1871,1823,0.39787036180496216,0
1871,3615,0.3760557174682617,0
1871,454,0.4317074418067932,0
1871,3446,0.3907475471496582,0
1871,1216,0.4019782245159149,0
1871,579,0.4422544836997986,0
1871,3784,0.3979783356189728,0
1871,651,0.41204991936683655,0
1871,2511,0.4381365478038788,0
1871,526,0.5228286385536194,0
1871,4178,0.39119598269462585,0
1871,1435,0.4055640399456024,0
1871,696,0.4587757885456085,0
1871,3207,0.39819276332855225,0
1871,830,0.4419177174568176,0
1288,1288,0.3773263394832611,1
1288,4104,0.3617092967033386,0
1288,406,0.4152321517467499,0
1288,3459,0.40344855189323425,0
1288,303,0.35123223066329956,0
1288,74,0.374245285987854,0
1288,1420,0.3856188654899597,0
1288,131,0.4247142970561981,0
1288,3616,0.38142818212509155,0
1288,3571,0.3619350790977478,0
1288,557,0.3689614236354828,0
1288,2427,0.3671446144580841,0
1288,1048,0.35417357087135315,0
1288,2544,0.3970937132835388,0
1288,2508,0.38422533869743347,0
1288,278,0.43529945611953735,0
1288,258,0.42837122082710266,0
1288,1335,0.3896423280239105,0
1288,4089,0.38561323285102844,0
1288,1948,0.38771724700927734,0
1861,1861,0.4229302406311035,1
1861,2185,0.3955686092376709,0
1861,2659,0.38430923223495483,0
1861,523,0.4106118679046631,0
1861,1227,0.4151989221572876,0
1861,589,0.37880635261535645,0
1861,4114,0.3608865737915039,0
1861,1396,0.39912885427474976,0
1861,48,0.3656120300292969,0
1861,3737,0.3612043261528015,0
1861,214,0.4421846568584442,0
1861,1975,0.39318880438804626,0
1861,124,0.40164080262184143,0
1861,3108,0.36326903104782104,0
1861,3721,0.37361037731170654,0
1861,2522,0.4763687252998352,0
1861,448,0.43013134598731995,0
1861,2263,0.41734814643859863,0
1861,1536,0.36740487813949585,0
1861,3751,0.3575322926044464,0
689,689,0.3152585029602051,1
689,2998,0.4504438638687134,0
689,2494,0.4065450131893158,0
689,3262,0.3592880070209503,0
689,4032,0.3934200406074524,0
689,2823,0.3757684528827667,0
689,1774,0.4003717303276062,0
689,1723,0.4066682457923889,0
689,133,0.4314679503440857,0
689,1553,0.35211071372032166,0
689,188,0.3522002696990967,0
689,2632,0.37033599615097046,0
689,2994,0.39042437076568604,0
689,2593,0.3954330384731293,0
689,2074,0.4283788204193115,0
689,1544,0.35934990644454956,0
689,3889,0.37996047735214233,0
689,4146,0.3464551866054535,0
689,2046,0.38147056102752686,0
689,1593,0.32705193758010864,0
961,961,0.4332570433616638,1
961,2126,0.4613417088985443,0
961,2549,0.45075851678848267,0
961,1445,0.3746970593929291,0
961,1803,0.3689841330051422,0
961,1736,0.3955058157444,0
961,1729,0.3837616443634033,0
961,2968,0.37944239377975464,0
961,673,0.3889564871788025,0
961,326,0.3913033902645111,0
961,3107,0.3796911835670471,0
961,3531,0.4083763062953949,0
961,1392,0.3915775418281555,0
961,4154,0.40454989671707153,0
961,1409,0.4038451611995697,0
961,914,0.3888700604438782,0
961,761,0.39625805616378784,0
961,744,0.39513903856277466,0
961,472,0.37060749530792236,0
961,1202,0.41618987917900085,0
36,36,0.4202178716659546,1
36,2847,0.3686434030532837,0
36,345,0.45860350131988525,0
36,2813,0.4077328145503998,0
36,339,0.35642826557159424,0
36,1269,0.35732629895210266,0
36,2275,0.3486727178096771,0
36,2268,0.45032086968421936,0
36,3265,0.43629154562950134,0
36,1550,0.4492066204547882,0
36,221,0.370952844619751,0
36,2703,0.3428329825401306,0
36,1607,0.3568553328514099,0
36,2375,0.45434343814849854,0
36,4096,0.3762401342391968,0
36,1907,0.4218616485595703,0
36,3135,0.381258487701416,0
36,3328,0.33799129724502563,0
36,1501,0.3741016387939453,0
36,2446,0.38332420587539673,0
290,290,0.3443596363067627,1
290,2303,0.40909165143966675,0
290,4123,0.3333894908428192,0
290,2865,0.36732110381126404,0
290,2717,0.3699539303779602,0
290,1642,0.34030014276504517,0
290,1933,0.38679182529449463,0
290,1308,0.3712305724620819,0
290,4075,0.36909982562065125,0
290,3200,0.36090749502182007,0
290,2578,0.35958677530288696,0
290,3645,0.35477083921432495,0
290,901,0.4491637051105499,0
290,2711,0.4101528525352478,0
290,2189,0.382198303937912,0
290,1476,0.3623264729976654,0
290,491,0.41090312600135803,0
290,1619,0.44311100244522095,0
290,369,0.3411485552787781,0
290,2948,0.35126805305480957,0
1559,1559,0.34928736090660095,1
1559,3776,0.3692183196544647,0
1559,71,0.40231651067733765,0
1559,2626,0.3460600674152374,0
1559,485,0.43703794479370117,0
1559,2246,0.4000513553619385,0
1559,1070,0.4030821621417999,0
1559,340,0.3673325181007385,0
1559,2672,0.43981504440307617,0
1559,3668,0.4065166711807251,0
1559,1112,0.3889579176902771,0
1559,1100,0.37087827920913696,0
1559,1329,0.37330663204193115,0
1559,4101,0.3771340250968933,0
1559,1437,0.35634130239486694,0
1559,4115,0.3526763617992401,0
1559,1283,0.39071252942085266,0
1559,1697,0.3886288106441498,0
1559,331,0.38523638248443604,0
1559,2666,0.3599514663219452,0
3192,3192,0.3695951998233795,1
3192,3798,0.36974209547042847,0
3192,112,0.42428597807884216,0
3192,2543,0.42901191115379333,0
3192,1377,0.38556307554244995,0
3192,1413,0.43662533164024353,0
3192,93,0.3976558446884155,0
3192,2689,0.36557334661483765,0
3192,484,0.39741766452789307,0
3192,2540,0.3666848838329315,0
3192,2565,0.37157267332077026,0
3192,1508,0.36201366782188416,0
3192,4086,0.34455209970474243,0
3192,714,0.3642657995223999,0
3192,1447,0.4416217505931854,0
3192,1092,0.37319064140319824,0
3192,620,0.3691932260990143,0
3192,1422,0.49687591195106506,0
3192,726,0.36184149980545044,0
3192,4080,0.3758721351623535,0
1198,1198,0.3769235908985138,1
1198,2803,0.3449839651584625,0
1198,686,0.3836100995540619,0
1198,3396,0.3684614300727844,0
1198,3384,0.3717324435710907,0
1198,1328,0.3448014259338379,0
1198,1060,0.38154852390289307,0
1198,4119,0.34841564297676086,0
1198,602,0.4027273952960968,0
1198,1844,0.4446564018726349,0
1198,2232,0.3712070882320404,0
1198,1208,0.36673954129219055,0
1198,2030,0.3884666860103607,0
1198,827,0.42473867535591125,0
1198,1027,0.3850709795951843,0
1198,2323,0.3681406080722809,0
1198,1119,0.3919758200645447,0
1198,3531,0.3881828784942627,0
1198,3773,0.38516202569007874,0
1198,2818,0.3653055727481842,0
2023,2023,0.3727138042449951,1
2023,2115,0.33609968423843384,0
2023,240,0.39034438133239746,0
2023,3797,0.37882086634635925,0
2023,3875,0.3772895634174347,0
2023,506,0.3681527078151703,0
2023,2249,0.39789554476737976,0
2023,839,0.4140097200870514,0
2023,2600,0.37661468982696533,0
2023,226,0.37341034412384033,0
2023,4085,0.3912574350833893,0
2023,3306,0.4174557328224182,0
2023,2269,0.35431504249572754,0
2023,2703,0.35609155893325806,0
2023,2529,0.3595086634159088,0
2023,4095,0.38360723853111267,0
2023,2679,0.40009596943855286,0
2023,1955,0.42007237672805786,0
2023,2502,0.3692534565925598,0
2023,2633,0.3689501881599426,0
1725,1725,0.42093855142593384,1
1725,2707,0.44783905148506165,0
1725,4044,0.3592211604118347,0
1725,2557,0.3753322660923004,0
1725,2340,0.3691754937171936,0
1725,955,0.3721490800380707,0
1725,1409,0.4196399748325348,0
1725,1187,0.36794570088386536,0
1725,1079,0.42951488494873047,0
1725,904,0.3822963535785675,0
1725,315,0.40971484780311584,0
1725,598,0.45505669713020325,0
1725,1955,0.4198056161403656,0
1725,3548,0.3875596225261688,0
1725,564,0.37148576974868774,0
1725,3689,0.3591121733188629,0
1725,410,0.4268184304237366,0
1725,1974,0.4327407479286194,0
1725,3130,0.38762304186820984,0
1725,3950,0.38137087225914,0
1356,1356,0.40576305985450745,1
1356,2669,0.3980034589767456,0
1356,2927,0.4369838535785675,0
1356,2763,0.3618341088294983,0
1356,235,0.43916428089141846,0
1356,1405,0.4184359908103943,0
1356,797,0.4428675174713135,0
1356,2822,0.38337892293930054,0
1356,1474,0.38775408267974854,0
1356,2250,0.3711753487586975,0
1356,1184,0.40544095635414124,0
1356,2527,0.392074316740036,0
1356,3384,0.3713558316230774,0
1356,29,0.4962235689163208,0
1356,3089,0.3804546594619751,0
1356,2748,0.3463716506958008,0
1356,766,0.4024215638637543,0
1356,2714,0.4021758437156677,0
1356,3928,0.3596119284629822,0
1356,1595,0.39327535033226013,0
3818,3818,0.35748291015625,1
3818,2790,0.40442147850990295,0
3818,890,0.41881054639816284,0
3818,851,0.4196978211402893,0
3818,1084,0.4270188510417938,0
3818,398,0.4227692484855652,0
3818,3879,0.36904364824295044,0
3818,2272,0.3772464692592621,0
3818,159,0.41623586416244507,0
3818,93,0.3946007788181305,0
3818,152,0.49277910590171814,0
3818,3871,0.3581388294696808,0
3818,3174,0.38042643666267395,0
3818,1025,0.4158083498477936,0
3818,1199,0.38707050681114197,0
3818,3969,0.3817639648914337,0
3818,3933,0.39227771759033203,0
3818,3822,0.3639402389526367,0
3818,3919,0.3492863178253174,0
3818,3095,0.3728044629096985,0
4148,4148,0.34272709488868713,1
4148,2472,0.37627553939819336,0
4148,1391,0.3626568913459778,0
4148,2130,0.38445889949798584,0
4148,3073,0.41095831990242004,0
4148,3137,0.41394364833831787,0
4148,4029,0.3409948945045471,0
4148,4048,0.4045197665691376,0
4148,1123,0.3475308120250702,0
4148,4114,0.3633953034877777,0
4148,3322,0.34853652119636536,0
4148,598,0.3852095305919647,0
4148,286,0.34575217962265015,0
4148,3461,0.4565585255622864,0
4148,3616,0.3614629805088043,0
4148,3575,0.3409739136695862,0
4148,480,0.491238534450531,0
4148,2467,0.384507417678833,0
4148,887,0.3523072302341461,0
4148,3765,0.3707944452762604,0
4085,4085,0.40041738748550415,1
4085,1590,0.3658117651939392,0
4085,770,0.3775399923324585,0
4085,1911,0.46052515506744385,0
4085,2642,0.37424328923225403,0
4085,2838,0.454202264547348,0
4085,3065,0.3528769314289093,0
4085,3508,0.36651405692100525,0
4085,3030,0.3862757086753845,0
4085,1061,0.4193021357059479,0
4085,1281,0.35148659348487854,0
4085,2697,0.36925894021987915,0
4085,1579,0.4238918125629425,0
4085,3017,0.3978818655014038,0
4085,2812,0.386257529258728,0
4085,620,0.3499075472354889,0
4085,2221,0.373554527759552,0
4085,1204,0.34606805443763733,0
4085,1903,0.3902643918991089,0
4085,3983,0.3612329065799713,0
3250,3250,0.34484779834747314,1
3250,2712,0.3735102117061615,0
3250,1135,0.4193305969238281,0
3250,2130,0.4001208245754242,0
3250,1299,0.3642011284828186,0
3250,818,0.3785925805568695,0
3250,1607,0.360626757144928,0
3250,1190,0.3475528359413147,0
3250,819,0.39609643816947937,0
3250,1322,0.408342182636261,0
3250,2853,0.3605913519859314,0
3250,525,0.35969939827919006,0
3250,1544,0.3613296449184418,0
3250,3960,0.366027295589447,0
3250,703,0.3963569104671478,0
3250,1623,0.37891846895217896,0
3250,1626,0.3582364022731781,0
3250,1289,0.36172598600387573,0
3250,1702,0.3711969554424286,0
3250,2621,0.3768552541732788,0
714,714,0.4263787567615509,1
714,49,0.38001471757888794,0
714,1670,0.4263093173503876,0
714,3262,0.3814146816730499,0
714,1159,0.45582783222198486,0
714,355,0.41630786657333374,0
714,1191,0.36633703112602234,0
714,1752,0.4114494025707245,0
714,2876,0.3993568420410156,0
714,1307,0.481573224067688,0
714,532,0.3947060704231262,0
714,3167,0.37292006611824036,0
714,3937,0.39425069093704224,0
714,2322,0.4129590094089508,0
714,2296,0.3892699182033539,0
714,3687,0.3837730586528778,0
714,2439,0.36234790086746216,0
714,4058,0.3770611584186554,0
714,1199,0.370846688747406,0
714,3845,0.3748125731945038,0
2657,2657,0.34510111808776855,1
2657,3776,0.34384024143218994,0
2657,1513,0.3713238835334778,0
2657,1762,0.34985512495040894,0
2657,622,0.36925750970840454,0
2657,1830,0.3809663653373718,0
2657,1355,0.3886691927909851,0
2657,608,0.39772364497184753,0
2657,425,0.3642970323562622,0
2657,2248,0.36454734206199646,0
2657,1174,0.37344950437545776,0
2657,977,0.3746901750564575,0
2657,1487,0.42649778723716736,0
2657,2662,0.3600345253944397,0
2657,777,0.420147180557251,0
2657,659,0.343117892742157,0
2657,1202,0.4590204358100891,0
2657,1615,0.3495963215827942,0
2657,3886,0.36154472827911377,0
2657,2668,0.35553592443466187,0
1534,1534,0.3965270221233368,1
1534,3550,0.3861018419265747,0
1534,2689,0.3689938485622406,0
1534,2048,0.34932249784469604,0
1534,4038,0.39032894372940063,0
1534,3005,0.384562224149704,0
1534,3736,0.3689979314804077,0
1534,691,0.424806147813797,0
1534,2110,0.41432347893714905,0
1534,4053,0.4679529368877411,0
1534,175,0.41838234663009644,0
1534,1216,0.40741828083992004,0
1534,2825,0.3866741359233856,0
1534,1490,0.3952525556087494,0
1534,191,0.41926589608192444,0
1534,4025,0.38888007402420044,0
1534,4120,0.3763308525085449,0
1534,1298,0.42464515566825867,0
1534,698,0.435028612613678,0
1534,3360,0.3833964169025421,0
1705,1705,0.38017964363098145,1
1705,1703,0.4613809883594513,0
1705,2078,0.4077250063419342,0
1705,3356,0.3875454366207123,0
1705,2249,0.4221263825893402,0
1705,946,0.3717208504676819,0
1705,1963,0.39106833934783936,0
1705,254,0.3628227710723877,0
1705,148,0.42260095477104187,0
1705,594,0.4334692358970642,0
1705,1378,0.42289891839027405,0
1705,724,0.3815300762653351,0
1705,268,0.4281403422355652,0
1705,4011,0.41849029064178467,0
1705,3158,0.4215499460697174,0
1705,1190,0.34875500202178955,0
1705,2904,0.3761303722858429,0
1705,1990,0.40073516964912415,0
1705,3010,0.4759048521518707,0
1705,1601,0.401618093252182,0
3058,3058,0.396467000246048,1
3058,4006,0.36813485622406006,0
3058,3654,0.43845757842063904,0
3058,2382,0.4119786024093628,0
3058,1927,0.3929436206817627,0
3058,1184,0.39739990234375,0
3058,288,0.4105954170227051,0
3058,837,0.45099344849586487,0
3058,3473,0.3971904218196869,0
3058,1876,0.4199463129043579,0
3058,811,0.4378199279308319,0
3058,3402,0.3926582634449005,0
3058,1508,0.3884425461292267,0
3058,1695,0.3651306629180908,0
3058,923,0.3728142976760864,0
3058,3120,0.3850889801979065,0
3058,985,0.36849451065063477,0
3058,2457,0.3546200394630432,0
3058,2257,0.3709709644317627,0
3058,468,0.4187653660774231,0
3426,3426,0.35044729709625244,1
3426,4101,0.39403674006462097,0
3426,3682,0.38647904992103577,0
3426,319,0.38599327206611633,0
3426,172,0.42356133460998535,0
3426,1418,0.41936102509498596,0
3426,1716,0.36990752816200256,0
3426,1549,0.3718516528606415,0
3426,2256,0.38911014795303345,0
3426,1744,0.3491884768009186,0
3426,243,0.38253363966941833,0
3426,4110,0.3800240457057953,0
3426,3234,0.3655102252960205,0
3426,3260,0.4032987952232361,0
3426,3376,0.386610746383667,0
3426,2879,0.3915606737136841,0
3426,2154,0.40648946166038513,0
3426,1958,0.37533169984817505,0
3426,2592,0.36943796277046204,0
3426,2049,0.40398648381233215,0
2901,2901,0.37462925910949707,1
2901,2573,0.3485032320022583,0
2901,2414,0.35007160902023315,0
2901,3216,0.3783619999885559,0
2901,2759,0.36638426780700684,0
2901,1940,0.372127503156662,0
2901,3085,0.3663364350795746,0
2901,258,0.40820229053497314,0
2901,3904,0.3614937663078308,0
2901,4024,0.3403039574623108,0
2901,3050,0.35523414611816406,0
2901,1433,0.38357406854629517,0
2901,2028,0.36866530776023865,0
2901,1534,0.3770352900028229,0
2901,858,0.3679865300655365,0
2901,3503,0.35529443621635437,0
2901,1492,0.42057377099990845,0
2901,3953,0.38598373532295227,0
2901,3434,0.37162935733795166,0
2901,180,0.36870497465133667,0
113,113,0.3744071424007416,1
113,3957,0.3363044261932373,0
113,2920,0.3249225616455078,0
113,3012,0.31791430711746216,0
113,1116,0.35670116543769836,0
113,2195,0.36336198449134827,0
113,67,0.3996224105358124,0
113,3817,0.363816499710083,0
113,945,0.3457527458667755,0
113,3,0.3853900134563446,0
113,2117,0.3747953474521637,0
113,3952,0.34192517399787903,0
113,3812,0.3597491979598999,0
113,4066,0.3408062756061554,0
113,668,0.3728622496128082,0
113,1309,0.35211607813835144,0
113,4062,0.34843122959136963,0
113,3879,0.34781497716903687,0
113,476,0.3324114978313446,0
113,382,0.3786848485469818,0
1675,1675,0.4302528500556946,1
1675,529,0.3703431189060211,0
1675,257,0.36293622851371765,0
1675,2268,0.48637333512306213,0
1675,2,0.36939504742622375,0
1675,385,0.5250470638275146,0
1675,3862,0.37831494212150574,0
1675,3094,0.3758857846260071,0
1675,1833,0.3942584991455078,0
1675,2964,0.36428043246269226,0
1675,3236,0.3680703639984131,0
1675,3709,0.3675810992717743,0
1675,2229,0.36761274933815,0
1675,100,0.39328518509864807,0
1675,1422,0.5043421983718872,0
1675,1618,0.3629510700702667,0
1675,2240,0.3738570213317871,0
1675,1247,0.388332337141037,0
1675,1923,0.39138445258140564,0
1675,2882,0.3684256076812744,0
3693,3693,0.34767261147499084,1
3693,3219,0.3950490355491638,0
3693,100,0.42326146364212036,0
3693,1685,0.3783186376094818,0
3693,798,0.3779102861881256,0
3693,3281,0.3516288995742798,0
3693,3071,0.3784622848033905,0
3693,172,0.4252680838108063,0
3693,490,0.41207370162010193,0
3693,2534,0.39391028881073,0
3693,2358,0.37072932720184326,0
3693,1539,0.45863521099090576,0
3693,1928,0.3840186595916748,0
3693,3144,0.39880409836769104,0
3693,1759,0.4003712236881256,0
3693,486,0.4377351701259613,0
3693,3926,0.37429505586624146,0
3693,1432,0.407483845949173,0
3693,831,0.42647355794906616,0
3693,2676,0.38334694504737854,0
3966,3966,0.33943137526512146,1
3966,2091,0.36340096592903137,0
3966,343,0.41643649339675903,0
3966,1155,0.4793369770050049,0
3966,3973,0.37736383080482483,0
3966,1194,0.3780548572540283,0
3966,1147,0.3699047267436981,0
3966,657,0.3707469701766968,0
3966,1494,0.3658529818058014,0
3966,3697,0.3764886260032654,0
3966,564,0.39492717385292053,0
3966,3645,0.35011184215545654,0
3966,2869,0.36126062273979187,0
3966,2269,0.3665620684623718,0
3966,339,0.3585502803325653,0
3966,3492,0.35767853260040283,0
3966,300,0.3788430392742157,0
3966,148,0.4008643329143524,0
3966,3441,0.41465431451797485,0
3966,3547,0.4086495041847229,0
2152,2152,0.39812278747558594,1
2152,522,0.37782904505729675,0
2152,3739,0.4313780665397644,0
2152,1359,0.3654375672340393,0
2152,1784,0.3615480661392212,0
2152,3930,0.3596029579639435,0
2152,411,0.43093135952949524,0
2152,1571,0.37894541025161743,0
2152,884,0.3575330972671509,0
2152,302,0.4545052647590637,0
2152,801,0.38585028052330017,0
2152,3098,0.4492192566394806,0
2152,2434,0.389840692281723,0
2152,1344,0.35160326957702637,0
2152,2647,0.38036012649536133,0
2152,2801,0.39314988255500793,0
2152,538,0.41020667552948,0
2152,3876,0.37843143939971924,0
2152,2125,0.3854563534259796,0
2152,590,0.48738598823547363,0
2456,2456,0.39617013931274414,1
2456,3797,0.3896317481994629,0
2456,3501,0.3820146322250366,0
2456,3467,0.3860199749469757,0
2456,2777,0.38343051075935364,0
2456,3942,0.3908465802669525,0
2456,555,0.3734305500984192,0
2456,2635,0.39072808623313904,0
2456,1045,0.4096640348434448,0
2456,3779,0.3584713339805603,0
2456,363,0.40217190980911255,0
2456,313,0.43351712822914124,0
2456,3972,0.36281564831733704,0
2456,360,0.3910953402519226,0
2456,3259,0.3886018395423889,0
2456,3609,0.3912637233734131,0
2456,3760,0.3746327757835388,0
2456,3,0.42840179800987244,0
2456,3485,0.3764915466308594,0
2456,1919,0.3591228127479553,0
3452,3452,0.3657461106777191,1
3452,2292,0.36056503653526306,0
3452,3384,0.3652919828891754,0
3452,895,0.3556654751300812,0
3452,3254,0.3823773264884949,0
3452,2291,0.3749864995479584,0
3452,3397,0.37194904685020447,0
3452,1062,0.368377149105072,0
3452,3712,0.3608400225639343,0
3452,977,0.3771094083786011,0
3452,1014,0.44120484590530396,0
3452,2938,0.45786815881729126,0
3452,2950,0.36530256271362305,0
3452,48,0.36378562450408936,0
3452,3444,0.3376310467720032,0
3452,2466,0.39366573095321655,0
3452,1708,0.4104393720626831,0
3452,2833,0.3796527683734894,0
3452,2158,0.3490477204322815,0
3452,2246,0.40396082401275635,0
159,159,0.4165211319923401,1
159,1941,0.40110835433006287,0
159,514,0.3714786469936371,0
159,1554,0.36571019887924194,0
159,1810,0.43724745512008667,0
159,1884,0.3909682333469391,0
159,2129,0.4125741720199585,0
159,1613,0.3657081127166748,0
159,2124,0.44190898537635803,0
159,2179,0.404697984457016,0
159,3212,0.3970256447792053,0
159,2075,0.40059730410575867,0
159,1993,0.388902872800827,0
159,100,0.4475499987602234,0
159,440,0.43855637311935425,0
159,628,0.38294023275375366,0
159,1823,0.3883526921272278,0
159,2658,0.40799593925476074,0
159,3198,0.4156825542449951,0
159,4109,0.3860273063182831,0
3501,3501,0.37232115864753723,1
3501,2119,0.3850622773170471,0
3501,933,0.3962743282318115,0
3501,3877,0.3744020462036133,0
3501,274,0.39028114080429077,0
3501,2132,0.3710406720638275,0
3501,2810,0.46478378772735596,0
3501,3179,0.33486494421958923,0
3501,2312,0.3579810559749603,0
3501,3965,0.38735318183898926,0
3501,259,0.4888227880001068,0
3501,3065,0.3503919243812561,0
3501,233,0.443349689245224,0
3501,1821,0.4126605987548828,0
3501,2514,0.40268924832344055,0
3501,4112,0.383680522441864,0
3501,1121,0.3643580973148346,0
3501,3365,0.3665889501571655,0
3501,3863,0.40179669857025146,0
3501,1578,0.38801899552345276,0
49,49,0.3806116580963135,1
49,3584,0.3756732642650604,0
49,819,0.42186370491981506,0
49,2929,0.3796321451663971,0
49,3952,0.37135544419288635,0
49,3145,0.39368999004364014,0
49,2255,0.3778086006641388,0
49,4157,0.3616577684879303,0
49,3504,0.4096929728984833,0
49,1254,0.37242797017097473,0
49,792,0.3856046199798584,0
49,1051,0.48337551951408386,0
49,2882,0.38664668798446655,0
49,426,0.3667113780975342,0
49,1637,0.40069711208343506,0
49,1518,0.42505472898483276,0
49,2992,0.38232696056365967,0
49,3561,0.3825397491455078,0
49,4077,0.3919698894023895,0
49,3305,0.3721177577972412,0
416,416,0.37940895557403564,1
416,53,0.418086975812912,0
416,1229,0.5581223964691162,0
416,2081,0.3726312816143036,0
416,3287,0.3965536057949066,0
416,3971,0.3814105689525604,0
416,419,0.373517781496048,0
416,705,0.36811622977256775,0
416,1740,0.40728560090065,0
416,3029,0.3962753713130951,0
416,3817,0.39116448163986206,0
416,4077,0.3847985565662384,0
416,2302,0.3809601068496704,0
416,3368,0.3935336768627167,0
416,2078,0.3786410093307495,0
416,904,0.39394229650497437,0
416,2718,0.3756355047225952,0
416,4114,0.3739873766899109,0
416,3464,0.373592734336853,0
416,3319,0.36032211780548096,0
785,785,0.38808053731918335,1
785,1877,0.4122667610645294,0
785,3871,0.35295310616493225,0
785,3203,0.37374114990234375,0
785,2085,0.35722872614860535,0
785,3415,0.36727428436279297,0
785,1931,0.3751985728740692,0
785,2825,0.3814105987548828,0
785,3066,0.42114168405532837,0
785,2156,0.38026162981987,0
785,1986,0.38386306166648865,0
785,2547,0.38109809160232544,0
785,942,0.3701023459434509,0
785,3669,0.3823031783103943,0
785,223,0.37822771072387695,0
785,3160,0.43994051218032837,0
785,3473,0.41021478176116943,0
785,430,0.4074542224407196,0
785,2503,0.38110342621803284,0
785,2009,0.40345045924186707,0
3103,3103,0.3770564794540405,1
3103,1732,0.4672170877456665,0
3103,609,0.4340720772743225,0
3103,4066,0.3736441433429718,0
3103,2743,0.38231581449508667,0
3103,2433,0.4009782671928406,0
3103,1621,0.37918561697006226,0
3103,483,0.40088951587677,0
3103,269,0.37873995304107666,0
3103,2987,0.40441811084747314,0
3103,3709,0.34989842772483826,0
3103,3300,0.3751903176307678,0
3103,286,0.4030158519744873,0
3103,177,0.37961965799331665,0
3103,3933,0.39695435762405396,0
3103,2407,0.5058802366256714,0
3103,4040,0.3716236352920532,0
3103,3623,0.38185250759124756,0
3103,3787,0.3601393401622772,0
3103,1858,0.3703206777572632,0
1531,1531,0.3751009404659271,1
1531,3302,0.39588114619255066,0
1531,1973,0.39701348543167114,0
1531,1443,0.4078216850757599,0
1531,787,0.4106352925300598,0
1531,220,0.4011484384536743,0
1531,2980,0.377515584230423,0
1531,1376,0.47895297408103943,0
1531,3458,0.4637344479560852,0
1531,1616,0.46500879526138306,0
1531,3942,0.3910384774208069,0
1531,3941,0.4703456461429596,0
1531,4014,0.3803233504295349,0
1531,2262,0.4819241464138031,0
1531,1972,0.395608127117157,0
1531,2706,0.3524157702922821,0
1531,139,0.42654117941856384,0
1531,979,0.3940117061138153,0
1531,1448,0.5167026519775391,0
1531,2248,0.40342220664024353,0
3916,3916,0.35889431834220886,1
3916,630,0.37525516748428345,0
3916,1831,0.5064534544944763,0
3916,258,0.3814207911491394,0
3916,4070,0.3669847548007965,0
3916,57,0.4000084698200226,0
3916,1985,0.37458571791648865,0
3916,1269,0.37541547417640686,0
3916,160,0.4172942042350769,0
3916,2584,0.3806001842021942,0
3916,3837,0.3957505226135254,0
3916,3249,0.39090001583099365,0
3916,748,0.38054022192955017,0
3916,1161,0.3609599769115448,0
3916,3167,0.37367725372314453,0
3916,1703,0.4698264002799988,0
3916,531,0.3838445246219635,0
3916,1217,0.4244135618209839,0
3916,3745,0.4211883246898651,0
3916,479,0.48451757431030273,0
3267,3267,0.41345781087875366,1
3267,980,0.37243813276290894,0
3267,1597,0.3746146857738495,0
3267,3609,0.3939790725708008,0
3267,970,0.4011676013469696,0
3267,643,0.4100663363933563,0
3267,2200,0.36813944578170776,0
3267,427,0.44435036182403564,0
3267,2002,0.36814919114112854,0
3267,1107,0.4284282624721527,0
3267,2646,0.37031492590904236,0
3267,2742,0.4413096010684967,0
3267,3149,0.43671125173568726,0
3267,297,0.41620033979415894,0
3267,2770,0.37459099292755127,0
3267,318,0.5083237290382385,0
3267,1207,0.38071390986442566,0
3267,632,0.39623236656188965,0
3267,269,0.37079912424087524,0
3267,1678,0.3675348460674286,0
1466,1466,0.34811076521873474,1
1466,2899,0.38973814249038696,0
1466,1574,0.42511218786239624,0
1466,2107,0.36499351263046265,0
1466,3335,0.33608993887901306,0
1466,184,0.3956623673439026,0
1466,666,0.3622879683971405,0
1466,1757,0.37032100558280945,0
1466,583,0.38282233476638794,0
1466,2887,0.34016919136047363,0
1466,3123,0.34036684036254883,0
1466,861,0.3600561022758484,0
1466,1545,0.3342110514640808,0
1466,4172,0.36585626006126404,0
1466,2058,0.35419440269470215,0
1466,1238,0.35336029529571533,0
1466,2127,0.34295177459716797,0
1466,1880,0.3900139033794403,0
1466,682,0.40897029638290405,0
1466,769,0.35937976837158203,0
3238,3238,0.3768511414527893,1
3238,3686,0.3915886878967285,0
3238,2496,0.4030665457248688,0
3238,966,0.44451257586479187,0
3238,934,0.39274853467941284,0
3238,2321,0.4248519539833069,0
3238,576,0.3671766519546509,0
3238,3106,0.4907397925853729,0
3238,1670,0.39762425422668457,0
3238,121,0.39261138439178467,0
3238,1204,0.34789735078811646,0
3238,1276,0.40518227219581604,0
3238,4111,0.36430904269218445,0
3238,1747,0.47109949588775635,0
3238,1754,0.39072829484939575,0
3238,366,0.39746105670928955,0
3238,26,0.4073163568973541,0
3238,3003,0.405936598777771,0
3238,2272,0.3712901175022125,0
3238,2383,0.3792906403541565,0
2082,2082,0.3798351585865021,1
2082,3327,0.3486766219139099,0
2082,3933,0.36243003606796265,0
2082,2520,0.3815235495567322,0
2082,664,0.3353358209133148,0
2082,1171,0.38037019968032837,0
2082,3364,0.3467996120452881,0
2082,825,0.35738903284072876,0
2082,569,0.3639976382255554,0
2082,3790,0.3518112301826477,0
2082,2326,0.3900870084762573,0
2082,3192,0.351542592048645,0
2082,3797,0.3727531433105469,0
2082,2135,0.3584643602371216,0
2082,1408,0.4033603072166443,0
2082,2605,0.35087376832962036,0
2082,3442,0.34326839447021484,0
2082,3927,0.35358548164367676,0
2082,2808,0.36362048983573914,0
2082,3744,0.3559289872646332,0
2048,2048,0.36011815071105957,1
2048,279,0.4030056297779083,0
2048,3049,0.386726051568985,0
2048,2125,0.40126997232437134,0
2048,4051,0.39488112926483154,0
2048,1236,0.3790116608142853,0
2048,2281,0.3578543961048126,0
2048,461,0.4595349431037903,0
2048,3695,0.38663965463638306,0
2048,4118,0.38326674699783325,0
2048,1301,0.4018890857696533,0
2048,1493,0.3980399966239929,0
2048,3062,0.37209099531173706,0
2048,2702,0.4225330948829651,0
2048,1049,0.4459010362625122,0
2048,1838,0.41569119691848755,0
2048,951,0.419910728931427,0
2048,1135,0.41309553384780884,0
2048,1242,0.39654436707496643,0
2048,3944,0.39277249574661255,0
3620,3620,0.36360442638397217,1
3620,3748,0.38009119033813477,0
3620,2920,0.3365180492401123,0
3620,341,0.3998100757598877,0
3620,3191,0.3950134515762329,0
3620,3415,0.3756760358810425,0
3620,3624,0.3689159154891968,0
3620,2818,0.3755766451358795,0
3620,517,0.5036864280700684,0
3620,425,0.39096978306770325,0
3620,2464,0.33807373046875,0
3620,2486,0.4871819019317627,0
3620,288,0.43195706605911255,0
3620,1471,0.4169243574142456,0
3620,249,0.5027895569801331,0
3620,2849,0.3882647752761841,0
3620,2871,0.46111252903938293,0
3620,3831,0.37727823853492737,0
3620,1208,0.36984768509864807,0
3620,3585,0.3690392076969147,0
264,264,0.40991801023483276,1
264,2949,0.3690278232097626,0
264,3877,0.3745090663433075,0
264,3456,0.3845735192298889,0
264,2959,0.3547435700893402,0
264,576,0.36949875950813293,0
264,65,0.3912796378135681,0
264,585,0.3868565261363983,0
264,1813,0.36562585830688477,0
264,1764,0.3448008596897125,0
264,1577,0.4039815068244934,0
264,3250,0.35171258449554443,0
264,2608,0.35617396235466003,0
264,1503,0.3457583785057068,0
264,1611,0.38667187094688416,0
264,3227,0.3605237603187561,0
264,1199,0.3638903796672821,0
264,3648,0.35621213912963867,0
264,1135,0.3871856927871704,0
264,2198,0.3541114628314972,0
370,370,0.385798841714859,1
370,285,0.35377037525177,0
370,2547,0.37400686740875244,0
370,2607,0.37603211402893066,0
370,3142,0.37617143988609314,0
370,661,0.4219198524951935,0
370,1974,0.447654128074646,0
370,3477,0.39555829763412476,0
370,305,0.37490570545196533,0
370,263,0.35645878314971924,0
370,1844,0.4233299195766449,0
370,4147,0.4079556465148926,0
370,3917,0.3787643611431122,0
370,2079,0.41321322321891785,0
370,652,0.4380965232849121,0
370,3638,0.36639678478240967,0
370,1477,0.44586169719696045,0
370,3780,0.3573271930217743,0
370,2039,0.36261898279190063,0
370,3365,0.3793824017047882,0
2685,2685,0.3483535647392273,1
2685,1350,0.36170992255210876,0
2685,1557,0.42730140686035156,0
2685,2994,0.4055519104003906,0
2685,819,0.3896515965461731,0
2685,2821,0.3769652545452118,0
2685,1686,0.3719619810581207,0
2685,2800,0.3916313946247101,0
2685,2107,0.36020606756210327,0
2685,3017,0.40074026584625244,0
2685,3131,0.3578740954399109,0
2685,292,0.3783324360847473,0
2685,2391,0.35945451259613037,0
2685,897,0.389692485332489,0
2685,2243,0.4018506109714508,0
2685,4080,0.3776246905326843,0
2685,785,0.3593809902667999,0
2685,1944,0.3979206085205078,0
2685,259,0.49292320013046265,0
2685,1829,0.3957953453063965,0
477,477,0.3799002468585968,1
477,686,0.39984411001205444,0
477,368,0.3847445547580719,0
477,1519,0.35891255736351013,0
477,3917,0.3473597764968872,0
477,2525,0.3929930329322815,0
477,4003,0.3697836697101593,0
477,2074,0.434878408908844,0
477,3528,0.37830376625061035,0
477,2827,0.37398380041122437,0
477,3529,0.38504165410995483,0
477,4084,0.4237349033355713,0
477,1872,0.3632872402667999,0
477,3646,0.39291173219680786,0
477,661,0.4154319763183594,0
477,2211,0.3483113944530487,0
477,38,0.4206485152244568,0
477,2269,0.378170371055603,0
477,3780,0.37562990188598633,0
477,2941,0.39773860573768616,0
1780,1780,0.3683473765850067,1
1780,4120,0.36390167474746704,0
1780,880,0.396353542804718,0
1780,636,0.35255685448646545,0
1780,3515,0.3715360760688782,0
1780,3494,0.3798866271972656,0
1780,3017,0.4426466226577759,0
1780,1001,0.4717867970466614,0
1780,2969,0.38629743456840515,0
1780,281,0.4169689118862152,0
1780,1507,0.37137356400489807,0
1780,2043,0.3591221272945404,0
1780,2923,0.4057367742061615,0
1780,2000,0.3766030967235565,0
1780,1333,0.36321672797203064,0
1780,660,0.44630756974220276,0
1780,3508,0.37675541639328003,0
1780,32,0.3629924952983856,0
1780,2807,0.4237268567085266,0
1780,3354,0.3905201852321625,0
1719,1719,0.350592702627182,1
1719,1298,0.4080997705459595,0
1719,2333,0.3941904306411743,0
1719,2293,0.3501042127609253,0
1719,2652,0.39895129203796387,0
1719,438,0.36214521527290344,0
1719,1980,0.3631942868232727,0
1719,1945,0.38281822204589844,0
1719,822,0.35795432329177856,0
1719,603,0.39277228713035583,0
1719,2387,0.47541558742523193,0
1719,3716,0.3699532151222229,0
1719,2332,0.3805626630783081,0
1719,4104,0.36753126978874207,0
1719,282,0.4268457293510437,0
1719,2866,0.42514732480049133,0
1719,512,0.45006898045539856,0
1719,378,0.4162687361240387,0
1719,342,0.4341186285018921,0
1719,2735,0.352908194065094,0
4096,4096,0.37414777278900146,1
4096,2842,0.3797992765903473,0
4096,874,0.42846253514289856,0
4096,2812,0.3824448883533478,0
4096,1972,0.3808637261390686,0
4096,2935,0.37255311012268066,0
4096,581,0.4127745032310486,0
4096,3725,0.3828234374523163,0
4096,3364,0.35905829071998596,0
4096,3163,0.38401854038238525,0
4096,1225,0.4373323321342468,0
4096,3270,0.3697703778743744,0
4096,124,0.40616872906684875,0
4096,3707,0.3787651062011719,0
4096,1215,0.4292638599872589,0
4096,2539,0.43421024084091187,0
4096,1129,0.37264519929885864,0
4096,4083,0.3474845290184021,0
4096,1476,0.3794180750846863,0
4096,281,0.4164569079875946,0
4005,4005,0.39807382225990295,1
4005,3877,0.387236088514328,0
4005,347,0.3959965407848358,0
4005,1273,0.39149925112724304,0
4005,2003,0.38389647006988525,0
4005,3103,0.41961807012557983,0
4005,1481,0.41622108221054077,0
4005,1786,0.40969741344451904,0
4005,3461,0.46408960223197937,0
4005,465,0.3643496036529541,0
4005,490,0.38997921347618103,0
4005,1760,0.3965364992618561,0
4005,591,0.39390507340431213,0
4005,1217,0.42973679304122925,0
4005,226,0.3648025393486023,0
4005,748,0.3901629149913788,0
4005,2827,0.34228911995887756,0
4005,1522,0.3772719204425812,0
4005,1792,0.41042178869247437,0
4005,3407,0.34274744987487793,0
540,540,0.348249226808548,1
540,881,0.41297897696495056,0
540,3297,0.35979700088500977,0
540,1408,0.44061195850372314,0
540,1831,0.506403386592865,0
540,3939,0.3774259090423584,0
540,3021,0.3471437394618988,0
540,4163,0.3460860252380371,0
540,3434,0.37075939774513245,0
540,1944,0.41129133105278015,0
540,1134,0.3627125024795532,0
540,2579,0.4069061875343323,0
540,781,0.42071834206581116,0
540,847,0.37101390957832336,0
540,2202,0.3501910865306854,0
540,2303,0.42906469106674194,0
540,659,0.34940192103385925,0
540,1029,0.3708744943141937,0
540,3823,0.4000670313835144,0
540,3530,0.366482138633728,0
949,949,0.3733653724193573,1
949,773,0.4130869507789612,0
949,2457,0.3786434531211853,0
949,1071,0.4201837182044983,0
949,3797,0.3749963045120239,0
949,3242,0.35194525122642517,0
949,4074,0.40988653898239136,0
949,71,0.413398802280426,0
949,489,0.4271125793457031,0
949,2937,0.38603338599205017,0
949,1744,0.3502083420753479,0
949,3032,0.4464452266693115,0
949,356,0.3954165279865265,0
949,1030,0.39164239168167114,0
949,2387,0.4504775404930115,0
949,1301,0.39765307307243347,0
949,3464,0.3660643696784973,0
949,2909,0.3850671052932739,0
949,2977,0.36956191062927246,0
949,2955,0.3843419551849365,0
2986,2986,0.3995063304901123,1
2986,2525,0.36878031492233276,0
2986,464,0.37127137184143066,0
2986,622,0.3728014826774597,0
2986,3650,0.3540477454662323,0
2986,2857,0.3690069317817688,0
2986,3666,0.33438998460769653,0
2986,2247,0.4430151581764221,0
2986,959,0.3806397318840027,0
2986,1131,0.35011816024780273,0
2986,573,0.3811454176902771,0
2986,1527,0.4206653833389282,0
2986,2371,0.3827841579914093,0
2986,2908,0.37327298521995544,0
2986,1766,0.3832646310329437,0
2986,2682,0.37570488452911377,0
2986,1771,0.3354550898075104,0
2986,814,0.3991318345069885,0
2986,3104,0.3536151647567749,0
2986,3727,0.3835766911506653,0
427,427,0.4167346954345703,1
427,2294,0.3752377927303314,0
427,2488,0.42969369888305664,0
427,3187,0.3977739214897156,0
427,3992,0.36370813846588135,0
427,980,0.3647077977657318,0
427,2799,0.34872016310691833,0
427,754,0.4386034309864044,0
427,3728,0.39196303486824036,0
427,2215,0.37754198908805847,0
427,1214,0.38878360390663147,0
427,295,0.35122957825660706,0
427,2470,0.3590155243873596,0
427,3351,0.36149635910987854,0
427,1969,0.3881821632385254,0
427,3279,0.38926705718040466,0
427,667,0.4380122423171997,0
427,3881,0.38281479477882385,0
427,858,0.376466304063797,0
427,3799,0.36042600870132446,0
1384,1384,0.3942100405693054,1
1384,1193,0.4237998127937317,0
1384,2921,0.3776809573173523,0
1384,1501,0.38655585050582886,0
1384,1904,0.3697941303253174,0
1384,1126,0.3715691566467285,0
1384,798,0.3790711760520935,0
1384,4016,0.3621174395084381,0
1384,710,0.36704689264297485,0
1384,524,0.4064062535762787,0
1384,2998,0.4420166015625,0
1384,400,0.39540889859199524,0
1384,1418,0.3976376950740814,0
1384,2773,0.40975987911224365,0
1384,1473,0.3863547444343567,0
1384,2381,0.3756304085254669,0
1384,1457,0.40180504322052,0
1384,3508,0.37668922543525696,0
1384,2520,0.41987448930740356,0
1384,1354,0.40539321303367615,0
628,628,0.33725979924201965,1
628,1547,0.4027183949947357,0
628,3780,0.3257680833339691,0
628,2168,0.35531437397003174,0
628,3627,0.3608252704143524,0
628,3535,0.334594190120697,0
628,1969,0.35403117537498474,0
628,3414,0.3532143533229828,0
628,2018,0.38785216212272644,0
628,2909,0.3690878748893738,0
628,3853,0.36912801861763,0
628,416,0.33285555243492126,0
628,2401,0.3579654395580292,0
628,2830,0.3669968545436859,0
628,2647,0.37384915351867676,0
628,2896,0.3730677664279938,0
628,3481,0.3865797817707062,0
628,1264,0.35187414288520813,0
628,3102,0.34297072887420654,0
628,2903,0.32751914858818054,0
2316,2316,0.34588247537612915,1
2316,62,0.365985244512558,0
2316,1013,0.3591715693473816,0
2316,3600,0.37558111548423767,0
2316,1672,0.36337506771087646,0
2316,1895,0.3901538550853729,0
2316,1205,0.37320640683174133,0
2316,1652,0.40443485975265503,0
2316,3948,0.3681471347808838,0
2316,133,0.39773622155189514,0
2316,2219,0.3761979937553406,0
2316,3424,0.3535321354866028,0
2316,3095,0.35732847452163696,0
2316,1064,0.34064027667045593,0
2316,1155,0.4947678744792938,0
2316,3360,0.35044288635253906,0
2316,2410,0.3564319610595703,0
2316,917,0.35890939831733704,0
2316,1221,0.4097925126552582,0
2316,111,0.3620566725730896,0
2263,2263,0.4489665627479553,1
2263,187,0.4531431198120117,0
2263,1243,0.4554746150970459,0
2263,2010,0.39308977127075195,0
2263,1899,0.42993825674057007,0
2263,1061,0.43017613887786865,0
2263,2514,0.4218159317970276,0
2263,3603,0.38902896642684937,0
2263,3824,0.3884265720844269,0
2263,1090,0.47572454810142517,0
2263,991,0.38097354769706726,0
2263,2880,0.3861696720123291,0
2263,4,0.3777081370353699,0
2263,3136,0.3729090392589569,0
2263,222,0.3857029974460602,0
2263,3173,0.4034869968891144,0
2263,3199,0.3837606608867645,0
2263,3544,0.36420145630836487,0
2263,3371,0.38126522302627563,0
2263,4168,0.3916172683238983,0
3257,3257,0.4249095618724823,1
3257,2230,0.3758111000061035,0
3257,1441,0.43929797410964966,0
3257,4071,0.37022942304611206,0
3257,380,0.4056236147880554,0
3257,1668,0.3793048560619354,0
3257,398,0.3968280255794525,0
3257,3445,0.35724154114723206,0
3257,3404,0.4505482316017151,0
3257,1690,0.3512047529220581,0
3257,2084,0.3596004843711853,0
3257,824,0.3739601969718933,0
3257,1454,0.3803606331348419,0
3257,1275,0.3782114088535309,0
3257,1166,0.34993693232536316,0
3257,2002,0.347416490316391,0
3257,489,0.4343578517436981,0
3257,4012,0.3652748763561249,0
3257,2707,0.41657641530036926,0
3257,3552,0.3983767628669739,0
2305,2305,0.3456372618675232,1
2305,136,0.42853105068206787,0
2305,1496,0.380212664604187,0
2305,2698,0.36386486887931824,0
2305,248,0.39304062724113464,0
2305,767,0.39225253462791443,0
2305,1472,0.4013843834400177,0
2305,91,0.31853920221328735,0
2305,1030,0.39787590503692627,0
2305,3086,0.32892781496047974,0
2305,2670,0.4371418356895447,0
2305,3506,0.381904274225235,0
2305,2963,0.3533896505832672,0
2305,81,0.39887526631355286,0
2305,3974,0.3510913550853729,0
2305,2066,0.3791133165359497,0
2305,3637,0.36449098587036133,0
2305,3836,0.31889045238494873,0
2305,1069,0.36831820011138916,0
2305,1987,0.34949249029159546,0
1976,1976,0.3924662470817566,1
1976,3287,0.3822096288204193,0
1976,2037,0.3484930992126465,0
1976,2369,0.3942919969558716,0
1976,3529,0.37543150782585144,0
1976,408,0.41250866651535034,0
1976,1243,0.416951984167099,0
1976,4023,0.3724730908870697,0
1976,2834,0.3491501212120056,0
1976,3379,0.3790518641471863,0
1976,1349,0.370604544878006,0
1976,3706,0.39267370104789734,0
1976,151,0.3746579885482788,0
1976,998,0.39235982298851013,0
1976,2431,0.35954374074935913,0
1976,2678,0.38210442662239075,0
1976,315,0.40039604902267456,0
1976,1283,0.38712936639785767,0
1976,507,0.3758963346481323,0
1976,3991,0.39245399832725525,0
2342,2342,0.367809921503067,1
2342,339,0.3563719391822815,0
2342,3825,0.36235523223876953,0
2342,1153,0.34080052375793457,0
2342,3581,0.3588152229785919,0
2342,1224,0.3629426956176758,0
2342,4167,0.3477005958557129,0
2342,1470,0.37077513337135315,0
2342,935,0.36437803506851196,0
2342,532,0.37155282497406006,0
2342,1961,0.3748156726360321,0
2342,362,0.3805408179759979,0
2342,135,0.3910869061946869,0
2342,1300,0.3673483431339264,0
2342,3348,0.37335318326950073,0
2342,204,0.3968947231769562,0
2342,883,0.3840593993663788,0
2342,2287,0.35679569840431213,0
2342,3107,0.3607739508152008,0
2342,4083,0.3355848491191864,0
3614,3614,0.35949257016181946,1
3614,3029,0.35786017775535583,0
3614,2377,0.416488915681839,0
3614,2178,0.36172857880592346,0
3614,2851,0.3517375886440277,0
3614,2972,0.3913761079311371,0
3614,2481,0.36751431226730347,0
3614,40,0.38719606399536133,0
3614,1342,0.3477122187614441,0
3614,2668,0.34948015213012695,0
3614,802,0.38861560821533203,0
3614,862,0.3828152120113373,0
3614,933,0.3770177960395813,0
3614,1920,0.4123612940311432,0
3614,1256,0.3480169177055359,0
3614,4076,0.3648008406162262,0
3614,2274,0.39023321866989136,0
3614,368,0.3613339364528656,0
3614,2832,0.3696686327457428,0
3614,3561,0.36493706703186035,0
2426,2426,0.352317214012146,1
2426,252,0.4191778004169464,0
2426,204,0.3586067855358124,0
2426,936,0.3922579884529114,0
2426,3612,0.3383195996284485,0
2426,1927,0.3448413014411926,0
2426,2456,0.3740512430667877,0
2426,338,0.40747612714767456,0
2426,3126,0.32689011096954346,0
2426,3256,0.3799843192100525,0
2426,608,0.3831406533718109,0
2426,3524,0.3789193630218506,0
2426,2839,0.3466554880142212,0
2426,4170,0.34807151556015015,0
2426,2884,0.3292310833930969,0
2426,266,0.3419264256954193,0
2426,3576,0.3731127083301544,0
2426,673,0.35752955079078674,0
2426,2940,0.3620763421058655,0
2426,34,0.3291059136390686,0
2459,2459,0.36590349674224854,1
2459,751,0.35462385416030884,0
2459,83,0.3878090977668762,0
2459,2701,0.4258289635181427,0
2459,232,0.3920968770980835,0
2459,854,0.4066270589828491,0
2459,1031,0.4193307161331177,0
2459,63,0.43543440103530884,0
2459,1550,0.41025832295417786,0
2459,485,0.453764408826828,0
2459,1913,0.396405428647995,0
2459,2297,0.47140753269195557,0
2459,487,0.38094836473464966,0
2459,3795,0.35381457209587097,0
2459,2582,0.41054150462150574,0
2459,1137,0.37334123253822327,0
2459,2388,0.3969639241695404,0
2459,85,0.3852880895137787,0
2459,2392,0.4465838670730591,0
2459,4024,0.353198766708374,0
3436,3436,0.36268150806427,1
3436,1053,0.37206125259399414,0
3436,1042,0.390384703874588,0
3436,1302,0.42554447054862976,0
3436,3306,0.4319421648979187,0
3436,1829,0.3927841782569885,0
3436,2856,0.382637619972229,0
3436,2726,0.37338748574256897,0
3436,1828,0.41945475339889526,0
3436,3000,0.36562734842300415,0
3436,628,0.3634694218635559,0
3436,3065,0.36640921235084534,0
3436,3423,0.4161437153816223,0
3436,1874,0.3821529746055603,0
3436,3737,0.3795931339263916,0
3436,1909,0.3832854628562927,0
3436,2231,0.40101301670074463,0
3436,1038,0.364606112241745,0
3436,2140,0.37964746356010437,0
3436,21,0.4054321050643921,0
3528,3528,0.37084582448005676,1
3528,1499,0.35871586203575134,0
3528,46,0.4397152066230774,0
3528,3046,0.37661606073379517,0
3528,3864,0.34950166940689087,0
3528,265,0.41399070620536804,0
3528,1696,0.3879850506782532,0
3528,3348,0.3838004767894745,0
3528,703,0.42345333099365234,0
3528,2557,0.383028507232666,0
3528,2595,0.39691704511642456,0
3528,2251,0.3663901388645172,0
3528,3043,0.3940533995628357,0
3528,3418,0.3431728780269623,0
3528,386,0.3575640320777893,0
3528,2793,0.3850635588169098,0
3528,2772,0.3737088739871979,0
3528,176,0.40649545192718506,0
3528,493,0.3919944167137146,0
3528,4052,0.3532596230506897,0
3884,3884,0.3728647828102112,1
3884,247,0.3775475025177002,0
3884,1735,0.35225653648376465,0
3884,2667,0.44205063581466675,0
3884,2417,0.38250619173049927,0
3884,1971,0.4147750735282898,0
3884,1848,0.43667924404144287,0
3884,1171,0.4116171598434448,0
3884,4098,0.4179832637310028,0
3884,1243,0.43894901871681213,0
3884,3164,0.4011644124984741,0
3884,4070,0.3749605417251587,0
3884,2097,0.34204477071762085,0
3884,1382,0.36008748412132263,0
3884,3489,0.40341076254844666,0
3884,1782,0.3791530728340149,0
3884,3968,0.3858641982078552,0
3884,4106,0.37396326661109924,0
3884,3661,0.35931384563446045,0
3884,771,0.4226576089859009,0
2723,2723,0.3923196792602539,1
2723,1867,0.39816316962242126,0
2723,3764,0.35613298416137695,0
2723,2817,0.3764554560184479,0
2723,669,0.37357819080352783,0
2723,3423,0.4020107388496399,0
2723,488,0.36899447441101074,0
2723,929,0.3883606791496277,0
2723,1922,0.36495476961135864,0
2723,511,0.385060578584671,0
2723,4145,0.37497419118881226,0
2723,3534,0.38109731674194336,0
2723,229,0.44524091482162476,0
2723,352,0.37510985136032104,0
2723,3555,0.3696581721305847,0
2723,4135,0.39502689242362976,0
2723,444,0.3924654424190521,0
2723,3899,0.3510502278804779,0
2723,1901,0.39320021867752075,0
2723,662,0.3852141499519348,0
110,110,0.3851158320903778,1
110,2621,0.36177000403404236,0
110,1541,0.4067477881908417,0
110,3750,0.36038336157798767,0
110,3417,0.3774387538433075,0
110,1773,0.38345327973365784,0
110,760,0.40288835763931274,0
110,397,0.448321133852005,0
110,3685,0.34242013096809387,0
110,2751,0.3488399386405945,0
110,989,0.40512901544570923,0
110,3210,0.38496339321136475,0
110,1038,0.34280332922935486,0
110,441,0.3503863513469696,0
110,68,0.35727551579475403,0
110,1926,0.4269894063472748,0
110,3454,0.3625287413597107,0
110,4111,0.34208065271377563,0
110,2105,0.3729097545146942,0
110,2641,0.3764931261539459,0
188,188,0.3481679856777191,1
188,2781,0.36054813861846924,0
188,2703,0.3588294982910156,0
188,3043,0.3890378773212433,0
188,1663,0.42161431908607483,0
188,1453,0.3652302622795105,0
188,3148,0.3646950125694275,0
188,1941,0.3909910023212433,0
188,615,0.383552223443985,0
188,1342,0.35763707756996155,0
188,2940,0.3928995132446289,0
188,595,0.39492371678352356,0
188,689,0.3459709584712982,0
188,466,0.4678858518600464,0
188,1882,0.3546774983406067,0
188,3753,0.38082173466682434,0
188,1948,0.4033009707927704,0
188,392,0.5042904019355774,0
188,2121,0.35442015528678894,0
188,183,0.350685715675354,0
1168,1168,0.3365006148815155,1
1168,1686,0.3629547953605652,0
1168,3102,0.3581940829753876,0
1168,1815,0.3867354691028595,0
1168,4176,0.3480054438114166,0
1168,2507,0.37915167212486267,0
1168,1452,0.3648248612880707,0
1168,3038,0.35922613739967346,0
1168,1320,0.3920959532260895,0
1168,1363,0.3568534851074219,0
1168,3008,0.3623386025428772,0
1168,1101,0.3938924968242645,0
1168,788,0.3683069050312042,0
1168,877,0.3649430572986603,0
1168,1277,0.4150446951389313,0
1168,3703,0.32810696959495544,0
1168,227,0.3402833938598633,0
1168,3907,0.33818113803863525,0
1168,3965,0.3598179817199707,0
1168,2846,0.35055768489837646,0
764,764,0.37431082129478455,1
764,4044,0.37612804770469666,0
764,3501,0.384678453207016,0
764,3702,0.38204115629196167,0
764,194,0.39623647928237915,0
764,1894,0.41558533906936646,0
764,401,0.49488189816474915,0
764,2978,0.37898123264312744,0
764,40,0.39687177538871765,0
764,1846,0.3940173387527466,0
764,2714,0.393391489982605,0
764,169,0.4206710159778595,0
764,2356,0.44460636377334595,0
764,2647,0.4170280396938324,0
764,3670,0.4124574065208435,0
764,3953,0.405509889125824,0
764,1000,0.4196053147315979,0
764,2692,0.42306819558143616,0
764,3610,0.4074747860431671,0
764,3326,0.4356570541858673,0
681,681,0.34864410758018494,1
681,2788,0.3631262481212616,0
681,3349,0.33230429887771606,0
681,835,0.4101090431213379,0
681,3821,0.36791425943374634,0
681,258,0.3810495436191559,0
681,3595,0.3270809054374695,0
681,3721,0.37303489446640015,0
681,3607,0.36803001165390015,0
681,4156,0.3510356843471527,0
681,986,0.35751473903656006,0
681,2493,0.3384009003639221,0
681,3506,0.36978083848953247,0
681,1665,0.35957959294319153,0
681,1661,0.39731577038764954,0
681,3311,0.3488127589225769,0
681,2283,0.3595134913921356,0
681,2322,0.3730028569698334,0
681,2604,0.34919506311416626,0
681,3158,0.3794294595718384,0
1685,1685,0.3678860068321228,1
1685,524,0.39569091796875,0
1685,378,0.3991609811782837,0
1685,463,0.3826151192188263,0
1685,138,0.4712245762348175,0
1685,281,0.4043464958667755,0
1685,3073,0.39412227272987366,0
1685,2614,0.4096928536891937,0
1685,1987,0.33245912194252014,0
1685,53,0.39277946949005127,0
1685,3272,0.36822590231895447,0
1685,3687,0.3938049376010895,0
1685,1460,0.39555490016937256,0
1685,3966,0.35619446635246277,0
1685,3076,0.38306310772895813,0
1685,2004,0.37132617831230164,0
1685,1706,0.45803624391555786,0
1685,3995,0.35382455587387085,0
1685,624,0.4001566171646118,0
1685,3769,0.4023740589618683,0
1225,1225,0.42460179328918457,1
1225,1474,0.3705047070980072,0
1225,374,0.3595154881477356,0
1225,1287,0.40023931860923767,0
1225,4129,0.35339677333831787,0
1225,2661,0.391509085893631,0
1225,1566,0.4109925925731659,0
1225,490,0.39502671360969543,0
1225,3,0.3779911994934082,0
1225,1417,0.3512054979801178,0
1225,921,0.3875266909599304,0
1225,257,0.3448077440261841,0
1225,4041,0.35978108644485474,0
1225,546,0.3454206585884094,0
1225,594,0.3807533085346222,0
1225,181,0.37883666157722473,0
1225,3586,0.3595719337463379,0
1225,2751,0.34558743238449097,0
1225,522,0.3452915549278259,0
1225,1205,0.37508875131607056,0
1848,1848,0.426808625459671,1
1848,4131,0.36568978428840637,0
1848,3182,0.43979454040527344,0
1848,2513,0.35667335987091064,0
1848,4022,0.3579730987548828,0
1848,2098,0.3754533529281616,0
1848,2924,0.396721750497818,0
1848,2888,0.39139288663864136,0
1848,1293,0.365416020154953,0
1848,1708,0.42873889207839966,0
1848,3745,0.4314746856689453,0
1848,1518,0.44888728857040405,0
1848,759,0.39918002486228943,0
1848,2113,0.4048658311367035,0
1848,444,0.41116857528686523,0
1848,137,0.3807700574398041,0
1848,53,0.4104824662208557,0
1848,1726,0.39454492926597595,0
1848,308,0.4480142593383789,0
1848,2219,0.38550204038619995,0
3419,3419,0.35761758685112,1
3419,2601,0.37367111444473267,0
3419,3603,0.3683745563030243,0
3419,2819,0.38572174310684204,0
3419,1345,0.37752944231033325,0
3419,2268,0.44097188115119934,0
3419,4095,0.3819181025028229,0
3419,723,0.364727258682251,0
3419,697,0.5025542378425598,0
3419,3757,0.37943965196609497,0
3419,1400,0.38952940702438354,0
3419,611,0.35974112153053284,0
3419,4109,0.362513929605484,0
3419,1758,0.34877604246139526,0
3419,241,0.3678744435310364,0
3419,880,0.4024358093738556,0
3419,2145,0.3614494800567627,0
3419,4124,0.3720299005508423,0
3419,2247,0.4926440119743347,0
3419,2500,0.37358757853507996,0
3157,3157,0.384053498506546,1
3157,32,0.3696523904800415,0
3157,4050,0.3776141107082367,0
3157,351,0.3617425858974457,0
3157,2342,0.3599473834037781,0
3157,3519,0.4066350758075714,0
3157,2048,0.3479801416397095,0
3157,1893,0.3686162233352661,0
3157,1868,0.37814855575561523,0
3157,4120,0.36277249455451965,0
3157,3695,0.36176007986068726,0
3157,2513,0.36008039116859436,0
3157,3958,0.35775208473205566,0
3157,2468,0.36412757635116577,0
3157,709,0.3551969826221466,0
3157,954,0.3750549256801605,0
3157,1685,0.3736374080181122,0
3157,1782,0.3741969168186188,0
3157,388,0.42633190751075745,0
3157,655,0.37241047620773315,0
1079,1079,0.4105076491832733,1
1079,1904,0.3705374598503113,0
1079,902,0.4612099230289459,0
1079,3197,0.38606566190719604,0
1079,3399,0.37417274713516235,0
1079,1471,0.39634305238723755,0
1079,426,0.3607906699180603,0
1079,2890,0.37008434534072876,0
1079,3080,0.3737582862377167,0
1079,477,0.3731869161128998,0
1079,2795,0.40393632650375366,0
1079,3659,0.3809766173362732,0
1079,3526,0.37232959270477295,0
1079,132,0.4168849587440491,0
1079,1801,0.3640017509460449,0
1079,170,0.4184292256832123,0
1079,2761,0.38213279843330383,0
1079,373,0.3641813099384308,0
1079,2985,0.378156453371048,0
1079,1197,0.4494902193546295,0
585,585,0.3882720470428467,1
585,2335,0.45639339089393616,0
585,391,0.38384220004081726,0
585,3979,0.37027108669281006,0
585,2429,0.3703865110874176,0
585,174,0.36693936586380005,0
585,3298,0.3642030358314514,0
585,3700,0.3569931387901306,0
585,569,0.38551977276802063,0
585,3781,0.35429105162620544,0
585,1535,0.456784188747406,0
585,2754,0.3971899747848511,0
585,1569,0.3791537880897522,0
585,1576,0.399232417345047,0
585,4126,0.35975027084350586,0
585,1257,0.3553684651851654,0
585,4071,0.38980817794799805,0
585,3918,0.3572658896446228,0
585,3195,0.34978607296943665,0
585,3641,0.37257835268974304,0
2059,2059,0.3993970453739166,1
2059,682,0.420613557100296,0
2059,763,0.5061575174331665,0
2059,910,0.33765631914138794,0
2059,1345,0.3758842349052429,0
2059,1924,0.34843888878822327,0
2059,1729,0.36736035346984863,0
2059,1852,0.3709927797317505,0
2059,2610,0.34218496084213257,0
2059,1581,0.3617052733898163,0
2059,1273,0.40184882283210754,0
2059,1087,0.35495370626449585,0
2059,3127,0.38435909152030945,0
2059,867,0.4096546769142151,0
2059,724,0.37997573614120483,0
2059,568,0.41119226813316345,0
2059,45,0.37031692266464233,0
2059,2223,0.40947216749191284,0
2059,1923,0.38275378942489624,0
2059,2093,0.4328051209449768,0
1213,1213,0.36335378885269165,1
1213,3217,0.39299026131629944,0
1213,383,0.4058099687099457,0
1213,3945,0.3722003102302551,0
1213,3207,0.3857116401195526,0
1213,819,0.42718765139579773,0
1213,1237,0.37038367986679077,0
1213,2130,0.43066009879112244,0
1213,2844,0.3922758102416992,0
1213,3997,0.4051676392555237,0
1213,1339,0.3706817328929901,0
1213,990,0.3870026767253876,0
1213,781,0.45917999744415283,0
1213,163,0.4452725648880005,0
1213,1230,0.39882153272628784,0
1213,2207,0.352695107460022,0
1213,2536,0.37325119972229004,0
1213,4086,0.37695643305778503,0
1213,1810,0.41770392656326294,0
1213,2734,0.3511369526386261,0
2932,2932,0.3698054850101471,1
2932,273,0.37920862436294556,0
2932,2695,0.3885411024093628,0
2932,3470,0.3740137815475464,0
2932,50,0.37292590737342834,0
2932,326,0.3927750587463379,0
2932,666,0.39054355025291443,0
2932,4017,0.3711227476596832,0
2932,3440,0.3633914589881897,0
2932,299,0.48242151737213135,0
2932,198,0.44551706314086914,0
2932,2661,0.4078386425971985,0
2932,1313,0.34280312061309814,0
2932,3957,0.36266952753067017,0
2932,2844,0.37678995728492737,0
2932,3624,0.36472153663635254,0
2932,1645,0.35984909534454346,0
2932,2275,0.35982686281204224,0
2932,154,0.4337477385997772,0
2932,144,0.3596927225589752,0
381,381,0.41401803493499756,1
381,2777,0.35396137833595276,0
381,692,0.3619559109210968,0
381,3221,0.35044246912002563,0
381,2755,0.3983175456523895,0
381,2575,0.43550384044647217,0
381,1976,0.38916003704071045,0
381,601,0.4363565742969513,0
381,1839,0.4202026128768921,0
381,1264,0.3463558852672577,0
381,1074,0.3985481858253479,0
381,456,0.3567381799221039,0
381,1005,0.35140159726142883,0
381,4101,0.3813418447971344,0
381,2557,0.38225260376930237,0
381,2173,0.3848150074481964,0
381,3354,0.37943676114082336,0
381,3392,0.34723401069641113,0
381,2637,0.39132487773895264,0
381,2270,0.37596848607063293,0
3089,3089,0.38677045702934265,1
3089,2460,0.44699516892433167,0
3089,1491,0.38221514225006104,0
3089,149,0.39203861355781555,0
3089,1315,0.4603986144065857,0
3089,1685,0.36948463320732117,0
3089,102,0.46024689078330994,0
3089,1459,0.4425203502178192,0
3089,2211,0.3730505406856537,0
3089,3850,0.4254940450191498,0
3089,926,0.37459009885787964,0
3089,1748,0.4772995114326477,0
3089,2195,0.3938868045806885,0
3089,1847,0.38497763872146606,0
3089,92,0.3892761468887329,0
3089,3906,0.39234277606010437,0
3089,1986,0.3992037773132324,0
3089,3531,0.40812212228775024,0
3089,2799,0.3619338274002075,0
3089,3659,0.39595404267311096,0
777,777,0.4255043566226959,1
777,1517,0.4510953724384308,0
777,2084,0.3721841871738434,0
777,1121,0.37239861488342285,0
777,993,0.3409259617328644,0
777,2612,0.3964639902114868,0
777,1521,0.3840348422527313,0
777,2228,0.400272935628891,0
777,3143,0.383540540933609,0
777,2675,0.4410880208015442,0
777,1278,0.45779532194137573,0
777,3441,0.4381166100502014,0
777,3350,0.4228317141532898,0
777,41,0.38551583886146545,0
777,3049,0.402538537979126,0
777,1769,0.4161231517791748,0
777,1894,0.4285205006599426,0
777,427,0.4205946624279022,0
777,2739,0.4216262102127075,0
777,669,0.3799687922000885,0
1473,1473,0.39934298396110535,1
1473,1381,0.41917768120765686,0
1473,362,0.39403122663497925,0
1473,4021,0.3418534994125366,0
1473,1266,0.396198570728302,0
1473,1987,0.35978156328201294,0
1473,3521,0.3564218580722809,0
1473,1229,0.5224046111106873,0
1473,2269,0.37161552906036377,0
1473,1391,0.3626243472099304,0
1473,1270,0.3754609227180481,0
1473,1426,0.43482860922813416,0
1473,3367,0.46849164366722107,0
1473,679,0.36895090341567993,0
1473,1252,0.345227986574173,0
1473,205,0.41062918305397034,0
1473,3557,0.3721245527267456,0
1473,806,0.38466644287109375,0
1473,188,0.36047524213790894,0
1473,4093,0.3570234775543213,0
3888,3888,0.3645470440387726,1
3888,1271,0.43973731994628906,0
3888,134,0.4044030010700226,0
3888,2784,0.36801961064338684,0
3888,830,0.44422852993011475,0
3888,1042,0.37395232915878296,0
3888,2755,0.41260337829589844,0
3888,2854,0.3560643792152405,0
3888,3784,0.40655234456062317,0
3888,2519,0.421039879322052,0
3888,3758,0.34798315167427063,0
3888,516,0.42589592933654785,0
3888,3136,0.37306535243988037,0
3888,37,0.41934841871261597,0
3888,1545,0.34478458762168884,0
3888,1452,0.38548189401626587,0
3888,982,0.42601481080055237,0
3888,926,0.3762347996234894,0
3888,1792,0.4370235502719879,0
3888,677,0.3328067660331726,0
1152,1152,0.4301247000694275,1
1152,3271,0.4062388241291046,0
1152,3401,0.42127537727355957,0
1152,1486,0.38912665843963623,0
1152,2691,0.40091049671173096,0
1152,3961,0.3909541070461273,0
1152,10,0.38055935502052307,0
1152,1150,0.3829079270362854,0
1152,2371,0.41004395484924316,0
1152,3513,0.3790614604949951,0
1152,586,0.5068379044532776,0
1152,801,0.37279924750328064,0
1152,387,0.49171775579452515,0
1152,669,0.3913119435310364,0
1152,617,0.3707129657268524,0
1152,4170,0.39447399973869324,0
1152,3447,0.37406474351882935,0
1152,1144,0.4983762800693512,0
1152,3052,0.416320264339447,0
1152,2845,0.3848535716533661,0
903,903,0.40659406781196594,1
903,3966,0.3296138346195221,0
903,1649,0.3671802878379822,0
903,1238,0.3541889786720276,0
903,85,0.39276042580604553,0
903,3490,0.36330389976501465,0
903,1326,0.4055042266845703,0
903,264,0.38877272605895996,0
903,3734,0.3467997908592224,0
903,948,0.3298605680465698,0
903,1312,0.4279293417930603,0
903,3455,0.3736105263233185,0
903,1048,0.3440062403678894,0
903,4174,0.3457077145576477,0
903,2110,0.3682655394077301,0
903,745,0.36644038558006287,0
903,2117,0.39648309350013733,0
903,1836,0.4349503815174103,0
903,2031,0.38453662395477295,0
903,4053,0.40444180369377136,0
4064,4064,0.40122583508491516,1
4064,2673,0.3533397912979126,0
4064,45,0.3583199381828308,0
4064,1126,0.36257287859916687,0
4064,1330,0.38653817772865295,0
4064,1775,0.34275513887405396,0
4064,988,0.3493000864982605,0
4064,2456,0.41551703214645386,0
4064,2889,0.3593039810657501,0
4064,3095,0.3597906231880188,0
4064,3470,0.3430722951889038,0
4064,1759,0.3725993037223816,0
4064,1555,0.36770907044410706,0
4064,995,0.35282576084136963,0
4064,715,0.3566628098487854,0
4064,2733,0.37713178992271423,0
4064,2594,0.3865901827812195,0
4064,3588,0.37770822644233704,0
4064,3672,0.36161524057388306,0
4064,3182,0.4055899977684021,0
3516,3516,0.36019614338874817,1
3516,4148,0.3312705159187317,0
3516,1475,0.3967888653278351,0
3516,2461,0.33733853697776794,0
3516,1851,0.3742964267730713,0
3516,1911,0.40109485387802124,0
3516,3234,0.358041375875473,0
3516,4059,0.3843083381652832,0
3516,2631,0.5354909300804138,0
3516,2560,0.3532935082912445,0
3516,1721,0.35696202516555786,0
3516,4073,0.37344321608543396,0
3516,2257,0.36528274416923523,0
3516,3443,0.402332067489624,0
3516,1200,0.41223978996276855,0
3516,2655,0.3622635304927826,0
3516,3150,0.3403036892414093,0
3516,3988,0.3413946330547333,0
3516,3871,0.35414454340934753,0
3516,1607,0.35462912917137146,0
1017,1017,0.3856068253517151,1
1017,2858,0.3737208843231201,0
1017,2531,0.3901551365852356,0
1017,3470,0.3652920722961426,0
1017,689,0.33914369344711304,0
1017,360,0.39799579977989197,0
1017,2523,0.39686158299446106,0
1017,206,0.36209437251091003,0
1017,2318,0.4809955656528473,0
1017,695,0.45422521233558655,0
1017,3738,0.36131855845451355,0
1017,2111,0.45375892519950867,0
1017,3733,0.3922279179096222,0
1017,1307,0.4587627947330475,0
1017,2253,0.3826637268066406,0
1017,2569,0.39738112688064575,0
1017,989,0.41299721598625183,0
1017,2484,0.35256046056747437,0
1017,508,0.3948460519313812,0
1017,706,0.48195379972457886,0
1115,1115,0.3621254861354828,1
1115,240,0.4025450348854065,0
1115,3297,0.3756323456764221,0
1115,2036,0.4975627064704895,0
1115,686,0.3997461795806885,0
1115,4177,0.3702392280101776,0
1115,2765,0.3907183110713959,0
1115,2272,0.38575929403305054,0
1115,2046,0.41462239623069763,0
1115,1683,0.4148434102535248,0
1115,4098,0.41431498527526855,0
1115,3109,0.35975193977355957,0
1115,128,0.38544952869415283,0
1115,2881,0.46396109461784363,0
1115,2807,0.4166266918182373,0
1115,3239,0.3878895044326782,0
1115,1352,0.3910488188266754,0
1115,123,0.39560291171073914,0
1115,1210,0.3534435033798218,0
1115,765,0.41960787773132324,0
3160,3160,0.4463183581829071,1
3160,114,0.42484980821609497,0
3160,1245,0.3637540936470032,0
3160,2655,0.35935553908348083,0
3160,660,0.47659990191459656,0
3160,1656,0.3860970139503479,0
3160,33,0.3903053104877472,0
3160,3496,0.3377271294593811,0
3160,4143,0.3694531321525574,0
3160,75,0.4601340591907501,0
3160,1457,0.38538658618927,0
3160,397,0.4296649694442749,0
3160,94,0.44020605087280273,0
3160,663,0.35325807332992554,0
3160,959,0.3732590079307556,0
3160,3199,0.3563581705093384,0
3160,367,0.39770686626434326,0
3160,3255,0.36915266513824463,0
3160,1011,0.374747097492218,0
3160,2130,0.42511680722236633,0
1036,1036,0.43399113416671753,1
1036,1703,0.44746649265289307,0
1036,2474,0.39864468574523926,0
1036,3480,0.37025755643844604,0
1036,3781,0.3561343550682068,0
1036,1931,0.3927672803401947,0
1036,2371,0.4108203947544098,0
1036,2377,0.417020320892334,0
1036,3317,0.40576374530792236,0
1036,2077,0.365753173828125,0
1036,1541,0.41710519790649414,0
1036,3133,0.41259288787841797,0
1036,1836,0.4715540409088135,0
1036,809,0.37427106499671936,0
1036,4177,0.3794723153114319,0
1036,2263,0.42440739274024963,0
1036,3962,0.39437246322631836,0
1036,1259,0.4173271358013153,0
1036,2928,0.41176581382751465,0
1036,2150,0.3891419768333435,0
2650,2650,0.3618888854980469,1
2650,1700,0.37801623344421387,0
2650,1133,0.4057380259037018,0
2650,355,0.36745181679725647,0
2650,1057,0.35761237144470215,0
2650,1850,0.38064447045326233,0
2650,3598,0.3461635708808899,0
2650,3840,0.3578006625175476,0
2650,2112,0.3500449061393738,0
2650,4084,0.394461065530777,0
2650,1286,0.40189796686172485,0
2650,339,0.33712247014045715,0
2650,1466,0.3520520031452179,0
2650,1616,0.4071478545665741,0
2650,75,0.42641234397888184,0
2650,663,0.3380316197872162,0
2650,3559,0.37360596656799316,0
2650,4095,0.36917904019355774,0
2650,3788,0.36209577322006226,0
2650,2746,0.36951252818107605,0
1900,1900,0.38880735635757446,1
1900,1237,0.39478784799575806,0
1900,2057,0.3723169267177582,0
1900,1949,0.3883599638938904,0
1900,767,0.41684654355049133,0
1900,1533,0.3997168242931366,0
1900,1704,0.4684494733810425,0
1900,1483,0.36634397506713867,0
1900,241,0.3963531255722046,0
1900,3922,0.4000784158706665,0
1900,322,0.3970969319343567,0
1900,821,0.4825173020362854,0
1900,1792,0.44888484477996826,0
1900,3605,0.37939727306365967,0
1900,1286,0.4438367486000061,0
1900,3151,0.37696775794029236,0
1900,1156,0.42560476064682007,0
1900,2865,0.3875601887702942,0
1900,2860,0.3895416259765625,0
1900,134,0.3996489942073822,0
617,617,0.36344775557518005,1
617,1035,0.4321432411670685,0
617,3474,0.3567793369293213,0
617,850,0.3806540071964264,0
617,2305,0.353760689496994,0
617,1520,0.4525374174118042,0
617,1126,0.3753648102283478,0
617,1181,0.38684797286987305,0
617,3873,0.38890382647514343,0
617,1393,0.4140971004962921,0
617,4107,0.39777958393096924,0
617,1345,0.4002010226249695,0
617,3415,0.3769037127494812,0
617,505,0.4241552948951721,0
617,1683,0.39434340596199036,0
617,3836,0.3611726760864258,0
617,1475,0.3992762267589569,0
617,2699,0.4907592535018921,0
617,2938,0.45128297805786133,0
617,1317,0.3441413640975952,0
820,820,0.35597947239875793,1
820,646,0.396584689617157,0
820,1751,0.4167565703392029,0
820,2568,0.377971351146698,0
820,1483,0.3709169328212738,0
820,607,0.36839359998703003,0
820,3552,0.41780686378479004,0
820,171,0.45120561122894287,0
820,2200,0.3701920211315155,0
820,3410,0.3878415524959564,0
820,4096,0.39526158571243286,0
820,3947,0.3842841684818268,0
820,4155,0.3910464644432068,0
820,550,0.3700414001941681,0
820,3395,0.4084363877773285,0
820,668,0.3891880214214325,0
820,448,0.44429367780685425,0
820,967,0.3756982088088989,0
820,873,0.37601104378700256,0
820,1394,0.3855741024017334,0
205,205,0.3912685811519623,1
205,126,0.3911453187465668,0
205,822,0.3536573648452759,0
205,740,0.4209206700325012,0
205,1200,0.42442786693573,0
205,261,0.3769907057285309,0
205,2909,0.3665083050727844,0
205,1894,0.40943726897239685,0
205,2657,0.3573272228240967,0
205,909,0.40254974365234375,0
205,2165,0.3722181022167206,0
205,3351,0.3609589636325836,0
205,1989,0.3869207799434662,0
205,1442,0.41129520535469055,0
205,3090,0.398293137550354,0
205,1781,0.36611831188201904,0
205,1934,0.35676145553588867,0
205,852,0.4797205924987793,0
205,2467,0.3843223452568054,0
205,1478,0.3560367226600647,0
821,821,0.4450433850288391,1
821,901,0.445927232503891,0
821,432,0.42126965522766113,0
821,4038,0.37693920731544495,0
821,3220,0.3893143832683563,0
821,3641,0.37665826082229614,0
821,765,0.4247898459434509,0
821,2302,0.38290148973464966,0
821,649,0.5195645093917847,0
821,3640,0.36092084646224976,0
821,2892,0.37377816438674927,0
821,4059,0.3874954581260681,0
821,3356,0.38471493124961853,0
821,532,0.3995310664176941,0
821,1650,0.42409154772758484,0
821,3064,0.3468003273010254,0
821,380,0.4437165856361389,0
821,2958,0.3798723518848419,0
821,2489,0.48155713081359863,0
821,3654,0.42463135719299316,0
738,738,0.4032883048057556,1
738,395,0.4122350513935089,0
738,2220,0.3743876814842224,0
738,76,0.4518158733844757,0
738,1675,0.4372907876968384,0
738,898,0.4156945049762726,0
738,248,0.41762542724609375,0
738,684,0.39523279666900635,0
738,2582,0.42557036876678467,0
738,2347,0.38035619258880615,0
738,3903,0.3569912612438202,0
738,2089,0.3895394504070282,0
738,1028,0.4109411835670471,0
738,301,0.40837976336479187,0
738,3749,0.38416802883148193,0
738,2283,0.37641480565071106,0
738,80,0.41359975934028625,0
738,1218,0.3989182710647583,0
738,1999,0.39854997396469116,0
738,836,0.4220840036869049,0
1920,1920,0.420657217502594,1
1920,1007,0.4084424376487732,0
1920,591,0.3903297483921051,0
1920,1713,0.3980882465839386,0
1920,749,0.4239315092563629,0
1920,1866,0.3898230791091919,0
1920,2850,0.37341928482055664,0
1920,3754,0.3789370656013489,0
1920,1208,0.38242805004119873,0
1920,3735,0.3581770062446594,0
1920,3804,0.37904849648475647,0
1920,2835,0.38445499539375305,0
1920,4040,0.361767441034317,0
1920,2111,0.4485072195529938,0
1920,2806,0.431855708360672,0
1920,1801,0.363475501537323,0
1920,3625,0.3779042661190033,0
1920,884,0.35443586111068726,0
1920,2676,0.37295618653297424,0
1920,41,0.37378668785095215,0
984,984,0.3623138666152954,1
984,2887,0.3698994517326355,0
984,924,0.4140383303165436,0
984,2216,0.4104995131492615,0
984,398,0.4131108522415161,0
984,3242,0.3330003023147583,0
984,2258,0.41387325525283813,0
984,3407,0.360877126455307,0
984,3158,0.39421936869621277,0
984,1375,0.41353511810302734,0
984,3734,0.34897568821907043,0
984,578,0.40326207876205444,0
984,748,0.3777892589569092,0
984,84,0.4432124197483063,0
984,1364,0.3961591124534607,0
984,2626,0.3366490602493286,0
984,2550,0.36583206057548523,0
984,1634,0.4545573592185974,0
984,3817,0.3837835192680359,0
984,772,0.42714738845825195,0
1426,1426,0.4076603055000305,1
1426,329,0.39945706725120544,0
1426,1292,0.38437098264694214,0
1426,109,0.36472395062446594,0
1426,3402,0.37519949674606323,0
1426,2639,0.4024893641471863,0
1426,2573,0.34264230728149414,0
1426,207,0.47375181317329407,0
1426,357,0.38107284903526306,0
1426,3898,0.39298075437545776,0
1426,1360,0.37713146209716797,0
1426,2427,0.35229092836380005,0
1426,3548,0.354961097240448,0
1426,694,0.3820714056491852,0
1426,2083,0.39114606380462646,0
1426,2541,0.4061095416545868,0
1426,3955,0.34186697006225586,0
1426,3730,0.3655158281326294,0
1426,1144,0.4616253674030304,0
1426,1928,0.3766217529773712,0
2102,2102,0.34302401542663574,1
2102,2637,0.4132680594921112,0
2102,3814,0.4306809902191162,0
2102,3812,0.3658517599105835,0
2102,2167,0.36589160561561584,0
2102,2358,0.36549070477485657,0
2102,245,0.3626686930656433,0
2102,2221,0.3854037821292877,0
2102,2950,0.3654143214225769,0
2102,825,0.3705612123012543,0
2102,2799,0.3508828282356262,0
2102,999,0.3569099009037018,0
2102,436,0.36940109729766846,0
2102,3585,0.3596194386482239,0
2102,2160,0.3830685317516327,0
2102,1675,0.40095826983451843,0
2102,88,0.3891083598136902,0
2102,269,0.3626413643360138,0
2102,507,0.3730347752571106,0
2102,2544,0.38768452405929565,0
2845,2845,0.3676045835018158,1
2845,681,0.3871377110481262,0
2845,3871,0.3679277300834656,0
2845,3916,0.3646632730960846,0
2845,39,0.3823302388191223,0
2845,3420,0.3551015853881836,0
2845,3266,0.3584836423397064,0
2845,1048,0.36660730838775635,0
2845,3822,0.3480561673641205,0
2845,664,0.3582648038864136,0
2845,2957,0.41498681902885437,0
2845,1777,0.39973121881484985,0
2845,4091,0.37967610359191895,0
2845,3468,0.369475394487381,0
2845,2832,0.37255942821502686,0
2845,624,0.4068320095539093,0
2845,2296,0.404655396938324,0
2845,3071,0.38638949394226074,0
2845,3470,0.37707024812698364,0
2845,2054,0.4053612947463989,0
3109,3109,0.37023237347602844,1
3109,718,0.44585078954696655,0
3109,3654,0.44027823209762573,0
3109,24,0.41277095675468445,0
3109,1356,0.4289824366569519,0
3109,122,0.4492699205875397,0
3109,1926,0.4818847179412842,0
3109,922,0.4831109941005707,0
3109,1712,0.45794880390167236,0
3109,3006,0.39037472009658813,0
3109,3730,0.39163750410079956,0
3109,1022,0.40018269419670105,0
3109,3683,0.4394550919532776,0
3109,437,0.4440198242664337,0
3109,3838,0.40050068497657776,0
3109,1841,0.4449723958969116,0
3109,3131,0.381679892539978,0
3109,177,0.45598796010017395,0
3109,3057,0.404705286026001,0
3109,1579,0.4628698229789734,0
2637,2637,0.41579169034957886,1
2637,1361,0.3896035850048065,0
2637,3162,0.36244043707847595,0
2637,2377,0.44597434997558594,0
2637,2491,0.39664793014526367,0
2637,3095,0.3634132742881775,0
2637,3383,0.3613468408584595,0
2637,2134,0.3498789072036743,0
2637,3881,0.3861503601074219,0
2637,1909,0.3731948435306549,0
2637,2055,0.39116746187210083,0
2637,2610,0.3685220777988434,0
2637,2774,0.41856324672698975,0
2637,1174,0.3828284442424774,0
2637,1970,0.4387291371822357,0
2637,749,0.4222182333469391,0
2637,982,0.43910402059555054,0
2637,30,0.3705440163612366,0
2637,2162,0.36837008595466614,0
2637,2229,0.3768056333065033,0
2808,2808,0.3690338730812073,1
2808,896,0.3824763894081116,0
2808,4102,0.3792239725589752,0
2808,381,0.43071919679641724,0
2808,240,0.40434592962265015,0
2808,2980,0.3588225543498993,0
2808,1269,0.35970810055732727,0
2808,1817,0.39404428005218506,0
2808,3823,0.40329691767692566,0
2808,1839,0.4298661947250366,0
2808,3949,0.4051002860069275,0
2808,25,0.3529369831085205,0
2808,1802,0.38522419333457947,0
2808,2469,0.3491394519805908,0
2808,556,0.42590993642807007,0
2808,2770,0.36128997802734375,0
2808,2128,0.40378063917160034,0
2808,3263,0.3966195285320282,0
2808,2444,0.3708656132221222,0
2808,1126,0.3654300272464752,0
4002,4002,0.36935117840766907,1
4002,1950,0.3768232762813568,0
4002,1303,0.3908082842826843,0
4002,1359,0.35619187355041504,0
4002,295,0.34658029675483704,0
4002,3425,0.3859696388244629,0
4002,2555,0.38222673535346985,0
4002,625,0.4063459634780884,0
4002,2397,0.41615256667137146,0
4002,3240,0.37152236700057983,0
4002,2379,0.4309006631374359,0
4002,2505,0.38276225328445435,0
4002,2370,0.35438400506973267,0
4002,2604,0.36327773332595825,0
4002,1320,0.39017200469970703,0
4002,755,0.4455329179763794,0
4002,463,0.40849652886390686,0
4002,1490,0.3659065365791321,0
4002,2545,0.34333717823028564,0
4002,2219,0.36393114924430847,0
495,495,0.39748430252075195,1
495,1522,0.379787802696228,0
495,1791,0.3935913145542145,0
495,3578,0.3545667231082916,0
495,1007,0.3990688920021057,0
495,2752,0.3660259544849396,0
495,3839,0.337375283241272,0
495,1518,0.3938042223453522,0
495,1276,0.3827711343765259,0
495,1364,0.3766503930091858,0
495,2487,0.35528895258903503,0
495,3726,0.3603805899620056,0
495,708,0.3593389093875885,0
495,2598,0.3626413941383362,0
495,1330,0.3802085518836975,0
495,2924,0.35583895444869995,0
495,429,0.373522013425827,0
495,3774,0.35760417580604553,0
495,1510,0.3850466012954712,0
495,1738,0.3514142334461212,0
3792,3792,0.3984892964363098,1
3792,2137,0.4007953703403473,0
3792,816,0.43279901146888733,0
3792,921,0.42890554666519165,0
3792,842,0.42214301228523254,0
3792,2223,0.45959872007369995,0
3792,2486,0.4821847081184387,0
3792,711,0.43652400374412537,0
3792,980,0.38523033261299133,0
3792,2867,0.4063824415206909,0
3792,4132,0.39071884751319885,0
3792,2668,0.3881824314594269,0
3792,3567,0.3999166786670685,0
3792,2501,0.4009791612625122,0
3792,2954,0.41726869344711304,0
3792,1564,0.3701114356517792,0
3792,871,0.3952384293079376,0
3792,2494,0.4287976920604706,0
3792,1445,0.4106545150279999,0
3792,3279,0.42520296573638916,0
696,696,0.48093700408935547,1
696,227,0.34545233845710754,0
696,1322,0.4463393986225128,0
696,1057,0.3645675778388977,0
696,1466,0.3634416162967682,0
696,877,0.3787451982498169,0
696,2252,0.4208678603172302,0
696,612,0.3961997330188751,0
696,3714,0.3776363432407379,0
696,3559,0.4191870093345642,0
696,2308,0.36545664072036743,0
696,1201,0.3723992109298706,0
696,242,0.4631478786468506,0
696,4106,0.3759714961051941,0
696,4155,0.37988170981407166,0
696,1972,0.39064377546310425,0
696,83,0.40925416350364685,0
696,732,0.46430274844169617,0
696,998,0.3911399841308594,0
696,37,0.4336779713630676,0
1187,1187,0.3803618848323822,1
1187,2442,0.41214367747306824,0
1187,1343,0.39312559366226196,0
1187,1690,0.36228007078170776,0
1187,2157,0.41587892174720764,0
1187,1229,0.46665799617767334,0
1187,3454,0.37537485361099243,0
1187,2445,0.38303250074386597,0
1187,1729,0.3978610038757324,0
1187,2281,0.35424453020095825,0
1187,3425,0.3682994246482849,0
1187,1081,0.42848286032676697,0
1187,1370,0.4034739136695862,0
1187,64,0.4005085229873657,0
1187,2672,0.4345257580280304,0
1187,611,0.34526073932647705,0
1187,95,0.4368271231651306,0
1187,1580,0.39892566204071045,0
1187,3495,0.41204872727394104,0
1187,1504,0.40946146845817566,0
3064,3064,0.32777661085128784,1
3064,3290,0.35185983777046204,0
3064,1540,0.37845325469970703,0
3064,273,0.3902541399002075,0
3064,1356,0.3911716341972351,0
3064,3593,0.3669210970401764,0
3064,17,0.41150420904159546,0
3064,1943,0.377552330493927,0
3064,871,0.36064285039901733,0
3064,1794,0.36885592341423035,0
3064,3381,0.39716941118240356,0
3064,463,0.3952381908893585,0
3064,2206,0.35599565505981445,0
3064,3263,0.39477819204330444,0
3064,740,0.398840069770813,0
3064,1222,0.3845473527908325,0
3064,1828,0.4053901731967926,0
3064,3805,0.3871094882488251,0
3064,2833,0.3792709410190582,0
3064,3203,0.35596421360969543,0
1382,1382,0.365795761346817,1
1382,1633,0.4100358784198761,0
1382,653,0.4718945324420929,0
1382,667,0.4509913921356201,0
1382,1653,0.4303041100502014,0
1382,2870,0.37330368161201477,0
1382,437,0.4245178699493408,0
1382,613,0.35685303807258606,0
1382,2034,0.37397757172584534,0
1382,2213,0.3684402108192444,0
1382,3572,0.3780653476715088,0
1382,1624,0.3894834816455841,0
1382,3810,0.37791213393211365,0
1382,4056,0.39284422993659973,0
1382,2950,0.3899914622306824,0
1382,1622,0.4760645031929016,0
1382,3019,0.3915708661079407,0
1382,2315,0.43049365282058716,0
1382,1404,0.38859644532203674,0
1382,3044,0.3780730068683624,0
1434,1434,0.39890962839126587,1
1434,3537,0.3730366826057434,0
1434,70,0.3851347267627716,0
1434,2216,0.3916301727294922,0
1434,1817,0.39515239000320435,0
1434,1929,0.3638390600681305,0
1434,3692,0.4056740999221802,0
1434,3612,0.3497923016548157,0
1434,3046,0.3834521770477295,0
1434,3825,0.37763482332229614,0
1434,1810,0.4200989603996277,0
1434,833,0.4259669780731201,0
1434,2294,0.3578081429004669,0
1434,3694,0.3795014023780823,0
1434,1289,0.3680427670478821,0
1434,3948,0.3777777850627899,0
1434,2889,0.3713836073875427,0
1434,1837,0.3884038031101227,0
1434,101,0.37329480051994324,0
1434,678,0.3461027443408966,0
1969,1969,0.3649745285511017,1
1969,247,0.34215691685676575,0
1969,970,0.381830632686615,0
1969,3185,0.3398750424385071,0
1969,711,0.37003374099731445,0
1969,3351,0.33502906560897827,0
1969,1372,0.3555200397968292,0
1969,1137,0.3496498465538025,0
1969,3688,0.3378411531448364,0
1969,2871,0.4086146652698517,0
1969,25,0.3578029274940491,0
1969,2797,0.3599616289138794,0
1969,1083,0.4319833219051361,0
1969,52,0.3801650404930115,0
1969,1899,0.39236390590667725,0
1969,1499,0.34842196106910706,0
1969,344,0.4167974293231964,0
1969,1381,0.40239572525024414,0
1969,2078,0.34043073654174805,0
1969,597,0.3800874352455139,0
3353,3353,0.4375685751438141,1
3353,2671,0.4513072371482849,0
3353,3277,0.38320299983024597,0
3353,1852,0.3762689232826233,0
3353,2880,0.3792124390602112,0
3353,2835,0.40301257371902466,0
3353,837,0.4571685791015625,0
3353,538,0.39866113662719727,0
3353,3149,0.41533955931663513,0
3353,4163,0.3371748924255371,0
3353,3683,0.3977690637111664,0
3353,2407,0.45501992106437683,0
3353,787,0.3990834653377533,0
3353,3885,0.34595975279808044,0
3353,2403,0.3317173719406128,0
3353,3857,0.4107184112071991,0
3353,2492,0.38658568263053894,0
3353,3463,0.37258100509643555,0
3353,2482,0.4183824360370636,0
3353,821,0.4336782693862915,0
572,572,0.4339408278465271,1
572,3261,0.3951317369937897,0
572,3582,0.36639660596847534,0
572,2667,0.43396586179733276,0
572,2210,0.37183481454849243,0
572,2167,0.39501523971557617,0
572,1315,0.4058334231376648,0
572,668,0.39680516719818115,0
572,1804,0.36580297350883484,0
572,2646,0.3626512289047241,0
572,1502,0.3752002418041229,0
572,1563,0.3741473853588104,0
572,2119,0.39770233631134033,0
572,3316,0.35884279012680054,0
572,2163,0.39952340722084045,0
572,2035,0.38785430788993835,0
572,2773,0.44160494208335876,0
572,3927,0.3888908326625824,0
572,516,0.43807125091552734,0
572,2176,0.43448054790496826,0
546,546,0.35170799493789673,1
546,948,0.34425315260887146,0
546,795,0.3976851999759674,0
546,227,0.33622491359710693,0
546,3931,0.3584418296813965,0
546,1666,0.38162899017333984,0
546,3243,0.386614054441452,0
546,3075,0.37204140424728394,0
546,1928,0.3707733750343323,0
546,1904,0.375322163105011,0
546,172,0.4250943064689636,0
546,3073,0.3909051716327667,0
546,3299,0.375711590051651,0
546,1718,0.3767143189907074,0
546,3169,0.34555816650390625,0
546,2447,0.36638081073760986,0
546,3891,0.36495640873908997,0
546,290,0.35512053966522217,0
546,2585,0.34683138132095337,0
546,2079,0.4024505913257599,0
3070,3070,0.34122124314308167,1
3070,1510,0.41367530822753906,0
3070,3913,0.361158162355423,0
3070,3017,0.41837841272354126,0
3070,3517,0.4277682900428772,0
3070,3040,0.38046351075172424,0
3070,1629,0.42097967863082886,0
3070,1316,0.32794544100761414,0
3070,927,0.373844176530838,0
3070,3723,0.38466107845306396,0
3070,1790,0.38173240423202515,0
3070,462,0.3527700901031494,0
3070,1290,0.37223020195961,0
3070,2138,0.44891664385795593,0
3070,334,0.4094863533973694,0
3070,53,0.3777419924736023,0
3070,253,0.41609570384025574,0
3070,2070,0.3682829737663269,0
3070,1654,0.35715338587760925,0
3070,1960,0.42113664746284485,0
22,22,0.40183085203170776,1
22,2810,0.42484942078590393,0
22,1861,0.4196571111679077,0
22,2577,0.3922792673110962,0
22,1477,0.3882365822792053,0
22,3431,0.41501230001449585,0
22,1274,0.37189164757728577,0
22,111,0.38569551706314087,0
22,3291,0.450894832611084,0
22,3475,0.35976850986480713,0
22,3975,0.3493095636367798,0
22,2474,0.36019936203956604,0
22,2887,0.34490910172462463,0
22,1962,0.40705209970474243,0
22,1590,0.3591112792491913,0
22,1378,0.38377678394317627,0
22,1053,0.3592769503593445,0
22,2024,0.36181387305259705,0
22,1930,0.3771969676017761,0
22,3777,0.3404091000556946,0
3976,3976,0.37942489981651306,1
3976,546,0.36962342262268066,0
3976,46,0.4633771777153015,0
3976,3029,0.4080530107021332,0
3976,3068,0.3568692207336426,0
3976,3127,0.3875036835670471,0
3976,299,0.3935445547103882,0
3976,3242,0.3516111969947815,0
3976,1205,0.399943470954895,0
3976,628,0.35639509558677673,0
3976,2760,0.3938291072845459,0
3976,742,0.4261825978755951,0
3976,3793,0.3942788243293762,0
3976,4170,0.38875287771224976,0
3976,1030,0.47284650802612305,0
3976,3957,0.35649946331977844,0
3976,1431,0.4305957853794098,0
3976,3992,0.3679598271846771,0
3976,4057,0.3305070698261261,0
3976,1848,0.45850521326065063,0
3747,3747,0.3307487666606903,1
3747,230,0.4022095799446106,0
3747,3834,0.38138657808303833,0
3747,3405,0.35584959387779236,0
3747,1092,0.3561665415763855,0
3747,359,0.3416174054145813,0
3747,820,0.33582431077957153,0
3747,4068,0.34195539355278015,0
3747,124,0.3846423625946045,0
3747,1194,0.350751668214798,0
3747,2588,0.3597978353500366,0
3747,1884,0.349413126707077,0
3747,1010,0.40309181809425354,0
3747,3647,0.3499864637851715,0
3747,1541,0.37603870034217834,0
3747,278,0.42639440298080444,0
3747,3481,0.34650447964668274,0
3747,2774,0.37267082929611206,0
3747,771,0.39476093649864197,0
3747,2096,0.35331711173057556,0
3397,3397,0.3792561888694763,1
3397,383,0.3778134286403656,0
3397,1676,0.3774160146713257,0
3397,1453,0.3734357953071594,0
3397,1726,0.37761181592941284,0
3397,260,0.38418638706207275,0
3397,2782,0.3789902627468109,0
3397,788,0.3859868049621582,0
3397,4071,0.38050365447998047,0
3397,2929,0.34741508960723877,0
3397,937,0.3756661117076874,0
3397,917,0.380646288394928,0
3397,762,0.3986718952655792,0
3397,2843,0.3550373613834381,0
3397,3787,0.3723812997341156,0
3397,477,0.3862638473510742,0
3397,1888,0.3768205940723419,0
3397,959,0.39648380875587463,0
3397,1768,0.4251745939254761,0
3397,3573,0.38974156975746155,0
95,95,0.41569942235946655,1
95,2141,0.40012258291244507,0
95,616,0.4664434492588043,0
95,1710,0.39881303906440735,0
95,565,0.3716711401939392,0
95,1477,0.419964462518692,0
95,1165,0.354170560836792,0
95,1979,0.3794774115085602,0
95,2083,0.41001391410827637,0
95,2756,0.3779122233390808,0
95,443,0.40219831466674805,0
95,1140,0.41097575426101685,0
95,3895,0.36367735266685486,0
95,46,0.4507370889186859,0
95,1317,0.3585558533668518,0
95,123,0.3925086557865143,0
95,174,0.3871670365333557,0
95,2239,0.46340927481651306,0
95,372,0.4167371094226837,0
95,262,0.43346264958381653,0
3420,3420,0.35268718004226685,1
3420,2646,0.34544801712036133,0
3420,1997,0.3753117322921753,0
3420,593,0.3785438537597656,0
3420,3806,0.37274470925331116,0
3420,3518,0.3625929355621338,0
3420,94,0.45244300365448,0
3420,382,0.39813780784606934,0
3420,3079,0.4392099678516388,0
3420,3799,0.359710693359375,0
3420,2241,0.3663114905357361,0
3420,3869,0.38674789667129517,0
3420,2223,0.4255421459674835,0
3420,1744,0.34524664282798767,0
3420,3283,0.3649311065673828,0
3420,184,0.41223859786987305,0
3420,3665,0.3462045192718506,0
3420,1541,0.4261959195137024,0
3420,3629,0.410673588514328,0
3420,2406,0.3538992702960968,0
1657,1657,0.46243542432785034,1
1657,823,0.3776702284812927,0
1657,1159,0.4620975852012634,0
1657,4092,0.38217759132385254,0
1657,2735,0.3618956208229065,0
1657,1047,0.347237229347229,0
1657,3926,0.3796432912349701,0
1657,1250,0.45057395100593567,0
1657,3464,0.36479872465133667,0
1657,2731,0.3669004440307617,0
1657,3260,0.3787383735179901,0
1657,873,0.3663172721862793,0
1657,2098,0.3599579930305481,0
1657,1003,0.39533093571662903,0
1657,411,0.435368150472641,0
1657,4077,0.382762610912323,0
1657,4166,0.3747539818286896,0
1657,660,0.48404696583747864,0
1657,1532,0.4330301284790039,0
1657,506,0.36567264795303345,0
3146,3146,0.30090975761413574,1
3146,1190,0.3122035264968872,0
3146,2558,0.33291271328926086,0
3146,2906,0.3181670904159546,0
3146,232,0.35351377725601196,0
3146,1294,0.31022295355796814,0
3146,1331,0.32071706652641296,0
3146,1637,0.3249470889568329,0
3146,1625,0.3250869810581207,0
3146,2409,0.3397682309150696,0
3146,1354,0.3643578290939331,0
3146,2807,0.3513627350330353,0
3146,2747,0.34056317806243896,0
3146,1833,0.3650960624217987,0
3146,655,0.35474494099617004,0
3146,1715,0.32650476694107056,0
3146,2760,0.338579922914505,0
3146,2210,0.3281283676624298,0
3146,265,0.35814371705055237,0
3146,818,0.3517153859138489,0
915,915,0.3735242187976837,1
915,3011,0.35585013031959534,0
915,2242,0.3846551477909088,0
915,2998,0.451514333486557,0
915,3904,0.359260231256485,0
915,1045,0.4018731117248535,0
915,745,0.36917582154273987,0
915,530,0.37336403131484985,0
915,964,0.38171353936195374,0
915,635,0.36310574412345886,0
915,981,0.3939862549304962,0
915,2897,0.34847763180732727,0
915,1613,0.3378622829914093,0
915,432,0.4003179371356964,0
915,802,0.3979019820690155,0
915,3361,0.3444923460483551,0
915,4176,0.34049373865127563,0
915,2727,0.42413970828056335,0
915,2583,0.3694179952144623,0
915,1848,0.4184373617172241,0
552,552,0.38114631175994873,1
552,1416,0.41710230708122253,0
552,1557,0.42031386494636536,0
552,3790,0.38284412026405334,0
552,3448,0.3649703860282898,0
552,1144,0.4846300184726715,0
552,2580,0.3576357364654541,0
552,1399,0.5307614803314209,0
552,1748,0.3912479281425476,0
552,2794,0.44621455669403076,0
552,1982,0.34856167435646057,0
552,327,0.3575732111930847,0
552,806,0.41505497694015503,0
552,3573,0.37444427609443665,0
552,3968,0.4006425142288208,0
552,1800,0.3896104097366333,0
552,3858,0.38363996148109436,0
552,1779,0.42455559968948364,0
552,421,0.3818170726299286,0
552,733,0.3953433334827423,0
3736,3736,0.339348167181015,1
3736,943,0.36412927508354187,0
3736,278,0.43377479910850525,0
3736,3141,0.3745826780796051,0
3736,1988,0.36276423931121826,0
3736,3617,0.357438325881958,0
3736,1125,0.3447321057319641,0
3736,2772,0.3453160524368286,0
3736,2185,0.3859567642211914,0
3736,3335,0.32775434851646423,0
3736,3118,0.3524206280708313,0
3736,2713,0.3908137083053589,0
3736,2938,0.4083678126335144,0
3736,19,0.36116647720336914,0
3736,3752,0.35890519618988037,0
3736,1721,0.3509432077407837,0
3736,1094,0.4468023478984833,0
3736,3212,0.3577578365802765,0
3736,831,0.3990752100944519,0
3736,1823,0.3684186637401581,0
3756,3756,0.3886086046695709,1
3756,3089,0.39193421602249146,0
3756,3271,0.38068583607673645,0
3756,1560,0.3634878396987915,0
3756,2399,0.3539203107357025,0
3756,1492,0.41469234228134155,0
3756,1515,0.40746957063674927,0
3756,2659,0.3843960762023926,0
3756,2453,0.3883129060268402,0
3756,3401,0.38721010088920593,0
3756,1981,0.3694136142730713,0
3756,3182,0.42529600858688354,0
3756,3543,0.37043333053588867,0
3756,175,0.39900892972946167,0
3756,670,0.38874831795692444,0
3756,2778,0.4116245210170746,0
3756,3626,0.3834203779697418,0
3756,3161,0.3718143701553345,0
3756,3770,0.3769599497318268,0
3756,2089,0.3749980926513672,0
2814,2814,0.3620874881744385,1
2814,3166,0.3509427011013031,0
2814,1207,0.37413057684898376,0
2814,324,0.3668425679206848,0
2814,757,0.3853430151939392,0
2814,138,0.44260504841804504,0
2814,321,0.3848947286605835,0
2814,2351,0.38639068603515625,0
2814,966,0.4333552122116089,0
2814,3662,0.38920629024505615,0
2814,3440,0.36917245388031006,0
2814,946,0.34811145067214966,0
2814,4133,0.35547488927841187,0
2814,520,0.3453943133354187,0
2814,3796,0.3637629747390747,0
2814,2084,0.38133835792541504,0
2814,52,0.38464784622192383,0
2814,2616,0.40906640887260437,0
2814,2276,0.34625697135925293,0
2814,3731,0.3601916432380676,0
3665,3665,0.3375989496707916,1
3665,3835,0.3714786767959595,0
3665,1868,0.37337133288383484,0
3665,2581,0.4351513981819153,0
3665,2861,0.3588579297065735,0
3665,3294,0.3519383668899536,0
3665,3961,0.36774757504463196,0
3665,673,0.3693508803844452,0
3665,1175,0.32394036650657654,0
3665,3476,0.3642624020576477,0
3665,221,0.35212376713752747,0
3665,2209,0.3939192295074463,0
3665,2999,0.384839802980423,0
3665,2752,0.377297967672348,0
3665,1101,0.40004533529281616,0
3665,1211,0.3693201243877411,0
3665,3812,0.36193400621414185,0
3665,1238,0.35649657249450684,0
3665,4038,0.3684248924255371,0
3665,1470,0.3566102683544159,0
3563,3563,0.3154696524143219,1
3563,1804,0.330560564994812,0
3563,3241,0.3366401791572571,0
3563,2871,0.37554430961608887,0
3563,3537,0.33271294832229614,0
3563,183,0.34184008836746216,0
3563,2824,0.3531317114830017,0
3563,3373,0.3410571217536926,0
3563,401,0.4029802083969116,0
3563,2437,0.33552974462509155,0
3563,2661,0.3560941219329834,0
3563,4155,0.33372172713279724,0
3563,816,0.3709975481033325,0
3563,1684,0.3385186195373535,0
3563,2946,0.34529703855514526,0
3563,134,0.35810908675193787,0
3563,1473,0.36117833852767944,0
3563,3155,0.3293505907058716,0
3563,1801,0.32851019501686096,0
3563,3955,0.3229556083679199,0
211,211,0.36646080017089844,1
211,3579,0.34910106658935547,0
211,3788,0.38370856642723083,0
211,1007,0.4124358892440796,0
211,1796,0.47985905408859253,0
211,293,0.36859503388404846,0
211,3392,0.35823744535446167,0
211,417,0.4169735312461853,0
211,6,0.3442869484424591,0
211,32,0.37030619382858276,0
211,2315,0.4425695538520813,0
211,486,0.43997254967689514,0
211,4087,0.36712929606437683,0
211,3737,0.370278000831604,0
211,3797,0.38635972142219543,0
211,27,0.4454120397567749,0
211,3688,0.3670637905597687,0
211,52,0.40119418501853943,0
211,811,0.4124395549297333,0
211,2336,0.39296889305114746,0
2757,2757,0.38333800435066223,1
2757,561,0.4031711220741272,0
2757,2230,0.396636039018631,0
2757,3391,0.5363273024559021,0
2757,1783,0.41645294427871704,0
2757,3137,0.4298652410507202,0
2757,3817,0.3972890377044678,0
2757,2300,0.4596835970878601,0
2757,1546,0.39349597692489624,0
2757,2592,0.3781120777130127,0
2757,2006,0.3718743920326233,0
2757,1793,0.38674697279930115,0
2757,1702,0.3698986768722534,0
2757,133,0.4305354058742523,0
2757,3686,0.4056669771671295,0
2757,3574,0.3935167193412781,0
2757,945,0.386712908744812,0
2757,2870,0.3936429023742676,0
2757,1834,0.41092002391815186,0
2757,2643,0.40142911672592163,0
4159,4159,0.3662702143192291,1
4159,327,0.34518563747406006,0
4159,69,0.45295655727386475,0
4159,2660,0.39892855286598206,0
4159,437,0.4192836582660675,0
4159,2870,0.36923667788505554,0
4159,3652,0.44167837500572205,0
4159,1397,0.4419315755367279,0
4159,2759,0.37952205538749695,0
4159,208,0.39858439564704895,0
4159,3765,0.4077853858470917,0
4159,2791,0.41747304797172546,0
4159,4026,0.38459837436676025,0
4159,318,0.4564385414123535,0
4159,789,0.38116535544395447,0
4159,2984,0.3354964852333069,0
4159,2519,0.4306938350200653,0
4159,923,0.3723856806755066,0
4159,2318,0.4845007061958313,0
4159,2100,0.37557074427604675,0
1694,1694,0.3701179027557373,1
1694,3706,0.3962339162826538,0
1694,3324,0.37081378698349,0
1694,2420,0.38667988777160645,0
1694,3892,0.35809454321861267,0
1694,365,0.3879478871822357,0
1694,3394,0.3393307328224182,0
1694,2784,0.36939236521720886,0
1694,3575,0.35674262046813965,0
1694,2462,0.432105153799057,0
1694,157,0.4074675738811493,0
1694,2998,0.46154147386550903,0
1694,3646,0.3963611125946045,0
1694,1215,0.4722749888896942,0
1694,488,0.37906476855278015,0
1694,2777,0.38933396339416504,0
1694,2338,0.39378106594085693,0
1694,3301,0.38488975167274475,0
1694,918,0.4734848141670227,0
1694,3833,0.383340060710907,0
3293,3293,0.3580118715763092,1
3293,3403,0.33871209621429443,0
3293,1850,0.37579280138015747,0
3293,1190,0.34169620275497437,0
3293,947,0.4105454385280609,0
3293,1937,0.3960117697715759,0
3293,299,0.40796640515327454,0
3293,3999,0.35093438625335693,0
3293,2807,0.4194542467594147,0
3293,3040,0.3762255311012268,0
3293,1795,0.3571733236312866,0
3293,1124,0.35465165972709656,0
3293,1562,0.4144895374774933,0
3293,1325,0.3734320104122162,0
3293,2087,0.39835482835769653,0
3293,2461,0.34145084023475647,0
3293,2242,0.36927127838134766,0
3293,2107,0.34523236751556396,0
3293,93,0.3712608516216278,0
3293,1731,0.38941922783851624,0
1781,1781,0.3967372477054596,1
1781,2403,0.3481004536151886,0
1781,1489,0.44703343510627747,0
1781,2434,0.37823542952537537,0
1781,1749,0.4125516414642334,0
1781,1571,0.3662071228027344,0
1781,3923,0.36324557662010193,0
1781,359,0.35410335659980774,0
1781,1156,0.4075223207473755,0
1781,138,0.46602827310562134,0
1781,256,0.40295520424842834,0
1781,509,0.39134135842323303,0
1781,1108,0.4287917912006378,0
1781,2016,0.36445969343185425,0
1781,551,0.4400438368320465,0
1781,786,0.3297263979911804,0
1781,609,0.4216063320636749,0
1781,340,0.37759658694267273,0
1781,1371,0.36904215812683105,0
1781,1537,0.36743977665901184,0
417,417,0.44567441940307617,1
417,2788,0.38292816281318665,0
417,253,0.4238002300262451,0
417,2718,0.3626965880393982,0
417,1736,0.38395342230796814,0
417,3413,0.3615085780620575,0
417,11,0.46043169498443604,0
417,887,0.3515703082084656,0
417,2428,0.4294525980949402,0
417,4024,0.35616597533226013,0
417,1285,0.463436484336853,0
417,4013,0.37778598070144653,0
417,2236,0.4104132354259491,0
417,3110,0.36659950017929077,0
417,2605,0.3621788024902344,0
417,3561,0.3724828362464905,0
417,3383,0.3533000349998474,0
417,28,0.4031004309654236,0
417,458,0.3543437421321869,0
417,232,0.4166923761367798,0
1847,1847,0.37413883209228516,1
1847,3811,0.3504597842693329,0
1847,2058,0.3531593978404999,0
1847,1376,0.461444228887558,0
1847,3707,0.38395634293556213,0
1847,2118,0.3708827495574951,0
1847,1148,0.3921405076980591,0
1847,1881,0.4582069218158722,0
1847,2562,0.420388400554657,0
1847,3671,0.36937209963798523,0
1847,2856,0.3624325096607208,0
1847,4114,0.37464556097984314,0
1847,574,0.43685662746429443,0
1847,1577,0.4126542806625366,0
1847,2644,0.43320316076278687,0
1847,2879,0.3754314184188843,0
1847,2134,0.3652210831642151,0
1847,3875,0.3857351541519165,0
1847,2473,0.46615666151046753,0
1847,3716,0.37529435753822327,0
2332,2332,0.3600963056087494,1
2332,197,0.3565973937511444,0
2332,749,0.4100525677204132,0
2332,506,0.3435128927230835,0
2332,2673,0.35585668683052063,0
2332,1614,0.3369631767272949,0
2332,2032,0.39619550108909607,0
2332,3595,0.3246801793575287,0
2332,1235,0.3651348352432251,0
2332,4031,0.34366148710250854,0
2332,20,0.4100542962551117,0
2332,158,0.42074334621429443,0
2332,1598,0.3736056685447693,0
2332,1172,0.37978577613830566,0
2332,280,0.34221261739730835,0
2332,1796,0.5325230360031128,0
2332,1700,0.39088550209999084,0
2332,2260,0.35864606499671936,0
2332,279,0.36635637283325195,0
2332,2482,0.3876114785671234,0
1155,1155,0.46328815817832947,1
1155,1979,0.36526602506637573,0
1155,1335,0.36195433139801025,0
1155,109,0.37555134296417236,0
1155,3387,0.37465253472328186,0
1155,3788,0.368753582239151,0
1155,3236,0.34371691942214966,0
1155,530,0.35713818669319153,0
1155,4037,0.3567500710487366,0
1155,2633,0.3388637602329254,0
1155,2164,0.3573521077632904,0
1155,3605,0.35449737310409546,0
1155,1018,0.33694693446159363,0
1155,3565,0.3522126376628876,0
1155,3643,0.33508577942848206,0
1155,3832,0.34582066535949707,0
1155,1053,0.3396095335483551,0
1155,3789,0.3639204204082489,0
1155,3500,0.3504776060581207,0
1155,2637,0.38123491406440735,0
6,6,0.3349420428276062,1
6,1594,0.3299243152141571,0
6,2849,0.3960319459438324,0
6,3269,0.36154991388320923,0
6,436,0.3604045808315277,0
6,2825,0.34143900871276855,0
6,610,0.4148605763912201,0
6,2772,0.3466303050518036,0
6,5,0.4263777434825897,0
6,2445,0.3641936480998993,0
6,3612,0.35043007135391235,0
6,2123,0.38216063380241394,0
6,2850,0.35853004455566406,0
6,3910,0.37810638546943665,0
6,2798,0.38275402784347534,0
6,2879,0.3631319999694824,0
6,1741,0.4073125720024109,0
6,1896,0.44068145751953125,0
6,1264,0.3516537547111511,0
6,361,0.3248797059059143,0
1893,1893,0.3681357800960541,1
1893,1968,0.36140695214271545,0
1893,500,0.3945953845977783,0
1893,3750,0.3974607288837433,0
1893,2550,0.38345688581466675,0
1893,727,0.38295137882232666,0
1893,3390,0.3546411991119385,0
1893,3613,0.38642704486846924,0
1893,2321,0.425058513879776,0
1893,846,0.3774262070655823,0
1893,2635,0.3887523114681244,0
1893,2695,0.398071825504303,0
1893,1627,0.4234147369861603,0
1893,3224,0.38884371519088745,0
1893,1917,0.40063440799713135,0
1893,210,0.3736320436000824,0
1893,1174,0.39315855503082275,0
1893,3892,0.3611120283603668,0
1893,2342,0.36673712730407715,0
1893,682,0.4184890389442444,0
1738,1738,0.3626212477684021,1
1738,1236,0.35994952917099,0
1738,1890,0.35331469774246216,0
1738,2732,0.3525744080543518,0
1738,1916,0.3807533085346222,0
1738,2990,0.4627934992313385,0
1738,3452,0.3537130355834961,0
1738,994,0.37819311022758484,0
1738,1929,0.3880285620689392,0
1738,3647,0.3741036355495453,0
1738,691,0.4112546443939209,0
1738,2562,0.4091152548789978,0
1738,684,0.3673163652420044,0
1738,3946,0.36476993560791016,0
1738,692,0.38196471333503723,0
1738,2392,0.4449348747730255,0
1738,2496,0.40865033864974976,0
1738,3738,0.36534440517425537,0
1738,1647,0.44124507904052734,0
1738,4083,0.3620930016040802,0
1949,1949,0.3697613477706909,1
1949,2196,0.3951696455478668,0
1949,1104,0.47380200028419495,0
1949,505,0.41667473316192627,0
1949,396,0.4156538248062134,0
1949,1675,0.4186568856239319,0
1949,1562,0.4317246377468109,0
1949,3800,0.3626171946525574,0
1949,3978,0.3789094090461731,0
1949,1937,0.39937278628349304,0
1949,3422,0.38648509979248047,0
1949,1070,0.4236881136894226,0
1949,623,0.3923724591732025,0
1949,3814,0.44915831089019775,0
1949,4082,0.38916245102882385,0
1949,3243,0.3972492814064026,0
1949,590,0.4720294177532196,0
1949,2456,0.4002525806427002,0
1949,98,0.37376660108566284,0
1949,3692,0.37831348180770874,0
670,670,0.3675832748413086,1
670,2612,0.36400988698005676,0
670,3261,0.3538743257522583,0
670,2916,0.34112563729286194,0
670,3638,0.33341044187545776,0
670,2757,0.3483485281467438,0
670,4133,0.34454330801963806,0
670,688,0.33864203095436096,0
670,1342,0.3434673845767975,0
670,302,0.4211330711841583,0
670,1683,0.38249269127845764,0
670,1287,0.40035727620124817,0
670,544,0.3178371787071228,0
670,2716,0.36459043622016907,0
670,1919,0.32861587405204773,0
670,2679,0.386454313993454,0
670,3616,0.3624606728553772,0
670,183,0.3300187289714813,0
670,3237,0.359906941652298,0
670,2218,0.3559017777442932,0
3992,3992,0.38484615087509155,1
3992,3241,0.37647852301597595,0
3992,4137,0.41445863246917725,0
3992,3114,0.4038279950618744,0
3992,1008,0.3984614908695221,0
3992,842,0.4099477529525757,0
3992,3270,0.4001055955886841,0
3992,2849,0.38797441124916077,0
3992,1615,0.3640967607498169,0
3992,2532,0.43028557300567627,0
3992,787,0.43201950192451477,0
3992,3209,0.39500731229782104,0
3992,2802,0.41763582825660706,0
3992,899,0.5024052262306213,0
3992,750,0.39698120951652527,0
3992,1656,0.4037519097328186,0
3992,2810,0.4787778854370117,0
3992,3093,0.42933201789855957,0
3992,2003,0.39408475160598755,0
3992,2991,0.4182176887989044,0
3080,3080,0.36996760964393616,1
3080,2623,0.37105098366737366,0
3080,1309,0.3492983877658844,0
3080,2624,0.34337371587753296,0
3080,2482,0.38934653997421265,0
3080,3519,0.4023019075393677,0
3080,2306,0.38164329528808594,0
3080,770,0.37735074758529663,0
3080,1413,0.42313212156295776,0
3080,190,0.41559815406799316,0
3080,380,0.38904064893722534,0
3080,1577,0.4119279086589813,0
3080,3549,0.3854149878025055,0
3080,4020,0.3625398874282837,0
3080,929,0.37513020634651184,0
3080,4077,0.3644070625305176,0
3080,3560,0.35221537947654724,0
3080,308,0.43270188570022583,0
3080,3872,0.37225812673568726,0
3080,4125,0.3776036202907562,0
713,713,0.40467536449432373,1
713,3771,0.3511295020580292,0
713,3416,0.3970243036746979,0
713,2349,0.406605064868927,0
713,527,0.39180198311805725,0
713,2012,0.39343833923339844,0
713,1813,0.3959827721118927,0
713,2015,0.3949550688266754,0
713,1847,0.3774908185005188,0
713,1658,0.42124953866004944,0
713,925,0.37792736291885376,0
713,3251,0.3656991422176361,0
713,3525,0.36693060398101807,0
713,3440,0.35799121856689453,0
713,392,0.45868077874183655,0
713,165,0.4525294899940491,0
713,1323,0.39181166887283325,0
713,1687,0.36581704020500183,0
713,532,0.36920127272605896,0
713,3467,0.39551833271980286,0
4022,4022,0.32816189527511597,1
4022,3675,0.3813900947570801,0
4022,2141,0.3559904098510742,0
4022,3309,0.36133554577827454,0
4022,3284,0.34192726016044617,0
4022,1155,0.4367995262145996,0
4022,553,0.4222654402256012,0
4022,2975,0.32082653045654297,0
4022,466,0.4118156433105469,0
4022,578,0.3864738643169403,0
4022,1180,0.35451528429985046,0
4022,1645,0.35591328144073486,0
4022,385,0.4207495450973511,0
4022,3275,0.4056210219860077,0
4022,2659,0.3475692868232727,0
4022,2161,0.3362101912498474,0
4022,3186,0.32063359022140503,0
4022,619,0.4161248505115509,0
4022,3579,0.3391277492046356,0
4022,4079,0.351318359375,0
3531,3531,0.4160924553871155,1
3531,1206,0.4947360157966614,0
3531,934,0.396689236164093,0
3531,28,0.398008793592453,0
3531,2941,0.4252776801586151,0
3531,431,0.37537670135498047,0
3531,2794,0.44529029726982117,0
3531,2629,0.42110157012939453,0
3531,3595,0.33806130290031433,0
3531,3389,0.3516162633895874,0
3531,1080,0.38205501437187195,0
3531,1455,0.41295188665390015,0
3531,2664,0.3928212821483612,0
3531,3030,0.4136310815811157,0
3531,2180,0.35530003905296326,0
3531,686,0.40742820501327515,0
3531,885,0.4051871597766876,0
3531,1475,0.40789365768432617,0
3531,2607,0.3672696650028229,0
3531,1218,0.40016886591911316,0
855,855,0.4417616128921509,1
855,3731,0.38954952359199524,0
855,590,0.4790230393409729,0
855,1845,0.3694568872451782,0
855,1533,0.3888850808143616,0
855,2077,0.36207202076911926,0
855,3187,0.39957913756370544,0
855,3382,0.3848189115524292,0
855,3436,0.35154592990875244,0
855,2184,0.3723280727863312,0
855,1405,0.4762079119682312,0
855,1854,0.38317450881004333,0
855,3637,0.3731611967086792,0
855,2669,0.38515493273735046,0
855,2000,0.3810776174068451,0
855,3230,0.36859560012817383,0
855,2150,0.3697322607040405,0
855,3206,0.38326025009155273,0
855,1299,0.3654184639453888,0
855,227,0.3552166819572449,0
2427,2427,0.373165100812912,1
2427,1211,0.3815779387950897,0
2427,2551,0.3552834093570709,0
2427,3722,0.36066901683807373,0
2427,2659,0.3713056445121765,0
2427,839,0.4260868728160858,0
2427,2731,0.3751382827758789,0
2427,592,0.44657182693481445,0
2427,2960,0.406192421913147,0
2427,2085,0.358668714761734,0
2427,690,0.4086447060108185,0
2427,2023,0.3720192611217499,0
2427,1332,0.3622499108314514,0
2427,277,0.4242945611476898,0
2427,3060,0.351940780878067,0
2427,1565,0.388254314661026,0
2427,3229,0.44505128264427185,0
2427,3067,0.3826884925365448,0
2427,2330,0.39624732732772827,0
2427,4179,0.38341525197029114,0
613,613,0.3364126980304718,1
613,2919,0.42903339862823486,0
613,3258,0.36879128217697144,0
613,2909,0.37900376319885254,0
613,399,0.41318464279174805,0
613,1904,0.3745294511318207,0
613,3319,0.3600950837135315,0
613,2378,0.36480647325515747,0
613,747,0.42214104533195496,0
613,192,0.3877738416194916,0
613,1133,0.438376247882843,0
613,4153,0.40056636929512024,0
613,953,0.4124346375465393,0
613,3326,0.40122362971305847,0
613,1032,0.37732672691345215,0
613,1367,0.39173373579978943,0
613,1889,0.40180647373199463,0
613,3458,0.44768351316452026,0
613,103,0.3925575315952301,0
613,1265,0.43317726254463196,0
1689,1689,0.4897606074810028,1
1689,3220,0.3812195062637329,0
1689,1550,0.4291979968547821,0
1689,913,0.4153764843940735,0
1689,273,0.4126005470752716,0
1689,4157,0.37182366847991943,0
1689,962,0.36234813928604126,0
1689,1935,0.40603047609329224,0
1689,2681,0.4065351188182831,0
1689,3150,0.3670015335083008,0
1689,3156,0.37179887294769287,0
1689,1871,0.44265216588974,0
1689,1915,0.3907914459705353,0
1689,3205,0.4142690598964691,0
1689,81,0.4139310419559479,0
1689,3343,0.38960087299346924,0
1689,2307,0.36357709765434265,0
1689,3345,0.3665044605731964,0
1689,3100,0.4051279127597809,0
1689,3375,0.3817652761936188,0
404,404,0.43621450662612915,1
404,1595,0.42542511224746704,0
404,4102,0.39079129695892334,0
404,1878,0.379724383354187,0
404,1972,0.38972362875938416,0
404,1195,0.37875276803970337,0
404,3922,0.39680755138397217,0
404,1625,0.3708111643791199,0
404,1864,0.3960910141468048,0
404,629,0.4231955409049988,0
404,70,0.3959943652153015,0
404,1172,0.4167649745941162,0
404,53,0.43161579966545105,0
404,720,0.3683204650878906,0
404,364,0.38466978073120117,0
404,3523,0.39208734035491943,0
404,2741,0.36061981320381165,0
404,2682,0.3991655707359314,0
404,954,0.3991408944129944,0
404,3356,0.38469940423965454,0
3659,3659,0.39335760474205017,1
3659,265,0.42520415782928467,0
3659,3399,0.3727324903011322,0
3659,597,0.41064658761024475,0
3659,3468,0.3919338583946228,0
3659,3956,0.37845906615257263,0
3659,1583,0.4401225447654724,0
3659,1122,0.48701852560043335,0
3659,3681,0.3737504780292511,0
3659,2354,0.3816203773021698,0
3659,3947,0.3925206661224365,0
3659,3055,0.36242926120758057,0
3659,29,0.5222867131233215,0
3659,4029,0.3789944648742676,0
3659,1102,0.3588695228099823,0
3659,3097,0.3638858497142792,0
3659,2117,0.42161211371421814,0
3659,717,0.37522488832473755,0
3659,2683,0.3610994517803192,0
3659,817,0.37829917669296265,0
2966,2966,0.35166963934898376,1
2966,2445,0.3609279692173004,0
2966,4012,0.3451799750328064,0
2966,785,0.3586514890193939,0
2966,1764,0.3445521593093872,0
2966,718,0.403459370136261,0
2966,334,0.3624719977378845,0
2966,1653,0.39532923698425293,0
2966,3025,0.3558376133441925,0
2966,2807,0.39553892612457275,0
2966,2313,0.36177289485931396,0
2966,3813,0.3407798707485199,0
2966,3845,0.3452789783477783,0
2966,4161,0.3358587622642517,0
2966,823,0.3474547564983368,0
2966,2497,0.40276461839675903,0
2966,3445,0.33639419078826904,0
2966,163,0.42348918318748474,0
2966,268,0.37157002091407776,0
2966,3886,0.3607912063598633,0
4157,4157,0.34345418214797974,1
4157,3073,0.38821956515312195,0
4157,3355,0.36905255913734436,0
4157,627,0.4413151144981384,0
4157,355,0.3929751515388489,0
4157,3144,0.37335842847824097,0
4157,3308,0.3641177713871002,0
4157,4115,0.3479391634464264,0
4157,1816,0.35942038893699646,0
4157,2803,0.3457793891429901,0
4157,25,0.3537406325340271,0
4157,891,0.4102643132209778,0
4157,4044,0.3566093444824219,0
4157,148,0.3799155354499817,0
4157,3707,0.37686625123023987,0
4157,4139,0.3556918799877167,0
4157,3906,0.3681144714355469,0
4157,899,0.43330612778663635,0
4157,2677,0.38159942626953125,0
4157,3600,0.38577577471733093,0
3356,3356,0.37696507573127747,1
3356,3167,0.36503833532333374,0
3356,3052,0.41102394461631775,0
3356,4016,0.3524283766746521,0
3356,1994,0.39433056116104126,0
3356,229,0.46545153856277466,0
3356,4053,0.4352366328239441,0
3356,839,0.431011825799942,0
3356,3087,0.37082958221435547,0
3356,2714,0.38131600618362427,0
3356,9,0.4288087785243988,0
3356,2948,0.37020063400268555,0
3356,310,0.46661484241485596,0
3356,1777,0.3917218744754791,0
3356,2861,0.3560158610343933,0
3356,844,0.419728547334671,0
3356,3825,0.37055838108062744,0
3356,1284,0.375882625579834,0
3356,2392,0.46446797251701355,0
3356,2313,0.3976001739501953,0
2126,2126,0.46452152729034424,1
2126,702,0.3928662836551666,0
2126,3508,0.3736242949962616,0
2126,2425,0.42992523312568665,0
2126,815,0.39998698234558105,0
2126,2403,0.34259429574012756,0
2126,2379,0.4511927664279938,0
2126,363,0.4111163914203644,0
2126,576,0.3710647523403168,0
2126,453,0.40405142307281494,0
2126,3120,0.39050936698913574,0
2126,203,0.39225471019744873,0
2126,3361,0.3639545142650604,0
2126,613,0.36487701535224915,0
2126,3339,0.3642332851886749,0
2126,1959,0.3936896026134491,0
2126,600,0.35107624530792236,0
2126,3652,0.4274938404560089,0
2126,1169,0.38381898403167725,0
2126,2556,0.362385630607605,0
472,472,0.35361742973327637,1
472,1135,0.4099593460559845,0
472,2457,0.3580613434314728,0
472,1890,0.3492187559604645,0
472,1786,0.43149644136428833,0
472,4110,0.3836738169193268,0
472,2771,0.37807583808898926,0
472,589,0.35853642225265503,0
472,581,0.4361437261104584,0
472,1698,0.3687250316143036,0
472,3683,0.3850100040435791,0
472,843,0.41477373242378235,0
472,531,0.3759450912475586,0
472,438,0.34193164110183716,0
472,2678,0.36842021346092224,0
472,444,0.38346201181411743,0
472,3163,0.3613528311252594,0
472,985,0.340187132358551,0
472,2542,0.3702060282230377,0
472,962,0.3377004861831665,0
3029,3029,0.36794236302375793,1
3029,3217,0.3677314221858978,0
3029,1275,0.37400057911872864,0
3029,2669,0.3605634868144989,0
3029,2892,0.36263489723205566,0
3029,2097,0.3328506648540497,0
3029,3482,0.36377283930778503,0
3029,2672,0.42100635170936584,0
3029,86,0.3652375042438507,0
3029,3096,0.369881272315979,0
3029,3530,0.3609209358692169,0
3029,1274,0.3731934726238251,0
3029,2014,0.36865368485450745,0
3029,341,0.4073261618614197,0
3029,2058,0.3518866002559662,0
3029,2659,0.36756280064582825,0
3029,2527,0.37714722752571106,0
3029,1931,0.3742837905883789,0
3029,181,0.4023476541042328,0
3029,1685,0.3579757809638977,0
637,637,0.3922582268714905,1
637,882,0.4539560079574585,0
637,2284,0.4007780849933624,0
637,3940,0.37445276975631714,0
637,3138,0.4091411530971527,0
637,1376,0.4760429859161377,0
637,3861,0.37720635533332825,0
637,3251,0.3698388338088989,0
637,2044,0.38654085993766785,0
637,165,0.4705614745616913,0
637,1101,0.41873419284820557,0
637,377,0.40120992064476013,0
637,357,0.4213019609451294,0
637,2848,0.392831414937973,0
637,3923,0.3818698525428772,0
637,1848,0.4534494876861572,0
637,3624,0.3792637586593628,0
637,3496,0.3704415261745453,0
637,739,0.42463594675064087,0
637,3750,0.39862120151519775,0
1241,1241,0.3671253025531769,1
1241,4015,0.3457600772380829,0
1241,3519,0.36580511927604675,0
1241,700,0.4036076068878174,0
1241,4005,0.37563884258270264,0
1241,2907,0.34125012159347534,0
1241,1856,0.3878989517688751,0
1241,1724,0.4076765179634094,0
1241,476,0.36114126443862915,0
1241,553,0.42344042658805847,0
1241,109,0.39160293340682983,0
1241,1432,0.3923763632774353,0
1241,4142,0.36057212948799133,0
1241,2471,0.37278005480766296,0
1241,289,0.3494296073913574,0
1241,416,0.3491719365119934,0
1241,1983,0.37504661083221436,0
1241,420,0.4077087640762329,0
1241,2434,0.37472206354141235,0
1241,764,0.3528011441230774,0
3335,3335,0.36491844058036804,1
3335,3325,0.35983920097351074,0
3335,3366,0.35890498757362366,0
3335,1446,0.3634520471096039,0
3335,710,0.37471553683280945,0
3335,1226,0.3807320296764374,0
3335,1235,0.3914855122566223,0
3335,2425,0.43371257185935974,0
3335,3448,0.3672248423099518,0
3335,587,0.4359292984008789,0
3335,3177,0.34912317991256714,0
3335,4108,0.3871762156486511,0
3335,2168,0.3807709515094757,0
3335,2580,0.35743555426597595,0
3335,3419,0.3559735417366028,0
3335,3661,0.37414035201072693,0
3335,3093,0.3884681165218353,0
3335,1111,0.3959203362464905,0
3335,16,0.41773363947868347,0
3335,764,0.35963356494903564,0
3104,3104,0.37781086564064026,1
3104,509,0.38248443603515625,0
3104,3020,0.4036574363708496,0
3104,1937,0.41651856899261475,0
3104,2803,0.3672231137752533,0
3104,71,0.4692525267601013,0
3104,2400,0.39168381690979004,0
3104,1077,0.39966219663619995,0
3104,255,0.4220210909843445,0
3104,2394,0.3867819607257843,0
3104,1519,0.3692304790019989,0
3104,89,0.4243256151676178,0
3104,1796,0.4587569534778595,0
3104,2452,0.46802183985710144,0
3104,730,0.41425755620002747,0
3104,1009,0.4542810916900635,0
3104,2589,0.39430302381515503,0
3104,1827,0.388995885848999,0
3104,2916,0.37465736269950867,0
3104,1993,0.40411245822906494,0
1205,1205,0.38324445486068726,1
1205,1741,0.3653368055820465,0
1205,2485,0.4395313560962677,0
1205,3416,0.3729356825351715,0
1205,3637,0.3569573760032654,0
1205,4086,0.3548435866832733,0
1205,2116,0.3871309459209442,0
1205,3985,0.3711516261100769,0
1205,3614,0.3694791793823242,0
1205,685,0.4432876408100128,0
1205,2340,0.3738338053226471,0
1205,999,0.3466174006462097,0
1205,1786,0.4420582056045532,0
1205,2446,0.3891271650791168,0
1205,2100,0.3726832866668701,0
1205,63,0.42823827266693115,0
1205,3172,0.3340499997138977,0
1205,1941,0.3886297941207886,0
1205,3613,0.3767247796058655,0
1205,3122,0.3584601879119873,0
2206,2206,0.40025579929351807,1
2206,574,0.4471878111362457,0
2206,3452,0.3595951199531555,0
2206,41,0.36646637320518494,0
2206,2168,0.36431726813316345,0
2206,3367,0.43805068731307983,0
2206,2600,0.3524738550186157,0
2206,1383,0.4652515947818756,0
2206,3376,0.37864208221435547,0
2206,1995,0.3917703926563263,0
2206,248,0.39418065547943115,0
2206,3388,0.3669814169406891,0
2206,2999,0.40098685026168823,0
2206,1453,0.3621647357940674,0
2206,1822,0.3767748773097992,0
2206,3520,0.3580532670021057,0
2206,1414,0.3548375368118286,0
2206,2907,0.347011923789978,0
2206,2079,0.41104739904403687,0
2206,3786,0.43538951873779297,0
1849,1849,0.3523896336555481,1
1849,3236,0.3647991418838501,0
1849,1915,0.38979291915893555,0
1849,3761,0.36974862217903137,0
1849,1433,0.3939574658870697,0
1849,1308,0.3882082402706146,0
1849,3797,0.38020578026771545,0
1849,2561,0.3927813470363617,0
1849,2767,0.36742642521858215,0
1849,3053,0.42651185393333435,0
1849,758,0.47267040610313416,0
1849,920,0.45705434679985046,0
1849,2479,0.43165796995162964,0
1849,657,0.3900183439254761,0
1849,2083,0.40273746848106384,0
1849,1558,0.4133830964565277,0
1849,1336,0.3644019365310669,0
1849,1458,0.3829090893268585,0
1849,711,0.3738209903240204,0
1849,2831,0.36551910638809204,0
3055,3055,0.3597463071346283,1
3055,3591,0.3474785387516022,0
3055,704,0.38797512650489807,0
3055,99,0.38937458395957947,0
3055,810,0.3469703793525696,0
3055,2799,0.3430064916610718,0
3055,647,0.3781154751777649,0
3055,1142,0.36687204241752625,0
3055,2142,0.3506234884262085,0
3055,3888,0.36129826307296753,0
3055,713,0.3934454917907715,0
3055,2634,0.3819296658039093,0
3055,3935,0.3769228458404541,0
3055,2514,0.3992956280708313,0
3055,983,0.41482293605804443,0
3055,1562,0.4113864600658417,0
3055,1958,0.3610364496707916,0
3055,3625,0.3607274889945984,0
3055,3942,0.3844592273235321,0
3055,2426,0.37111905217170715,0
1629,1629,0.43852612376213074,1
1629,1977,0.41140177845954895,0
1629,1797,0.39261871576309204,0
1629,695,0.4501221776008606,0
1629,1712,0.44453734159469604,0
1629,476,0.37640345096588135,0
1629,1714,0.38079673051834106,0
1629,2046,0.3955651521682739,0
1629,3520,0.3692712187767029,0
1629,469,0.3685612976551056,0
1629,3088,0.3823322355747223,0
1629,1485,0.3991192579269409,0
1629,427,0.43837061524391174,0
1629,2870,0.35848453640937805,0
1629,3958,0.3674600422382355,0
1629,2154,0.3982906937599182,0
1629,2681,0.4221189618110657,0
1629,2051,0.3573061525821686,0
1629,2531,0.3934820890426636,0
1629,842,0.39461714029312134,0
3849,3849,0.37228158116340637,1
3849,2986,0.44362673163414,0
3849,4104,0.3736751079559326,0
3849,318,0.5270130634307861,0
3849,2159,0.5001079440116882,0
3849,3826,0.3544671833515167,0
3849,7,0.4130892753601074,0
3849,1059,0.4079892933368683,0
3849,3893,0.38322532176971436,0
3849,1720,0.39329952001571655,0
3849,294,0.3754246234893799,0
3849,1831,0.49431467056274414,0
3849,2655,0.38306906819343567,0
3849,666,0.3971866965293884,0
3849,10,0.38068413734436035,0
3849,384,0.3819345235824585,0
3849,722,0.3703263998031616,0
3849,1487,0.48879092931747437,0
3849,909,0.4294697642326355,0
3849,2424,0.37241482734680176,0
3666,3666,0.34811368584632874,1
3666,1643,0.39010003209114075,0
3666,2834,0.35140538215637207,0
3666,3584,0.3592173755168915,0
3666,2686,0.3548711836338043,0
3666,4120,0.35461440682411194,0
3666,394,0.4197240471839905,0
3666,1023,0.43030789494514465,0
3666,1906,0.35110896825790405,0
3666,2177,0.377045601606369,0
3666,90,0.4855571985244751,0
3666,3894,0.37203043699264526,0
3666,452,0.3722882568836212,0
3666,390,0.4194915294647217,0
3666,3064,0.34161558747291565,0
3666,151,0.38377633690834045,0
3666,17,0.4040307402610779,0
3666,3399,0.36288049817085266,0
3666,593,0.37934979796409607,0
3666,1088,0.3626807928085327,0
3334,3334,0.39160051941871643,1
3334,3316,0.3574830889701843,0
3334,1364,0.40014657378196716,0
3334,2146,0.3609864413738251,0
3334,1013,0.3737444579601288,0
3334,508,0.38826411962509155,0
3334,961,0.4367287755012512,0
3334,3883,0.38252782821655273,0
3334,3719,0.37312138080596924,0
3334,664,0.361735999584198,0
3334,4128,0.36574655771255493,0
3334,3016,0.3991168439388275,0
3334,3543,0.379544734954834,0
3334,1702,0.3798239529132843,0
3334,3739,0.4106954336166382,0
3334,1660,0.3768753111362457,0
3334,576,0.3803038001060486,0
3334,3265,0.4344464838504791,0
3334,757,0.41082024574279785,0
3334,2412,0.39355382323265076,0
3802,3802,0.3502841293811798,1
3802,2619,0.3878450095653534,0
3802,728,0.4119581878185272,0
3802,1639,0.409050315618515,0
3802,127,0.3846856355667114,0
3802,3405,0.4043664038181305,0
3802,277,0.4005500376224518,0
3802,2613,0.36632633209228516,0
3802,2148,0.45271041989326477,0
3802,2336,0.3717555105686188,0
3802,3901,0.3668135404586792,0
3802,1535,0.44398173689842224,0
3802,1205,0.39634740352630615,0
3802,1263,0.43755125999450684,0
3802,3609,0.395423024892807,0
3802,3566,0.37628623843193054,0
3802,3548,0.3963787257671356,0
3802,4000,0.37587112188339233,0
3802,985,0.34424325823783875,0
3802,3923,0.3806225657463074,0
3668,3668,0.4331473708152771,1
3668,3962,0.38148853182792664,0
3668,3977,0.3793165683746338,0
3668,4080,0.36222031712532043,0
3668,2598,0.41144537925720215,0
3668,4120,0.37061989307403564,0
3668,854,0.39726537466049194,0
3668,411,0.41942188143730164,0
3668,3636,0.3696956932544708,0
3668,3698,0.3631119430065155,0
3668,1827,0.3782025873661041,0
3668,1463,0.45915302634239197,0
3668,3998,0.4145483672618866,0
3668,4146,0.35910549759864807,0
3668,1437,0.36164775490760803,0
3668,592,0.4339771866798401,0
3668,4164,0.35515546798706055,0
3668,3273,0.3652462065219879,0
3668,3887,0.39468714594841003,0
3668,1375,0.4148922562599182,0
1791,1791,0.3846869468688965,1
1791,160,0.3698298931121826,0
1791,2256,0.3448982238769531,0
1791,1108,0.4091738164424896,0
1791,1975,0.3631412386894226,0
1791,1023,0.4381403625011444,0
1791,3240,0.3501218855381012,0
1791,3015,0.38311636447906494,0
1791,1093,0.37995147705078125,0
1791,2528,0.38411927223205566,0
1791,3280,0.34744322299957275,0
1791,551,0.39613810181617737,0
1791,2188,0.4590469300746918,0
1791,2420,0.3466298282146454,0
1791,3940,0.3350306749343872,0
1791,195,0.3816714584827423,0
1791,3851,0.3708353042602539,0
1791,957,0.3347712755203247,0
1791,1344,0.3173638582229614,0
1791,97,0.3959008753299713,0
2028,2028,0.379366397857666,1
2028,2959,0.3730001747608185,0
2028,2039,0.3612517714500427,0
2028,3685,0.34843483567237854,0
2028,25,0.3648218512535095,0
2028,1888,0.39143723249435425,0
2028,2239,0.44888266921043396,0
2028,698,0.42048612236976624,0
2028,1562,0.39565277099609375,0
2028,170,0.41305381059646606,0
2028,2236,0.38528022170066833,0
2028,88,0.3924144208431244,0
2028,1211,0.3700164258480072,0
2028,816,0.4038846492767334,0
2028,3679,0.3431863784790039,0
2028,3340,0.354306697845459,0
2028,4178,0.36705395579338074,0
2028,225,0.4061723053455353,0
2028,3113,0.3588445484638214,0
2028,538,0.4000227153301239,0
2509,2509,0.3584442138671875,1
2509,3751,0.35509195923805237,0
2509,2637,0.4014965295791626,0
2509,897,0.3953694701194763,0
2509,1191,0.34451866149902344,0
2509,2451,0.38388046622276306,0
2509,1879,0.4467795193195343,0
2509,4121,0.3640527129173279,0
2509,377,0.36612892150878906,0
2509,230,0.4794144332408905,0
2509,2001,0.3975304365158081,0
2509,1241,0.3684854507446289,0
2509,2208,0.3736397922039032,0
2509,2183,0.3550775647163391,0
2509,989,0.39480504393577576,0
2509,2998,0.4653315544128418,0
2509,930,0.40344610810279846,0
2509,4109,0.35667282342910767,0
2509,2702,0.3967299461364746,0
2509,1771,0.3623660206794739,0
2857,2857,0.37983304262161255,1
2857,3233,0.4251619577407837,0
2857,1548,0.38034787774086,0
2857,4054,0.38443025946617126,0
2857,1908,0.4125000238418579,0
2857,851,0.40762752294540405,0
2857,944,0.3565039336681366,0
2857,3746,0.38464581966400146,0
2857,527,0.3841911256313324,0
2857,1593,0.3535718023777008,0
2857,3311,0.35091453790664673,0
2857,2994,0.40914979577064514,0
2857,3980,0.37284374237060547,0
2857,2140,0.3838045001029968,0
2857,2529,0.3373810350894928,0
2857,2513,0.36701783537864685,0
2857,3483,0.45207396149635315,0
2857,2899,0.4168609380722046,0
2857,3890,0.35588714480400085,0
2857,535,0.4214850664138794,0
3202,3202,0.3965418040752411,1
3202,2960,0.4172675609588623,0
3202,2619,0.381451278924942,0
3202,3116,0.4075976014137268,0
3202,294,0.3845178782939911,0
3202,3951,0.37241703271865845,0
3202,2123,0.40692153573036194,0
3202,431,0.3763173818588257,0
3202,2748,0.3495139181613922,0
3202,2645,0.4540327787399292,0
3202,4127,0.37064841389656067,0
3202,2700,0.4479024410247803,0
3202,1590,0.384774774312973,0
3202,3267,0.4222322106361389,0
3202,1981,0.37666013836860657,0
3202,149,0.39029499888420105,0
3202,258,0.37679073214530945,0
3202,3467,0.3931925892829895,0
3202,2066,0.37341275811195374,0
3202,3455,0.40648022294044495,0
4140,4140,0.38638758659362793,1
4140,1645,0.365722119808197,0
4140,2316,0.3493945300579071,0
4140,1336,0.38493162393569946,0
4140,302,0.47058695554733276,0
4140,2470,0.3774164021015167,0
4140,1151,0.3951466381549835,0
4140,1805,0.3790261447429657,0
4140,1356,0.42169201374053955,0
4140,3990,0.37072068452835083,0
4140,642,0.42666491866111755,0
4140,3131,0.3777925670146942,0
4140,3073,0.4259031116962433,0
4140,1256,0.37922099232673645,0
4140,1806,0.4378904402256012,0
4140,2857,0.426180362701416,0
4140,484,0.40138739347457886,0
4140,467,0.44903141260147095,0
4140,1437,0.3767584264278412,0
4140,1428,0.3800218105316162,0
3427,3427,0.34847787022590637,1
3427,2063,0.3467104434967041,0
3427,3325,0.361464262008667,0
3427,3042,0.42633679509162903,0
3427,2755,0.4190649092197418,0
3427,3041,0.3866937458515167,0
3427,2097,0.3307678699493408,0
3427,3894,0.3592788577079773,0
3427,208,0.3868110179901123,0
3427,2112,0.3773646056652069,0
3427,2399,0.3595556616783142,0
3427,912,0.4126150608062744,0
3427,1881,0.4439493417739868,0
3427,2053,0.4094294309616089,0
3427,1748,0.46966812014579773,0
3427,3144,0.377935528755188,0
3427,2248,0.3684534430503845,0
3427,3563,0.33419880270957947,0
3427,1680,0.42366525530815125,0
3427,90,0.47839677333831787,0
259,259,0.4838518798351288,1
259,1097,0.4445717930793762,0
259,656,0.47503817081451416,0
259,1798,0.3771774172782898,0
259,3151,0.372779905796051,0
259,2036,0.4907052218914032,0
259,2281,0.36812087893486023,0
259,1717,0.39263176918029785,0
259,1337,0.40159571170806885,0
259,3576,0.46984365582466125,0
259,1895,0.4229723811149597,0
259,733,0.40537771582603455,0
259,1367,0.42451566457748413,0
259,2474,0.40006449818611145,0
259,3670,0.4061209559440613,0
259,3725,0.39097732305526733,0
259,611,0.37337955832481384,0
259,1274,0.38387712836265564,0
259,3882,0.375355064868927,0
259,3406,0.39431825280189514,0
3681,3681,0.3589818775653839,1
3681,494,0.3606211543083191,0
3681,1555,0.3707275986671448,0
3681,973,0.37818583846092224,0
3681,279,0.39536115527153015,0
3681,730,0.40810394287109375,0
3681,2593,0.38725700974464417,0
3681,1210,0.3664463460445404,0
3681,2645,0.39928290247917175,0
3681,1503,0.3606686592102051,0
3681,1828,0.40136468410491943,0
3681,337,0.40384313464164734,0
3681,3903,0.34175530076026917,0
3681,1873,0.35258591175079346,0
3681,2940,0.40740758180618286,0
3681,1866,0.3884526193141937,0
3681,1397,0.4112529456615448,0
3681,1374,0.409243643283844,0
3681,120,0.3880399465560913,0
3681,4134,0.36190342903137207,0
1110,1110,0.3553597331047058,1
1110,3180,0.38011983036994934,0
1110,200,0.40131935477256775,0
1110,3590,0.3519870936870575,0
1110,2335,0.43573102355003357,0
1110,3072,0.3673361539840698,0
1110,1914,0.3520830273628235,0
1110,326,0.37078917026519775,0
1110,798,0.36551231145858765,0
1110,2727,0.4349058270454407,0
1110,1359,0.3498489260673523,0
1110,1244,0.3779352307319641,0
1110,1054,0.4412393867969513,0
1110,491,0.4077012538909912,0
1110,3286,0.3705650866031647,0
1110,2533,0.34171780943870544,0
1110,260,0.37033534049987793,0
1110,2856,0.35837653279304504,0
1110,926,0.4099123477935791,0
1110,3207,0.365810751914978,0
1908,1908,0.4184841811656952,1
1908,2619,0.36974087357521057,0
1908,2971,0.3844260573387146,0
1908,2924,0.3842560052871704,0
1908,3034,0.379009485244751,0
1908,2865,0.3731610178947449,0
1908,3582,0.3532114028930664,0
1908,3371,0.383354127407074,0
1908,1488,0.37062615156173706,0
1908,3140,0.39238449931144714,0
1908,2252,0.39958637952804565,0
1908,2417,0.3707209527492523,0
1908,2805,0.3667760193347931,0
1908,2249,0.39086824655532837,0
1908,2448,0.37145403027534485,0
1908,950,0.3941488265991211,0
1908,3594,0.3738098442554474,0
1908,3212,0.3718355596065521,0
1908,2891,0.4242936372756958,0
1908,803,0.4088984429836273,0
1160,1160,0.3877219259738922,1
1160,162,0.4020504951477051,0
1160,2214,0.3580390214920044,0
1160,1886,0.3445931673049927,0
1160,1326,0.354905903339386,0
1160,1901,0.4009157717227936,0
1160,262,0.4110051989555359,0
1160,1793,0.3572266101837158,0
1160,254,0.3411051034927368,0
1160,42,0.38290679454803467,0
1160,307,0.38640981912612915,0
1160,3955,0.34315404295921326,0
1160,2324,0.42380809783935547,0
1160,308,0.4095246493816376,0
1160,1975,0.38399213552474976,0
1160,519,0.3722897171974182,0
1160,2431,0.3473844528198242,0
1160,1325,0.35312944650650024,0
1160,4157,0.3433714509010315,0
1160,391,0.3662932515144348,0
2378,2378,0.3752633333206177,1
2378,2452,0.4724023938179016,0
2378,3514,0.4253268539905548,0
2378,3902,0.381919264793396,0
2378,4142,0.36865234375,0
2378,368,0.37305232882499695,0
2378,15,0.42141908407211304,0
2378,3383,0.36433765292167664,0
2378,2056,0.4018988609313965,0
2378,3564,0.37010636925697327,0
2378,1445,0.36743250489234924,0
2378,3674,0.3843851685523987,0
2378,3679,0.3530987799167633,0
2378,3038,0.3701171875,0
2378,2081,0.3753906190395355,0
2378,3981,0.38444429636001587,0
2378,2835,0.3950846493244171,0
2378,99,0.41242972016334534,0
2378,1559,0.35896724462509155,0
2378,4157,0.35907503962516785,0
46,46,0.448045015335083,1
46,507,0.37811052799224854,0
46,1008,0.3919706642627716,0
46,1616,0.45722275972366333,0
46,3364,0.3680402338504791,0
46,2973,0.39508646726608276,0
46,3238,0.37840309739112854,0
46,365,0.3888404369354248,0
46,2518,0.3842952251434326,0
46,260,0.40007251501083374,0
46,205,0.42724958062171936,0
46,4013,0.38763102889060974,0
46,1311,0.39654242992401123,0
46,2193,0.38192060589790344,0
46,2793,0.39769408106803894,0
46,2922,0.4124189019203186,0
46,3334,0.3974161148071289,0
46,965,0.40527957677841187,0
46,785,0.3744504749774933,0
46,589,0.3792870342731476,0
2828,2828,0.348018079996109,1
2828,1384,0.38277992606163025,0
2828,177,0.37543028593063354,0
2828,2046,0.4033779799938202,0
2828,1552,0.38471508026123047,0
2828,3208,0.38533279299736023,0
2828,3937,0.3927108943462372,0
2828,2837,0.38498154282569885,0
2828,2036,0.43658074736595154,0
2828,2906,0.35227781534194946,0
2828,327,0.36315861344337463,0
2828,3852,0.3645083010196686,0
2828,48,0.3748144507408142,0
2828,1602,0.36365455389022827,0
2828,2112,0.38437530398368835,0
2828,2420,0.36831796169281006,0
2828,261,0.3982040286064148,0
2828,2317,0.3846161663532257,0
2828,3576,0.44658786058425903,0
2828,1912,0.4018435776233673,0
1054,1054,0.41925328969955444,1
1054,3759,0.3582802414894104,0
1054,1705,0.34790435433387756,0
1054,3964,0.3655738830566406,0
1054,1508,0.36648955941200256,0
1054,758,0.43007907271385193,0
1054,451,0.40517258644104004,0
1054,759,0.3790276050567627,0
1054,1039,0.39401257038116455,0
1054,142,0.38294529914855957,0
1054,489,0.4169018268585205,0
1054,563,0.40006932616233826,0
1054,4159,0.3515208065509796,0
1054,3165,0.39813289046287537,0
1054,2688,0.36300382018089294,0
1054,1034,0.36578819155693054,0
1054,959,0.37046757340431213,0
1054,3423,0.3915972113609314,0
1054,958,0.383649080991745,0
1054,2725,0.356864333152771,0
2940,2940,0.3975309133529663,1
2940,1069,0.38123491406440735,0
2940,818,0.39418143033981323,0
2940,4059,0.3767871558666229,0
2940,3379,0.3757585287094116,0
2940,3050,0.35019150376319885,0
2940,23,0.4271150231361389,0
2940,2963,0.37373507022857666,0
2940,1446,0.365433007478714,0
2940,1963,0.3682451546192169,0
2940,2104,0.45248472690582275,0
2940,3189,0.3705209493637085,0
2940,1447,0.45642557740211487,0
2940,3424,0.3665193021297455,0
2940,2510,0.45687490701675415,0
2940,1810,0.40660542249679565,0
2940,708,0.39613649249076843,0
2940,3285,0.37761616706848145,0
2940,2110,0.38364726305007935,0
2940,3504,0.404195100069046,0
2725,2725,0.3701469600200653,1
2725,2804,0.39331406354904175,0
2725,664,0.34976738691329956,0
2725,1331,0.35057559609413147,0
2725,3188,0.3825035095214844,0
2725,2254,0.3737366497516632,0
2725,2410,0.3445785939693451,0
2725,195,0.39998096227645874,0
2725,3281,0.3520847260951996,0
2725,2859,0.36624565720558167,0
2725,3383,0.35014232993125916,0
2725,1217,0.42595356702804565,0
2725,1882,0.3708873391151428,0
2725,35,0.407713383436203,0
2725,368,0.38277673721313477,0
2725,3097,0.37286537885665894,0
2725,4117,0.3674982488155365,0
2725,583,0.3689812421798706,0
2725,3322,0.3848470151424408,0
2725,644,0.39620286226272583,0
1618,1618,0.3692125380039215,1
1618,3156,0.37551623582839966,0
1618,2407,0.4922175109386444,0
1618,2195,0.3811446726322174,0
1618,1776,0.4093134105205536,0
1618,2374,0.42919349670410156,0
1618,508,0.4105575382709503,0
1618,500,0.3860885798931122,0
1618,1829,0.39919236302375793,0
1618,2422,0.4164406955242157,0
1618,1939,0.3763155937194824,0
1618,2145,0.378131628036499,0
1618,3944,0.39092570543289185,0
1618,1297,0.393949419260025,0
1618,689,0.35995015501976013,0
1618,2819,0.3955923914909363,0
1618,3403,0.36732345819473267,0
1618,403,0.4701954126358032,0
1618,2954,0.3921363651752472,0
1618,3123,0.37297651171684265,0
4121,4121,0.3504185974597931,1
4121,1753,0.4467030465602875,0
4121,3740,0.3973854184150696,0
4121,2300,0.42311328649520874,0
4121,3179,0.33275410532951355,0
4121,2572,0.35482561588287354,0
4121,2446,0.3847695589065552,0
4121,367,0.3887336850166321,0
4121,4078,0.36703240871429443,0
4121,1912,0.38728857040405273,0
4121,1689,0.47082769870758057,0
4121,2213,0.36742109060287476,0
4121,3536,0.3488014042377472,0
4121,4064,0.4128216803073883,0
4121,3222,0.376790851354599,0
4121,1989,0.399767130613327,0
4121,3564,0.3630989193916321,0
4121,1973,0.3759849965572357,0
4121,1367,0.3808227777481079,0
4121,60,0.4124830365180969,0
2886,2886,0.37678295373916626,1
2886,2741,0.35147830843925476,0
2886,2653,0.38834434747695923,0
2886,370,0.3874862790107727,0
2886,2065,0.3817557096481323,0
2886,888,0.4768998622894287,0
2886,3660,0.3890604078769684,0
2886,1216,0.38352030515670776,0
2886,1069,0.3779942989349365,0
2886,2620,0.3713279962539673,0
2886,3874,0.3977264165878296,0
2886,1703,0.48082301020622253,0
2886,1764,0.3650308847427368,0
2886,1157,0.44065648317337036,0
2886,570,0.4131860136985779,0
2886,2969,0.3881358802318573,0
2886,145,0.4039708077907562,0
2886,3748,0.37477952241897583,0
2886,2891,0.4017506241798401,0
2886,3780,0.3699181079864502,0
1348,1348,0.37397128343582153,1
1348,226,0.3783210515975952,0
1348,3551,0.3873938024044037,0
1348,530,0.3872279226779938,0
1348,3391,0.514488160610199,0
1348,145,0.41559574007987976,0
1348,2780,0.3633551299571991,0
1348,3500,0.36415615677833557,0
1348,2886,0.3782079517841339,0
1348,1610,0.4262367784976959,0
1348,3292,0.386261910200119,0
1348,3355,0.3821435570716858,0
1348,3958,0.3657462000846863,0
1348,169,0.41131123900413513,0
1348,1862,0.37960848212242126,0
1348,818,0.38683682680130005,0
1348,2798,0.4045359492301941,0
1348,3341,0.3764321804046631,0
1348,2824,0.3677394688129425,0
1348,1187,0.36776190996170044,0
1179,1179,0.3940383493900299,1
1179,3715,0.3623507022857666,0
1179,978,0.35883578658103943,0
1179,4052,0.35992521047592163,0
1179,2367,0.38260218501091003,0
1179,749,0.429913192987442,0
1179,2307,0.35956010222435,0
1179,1052,0.38117673993110657,0
1179,40,0.39046335220336914,0
1179,2102,0.3590330481529236,0
1179,2390,0.3865230977535248,0
1179,2705,0.3691171407699585,0
1179,3270,0.3900873363018036,0
1179,3828,0.37186428904533386,0
1179,1171,0.40557801723480225,0
1179,3604,0.3801884055137634,0
1179,246,0.36748334765434265,0
1179,2837,0.3883029818534851,0
1179,2644,0.4294779598712921,0
1179,1289,0.3649836480617523,0
2800,2800,0.3821103572845459,1
2800,3341,0.36072781682014465,0
2800,1193,0.3997553884983063,0
2800,102,0.4307931363582611,0
2800,3149,0.4034826159477234,0
2800,878,0.42053496837615967,0
2800,2354,0.36023539304733276,0
2800,3234,0.36186787486076355,0
2800,3343,0.3934313654899597,0
2800,3413,0.36851152777671814,0
2800,916,0.4131179749965668,0
2800,3489,0.37068119645118713,0
2800,2535,0.4111687242984772,0
2800,1412,0.37487608194351196,0
2800,860,0.4125947654247284,0
2800,2814,0.3663334548473358,0
2800,1442,0.4015459418296814,0
2800,2077,0.34312960505485535,0
2800,4123,0.35743194818496704,0
2800,3631,0.3565729260444641,0
2818,2818,0.3568336069583893,1
2818,2403,0.35253065824508667,0
2818,1062,0.3626273274421692,0
2818,181,0.37665799260139465,0
2818,3385,0.32894232869148254,0
2818,2288,0.36562666296958923,0
2818,602,0.3777741491794586,0
2818,2832,0.3632853031158447,0
2818,1101,0.3794209957122803,0
2818,4066,0.35210612416267395,0
2818,1595,0.37390777468681335,0
2818,3346,0.34158089756965637,0
2818,4163,0.3410068154335022,0
2818,4044,0.3525479733943939,0
2818,63,0.3792770206928253,0
2818,2460,0.3952302932739258,0
2818,2621,0.372984379529953,0
2818,213,0.35089564323425293,0
2818,731,0.3735269606113434,0
2818,785,0.35694798827171326,0
596,596,0.35185784101486206,1
596,1198,0.376390278339386,0
596,1845,0.35447126626968384,0
596,534,0.39733174443244934,0
596,3760,0.3784719407558441,0
596,2222,0.40429234504699707,0
596,3569,0.37590640783309937,0
596,1477,0.4173848628997803,0
596,1353,0.34601542353630066,0
596,2485,0.43720102310180664,0
596,876,0.3850867748260498,0
596,2238,0.3616071045398712,0
596,4040,0.3721224367618561,0
596,3823,0.3946817219257355,0
596,44,0.3792307376861572,0
596,749,0.42258796095848083,0
596,94,0.44077712297439575,0
596,3877,0.3806709349155426,0
596,3714,0.364409476518631,0
596,2163,0.3789774775505066,0
2521,2521,0.3474940359592438,1
2521,904,0.3686307668685913,0
2521,946,0.35167795419692993,0
2521,3815,0.36644434928894043,0
2521,71,0.4122665524482727,0
2521,2351,0.3807120621204376,0
2521,3131,0.3563431203365326,0
2521,3264,0.3737175762653351,0
2521,2676,0.3754986822605133,0
2521,3211,0.41087520122528076,0
2521,3276,0.3523991107940674,0
2521,2496,0.4008622169494629,0
2521,3816,0.3582080006599426,0
2521,1069,0.38030779361724854,0
2521,3260,0.3752565383911133,0
2521,3408,0.3789590895175934,0
2521,648,0.4017639756202698,0
2521,2903,0.34961414337158203,0
2521,2760,0.3780604600906372,0
2521,2061,0.3569953143596649,0
1080,1080,0.3845404386520386,1
1080,583,0.3955044150352478,0
1080,479,0.4845682680606842,0
1080,3565,0.37812843918800354,0
1080,3225,0.34314602613449097,0
1080,117,0.4208751916885376,0
1080,499,0.4012494385242462,0
1080,2214,0.38591650128364563,0
1080,2483,0.3759211301803589,0
1080,1233,0.4807639420032501,0
1080,545,0.4524209499359131,0
1080,670,0.3959182798862457,0
1080,2902,0.4070141613483429,0
1080,3876,0.3855336904525757,0
1080,4119,0.355596125125885,0
1080,2457,0.3709218502044678,0
1080,724,0.3689201772212982,0
1080,698,0.39538630843162537,0
1080,2431,0.3640086054801941,0
1080,2451,0.3856036961078644,0
982,982,0.383922278881073,1
982,1040,0.3461645543575287,0
982,377,0.4007226526737213,0
982,3090,0.36748433113098145,0
982,1607,0.3405577540397644,0
982,3231,0.36880820989608765,0
982,1155,0.4377859830856323,0
982,1672,0.34955695271492004,0
982,3062,0.35804805159568787,0
982,3593,0.3433836102485657,0
982,3104,0.3351762592792511,0
982,3570,0.34518906474113464,0
982,2249,0.3695567846298218,0
982,1351,0.37805041670799255,0
982,3521,0.3417874872684479,0
982,3083,0.3467743694782257,0
982,1283,0.3643133044242859,0
982,2858,0.3370094895362854,0
982,1908,0.39212432503700256,0
982,2413,0.3466082513332367,0
3019,3019,0.377811074256897,1
3019,3485,0.37774091958999634,0
3019,3904,0.36540618538856506,0
3019,902,0.47637128829956055,0
3019,2722,0.380921870470047,0
3019,2683,0.37811279296875,0
3019,483,0.4101356863975525,0
3019,925,0.3921179473400116,0
3019,1112,0.4084768295288086,0
3019,926,0.40584784746170044,0
3019,975,0.37586551904678345,0
3019,1721,0.3736145496368408,0
3019,2716,0.38416069746017456,0
3019,238,0.41999363899230957,0
3019,2310,0.39082223176956177,0
3019,1848,0.44622930884361267,0
3019,3513,0.36813822388648987,0
3019,2592,0.37014076113700867,0
3019,944,0.3869645893573761,0
3019,3291,0.5052946209907532,0
3641,3641,0.3810833990573883,1
3641,2880,0.42776814103126526,0
3641,3119,0.4113263487815857,0
3641,1212,0.4300260841846466,0
3641,2199,0.42105427384376526,0
3641,3494,0.40656235814094543,0
3641,2479,0.43673044443130493,0
3641,720,0.36440765857696533,0
3641,1502,0.378933846950531,0
3641,2241,0.38379377126693726,0
3641,3309,0.38095369935035706,0
3641,1769,0.41880935430526733,0
3641,2874,0.39165985584259033,0
3641,1809,0.43752521276474,0
3641,387,0.46323060989379883,0
3641,3479,0.40366604924201965,0
3641,641,0.4598475992679596,0
3641,3224,0.37815627455711365,0
3641,841,0.4264051020145416,0
3641,1492,0.4232380986213684,0
955,955,0.38877058029174805,1
955,438,0.3686918616294861,0
955,845,0.43941226601600647,0
955,3017,0.44726449251174927,0
955,2400,0.39221519231796265,0
955,13,0.3885021209716797,0
955,1960,0.42584484815597534,0
955,2955,0.39952704310417175,0
955,2690,0.3996167778968811,0
955,4020,0.3944452404975891,0
955,2228,0.38707873225212097,0
955,1541,0.4282982349395752,0
955,1401,0.38065195083618164,0
955,3075,0.3870862126350403,0
955,2370,0.36710506677627563,0
955,1452,0.38584014773368835,0
955,2689,0.37329623103141785,0
955,2647,0.40075063705444336,0
955,3779,0.3748614192008972,0
955,2936,0.3830854594707489,0
551,551,0.43461230397224426,1
551,2751,0.347915917634964,0
551,3440,0.366183340549469,0
551,2052,0.4339750409126282,0
551,1397,0.4202907085418701,0
551,1702,0.3552786111831665,0
551,2658,0.39152151346206665,0
551,1016,0.3624988794326782,0
551,306,0.4428742825984955,0
551,105,0.4472038149833679,0
551,651,0.375361829996109,0
551,3957,0.3474746644496918,0
551,4051,0.3842041492462158,0
551,2408,0.37834256887435913,0
551,1612,0.4110102653503418,0
551,2534,0.3792872726917267,0
551,1501,0.36038723587989807,0
551,1240,0.4318482577800751,0
551,2022,0.3893330693244934,0
551,2385,0.3678293824195862,0
1088,1088,0.3448880910873413,1
1088,3036,0.363240122795105,0
1088,3020,0.3904685974121094,0
1088,2779,0.36913320422172546,0
1088,3123,0.35461658239364624,0
1088,1786,0.436686635017395,0
1088,1234,0.33943992853164673,0
1088,3207,0.3579701781272888,0
1088,2177,0.3527364134788513,0
1088,3496,0.32834482192993164,0
1088,3659,0.35689428448677063,0
1088,1301,0.3725726306438446,0
1088,2206,0.3604066073894501,0
1088,246,0.3457558751106262,0
1088,2724,0.3600221872329712,0
1088,2187,0.35982516407966614,0
1088,1802,0.36813271045684814,0
1088,3561,0.3643236756324768,0
1088,805,0.3898088335990906,0
1088,3187,0.35882309079170227,0
20,20,0.3970431387424469,1
20,820,0.35472744703292847,0
20,745,0.37810802459716797,0
20,1861,0.41865766048431396,0
20,673,0.38444721698760986,0
20,2827,0.3529602885246277,0
20,1521,0.37981319427490234,0
20,1397,0.4450598359107971,0
20,1900,0.37618517875671387,0
20,2319,0.45122045278549194,0
20,702,0.3819614052772522,0
20,3840,0.3590866029262543,0
20,730,0.4130323529243469,0
20,96,0.37671971321105957,0
20,2725,0.3649435043334961,0
20,2879,0.37247321009635925,0
20,514,0.3738420605659485,0
20,2793,0.37920302152633667,0
20,1090,0.47833359241485596,0
20,3013,0.4524294435977936,0
1169,1169,0.4045899212360382,1
1169,943,0.4174254536628723,0
1169,3803,0.3571033775806427,0
1169,3020,0.40750908851623535,0
1169,1181,0.395638108253479,0
1169,211,0.37257081270217896,0
1169,1652,0.4324279725551605,0
1169,2811,0.38096925616264343,0
1169,1887,0.36628252267837524,0
1169,541,0.45314985513687134,0
1169,555,0.38260379433631897,0
1169,1407,0.3697616755962372,0
1169,1486,0.3691692650318146,0
1169,2328,0.41341379284858704,0
1169,28,0.3834492266178131,0
1169,527,0.3924430310726166,0
1169,967,0.37478137016296387,0
1169,3280,0.38555774092674255,0
1169,4056,0.3854149580001831,0
1169,203,0.3882267475128174,0
3557,3557,0.38962990045547485,1
3557,256,0.4162464737892151,0
3557,1166,0.38228803873062134,0
3557,17,0.45105037093162537,0
3557,4141,0.3615899980068207,0
3557,384,0.38193801045417786,0
3557,3438,0.3804071247577667,0
3557,3964,0.39144131541252136,0
3557,468,0.4038107097148895,0
3557,3787,0.3838304877281189,0
3557,1289,0.35595548152923584,0
3557,3661,0.37509649991989136,0
3557,1621,0.3890730142593384,0
3557,825,0.38407444953918457,0
3557,2291,0.3830545246601105,0
3557,258,0.3992810845375061,0
3557,3931,0.3744860291481018,0
3557,662,0.41784191131591797,0
3557,2615,0.3573910593986511,0
3557,2250,0.38170576095581055,0
2046,2046,0.3963117003440857,1
2046,3294,0.36022642254829407,0
2046,2577,0.39383208751678467,0
2046,3006,0.38732394576072693,0
2046,1654,0.38308727741241455,0
2046,3712,0.36932069063186646,0
2046,1384,0.38660579919815063,0
2046,4022,0.3445841372013092,0
2046,1467,0.3875526189804077,0
2046,2502,0.3715648353099823,0
2046,2176,0.40666165947914124,0
2046,3352,0.3754204511642456,0
2046,2669,0.37330397963523865,0
2046,3376,0.3963921070098877,0
2046,2329,0.3686445355415344,0
2046,3806,0.39755046367645264,0
2046,3029,0.3798816502094269,0
2046,3729,0.3899255394935608,0
2046,1568,0.3762437701225281,0
2046,3403,0.3501121401786804,0
3478,3478,0.3654243052005768,1
3478,2479,0.404971718788147,0
3478,2856,0.36989080905914307,0
3478,938,0.36904144287109375,0
3478,863,0.39767366647720337,0
3478,844,0.431090772151947,0
3478,1440,0.37416642904281616,0
3478,3745,0.3986574411392212,0
3478,2389,0.3331413269042969,0
3478,2130,0.3936837315559387,0
3478,1229,0.45867297053337097,0
3478,3563,0.3539103865623474,0
3478,3560,0.35526007413864136,0
3478,705,0.3596912920475006,0
3478,1867,0.39020660519599915,0
3478,3632,0.3556278944015503,0
3478,2650,0.3627467751502991,0
3478,3597,0.3751831650733948,0
3478,396,0.4007102847099304,0
3478,2726,0.3566496670246124,0
4151,4151,0.3848062753677368,1
4151,765,0.3907187581062317,0
4151,2582,0.4218345582485199,0
4151,3620,0.35852938890457153,0
4151,680,0.4583635926246643,0
4151,3702,0.35798248648643494,0
4151,1890,0.3459540009498596,0
4151,2685,0.3404848873615265,0
4151,2133,0.35589468479156494,0
4151,846,0.35257551074028015,0
4151,3847,0.33164098858833313,0
4151,3811,0.35234156250953674,0
4151,1574,0.44873160123825073,0
4151,2629,0.42001932859420776,0
4151,1583,0.43748635053634644,0
4151,1858,0.35561081767082214,0
4151,1773,0.407562255859375,0
4151,3412,0.39073264598846436,0
4151,1084,0.40508341789245605,0
4151,951,0.3996081054210663,0
1546,1546,0.3975735902786255,1
1546,1434,0.4175976812839508,0
1546,1606,0.34897395968437195,0
1546,2022,0.3939495086669922,0
1546,2549,0.4499880075454712,0
1546,923,0.41017356514930725,0
1546,4072,0.41579774022102356,0
1546,2331,0.39989975094795227,0
1546,4016,0.3639039397239685,0
1546,2803,0.3747454881668091,0
1546,2447,0.3765982687473297,0
1546,2828,0.3698697090148926,0
1546,951,0.4237726926803589,0
1546,3648,0.35677778720855713,0
1546,1092,0.4010635316371918,0
1546,3378,0.38672611117362976,0
1546,948,0.3492145240306854,0
1546,4105,0.3489528000354767,0
1546,2144,0.4349539279937744,0
1546,2655,0.3821800649166107,0
2867,2867,0.40675240755081177,1
2867,3331,0.36084654927253723,0
2867,3171,0.39036035537719727,0
2867,3182,0.4322642982006073,0
2867,20,0.41904398798942566,0
2867,3701,0.38232147693634033,0
2867,1476,0.391007661819458,0
2867,3269,0.3756266236305237,0
2867,180,0.3617229163646698,0
2867,3875,0.3936735689640045,0
2867,3340,0.387991338968277,0
2867,1759,0.3984994888305664,0
2867,1137,0.3879713714122772,0
2867,2564,0.4560263752937317,0
2867,1935,0.39607203006744385,0
2867,3551,0.3959433138370514,0
2867,3867,0.41682663559913635,0
2867,4119,0.36101529002189636,0
2867,796,0.4208301305770874,0
2867,2455,0.37407970428466797,0
3611,3611,0.349956214427948,1
3611,186,0.3490804433822632,0
3611,2581,0.41771525144577026,0
3611,2297,0.4287457764148712,0
3611,1643,0.3879280984401703,0
3611,3564,0.35429903864860535,0
3611,3094,0.3570115268230438,0
3611,3068,0.346242219209671,0
3611,776,0.43129560351371765,0
3611,1811,0.36757975816726685,0
3611,780,0.4128319025039673,0
3611,1094,0.43894162774086,0
3611,1981,0.36434316635131836,0
3611,343,0.40904298424720764,0
3611,586,0.49946901202201843,0
3611,2961,0.3503849506378174,0
3611,1598,0.38870546221733093,0
3611,497,0.3979005515575409,0
3611,1025,0.40681469440460205,0
3611,2719,0.3612060844898224,0
2240,2240,0.38170546293258667,1
2240,1234,0.3787720203399658,0
2240,705,0.38272035121917725,0
2240,1635,0.3965596556663513,0
2240,1098,0.39725884795188904,0
2240,2681,0.3896092474460602,0
2240,2409,0.4002063572406769,0
2240,3492,0.36619502305984497,0
2240,334,0.42228934168815613,0
2240,1861,0.4087883234024048,0
2240,3178,0.3943987786769867,0
2240,3446,0.3702767789363861,0
2240,3994,0.3768977224826813,0
2240,3539,0.3952372670173645,0
2240,1622,0.4775407016277313,0
2240,2107,0.3842065930366516,0
2240,419,0.3901176154613495,0
2240,995,0.3637361228466034,0
2240,558,0.38927972316741943,0
2240,2528,0.41739600896835327,0
3803,3803,0.3587842881679535,1
3803,726,0.356189489364624,0
3803,3002,0.3470926880836487,0
3803,2099,0.36223992705345154,0
3803,3886,0.34895560145378113,0
3803,203,0.3505934178829193,0
3803,3482,0.3405897319316864,0
3803,330,0.37344568967819214,0
3803,428,0.44001734256744385,0
3803,1948,0.37333419919013977,0
3803,3515,0.36954465508461,0
3803,3811,0.3292718529701233,0
3803,604,0.43088650703430176,0
3803,3355,0.36713486909866333,0
3803,1063,0.3604929745197296,0
3803,1023,0.42307156324386597,0
3803,3699,0.39776501059532166,0
3803,1030,0.4046894311904907,0
3803,2109,0.37094151973724365,0
3803,52,0.3736044466495514,0
1670,1670,0.4343356192111969,1
1670,3823,0.4219944477081299,0
1670,1506,0.36403483152389526,0
1670,2778,0.41484105587005615,0
1670,2535,0.43238565325737,0
1670,1183,0.4191749393939972,0
1670,726,0.36337053775787354,0
1670,2036,0.48938697576522827,0
1670,2076,0.3678981363773346,0
1670,3755,0.3742406964302063,0
1670,919,0.42648667097091675,0
1670,1177,0.3807447552680969,0
1670,1858,0.3776164650917053,0
1670,3305,0.36567357182502747,0
1670,3943,0.3679943084716797,0
1670,87,0.4224044978618622,0
1670,1516,0.44034343957901,0
1670,1179,0.3878926932811737,0
1670,3797,0.38603919744491577,0
1670,1697,0.3979114294052124,0
3766,3766,0.3852674961090088,1
3766,1676,0.3838060796260834,0
3766,3917,0.3733723759651184,0
3766,767,0.39334923028945923,0
3766,2842,0.3815537989139557,0
3766,3940,0.3690432906150818,0
3766,3841,0.36886438727378845,0
3766,630,0.36094632744789124,0
3766,2586,0.36903461813926697,0
3766,1648,0.4284172058105469,0
3766,3174,0.3739720284938812,0
3766,632,0.4093547761440277,0
3766,1147,0.3761046230792999,0
3766,1692,0.4329540729522705,0
3766,3025,0.377241849899292,0
3766,3872,0.38356560468673706,0
3766,1598,0.40252041816711426,0
3766,1301,0.4194878041744232,0
3766,3810,0.3577362895011902,0
3766,1828,0.41620075702667236,0
2689,2689,0.3598781228065491,1
2689,2704,0.41640961170196533,0
2689,1502,0.37138551473617554,0
2689,2699,0.45630449056625366,0
2689,2908,0.3785214126110077,0
2689,3000,0.37068477272987366,0
2689,1812,0.49473169445991516,0
2689,3903,0.3488985002040863,0
2689,2182,0.35782182216644287,0
2689,2600,0.3757811188697815,0
2689,1809,0.42797550559043884,0
2689,1438,0.3839453458786011,0
2689,963,0.362405389547348,0
2689,511,0.37700212001800537,0
2689,1340,0.4122999906539917,0
2689,2280,0.3954460918903351,0
2689,4179,0.3658687472343445,0
2689,1974,0.4093840718269348,0
2689,1709,0.40910089015960693,0
2689,2574,0.3900776505470276,0
1302,1302,0.40050750970840454,1
1302,861,0.403180867433548,0
1302,734,0.4241132438182831,0
1302,483,0.41450145840644836,0
1302,2239,0.4594581723213196,0
1302,3972,0.37652501463890076,0
1302,1585,0.48515215516090393,0
1302,583,0.38822421431541443,0
1302,1246,0.43764573335647583,0
1302,1491,0.39627301692962646,0
1302,2682,0.39467474818229675,0
1302,741,0.3620374798774719,0
1302,1689,0.5026829242706299,0
1302,344,0.48033031821250916,0
1302,1990,0.4066094756126404,0
1302,3622,0.3929446339607239,0
1302,1902,0.3678908348083496,0
1302,2299,0.40002933144569397,0
1302,3894,0.3985009789466858,0
1302,948,0.3741219639778137,0
3511,3511,0.39035362005233765,1
3511,3456,0.40729230642318726,0
3511,2571,0.4062666893005371,0
3511,3061,0.47459906339645386,0
3511,1853,0.39590007066726685,0
3511,498,0.42190712690353394,0
3511,3812,0.3813939392566681,0
3511,2441,0.38897591829299927,0
3511,2360,0.3981572687625885,0
3511,3889,0.4016360342502594,0
3511,1183,0.4051617980003357,0
3511,750,0.3924480378627777,0
3511,545,0.4260728359222412,0
3511,3179,0.35660892724990845,0
3511,1748,0.46949395537376404,0
3511,3826,0.3664887845516205,0
3511,3174,0.3845532238483429,0
3511,1272,0.3994563817977905,0
3511,2012,0.4032510817050934,0
3511,2047,0.36543139815330505,0
3907,3907,0.36773622035980225,1
3907,3463,0.37957367300987244,0
3907,231,0.4071890711784363,0
3907,2054,0.38877907395362854,0
3907,1451,0.3938233256340027,0
3907,3743,0.37700536847114563,0
3907,854,0.43029269576072693,0
3907,2225,0.39683252573013306,0
3907,848,0.4324255585670471,0
3907,3652,0.4340524673461914,0
3907,920,0.4429256319999695,0
3907,2111,0.4791301488876343,0
3907,1292,0.4003264307975769,0
3907,4145,0.3665432631969452,0
3907,3622,0.3702002167701721,0
3907,2817,0.3712831735610962,0
3907,3234,0.36252671480178833,0
3907,3708,0.34969353675842285,0
3907,2127,0.3492404818534851,0
3907,1514,0.34892526268959045,0
1425,1425,0.4622679054737091,1
1425,3555,0.38557538390159607,0
1425,3061,0.49208563566207886,0
1425,748,0.40521806478500366,0
1425,1059,0.4203667640686035,0
1425,3384,0.4003683924674988,0
1425,3159,0.44797956943511963,0
1425,1946,0.392009973526001,0
1425,1211,0.41128990054130554,0
1425,2137,0.40592607855796814,0
1425,707,0.42607438564300537,0
1425,1264,0.42089933156967163,0
1425,1034,0.4022628664970398,0
1425,4048,0.42711636424064636,0
1425,3675,0.4381205439567566,0
1425,2586,0.39383241534233093,0
1425,2028,0.3906533718109131,0
1425,1029,0.39705246686935425,0
1425,1708,0.4272290766239166,0
1425,3908,0.39956557750701904,0
50,50,0.3924725651741028,1
50,4176,0.37643808126449585,0
50,714,0.41005006432533264,0
50,3008,0.3626047372817993,0
50,399,0.4345918297767639,0
50,2809,0.4207924008369446,0
50,2370,0.37859824299812317,0
50,625,0.40700244903564453,0
50,3938,0.3838716447353363,0
50,1253,0.36582258343696594,0
50,976,0.3773626685142517,0
50,2647,0.41785457730293274,0
50,1574,0.45715248584747314,0
50,2947,0.3982333242893219,0
50,2420,0.39904794096946716,0
50,1894,0.4112858176231384,0
50,2528,0.42523884773254395,0
50,3692,0.3689076006412506,0
50,2104,0.4338282346725464,0
50,204,0.4306580424308777,0
2095,2095,0.37178677320480347,1
2095,2558,0.3717673718929291,0
2095,3761,0.36546561121940613,0
2095,2480,0.3879670202732086,0
2095,3373,0.3859654366970062,0
2095,3755,0.37248581647872925,0
2095,2708,0.3674899935722351,0
2095,1144,0.48348191380500793,0
2095,2254,0.37712937593460083,0
2095,945,0.3879324495792389,0
2095,3921,0.3627566695213318,0
2095,2801,0.37457403540611267,0
2095,3832,0.37642142176628113,0
2095,1603,0.37989678978919983,0
2095,1549,0.37418195605278015,0
2095,3429,0.4232776463031769,0
2095,744,0.3867439031600952,0
2095,2127,0.3565959334373474,0
2095,3202,0.3856890797615051,0
2095,714,0.3913775086402893,0
615,615,0.3864292800426483,1
615,1016,0.3478631377220154,0
615,3158,0.39911556243896484,0
615,2504,0.36116519570350647,0
615,3435,0.3572532832622528,0
615,1710,0.393510639667511,0
615,3657,0.3668948709964752,0
615,2817,0.379700630903244,0
615,2873,0.3423660397529602,0
615,3173,0.3899652063846588,0
615,2495,0.38468092679977417,0
615,1363,0.3580569624900818,0
615,51,0.38611963391304016,0
615,2247,0.4947110414505005,0
615,3864,0.3589635193347931,0
615,3640,0.3451843559741974,0
615,1467,0.37281912565231323,0
615,1415,0.40737491846084595,0
615,2756,0.36124613881111145,0
615,760,0.3663010895252228,0
985,985,0.35859179496765137,1
985,599,0.4015987813472748,0
985,3237,0.39630013704299927,0
985,3979,0.39254969358444214,0
985,1172,0.4212994873523712,0
985,3162,0.3543485999107361,0
985,2582,0.4201442003250122,0
985,478,0.38487449288368225,0
985,2161,0.3716062903404236,0
985,2434,0.38314586877822876,0
985,3868,0.3924615979194641,0
985,2908,0.40087807178497314,0
985,1776,0.4060192108154297,0
985,1098,0.39621153473854065,0
985,3976,0.3721897602081299,0
985,3793,0.3778480887413025,0
985,3638,0.3664175271987915,0
985,2579,0.41442742943763733,0
985,381,0.4326910376548767,0
985,217,0.3620515465736389,0
1673,1673,0.4798680543899536,1
1673,1357,0.3908606767654419,0
1673,2539,0.4770030081272125,0
1673,774,0.40465664863586426,0
1673,2426,0.3885138928890228,0
1673,3966,0.3639140725135803,0
1673,1666,0.3937678635120392,0
1673,2424,0.360972136259079,0
1673,2591,0.39605575799942017,0
1673,1167,0.3898368775844574,0
1673,4044,0.3799537122249603,0
1673,2680,0.37906092405319214,0
1673,2740,0.42629170417785645,0
1673,1021,0.46047717332839966,0
1673,2636,0.3923417329788208,0
1673,2019,0.3861190676689148,0
1673,3942,0.42171522974967957,0
1673,1104,0.48270949721336365,0
1673,1245,0.39526334404945374,0
1673,2134,0.3814973831176758,0
1802,1802,0.38196176290512085,1
1802,3544,0.37129780650138855,0
1802,1610,0.4153529703617096,0
1802,1014,0.4281998574733734,0
1802,2245,0.37257832288742065,0
1802,2797,0.3774682581424713,0
1802,3119,0.38866713643074036,0
1802,3235,0.390070378780365,0
1802,102,0.4187679588794708,0
1802,4069,0.348481684923172,0
1802,2548,0.405935138463974,0
1802,1636,0.3950316607952118,0
1802,2982,0.3842237889766693,0
1802,3579,0.36536696553230286,0
1802,303,0.36593523621559143,0
1802,2641,0.36582133173942566,0
1802,3506,0.39139050245285034,0
1802,495,0.42129233479499817,0
1802,3475,0.35456863045692444,0
1802,1648,0.43077465891838074,0
607,607,0.3639852702617645,1
607,264,0.42653894424438477,0
607,2082,0.40334755182266235,0
607,3934,0.4105547368526459,0
607,3485,0.3767874836921692,0
607,219,0.4158206880092621,0
607,3780,0.38932397961616516,0
607,1016,0.3557004928588867,0
607,275,0.39582890272140503,0
607,104,0.46215373277664185,0
607,3717,0.5334734916687012,0
607,2896,0.3822776973247528,0
607,2831,0.3856399655342102,0
607,1783,0.41171708703041077,0
607,3065,0.37300944328308105,0
607,3246,0.3686599135398865,0
607,1035,0.40744680166244507,0
607,1555,0.39829403162002563,0
607,266,0.3610553443431854,0
607,2667,0.4282960891723633,0
2331,2331,0.39720022678375244,1
2331,3949,0.41669976711273193,0
2331,1412,0.4008793532848358,0
2331,2143,0.36794498562812805,0
2331,2747,0.40477630496025085,0
2331,2821,0.38955143094062805,0
2331,3632,0.37864336371421814,0
2331,3688,0.37501972913742065,0
2331,2663,0.44259175658226013,0
2331,2683,0.38850218057632446,0
2331,1171,0.39716440439224243,0
2331,1760,0.3746810257434845,0
2331,2262,0.45102959871292114,0
2331,2603,0.39377710223197937,0
2331,3702,0.37652990221977234,0
2331,2982,0.38661789894104004,0
2331,3677,0.38801220059394836,0
2331,2547,0.39191943407058716,0
2331,3442,0.36883968114852905,0
2331,160,0.4085938036441803,0
59,59,0.40933680534362793,1
59,1912,0.38794130086898804,0
59,2456,0.39485540986061096,0
59,1681,0.3800085484981537,0
59,3978,0.385198175907135,0
59,2580,0.3534092307090759,0
59,3985,0.37110936641693115,0
59,717,0.3619494140148163,0
59,382,0.38197800517082214,0
59,3695,0.3601651191711426,0
59,1228,0.3933703899383545,0
59,2993,0.375867635011673,0
59,2061,0.365276575088501,0
59,653,0.4562777876853943,0
59,1350,0.3767639100551605,0
59,2622,0.35923266410827637,0
59,2934,0.353288471698761,0
59,3566,0.3604356348514557,0
59,1363,0.36096495389938354,0
59,143,0.36198365688323975,0
2308,2308,0.3593080937862396,1
2308,1672,0.3799528181552887,0
2308,393,0.3965863883495331,0
2308,3332,0.3713318705558777,0
2308,1165,0.3656772971153259,0
2308,215,0.4634367525577545,0
2308,2329,0.36208048462867737,0
2308,1969,0.3943483233451843,0
2308,3476,0.37386080622673035,0
2308,1047,0.34917956590652466,0
2308,1687,0.3753904402256012,0
2308,1475,0.381900817155838,0
2308,3797,0.3818133771419525,0
2308,2644,0.4420701563358307,0
2308,1292,0.39140087366104126,0
2308,831,0.41997092962265015,0
2308,1732,0.4698230028152466,0
2308,3395,0.38599780201911926,0
2308,3892,0.33916911482810974,0
2308,1772,0.35615280270576477,0
2514,2514,0.37455466389656067,1
2514,2448,0.34125229716300964,0
2514,969,0.38129922747612,0
2514,634,0.35699740052223206,0
2514,3575,0.33208176493644714,0
2514,1481,0.42333391308784485,0
2514,2647,0.32416823506355286,0
2514,626,0.39273664355278015,0
2514,1790,0.3688898980617523,0
2514,1199,0.35075390338897705,0
2514,1397,0.3840655982494354,0
2514,3225,0.33346593379974365,0
2514,1391,0.3460470139980316,0
2514,98,0.36563578248023987,0
2514,3074,0.3488723635673523,0
2514,489,0.3879874348640442,0
2514,2753,0.3314157724380493,0
2514,2099,0.3481479287147522,0
2514,3322,0.3394235372543335,0
2514,1460,0.3743552565574646,0
1977,1977,0.41351544857025146,1
1977,3556,0.36673465371131897,0
1977,4130,0.41048407554626465,0
1977,1569,0.38787826895713806,0
1977,732,0.44243693351745605,0
1977,3749,0.3843191862106323,0
1977,1194,0.3750462532043457,0
1977,4033,0.3587665259838104,0
1977,915,0.3827342689037323,0
1977,1954,0.45968714356422424,0
1977,3655,0.3481590151786804,0
1977,3099,0.3952905833721161,0
1977,881,0.4300469160079956,0
1977,1726,0.3791368007659912,0
1977,1851,0.37049242854118347,0
1977,1192,0.36906328797340393,0
1977,3868,0.3959120512008667,0
1977,555,0.3771049380302429,0
1977,2866,0.41247886419296265,0
1977,722,0.3552628457546234,0
1562,1562,0.40990039706230164,1
1562,720,0.34570401906967163,0
1562,268,0.37272322177886963,0
1562,1774,0.3996492028236389,0
1562,2211,0.35886070132255554,0
1562,2887,0.36000949144363403,0
1562,607,0.3499329388141632,0
1562,3739,0.4363415539264679,0
1562,3146,0.3263457715511322,0
1562,199,0.4685249924659729,0
1562,544,0.3465040326118469,0
1562,807,0.4215202331542969,0
1562,2478,0.39498528838157654,0
1562,1162,0.37162962555885315,0
1562,2951,0.36514347791671753,0
1562,2652,0.4076869785785675,0
1562,2919,0.4156572222709656,0
1562,1798,0.3620566725730896,0
1562,2735,0.341337651014328,0
1562,2573,0.35206687450408936,0
