movie_local,target_local,score,label
2852,2852,0.4181639850139618,1
2852,2029,0.40987545251846313,0
2852,1446,0.42059391736984253,0
2852,3210,0.41961538791656494,0
2852,101,0.4173325300216675,0
2852,203,0.41789698600769043,0
2852,2819,0.4136292338371277,0
2852,3127,0.4221855401992798,0
2852,1279,0.41284847259521484,0
2852,4166,0.41355767846107483,0
2852,3305,0.4159500002861023,0
2852,3765,0.42583832144737244,0
2852,2949,0.41087809205055237,0
2852,2316,0.41752827167510986,0
2852,567,0.4196757674217224,0
2852,771,0.4149749279022217,0
2852,2569,0.42083168029785156,0
2852,749,0.4243916869163513,0
2852,2258,0.42981141805648804,0
2852,1090,0.4163947105407715,0
1674,1674,0.41127657890319824,1
1674,2725,0.4161655902862549,0
1674,2403,0.4116455614566803,0
1674,2539,0.4208911955356598,0
1674,1746,0.4183744490146637,0
1674,956,0.40956830978393555,0
1674,3225,0.41357457637786865,0
1674,1256,0.413648784160614,0
1674,3514,0.4129054546356201,0
1674,2097,0.4122171401977539,0
1674,823,0.41366255283355713,0
1674,3242,0.4120458960533142,0
1674,2206,0.41458016633987427,0
1674,3931,0.415032297372818,0
1674,3715,0.4128829538822174,0
1674,2891,0.4131236672401428,0
1674,2511,0.41568002104759216,0
1674,3605,0.4153866171836853,0
1674,62,0.4187217950820923,0
1674,2581,0.4167892038822174,0
2613,2613,0.413280725479126,1
2613,2695,0.4125671982765198,0
2613,691,0.42752593755722046,0
2613,3134,0.41388386487960815,0
2613,2679,0.4224129319190979,0
2613,2846,0.42816227674484253,0
2613,960,0.42056459188461304,0
2613,3971,0.4262593686580658,0
2613,24,0.41867920756340027,0
2613,2896,0.4219087064266205,0
2613,164,0.4205772578716278,0
2613,1460,0.42552366852760315,0
2613,2567,0.42144423723220825,0
2613,2765,0.42009636759757996,0
2613,267,0.415016770362854,0
2613,806,0.41940009593963623,0
2613,1075,0.4206906855106354,0
2613,3933,0.4211607873439789,0
2613,2509,0.4209016263484955,0
2613,2342,0.42509883642196655,0
2715,2715,0.4061397910118103,1
2715,1759,0.41458767652511597,0
2715,3669,0.4198720157146454,0
2715,1788,0.4073966145515442,0
2715,278,0.41288304328918457,0
2715,683,0.4154938757419586,0
2715,1325,0.4098074436187744,0
2715,1870,0.4116496443748474,0
2715,1229,0.4138137698173523,0
2715,2642,0.4098409116268158,0
2715,979,0.4138835668563843,0
2715,3103,0.40474069118499756,0
2715,2665,0.4079652726650238,0
2715,3307,0.41140830516815186,0
2715,864,0.40427905321121216,0
2715,3989,0.40840139985084534,0
2715,1609,0.41732269525527954,0
2715,2564,0.4061488211154938,0
2715,1416,0.4171120524406433,0
2715,1429,0.40816444158554077,0
2019,2019,0.4155350923538208,1
2019,690,0.4215988218784332,0
2019,1170,0.41564273834228516,0
2019,1150,0.41198694705963135,0
2019,63,0.41969576478004456,0
2019,2822,0.41842079162597656,0
2019,3261,0.4143744707107544,0
2019,4126,0.41172894835472107,0
2019,3935,0.41626420617103577,0
2019,3975,0.4124907851219177,0
2019,3375,0.41713935136795044,0
2019,1231,0.4187459349632263,0
2019,158,0.4163356423377991,0
2019,3954,0.42121532559394836,0
2019,3078,0.41560569405555725,0
2019,2585,0.42131486535072327,0
2019,700,0.42005425691604614,0
2019,3186,0.4189712405204773,0
2019,3652,0.4188957214355469,0
2019,3391,0.4116707146167755,0
141,141,0.4190528392791748,1
141,3846,0.41685378551483154,0
141,1072,0.4243169128894806,0
141,2298,0.41982269287109375,0
141,3936,0.41720572113990784,0
141,505,0.42091089487075806,0
141,148,0.4177698791027069,0
141,3748,0.43237656354904175,0
141,2820,0.4181321859359741,0
141,3295,0.4243740141391754,0
141,185,0.41764533519744873,0
141,1957,0.4199298918247223,0
141,3351,0.4243263304233551,0
141,2489,0.42790305614471436,0
141,3799,0.42385104298591614,0
141,3823,0.43370726704597473,0
141,3325,0.4160574674606323,0
141,2080,0.4236724376678467,0
141,4123,0.4148961305618286,0
141,13,0.4143645465373993,0
1550,1550,0.4096755385398865,1
1550,1498,0.4178934693336487,0
1550,3665,0.4040224552154541,0
1550,305,0.40071555972099304,0
1550,1748,0.40641888976097107,0
1550,4045,0.40145182609558105,0
1550,3798,0.40555906295776367,0
1550,1816,0.41187793016433716,0
1550,1307,0.40795767307281494,0
1550,3402,0.4089638292789459,0
1550,2745,0.40725672245025635,0
1550,916,0.40280741453170776,0
1550,975,0.4058153033256531,0
1550,1545,0.40471476316452026,0
1550,761,0.40580424666404724,0
1550,344,0.41231685876846313,0
1550,3353,0.40537500381469727,0
1550,1925,0.40512752532958984,0
1550,216,0.4086523950099945,0
1550,13,0.3995254635810852,0
621,621,0.41129064559936523,1
621,3015,0.41895318031311035,0
621,2329,0.4149523377418518,0
621,649,0.4052177667617798,0
621,3738,0.4186980128288269,0
621,4106,0.40654218196868896,0
621,697,0.41195225715637207,0
621,2526,0.41000896692276,0
621,3081,0.40592217445373535,0
621,1688,0.41284894943237305,0
621,2353,0.4102065861225128,0
621,2252,0.40703436732292175,0
621,3240,0.4083722233772278,0
621,339,0.4155631363391876,0
621,2631,0.4093170464038849,0
621,3227,0.40940403938293457,0
621,3430,0.41468313336372375,0
621,314,0.41517555713653564,0
621,2741,0.40841564536094666,0
621,1798,0.4135168194770813,0
1076,1076,0.42448192834854126,1
1076,1401,0.4252685308456421,0
1076,349,0.4190349876880646,0
1076,3269,0.4224502444267273,0
1076,1681,0.43799924850463867,0
1076,3279,0.4167811870574951,0
1076,908,0.4198014736175537,0
1076,2439,0.4189320206642151,0
1076,4009,0.41773325204849243,0
1076,2837,0.42108261585235596,0
1076,89,0.42104947566986084,0
1076,3029,0.4179977476596832,0
1076,449,0.4269202947616577,0
1076,1988,0.42163193225860596,0
1076,1299,0.42324280738830566,0
1076,3520,0.41538771986961365,0
1076,3803,0.41860514879226685,0
1076,3398,0.42044875025749207,0
1076,3604,0.423812597990036,0
1076,324,0.42572441697120667,0
2045,2045,0.4137329161167145,1
2045,2470,0.41323021054267883,0
2045,1566,0.41211074590682983,0
2045,2845,0.41779497265815735,0
2045,145,0.41348087787628174,0
2045,3173,0.410643994808197,0
2045,2980,0.4097788333892822,0
2045,512,0.413467675447464,0
2045,1554,0.41316157579421997,0
2045,2605,0.41262364387512207,0
2045,2345,0.41262087225914,0
2045,2552,0.41925060749053955,0
2045,3154,0.40930330753326416,0
2045,3485,0.4118431806564331,0
2045,3190,0.4261249899864197,0
2045,3022,0.4167253077030182,0
2045,1757,0.4158158302307129,0
2045,2971,0.41624385118484497,0
2045,1923,0.41590416431427,0
2045,3474,0.4112863540649414,0
2494,2494,0.4019225835800171,1
2494,1407,0.41581079363822937,0
2494,3545,0.4149138927459717,0
2494,356,0.41549789905548096,0
2494,518,0.40833568572998047,0
2494,1541,0.41322821378707886,0
2494,3975,0.40649572014808655,0
2494,1359,0.4099777936935425,0
2494,3046,0.41148385405540466,0
2494,2637,0.40801432728767395,0
2494,3766,0.413401335477829,0
2494,1131,0.4089513421058655,0
2494,1659,0.4136527180671692,0
2494,1583,0.4045182168483734,0
2494,3322,0.41044312715530396,0
2494,362,0.4080964922904968,0
2494,3270,0.40860986709594727,0
2494,2116,0.40320658683776855,0
2494,4051,0.4146501421928406,0
2494,116,0.4151281714439392,0
1056,1056,0.40564674139022827,1
1056,1141,0.4111938178539276,0
1056,720,0.4116074740886688,0
1056,297,0.4110795855522156,0
1056,327,0.4132894277572632,0
1056,2133,0.4081483483314514,0
1056,927,0.4129558205604553,0
1056,1449,0.41059938073158264,0
1056,3122,0.4110828638076782,0
1056,2266,0.41566696763038635,0
1056,3151,0.409737765789032,0
1056,944,0.4136507511138916,0
1056,948,0.4128103256225586,0
1056,1563,0.4123285412788391,0
1056,1615,0.41248631477355957,0
1056,420,0.4128706455230713,0
1056,2363,0.4205065369606018,0
1056,3343,0.40678733587265015,0
1056,1394,0.41186702251434326,0
1056,2166,0.41397443413734436,0
2615,2615,0.41967475414276123,1
2615,770,0.4261845052242279,0
2615,311,0.4132425785064697,0
2615,1657,0.41999492049217224,0
2615,3039,0.4268556535243988,0
2615,169,0.41449224948883057,0
2615,1940,0.4254106283187866,0
2615,2222,0.4275253415107727,0
2615,3414,0.4170381426811218,0
2615,179,0.4158403277397156,0
2615,219,0.41702061891555786,0
2615,4056,0.4228050708770752,0
2615,32,0.4194568395614624,0
2615,1163,0.4203369617462158,0
2615,146,0.41999778151512146,0
2615,919,0.4196333587169647,0
2615,1015,0.4265935719013214,0
2615,478,0.42687708139419556,0
2615,2031,0.4178357720375061,0
2615,1771,0.42588287591934204,0
3297,3297,0.40761053562164307,1
3297,345,0.4201943874359131,0
3297,2190,0.41092899441719055,0
3297,325,0.40591466426849365,0
3297,3169,0.40550726652145386,0
3297,2397,0.41214996576309204,0
3297,3697,0.4094688594341278,0
3297,544,0.403616338968277,0
3297,1217,0.4080662727355957,0
3297,698,0.4166344404220581,0
3297,783,0.40587013959884644,0
3297,1525,0.40514734387397766,0
3297,279,0.4083566665649414,0
3297,2866,0.4072951078414917,0
3297,1630,0.4128248691558838,0
3297,969,0.414582759141922,0
3297,1722,0.41298750042915344,0
3297,2623,0.41263675689697266,0
3297,722,0.40948212146759033,0
3297,3627,0.4042693078517914,0
369,369,0.4114074110984802,1
369,421,0.410128653049469,0
369,3009,0.4141971170902252,0
369,877,0.4156777262687683,0
369,1581,0.4172644019126892,0
369,485,0.41062453389167786,0
369,691,0.41647762060165405,0
369,84,0.40631550550460815,0
369,3223,0.4074077010154724,0
369,3083,0.4087449908256531,0
369,1735,0.40693873167037964,0
369,1113,0.4058015048503876,0
369,650,0.416299968957901,0
369,2581,0.4119716286659241,0
369,1304,0.4103753864765167,0
369,1461,0.41292035579681396,0
369,2687,0.4115135073661804,0
369,1391,0.4162044823169708,0
369,3841,0.4109971523284912,0
369,3151,0.40787529945373535,0
443,443,0.41536498069763184,1
443,368,0.41456085443496704,0
443,3547,0.43088674545288086,0
443,3920,0.41883009672164917,0
443,2943,0.41821396350860596,0
443,1393,0.4156837463378906,0
443,914,0.42008262872695923,0
443,1760,0.4168613851070404,0
443,3028,0.4194752275943756,0
443,3112,0.4275754690170288,0
443,263,0.4194822609424591,0
443,585,0.4229748845100403,0
443,3882,0.4216998219490051,0
443,2369,0.42603540420532227,0
443,2267,0.4220138192176819,0
443,884,0.4192360043525696,0
443,1203,0.41587573289871216,0
443,1356,0.4150865077972412,0
443,3609,0.4206620752811432,0
443,3975,0.4149859845638275,0
1637,1637,0.4037167727947235,1
1637,3159,0.40812867879867554,0
1637,1247,0.40487754344940186,0
1637,1809,0.4059121608734131,0
1637,3442,0.40932828187942505,0
1637,2055,0.4074513614177704,0
1637,1893,0.4053434133529663,0
1637,1572,0.4045870900154114,0
1637,621,0.40516287088394165,0
1637,2054,0.4092515707015991,0
1637,793,0.4150939881801605,0
1637,3596,0.4049892723560333,0
1637,478,0.4115351438522339,0
1637,2925,0.40873730182647705,0
1637,3257,0.39820992946624756,0
1637,2104,0.4047206938266754,0
1637,608,0.41006937623023987,0
1637,1706,0.4070340692996979,0
1637,3200,0.4110892117023468,0
1637,619,0.40416258573532104,0
3840,3840,0.422802209854126,1
3840,878,0.43884891271591187,0
3840,2582,0.4203735589981079,0
3840,3172,0.4186898469924927,0
3840,3099,0.4274311661720276,0
3840,563,0.42492178082466125,0
3840,3986,0.4324535131454468,0
3840,3730,0.41858020424842834,0
3840,428,0.42721009254455566,0
3840,3369,0.4285207986831665,0
3840,518,0.42428913712501526,0
3840,165,0.4248160719871521,0
3840,3544,0.4332216680049896,0
3840,3276,0.42589613795280457,0
3840,1262,0.4302605092525482,0
3840,2748,0.4254593849182129,0
3840,187,0.4200424551963806,0
3840,2221,0.41543686389923096,0
3840,2678,0.42694419622421265,0
3840,3977,0.4300156831741333,0
2720,2720,0.41198432445526123,1
2720,3878,0.4117625951766968,0
2720,1227,0.4211183190345764,0
2720,3481,0.41880151629447937,0
2720,1693,0.4117394983768463,0
2720,3995,0.4187661409378052,0
2720,488,0.4154333472251892,0
2720,2215,0.41734349727630615,0
2720,2866,0.4125697910785675,0
2720,1411,0.4197443425655365,0
2720,2876,0.41960644721984863,0
2720,1442,0.4173351526260376,0
2720,1254,0.41567257046699524,0
2720,200,0.41358694434165955,0
2720,2401,0.41643691062927246,0
2720,2820,0.41263073682785034,0
2720,1014,0.4179449677467346,0
2720,3993,0.415431946516037,0
2720,2188,0.4181303381919861,0
2720,1162,0.41753947734832764,0
2776,2776,0.41459113359451294,1
2776,1538,0.4209088683128357,0
2776,1697,0.41565805673599243,0
2776,1230,0.4191245138645172,0
2776,3530,0.4139012098312378,0
2776,748,0.41445833444595337,0
2776,1747,0.41756194829940796,0
2776,2813,0.41443774104118347,0
2776,701,0.41945767402648926,0
2776,3586,0.4143396019935608,0
2776,2182,0.4168938994407654,0
2776,3950,0.4183202385902405,0
2776,1077,0.40980011224746704,0
2776,2191,0.412925124168396,0
2776,1792,0.4152994155883789,0
2776,1685,0.4222818613052368,0
2776,731,0.41856664419174194,0
2776,2049,0.405537873506546,0
2776,2540,0.4149031639099121,0
2776,658,0.4197613596916199,0
145,145,0.4151570200920105,1
145,3121,0.41686177253723145,0
145,350,0.4112500846385956,0
145,839,0.40767017006874084,0
145,1824,0.4228891134262085,0
145,1613,0.4093308448791504,0
145,1219,0.41163673996925354,0
145,534,0.41737762093544006,0
145,3512,0.414899080991745,0
145,2955,0.41152602434158325,0
145,1795,0.4130198657512665,0
145,3261,0.4129228889942169,0
145,3809,0.418753981590271,0
145,3025,0.4207826852798462,0
145,3715,0.4116927981376648,0
145,37,0.41575056314468384,0
145,470,0.4163433611392975,0
145,734,0.41373711824417114,0
145,859,0.40880656242370605,0
145,183,0.4184960424900055,0
999,999,0.4170304238796234,1
999,2182,0.4143578112125397,0
999,2953,0.4137369990348816,0
999,1959,0.41812196373939514,0
999,2225,0.4147883951663971,0
999,3023,0.4171481728553772,0
999,2287,0.41704246401786804,0
999,1572,0.4126698672771454,0
999,499,0.4087378978729248,0
999,424,0.4140964150428772,0
999,3541,0.4154481291770935,0
999,167,0.4120830297470093,0
999,4099,0.4133825898170471,0
999,960,0.413576602935791,0
999,3994,0.41191720962524414,0
999,3778,0.4101836085319519,0
999,3260,0.42081138491630554,0
999,2628,0.41697829961776733,0
999,890,0.41109520196914673,0
999,1556,0.41582804918289185,0
1975,1975,0.41433215141296387,1
1975,659,0.4147169888019562,0
1975,393,0.4155312776565552,0
1975,7,0.4272214472293854,0
1975,1333,0.41525381803512573,0
1975,2701,0.41678494215011597,0
1975,581,0.41647887229919434,0
1975,621,0.41511309146881104,0
1975,3289,0.4168224632740021,0
1975,847,0.41443541646003723,0
1975,1297,0.4153667092323303,0
1975,2860,0.422646701335907,0
1975,1942,0.4209030270576477,0
1975,626,0.4156463146209717,0
1975,2819,0.41166895627975464,0
1975,2792,0.41193944215774536,0
1975,1247,0.4154124855995178,0
1975,122,0.4215758144855499,0
1975,347,0.4183201193809509,0
1975,1102,0.41492241621017456,0
30,30,0.3988268971443176,1
30,240,0.4034803807735443,0
30,2208,0.4095681309700012,0
30,1919,0.4075799882411957,0
30,3353,0.40792739391326904,0
30,291,0.4049619436264038,0
30,1534,0.4064297676086426,0
30,1967,0.41108232736587524,0
30,3048,0.4108227491378784,0
30,1922,0.407562255859375,0
30,2031,0.4056316912174225,0
30,621,0.40706416964530945,0
30,1054,0.40869224071502686,0
30,3340,0.4197356700897217,0
30,2400,0.40640002489089966,0
30,1193,0.40115782618522644,0
30,3524,0.4066462814807892,0
30,2039,0.40147075057029724,0
30,2369,0.41459110379219055,0
30,613,0.41010862588882446,0
144,144,0.4056626260280609,1
144,1790,0.4097915291786194,0
144,2837,0.40874767303466797,0
144,3019,0.408538818359375,0
144,2441,0.41202545166015625,0
144,987,0.40657997131347656,0
144,3187,0.40599632263183594,0
144,2831,0.41368454694747925,0
144,2492,0.407477468252182,0
144,3933,0.40892037749290466,0
144,1530,0.40344780683517456,0
144,2022,0.4087855815887451,0
144,4173,0.40873420238494873,0
144,4063,0.40392595529556274,0
144,2784,0.40540874004364014,0
144,4150,0.40431976318359375,0
144,3380,0.4037964940071106,0
144,3671,0.4079311788082123,0
144,3323,0.404018759727478,0
144,1744,0.41144341230392456,0
3119,3119,0.4167545437812805,1
3119,3852,0.4174926280975342,0
3119,594,0.4081292748451233,0
3119,2810,0.4138443171977997,0
3119,2357,0.41805505752563477,0
3119,3619,0.4149216413497925,0
3119,2599,0.4186908006668091,0
3119,3967,0.4196641445159912,0
3119,1460,0.41881483793258667,0
3119,1449,0.41317445039749146,0
3119,3412,0.4168473482131958,0
3119,1483,0.41518697142601013,0
3119,1656,0.4127874970436096,0
3119,2965,0.4152339696884155,0
3119,1429,0.41136837005615234,0
3119,2980,0.41113579273223877,0
3119,3300,0.4195495843887329,0
3119,968,0.41239142417907715,0
3119,4048,0.41870492696762085,0
3119,896,0.42078012228012085,0
3975,3975,0.4164729416370392,1
3975,3566,0.4185800850391388,0
3975,1220,0.4183577597141266,0
3975,353,0.4299362301826477,0
3975,1914,0.41955333948135376,0
3975,697,0.4203827381134033,0
3975,4039,0.42293548583984375,0
3975,716,0.42613086104393005,0
3975,2079,0.42833226919174194,0
3975,4014,0.4154117703437805,0
3975,899,0.41296082735061646,0
3975,2299,0.4208084046840668,0
3975,1366,0.4195830523967743,0
3975,799,0.41577309370040894,0
3975,2966,0.427440881729126,0
3975,1340,0.4174554944038391,0
3975,2122,0.41568899154663086,0
3975,143,0.419497549533844,0
3975,2708,0.4230020046234131,0
3975,3170,0.4229847192764282,0
2340,2340,0.41316720843315125,1
2340,3076,0.42304956912994385,0
2340,2804,0.41881877183914185,0
2340,3975,0.41376638412475586,0
2340,816,0.41940051317214966,0
2340,2843,0.4235553443431854,0
2340,3735,0.419253945350647,0
2340,3513,0.4305899441242218,0
2340,648,0.4164994955062866,0
2340,2643,0.4230673313140869,0
2340,3501,0.4203636050224304,0
2340,3830,0.41665372252464294,0
2340,938,0.4139971435070038,0
2340,1031,0.41122210025787354,0
2340,3853,0.42075592279434204,0
2340,3011,0.4150434732437134,0
2340,2618,0.41956913471221924,0
2340,3638,0.4188525974750519,0
2340,678,0.42046496272087097,0
2340,872,0.4191494286060333,0
1919,1919,0.4107133746147156,1
1919,3065,0.4084009528160095,0
1919,2639,0.4170542359352112,0
1919,362,0.4086914658546448,0
1919,4163,0.40433233976364136,0
1919,1595,0.4044930934906006,0
1919,1275,0.41337597370147705,0
1919,943,0.4050280451774597,0
1919,2573,0.41197502613067627,0
1919,2373,0.40992438793182373,0
1919,3217,0.40874388813972473,0
1919,3650,0.4151659607887268,0
1919,1098,0.4106365442276001,0
1919,208,0.4055919349193573,0
1919,3121,0.4130013585090637,0
1919,1783,0.4088912010192871,0
1919,529,0.4064021706581116,0
1919,510,0.413224995136261,0
1919,507,0.41231635212898254,0
1919,47,0.408644437789917,0
2412,2412,0.41926109790802,1
2412,2521,0.4152370095252991,0
2412,341,0.4215976893901825,0
2412,3936,0.41619735956192017,0
2412,3209,0.4201008081436157,0
2412,3488,0.42941465973854065,0
2412,1909,0.41637593507766724,0
2412,3484,0.4200012683868408,0
2412,794,0.4166471064090729,0
2412,4100,0.4289278984069824,0
2412,2908,0.42787808179855347,0
2412,480,0.4144187569618225,0
2412,4120,0.42892760038375854,0
2412,760,0.42569267749786377,0
2412,141,0.417472779750824,0
2412,3157,0.4191262722015381,0
2412,199,0.42152348160743713,0
2412,3568,0.42188096046447754,0
2412,3809,0.4236515164375305,0
2412,2502,0.41876691579818726,0
2100,2100,0.41132891178131104,1
2100,941,0.41455721855163574,0
2100,2408,0.41713207960128784,0
2100,386,0.4174720048904419,0
2100,1677,0.414270281791687,0
2100,2268,0.42184969782829285,0
2100,2346,0.4141456186771393,0
2100,3455,0.41291332244873047,0
2100,1610,0.41247233748435974,0
2100,2896,0.4144381582736969,0
2100,1597,0.41236454248428345,0
2100,212,0.41201668977737427,0
2100,1744,0.41658392548561096,0
2100,3385,0.4228944182395935,0
2100,3696,0.4108889698982239,0
2100,3352,0.4162197411060333,0
2100,837,0.41994601488113403,0
2100,3553,0.4150052070617676,0
2100,3124,0.4123733639717102,0
2100,3244,0.41823041439056396,0
3571,3571,0.4096747636795044,1
3571,545,0.4073929786682129,0
3571,2928,0.4034848213195801,0
3571,1669,0.40654081106185913,0
3571,3584,0.40609604120254517,0
3571,4099,0.4089885354042053,0
3571,3366,0.40702033042907715,0
3571,3712,0.40842053294181824,0
3571,2793,0.4089905023574829,0
3571,331,0.4165133237838745,0
3571,214,0.41115403175354004,0
3571,957,0.41605085134506226,0
3571,3564,0.41489213705062866,0
3571,2510,0.4146740734577179,0
3571,1262,0.4136972427368164,0
3571,3049,0.42267856001853943,0
3571,2933,0.4128568172454834,0
3571,3167,0.4110996425151825,0
3571,1069,0.40376752614974976,0
3571,2417,0.4137912392616272,0
933,933,0.40007275342941284,1
933,4106,0.40143904089927673,0
933,175,0.40308523178100586,0
933,2767,0.4086252748966217,0
933,3651,0.4076688885688782,0
933,3217,0.40434375405311584,0
933,1765,0.40302908420562744,0
933,1850,0.3993189334869385,0
933,570,0.40134313702583313,0
933,3372,0.4109339416027069,0
933,462,0.39795756340026855,0
933,3972,0.40912312269210815,0
933,981,0.4061031937599182,0
933,4095,0.4001765847206116,0
933,3092,0.40458208322525024,0
933,2713,0.40785709023475647,0
933,548,0.4005439281463623,0
933,912,0.40973520278930664,0
933,2352,0.41268646717071533,0
933,2925,0.4086131155490875,0
3475,3475,0.4127155840396881,1
3475,2660,0.4122980833053589,0
3475,1922,0.4149630069732666,0
3475,403,0.416983038187027,0
3475,1850,0.40702784061431885,0
3475,2091,0.4139632284641266,0
3475,4154,0.4200810194015503,0
3475,1172,0.4104737639427185,0
3475,56,0.4106088876724243,0
3475,3945,0.4133148491382599,0
3475,3356,0.4156892001628876,0
3475,367,0.4224405288696289,0
3475,393,0.4138563275337219,0
3475,1599,0.42047637701034546,0
3475,1006,0.41379958391189575,0
3475,4102,0.40701961517333984,0
3475,2222,0.42054444551467896,0
3475,3891,0.41541945934295654,0
3475,3057,0.41548866033554077,0
3475,2711,0.40292155742645264,0
888,888,0.41349226236343384,1
888,2133,0.41001373529434204,0
888,3450,0.41501373052597046,0
888,1195,0.40801575779914856,0
888,3679,0.4132944345474243,0
888,2364,0.4142020046710968,0
888,1446,0.41618260741233826,0
888,364,0.4121114909648895,0
888,244,0.4124075174331665,0
888,1147,0.41590070724487305,0
888,2662,0.41065800189971924,0
888,2688,0.4198471009731293,0
888,891,0.41127413511276245,0
888,1913,0.4225054085254669,0
888,190,0.41761907935142517,0
888,2747,0.41105401515960693,0
888,2640,0.41352933645248413,0
888,424,0.41366955637931824,0
888,2590,0.40629637241363525,0
888,3015,0.42083293199539185,0
2916,2916,0.4235078692436218,1
2916,2225,0.4215785264968872,0
2916,4023,0.41945305466651917,0
2916,576,0.4168899655342102,0
2916,2275,0.40887564420700073,0
2916,134,0.4187944829463959,0
2916,3684,0.42263519763946533,0
2916,3499,0.4187311828136444,0
2916,1360,0.41760915517807007,0
2916,2061,0.4271444082260132,0
2916,2233,0.4184744358062744,0
2916,3812,0.416888952255249,0
2916,82,0.4215160310268402,0
2916,693,0.4205322861671448,0
2916,1123,0.4139539897441864,0
2916,135,0.4152732789516449,0
2916,2388,0.4165344536304474,0
2916,2222,0.4275384247303009,0
2916,47,0.4194719195365906,0
2916,3025,0.4276706576347351,0
3855,3855,0.41996073722839355,1
3855,2876,0.4187781810760498,0
3855,3537,0.41373881697654724,0
3855,1002,0.4143831729888916,0
3855,2131,0.4226765036582947,0
3855,1916,0.4189304709434509,0
3855,2192,0.4174685776233673,0
3855,341,0.41617119312286377,0
3855,3921,0.4162132441997528,0
3855,585,0.4184832274913788,0
3855,669,0.41633546352386475,0
3855,2189,0.4239977300167084,0
3855,2329,0.4176907539367676,0
3855,297,0.41389238834381104,0
3855,3388,0.4223209023475647,0
3855,663,0.41418957710266113,0
3855,1918,0.411415159702301,0
3855,1266,0.4231572151184082,0
3855,316,0.4095141291618347,0
3855,4002,0.41389524936676025,0
1051,1051,0.41667941212654114,1
1051,621,0.4182983934879303,0
1051,3023,0.4222832918167114,0
1051,2449,0.4170793294906616,0
1051,99,0.4239756464958191,0
1051,2779,0.4210575222969055,0
1051,1092,0.42067813873291016,0
1051,208,0.4144887328147888,0
1051,1073,0.42099741101264954,0
1051,3526,0.42676714062690735,0
1051,546,0.4138307273387909,0
1051,2902,0.4201757609844208,0
1051,3279,0.414482057094574,0
1051,2304,0.43316054344177246,0
1051,259,0.41040027141571045,0
1051,1216,0.4099375605583191,0
1051,1930,0.41779661178588867,0
1051,3412,0.42114555835723877,0
1051,3807,0.4250617027282715,0
1051,1429,0.4158574938774109,0
295,295,0.4106943607330322,1
295,844,0.4051434099674225,0
295,1079,0.41096940636634827,0
295,798,0.4174518585205078,0
295,2248,0.41460782289505005,0
295,1485,0.4110877215862274,0
295,1891,0.4117204248905182,0
295,615,0.4153940677642822,0
295,3407,0.4150984287261963,0
295,3137,0.4261975586414337,0
295,4128,0.4161229133605957,0
295,2636,0.4100824296474457,0
295,3846,0.4108489751815796,0
295,1644,0.4226491451263428,0
295,461,0.4166206419467926,0
295,1736,0.413260281085968,0
295,123,0.41167062520980835,0
295,3758,0.4159666895866394,0
295,1032,0.40941596031188965,0
295,1561,0.40981221199035645,0
3702,3702,0.41088080406188965,1
3702,234,0.4092133939266205,0
3702,2374,0.41210293769836426,0
3702,3032,0.4141247570514679,0
3702,3212,0.41271311044692993,0
3702,2803,0.4163428843021393,0
3702,962,0.41436243057250977,0
3702,3597,0.4218764901161194,0
3702,2135,0.4076243042945862,0
3702,517,0.4156642556190491,0
3702,2362,0.41677501797676086,0
3702,1807,0.41524404287338257,0
3702,3306,0.4056077003479004,0
3702,2665,0.4067995846271515,0
3702,507,0.4111747741699219,0
3702,2174,0.41610366106033325,0
3702,768,0.4047311842441559,0
3702,2750,0.41264814138412476,0
3702,3082,0.40816694498062134,0
3702,576,0.4065467119216919,0
3074,3074,0.40708857774734497,1
3074,1184,0.406768798828125,0
3074,2700,0.4025292992591858,0
3074,1443,0.39972853660583496,0
3074,105,0.3978285789489746,0
3074,2783,0.404068261384964,0
3074,2171,0.4052123427391052,0
3074,1201,0.4046279788017273,0
3074,2688,0.4085243344306946,0
3074,3514,0.400216668844223,0
3074,1006,0.40338295698165894,0
3074,1961,0.413655549287796,0
3074,3644,0.41046690940856934,0
3074,1684,0.40653112530708313,0
3074,3391,0.39926260709762573,0
3074,3643,0.40314072370529175,0
3074,2702,0.3981172442436218,0
3074,2187,0.40047261118888855,0
3074,2224,0.4126020073890686,0
3074,1859,0.4038469195365906,0
4007,4007,0.4199448227882385,1
4007,2629,0.4123484492301941,0
4007,3619,0.41366663575172424,0
4007,2295,0.41296082735061646,0
4007,3375,0.4144953191280365,0
4007,1475,0.4181010127067566,0
4007,69,0.41826581954956055,0
4007,3959,0.41898098587989807,0
4007,823,0.4120897650718689,0
4007,1112,0.41307398676872253,0
4007,578,0.4102107882499695,0
4007,3466,0.4133091866970062,0
4007,106,0.41705092787742615,0
4007,3403,0.41840869188308716,0
4007,2203,0.4193505048751831,0
4007,2922,0.4204065799713135,0
4007,2432,0.41295576095581055,0
4007,2654,0.4200206398963928,0
4007,71,0.40657398104667664,0
4007,491,0.4122793674468994,0
606,606,0.4058849811553955,1
606,4113,0.41162797808647156,0
606,1762,0.4127563536167145,0
606,811,0.40897461771965027,0
606,3299,0.41081273555755615,0
606,3275,0.41611039638519287,0
606,4061,0.4123615026473999,0
606,3447,0.4121900200843811,0
606,3184,0.41078686714172363,0
606,3053,0.41538840532302856,0
606,319,0.41367512941360474,0
606,1050,0.4103757441043854,0
606,1152,0.4157799482345581,0
606,2872,0.41370129585266113,0
606,1512,0.4138141870498657,0
606,485,0.41240665316581726,0
606,3982,0.41113609075546265,0
606,283,0.4165772795677185,0
606,2142,0.41179126501083374,0
606,111,0.4211684763431549,0
1932,1932,0.4133011996746063,1
1932,168,0.41360265016555786,0
1932,3794,0.4093329608440399,0
1932,3665,0.4110877513885498,0
1932,1256,0.40947145223617554,0
1932,1652,0.4256414473056793,0
1932,4025,0.41349756717681885,0
1932,1991,0.40819963812828064,0
1932,4106,0.40687111020088196,0
1932,1370,0.41661709547042847,0
1932,196,0.41655197739601135,0
1932,178,0.4059920608997345,0
1932,3297,0.41015005111694336,0
1932,1190,0.4130886495113373,0
1932,1638,0.40766066312789917,0
1932,3444,0.40857261419296265,0
1932,3536,0.4063275158405304,0
1932,704,0.4168947637081146,0
1932,514,0.41085636615753174,0
1932,143,0.4118878245353699,0
3205,3205,0.4101991653442383,1
3205,3480,0.41424819827079773,0
3205,3292,0.41588902473449707,0
3205,1650,0.4208192229270935,0
3205,1830,0.42258384823799133,0
3205,1878,0.4171634912490845,0
3205,1825,0.4170638620853424,0
3205,1971,0.4190862774848938,0
3205,3110,0.4206312298774719,0
3205,1145,0.4177553653717041,0
3205,2351,0.42689409852027893,0
3205,3238,0.41513580083847046,0
3205,3691,0.42662549018859863,0
3205,3420,0.4196717143058777,0
3205,3433,0.4203120470046997,0
3205,105,0.41116398572921753,0
3205,926,0.42091378569602966,0
3205,3003,0.42074698209762573,0
3205,120,0.4192815124988556,0
3205,3520,0.4105474352836609,0
16,16,0.4129810333251953,1
16,4005,0.41174763441085815,0
16,3695,0.40698477625846863,0
16,1616,0.42474085092544556,0
16,871,0.4069196581840515,0
16,3019,0.41250932216644287,0
16,1050,0.41100212931632996,0
16,875,0.4145994186401367,0
16,1060,0.4089043140411377,0
16,3042,0.4106902480125427,0
16,4131,0.4171043634414673,0
16,368,0.40821874141693115,0
16,3970,0.41986215114593506,0
16,725,0.41503384709358215,0
16,102,0.4174235761165619,0
16,3910,0.4151632487773895,0
16,841,0.41474828124046326,0
16,3389,0.41339948773384094,0
16,2563,0.40839314460754395,0
16,295,0.40988749265670776,0
54,54,0.4220353662967682,1
54,2531,0.41438961029052734,0
54,2748,0.4140896499156952,0
54,3168,0.4124637246131897,0
54,1179,0.4137169122695923,0
54,2536,0.4229852557182312,0
54,2301,0.4254212975502014,0
54,2842,0.41931039094924927,0
54,1729,0.4174947738647461,0
54,3976,0.41318464279174805,0
54,235,0.41580730676651,0
54,1646,0.4157619774341583,0
54,2993,0.42007318139076233,0
54,3124,0.4125801622867584,0
54,4036,0.4129854440689087,0
54,454,0.4152200222015381,0
54,4080,0.41105180978775024,0
54,2430,0.41200798749923706,0
54,1629,0.4159209132194519,0
54,4049,0.41086700558662415,0
3969,3969,0.41505706310272217,1
3969,238,0.42000237107276917,0
3969,2786,0.4075953960418701,0
3969,939,0.42280858755111694,0
3969,960,0.41636520624160767,0
3969,3832,0.4213443100452423,0
3969,3428,0.4205278754234314,0
3969,1698,0.4134470820426941,0
3969,811,0.41274553537368774,0
3969,4008,0.41828036308288574,0
3969,1124,0.4163217544555664,0
3969,2430,0.4143490791320801,0
3969,1194,0.41416019201278687,0
3969,1767,0.4142335057258606,0
3969,1252,0.41694289445877075,0
3969,4073,0.41700029373168945,0
3969,3486,0.4162502884864807,0
3969,1969,0.41572943329811096,0
3969,3720,0.42319250106811523,0
3969,1876,0.42415422201156616,0
3224,3224,0.4123414158821106,1
3224,1464,0.4101583957672119,0
3224,644,0.4048902690410614,0
3224,3683,0.419251024723053,0
3224,3495,0.41598671674728394,0
3224,3535,0.4105697274208069,0
3224,1741,0.40630489587783813,0
3224,1561,0.40778011083602905,0
3224,2477,0.41628018021583557,0
3224,1278,0.41189536452293396,0
3224,117,0.41455596685409546,0
3224,2547,0.41306447982788086,0
3224,2485,0.413088321685791,0
3224,2060,0.41300368309020996,0
3224,2016,0.4090732932090759,0
3224,478,0.41774141788482666,0
3224,3517,0.4097689390182495,0
3224,758,0.4097522497177124,0
3224,2638,0.41724541783332825,0
3224,3000,0.41018980741500854,0
1567,1567,0.41159260272979736,1
1567,3504,0.41444122791290283,0
1567,1269,0.4162418246269226,0
1567,965,0.4108692705631256,0
1567,1671,0.41652077436447144,0
1567,2981,0.41037288308143616,0
1567,3007,0.4159333407878876,0
1567,786,0.40856701135635376,0
1567,1652,0.42565667629241943,0
1567,309,0.4094880521297455,0
1567,2066,0.41406750679016113,0
1567,676,0.4164257049560547,0
1567,1170,0.41262567043304443,0
1567,912,0.41642457246780396,0
1567,1426,0.42138975858688354,0
1567,975,0.41373443603515625,0
1567,1486,0.4109910726547241,0
1567,3844,0.4142248034477234,0
1567,756,0.4123767614364624,0
1567,1986,0.41314589977264404,0
3919,3919,0.41652166843414307,1
3919,3352,0.4195951819419861,0
3919,2577,0.40793752670288086,0
3919,3210,0.418565571308136,0
3919,603,0.4268079996109009,0
3919,3368,0.42109382152557373,0
3919,105,0.4111320376396179,0
3919,141,0.41559553146362305,0
3919,1133,0.4161872863769531,0
3919,2595,0.41628074645996094,0
3919,1051,0.4149891436100006,0
3919,3898,0.41928958892822266,0
3919,2884,0.4208090305328369,0
3919,2862,0.4168809950351715,0
3919,878,0.4305136203765869,0
3919,3780,0.4160555601119995,0
3919,226,0.41569772362709045,0
3919,1994,0.41646355390548706,0
3919,3508,0.4210493862628937,0
3919,3839,0.42551541328430176,0
178,178,0.4031914472579956,1
178,2132,0.41176658868789673,0
178,1605,0.4085385799407959,0
178,1143,0.40223902463912964,0
178,2258,0.4199363589286804,0
178,3604,0.41102808713912964,0
178,3309,0.4055017828941345,0
178,1171,0.41550254821777344,0
178,2018,0.4143788814544678,0
178,1410,0.4148285388946533,0
178,3549,0.4120877981185913,0
178,30,0.40132030844688416,0
178,3620,0.40688568353652954,0
178,3253,0.4106385409832001,0
178,1717,0.4085272550582886,0
178,933,0.40379053354263306,0
178,2744,0.40754926204681396,0
178,58,0.4126468896865845,0
178,3033,0.4010552167892456,0
178,2507,0.4035935401916504,0
420,420,0.413274884223938,1
420,2078,0.4086582362651825,0
420,3573,0.4106731414794922,0
420,2983,0.4198027551174164,0
420,1553,0.40997153520584106,0
420,1969,0.41227173805236816,0
420,3724,0.4177590012550354,0
420,3417,0.41264647245407104,0
420,725,0.41487959027290344,0
420,261,0.4134918451309204,0
420,1315,0.4078250527381897,0
420,3896,0.4136459231376648,0
420,1492,0.4161888360977173,0
420,3669,0.42094504833221436,0
420,1827,0.415208637714386,0
420,666,0.41410043835639954,0
420,58,0.4156721830368042,0
420,3437,0.4146907925605774,0
420,3980,0.4092760682106018,0
420,2313,0.4135860800743103,0
1736,1736,0.41252321004867554,1
1736,3006,0.4215976297855377,0
1736,2791,0.41261762380599976,0
1736,2305,0.41042959690093994,0
1736,1959,0.4178575575351715,0
1736,2529,0.41098013520240784,0
1736,1352,0.42664939165115356,0
1736,1833,0.4086771011352539,0
1736,224,0.41318047046661377,0
1736,1176,0.41267138719558716,0
1736,1215,0.42561715841293335,0
1736,4059,0.41454869508743286,0
1736,3654,0.4088044762611389,0
1736,2141,0.42290621995925903,0
1736,356,0.420260488986969,0
1736,90,0.4100636839866638,0
1736,3849,0.4222218990325928,0
1736,1272,0.41293248534202576,0
1736,1219,0.41165000200271606,0
1736,3150,0.4141606092453003,0
2446,2446,0.4090293049812317,1
2446,2484,0.41987550258636475,0
2446,4089,0.41160428524017334,0
2446,1353,0.41127270460128784,0
2446,816,0.4131733775138855,0
2446,2827,0.40832874178886414,0
2446,0,0.4099932014942169,0
2446,1008,0.4171319901943207,0
2446,629,0.4151524007320404,0
2446,3201,0.4135376513004303,0
2446,3780,0.4106268882751465,0
2446,994,0.4189223647117615,0
2446,3116,0.40745654702186584,0
2446,2662,0.40877044200897217,0
2446,787,0.410211980342865,0
2446,3752,0.4188101887702942,0
2446,3697,0.4112216830253601,0
2446,351,0.4118155837059021,0
2446,4094,0.4135175347328186,0
2446,3434,0.41421985626220703,0
3179,3179,0.4229583740234375,1
3179,3570,0.4233333468437195,0
3179,3242,0.41742953658103943,0
3179,3138,0.4361686408519745,0
3179,702,0.414980411529541,0
3179,2089,0.41804033517837524,0
3179,3071,0.4100005030632019,0
3179,766,0.4232477843761444,0
3179,1079,0.41720473766326904,0
3179,3619,0.42102837562561035,0
3179,3434,0.42286503314971924,0
3179,2911,0.4242231547832489,0
3179,1963,0.4207494854927063,0
3179,300,0.42289605736732483,0
3179,877,0.42602458596229553,0
3179,2174,0.4272195100784302,0
3179,1187,0.4187762439250946,0
3179,104,0.41592639684677124,0
3179,3530,0.41806256771087646,0
3179,910,0.4178154468536377,0
1368,1368,0.4100092053413391,1
1368,3173,0.4101852774620056,0
1368,829,0.41380739212036133,0
1368,3648,0.4132845401763916,0
1368,3105,0.41637247800827026,0
1368,2820,0.410724014043808,0
1368,1290,0.4164981245994568,0
1368,668,0.41777923703193665,0
1368,1664,0.4144427478313446,0
1368,420,0.41418442130088806,0
1368,2251,0.413810133934021,0
1368,2426,0.4146523177623749,0
1368,2578,0.4168224334716797,0
1368,3983,0.4049966633319855,0
1368,3675,0.4213060438632965,0
1368,3088,0.42305800318717957,0
1368,726,0.4206070601940155,0
1368,117,0.4154735803604126,0
1368,2817,0.40924134850502014,0
1368,3114,0.412133127450943,0
1327,1327,0.4153977930545807,1
1327,111,0.4219290614128113,0
1327,372,0.41440004110336304,0
1327,89,0.4130423963069916,0
1327,2895,0.41687560081481934,0
1327,2600,0.4104470908641815,0
1327,291,0.41048580408096313,0
1327,3213,0.40881285071372986,0
1327,2956,0.4167330861091614,0
1327,1574,0.4121764898300171,0
1327,2423,0.4191907048225403,0
1327,2383,0.4099056124687195,0
1327,3735,0.4148063659667969,0
1327,3318,0.41429996490478516,0
1327,777,0.413002073764801,0
1327,12,0.4111595153808594,0
1327,1296,0.42114606499671936,0
1327,3475,0.4118350148200989,0
1327,3156,0.4115094542503357,0
1327,179,0.4083276391029358,0
1882,1882,0.4125215411186218,1
1882,2837,0.40987613797187805,0
1882,1153,0.40897154808044434,0
1882,3183,0.40841954946517944,0
1882,3353,0.41056469082832336,0
1882,3447,0.4101666808128357,0
1882,2624,0.4134741425514221,0
1882,3301,0.408194899559021,0
1882,762,0.40299028158187866,0
1882,263,0.4111117720603943,0
1882,3729,0.40778839588165283,0
1882,1969,0.4105517268180847,0
1882,2043,0.4176673889160156,0
1882,186,0.4104745388031006,0
1882,2211,0.40667855739593506,0
1882,1904,0.4101833701133728,0
1882,345,0.4209725856781006,0
1882,1652,0.4235837459564209,0
1882,3958,0.413127601146698,0
1882,1045,0.415355384349823,0
3306,3306,0.40801164507865906,1
3306,436,0.4085390865802765,0
3306,2532,0.40559425950050354,0
3306,1583,0.4065701365470886,0
3306,433,0.40696412324905396,0
3306,905,0.4238942861557007,0
3306,404,0.4169921875,0
3306,2977,0.40961140394210815,0
3306,337,0.41485995054244995,0
3306,240,0.4091968834400177,0
3306,1096,0.4150869846343994,0
3306,2752,0.4149121046066284,0
3306,885,0.41380414366722107,0
3306,3994,0.40991514921188354,0
3306,967,0.41130128502845764,0
3306,227,0.4159019887447357,0
3306,2036,0.42040425539016724,0
3306,2816,0.4222160577774048,0
3306,1847,0.4075227677822113,0
3306,2210,0.41492801904678345,0
2841,2841,0.4093071222305298,1
2841,3470,0.41114431619644165,0
2841,3310,0.41368934512138367,0
2841,1365,0.4074559211730957,0
2841,3479,0.4159601032733917,0
2841,66,0.4066902995109558,0
2841,394,0.4136856198310852,0
2841,2085,0.4097747802734375,0
2841,580,0.41440969705581665,0
2841,650,0.41616201400756836,0
2841,2915,0.4142506718635559,0
2841,829,0.41140255331993103,0
2841,1772,0.41060304641723633,0
2841,856,0.4181280732154846,0
2841,2863,0.4122834801673889,0
2841,399,0.4110008776187897,0
2841,3653,0.41636884212493896,0
2841,1269,0.41510504484176636,0
2841,675,0.40767958760261536,0
2841,307,0.41656219959259033,0
508,508,0.4076240658760071,1
508,2908,0.41683298349380493,0
508,3161,0.41688334941864014,0
508,3925,0.41336697340011597,0
508,3980,0.4066402316093445,0
508,3260,0.4161478579044342,0
508,649,0.402822881937027,0
508,2444,0.4045400619506836,0
508,1500,0.4161146581172943,0
508,869,0.40694761276245117,0
508,3534,0.4069184362888336,0
508,128,0.4051288962364197,0
508,1944,0.406497597694397,0
508,2336,0.4089045226573944,0
508,1022,0.407498836517334,0
508,1770,0.41087186336517334,0
508,2969,0.41533756256103516,0
508,3524,0.4092597961425781,0
508,3753,0.40527084469795227,0
508,2035,0.40226951241493225,0
3612,3612,0.41622570157051086,1
3612,2285,0.4201566278934479,0
3612,4016,0.42470303177833557,0
3612,280,0.4304216802120209,0
3612,3044,0.42182520031929016,0
3612,2775,0.41843271255493164,0
3612,2466,0.4195370376110077,0
3612,3376,0.4195508062839508,0
3612,1962,0.4274168312549591,0
3612,153,0.41914135217666626,0
3612,1064,0.42546528577804565,0
3612,1976,0.42456045746803284,0
3612,2916,0.4238073229789734,0
3612,1478,0.417933851480484,0
3612,3501,0.4240065813064575,0
3612,3405,0.415898859500885,0
3612,3827,0.4189431071281433,0
3612,452,0.4172922670841217,0
3612,2854,0.4133632779121399,0
3612,3445,0.4254724085330963,0
962,962,0.407336562871933,1
962,609,0.4033011198043823,0
962,2080,0.4049246311187744,0
962,2406,0.40112727880477905,0
962,80,0.40106073021888733,0
962,2598,0.4045369327068329,0
962,720,0.40178459882736206,0
962,1700,0.40835297107696533,0
962,574,0.405006468296051,0
962,923,0.39719563722610474,0
962,83,0.40614885091781616,0
962,297,0.4015829563140869,0
962,1721,0.39631128311157227,0
962,1542,0.4026612639427185,0
962,2593,0.402151495218277,0
962,1038,0.4044754207134247,0
962,1422,0.39402931928634644,0
962,2479,0.4096676707267761,0
962,126,0.4072633385658264,0
962,2481,0.4062528908252716,0
3637,3637,0.41974061727523804,1
3637,4176,0.41684961318969727,0
3637,1911,0.4237162470817566,0
3637,3670,0.43281289935112,0
3637,1570,0.4165634512901306,0
3637,915,0.42435407638549805,0
3637,2371,0.4264187216758728,0
3637,1799,0.4307512044906616,0
3637,3332,0.4158019423484802,0
3637,1749,0.42581066489219666,0
3637,3221,0.4312995672225952,0
3637,1447,0.4239081144332886,0
3637,992,0.4140586853027344,0
3637,738,0.424058735370636,0
3637,3413,0.42373764514923096,0
3637,2997,0.42288482189178467,0
3637,468,0.41945597529411316,0
3637,1132,0.4188316762447357,0
3637,4160,0.4272610545158386,0
3637,255,0.4237426817417145,0
3432,3432,0.41942766308784485,1
3432,1201,0.4193185567855835,0
3432,1249,0.424259215593338,0
3432,1427,0.41810715198516846,0
3432,108,0.4185018539428711,0
3432,2906,0.4124971330165863,0
3432,3184,0.41618892550468445,0
3432,1759,0.42134004831314087,0
3432,2349,0.42026418447494507,0
3432,3972,0.42027419805526733,0
3432,647,0.41308891773223877,0
3432,2787,0.4250510632991791,0
3432,71,0.4096219539642334,0
3432,1671,0.4211156368255615,0
3432,759,0.4250584840774536,0
3432,3428,0.4214540123939514,0
3432,4046,0.417853444814682,0
3432,3663,0.42489153146743774,0
3432,3657,0.4138590097427368,0
3432,1228,0.41508856415748596,0
3021,3021,0.41037359833717346,1
3021,3874,0.4110770523548126,0
3021,3929,0.415557324886322,0
3021,2847,0.4235937297344208,0
3021,274,0.42343002557754517,0
3021,1146,0.41067731380462646,0
3021,3185,0.4196784496307373,0
3021,813,0.43390172719955444,0
3021,537,0.4092518389225006,0
3021,1268,0.42244189977645874,0
3021,1016,0.41565603017807007,0
3021,136,0.41151705384254456,0
3021,1044,0.42112821340560913,0
3021,1810,0.41874122619628906,0
3021,180,0.41717731952667236,0
3021,1017,0.41714805364608765,0
3021,2893,0.4158470630645752,0
3021,2779,0.41831403970718384,0
3021,328,0.41891545057296753,0
3021,2,0.41350454092025757,0
2524,2524,0.41472128033638,1
2524,2548,0.4109547734260559,0
2524,4101,0.41682565212249756,0
2524,2297,0.4165058732032776,0
2524,2777,0.41363030672073364,0
2524,1312,0.4176737666130066,0
2524,3439,0.4234238564968109,0
2524,2593,0.4129800498485565,0
2524,2629,0.4103230834007263,0
2524,333,0.4205170273780823,0
2524,3292,0.41088563203811646,0
2524,1461,0.4151442050933838,0
2524,789,0.4121059477329254,0
2524,2809,0.41130685806274414,0
2524,2371,0.41655218601226807,0
2524,614,0.4155263900756836,0
2524,3881,0.4077500104904175,0
2524,1233,0.4140560030937195,0
2524,164,0.4124317169189453,0
2524,1979,0.4126344919204712,0
4025,4025,0.41249990463256836,1
4025,3885,0.4131656885147095,0
4025,1585,0.41545048356056213,0
4025,229,0.41162270307540894,0
4025,1773,0.41797953844070435,0
4025,935,0.40549588203430176,0
4025,371,0.40783047676086426,0
4025,1375,0.40837496519088745,0
4025,752,0.40970662236213684,0
4025,62,0.41421639919281006,0
4025,1586,0.40927913784980774,0
4025,3903,0.4070349335670471,0
4025,798,0.4150587320327759,0
4025,1465,0.4143270254135132,0
4025,2346,0.41236844658851624,0
4025,569,0.40504246950149536,0
4025,2957,0.41300395131111145,0
4025,1982,0.4173808693885803,0
4025,155,0.41527649760246277,0
4025,147,0.4112775921821594,0
3326,3326,0.4103805720806122,1
3326,3485,0.4099350869655609,0
3326,2916,0.41434305906295776,0
3326,1322,0.4125555753707886,0
3326,204,0.4134691059589386,0
3326,4175,0.4120807647705078,0
3326,1112,0.4108857214450836,0
3326,2660,0.41006869077682495,0
3326,2896,0.41225916147232056,0
3326,2292,0.41284435987472534,0
3326,2094,0.41457000374794006,0
3326,335,0.4160143733024597,0
3326,3793,0.4167250990867615,0
3326,2004,0.4112568795681,0
3326,3679,0.41100504994392395,0
3326,2164,0.4180426597595215,0
3326,2261,0.41344982385635376,0
3326,3982,0.410531610250473,0
3326,960,0.41107189655303955,0
3326,552,0.4092317223548889,0
155,155,0.4151664972305298,1
155,2631,0.40903380513191223,0
155,2798,0.40506958961486816,0
155,2762,0.4174565076828003,0
155,3918,0.4130721688270569,0
155,3188,0.4187324047088623,0
155,3418,0.41077739000320435,0
155,275,0.41718247532844543,0
155,1465,0.4139273464679718,0
155,2060,0.4116749167442322,0
155,3023,0.4145727753639221,0
155,844,0.4025053381919861,0
155,2347,0.4101468622684479,0
155,1429,0.4082549512386322,0
155,4070,0.42053771018981934,0
155,332,0.40710121393203735,0
155,1032,0.40820616483688354,0
155,3791,0.41325312852859497,0
155,3620,0.40875253081321716,0
155,3302,0.4133586287498474,0
578,578,0.4105382263660431,1
578,3267,0.41397160291671753,0
578,1268,0.42062753438949585,0
578,2481,0.4191563129425049,0
578,3788,0.4182860255241394,0
578,3643,0.41472935676574707,0
578,3376,0.4138209819793701,0
578,1394,0.4149497151374817,0
578,2500,0.41798895597457886,0
578,2257,0.41312360763549805,0
578,1618,0.4142875671386719,0
578,1814,0.41618379950523376,0
578,868,0.4144284129142761,0
578,2347,0.41386836767196655,0
578,1842,0.42013776302337646,0
578,950,0.4210595488548279,0
578,2087,0.4182875156402588,0
578,4094,0.4161664843559265,0
578,597,0.41596531867980957,0
578,787,0.4124872386455536,0
1315,1315,0.4066605865955353,1
1315,617,0.3988948166370392,0
1315,3942,0.41208964586257935,0
1315,1572,0.4095813035964966,0
1315,3188,0.4178471565246582,0
1315,64,0.4058332145214081,0
1315,746,0.41080570220947266,0
1315,2866,0.408467561006546,0
1315,489,0.41304972767829895,0
1315,559,0.41220664978027344,0
1315,432,0.40515485405921936,0
1315,3712,0.4091113209724426,0
1315,4146,0.4130195081233978,0
1315,2998,0.4128075838088989,0
1315,941,0.4118195176124573,0
1315,2328,0.4139672517776489,0
1315,2535,0.41387102007865906,0
1315,1691,0.40962186455726624,0
1315,17,0.4191824793815613,0
1315,1802,0.4082251787185669,0
4178,4178,0.41876348853111267,1
4178,777,0.41727039217948914,0
4178,1862,0.4144721031188965,0
4178,1064,0.4217485189437866,0
4178,1131,0.4171418249607086,0
4178,848,0.41982489824295044,0
4178,1211,0.4234066605567932,0
4178,1998,0.4193453788757324,0
4178,306,0.42080724239349365,0
4178,1230,0.4208587408065796,0
4178,221,0.41634654998779297,0
4178,2641,0.4181470274925232,0
4178,3664,0.4131721556186676,0
4178,332,0.4132840037345886,0
4178,1376,0.4170374572277069,0
4178,3771,0.414804071187973,0
4178,3631,0.42619770765304565,0
4178,1251,0.4188937246799469,0
4178,68,0.41859549283981323,0
4178,1187,0.4160436987876892,0
2341,2341,0.40475910902023315,1
2341,2386,0.4106079936027527,0
2341,1579,0.41081351041793823,0
2341,2354,0.41011837124824524,0
2341,3630,0.4081698954105377,0
2341,511,0.4084971249103546,0
2341,302,0.4112780690193176,0
2341,1126,0.41611558198928833,0
2341,3753,0.40631699562072754,0
2341,2805,0.4119233191013336,0
2341,3709,0.41130104660987854,0
2341,3992,0.41376280784606934,0
2341,3723,0.40272045135498047,0
2341,909,0.4165247082710266,0
2341,2207,0.40702205896377563,0
2341,1519,0.41419678926467896,0
2341,3273,0.41672325134277344,0
2341,1292,0.4131545424461365,0
2341,3306,0.4063706696033478,0
2341,2295,0.40955662727355957,0
3788,3788,0.4162294864654541,1
3788,1794,0.4138113260269165,0
3788,318,0.4132115840911865,0
3788,3732,0.41362464427948,0
3788,1704,0.4160597324371338,0
3788,1875,0.4157559275627136,0
3788,477,0.41223156452178955,0
3788,687,0.4069097638130188,0
3788,3447,0.41309094429016113,0
3788,1438,0.4139498472213745,0
3788,195,0.4034757614135742,0
3788,1319,0.4137874245643616,0
3788,558,0.4138897955417633,0
3788,1498,0.4270157217979431,0
3788,2593,0.4134640693664551,0
3788,3043,0.4141348600387573,0
3788,3868,0.4223359227180481,0
3788,2712,0.4234997630119324,0
3788,3453,0.41063159704208374,0
3788,1291,0.41294580698013306,0
1964,1964,0.4154338538646698,1
1964,4122,0.4208530783653259,0
1964,2575,0.42035922408103943,0
1964,2246,0.42077910900115967,0
1964,844,0.4124939441680908,0
1964,407,0.4256839156150818,0
1964,2042,0.42162954807281494,0
1964,2200,0.42419305443763733,0
1964,1597,0.4199802279472351,0
1964,1541,0.4255068898200989,0
1964,3411,0.4283977746963501,0
1964,570,0.4171462059020996,0
1964,3384,0.42376047372817993,0
1964,266,0.42690950632095337,0
1964,4097,0.425234854221344,0
1964,3108,0.4164016544818878,0
1964,1623,0.41890859603881836,0
1964,1507,0.4181830585002899,0
1964,1504,0.4216862618923187,0
1964,1256,0.4190378785133362,0
3664,3664,0.4012218713760376,1
3664,1082,0.39957380294799805,0
3664,1240,0.4057762324810028,0
3664,1635,0.40899500250816345,0
3664,3237,0.408828467130661,0
3664,65,0.40690702199935913,0
3664,434,0.4034005403518677,0
3664,4098,0.4055468440055847,0
3664,3652,0.40818583965301514,0
3664,1649,0.4077598452568054,0
3664,3667,0.4074563682079315,0
3664,2262,0.400061696767807,0
3664,1924,0.403952956199646,0
3664,949,0.4058927297592163,0
3664,4111,0.4075510501861572,0
3664,642,0.39815208315849304,0
3664,3041,0.4007021188735962,0
3664,1508,0.40601634979248047,0
3664,2135,0.40292882919311523,0
3664,1572,0.40436938405036926,0
910,910,0.41308048367500305,1
910,2153,0.4111912250518799,0
910,3873,0.42648833990097046,0
910,2435,0.42330503463745117,0
910,1533,0.41643884778022766,0
910,313,0.41382649540901184,0
910,2050,0.42570942640304565,0
910,3348,0.4158931374549866,0
910,2747,0.4131348133087158,0
910,2063,0.41907402873039246,0
910,676,0.4200218915939331,0
910,719,0.4138050973415375,0
910,1343,0.41911545395851135,0
910,3766,0.4205506443977356,0
910,2401,0.4174576997756958,0
910,478,0.42219382524490356,0
910,3974,0.41896137595176697,0
910,1788,0.4127769470214844,0
910,1101,0.4190608263015747,0
910,3306,0.41132816672325134,0
121,121,0.40581798553466797,1
121,739,0.4097273051738739,0
121,2273,0.40662604570388794,0
121,1895,0.4102109372615814,0
121,610,0.40508270263671875,0
121,1470,0.4089396595954895,0
121,1197,0.4067162275314331,0
121,2554,0.40494051575660706,0
121,3987,0.40757283568382263,0
121,3079,0.4068753123283386,0
121,2402,0.4070765972137451,0
121,3366,0.4049714207649231,0
121,703,0.40386730432510376,0
121,4052,0.41382867097854614,0
121,2106,0.4067034125328064,0
121,419,0.41494640707969666,0
121,1473,0.412789523601532,0
121,2994,0.4161476194858551,0
121,2504,0.4057066738605499,0
121,3280,0.41251683235168457,0
3377,3377,0.4145897626876831,1
3377,1598,0.40918952226638794,0
3377,553,0.41289812326431274,0
3377,3977,0.41721177101135254,0
3377,666,0.4147074818611145,0
3377,360,0.4070603549480438,0
3377,1990,0.41302815079689026,0
3377,2225,0.4135550260543823,0
3377,748,0.41151851415634155,0
3377,175,0.4099541902542114,0
3377,3466,0.4117127060890198,0
3377,3373,0.4089761972427368,0
3377,840,0.41226568818092346,0
3377,3454,0.41438180208206177,0
3377,2679,0.4133402705192566,0
3377,4002,0.4128226637840271,0
3377,3436,0.4226987957954407,0
3377,1634,0.41481825709342957,0
3377,752,0.4116830825805664,0
3377,1925,0.41421377658843994,0
3120,3120,0.40200477838516235,1
3120,2153,0.3995910584926605,0
3120,1172,0.40098920464515686,0
3120,3697,0.4024626612663269,0
3120,305,0.3991570472717285,0
3120,1272,0.4030151069164276,0
3120,3874,0.39887991547584534,0
3120,94,0.40262070298194885,0
3120,693,0.40444445610046387,0
3120,1206,0.39529067277908325,0
3120,2318,0.4003874659538269,0
3120,2170,0.4030609428882599,0
3120,169,0.39788010716438293,0
3120,3798,0.40460896492004395,0
3120,4156,0.40295329689979553,0
3120,1502,0.4095381498336792,0
3120,1894,0.40857937932014465,0
3120,2632,0.40289369225502014,0
3120,1964,0.3991142213344574,0
3120,2700,0.40325433015823364,0
895,895,0.41249752044677734,1
895,2904,0.41096532344818115,0
895,416,0.40651625394821167,0
895,1905,0.4160585403442383,0
895,4174,0.4069459140300751,0
895,1406,0.4083939492702484,0
895,4006,0.4198352098464966,0
895,505,0.41234129667282104,0
895,1230,0.41451239585876465,0
895,2549,0.4082813262939453,0
895,405,0.4147060513496399,0
895,1176,0.41028445959091187,0
895,2564,0.407003790140152,0
895,1875,0.41440021991729736,0
895,4036,0.41096699237823486,0
895,2693,0.41166600584983826,0
895,3429,0.41364234685897827,0
895,3971,0.41672882437705994,0
895,209,0.4124613404273987,0
895,3595,0.41036736965179443,0
2104,2104,0.41543278098106384,1
2104,2317,0.414071261882782,0
2104,2964,0.41537752747535706,0
2104,1588,0.420154869556427,0
2104,3046,0.4166848957538605,0
2104,3356,0.4179689884185791,0
2104,3923,0.4165927767753601,0
2104,1730,0.41869568824768066,0
2104,1087,0.4200398921966553,0
2104,1579,0.41691362857818604,0
2104,583,0.42152270674705505,0
2104,2619,0.4177992343902588,0
2104,1562,0.40764927864074707,0
2104,2046,0.4134075939655304,0
2104,4092,0.4110753834247589,0
2104,1298,0.42531371116638184,0
2104,683,0.4216015338897705,0
2104,4128,0.41775012016296387,0
2104,2691,0.41934269666671753,0
2104,1110,0.41022706031799316,0
3321,3321,0.4265926480293274,1
3321,154,0.4099010229110718,0
3321,624,0.42296189069747925,0
3321,1262,0.4248295724391937,0
3321,3668,0.4246687889099121,0
3321,3596,0.41851264238357544,0
3321,560,0.41689807176589966,0
3321,1608,0.4197237491607666,0
3321,3236,0.4270019233226776,0
3321,1886,0.41739511489868164,0
3321,3367,0.4255448579788208,0
3321,3538,0.4170268177986145,0
3321,3607,0.4237295091152191,0
3321,2678,0.42169666290283203,0
3321,1813,0.42241451144218445,0
3321,814,0.4224502742290497,0
3321,765,0.42022350430488586,0
3321,505,0.42053958773612976,0
3321,2600,0.4168488681316376,0
3321,3569,0.42389416694641113,0
2315,2315,0.41812974214553833,1
2315,1791,0.41340962052345276,0
2315,397,0.4135488271713257,0
2315,1120,0.41442781686782837,0
2315,862,0.4213157892227173,0
2315,2549,0.4127492904663086,0
2315,1344,0.42653265595436096,0
2315,103,0.4205183982849121,0
2315,2814,0.4131017029285431,0
2315,2983,0.4235853850841522,0
2315,56,0.41387277841567993,0
2315,2911,0.41999849677085876,0
2315,1941,0.42204368114471436,0
2315,1584,0.41489478945732117,0
2315,3234,0.41502347588539124,0
2315,1636,0.41415610909461975,0
2315,3961,0.41581302881240845,0
2315,1451,0.4251669943332672,0
2315,2795,0.4140474200248718,0
2315,182,0.4128378629684448,0
1055,1055,0.4154283404350281,1
1055,3531,0.41375499963760376,0
1055,2064,0.4157772958278656,0
1055,181,0.4154161810874939,0
1055,4056,0.4148825407028198,0
1055,2942,0.40814244747161865,0
1055,1995,0.4136335253715515,0
1055,1282,0.4193844199180603,0
1055,3767,0.4106350541114807,0
1055,1815,0.4113670587539673,0
1055,789,0.41342562437057495,0
1055,3431,0.41713690757751465,0
1055,3021,0.4084947407245636,0
1055,763,0.40599316358566284,0
1055,2885,0.4185008406639099,0
1055,1653,0.4200368821620941,0
1055,3853,0.41721856594085693,0
1055,1547,0.4231420159339905,0
1055,1109,0.4105469286441803,0
1055,3868,0.42361536622047424,0
709,709,0.4128988981246948,1
709,2395,0.41550999879837036,0
709,3799,0.4162057638168335,0
709,692,0.41053181886672974,0
709,2371,0.41713178157806396,0
709,1804,0.42229872941970825,0
709,2856,0.4145318865776062,0
709,607,0.41439056396484375,0
709,2249,0.4219013452529907,0
709,286,0.41653603315353394,0
709,1761,0.41882264614105225,0
709,3352,0.4157906472682953,0
709,274,0.42035940289497375,0
709,249,0.4142366647720337,0
709,1436,0.41367587447166443,0
709,2789,0.4134588837623596,0
709,2818,0.41815274953842163,0
709,3986,0.41998639702796936,0
709,2562,0.4102582335472107,0
709,1327,0.41447994112968445,0
504,504,0.4180489778518677,1
504,2378,0.42007848620414734,0
504,127,0.41330236196517944,0
504,1651,0.41937437653541565,0
504,629,0.42035233974456787,0
504,3486,0.4165714383125305,0
504,3673,0.4114001393318176,0
504,307,0.42372646927833557,0
504,2684,0.4174562692642212,0
504,688,0.4128471314907074,0
504,2692,0.41634780168533325,0
504,423,0.4171229600906372,0
504,524,0.4184282720088959,0
504,2131,0.4249702990055084,0
504,532,0.41584086418151855,0
504,2449,0.4145265221595764,0
504,2053,0.41465115547180176,0
504,700,0.42055439949035645,0
504,2042,0.4160391390323639,0
504,2821,0.41568881273269653,0
3111,3111,0.4191529154777527,1
3111,2886,0.4165482521057129,0
3111,3269,0.4184875190258026,0
3111,4102,0.41069674491882324,0
3111,1093,0.4164428114891052,0
3111,2638,0.42309272289276123,0
3111,206,0.4168585240840912,0
3111,1751,0.42417967319488525,0
3111,1463,0.41221123933792114,0
3111,2266,0.42146629095077515,0
3111,21,0.426439493894577,0
3111,3507,0.41486918926239014,0
3111,2604,0.425258994102478,0
3111,2125,0.42164117097854614,0
3111,2543,0.4216405153274536,0
3111,2382,0.4166349172592163,0
3111,553,0.4180676341056824,0
3111,316,0.4136025607585907,0
3111,3201,0.42054691910743713,0
3111,3497,0.4155923128128052,0
3688,3688,0.40801721811294556,1
3688,1612,0.40651774406433105,0
3688,974,0.40351614356040955,0
3688,112,0.40357762575149536,0
3688,3094,0.4083694815635681,0
3688,12,0.40506139397621155,0
3688,2129,0.40366941690444946,0
3688,479,0.40688079595565796,0
3688,110,0.40483447909355164,0
3688,2244,0.40535128116607666,0
3688,2926,0.413505494594574,0
3688,3913,0.40400928258895874,0
3688,1,0.41355639696121216,0
3688,3674,0.4145534634590149,0
3688,3242,0.40445107221603394,0
3688,1095,0.4038909673690796,0
3688,2091,0.4069254398345947,0
3688,3627,0.40190544724464417,0
3688,680,0.41374078392982483,0
3688,1167,0.4118121862411499,0
3791,3791,0.41047152876853943,1
3791,2656,0.40587320923805237,0
3791,1587,0.4022409915924072,0
3791,3266,0.40732234716415405,0
3791,4131,0.41228073835372925,0
3791,2422,0.40545034408569336,0
3791,2300,0.40427353978157043,0
3791,3664,0.40388190746307373,0
3791,309,0.4060736894607544,0
3791,2408,0.4111067056655884,0
3791,1018,0.40679317712783813,0
3791,822,0.4027632474899292,0
3791,2633,0.40812379121780396,0
3791,2297,0.41202619671821594,0
3791,3510,0.41285640001296997,0
3791,1223,0.40800026059150696,0
3791,24,0.4064490795135498,0
3791,861,0.41028061509132385,0
3791,3523,0.41012951731681824,0
3791,2107,0.403421014547348,0
1889,1889,0.41487669944763184,1
1889,4041,0.41189977526664734,0
1889,1196,0.41288596391677856,0
1889,186,0.4123508930206299,0
1889,3252,0.42407193779945374,0
1889,217,0.4037788510322571,0
1889,3243,0.41394492983818054,0
1889,816,0.41387879848480225,0
1889,3622,0.40630030632019043,0
1889,3308,0.4173944592475891,0
1889,3651,0.4135773181915283,0
1889,624,0.4147525131702423,0
1889,2382,0.4103778302669525,0
1889,3824,0.40635040402412415,0
1889,634,0.41017112135887146,0
1889,257,0.4083244800567627,0
1889,3844,0.4131757915019989,0
1889,2603,0.417662113904953,0
1889,1977,0.4102247953414917,0
1889,1702,0.4115285277366638,0
3576,3576,0.4064750671386719,1
3576,2724,0.408053457736969,0
3576,3302,0.40806275606155396,0
3576,183,0.4097810685634613,0
3576,2814,0.4009641706943512,0
3576,959,0.406382292509079,0
3576,2927,0.40167689323425293,0
3576,564,0.4108737111091614,0
3576,1763,0.4011985659599304,0
3576,1244,0.4019041359424591,0
3576,2947,0.4051114320755005,0
3576,1936,0.40602755546569824,0
3576,3434,0.40839287638664246,0
3576,3420,0.40781262516975403,0
3576,440,0.40687334537506104,0
3576,2005,0.4142884612083435,0
3576,2016,0.40283074975013733,0
3576,1708,0.40457403659820557,0
3576,131,0.40332579612731934,0
3576,2551,0.4062666893005371,0
1427,1427,0.4070456922054291,1
1427,1108,0.41088569164276123,0
1427,3620,0.4041318893432617,0
1427,2452,0.4055495262145996,0
1427,3679,0.4060717225074768,0
1427,1164,0.40927910804748535,0
1427,2428,0.40365517139434814,0
1427,3806,0.41451287269592285,0
1427,627,0.4075537323951721,0
1427,3387,0.4064592719078064,0
1427,3684,0.40808016061782837,0
1427,1148,0.40458163619041443,0
1427,647,0.4027823507785797,0
1427,3407,0.4078356623649597,0
1427,2847,0.412844717502594,0
1427,846,0.40519607067108154,0
1427,582,0.40041863918304443,0
1427,1444,0.4055720269680023,0
1427,1585,0.4101984202861786,0
1427,3026,0.40344691276550293,0
1163,1163,0.41092929244041443,1
1163,3135,0.40885257720947266,0
1163,173,0.4062500596046448,0
1163,293,0.40784671902656555,0
1163,2160,0.4124029874801636,0
1163,1077,0.4047732651233673,0
1163,1594,0.4145009517669678,0
1163,1162,0.4142152667045593,0
1163,91,0.41350674629211426,0
1163,2098,0.4089111089706421,0
1163,3249,0.4180322289466858,0
1163,998,0.4178601801395416,0
1163,452,0.40742212533950806,0
1163,34,0.409185528755188,0
1163,4009,0.4082329273223877,0
1163,1246,0.4094610810279846,0
1163,2442,0.4123486876487732,0
1163,1135,0.41015487909317017,0
1163,2547,0.41315191984176636,0
1163,3484,0.4124937653541565,0
1846,1846,0.41738957166671753,1
1846,54,0.4226611256599426,0
1846,1782,0.4147564470767975,0
1846,3458,0.41371020674705505,0
1846,713,0.4120500087738037,0
1846,1456,0.4183596968650818,0
1846,2294,0.4165671467781067,0
1846,3814,0.4110313355922699,0
1846,1,0.42080265283584595,0
1846,2478,0.4260774254798889,0
1846,2479,0.42287811636924744,0
1846,1640,0.41960543394088745,0
1846,1826,0.42061376571655273,0
1846,3524,0.4140087068080902,0
1846,785,0.41596120595932007,0
1846,3970,0.4218401610851288,0
1846,2079,0.42208099365234375,0
1846,2477,0.418660432100296,0
1846,1352,0.42698395252227783,0
1846,1778,0.41229280829429626,0
2743,2743,0.41510099172592163,1
2743,2634,0.4052109122276306,0
2743,3675,0.4210934042930603,0
2743,1105,0.4121725261211395,0
2743,860,0.4116900563240051,0
2743,3917,0.41239410638809204,0
2743,2899,0.41252946853637695,0
2743,3262,0.4101017415523529,0
2743,3158,0.41085052490234375,0
2743,2094,0.4165906310081482,0
2743,455,0.41754138469696045,0
2743,3557,0.41613802313804626,0
2743,351,0.41174110770225525,0
2743,3520,0.405709445476532,0
2743,4011,0.41903507709503174,0
2743,3921,0.41462942957878113,0
2743,2862,0.41219913959503174,0
2743,2694,0.414913147687912,0
2743,1811,0.4165298342704773,0
2743,2043,0.42134201526641846,0
4031,4031,0.41041386127471924,1
4031,1619,0.4173024892807007,0
4031,1785,0.4198334217071533,0
4031,4062,0.4155294895172119,0
4031,3402,0.4165269136428833,0
4031,3279,0.407909631729126,0
4031,1736,0.4110279679298401,0
4031,435,0.411479651927948,0
4031,3584,0.408356249332428,0
4031,1673,0.4164126515388489,0
4031,1850,0.4056352972984314,0
4031,2706,0.40684235095977783,0
4031,3674,0.41866230964660645,0
4031,1783,0.41022586822509766,0
4031,1559,0.41344091296195984,0
4031,855,0.40934139490127563,0
4031,1054,0.41379281878471375,0
4031,3963,0.41639381647109985,0
4031,2772,0.4148847162723541,0
4031,3007,0.41553330421447754,0
873,873,0.41659075021743774,1
873,3370,0.4145747423171997,0
873,515,0.4188288450241089,0
873,3104,0.4106091260910034,0
873,1659,0.4182928204536438,0
873,2117,0.4202914834022522,0
873,1256,0.4124196469783783,0
873,594,0.4092000722885132,0
873,4093,0.4069911539554596,0
873,547,0.40864109992980957,0
873,1016,0.41430822014808655,0
873,2826,0.4183956980705261,0
873,528,0.4214348793029785,0
873,1923,0.4173663556575775,0
873,404,0.4195086658000946,0
873,587,0.41534677147865295,0
873,469,0.4108045697212219,0
873,50,0.42019277811050415,0
873,2920,0.41746169328689575,0
873,2793,0.41456079483032227,0
2956,2956,0.41627436876296997,1
2956,661,0.4160321056842804,0
2956,3370,0.4122432768344879,0
2956,3378,0.41904085874557495,0
2956,3153,0.4116564095020294,0
2956,1615,0.4135657548904419,0
2956,2843,0.4189620018005371,0
2956,866,0.41329044103622437,0
2956,293,0.4082624316215515,0
2956,1784,0.4167528748512268,0
2956,3050,0.41373515129089355,0
2956,2411,0.4098440706729889,0
2956,1091,0.4126456379890442,0
2956,2449,0.41080039739608765,0
2956,2169,0.4137874245643616,0
2956,769,0.40987056493759155,0
2956,3656,0.4153286814689636,0
2956,113,0.4146255552768707,0
2956,3237,0.415421724319458,0
2956,3889,0.4107644259929657,0
1521,1521,0.4158515930175781,1
1521,3060,0.4224713444709778,0
1521,4120,0.4294450879096985,0
1521,1099,0.41612643003463745,0
1521,2166,0.4224168062210083,0
1521,2592,0.4229256510734558,0
1521,3936,0.4164256453514099,0
1521,721,0.42450422048568726,0
1521,696,0.40758562088012695,0
1521,2763,0.4154844880104065,0
1521,1381,0.41621869802474976,0
1521,2942,0.4136539697647095,0
1521,2497,0.42379915714263916,0
1521,672,0.419754296541214,0
1521,3508,0.4238494038581848,0
1521,507,0.4208436608314514,0
1521,2416,0.41950345039367676,0
1521,3410,0.41969019174575806,0
1521,1913,0.4293666481971741,0
1521,2164,0.4263644516468048,0
2925,2925,0.41524749994277954,1
2925,3093,0.4146089255809784,0
2925,1550,0.41744059324264526,0
2925,1960,0.4175117015838623,0
2925,1126,0.41792988777160645,0
2925,4171,0.4132775068283081,0
2925,2657,0.41012775897979736,0
2925,2313,0.41342973709106445,0
2925,1731,0.4155895709991455,0
2925,3460,0.40714502334594727,0
2925,706,0.4145877957344055,0
2925,606,0.4065598249435425,0
2925,3130,0.4108496904373169,0
2925,1286,0.4153786599636078,0
2925,1154,0.40308529138565063,0
2925,1297,0.41212213039398193,0
2925,1477,0.417692095041275,0
2925,3685,0.4190865159034729,0
2925,3832,0.4168562889099121,0
2925,1352,0.424790620803833,0
2783,2783,0.4238322377204895,1
2783,1304,0.4230235517024994,0
2783,3178,0.42607593536376953,0
2783,1479,0.4252028465270996,0
2783,2995,0.41942185163497925,0
2783,3323,0.41815242171287537,0
2783,1301,0.4208902418613434,0
2783,662,0.42778724431991577,0
2783,336,0.4233796000480652,0
2783,1331,0.42397958040237427,0
2783,3871,0.4207994043827057,0
2783,2735,0.42739397287368774,0
2783,768,0.4174874722957611,0
2783,3430,0.4260365962982178,0
2783,1504,0.42262956500053406,0
2783,2211,0.4189755916595459,0
2783,22,0.4264647662639618,0
2783,3574,0.4277809262275696,0
2783,1087,0.4268973469734192,0
2783,3452,0.42664575576782227,0
3955,3955,0.4065459966659546,1
3955,3881,0.40948686003685,0
3955,958,0.41360270977020264,0
3955,1722,0.4179360270500183,0
3955,2916,0.41725844144821167,0
3955,2838,0.4180787205696106,0
3955,3027,0.41056686639785767,0
3955,292,0.4100857377052307,0
3955,2580,0.4102480709552765,0
3955,2396,0.41135770082473755,0
3955,751,0.4159938097000122,0
3955,1024,0.4152989983558655,0
3955,1772,0.4140835106372833,0
3955,1550,0.41937339305877686,0
3955,273,0.41390830278396606,0
3955,394,0.41734787821769714,0
3955,1832,0.4113736152648926,0
3955,5,0.41643011569976807,0
3955,673,0.41808485984802246,0
3955,31,0.40813112258911133,0
1234,1234,0.39866986870765686,1
1234,2818,0.409252792596817,0
1234,2902,0.40612414479255676,0
1234,1900,0.40134990215301514,0
1234,2136,0.40411576628685,0
1234,444,0.40436631441116333,0
1234,2663,0.40488696098327637,0
1234,2929,0.4071655869483948,0
1234,487,0.40244773030281067,0
1234,1515,0.3997425436973572,0
1234,210,0.4072015881538391,0
1234,3699,0.410085529088974,0
1234,1724,0.4047556221485138,0
1234,2422,0.40232011675834656,0
1234,3945,0.4038952887058258,0
1234,23,0.3990510106086731,0
1234,1540,0.4088698923587799,0
1234,1723,0.40261003375053406,0
1234,1385,0.40737485885620117,0
1234,1434,0.398822158575058,0
112,112,0.40219512581825256,1
112,240,0.4028529226779938,0
112,764,0.4018951654434204,0
112,3014,0.4076687693595886,0
112,3760,0.40167248249053955,0
112,3716,0.4105120301246643,0
112,321,0.4002196192741394,0
112,1582,0.4085693657398224,0
112,3224,0.40571922063827515,0
112,1613,0.4010418653488159,0
112,1088,0.40626049041748047,0
112,2165,0.4078320860862732,0
112,1922,0.4064463973045349,0
112,2796,0.4065653681755066,0
112,2166,0.4084928631782532,0
112,894,0.40484923124313354,0
112,1561,0.4011930227279663,0
112,546,0.40042346715927124,0
112,794,0.40339139103889465,0
112,3065,0.40393951535224915,0
3826,3826,0.4123326241970062,1
3826,3573,0.4089164137840271,0
3826,2473,0.406953901052475,0
3826,2646,0.41243794560432434,0
3826,3558,0.4138128161430359,0
3826,2868,0.41639718413352966,0
3826,2094,0.4134657680988312,0
3826,390,0.4097677767276764,0
3826,3500,0.4126621186733246,0
3826,2629,0.4078217148780823,0
3826,2272,0.41088807582855225,0
3826,377,0.4074122905731201,0
3826,2411,0.4068281054496765,0
3826,3924,0.4193236529827118,0
3826,3788,0.4132157266139984,0
3826,2124,0.41072577238082886,0
3826,3086,0.4152265191078186,0
3826,3435,0.41939204931259155,0
3826,2254,0.4150083363056183,0
3826,2286,0.40968459844589233,0
4123,4123,0.406338095664978,1
4123,1928,0.4104480743408203,0
4123,270,0.4188096523284912,0
4123,2526,0.40976768732070923,0
4123,2760,0.41581183671951294,0
4123,635,0.41585773229599,0
4123,2038,0.4123157858848572,0
4123,3216,0.41356661915779114,0
4123,653,0.41488099098205566,0
4123,3666,0.41007286310195923,0
4123,1339,0.4091176390647888,0
4123,4134,0.420428991317749,0
4123,2407,0.4043506979942322,0
4123,2455,0.41366809606552124,0
4123,3199,0.4096453785896301,0
4123,1912,0.41580337285995483,0
4123,39,0.4159509241580963,0
4123,1647,0.41212818026542664,0
4123,1141,0.4097318649291992,0
4123,174,0.41204768419265747,0
208,208,0.4083418846130371,1
208,3404,0.41486361622810364,0
208,1964,0.4068339169025421,0
208,405,0.41653233766555786,0
208,3097,0.410117506980896,0
208,2844,0.41875118017196655,0
208,1695,0.4178551733493805,0
208,341,0.41516485810279846,0
208,194,0.416010320186615,0
208,3525,0.4161931276321411,0
208,3433,0.4156113862991333,0
208,4090,0.41304776072502136,0
208,2762,0.4183821678161621,0
208,1351,0.41011035442352295,0
208,3535,0.4113296866416931,0
208,3796,0.41030412912368774,0
208,3341,0.41429489850997925,0
208,3547,0.4247666001319885,0
208,953,0.4137692451477051,0
208,3804,0.41658815741539,0
3605,3605,0.4072064757347107,1
3605,2074,0.4092532992362976,0
3605,3338,0.4076334238052368,0
3605,1396,0.40688586235046387,0
3605,2015,0.41027572751045227,0
3605,3296,0.4095870852470398,0
3605,1973,0.4046877324581146,0
3605,1940,0.4113692045211792,0
3605,2032,0.40641748905181885,0
3605,1721,0.4008793830871582,0
3605,2583,0.40495333075523376,0
3605,3287,0.40616780519485474,0
3605,1131,0.4065985083580017,0
3605,1497,0.407859206199646,0
3605,1540,0.411424458026886,0
3605,2413,0.4075113832950592,0
3605,3176,0.4055113196372986,0
3605,1578,0.40477967262268066,0
3605,452,0.40247297286987305,0
3605,2613,0.39993762969970703,0
3667,3667,0.4089941680431366,1
3667,1627,0.4060123860836029,0
3667,1575,0.4054388999938965,0
3667,4098,0.40753936767578125,0
3667,2770,0.40715292096138,0
3667,418,0.4030947685241699,0
3667,45,0.415997177362442,0
3667,3982,0.4064894914627075,0
3667,2138,0.40278637409210205,0
3667,2605,0.4066731631755829,0
3667,3437,0.40883880853652954,0
3667,822,0.40148264169692993,0
3667,3292,0.40555715560913086,0
3667,1128,0.4077654480934143,0
3667,2320,0.41911596059799194,0
3667,3021,0.40159112215042114,0
3667,75,0.4142340421676636,0
3667,4044,0.4103420376777649,0
3667,420,0.4078136682510376,0
3667,2646,0.4091235101222992,0
2844,2844,0.41708096861839294,1
2844,1052,0.41284480690956116,0
2844,3956,0.41395366191864014,0
2844,962,0.4160293638706207,0
2844,2807,0.41297394037246704,0
2844,4093,0.40355315804481506,0
2844,1592,0.4189092516899109,0
2844,677,0.40794992446899414,0
2844,2638,0.4165131449699402,0
2844,481,0.4141502380371094,0
2844,498,0.4123755991458893,0
2844,3169,0.4078378677368164,0
2844,617,0.39984720945358276,0
2844,1002,0.4119997024536133,0
2844,2252,0.4069826602935791,0
2844,2857,0.4096778333187103,0
2844,2091,0.41145169734954834,0
2844,3566,0.41048353910446167,0
2844,596,0.40709388256073,0
2844,1175,0.41548407077789307,0
2578,2578,0.41171351075172424,1
2578,2429,0.41804930567741394,0
2578,424,0.4084472358226776,0
2578,3880,0.40973538160324097,0
2578,3588,0.40513789653778076,0
2578,1114,0.40570732951164246,0
2578,3532,0.4096237123012543,0
2578,1009,0.4137880504131317,0
2578,678,0.41117268800735474,0
2578,2773,0.41006940603256226,0
2578,1809,0.4089888036251068,0
2578,3541,0.4094819724559784,0
2578,716,0.4139973521232605,0
2578,2251,0.40838509798049927,0
2578,925,0.40964168310165405,0
2578,3470,0.4084170162677765,0
2578,1893,0.4085518717765808,0
2578,3535,0.40652504563331604,0
2578,3984,0.406607985496521,0
2578,588,0.41498491168022156,0
314,314,0.41680648922920227,1
314,731,0.414755642414093,0
314,4026,0.412091463804245,0
314,1159,0.4145295023918152,0
314,399,0.4130401015281677,0
314,1087,0.4160405993461609,0
314,2317,0.4103880524635315,0
314,3181,0.4114369750022888,0
314,3455,0.41159746050834656,0
314,2216,0.41511332988739014,0
314,1497,0.41337651014328003,0
314,864,0.40612083673477173,0
314,923,0.40781456232070923,0
314,143,0.4115384817123413,0
314,3024,0.41110020875930786,0
314,1208,0.4125290811061859,0
314,403,0.4154684543609619,0
314,50,0.41748613119125366,0
314,3141,0.41756582260131836,0
314,330,0.4151766002178192,0
1750,1750,0.41982734203338623,1
1750,1511,0.42417314648628235,0
1750,1354,0.4255702495574951,0
1750,956,0.4144662320613861,0
1750,1744,0.4242869019508362,0
1750,3524,0.4206676185131073,0
1750,2354,0.4205318093299866,0
1750,74,0.4215388894081116,0
1750,1227,0.4271003007888794,0
1750,2154,0.4191434383392334,0
1750,750,0.4178859293460846,0
1750,1575,0.41890329122543335,0
1750,234,0.4201588034629822,0
1750,1056,0.41392940282821655,0
1750,4009,0.4169609844684601,0
1750,3165,0.4190630614757538,0
1750,4086,0.4153900146484375,0
1750,601,0.4192868769168854,0
1750,1356,0.4170756936073303,0
1750,3224,0.41956189274787903,0
3923,3923,0.4093352258205414,1
3923,1512,0.41064155101776123,0
3923,2248,0.4091545343399048,0
3923,2736,0.4068075716495514,0
3923,215,0.414911687374115,0
3923,2052,0.4101678133010864,0
3923,3838,0.4107247591018677,0
3923,1629,0.4111388325691223,0
3923,1168,0.4050968587398529,0
3923,3066,0.40463516116142273,0
3923,1095,0.40529727935791016,0
3923,2429,0.4186096787452698,0
3923,2873,0.40459930896759033,0
3923,922,0.41047948598861694,0
3923,569,0.4018948972225189,0
3923,1848,0.4092860221862793,0
3923,3034,0.41618120670318604,0
3923,3780,0.4077822268009186,0
3923,1013,0.4079652428627014,0
3923,45,0.41707926988601685,0
3732,3732,0.4122541844844818,1
3732,452,0.4076747000217438,0
3732,218,0.4081452190876007,0
3732,1422,0.40329957008361816,0
3732,59,0.4153684973716736,0
3732,1290,0.41551247239112854,0
3732,1951,0.4104501008987427,0
3732,1407,0.41819053888320923,0
3732,1446,0.4147072434425354,0
3732,743,0.42093831300735474,0
3732,3142,0.411277174949646,0
3732,2529,0.40899544954299927,0
3732,2973,0.41903918981552124,0
3732,1520,0.40890949964523315,0
3732,3269,0.4129836857318878,0
3732,803,0.40618836879730225,0
3732,2693,0.41144123673439026,0
3732,843,0.41051411628723145,0
3732,4152,0.41152381896972656,0
3732,3506,0.4156140089035034,0
1414,1414,0.40700289607048035,1
1414,3294,0.4050215482711792,0
1414,4134,0.41875743865966797,0
1414,2755,0.41162824630737305,0
1414,4121,0.4120507836341858,0
1414,489,0.41196000576019287,0
1414,473,0.41406479477882385,0
1414,3392,0.40797728300094604,0
1414,2863,0.4121505320072174,0
1414,1895,0.41196906566619873,0
1414,1505,0.41283082962036133,0
1414,3014,0.411973774433136,0
1414,3057,0.4116787910461426,0
1414,3878,0.4073898196220398,0
1414,379,0.4140079617500305,0
1414,1399,0.4068088233470917,0
1414,1793,0.4088703989982605,0
1414,628,0.40714919567108154,0
1414,3442,0.4138423204421997,0
1414,2611,0.4143969416618347,0
3130,3130,0.4152477979660034,1
3130,1899,0.42819902300834656,0
3130,881,0.41614606976509094,0
3130,2860,0.42481595277786255,0
3130,4029,0.413467139005661,0
3130,1301,0.41484788060188293,0
3130,2254,0.42206552624702454,0
3130,483,0.4192385971546173,0
3130,3865,0.41581252217292786,0
3130,831,0.4177018404006958,0
3130,3658,0.43102023005485535,0
3130,3166,0.4197092354297638,0
3130,1299,0.4187157154083252,0
3130,1852,0.41722267866134644,0
3130,833,0.4148474335670471,0
3130,2339,0.4139600992202759,0
3130,1734,0.4272782802581787,0
3130,891,0.4144330620765686,0
3130,182,0.41362738609313965,0
3130,3812,0.41317009925842285,0
3777,3777,0.4141469895839691,1
3777,3116,0.411855012178421,0
3777,4107,0.40992987155914307,0
3777,685,0.4208970069885254,0
3777,1017,0.41803961992263794,0
3777,3893,0.4140268564224243,0
3777,942,0.4185221791267395,0
3777,1697,0.4154754877090454,0
3777,3440,0.4200006127357483,0
3777,3723,0.40861976146698,0
3777,4142,0.4099932909011841,0
3777,358,0.42389291524887085,0
3777,1743,0.4236961901187897,0
3777,3654,0.41225963830947876,0
3777,1168,0.41217198967933655,0
3777,1112,0.41498586535453796,0
3777,3545,0.42209091782569885,0
3777,1682,0.4168173372745514,0
3777,1799,0.4240903854370117,0
3777,1476,0.4094333350658417,0
3542,3542,0.4108336865901947,1
3542,1671,0.41779813170433044,0
3542,3920,0.41434162855148315,0
3542,3639,0.41128456592559814,0
3542,504,0.41502973437309265,0
3542,3050,0.4147941768169403,0
3542,1333,0.4131278991699219,0
3542,2768,0.4171086251735687,0
3542,903,0.42260414361953735,0
3542,3156,0.41190600395202637,0
3542,3637,0.41114866733551025,0
3542,214,0.41521817445755005,0
3542,2849,0.41104865074157715,0
3542,1899,0.4247792363166809,0
3542,1940,0.4180408716201782,0
3542,702,0.40789446234703064,0
3542,3537,0.4133358299732208,0
3542,2893,0.4132668077945709,0
3542,2411,0.4105767011642456,0
3542,2524,0.41599512100219727,0
2004,2004,0.41870033740997314,1
2004,1486,0.41700345277786255,0
2004,1290,0.4218798279762268,0
2004,4103,0.42363351583480835,0
2004,1798,0.41976794600486755,0
2004,3883,0.42557772994041443,0
2004,3054,0.4146919548511505,0
2004,597,0.4197074770927429,0
2004,3442,0.422346293926239,0
2004,2526,0.4161796271800995,0
2004,2384,0.4208425283432007,0
2004,2117,0.4232425093650818,0
2004,2731,0.41893696784973145,0
2004,2515,0.4255342483520508,0
2004,2877,0.4246784448623657,0
2004,2870,0.4185557961463928,0
2004,305,0.4132579267024994,0
2004,1451,0.4272659420967102,0
2004,2899,0.4170502722263336,0
2004,181,0.4193710386753082,0
2557,2557,0.41059479117393494,1
2557,267,0.40843355655670166,0
2557,2274,0.41256821155548096,0
2557,2107,0.4086796045303345,0
2557,1099,0.4104253947734833,0
2557,3175,0.41453537344932556,0
2557,2644,0.4111805260181427,0
2557,1923,0.4170585870742798,0
2557,363,0.41469836235046387,0
2557,2119,0.4161888360977173,0
2557,1306,0.4211589992046356,0
2557,307,0.421403169631958,0
2557,2543,0.41844433546066284,0
2557,2175,0.42550718784332275,0
2557,505,0.4145461320877075,0
2557,1599,0.420707106590271,0
2557,3966,0.40425437688827515,0
2557,3312,0.41795384883880615,0
2557,1697,0.41289985179901123,0
2557,3065,0.4125303626060486,0
3768,3768,0.41577181220054626,1
3768,3110,0.4184280335903168,0
3768,2157,0.42171359062194824,0
3768,1664,0.41593533754348755,0
3768,3639,0.41255027055740356,0
3768,2140,0.41055089235305786,0
3768,4047,0.4143354296684265,0
3768,3230,0.42368048429489136,0
3768,1243,0.4137296676635742,0
3768,3457,0.41431140899658203,0
3768,2957,0.4168408513069153,0
3768,3435,0.42443057894706726,0
3768,1126,0.42074552178382874,0
3768,3566,0.41413354873657227,0
3768,3539,0.4121371805667877,0
3768,3481,0.41854333877563477,0
3768,2807,0.4166805148124695,0
3768,3631,0.42323803901672363,0
3768,3344,0.4166531562805176,0
3768,3088,0.4243427813053131,0
3957,3957,0.41027262806892395,1
3957,4034,0.40308713912963867,0
3957,2302,0.4209712743759155,0
3957,1084,0.4175257682800293,0
3957,3293,0.41234907507896423,0
3957,4042,0.40700095891952515,0
3957,555,0.41043299436569214,0
3957,2046,0.41158202290534973,0
3957,4124,0.4168902635574341,0
3957,115,0.4116930663585663,0
3957,1203,0.41162291169166565,0
3957,2339,0.4110294282436371,0
3957,3705,0.4176267385482788,0
3957,1633,0.41510114073753357,0
3957,924,0.4157079756259918,0
3957,2833,0.41310495138168335,0
3957,3215,0.4123435914516449,0
3957,3865,0.4131473898887634,0
3957,81,0.41284096240997314,0
3957,4004,0.41518038511276245,0
4113,4113,0.4135536253452301,1
4113,3849,0.4225214719772339,0
4113,3731,0.4126376509666443,0
4113,2034,0.40613818168640137,0
4113,3044,0.4143984317779541,0
4113,1132,0.4107600450515747,0
4113,1430,0.4103220999240875,0
4113,1718,0.4155445694923401,0
4113,168,0.4157375693321228,0
4113,3016,0.41711854934692383,0
4113,2980,0.41076037287712097,0
4113,3732,0.41410091519355774,0
4113,385,0.40843629837036133,0
4113,639,0.4180554747581482,0
4113,2,0.41117143630981445,0
4113,1250,0.41338178515434265,0
4113,3428,0.4181131422519684,0
4113,4,0.4195350408554077,0
4113,944,0.41616103053092957,0
4113,183,0.4186027944087982,0
2122,2122,0.4028668999671936,1
2122,2330,0.3989868760108948,0
2122,3944,0.40559518337249756,0
2122,516,0.4128669798374176,0
2122,4166,0.40193337202072144,0
2122,2456,0.40832746028900146,0
2122,1378,0.4104155898094177,0
2122,1993,0.41274774074554443,0
2122,1035,0.40895307064056396,0
2122,1739,0.4034925103187561,0
2122,85,0.40824073553085327,0
2122,3347,0.4045460820198059,0
2122,498,0.40570229291915894,0
2122,4070,0.41499418020248413,0
2122,1231,0.40764105319976807,0
2122,847,0.4042210280895233,0
2122,2210,0.4082627594470978,0
2122,492,0.4095922112464905,0
2122,3478,0.408716082572937,0
2122,547,0.3995792269706726,0
3859,3859,0.411681592464447,1
3859,2819,0.40771484375,0
3859,3676,0.4135006070137024,0
3859,2640,0.41195613145828247,0
3859,2310,0.41720032691955566,0
3859,1082,0.40636032819747925,0
3859,2475,0.4212353825569153,0
3859,3551,0.41092392802238464,0
3859,2793,0.4116401672363281,0
3859,3454,0.4131890535354614,0
3859,1475,0.41478419303894043,0
3859,1554,0.4123733639717102,0
3859,3843,0.4095936715602875,0
3859,1641,0.4100448489189148,0
3859,43,0.40830153226852417,0
3859,1488,0.41404545307159424,0
3859,585,0.4152587056159973,0
3859,538,0.41255655884742737,0
3859,3467,0.41962045431137085,0
3859,92,0.4109894931316376,0
3743,3743,0.41403454542160034,1
3743,3920,0.4144667088985443,0
3743,1504,0.4134730100631714,0
3743,3122,0.4129977226257324,0
3743,3064,0.4111975431442261,0
3743,728,0.4138178825378418,0
3743,3569,0.418310284614563,0
3743,374,0.4188390374183655,0
3743,812,0.4201473295688629,0
3743,237,0.41714954376220703,0
3743,3477,0.41008299589157104,0
3743,1788,0.4111785292625427,0
3743,2179,0.41657811403274536,0
3743,25,0.4132744073867798,0
3743,1490,0.4213339388370514,0
3743,562,0.4133590757846832,0
3743,2556,0.41247910261154175,0
3743,1417,0.4154027998447418,0
3743,1414,0.4114360809326172,0
3743,3589,0.4164910912513733,0
200,200,0.4079873859882355,1
200,2658,0.41257596015930176,0
200,1050,0.40729716420173645,0
200,1460,0.4131632447242737,0
200,1428,0.4131140410900116,0
200,2296,0.405997633934021,0
200,1930,0.4081357717514038,0
200,1577,0.4102425277233124,0
200,1457,0.4147510230541229,0
200,2773,0.41091644763946533,0
200,224,0.4084932208061218,0
200,2995,0.40554279088974,0
200,3949,0.40251076221466064,0
200,46,0.4077707529067993,0
200,494,0.40821167826652527,0
200,477,0.40842801332473755,0
200,895,0.4094996452331543,0
200,12,0.40698766708374023,0
200,1427,0.4094344973564148,0
200,1144,0.4140681028366089,0
3110,3110,0.4113551080226898,1
3110,2309,0.41050663590431213,0
3110,3990,0.40993982553482056,0
3110,1597,0.4065529704093933,0
3110,1987,0.4129238724708557,0
3110,2178,0.40132853388786316,0
3110,3760,0.4043690264225006,0
3110,2831,0.4131079316139221,0
3110,4027,0.40493595600128174,0
3110,1436,0.40870070457458496,0
3110,1191,0.40766650438308716,0
3110,4054,0.4103792905807495,0
3110,3302,0.4101600646972656,0
3110,3250,0.4042726159095764,0
3110,1546,0.40357619524002075,0
3110,3263,0.4015354514122009,0
3110,3993,0.4086790680885315,0
3110,963,0.40780144929885864,0
3110,1359,0.4078713059425354,0
3110,3014,0.4102635383605957,0
196,196,0.42006853222846985,1
196,1746,0.4188767671585083,0
196,3863,0.419653058052063,0
196,1638,0.4111391305923462,0
196,3603,0.41761934757232666,0
196,2426,0.41661888360977173,0
196,2071,0.4216492474079132,0
196,726,0.423529714345932,0
196,1467,0.42173951864242554,0
196,3419,0.4112694561481476,0
196,2308,0.42183274030685425,0
196,1656,0.4140651226043701,0
196,3253,0.4172751009464264,0
196,1110,0.4097922146320343,0
196,2572,0.41660189628601074,0
196,3078,0.4150187373161316,0
196,3216,0.4175710380077362,0
196,126,0.4215538501739502,0
196,3864,0.4154732823371887,0
196,366,0.42065003514289856,0
3171,3171,0.4147380590438843,1
3171,1892,0.4278469979763031,0
3171,3017,0.4164074659347534,0
3171,3448,0.423215389251709,0
3171,286,0.42266783118247986,0
3171,4047,0.41859662532806396,0
3171,3246,0.4190073311328888,0
3171,3299,0.41731876134872437,0
3171,2367,0.42047053575515747,0
3171,2794,0.4197985529899597,0
3171,2012,0.41112613677978516,0
3171,4102,0.41211628913879395,0
3171,1795,0.41780319809913635,0
3171,1660,0.4162236750125885,0
3171,3276,0.41958022117614746,0
3171,3553,0.420188844203949,0
3171,1606,0.4251358211040497,0
3171,1695,0.42402487993240356,0
3171,15,0.4112473130226135,0
3171,945,0.4224998950958252,0
3874,3874,0.4082565903663635,1
3874,3527,0.4164191782474518,0
3874,757,0.41437965631484985,0
3874,1819,0.41673997044563293,0
3874,2122,0.4095318913459778,0
3874,2936,0.41383421421051025,0
3874,3055,0.4091956615447998,0
3874,3594,0.41127920150756836,0
3874,126,0.4192144274711609,0
3874,1513,0.4167780876159668,0
3874,175,0.4105340838432312,0
3874,3424,0.4140439033508301,0
3874,2422,0.41129064559936523,0
3874,49,0.40826958417892456,0
3874,3465,0.41618967056274414,0
3874,2840,0.41960692405700684,0
3874,2014,0.403715580701828,0
3874,2343,0.40728506445884705,0
3874,3767,0.41035279631614685,0
3874,2141,0.42267513275146484,0
560,560,0.41531112790107727,1
560,1962,0.4252835512161255,0
560,1684,0.42156460881233215,0
560,1757,0.41947463154792786,0
560,3598,0.42102885246276855,0
560,58,0.42167726159095764,0
560,569,0.4114611744880676,0
560,2248,0.4189084470272064,0
560,879,0.42982304096221924,0
560,2438,0.41721946001052856,0
560,1334,0.4196454882621765,0
560,2402,0.4171524941921234,0
560,3028,0.4191886782646179,0
560,350,0.41515958309173584,0
560,1544,0.4180428981781006,0
560,3239,0.42554616928100586,0
560,2512,0.421683132648468,0
560,4177,0.41991546750068665,0
560,347,0.42112088203430176,0
560,1779,0.4159349799156189,0
240,240,0.4141696095466614,1
240,2985,0.41658300161361694,0
240,1511,0.42144882678985596,0
240,1496,0.4271361231803894,0
240,633,0.4153006076812744,0
240,4111,0.4199094772338867,0
240,2736,0.4172149896621704,0
240,2414,0.4235924482345581,0
240,2691,0.4226487874984741,0
240,289,0.41032105684280396,0
240,1733,0.41300737857818604,0
240,1538,0.4220247268676758,0
240,2705,0.4171716272830963,0
240,3400,0.4212261438369751,0
240,1257,0.4193149209022522,0
240,2168,0.4146265685558319,0
240,1987,0.42323037981987,0
240,1856,0.4168364405632019,0
240,1044,0.4221271276473999,0
240,3979,0.416250079870224,0
4047,4047,0.41473594307899475,1
4047,2822,0.4172822833061218,0
4047,51,0.41352373361587524,0
4047,3657,0.41171565651893616,0
4047,2044,0.4168340265750885,0
4047,3024,0.41407471895217896,0
4047,969,0.420555979013443,0
4047,3323,0.4101630449295044,0
4047,3296,0.4171258211135864,0
4047,227,0.4185178875923157,0
4047,512,0.41446059942245483,0
4047,3721,0.41589927673339844,0
4047,1783,0.41284099221229553,0
4047,4179,0.41912907361984253,0
4047,323,0.41078510880470276,0
4047,3791,0.4171333611011505,0
4047,3512,0.41598397493362427,0
4047,3834,0.4260866641998291,0
4047,3792,0.4146195650100708,0
4047,2652,0.41949301958084106,0
1423,1423,0.4062068462371826,1
1423,2534,0.40817713737487793,0
1423,3986,0.4109119176864624,0
1423,1851,0.4020191431045532,0
1423,1680,0.40320324897766113,0
1423,2137,0.40407902002334595,0
1423,1307,0.4077674150466919,0
1423,66,0.39967310428619385,0
1423,253,0.40909117460250854,0
1423,2794,0.40519794821739197,0
1423,1015,0.40960758924484253,0
1423,967,0.40332409739494324,0
1423,513,0.4043601155281067,0
1423,37,0.40549585223197937,0
1423,3101,0.39985743165016174,0
1423,3062,0.4079865515232086,0
1423,1340,0.40290307998657227,0
1423,3150,0.40455710887908936,0
1423,297,0.4036611318588257,0
1423,3438,0.40216660499572754,0
2276,2276,0.4177154004573822,1
2276,279,0.41535818576812744,0
2276,2249,0.4255284368991852,0
2276,1493,0.42012399435043335,0
2276,190,0.42018455266952515,0
2276,3182,0.41651660203933716,0
2276,1028,0.4187641143798828,0
2276,3893,0.41388076543807983,0
2276,1433,0.4195416569709778,0
2276,3922,0.40678244829177856,0
2276,74,0.41663286089897156,0
2276,3080,0.4143837094306946,0
2276,688,0.4118635654449463,0
2276,2846,0.4229152798652649,0
2276,987,0.41425395011901855,0
2276,2394,0.42113062739372253,0
2276,1901,0.4161060154438019,0
2276,529,0.4116741716861725,0
2276,3983,0.4079950451850891,0
2276,464,0.4131091833114624,0
928,928,0.42110931873321533,1
928,3076,0.427192360162735,0
928,3727,0.42538589239120483,0
928,1529,0.4182690978050232,0
928,2827,0.41834717988967896,0
928,1657,0.4200589060783386,0
928,391,0.4183996319770813,0
928,2388,0.4174780249595642,0
928,2909,0.42298445105552673,0
928,207,0.4290359318256378,0
928,923,0.4165952205657959,0
928,4042,0.4144940674304962,0
928,1703,0.42287495732307434,0
928,259,0.41349726915359497,0
928,2581,0.422100692987442,0
928,4031,0.4206254780292511,0
928,3230,0.4308173656463623,0
928,1467,0.42809462547302246,0
928,3239,0.4291219711303711,0
928,1227,0.4281485974788666,0
29,29,0.40750882029533386,1
29,670,0.41096779704093933,0
29,2100,0.4078351855278015,0
29,1576,0.4081086218357086,0
29,1350,0.4075170159339905,0
29,167,0.40850239992141724,0
29,3739,0.4112054407596588,0
29,1035,0.41387641429901123,0
29,134,0.40834328532218933,0
29,4105,0.4140493869781494,0
29,3117,0.4101279675960541,0
29,1219,0.40833204984664917,0
29,2810,0.4095607101917267,0
29,1163,0.40944114327430725,0
29,1699,0.40981408953666687,0
29,2936,0.4106940031051636,0
29,326,0.41524386405944824,0
29,2300,0.40663471817970276,0
29,2824,0.40912842750549316,0
29,1877,0.41609060764312744,0
3936,3936,0.41383782029151917,1
3936,4173,0.41773760318756104,0
3936,2168,0.4135679006576538,0
3936,2262,0.41283923387527466,0
3936,3069,0.4198601245880127,0
3936,541,0.419258177280426,0
3936,3835,0.4175349473953247,0
3936,2115,0.41411423683166504,0
3936,1323,0.4210287928581238,0
3936,1470,0.4178399443626404,0
3936,2699,0.42258304357528687,0
3936,1295,0.41664421558380127,0
3936,3743,0.4170922636985779,0
3936,330,0.4211066961288452,0
3936,3511,0.40990298986434937,0
3936,1944,0.41448861360549927,0
3936,1356,0.4135608673095703,0
3936,3520,0.41038137674331665,0
3936,596,0.4129686951637268,0
3936,4002,0.41784143447875977,0
556,556,0.40754127502441406,1
556,484,0.40906190872192383,0
556,41,0.4108199179172516,0
556,819,0.4108737111091614,0
556,1678,0.4156308174133301,0
556,577,0.41538292169570923,0
556,61,0.41125136613845825,0
556,1398,0.4118097424507141,0
556,3392,0.4065478444099426,0
556,76,0.4023372232913971,0
556,1803,0.40638038516044617,0
556,3265,0.41214558482170105,0
556,2863,0.4101749658584595,0
556,916,0.40585631132125854,0
556,624,0.4111056327819824,0
556,4072,0.4068334400653839,0
556,2298,0.40778809785842896,0
556,2211,0.40459567308425903,0
556,1812,0.403840571641922,0
556,547,0.4021614193916321,0
328,328,0.4241807162761688,1
328,760,0.4286428689956665,0
328,125,0.42737457156181335,0
328,2416,0.4217829704284668,0
328,2532,0.4148002862930298,0
328,437,0.4131214916706085,0
328,1494,0.41935572028160095,0
328,1029,0.4174753427505493,0
328,3686,0.42253246903419495,0
328,2429,0.43240541219711304,0
328,2934,0.42327719926834106,0
328,2273,0.4205291271209717,0
328,2087,0.42560359835624695,0
328,595,0.41867631673812866,0
328,2608,0.4298306405544281,0
328,1890,0.41931289434432983,0
328,1352,0.43498659133911133,0
328,1936,0.4223843812942505,0
328,3733,0.4159229099750519,0
328,1419,0.4195224642753601,0
1156,1156,0.41176068782806396,1
1156,2503,0.41326701641082764,0
1156,2992,0.4119006097316742,0
1156,1263,0.4164608120918274,0
1156,294,0.415781170129776,0
1156,2292,0.4138839542865753,0
1156,2502,0.41334035992622375,0
1156,2727,0.4120543599128723,0
1156,285,0.41058939695358276,0
1156,2402,0.4125208258628845,0
1156,421,0.4135817289352417,0
1156,1170,0.41319626569747925,0
1156,3400,0.41679972410202026,0
1156,3320,0.4146255552768707,0
1156,1080,0.4143895208835602,0
1156,2963,0.41513776779174805,0
1156,1293,0.41722571849823,0
1156,2853,0.42672809958457947,0
1156,2610,0.4087163507938385,0
1156,2568,0.412008672952652,0
4099,4099,0.4079506993293762,1
4099,2599,0.4126354455947876,0
4099,1647,0.4089900851249695,0
4099,1694,0.40491729974746704,0
4099,2174,0.4152500331401825,0
4099,3968,0.404157817363739,0
4099,4062,0.41251033544540405,0
4099,706,0.4099714756011963,0
4099,2950,0.416755348443985,0
4099,2055,0.40943366289138794,0
4099,3428,0.41244810819625854,0
4099,2673,0.41133207082748413,0
4099,1688,0.41037309169769287,0
4099,2640,0.4082936644554138,0
4099,55,0.41105836629867554,0
4099,2561,0.404379665851593,0
4099,1361,0.41105061769485474,0
4099,3141,0.41369950771331787,0
4099,2670,0.4222051501274109,0
4099,3715,0.4056634306907654,0
1821,1821,0.4187593460083008,1
1821,1464,0.41135644912719727,0
1821,666,0.41576218605041504,0
1821,2864,0.41616639494895935,0
1821,4146,0.41676563024520874,0
1821,785,0.41538888216018677,0
1821,3054,0.41100648045539856,0
1821,941,0.4158993363380432,0
1821,2414,0.41960108280181885,0
1821,2395,0.41675662994384766,0
1821,187,0.40902578830718994,0
1821,2557,0.4107108414173126,0
1821,771,0.41156095266342163,0
1821,788,0.4033734202384949,0
1821,1782,0.41479170322418213,0
1821,2507,0.40842893719673157,0
1821,966,0.41495203971862793,0
1821,2962,0.41510671377182007,0
1821,2633,0.41424936056137085,0
1821,3430,0.4166533350944519,0
436,436,0.4049556255340576,1
436,1151,0.41057640314102173,0
436,2321,0.41900506615638733,0
436,3993,0.40954625606536865,0
436,3397,0.4101501703262329,0
436,2410,0.4094555377960205,0
436,2259,0.4054109454154968,0
436,2460,0.40651339292526245,0
436,2714,0.4111506938934326,0
436,481,0.411277174949646,0
436,1513,0.4121318459510803,0
436,2163,0.4043548107147217,0
436,1718,0.4101986885070801,0
436,1273,0.4038444757461548,0
436,1482,0.39919814467430115,0
436,989,0.4135597348213196,0
436,1319,0.4095698297023773,0
436,1339,0.40555280447006226,0
436,4085,0.41090425848960876,0
436,2704,0.411344438791275,0
964,964,0.4109274744987488,1
964,3134,0.40257737040519714,0
964,3394,0.41607925295829773,0
964,3180,0.40960994362831116,0
964,2772,0.41143959760665894,0
964,2854,0.40249747037887573,0
964,3281,0.4069078266620636,0
964,3292,0.4079880118370056,0
964,3162,0.4105808436870575,0
964,2368,0.4111625552177429,0
964,3195,0.4152885973453522,0
964,2116,0.4025498032569885,0
964,3680,0.41134709119796753,0
964,2692,0.40849873423576355,0
964,516,0.4154388904571533,0
964,2635,0.40558481216430664,0
964,1602,0.41124898195266724,0
964,700,0.4126323461532593,0
964,3566,0.4079602360725403,0
964,3196,0.4135664999485016,0
1727,1727,0.40653836727142334,1
1727,2849,0.40834230184555054,0
1727,592,0.4099462330341339,0
1727,3356,0.41276058554649353,0
1727,1424,0.4143732190132141,0
1727,1072,0.41534483432769775,0
1727,1874,0.40827736258506775,0
1727,1825,0.41096413135528564,0
1727,1391,0.4169241786003113,0
1727,1714,0.40954336524009705,0
1727,1868,0.41679349541664124,0
1727,2261,0.4131696820259094,0
1727,3145,0.41662508249282837,0
1727,563,0.41122883558273315,0
1727,2557,0.4079388976097107,0
1727,310,0.40713417530059814,0
1727,436,0.4074556231498718,0
1727,1540,0.4154011309146881,0
1727,4103,0.41659533977508545,0
1727,2652,0.4156551957130432,0
948,948,0.4158966541290283,1
948,652,0.42001861333847046,0
948,4132,0.41773098707199097,0
948,1641,0.41279539465904236,0
948,614,0.41829827427864075,0
948,2170,0.414780855178833,0
948,2528,0.41604048013687134,0
948,3379,0.412415087223053,0
948,3585,0.41416555643081665,0
948,3746,0.4232410788536072,0
948,1106,0.42366793751716614,0
948,3863,0.41910749673843384,0
948,1915,0.4199672043323517,0
948,3663,0.4225260615348816,0
948,3373,0.4110567569732666,0
948,2783,0.41554179787635803,0
948,2299,0.4158902168273926,0
948,4126,0.41064614057540894,0
948,2956,0.4185902178287506,0
948,55,0.41777360439300537,0
1081,1081,0.417053759098053,1
1081,3769,0.4140043556690216,0
1081,1111,0.4130402207374573,0
1081,2719,0.41837501525878906,0
1081,3797,0.42374753952026367,0
1081,443,0.4162423610687256,0
1081,2648,0.42621344327926636,0
1081,233,0.42731738090515137,0
1081,1534,0.419136106967926,0
1081,3209,0.4202982783317566,0
1081,1859,0.4198940098285675,0
1081,3578,0.41823893785476685,0
1081,423,0.42018261551856995,0
1081,2646,0.4221574366092682,0
1081,3400,0.4227859377861023,0
1081,3371,0.41242852807044983,0
1081,1886,0.4172775447368622,0
1081,3848,0.42222580313682556,0
1081,872,0.4213569760322571,0
1081,3922,0.4100804328918457,0
1211,1211,0.4197060465812683,1
1211,1296,0.42215973138809204,0
1211,3825,0.41482385993003845,0
1211,476,0.41823798418045044,0
1211,1227,0.42004573345184326,0
1211,1516,0.41507408022880554,0
1211,2090,0.4173962473869324,0
1211,2377,0.41644346714019775,0
1211,4058,0.412561297416687,0
1211,2606,0.41632646322250366,0
1211,3945,0.41307610273361206,0
1211,1356,0.4100720286369324,0
1211,2071,0.420072078704834,0
1211,3521,0.4052661061286926,0
1211,1135,0.41227614879608154,0
1211,3276,0.4140503406524658,0
1211,3950,0.41595739126205444,0
1211,2385,0.4182932376861572,0
1211,1253,0.42278867959976196,0
1211,3013,0.4167780578136444,0
2051,2051,0.41328859329223633,1
2051,2391,0.4042429029941559,0
2051,370,0.4182904362678528,0
2051,3949,0.40798795223236084,0
2051,556,0.41318947076797485,0
2051,1433,0.4179214835166931,0
2051,56,0.4111037850379944,0
2051,3630,0.4117918014526367,0
2051,4005,0.4136753976345062,0
2051,1092,0.41616955399513245,0
2051,3814,0.41121143102645874,0
2051,617,0.40181964635849,0
2051,110,0.4117346405982971,0
2051,1559,0.4165721535682678,0
2051,3730,0.40816596150398254,0
2051,2020,0.41352009773254395,0
2051,146,0.4134126901626587,0
2051,4158,0.41260385513305664,0
2051,3782,0.41117119789123535,0
2051,160,0.416983425617218,0
1207,1207,0.41962534189224243,1
1207,1167,0.42419031262397766,0
1207,2252,0.41400089859962463,0
1207,2882,0.41453516483306885,0
1207,2260,0.425287127494812,0
1207,2035,0.4110736846923828,0
1207,2309,0.42111825942993164,0
1207,3707,0.4246464967727661,0
1207,3620,0.41581130027770996,0
1207,3025,0.42491307854652405,0
1207,3875,0.4143279492855072,0
1207,317,0.4175090193748474,0
1207,2607,0.42324039340019226,0
1207,1169,0.41396650671958923,0
1207,1627,0.4169422388076782,0
1207,1779,0.4163842499256134,0
1207,3851,0.4217640161514282,0
1207,1044,0.4229776859283447,0
1207,1142,0.4199402332305908,0
1207,2244,0.4173194169998169,0
1683,1683,0.41265708208084106,1
1683,3753,0.40995895862579346,0
1683,3502,0.41296136379241943,0
1683,162,0.415647953748703,0
1683,1631,0.4107556939125061,0
1683,3509,0.41161906719207764,0
1683,1649,0.41733115911483765,0
1683,1331,0.4150104522705078,0
1683,3036,0.4109802842140198,0
1683,1571,0.41598135232925415,0
1683,4099,0.4133862853050232,0
1683,1003,0.41826000809669495,0
1683,1224,0.41264718770980835,0
1683,372,0.4153773784637451,0
1683,2405,0.4148316979408264,0
1683,1375,0.410810261964798,0
1683,294,0.41634196043014526,0
1683,127,0.4105782210826874,0
1683,3948,0.41289782524108887,0
1683,2114,0.4093363583087921,0
3007,3007,0.42102208733558655,1
3007,1445,0.4150587022304535,0
3007,2938,0.4184775948524475,0
3007,562,0.4163195788860321,0
3007,3945,0.4167499542236328,0
3007,1742,0.4171752631664276,0
3007,1859,0.4183778166770935,0
3007,1009,0.4236132502555847,0
3007,490,0.4187575578689575,0
3007,3424,0.41816550493240356,0
3007,351,0.4165693521499634,0
3007,172,0.41704851388931274,0
3007,1114,0.41478079557418823,0
3007,2754,0.41729652881622314,0
3007,2659,0.4244406521320343,0
3007,3634,0.4185357689857483,0
3007,3752,0.4253724217414856,0
3007,357,0.4186251759529114,0
3007,3790,0.41550299525260925,0
3007,2161,0.41471758484840393,0
4023,4023,0.4114033579826355,1
4023,160,0.4147767126560211,0
4023,3020,0.40936505794525146,0
4023,3725,0.4106220602989197,0
4023,1433,0.41490742564201355,0
4023,3315,0.4084145426750183,0
4023,730,0.4144773483276367,0
4023,2008,0.4133272171020508,0
4023,1482,0.4022742509841919,0
4023,3332,0.4055415689945221,0
4023,2434,0.41454923152923584,0
4023,1970,0.4169631600379944,0
4023,1071,0.415496826171875,0
4023,1082,0.40574878454208374,0
4023,3054,0.40879911184310913,0
4023,711,0.41810935735702515,0
4023,178,0.4062824845314026,0
4023,3919,0.4114997088909149,0
4023,891,0.4089365601539612,0
4023,3245,0.4129405617713928,0
2975,2975,0.42842504382133484,1
2975,2787,0.42996853590011597,0
2975,817,0.42892199754714966,0
2975,4120,0.43158650398254395,0
2975,225,0.429614782333374,0
2975,954,0.4188157916069031,0
2975,2543,0.4261991083621979,0
2975,4014,0.4170920252799988,0
2975,463,0.42273616790771484,0
2975,1082,0.41547921299934387,0
2975,2804,0.4225665330886841,0
2975,1240,0.4236949682235718,0
2975,3091,0.4272318184375763,0
2975,829,0.4230988025665283,0
2975,1715,0.41956108808517456,0
2975,203,0.4221201241016388,0
2975,2083,0.4130634069442749,0
2975,530,0.4153171181678772,0
2975,3293,0.42076191306114197,0
2975,1499,0.42149755358695984,0
48,48,0.40944212675094604,1
48,2234,0.417606920003891,0
48,2026,0.40854352712631226,0
48,1083,0.4083538055419922,0
48,1661,0.4140577018260956,0
48,69,0.4126959443092346,0
48,3446,0.4088151752948761,0
48,1264,0.4078269600868225,0
48,285,0.4054868817329407,0
48,219,0.40490102767944336,0
48,852,0.4035605490207672,0
48,3552,0.40973663330078125,0
48,1522,0.4117341637611389,0
48,1301,0.40689563751220703,0
48,3585,0.4079435169696808,0
48,299,0.41664427518844604,0
48,1222,0.41856616735458374,0
48,3668,0.4123513698577881,0
48,831,0.4098355770111084,0
48,1705,0.4039244055747986,0
3885,3885,0.4131874740123749,1
3885,409,0.4232654869556427,0
3885,3004,0.41343700885772705,0
3885,651,0.4174884557723999,0
3885,795,0.41156667470932007,0
3885,4151,0.41651856899261475,0
3885,2972,0.4068707823753357,0
3885,2855,0.4179117977619171,0
3885,3071,0.4010164141654968,0
3885,1205,0.4098856449127197,0
3885,4174,0.40618717670440674,0
3885,3232,0.4129246473312378,0
3885,2413,0.4118202328681946,0
3885,2469,0.41129061579704285,0
3885,2928,0.4053022563457489,0
3885,3410,0.4115588068962097,0
3885,1437,0.40502581000328064,0
3885,2305,0.40825244784355164,0
3885,1522,0.41512662172317505,0
3885,3879,0.4138995409011841,0
1944,1944,0.40556180477142334,1
1944,2582,0.4041849672794342,0
1944,3211,0.4047960340976715,0
1944,113,0.41034382581710815,0
1944,981,0.4092639982700348,0
1944,156,0.4119064211845398,0
1944,1972,0.40970954298973083,0
1944,542,0.40945732593536377,0
1944,1197,0.4083086848258972,0
1944,809,0.405581533908844,0
1944,3170,0.4111020565032959,0
1944,3790,0.4064640402793884,0
1944,1292,0.41104134917259216,0
1944,3804,0.4122076630592346,0
1944,2841,0.4073198139667511,0
1944,478,0.4144103527069092,0
1944,2481,0.41249069571495056,0
1944,2796,0.4092009961605072,0
1944,595,0.4046221375465393,0
1944,1099,0.405330091714859,0
1519,1519,0.42316555976867676,1
1519,2854,0.41231027245521545,0
1519,379,0.42365357279777527,0
1519,4090,0.4194270372390747,0
1519,3855,0.42481228709220886,0
1519,3512,0.420024037361145,0
1519,3214,0.4249100387096405,0
1519,947,0.41364818811416626,0
1519,3682,0.4191112518310547,0
1519,546,0.41433215141296387,0
1519,2857,0.4175719916820526,0
1519,247,0.4165447950363159,0
1519,2921,0.4146672189235687,0
1519,3143,0.42426764965057373,0
1519,485,0.42002353072166443,0
1519,536,0.41924548149108887,0
1519,617,0.4071112871170044,0
1519,841,0.42124873399734497,0
1519,466,0.4204505383968353,0
1519,1239,0.42022794485092163,0
3000,3000,0.40652698278427124,1
3000,2316,0.40878307819366455,0
3000,3610,0.41203612089157104,0
3000,355,0.40719521045684814,0
3000,2725,0.4092831015586853,0
3000,1152,0.41261035203933716,0
3000,2531,0.40900009870529175,0
3000,1596,0.417542964220047,0
3000,1676,0.4092558026313782,0
3000,2410,0.40859454870224,0
3000,3919,0.40772825479507446,0
3000,694,0.4186217784881592,0
3000,1044,0.4131809175014496,0
3000,1779,0.4068201780319214,0
3000,2874,0.4083918333053589,0
3000,3072,0.4098750948905945,0
3000,1854,0.4087463617324829,0
3000,2913,0.4030066728591919,0
3000,2196,0.4098742604255676,0
3000,2457,0.41119614243507385,0
3794,3794,0.41564249992370605,1
3794,3864,0.4179064631462097,0
3794,99,0.4225165843963623,0
3794,2945,0.42134368419647217,0
3794,321,0.41232872009277344,0
3794,1365,0.4145469069480896,0
3794,1579,0.4184061884880066,0
3794,1644,0.427351176738739,0
3794,1778,0.41606631875038147,0
3794,1789,0.41259485483169556,0
3794,502,0.4150683879852295,0
3794,3117,0.41785505414009094,0
3794,1354,0.42321255803108215,0
3794,161,0.4142741560935974,0
3794,1984,0.4175856113433838,0
3794,1035,0.4221339523792267,0
3794,2441,0.4218888580799103,0
3794,3646,0.4183608293533325,0
3794,2187,0.4153161644935608,0
3794,2604,0.4262760579586029,0
2262,2262,0.40554511547088623,1
2262,2860,0.4181566834449768,0
2262,1317,0.41053593158721924,0
2262,1721,0.4045258164405823,0
2262,2134,0.41187697649002075,0
2262,252,0.4163071811199188,0
2262,1553,0.4078664779663086,0
2262,1742,0.4100481867790222,0
2262,2128,0.4034975469112396,0
2262,2405,0.4114120602607727,0
2262,433,0.40499261021614075,0
2262,2636,0.4054796099662781,0
2262,1239,0.4113556444644928,0
2262,3243,0.4127197861671448,0
2262,2521,0.406940221786499,0
2262,419,0.41793006658554077,0
2262,343,0.4160500764846802,0
2262,2963,0.41215094923973083,0
2262,2840,0.41713547706604004,0
2262,2877,0.4176064431667328,0
956,956,0.39592891931533813,1
956,161,0.39817386865615845,0
956,412,0.4017036557197571,0
956,2077,0.41153112053871155,0
956,2482,0.3976339101791382,0
956,27,0.4036308526992798,0
956,152,0.40686437487602234,0
956,294,0.4031524658203125,0
956,2936,0.4016590714454651,0
956,3450,0.40324029326438904,0
956,3688,0.40131068229675293,0
956,2831,0.4067946672439575,0
956,2112,0.4094845652580261,0
956,1017,0.40205883979797363,0
956,2947,0.40180671215057373,0
956,3468,0.40333759784698486,0
956,3320,0.40253400802612305,0
956,1989,0.4003347158432007,0
956,4011,0.40704241394996643,0
956,1084,0.40466615557670593,0
2036,2036,0.4218100607395172,1
2036,1287,0.41720131039619446,0
2036,1433,0.416666179895401,0
2036,2274,0.41248151659965515,0
2036,713,0.4112210273742676,0
2036,1933,0.41547781229019165,0
2036,1040,0.41423702239990234,0
2036,197,0.41854915022850037,0
2036,3154,0.4095112085342407,0
2036,2396,0.4112323820590973,0
2036,2504,0.41228097677230835,0
2036,3712,0.41240769624710083,0
2036,4050,0.4141744375228882,0
2036,170,0.4195369482040405,0
2036,2564,0.40896064043045044,0
2036,517,0.4193878769874573,0
2036,1275,0.4162919819355011,0
2036,1500,0.42061424255371094,0
2036,1241,0.41535499691963196,0
2036,3423,0.4145107567310333,0
586,586,0.40995243191719055,1
586,978,0.409818172454834,0
586,794,0.40981096029281616,0
586,1376,0.41153109073638916,0
586,3265,0.41614964604377747,0
586,318,0.4130179286003113,0
586,833,0.4108435809612274,0
586,3204,0.40038561820983887,0
586,277,0.4095161557197571,0
586,3078,0.41244959831237793,0
586,1037,0.409540593624115,0
586,1275,0.4152887761592865,0
586,1717,0.4128814935684204,0
586,3258,0.4056521952152252,0
586,1654,0.41665777564048767,0
586,3985,0.40904438495635986,0
586,921,0.41226547956466675,0
586,4086,0.4072785973548889,0
586,2348,0.4158262014389038,0
586,1993,0.419189453125,0
2904,2904,0.410277783870697,1
2904,1992,0.40851444005966187,0
2904,879,0.42266038060188293,0
2904,1256,0.4085526466369629,0
2904,3453,0.4085730016231537,0
2904,441,0.4130629301071167,0
2904,2554,0.40804046392440796,0
2904,1300,0.41000473499298096,0
2904,347,0.41372132301330566,0
2904,2577,0.40244990587234497,0
2904,3411,0.4175260066986084,0
2904,713,0.40860188007354736,0
2904,3961,0.4100760221481323,0
2904,3358,0.4081047773361206,0
2904,3469,0.40841424465179443,0
2904,3617,0.41143256425857544,0
2904,3936,0.40794000029563904,0
2904,2742,0.41482043266296387,0
2904,443,0.40796178579330444,0
2904,4118,0.4068313241004944,0
3032,3032,0.410388320684433,1
3032,679,0.4143955707550049,0
3032,1401,0.40984660387039185,0
3032,1382,0.40234461426734924,0
3032,667,0.41081494092941284,0
3032,2136,0.4060245156288147,0
3032,3783,0.4069846570491791,0
3032,1652,0.41871607303619385,0
3032,2285,0.4053252637386322,0
3032,2214,0.4106757640838623,0
3032,2558,0.40876585245132446,0
3032,3438,0.40401214361190796,0
3032,1461,0.408873975276947,0
3032,4089,0.4069792628288269,0
3032,182,0.403374046087265,0
3032,3036,0.4038693308830261,0
3032,994,0.4132394790649414,0
3032,2915,0.4104001522064209,0
3032,1906,0.40052998065948486,0
3032,1295,0.40567755699157715,0
3543,3543,0.41732239723205566,1
3543,935,0.41330260038375854,0
3543,254,0.4168263077735901,0
3543,562,0.418257474899292,0
3543,2732,0.4172244071960449,0
3543,1507,0.41595444083213806,0
3543,2749,0.4193776845932007,0
3543,901,0.42061537504196167,0
3543,3328,0.42380595207214355,0
3543,3161,0.42733728885650635,0
3543,2253,0.4158102869987488,0
3543,2511,0.4192711114883423,0
3543,3438,0.4174964427947998,0
3543,1226,0.41946494579315186,0
3543,2684,0.41968417167663574,0
3543,1599,0.4257556200027466,0
3543,1837,0.4216042160987854,0
3543,1961,0.4312678873538971,0
3543,2811,0.41992834210395813,0
3543,2521,0.4152868986129761,0
1909,1909,0.41343921422958374,1
1909,1000,0.4155898690223694,0
1909,573,0.4206239581108093,0
1909,1107,0.4206468462944031,0
1909,202,0.41023528575897217,0
1909,3187,0.4144425392150879,0
1909,2878,0.42253440618515015,0
1909,2924,0.41590607166290283,0
1909,2454,0.42265480756759644,0
1909,4030,0.41702014207839966,0
1909,716,0.42235296964645386,0
1909,1643,0.42027586698532104,0
1909,2544,0.4209026098251343,0
1909,3229,0.41639310121536255,0
1909,1559,0.4175190329551697,0
1909,3386,0.4306519627571106,0
1909,1988,0.41569823026657104,0
1909,694,0.4257795214653015,0
1909,582,0.4099811911582947,0
1909,248,0.41238299012184143,0
3151,3151,0.4201255440711975,1
3151,411,0.41986724734306335,0
3151,3576,0.42308467626571655,0
3151,413,0.42769500613212585,0
3151,2028,0.422086626291275,0
3151,1573,0.42046448588371277,0
3151,2764,0.4249567985534668,0
3151,1371,0.4294130802154541,0
3151,2527,0.43328624963760376,0
3151,766,0.42548465728759766,0
3151,1664,0.4239266514778137,0
3151,767,0.4234035015106201,0
3151,3824,0.41669005155563354,0
3151,124,0.4251656234264374,0
3151,997,0.4177190959453583,0
3151,212,0.42152053117752075,0
3151,1300,0.4213818311691284,0
3151,442,0.4244527220726013,0
3151,967,0.4211195707321167,0
3151,4019,0.4226415455341339,0
3990,3990,0.4106752276420593,1
3990,2645,0.41137489676475525,0
3990,2488,0.4102332890033722,0
3990,2447,0.4129641056060791,0
3990,1452,0.41262906789779663,0
3990,3742,0.4098043441772461,0
3990,4167,0.4124896824359894,0
3990,3587,0.4126147925853729,0
3990,1102,0.40819820761680603,0
3990,1239,0.40994614362716675,0
3990,3581,0.40937381982803345,0
3990,4053,0.4025656580924988,0
3990,2169,0.4097893536090851,0
3990,1505,0.4124382436275482,0
3990,2312,0.41009896993637085,0
3990,1776,0.40388137102127075,0
3990,2635,0.4059714078903198,0
3990,2737,0.413918137550354,0
3990,3563,0.4080126881599426,0
3990,2961,0.40763428807258606,0
1783,1783,0.414076030254364,1
1783,3926,0.41083237528800964,0
1783,2583,0.4135369658470154,0
1783,1695,0.4204418957233429,0
1783,1698,0.41374117136001587,0
1783,879,0.42686569690704346,0
1783,2471,0.4183756709098816,0
1783,2335,0.41556215286254883,0
1783,44,0.41242995858192444,0
1783,2013,0.4183732271194458,0
1783,3375,0.41638779640197754,0
1783,1687,0.41339147090911865,0
1783,453,0.4139341115951538,0
1783,2788,0.41410890221595764,0
1783,2446,0.4126948416233063,0
1783,3463,0.4180828928947449,0
1783,978,0.4133204519748688,0
1783,2442,0.41665229201316833,0
1783,3509,0.4139246344566345,0
1783,497,0.42300769686698914,0
666,666,0.41056758165359497,1
666,3188,0.4159059524536133,0
666,1004,0.4041183292865753,0
666,4026,0.4082980751991272,0
666,2632,0.4078018367290497,0
666,3878,0.40560686588287354,0
666,2227,0.41761669516563416,0
666,1892,0.4166094958782196,0
666,3084,0.4080352783203125,0
666,1722,0.4124496281147003,0
666,2958,0.4113737940788269,0
666,1492,0.4125617742538452,0
666,1188,0.41505515575408936,0
666,2188,0.41177529096603394,0
666,1666,0.4058356285095215,0
666,95,0.41256898641586304,0
666,3512,0.4094284176826477,0
666,828,0.40951114892959595,0
666,3493,0.4054149091243744,0
666,3236,0.41550928354263306,0
2728,2728,0.4150875210762024,1
2728,596,0.41239050030708313,0
2728,3075,0.4146341383457184,0
2728,969,0.42235320806503296,0
2728,2088,0.4348536729812622,0
2728,1551,0.41648274660110474,0
2728,2039,0.4096675515174866,0
2728,1257,0.4181179702281952,0
2728,4055,0.42140623927116394,0
2728,2816,0.42690885066986084,0
2728,2202,0.41986680030822754,0
2728,2775,0.4153038263320923,0
2728,528,0.4233394265174866,0
2728,1783,0.4152279496192932,0
2728,163,0.4161604642868042,0
2728,2584,0.4111955761909485,0
2728,1495,0.4241982698440552,0
2728,1058,0.41529062390327454,0
2728,642,0.4090583026409149,0
2728,2423,0.4231621325016022,0
779,779,0.4213124215602875,1
779,3774,0.4106447696685791,0
779,715,0.42372259497642517,0
779,1506,0.41684985160827637,0
779,3602,0.4098619818687439,0
779,3069,0.4157729148864746,0
779,2809,0.41143667697906494,0
779,3922,0.4035338759422302,0
779,3320,0.41415390372276306,0
779,2126,0.41155076026916504,0
779,456,0.41969093680381775,0
779,628,0.40983155369758606,0
779,1357,0.4152694344520569,0
779,4092,0.4085566997528076,0
779,435,0.4118747115135193,0
779,2810,0.4117949604988098,0
779,1998,0.414907842874527,0
779,2903,0.41924530267715454,0
779,2103,0.4062056541442871,0
779,438,0.41389089822769165,0
2323,2323,0.41654664278030396,1
2323,738,0.4180176258087158,0
2323,1347,0.41414105892181396,0
2323,1409,0.41275423765182495,0
2323,3186,0.41947266459465027,0
2323,2914,0.4219021201133728,0
2323,1195,0.41022002696990967,0
2323,2850,0.4228942096233368,0
2323,641,0.4210072457790375,0
2323,164,0.41632080078125,0
2323,1929,0.4240109324455261,0
2323,121,0.41411909461021423,0
2323,258,0.4088124632835388,0
2323,3599,0.4173327386379242,0
2323,3238,0.414528489112854,0
2323,3483,0.4182840585708618,0
2323,1490,0.4233958423137665,0
2323,3115,0.4158628582954407,0
2323,1299,0.4180896282196045,0
2323,1954,0.42334556579589844,0
1845,1845,0.4062426686286926,1
1845,3656,0.41369760036468506,0
1845,787,0.408374547958374,0
1845,1843,0.4218403697013855,0
1845,3363,0.41818392276763916,0
1845,3018,0.4135201573371887,0
1845,1262,0.41462844610214233,0
1845,4066,0.4120323956012726,0
1845,2258,0.4214887022972107,0
1845,2129,0.4070606827735901,0
1845,266,0.41501134634017944,0
1845,1010,0.4118238389492035,0
1845,1698,0.408153772354126,0
1845,762,0.4032808542251587,0
1845,2427,0.4108532965183258,0
1845,1236,0.4030837416648865,0
1845,112,0.4072793126106262,0
1845,323,0.4067944288253784,0
1845,617,0.3988516330718994,0
1845,2061,0.4166039526462555,0
2944,2944,0.4085874557495117,1
2944,4118,0.40549081563949585,0
2944,4132,0.4120657444000244,0
2944,1210,0.4068835973739624,0
2944,4150,0.4053182601928711,0
2944,3713,0.41138437390327454,0
2944,541,0.4110860228538513,0
2944,2722,0.41261598467826843,0
2944,2142,0.40944796800613403,0
2944,2770,0.4099753499031067,0
2944,4157,0.4112201929092407,0
2944,56,0.4064945876598358,0
2944,2690,0.40850239992141724,0
2944,543,0.40829676389694214,0
2944,2658,0.41353940963745117,0
2944,2477,0.41383975744247437,0
2944,1663,0.40785372257232666,0
2944,3957,0.4061053991317749,0
2944,175,0.4065049886703491,0
2944,3962,0.40851518511772156,0
1191,1191,0.4212213456630707,1
1191,2793,0.4211269021034241,0
1191,3507,0.41953200101852417,0
1191,1765,0.4188017249107361,0
1191,3072,0.42346251010894775,0
1191,3653,0.4278791546821594,0
1191,540,0.4185000956058502,0
1191,287,0.4185081720352173,0
1191,1528,0.418091744184494,0
1191,2929,0.4245600998401642,0
1191,2188,0.42533016204833984,0
1191,2133,0.4178053140640259,0
1191,1409,0.4182540774345398,0
1191,3809,0.42634615302085876,0
1191,1566,0.420371413230896,0
1191,2391,0.4115826487541199,0
1191,280,0.43149518966674805,0
1191,1879,0.42805057764053345,0
1191,1082,0.4155838191509247,0
1191,1354,0.42749741673469543,0
4041,4041,0.41245031356811523,1
4041,2073,0.4206162095069885,0
4041,3645,0.41366663575172424,0
4041,3193,0.41006067395210266,0
4041,3714,0.4129023253917694,0
4041,1578,0.4096713066101074,0
4041,3135,0.4091615378856659,0
4041,872,0.4134853482246399,0
4041,1294,0.41230666637420654,0
4041,3554,0.4175798296928406,0
4041,1133,0.41134828329086304,0
4041,2524,0.4141310751438141,0
4041,1942,0.4172307848930359,0
4041,3005,0.40802454948425293,0
4041,3128,0.4133918881416321,0
4041,763,0.4042060971260071,0
4041,3741,0.41179704666137695,0
4041,3300,0.4164218306541443,0
4041,2594,0.41017669439315796,0
4041,160,0.41508737206459045,0
1157,1157,0.43015795946121216,1
1157,595,0.4162321090698242,0
1157,3003,0.42316994071006775,0
1157,2176,0.4224092364311218,0
1157,299,0.427201509475708,0
1157,2407,0.41182589530944824,0
1157,393,0.4193129241466522,0
1157,3982,0.41857796907424927,0
1157,1173,0.42378175258636475,0
1157,3674,0.4269925653934479,0
1157,767,0.4201396107673645,0
1157,3848,0.421810507774353,0
1157,2618,0.4216201901435852,0
1157,1757,0.42101049423217773,0
1157,2594,0.4175361394882202,0
1157,2414,0.42526453733444214,0
1157,2659,0.426410049200058,0
1157,3724,0.42554906010627747,0
1157,2894,0.4177078604698181,0
1157,417,0.42216575145721436,0
1863,1863,0.41682925820350647,1
1863,2852,0.4097357988357544,0
1863,3304,0.40855348110198975,0
1863,3791,0.41140875220298767,0
1863,3266,0.4090733528137207,0
1863,328,0.4116811752319336,0
1863,2460,0.40744549036026,0
1863,1448,0.399533212184906,0
1863,1805,0.4097709357738495,0
1863,604,0.40924644470214844,0
1863,741,0.4189087748527527,0
1863,238,0.41314956545829773,0
1863,3634,0.4107776880264282,0
1863,1712,0.40930885076522827,0
1863,1362,0.4177938401699066,0
1863,2750,0.41250079870224,0
1863,1816,0.4169512689113617,0
1863,3113,0.4083406627178192,0
1863,1929,0.416784405708313,0
1863,2114,0.405164897441864,0
4147,4147,0.40867841243743896,1
4147,1755,0.4094066023826599,0
4147,1860,0.40378761291503906,0
4147,1599,0.4129549264907837,0
4147,2661,0.4091445505619049,0
4147,1454,0.4044208526611328,0
4147,2485,0.4084678888320923,0
4147,4109,0.4141227602958679,0
4147,3697,0.40721774101257324,0
4147,958,0.40634027123451233,0
4147,610,0.4047449827194214,0
4147,3437,0.40890100598335266,0
4147,1241,0.4085823893547058,0
4147,4074,0.4136689305305481,0
4147,2906,0.402981698513031,0
4147,1696,0.4106290936470032,0
4147,3596,0.4051867723464966,0
4147,2696,0.401946485042572,0
4147,3076,0.4123768210411072,0
4147,1487,0.4109361469745636,0
1068,1068,0.4099055528640747,1
1068,11,0.404244601726532,0
1068,1927,0.412583589553833,0
1068,2225,0.4123154878616333,0
1068,63,0.414419949054718,0
1068,831,0.4115350544452667,0
1068,3631,0.41972947120666504,0
1068,1881,0.4109656810760498,0
1068,2935,0.40649503469467163,0
1068,1607,0.4093449115753174,0
1068,2833,0.4094944894313812,0
1068,3590,0.4164576828479767,0
1068,3097,0.4083355963230133,0
1068,3079,0.41001394391059875,0
1068,1051,0.4087027311325073,0
1068,249,0.41164711117744446,0
1068,2189,0.42015451192855835,0
1068,3675,0.4189088046550751,0
1068,3645,0.412503182888031,0
1068,1744,0.41408997774124146,0
2027,2027,0.41157758235931396,1
2027,2734,0.41013649106025696,0
2027,2893,0.4108350872993469,0
2027,2264,0.4124605655670166,0
2027,2961,0.41023319959640503,0
2027,3133,0.4081498980522156,0
2027,3793,0.4166525602340698,0
2027,2836,0.40963584184646606,0
2027,3193,0.40970033407211304,0
2027,2220,0.4083121716976166,0
2027,3961,0.4101414084434509,0
2027,732,0.4181899428367615,0
2027,2251,0.4124393165111542,0
2027,1606,0.41749367117881775,0
2027,2240,0.42532193660736084,0
2027,1532,0.41215890645980835,0
2027,2854,0.4045746922492981,0
2027,1042,0.41265183687210083,0
2027,3217,0.4098421037197113,0
2027,3115,0.4111069440841675,0
1622,1622,0.41669076681137085,1
1622,337,0.417060911655426,0
1622,3664,0.4102684259414673,0
1622,2437,0.4176284670829773,0
1622,2967,0.4169745445251465,0
1622,315,0.414579838514328,0
1622,1963,0.4146888852119446,0
1622,2798,0.4087764024734497,0
1622,1686,0.41733935475349426,0
1622,3941,0.4172523617744446,0
1622,1213,0.4151223599910736,0
1622,2499,0.41216981410980225,0
1622,2282,0.41173750162124634,0
1622,3121,0.41740402579307556,0
1622,4058,0.41330230236053467,0
1622,2893,0.41414135694503784,0
1622,2576,0.4110473394393921,0
1622,3288,0.4171210527420044,0
1622,735,0.4161002039909363,0
1622,551,0.4149879217147827,0
3902,3902,0.4033183753490448,1
3902,1145,0.40298736095428467,0
3902,3450,0.4038900136947632,0
3902,232,0.403952956199646,0
3902,2141,0.4108860492706299,0
3902,3152,0.40423423051834106,0
3902,2354,0.402332067489624,0
3902,2068,0.40101489424705505,0
3902,2162,0.40436404943466187,0
3902,3905,0.4035946726799011,0
3902,1946,0.4046321213245392,0
3902,641,0.4071035385131836,0
3902,2250,0.39365842938423157,0
3902,2409,0.4015194773674011,0
3902,934,0.4028095304965973,0
3902,2146,0.40651804208755493,0
3902,2628,0.40533995628356934,0
3902,3837,0.41040652990341187,0
3902,48,0.4037731885910034,0
3902,2222,0.40853017568588257,0
3914,3914,0.4153141379356384,1
3914,2306,0.41668957471847534,0
3914,1564,0.41283196210861206,0
3914,977,0.4152856767177582,0
3914,3485,0.41219571232795715,0
3914,3520,0.40754297375679016,0
3914,686,0.41609251499176025,0
3914,708,0.4104030728340149,0
3914,2361,0.41386878490448,0
3914,3219,0.4142049551010132,0
3914,1352,0.4263420104980469,0
3914,2171,0.4159950613975525,0
3914,944,0.41561955213546753,0
3914,2421,0.42218443751335144,0
3914,1511,0.4171757996082306,0
3914,3694,0.4151345491409302,0
3914,3047,0.4114115834236145,0
3914,2822,0.41556912660598755,0
3914,127,0.41044777631759644,0
3914,1338,0.41855350136756897,0
346,346,0.40369266271591187,1
346,2478,0.41810083389282227,0
346,3725,0.40526169538497925,0
346,1163,0.40673547983169556,0
346,1331,0.4084777235984802,0
346,2679,0.40752094984054565,0
346,323,0.40267664194107056,0
346,4145,0.4083118438720703,0
346,1606,0.4119678735733032,0
346,3523,0.40849894285202026,0
346,648,0.40609413385391235,0
346,161,0.40354490280151367,0
346,754,0.4114620089530945,0
346,3497,0.40486645698547363,0
346,4059,0.40795981884002686,0
346,2025,0.4080723524093628,0
346,2728,0.4052923321723938,0
346,3598,0.40911024808883667,0
346,4060,0.407624751329422,0
346,1830,0.4127003848552704,0
2592,2592,0.4140782058238983,1
2592,674,0.40680983662605286,0
2592,3951,0.41224467754364014,0
2592,2867,0.4173193573951721,0
2592,3718,0.40857985615730286,0
2592,2629,0.409173846244812,0
2592,4128,0.41330987215042114,0
2592,1191,0.41021019220352173,0
2592,555,0.407929003238678,0
2592,1011,0.41649410128593445,0
2592,3678,0.4134097695350647,0
2592,3610,0.4151563346385956,0
2592,3445,0.41576433181762695,0
2592,2321,0.4214286208152771,0
2592,186,0.4114544987678528,0
2592,4172,0.4167032241821289,0
2592,3589,0.41319018602371216,0
2592,1339,0.4080238342285156,0
2592,2423,0.417318731546402,0
2592,3362,0.42119550704956055,0
1114,1114,0.4019707441329956,1
1114,2161,0.4019944667816162,0
1114,819,0.40693625807762146,0
1114,1851,0.40219736099243164,0
1114,837,0.4108677804470062,0
1114,2169,0.40539050102233887,0
1114,612,0.40796390175819397,0
1114,217,0.3960146903991699,0
1114,1978,0.39983582496643066,0
1114,3856,0.4046178460121155,0
1114,1524,0.39797747135162354,0
1114,3321,0.41139358282089233,0
1114,207,0.4110187292098999,0
1114,1096,0.40718287229537964,0
1114,418,0.4004656672477722,0
1114,982,0.39953139424324036,0
1114,2988,0.41229677200317383,0
1114,2397,0.40736159682273865,0
1114,1231,0.40699389576911926,0
1114,2673,0.4071927070617676,0
4163,4163,0.4118501543998718,1
4163,132,0.42554348707199097,0
4163,2316,0.41787195205688477,0
4163,725,0.42037391662597656,0
4163,1417,0.41892698407173157,0
4163,603,0.42726653814315796,0
4163,3324,0.41388261318206787,0
4163,548,0.4124847948551178,0
4163,4089,0.41852468252182007,0
4163,493,0.4183737337589264,0
4163,1716,0.4193125367164612,0
4163,4091,0.42746442556381226,0
4163,1755,0.4200111925601959,0
4163,265,0.42543792724609375,0
4163,159,0.420771062374115,0
4163,1706,0.4196755290031433,0
4163,806,0.41717714071273804,0
4163,1270,0.4197985529899597,0
4163,1747,0.41971689462661743,0
4163,1027,0.4177560806274414,0
1741,1741,0.40654444694519043,1
1741,291,0.41000497341156006,0
1741,693,0.41316601634025574,0
1741,717,0.41236376762390137,0
1741,3272,0.413002610206604,0
1741,743,0.42216023802757263,0
1741,3150,0.41317257285118103,0
1741,2421,0.4214414954185486,0
1741,3290,0.40886563062667847,0
1741,1712,0.4131164252758026,0
1741,2367,0.413666307926178,0
1741,3560,0.4132959842681885,0
1741,3466,0.4123883843421936,0
1741,4004,0.4145938754081726,0
1741,1134,0.41238778829574585,0
1741,3645,0.41484516859054565,0
1741,885,0.4146113693714142,0
1741,1574,0.4118773341178894,0
1741,1672,0.4042883515357971,0
1741,3684,0.41511422395706177,0
542,542,0.41061854362487793,1
542,813,0.4258551299571991,0
542,3262,0.4075315296649933,0
542,1177,0.4127803444862366,0
542,3621,0.41524869203567505,0
542,2234,0.41800859570503235,0
542,34,0.40685567259788513,0
542,759,0.41638219356536865,0
542,45,0.41850513219833374,0
542,192,0.40955501794815063,0
542,2427,0.4103374481201172,0
542,2259,0.40730708837509155,0
542,65,0.4106152057647705,0
542,1396,0.41005420684814453,0
542,3943,0.4159606099128723,0
542,414,0.4094984531402588,0
542,1730,0.4110513925552368,0
542,1775,0.41406652331352234,0
542,608,0.4132627844810486,0
542,2720,0.4061886966228485,0
973,973,0.40483421087265015,1
973,3437,0.4079759120941162,0
973,852,0.4006410837173462,0
973,504,0.40713727474212646,0
973,1827,0.40940678119659424,0
973,3029,0.4030047655105591,0
973,2078,0.40267422795295715,0
973,1028,0.4093027710914612,0
973,3134,0.3999624252319336,0
973,3073,0.40889987349510193,0
973,2771,0.40372592210769653,0
973,1880,0.4070112705230713,0
973,2967,0.40817561745643616,0
973,843,0.40453290939331055,0
973,2497,0.4102447032928467,0
973,921,0.4064396619796753,0
973,2257,0.4038727283477783,0
973,1640,0.41144660115242004,0
973,323,0.40260833501815796,0
973,302,0.40678858757019043,0
422,422,0.40915948152542114,1
422,4146,0.41442352533340454,0
422,151,0.41588258743286133,0
422,3814,0.4088090658187866,0
422,874,0.4094655513763428,0
422,2250,0.4030494689941406,0
422,1080,0.41280055046081543,0
422,1705,0.4071967899799347,0
422,1944,0.40940332412719727,0
422,1581,0.4191962480545044,0
422,2730,0.4023757576942444,0
422,464,0.40915417671203613,0
422,28,0.41917768120765686,0
422,1859,0.41231510043144226,0
422,3685,0.4186098277568817,0
422,3143,0.4168798625469208,0
422,52,0.41365164518356323,0
422,2227,0.42053157091140747,0
422,1285,0.41156747937202454,0
422,2140,0.4075257182121277,0
1464,1464,0.4254955053329468,1
1464,3794,0.42545896768569946,0
1464,317,0.42729026079177856,0
1464,3406,0.43047335743904114,0
1464,1820,0.43211156129837036,0
1464,291,0.4253188967704773,0
1464,2625,0.4248495101928711,0
1464,1255,0.43694910407066345,0
1464,3038,0.4265553653240204,0
1464,3983,0.4197113513946533,0
1464,2876,0.43352973461151123,0
1464,3110,0.4322736859321594,0
1464,2426,0.4302682876586914,0
1464,728,0.427203893661499,0
1464,1396,0.42849212884902954,0
1464,72,0.4279625415802002,0
1464,231,0.43539291620254517,0
1464,2358,0.43391066789627075,0
1464,3790,0.42618033289909363,0
1464,2302,0.43624255061149597,0
1130,1130,0.4234943985939026,1
1130,582,0.4154318869113922,0
1130,2453,0.42205673456192017,0
1130,1596,0.4316481649875641,0
1130,1795,0.4207836091518402,0
1130,2962,0.4227457344532013,0
1130,1654,0.42604902386665344,0
1130,1308,0.4226154088973999,0
1130,2622,0.4189531207084656,0
1130,1559,0.42382174730300903,0
1130,1850,0.41543418169021606,0
1130,1470,0.42320412397384644,0
1130,348,0.4201377034187317,0
1130,1883,0.42453324794769287,0
1130,3418,0.4211976230144501,0
1130,2443,0.43025195598602295,0
1130,4,0.42767494916915894,0
1130,2950,0.43051958084106445,0
1130,2146,0.42574286460876465,0
1130,3440,0.4260534644126892,0
4174,4174,0.4078036844730377,1
4174,1818,0.4114193916320801,0
4174,2772,0.41528603434562683,0
4174,2175,0.42331698536872864,0
4174,2838,0.41575250029563904,0
4174,4161,0.41013091802597046,0
4174,2646,0.41481316089630127,0
4174,1985,0.4103105664253235,0
4174,2845,0.41746044158935547,0
4174,2917,0.4128268361091614,0
4174,1253,0.4215189218521118,0
4174,3130,0.41100794076919556,0
4174,739,0.41328293085098267,0
4174,2776,0.4111757278442383,0
4174,2559,0.4102998375892639,0
4174,580,0.41655784845352173,0
4174,3362,0.4225326478481293,0
4174,3116,0.40888112783432007,0
4174,3334,0.40405452251434326,0
4174,2048,0.4122772514820099,0
986,986,0.39498037099838257,1
986,588,0.41116806864738464,0
986,243,0.39981818199157715,0
986,173,0.3993315100669861,0
986,1131,0.40424978733062744,0
986,785,0.40523597598075867,0
986,3760,0.40082108974456787,0
986,111,0.41323626041412354,0
986,95,0.4076912999153137,0
986,274,0.41062766313552856,0
986,674,0.40024107694625854,0
986,3010,0.4014894366264343,0
986,2480,0.4052760601043701,0
986,2948,0.4133416712284088,0
986,434,0.40275144577026367,0
986,2315,0.4058070778846741,0
986,2676,0.40071094036102295,0
986,1839,0.40972572565078735,0
986,1164,0.4076504111289978,0
986,4026,0.4040314555168152,0
2158,2158,0.411277174949646,1
2158,1450,0.421650767326355,0
2158,56,0.4158635139465332,0
2158,954,0.4159435033798218,0
2158,3116,0.4144289791584015,0
2158,1391,0.4253818988800049,0
2158,2318,0.4142240881919861,0
2158,2834,0.4244617819786072,0
2158,3982,0.4179631769657135,0
2158,3377,0.41987526416778564,0
2158,3848,0.4212417006492615,0
2158,2696,0.41315001249313354,0
2158,1923,0.42167437076568604,0
2158,2859,0.4220573902130127,0
2158,976,0.42131420969963074,0
2158,2355,0.4282851815223694,0
2158,2931,0.4214642643928528,0
2158,77,0.42665770649909973,0
2158,2652,0.42337143421173096,0
2158,1353,0.4178600311279297,0
3204,3204,0.39703553915023804,1
3204,2521,0.4043978750705719,0
3204,1295,0.40691086649894714,0
3204,2752,0.41028326749801636,0
3204,3437,0.40951576828956604,0
3204,266,0.41224849224090576,0
3204,3269,0.4093208611011505,0
3204,197,0.4126491844654083,0
3204,14,0.4052650034427643,0
3204,3858,0.4087221920490265,0
3204,3038,0.4061453342437744,0
3204,120,0.40989071130752563,0
3204,2459,0.40531107783317566,0
3204,4045,0.40493106842041016,0
3204,838,0.4086194634437561,0
3204,2658,0.4114781320095062,0
3204,3770,0.40975409746170044,0
3204,2532,0.4012380540370941,0
3204,1462,0.4091407060623169,0
3204,2875,0.40950658917427063,0
677,677,0.4040869474411011,1
677,509,0.4101012051105499,0
677,3977,0.4121091961860657,0
677,1666,0.4052528142929077,0
677,242,0.40415021777153015,0
677,3337,0.4079614579677582,0
677,2432,0.40671950578689575,0
677,3988,0.4050014615058899,0
677,3795,0.40677517652511597,0
677,87,0.40781474113464355,0
677,1482,0.39819690585136414,0
677,495,0.40333741903305054,0
677,3104,0.4039859473705292,0
677,3637,0.4049569070339203,0
677,3381,0.40810656547546387,0
677,927,0.4082632064819336,0
677,970,0.4116106629371643,0
677,3432,0.40855929255485535,0
677,2847,0.41385596990585327,0
677,3191,0.41026759147644043,0
3122,3122,0.40815025568008423,1
3122,549,0.41032105684280396,0
3122,2892,0.4076482653617859,0
3122,4078,0.4197729825973511,0
3122,2924,0.40884363651275635,0
3122,227,0.412822425365448,0
3122,2748,0.4091191291809082,0
3122,103,0.41345953941345215,0
3122,2664,0.41835615038871765,0
3122,1685,0.4153279960155487,0
3122,3257,0.40146321058273315,0
3122,443,0.40623730421066284,0
3122,2293,0.40815451741218567,0
3122,1022,0.4071451425552368,0
3122,1669,0.405734121799469,0
3122,3547,0.4214600920677185,0
3122,3649,0.40714284777641296,0
3122,85,0.41275808215141296,0
3122,2872,0.41040724515914917,0
3122,3364,0.41520529985427856,0
3672,3672,0.41126471757888794,1
3672,1919,0.41183215379714966,0
3672,2300,0.4080195426940918,0
3672,1349,0.412464439868927,0
3672,299,0.4192940592765808,0
3672,2318,0.4078395962715149,0
3672,492,0.4158032536506653,0
3672,4144,0.41115522384643555,0
3672,2616,0.40854769945144653,0
3672,958,0.41065722703933716,0
3672,1484,0.4142700731754303,0
3672,2196,0.4126294255256653,0
3672,1487,0.41554635763168335,0
3672,442,0.41369500756263733,0
3672,2852,0.41189688444137573,0
3672,3734,0.4132060408592224,0
3672,178,0.40609005093574524,0
3672,208,0.4070238769054413,0
3672,2853,0.42465347051620483,0
3672,1156,0.40965747833251953,0
3890,3890,0.4159868657588959,1
3890,884,0.4112215042114258,0
3890,3842,0.40540504455566406,0
3890,2266,0.4138995409011841,0
3890,2008,0.4123663306236267,0
3890,3807,0.41682466864585876,0
3890,1815,0.40803301334381104,0
3890,1386,0.4083523154258728,0
3890,2340,0.40725648403167725,0
3890,2196,0.4119826853275299,0
3890,1361,0.4136775732040405,0
3890,165,0.41064438223838806,0
3890,3232,0.4126041531562805,0
3890,1440,0.4106350541114807,0
3890,2970,0.41768497228622437,0
3890,2056,0.40305888652801514,0
3890,988,0.40837329626083374,0
3890,3184,0.4098827838897705,0
3890,183,0.41530776023864746,0
3890,1334,0.41251254081726074,0
1415,1415,0.41705530881881714,1
1415,2878,0.42281287908554077,0
1415,1139,0.41025933623313904,0
1415,2761,0.41464680433273315,0
1415,3216,0.41953790187835693,0
1415,2569,0.4201003611087799,0
1415,1613,0.41232776641845703,0
1415,2714,0.41884645819664,0
1415,3891,0.418618381023407,0
1415,4135,0.42327314615249634,0
1415,2954,0.41256773471832275,0
1415,668,0.4218304753303528,0
1415,2101,0.4072975516319275,0
1415,2671,0.4196896255016327,0
1415,1287,0.4200781285762787,0
1415,391,0.4132730960845947,0
1415,1618,0.416414737701416,0
1415,3829,0.42316561937332153,0
1415,3968,0.4117913544178009,0
1415,2904,0.415871262550354,0
268,268,0.4146188199520111,1
268,298,0.4153409004211426,0
268,2353,0.4148590564727783,0
268,750,0.41352421045303345,0
268,3135,0.413255512714386,0
268,544,0.4100063741207123,0
268,1430,0.41197454929351807,0
268,3883,0.42356202006340027,0
268,2706,0.41077372431755066,0
268,401,0.419771283864975,0
268,656,0.41027194261550903,0
268,545,0.41330015659332275,0
268,1706,0.41797465085983276,0
268,1547,0.4254882037639618,0
268,2322,0.4137045443058014,0
268,591,0.4239376485347748,0
268,2866,0.41393786668777466,0
268,2879,0.4121898412704468,0
268,1683,0.41464316844940186,0
268,730,0.41813164949417114,0
2760,2760,0.41870903968811035,1
2760,1107,0.41722002625465393,0
2760,2493,0.4066814184188843,0
2760,1909,0.4108237624168396,0
2760,2831,0.41912272572517395,0
2760,2046,0.41109174489974976,0
2760,1839,0.42020291090011597,0
2760,220,0.4086969792842865,0
2760,687,0.40779441595077515,0
2760,8,0.4149456024169922,0
2760,726,0.42132070660591125,0
2760,3275,0.41757452487945557,0
2760,573,0.41805732250213623,0
2760,3029,0.41026395559310913,0
2760,3222,0.4238397777080536,0
2760,1187,0.412390798330307,0
2760,4103,0.41936981678009033,0
2760,3218,0.4215071201324463,0
2760,531,0.4167563319206238,0
2760,176,0.4173726439476013,0
2395,2395,0.4146011471748352,1
2395,2629,0.40995001792907715,0
2395,1044,0.4163878560066223,0
2395,2385,0.4168825149536133,0
2395,3922,0.4032418727874756,0
2395,3511,0.4052778482437134,0
2395,4047,0.41165032982826233,0
2395,1414,0.40907812118530273,0
2395,1250,0.41116997599601746,0
2395,2437,0.41502004861831665,0
2395,394,0.4145365357398987,0
2395,2241,0.4148612916469574,0
2395,2703,0.416708767414093,0
2395,4139,0.40677791833877563,0
2395,81,0.4109843373298645,0
2395,2215,0.41444313526153564,0
2395,2876,0.4162139296531677,0
2395,3423,0.41241633892059326,0
2395,2391,0.4022805690765381,0
2395,448,0.41021811962127686,0
254,254,0.4064416289329529,1
254,1651,0.41151630878448486,0
254,492,0.4140744209289551,0
254,2970,0.4156135618686676,0
254,3325,0.4051784574985504,0
254,474,0.41211026906967163,0
254,2118,0.4140087366104126,0
254,1669,0.4058326482772827,0
254,3306,0.4049781560897827,0
254,3600,0.41306474804878235,0
254,3662,0.40226614475250244,0
254,1402,0.40743812918663025,0
254,2588,0.4090919494628906,0
254,432,0.40328314900398254,0
254,2352,0.41640132665634155,0
254,469,0.4049053192138672,0
254,3399,0.4124303460121155,0
254,1717,0.408697247505188,0
254,3769,0.4043770730495453,0
254,2814,0.4057169556617737,0
641,641,0.4214019179344177,1
641,301,0.41681647300720215,0
641,955,0.4136221408843994,0
641,2033,0.4222729206085205,0
641,4056,0.4177941083908081,0
641,3046,0.4181070029735565,0
641,148,0.4151146113872528,0
641,57,0.41698336601257324,0
641,2736,0.41516372561454773,0
641,885,0.4184163212776184,0
641,2905,0.418801486492157,0
641,3320,0.418160080909729,0
641,3371,0.4098590016365051,0
641,1682,0.4175683259963989,0
641,3883,0.42414599657058716,0
641,2639,0.4242803454399109,0
641,2183,0.4166809618473053,0
641,582,0.4098019599914551,0
641,2215,0.4191221594810486,0
641,3216,0.41901686787605286,0
2116,2116,0.3933756351470947,1
2116,3066,0.39629119634628296,0
2116,160,0.4021046757698059,0
2116,2964,0.3979436159133911,0
2116,1063,0.3951801061630249,0
2116,1268,0.40490978956222534,0
2116,1715,0.39913439750671387,0
2116,1442,0.4023045003414154,0
2116,2892,0.39856043457984924,0
2116,3117,0.39921483397483826,0
2116,1084,0.40295475721359253,0
2116,3275,0.403451144695282,0
2116,3096,0.40506958961486816,0
2116,2976,0.4048299193382263,0
2116,539,0.4066697359085083,0
2116,3858,0.4003353714942932,0
2116,2640,0.3997344374656677,0
2116,3886,0.40780121088027954,0
2116,1516,0.4008313715457916,0
2116,2130,0.39833998680114746,0
3649,3649,0.4078754484653473,1
3649,1850,0.40365052223205566,0
3649,1849,0.413368821144104,0
3649,3188,0.4181693196296692,0
3649,2884,0.4138760566711426,0
3649,1499,0.40977704524993896,0
3649,3400,0.41378870606422424,0
3649,1000,0.40937381982803345,0
3649,1836,0.4071974754333496,0
3649,3245,0.41172701120376587,0
3649,171,0.40840572118759155,0
3649,1100,0.41235941648483276,0
3649,3392,0.4091491103172302,0
3649,2033,0.41568124294281006,0
3649,2056,0.40282946825027466,0
3649,4136,0.40572577714920044,0
3649,3149,0.41093897819519043,0
3649,3518,0.41192033886909485,0
3649,60,0.4071943163871765,0
3649,90,0.40639248490333557,0
547,547,0.4034302234649658,1
547,2253,0.40638747811317444,0
547,4106,0.4045034646987915,0
547,2419,0.41277995705604553,0
547,2445,0.4119841754436493,0
547,4057,0.4121875762939453,0
547,575,0.4123573303222656,0
547,2415,0.4115062355995178,0
547,4116,0.4051517844200134,0
547,1819,0.4131908416748047,0
547,1760,0.4077884554862976,0
547,1893,0.4091154634952545,0
547,602,0.4140591621398926,0
547,2609,0.41452670097351074,0
547,1687,0.40694373846054077,0
547,2693,0.40910694003105164,0
547,1680,0.40895089507102966,0
547,1000,0.4086073040962219,0
547,18,0.4008633494377136,0
547,1803,0.40763217210769653,0
282,282,0.4145463705062866,1
282,2119,0.41551506519317627,0
282,2679,0.4135674834251404,0
282,76,0.406680166721344,0
282,2120,0.4198380410671234,0
282,99,0.41701841354370117,0
282,2929,0.41548722982406616,0
282,2964,0.41148641705513,0
282,1699,0.41247400641441345,0
282,618,0.4088388979434967,0
282,2296,0.4087914526462555,0
282,1532,0.4128354489803314,0
282,456,0.41979068517684937,0
282,911,0.41651833057403564,0
282,3654,0.40879011154174805,0
282,2241,0.4157862365245819,0
282,2886,0.4114486277103424,0
282,943,0.4075159430503845,0
282,4035,0.4158225655555725,0
282,2188,0.4156497120857239,0
3657,3657,0.4087563455104828,1
3657,2748,0.4126755893230438,0
3657,2081,0.40920525789260864,0
3657,2476,0.4156157672405243,0
3657,2463,0.4159111976623535,0
3657,3752,0.41961830854415894,0
3657,1355,0.41297492384910583,0
3657,890,0.40828725695610046,0
3657,102,0.4164077639579773,0
3657,3042,0.40986400842666626,0
3657,3051,0.40933120250701904,0
3657,3471,0.4038780927658081,0
3657,1424,0.41546010971069336,0
3657,3582,0.41920989751815796,0
3657,3441,0.4130580723285675,0
3657,3854,0.40832996368408203,0
3657,3171,0.40781646966934204,0
3657,902,0.4101676046848297,0
3657,407,0.4156866669654846,0
3657,1679,0.4123208522796631,0
2802,2802,0.4153667390346527,1
2802,2664,0.42856043577194214,0
2802,720,0.41814953088760376,0
2802,2714,0.42035427689552307,0
2802,3703,0.4220631718635559,0
2802,3107,0.436753511428833,0
2802,2534,0.4231697916984558,0
2802,3083,0.41705530881881714,0
2802,696,0.40631866455078125,0
2802,2056,0.4100121855735779,0
2802,2416,0.4183809161186218,0
2802,381,0.41749536991119385,0
2802,617,0.4068523645401001,0
2802,1232,0.42166274785995483,0
2802,3684,0.4210081100463867,0
2802,3294,0.4137590527534485,0
2802,3767,0.4151831865310669,0
2802,2848,0.41331154108047485,0
2802,1462,0.42063960433006287,0
2802,989,0.42371487617492676,0
2675,2675,0.41705214977264404,1
2675,1243,0.4181784987449646,0
2675,2298,0.4191191792488098,0
2675,2914,0.4253999888896942,0
2675,395,0.41997361183166504,0
2675,936,0.42311957478523254,0
2675,2694,0.4217360019683838,0
2675,1424,0.42341455817222595,0
2675,35,0.4158580005168915,0
2675,141,0.41758546233177185,0
2675,1802,0.4177158772945404,0
2675,414,0.4195142388343811,0
2675,185,0.4166784882545471,0
2675,3084,0.4186202883720398,0
2675,712,0.42047858238220215,0
2675,2657,0.4179559051990509,0
2675,870,0.4219553470611572,0
2675,1840,0.42401397228240967,0
2675,1486,0.41763365268707275,0
2675,1161,0.422218382358551,0
517,517,0.42092886567115784,1
517,3376,0.41317570209503174,0
517,1137,0.41366350650787354,0
517,832,0.4206368327140808,0
517,3431,0.4176678955554962,0
517,95,0.41913965344429016,0
517,54,0.4226246774196625,0
517,2199,0.4134161174297333,0
517,1055,0.4160333573818207,0
517,1891,0.4125858545303345,0
517,479,0.4142829179763794,0
517,836,0.4204859137535095,0
517,460,0.40803492069244385,0
517,3178,0.41728705167770386,0
517,3869,0.4227728843688965,0
517,4165,0.41322240233421326,0
517,3418,0.414004921913147,0
517,68,0.4154210090637207,0
517,4030,0.4155140519142151,0
517,3328,0.4191007614135742,0
3561,3561,0.41193774342536926,1
3561,3927,0.4134010672569275,0
3561,1392,0.4122801125049591,0
3561,1499,0.4130282700061798,0
3561,280,0.4222433865070343,0
3561,3350,0.4161304235458374,0
3561,496,0.4049763083457947,0
3561,3591,0.4184345602989197,0
3561,2379,0.42125242948532104,0
3561,1316,0.41561901569366455,0
3561,2479,0.42209529876708984,0
3561,2629,0.41165125370025635,0
3561,2546,0.4084581136703491,0
3561,3808,0.4092027544975281,0
3561,1440,0.41342848539352417,0
3561,1646,0.4155957102775574,0
3561,3121,0.4162556827068329,0
3561,2551,0.413987934589386,0
3561,969,0.4186738431453705,0
3561,2671,0.41658350825309753,0
2404,2404,0.4146953821182251,1
2404,987,0.41467440128326416,0
2404,416,0.41050413250923157,0
2404,327,0.4175125062465668,0
2404,2614,0.4260050058364868,0
2404,3983,0.4081387519836426,0
2404,2616,0.4132676124572754,0
2404,1721,0.4105442762374878,0
2404,915,0.41782113909721375,0
2404,3731,0.41463756561279297,0
2404,1366,0.41606462001800537,0
2404,1273,0.41114121675491333,0
2404,1630,0.41971513628959656,0
2404,2924,0.4162272810935974,0
2404,2745,0.4182892143726349,0
2404,3903,0.4122520983219147,0
2404,763,0.4082895517349243,0
2404,2221,0.40710198879241943,0
2404,1823,0.41026419401168823,0
2404,4148,0.41108518838882446,0
3873,3873,0.4170023202896118,1
3873,3545,0.41230249404907227,0
3873,1468,0.4019336700439453,0
3873,3090,0.40957337617874146,0
3873,4115,0.408867746591568,0
3873,3283,0.40544593334198,0
3873,2902,0.4089047312736511,0
3873,2742,0.41053643822669983,0
3873,3081,0.4014808237552643,0
3873,179,0.4020812511444092,0
3873,1888,0.40812405943870544,0
3873,1211,0.41269564628601074,0
3873,1578,0.40525147318840027,0
3873,790,0.3978304862976074,0
3873,2918,0.41318047046661377,0
3873,3616,0.40284350514411926,0
3873,232,0.4093703627586365,0
3873,244,0.405752956867218,0
3873,2986,0.40263426303863525,0
3873,3049,0.4201614260673523,0
2687,2687,0.41144004464149475,1
2687,3954,0.4161173701286316,0
2687,2866,0.40880483388900757,0
2687,2944,0.40953922271728516,0
2687,867,0.4083738923072815,0
2687,1766,0.40864241123199463,0
2687,2921,0.4062356650829315,0
2687,690,0.41631069779396057,0
2687,179,0.40633440017700195,0
2687,3385,0.4200913608074188,0
2687,827,0.41843104362487793,0
2687,639,0.4149641990661621,0
2687,1851,0.40832194685935974,0
2687,447,0.4209030866622925,0
2687,122,0.41587990522384644,0
2687,1680,0.4098874032497406,0
2687,3916,0.41650819778442383,0
2687,4064,0.4094665050506592,0
2687,494,0.410511314868927,0
2687,3751,0.4141022562980652,0
1606,1606,0.42273205518722534,1
1606,2791,0.4148605465888977,0
1606,3294,0.4105529189109802,0
1606,1474,0.41478246450424194,0
1606,3354,0.41900455951690674,0
1606,1590,0.4134292006492615,0
1606,224,0.4152177572250366,0
1606,3204,0.40335097908973694,0
1606,2115,0.4122570753097534,0
1606,164,0.4158582091331482,0
1606,631,0.4172284007072449,0
1606,3017,0.4133249521255493,0
1606,1791,0.41252613067626953,0
1606,118,0.41564202308654785,0
1606,1202,0.41703885793685913,0
1606,3393,0.41857486963272095,0
1606,1055,0.41746145486831665,0
1606,2376,0.42200589179992676,0
1606,1555,0.4162171483039856,0
1606,4171,0.41667184233665466,0
302,302,0.4121767580509186,1
302,1372,0.40734025835990906,0
302,112,0.40791261196136475,0
302,1373,0.4120802879333496,0
302,4070,0.42051228880882263,0
302,381,0.41061607003211975,0
302,2684,0.4124193787574768,0
302,659,0.4096306562423706,0
302,3088,0.42090559005737305,0
302,224,0.41054970026016235,0
302,1807,0.4170490503311157,0
302,561,0.41246962547302246,0
302,2759,0.40985143184661865,0
302,634,0.4097524881362915,0
302,4114,0.41370269656181335,0
302,2127,0.41921132802963257,0
302,3678,0.41414111852645874,0
302,2781,0.41676080226898193,0
302,114,0.4239007830619812,0
302,2011,0.41202476620674133,0
1755,1755,0.4121917486190796,1
1755,2895,0.4145132601261139,0
1755,4117,0.4114838242530823,0
1755,2827,0.40701186656951904,0
1755,122,0.41546630859375,0
1755,3399,0.4145059585571289,0
1755,840,0.4100763201713562,0
1755,3849,0.418559193611145,0
1755,2318,0.40655869245529175,0
1755,788,0.3996430039405823,0
1755,1137,0.4098750948905945,0
1755,3511,0.40310025215148926,0
1755,1344,0.41956695914268494,0
1755,2088,0.42802900075912476,0
1755,2129,0.40694600343704224,0
1755,424,0.4101329743862152,0
1755,3962,0.4095381498336792,0
1755,3704,0.40981414914131165,0
1755,2029,0.4023936092853546,0
1755,3460,0.4050815999507904,0
2784,2784,0.4066653847694397,1
2784,3577,0.402882844209671,0
2784,3541,0.41079181432724,0
2784,3278,0.4119926691055298,0
2784,2704,0.4118505120277405,0
2784,3611,0.4049246907234192,0
2784,28,0.4163200259208679,0
2784,3782,0.4064789414405823,0
2784,3086,0.4144846796989441,0
2784,1306,0.4161718487739563,0
2784,2366,0.4150483012199402,0
2784,4007,0.4152619242668152,0
2784,492,0.41313761472702026,0
2784,2615,0.40788692235946655,0
2784,2715,0.40388643741607666,0
2784,1100,0.411065012216568,0
2784,3732,0.4090089201927185,0
2784,1520,0.40633177757263184,0
2784,3579,0.4141094982624054,0
2784,1517,0.41193687915802,0
127,127,0.40768149495124817,1
127,3179,0.41280972957611084,0
127,2958,0.41285598278045654,0
127,2534,0.41492584347724915,0
127,3288,0.4134818911552429,0
127,3822,0.4181549549102783,0
127,2878,0.4169433116912842,0
127,1802,0.40883535146713257,0
127,3644,0.41803309321403503,0
127,3598,0.41292649507522583,0
127,4038,0.41179096698760986,0
127,1377,0.4127548336982727,0
127,3377,0.4114764928817749,0
127,2721,0.4172806739807129,0
127,4135,0.4163562059402466,0
127,1417,0.41142013669013977,0
127,3408,0.4060034155845642,0
127,2851,0.4097093343734741,0
127,713,0.4084647595882416,0
127,3550,0.41273635625839233,0
1087,1087,0.41384994983673096,1
1087,1534,0.4098441004753113,0
1087,673,0.414073646068573,0
1087,268,0.4086182713508606,0
1087,881,0.4099991023540497,0
1087,2287,0.41356316208839417,0
1087,396,0.40800240635871887,0
1087,2439,0.4084825813770294,0
1087,539,0.4176000952720642,0
1087,2691,0.4142453074455261,0
1087,431,0.4120441973209381,0
1087,3193,0.40867263078689575,0
1087,4132,0.4130750298500061,0
1087,2194,0.4122297167778015,0
1087,2613,0.4025987982749939,0
1087,466,0.4115966260433197,0
1087,552,0.40750667452812195,0
1087,3689,0.41100966930389404,0
1087,3739,0.4114810526371002,0
1087,3404,0.4126105308532715,0
34,34,0.410633385181427,1
34,3874,0.4075775742530823,0
34,1015,0.41821736097335815,0
34,3445,0.41740918159484863,0
34,3820,0.40738964080810547,0
34,3061,0.41821497678756714,0
34,1882,0.41534703969955444,0
34,2818,0.4177447557449341,0
34,2262,0.4083492159843445,0
34,2003,0.4124223589897156,0
34,3515,0.40685519576072693,0
34,995,0.41254085302352905,0
34,1881,0.4134543240070343,0
34,1199,0.41496357321739197,0
34,1336,0.4095459580421448,0
34,648,0.4116626977920532,0
34,3157,0.41326582431793213,0
34,3618,0.4133959114551544,0
34,3462,0.42566630244255066,0
34,954,0.4100362956523895,0
1043,1043,0.4064120352268219,1
1043,2254,0.41364115476608276,0
1043,3869,0.4160989820957184,0
1043,1282,0.41431164741516113,0
1043,187,0.40338748693466187,0
1043,2252,0.40432974696159363,0
1043,2321,0.41873013973236084,0
1043,2889,0.40626609325408936,0
1043,2310,0.4131721258163452,0
1043,365,0.4086020290851593,0
1043,1323,0.4115057587623596,0
1043,2781,0.41344302892684937,0
1043,906,0.40239816904067993,0
1043,2971,0.41088059544563293,0
1043,3512,0.40874284505844116,0
1043,1607,0.40690600872039795,0
1043,1066,0.41121456027030945,0
1043,3740,0.4064503610134125,0
1043,1901,0.4086599349975586,0
1043,146,0.40768229961395264,0
1482,1482,0.39941105246543884,1
1482,2120,0.41540849208831787,0
1482,1128,0.4093627631664276,0
1482,1126,0.41488325595855713,0
1482,387,0.4033908247947693,0
1482,1333,0.4081868529319763,0
1482,2164,0.41523775458335876,0
1482,3118,0.41013967990875244,0
1482,1801,0.4111355245113373,0
1482,885,0.41014620661735535,0
1482,1866,0.4109134078025818,0
1482,1663,0.40702927112579346,0
1482,2662,0.4059222638607025,0
1482,1561,0.4043964147567749,0
1482,4075,0.41188865900039673,0
1482,346,0.4039686918258667,0
1482,3941,0.4116320013999939,0
1482,3998,0.4101869463920593,0
1482,1492,0.4130551218986511,0
1482,3651,0.41023537516593933,0
2680,2680,0.42250269651412964,1
2680,3769,0.40901345014572144,0
2680,1980,0.41031700372695923,0
2680,1117,0.41576051712036133,0
2680,3082,0.4128354787826538,0
2680,1539,0.4160084128379822,0
2680,3120,0.41244930028915405,0
2680,3782,0.41176721453666687,0
2680,2907,0.4110652804374695,0
2680,1159,0.4168543219566345,0
2680,1589,0.41941434144973755,0
2680,4085,0.4169711470603943,0
2680,3872,0.41867920756340027,0
2680,3069,0.4174846112728119,0
2680,1854,0.4144744277000427,0
2680,2164,0.42096075415611267,0
2680,1625,0.4147537648677826,0
2680,3293,0.41315698623657227,0
2680,1915,0.41944944858551025,0
2680,568,0.4142560362815857,0
1917,1917,0.40657564997673035,1
1917,279,0.4122033417224884,0
1917,3400,0.4165750741958618,0
1917,3326,0.41149187088012695,0
1917,2479,0.4217168688774109,0
1917,183,0.41769731044769287,0
1917,1615,0.4136430025100708,0
1917,4113,0.41276100277900696,0
1917,3719,0.4064520597457886,0
1917,2897,0.41523224115371704,0
1917,1459,0.41557738184928894,0
1917,663,0.4134148359298706,0
1917,4042,0.4061148464679718,0
1917,3204,0.4008253812789917,0
1917,1118,0.41608577966690063,0
1917,289,0.40632981061935425,0
1917,1164,0.4162396192550659,0
1917,2461,0.4111984372138977,0
1917,609,0.4142616391181946,0
1917,469,0.40904951095581055,0
1697,1697,0.41016995906829834,1
1697,1887,0.4086735248565674,0
1697,2635,0.40757477283477783,0
1697,4130,0.409692645072937,0
1697,1714,0.40934258699417114,0
1697,620,0.40935516357421875,0
1697,2479,0.41910842061042786,0
1697,135,0.40630680322647095,0
1697,493,0.41165411472320557,0
1697,84,0.4075247645378113,0
1697,3973,0.4135079085826874,0
1697,1953,0.4134140908718109,0
1697,1149,0.40687137842178345,0
1697,2038,0.4126730263233185,0
1697,3004,0.41253891587257385,0
1697,1238,0.42052021622657776,0
1697,833,0.40958383679389954,0
1697,3845,0.4041003882884979,0
1697,4167,0.4142810106277466,0
1697,1700,0.4189547896385193,0
1772,1772,0.41636958718299866,1
1772,2909,0.41804468631744385,0
1772,2959,0.42230504751205444,0
1772,285,0.41302210092544556,0
1772,534,0.4200477600097656,0
1772,717,0.4162132740020752,0
1772,3523,0.41868484020233154,0
1772,1143,0.40905365347862244,0
1772,1438,0.4173022508621216,0
1772,554,0.42051905393600464,0
1772,2076,0.4234234690666199,0
1772,2935,0.41204172372817993,0
1772,2210,0.41899868845939636,0
1772,335,0.42185401916503906,0
1772,1377,0.418954074382782,0
1772,443,0.4132005274295807,0
1772,334,0.41298729181289673,0
1772,254,0.4141429662704468,0
1772,1077,0.4099314510822296,0
1772,603,0.42645251750946045,0
3336,3336,0.40502485632896423,1
3336,69,0.41295087337493896,0
3336,3873,0.41907382011413574,0
3336,2539,0.41346475481987,0
3336,3267,0.4084073007106781,0
3336,1103,0.4102327227592468,0
3336,3051,0.4074159860610962,0
3336,2485,0.40911656618118286,0
3336,1573,0.4066384434700012,0
3336,4101,0.41272008419036865,0
3336,3727,0.4121055006980896,0
3336,4092,0.40460404753685,0
3336,579,0.40751999616622925,0
3336,3224,0.4088148772716522,0
3336,2458,0.41271448135375977,0
3336,1704,0.4121963381767273,0
3336,2565,0.4117313623428345,0
3336,3772,0.4074360132217407,0
3336,3064,0.40618255734443665,0
3336,1929,0.41577765345573425,0
503,503,0.4052550792694092,1
503,564,0.4184120297431946,0
503,2890,0.41682329773902893,0
503,3573,0.411803662776947,0
503,635,0.4174385070800781,0
503,128,0.40852367877960205,0
503,2280,0.42124247550964355,0
503,3750,0.4131620526313782,0
503,1264,0.41205090284347534,0
503,329,0.4123542606830597,0
503,1880,0.41426074504852295,0
503,1958,0.41115042567253113,0
503,1327,0.4142758846282959,0
503,703,0.4083462357521057,0
503,419,0.42012953758239746,0
503,3241,0.40961724519729614,0
503,2523,0.4216404855251312,0
503,3653,0.41850554943084717,0
503,66,0.408486545085907,0
503,2871,0.4204115569591522,0
810,810,0.3985164165496826,1
810,3104,0.4069398045539856,0
810,1902,0.4112292528152466,0
810,1082,0.404754102230072,0
810,2524,0.4123527407646179,0
810,3881,0.40559983253479004,0
810,1227,0.41625678539276123,0
810,715,0.4205000698566437,0
810,3734,0.4119449853897095,0
810,2123,0.42234957218170166,0
810,1497,0.4112565517425537,0
810,2908,0.4178342819213867,0
810,1996,0.41114503145217896,0
810,2866,0.40837836265563965,0
810,2845,0.4151330888271332,0
810,28,0.41751113533973694,0
810,3703,0.4141397774219513,0
810,915,0.41200703382492065,0
810,4022,0.41755640506744385,0
810,823,0.40851593017578125,0
101,101,0.41298794746398926,1
101,1569,0.41538411378860474,0
101,1568,0.41801559925079346,0
101,2748,0.41317957639694214,0
101,2066,0.4149346351623535,0
101,3809,0.41765743494033813,0
101,627,0.4144108295440674,0
101,284,0.4195363223552704,0
101,1638,0.4087911546230316,0
101,1920,0.4145418107509613,0
101,2508,0.41269153356552124,0
101,1208,0.41403642296791077,0
101,4067,0.41386863589286804,0
101,1460,0.4173286557197571,0
101,2815,0.411527156829834,0
101,2408,0.41671115159988403,0
101,2335,0.41307032108306885,0
101,1580,0.4186861515045166,0
101,954,0.41067418456077576,0
101,3487,0.4143214225769043,0
537,537,0.4034571647644043,1
537,1040,0.41046130657196045,0
537,3306,0.4057753086090088,0
537,1146,0.40512195229530334,0
537,2295,0.4083700180053711,0
537,824,0.4054516553878784,0
537,1486,0.4086519181728363,0
537,3372,0.41527605056762695,0
537,3254,0.4126899838447571,0
537,2439,0.4083978235721588,0
537,1332,0.4068956971168518,0
537,2592,0.4133273959159851,0
537,2986,0.40604937076568604,0
537,3253,0.4117128252983093,0
537,1891,0.4079582691192627,0
537,4124,0.4126781225204468,0
537,3655,0.4123257100582123,0
537,77,0.4170565903186798,0
537,2454,0.4163593053817749,0
537,580,0.4138822555541992,0
2138,2138,0.40688860416412354,1
2138,1447,0.41262364387512207,0
2138,857,0.41138389706611633,0
2138,1611,0.40889012813568115,0
2138,909,0.4173002541065216,0
2138,1678,0.41889262199401855,0
2138,3131,0.41096100211143494,0
2138,2798,0.4052525460720062,0
2138,2684,0.41246023774147034,0
2138,1384,0.4076927602291107,0
2138,670,0.41213107109069824,0
2138,3373,0.4071236252784729,0
2138,3833,0.4064241647720337,0
2138,574,0.41440504789352417,0
2138,3538,0.4082568287849426,0
2138,106,0.41455185413360596,0
2138,2552,0.41707152128219604,0
2138,3222,0.42112213373184204,0
2138,1576,0.4092292785644531,0
2138,1876,0.4188891649246216,0
3760,3760,0.4138522446155548,1
3760,1430,0.41408151388168335,0
3760,2375,0.4193861186504364,0
3760,1465,0.4205544590950012,0
3760,1647,0.4188600480556488,0
3760,891,0.4154456853866577,0
3760,3489,0.41823235154151917,0
3760,3177,0.4197322726249695,0
3760,142,0.42070549726486206,0
3760,3581,0.41794708371162415,0
3760,2767,0.42152127623558044,0
3760,2336,0.41785353422164917,0
3760,3408,0.41353660821914673,0
3760,307,0.4251493215560913,0
3760,3171,0.4141353666782379,0
3760,3660,0.41428330540657043,0
3760,3382,0.42096394300460815,0
3760,288,0.4313867688179016,0
3760,2309,0.42117372155189514,0
3760,562,0.4168025851249695,0
1779,1779,0.4100687503814697,1
1779,3480,0.4091455936431885,0
1779,1970,0.4167165160179138,0
1779,2804,0.4127698540687561,0
1779,1130,0.41290903091430664,0
1779,1484,0.4146807789802551,0
1779,373,0.4187787175178528,0
1779,3889,0.40940630435943604,0
1779,942,0.41421934962272644,0
1779,208,0.40715262293815613,0
1779,3659,0.4148145318031311,0
1779,1862,0.40917539596557617,0
1779,4002,0.4116522967815399,0
1779,1694,0.4076728820800781,0
1779,3278,0.41450339555740356,0
1779,156,0.41504979133605957,0
1779,2219,0.4075777530670166,0
1779,3095,0.4188154935836792,0
1779,1528,0.40827029943466187,0
1779,940,0.4061054587364197,0
4139,4139,0.4105035662651062,1
4139,4044,0.41901329159736633,0
4139,1994,0.41524502635002136,0
4139,2473,0.4127209186553955,0
4139,2948,0.4250449538230896,0
4139,875,0.4178842306137085,0
4139,1324,0.4190137982368469,0
4139,278,0.41824549436569214,0
4139,1921,0.4169130325317383,0
4139,2044,0.4174598753452301,0
4139,328,0.4177297055721283,0
4139,2425,0.4142518639564514,0
4139,4153,0.41912055015563965,0
4139,3173,0.4128783941268921,0
4139,4010,0.41712599992752075,0
4139,996,0.411342054605484,0
4139,1221,0.4202280640602112,0
4139,2163,0.4112127721309662,0
4139,2551,0.41641971468925476,0
4139,3820,0.410182386636734,0
1607,1607,0.41461998224258423,1
1607,2039,0.4098156690597534,0
1607,1107,0.41958266496658325,0
1607,3556,0.41868576407432556,0
1607,3744,0.41895705461502075,0
1607,3326,0.41493695974349976,0
1607,1764,0.417184054851532,0
1607,2081,0.41377684473991394,0
1607,737,0.41240882873535156,0
1607,3783,0.41695159673690796,0
1607,931,0.4157869815826416,0
1607,1248,0.41350066661834717,0
1607,1780,0.41786065697669983,0
1607,3684,0.4187620282173157,0
1607,4090,0.4163316488265991,0
1607,2421,0.42495083808898926,0
1607,2931,0.4189230799674988,0
1607,3067,0.4184689223766327,0
1607,3892,0.4120594561100006,0
1607,264,0.41782453656196594,0
3689,3689,0.41695594787597656,1
3689,2194,0.41754305362701416,0
3689,1958,0.4142327904701233,0
3689,1304,0.4159182012081146,0
3689,1985,0.4132106900215149,0
3689,2043,0.4241238534450531,0
3689,457,0.4148609936237335,0
3689,3463,0.41777127981185913,0
3689,3010,0.4129362106323242,0
3689,2342,0.4198308289051056,0
3689,2658,0.41993263363838196,0
3689,1082,0.4093765616416931,0
3689,1128,0.41639161109924316,0
3689,3900,0.41336843371391296,0
3689,1203,0.41327404975891113,0
3689,3315,0.41299569606781006,0
3689,2975,0.4222754240036011,0
3689,2583,0.4131298065185547,0
3689,2330,0.40883421897888184,0
3689,2616,0.4123520851135254,0
2382,2382,0.41316795349121094,1
2382,3546,0.4220449924468994,0
2382,1266,0.42349183559417725,0
2382,1190,0.4154309332370758,0
2382,3189,0.41315674781799316,0
2382,1256,0.41200169920921326,0
2382,2711,0.4034663140773773,0
2382,643,0.4115310311317444,0
2382,3805,0.41617289185523987,0
2382,1871,0.4183865785598755,0
2382,410,0.41449445486068726,0
2382,135,0.40966254472732544,0
2382,3176,0.41289523243904114,0
2382,4061,0.4145091474056244,0
2382,2633,0.41402390599250793,0
2382,3593,0.41411280632019043,0
2382,2557,0.41094765067100525,0
2382,667,0.41931021213531494,0
2382,3378,0.4206429719924927,0
2382,3569,0.41882801055908203,0
623,623,0.41395771503448486,1
623,854,0.42134949564933777,0
623,427,0.4112141728401184,0
623,4131,0.4197126030921936,0
623,3852,0.41718339920043945,0
623,3487,0.41602641344070435,0
623,2198,0.4183080196380615,0
623,1079,0.41156893968582153,0
623,3582,0.4225161671638489,0
623,3670,0.42486459016799927,0
623,2338,0.41651496291160583,0
623,3150,0.4155192971229553,0
623,1494,0.41284453868865967,0
623,3570,0.4178011417388916,0
623,63,0.41882839798927307,0
623,1873,0.41192176938056946,0
623,838,0.4163132309913635,0
623,1740,0.41592156887054443,0
623,1862,0.4120411276817322,0
623,512,0.4147219657897949,0
2612,2612,0.4031340777873993,1
2612,1527,0.405750572681427,0
2612,393,0.40238603949546814,0
2612,548,0.39803966879844666,0
2612,146,0.4016510844230652,0
2612,2478,0.4131200611591339,0
2612,1855,0.40740537643432617,0
2612,1502,0.40834787487983704,0
2612,1376,0.40237173438072205,0
2612,3444,0.39959439635276794,0
2612,1685,0.408338338136673,0
2612,104,0.3992308974266052,0
2612,734,0.4016455411911011,0
2612,2073,0.41079583764076233,0
2612,440,0.40382319688796997,0
2612,2260,0.4088130593299866,0
2612,3107,0.418168842792511,0
2612,2442,0.4032936096191406,0
2612,3647,0.4019831418991089,0
2612,2654,0.4084723889827728,0
3185,3185,0.41222378611564636,1
3185,3027,0.4051973819732666,0
3185,3425,0.41342049837112427,0
3185,2444,0.4048400819301605,0
3185,1067,0.4094131588935852,0
3185,3735,0.41076475381851196,0
3185,1942,0.4146380126476288,0
3185,2424,0.4148615002632141,0
3185,533,0.40416964888572693,0
3185,3169,0.4051644206047058,0
3185,3720,0.41516825556755066,0
3185,1218,0.407678484916687,0
3185,3579,0.4140762984752655,0
3185,2703,0.41448652744293213,0
3185,1496,0.41905272006988525,0
3185,811,0.40556031465530396,0
3185,2861,0.40900152921676636,0
3185,3268,0.40913689136505127,0
3185,565,0.41604167222976685,0
3185,4133,0.40611594915390015,0
3123,3123,0.40120628476142883,1
3123,3479,0.41201984882354736,0
3123,1360,0.4045931100845337,0
3123,898,0.40495455265045166,0
3123,1167,0.41221296787261963,0
3123,55,0.4094443917274475,0
3123,2088,0.42376625537872314,0
3123,1686,0.41000041365623474,0
3123,1298,0.415134459733963,0
3123,1404,0.4043717384338379,0
3123,2395,0.4095726013183594,0
3123,3,0.4157762825489044,0
3123,3122,0.40580645203590393,0
3123,3311,0.40516650676727295,0
3123,2070,0.4031219482421875,0
3123,1929,0.4141020178794861,0
3123,3505,0.41132479906082153,0
3123,1700,0.41335535049438477,0
3123,2975,0.4127070903778076,0
3123,593,0.41086190938949585,0
1202,1202,0.4201408624649048,1
1202,1172,0.4156149625778198,0
1202,4131,0.42360353469848633,0
1202,2089,0.4159538149833679,0
1202,2639,0.4260407090187073,0
1202,562,0.41743215918540955,0
1202,3701,0.42087629437446594,0
1202,964,0.4208369851112366,0
1202,1959,0.42304491996765137,0
1202,2419,0.4225062429904938,0
1202,2295,0.41709381341934204,0
1202,454,0.4201706647872925,0
1202,3446,0.41907843947410583,0
1202,151,0.42275238037109375,0
1202,916,0.4166625142097473,0
1202,3106,0.42260849475860596,0
1202,4176,0.41334861516952515,0
1202,3700,0.4167936444282532,0
1202,3610,0.42326492071151733,0
1202,1361,0.4216281473636627,0
710,710,0.4111734926700592,1
710,923,0.4080849289894104,0
710,3701,0.41494321823120117,0
710,1600,0.4165949821472168,0
710,1060,0.40971338748931885,0
710,2180,0.4137866199016571,0
710,1505,0.4159172475337982,0
710,2339,0.41000786423683167,0
710,3944,0.41339871287345886,0
710,1954,0.42054301500320435,0
710,656,0.40673428773880005,0
710,1050,0.4114464521408081,0
710,3260,0.4201771914958954,0
710,2621,0.41812950372695923,0
710,3230,0.42230257391929626,0
710,2510,0.41860634088516235,0
710,1819,0.416198194026947,0
710,414,0.41344863176345825,0
710,1511,0.41626158356666565,0
710,643,0.40984517335891724,0
977,977,0.418951153755188,1
977,3310,0.4198628067970276,0
977,3156,0.41492268443107605,0
977,1587,0.40970152616500854,0
977,1042,0.41845351457595825,0
977,847,0.4147689938545227,0
977,2886,0.41538065671920776,0
977,1110,0.4103178381919861,0
977,1081,0.41427522897720337,0
977,1967,0.42052048444747925,0
977,3989,0.41402721405029297,0
977,2648,0.4236399531364441,0
977,3348,0.41671836376190186,0
977,771,0.4137170910835266,0
977,3620,0.41391658782958984,0
977,588,0.42388656735420227,0
977,2289,0.4224349856376648,0
977,3164,0.4177486300468445,0
977,2463,0.4205048680305481,0
977,2709,0.41932442784309387,0
2895,2895,0.414433091878891,1
2895,3470,0.41078901290893555,0
2895,3055,0.4069417715072632,0
2895,4006,0.4179346561431885,0
2895,980,0.4022684097290039,0
2895,648,0.4090094268321991,0
2895,119,0.409650981426239,0
2895,2034,0.40273988246917725,0
2895,267,0.40539777278900146,0
2895,4107,0.40463489294052124,0
2895,3073,0.41324493288993835,0
2895,1343,0.41352444887161255,0
2895,1014,0.41365283727645874,0
2895,3443,0.4117123484611511,0
2895,3226,0.41441088914871216,0
2895,1363,0.4098082184791565,0
2895,1610,0.40954723954200745,0
2895,4146,0.41319793462753296,0
2895,1630,0.4134148061275482,0
2895,2332,0.40906020998954773,0
2218,2218,0.4240727126598358,1
2218,2331,0.4179992079734802,0
2218,4178,0.42396682500839233,0
2218,1890,0.4209326207637787,0
2218,616,0.42057937383651733,0
2218,4011,0.4300529956817627,0
2218,775,0.4346160590648651,0
2218,3895,0.4231325387954712,0
2218,1044,0.4283473491668701,0
2218,3175,0.4241701662540436,0
2218,2318,0.41913318634033203,0
2218,988,0.42096760869026184,0
2218,3270,0.42260515689849854,0
2218,2072,0.4130822420120239,0
2218,276,0.4258226156234741,0
2218,3051,0.42077547311782837,0
2218,560,0.4204622507095337,0
2218,1511,0.42669740319252014,0
2218,3118,0.42519253492355347,0
2218,1305,0.42370474338531494,0
2734,2734,0.40170690417289734,1
2734,4138,0.40622544288635254,0
2734,376,0.40101152658462524,0
2734,2117,0.4076276123523712,0
2734,2933,0.40629225969314575,0
2734,2606,0.4058535695075989,0
2734,3628,0.4065956473350525,0
2734,2755,0.4048627018928528,0
2734,52,0.40433698892593384,0
2734,539,0.40946251153945923,0
2734,3123,0.39772939682006836,0
2734,3770,0.4048382043838501,0
2734,853,0.4049456715583801,0
2734,139,0.4079839289188385,0
2734,3625,0.40392738580703735,0
2734,2548,0.40143996477127075,0
2734,1498,0.415802538394928,0
2734,3312,0.4062681198120117,0
2734,532,0.4020673632621765,0
2734,3426,0.4034542739391327,0
1626,1626,0.4097031056880951,1
1626,2523,0.4204988479614258,0
1626,1803,0.4094502925872803,0
1626,20,0.40940314531326294,0
1626,2160,0.4127221405506134,0
1626,382,0.40925437211990356,0
1626,926,0.41502195596694946,0
1626,16,0.41122543811798096,0
1626,2514,0.4142264723777771,0
1626,1994,0.4105178713798523,0
1626,2449,0.40973567962646484,0
1626,2139,0.4111939072608948,0
1626,544,0.4057518243789673,0
1626,3058,0.41466224193573,0
1626,3810,0.41001367568969727,0
1626,1341,0.41607755422592163,0
1626,1423,0.4132295846939087,0
1626,1724,0.4125848710536957,0
1626,991,0.4149490296840668,0
1626,1593,0.4129757881164551,0
616,616,0.4097559452056885,1
616,1754,0.42383575439453125,0
616,3111,0.41422325372695923,0
616,346,0.4092342257499695,0
616,1092,0.41472893953323364,0
616,1869,0.4142324924468994,0
616,367,0.42173269391059875,0
616,216,0.41665148735046387,0
616,3576,0.4131295084953308,0
616,3616,0.40843403339385986,0
616,3732,0.4136170446872711,0
616,4073,0.41309046745300293,0
616,1848,0.4132351875305176,0
616,465,0.4109703302383423,0
616,3194,0.4211578369140625,0
616,684,0.4087114930152893,0
616,2653,0.4089612066745758,0
616,3654,0.40870344638824463,0
616,110,0.41010379791259766,0
616,2467,0.4134690761566162,0
4057,4057,0.40751534700393677,1
4057,3505,0.41010504961013794,0
4057,714,0.40249913930892944,0
4057,3955,0.39788147807121277,0
4057,432,0.4002217650413513,0
4057,1056,0.3987821936607361,0
4057,526,0.406533420085907,0
4057,857,0.4060768783092499,0
4057,3832,0.41057801246643066,0
4057,1086,0.4018614590167999,0
4057,2957,0.40693867206573486,0
4057,951,0.4075481593608856,0
4057,3115,0.40412190556526184,0
4057,1182,0.4099969267845154,0
4057,3268,0.40624767541885376,0
4057,1692,0.4077950417995453,0
4057,391,0.40182799100875854,0
4057,335,0.40997540950775146,0
4057,2881,0.3958364725112915,0
4057,2697,0.4031919538974762,0
3776,3776,0.41467416286468506,1
3776,3814,0.4105789065361023,0
3776,473,0.41708412766456604,0
3776,1330,0.4131152629852295,0
3776,2196,0.4141528010368347,0
3776,3874,0.4080330431461334,0
3776,1109,0.40977638959884644,0
3776,1236,0.4053887724876404,0
3776,2555,0.41854268312454224,0
3776,62,0.4164257347583771,0
3776,3073,0.4164333939552307,0
3776,549,0.4141308069229126,0
3776,26,0.40581950545310974,0
3776,884,0.4140413701534271,0
3776,891,0.4106665849685669,0
3776,2382,0.41220617294311523,0
3776,1585,0.41752147674560547,0
3776,548,0.40794405341148376,0
3776,4063,0.40874016284942627,0
3776,441,0.41553765535354614,0
1803,1803,0.4087742567062378,1
1803,3665,0.4100269675254822,0
1803,3401,0.41404932737350464,0
1803,3356,0.412253201007843,0
1803,2928,0.4041544795036316,0
1803,1466,0.4030018448829651,0
1803,3082,0.40871521830558777,0
1803,2722,0.41333499550819397,0
1803,3841,0.411388099193573,0
1803,613,0.41187888383865356,0
1803,1651,0.41329601407051086,0
1803,1990,0.4110889434814453,0
1803,2279,0.4146938920021057,0
1803,2748,0.4110223352909088,0
1803,1620,0.4103851318359375,0
1803,3711,0.41593146324157715,0
1803,1749,0.4130478501319885,0
1803,2999,0.4060596823692322,0
1803,1811,0.41372427344322205,0
1803,3894,0.41085708141326904,0
74,74,0.4170486330986023,1
74,2509,0.41582074761390686,0
74,3420,0.418983519077301,0
74,3429,0.4185275733470917,0
74,1334,0.4182693362236023,0
74,2973,0.42373257875442505,0
74,4106,0.4115438461303711,0
74,3567,0.41796427965164185,0
74,2870,0.4169100821018219,0
74,868,0.4153386354446411,0
74,3627,0.4105501174926758,0
74,1548,0.41735416650772095,0
74,3081,0.4109196662902832,0
74,1642,0.4175305664539337,0
74,3136,0.4187546968460083,0
74,480,0.41222935914993286,0
74,1038,0.4201723635196686,0
74,985,0.4091862738132477,0
74,2542,0.42435508966445923,0
74,39,0.42062264680862427,0
2399,2399,0.41636401414871216,1
2399,2721,0.4221964478492737,0
2399,1813,0.41858047246932983,0
2399,1838,0.4120093584060669,0
2399,1539,0.41624242067337036,0
2399,1279,0.41080477833747864,0
2399,3438,0.41369950771331787,0
2399,1847,0.41074663400650024,0
2399,2144,0.4194624722003937,0
2399,973,0.41365665197372437,0
2399,2062,0.42051899433135986,0
2399,1961,0.427051305770874,0
2399,867,0.4128972887992859,0
2399,2161,0.4127882122993469,0
2399,2410,0.4155614376068115,0
2399,1124,0.4160902798175812,0
2399,3204,0.40366020798683167,0
2399,179,0.41087669134140015,0
2399,3570,0.4181491732597351,0
2399,3582,0.42312997579574585,0
2403,2403,0.4092220664024353,1
2403,474,0.4166889190673828,0
2403,2926,0.41955655813217163,0
2403,1832,0.41046828031539917,0
2403,3316,0.4099404215812683,0
2403,1118,0.41633832454681396,0
2403,1618,0.41276267170906067,0
2403,1864,0.41333192586898804,0
2403,2906,0.40870848298072815,0
2403,3486,0.41368722915649414,0
2403,3798,0.4141409397125244,0
2403,3292,0.41189759969711304,0
2403,246,0.4036756455898285,0
2403,3034,0.4203259348869324,0
2403,437,0.4048580229282379,0
2403,761,0.41399437189102173,0
2403,3162,0.41497093439102173,0
2403,2750,0.41583627462387085,0
2403,273,0.4128454625606537,0
2403,2549,0.4093441367149353,0
1520,1520,0.4114779233932495,1
1520,878,0.4273778796195984,0
1520,3146,0.4105881452560425,0
1520,4144,0.4140207767486572,0
1520,342,0.41529786586761475,0
1520,86,0.4227389395236969,0
1520,2214,0.41940364241600037,0
1520,755,0.41124051809310913,0
1520,1073,0.4163803458213806,0
1520,2131,0.4228317141532898,0
1520,3984,0.4130405783653259,0
1520,1070,0.4176466763019562,0
1520,1685,0.4206453859806061,0
1520,1726,0.4122239947319031,0
1520,1448,0.40435153245925903,0
1520,2002,0.4238347113132477,0
1520,914,0.415974497795105,0
1520,3850,0.4161674976348877,0
1520,3087,0.4180487394332886,0
1520,2864,0.4166823625564575,0
1593,1593,0.41426151990890503,1
1593,1943,0.41808846592903137,0
1593,1831,0.41737598180770874,0
1593,1708,0.4109880328178406,0
1593,3154,0.4086798429489136,0
1593,1723,0.4110489785671234,0
1593,4009,0.40882837772369385,0
1593,1503,0.4175392985343933,0
1593,3420,0.41539379954338074,0
1593,3750,0.41274821758270264,0
1593,3962,0.41216591000556946,0
1593,1956,0.4085584580898285,0
1593,2014,0.4024176299571991,0
1593,2600,0.40915781259536743,0
1593,1192,0.4176056385040283,0
1593,1462,0.4142695665359497,0
1593,1841,0.42039954662323,0
1593,1551,0.4120548665523529,0
1593,1264,0.41160351037979126,0
1593,4105,0.41670820116996765,0
3749,3749,0.411802738904953,1
3749,599,0.41745126247406006,0
3749,100,0.4143608510494232,0
3749,1134,0.4120478332042694,0
3749,1243,0.41182661056518555,0
3749,1692,0.41587406396865845,0
3749,1858,0.41524219512939453,0
3749,3656,0.41588830947875977,0
3749,90,0.4095761477947235,0
3749,1080,0.41359570622444153,0
3749,1774,0.4080352783203125,0
3749,3284,0.42032691836357117,0
3749,116,0.41824784874916077,0
3749,1572,0.4115039110183716,0
3749,2605,0.4125334620475769,0
3749,3390,0.4135662019252777,0
3749,2506,0.4099269509315491,0
3749,389,0.41244909167289734,0
3749,1041,0.4087662100791931,0
3749,228,0.4122580289840698,0
1529,1529,0.4137316644191742,1
1529,4064,0.41493475437164307,0
1529,479,0.4162575304508209,0
1529,929,0.42306169867515564,0
1529,273,0.4170295000076294,0
1529,1683,0.4159541130065918,0
1529,1869,0.4188233017921448,0
1529,3817,0.4183599352836609,0
1529,422,0.41457802057266235,0
1529,4170,0.4219334125518799,0
1529,2821,0.4160084128379822,0
1529,41,0.4197509288787842,0
1529,3772,0.4155401587486267,0
1529,2693,0.4169652760028839,0
1529,301,0.41695648431777954,0
1529,2551,0.4170841574668884,0
1529,2509,0.41689300537109375,0
1529,2413,0.41830289363861084,0
1529,3530,0.4148015081882477,0
1529,3612,0.41234564781188965,0
2233,2233,0.4172244071960449,1
2233,3370,0.4178179204463959,0
2233,735,0.4203101098537445,0
2233,2837,0.4187859296798706,0
2233,979,0.4211398959159851,0
2233,4155,0.41782599687576294,0
2233,3164,0.4193747043609619,0
2233,1914,0.41792529821395874,0
2233,342,0.4196285009384155,0
2233,2244,0.4163069725036621,0
2233,3768,0.4188521206378937,0
2233,703,0.4138301908969879,0
2233,2279,0.42304205894470215,0
2233,3772,0.41698724031448364,0
2233,852,0.4123695492744446,0
2233,73,0.42128419876098633,0
2233,3299,0.41733014583587646,0
2233,2094,0.4218529462814331,0
2233,2482,0.41384464502334595,0
2233,2403,0.41421693563461304,0
1595,1595,0.39624685049057007,1
1595,575,0.40450936555862427,0
1595,3191,0.4045485854148865,0
1595,3263,0.39552730321884155,0
1595,1337,0.4047155976295471,0
1595,3246,0.402246356010437,0
1595,2138,0.39845699071884155,0
1595,3166,0.40420523285865784,0
1595,2036,0.40938514471054077,0
1595,3712,0.4005444645881653,0
1595,1421,0.401883065700531,0
1595,3289,0.4032360911369324,0
1595,2682,0.40357011556625366,0
1595,551,0.4024301767349243,0
1595,3299,0.40049493312835693,0
1595,3254,0.404767245054245,0
1595,3512,0.40260550379753113,0
1595,267,0.396908164024353,0
1595,3754,0.40576818585395813,0
1595,3249,0.40834397077560425,0
451,451,0.41334226727485657,1
451,1353,0.4078948497772217,0
451,2619,0.41054579615592957,0
451,1771,0.412579208612442,0
451,2772,0.41141510009765625,0
451,1379,0.4060805141925812,0
451,1511,0.4115740656852722,0
451,1738,0.4015870690345764,0
451,2994,0.41636693477630615,0
451,3609,0.4108819365501404,0
451,3656,0.41183948516845703,0
451,4034,0.39788347482681274,0
451,602,0.4136139750480652,0
451,3170,0.4114788770675659,0
451,1576,0.40657341480255127,0
451,2851,0.4082764983177185,0
451,1261,0.4143063724040985,0
451,3895,0.4086514711380005,0
451,195,0.39867496490478516,0
451,2924,0.40788623690605164,0
3435,3435,0.42340922355651855,1
3435,2984,0.40983814001083374,0
3435,1353,0.4125809669494629,0
3435,170,0.41945481300354004,0
3435,627,0.414669930934906,0
3435,3054,0.4103717505931854,0
3435,150,0.4140661954879761,0
3435,563,0.41274788975715637,0
3435,3597,0.42591264843940735,0
3435,2108,0.410454660654068,0
3435,670,0.41447991132736206,0
3435,1732,0.41795843839645386,0
3435,3934,0.41450127959251404,0
3435,1810,0.415425568819046,0
3435,3990,0.4147517681121826,0
3435,1977,0.41196370124816895,0
3435,716,0.4194253087043762,0
3435,2442,0.41375166177749634,0
3435,648,0.41193023324012756,0
3435,3098,0.4158101975917816,0
1604,1604,0.4056054949760437,1
1604,2882,0.40238699316978455,0
1604,3372,0.41132643818855286,0
1604,1861,0.4017214775085449,0
1604,591,0.41301900148391724,0
1604,2765,0.4062076807022095,0
1604,4178,0.40596121549606323,0
1604,2620,0.4076527953147888,0
1604,2968,0.4054701626300812,0
1604,193,0.4088585674762726,0
1604,2046,0.40308231115341187,0
1604,1227,0.4113858938217163,0
1604,114,0.41687309741973877,0
1604,1790,0.40718507766723633,0
1604,2687,0.4067908525466919,0
1604,1891,0.4030459523200989,0
1604,30,0.3977864384651184,0
1604,1413,0.4071020483970642,0
1604,2706,0.4000994563102722,0
1604,146,0.40442779660224915,0
315,315,0.42151692509651184,1
315,3709,0.4221470057964325,0
315,2253,0.4183257818222046,0
315,2617,0.4195029139518738,0
315,3348,0.42134979367256165,0
315,3408,0.4168547987937927,0
315,2484,0.4308469295501709,0
315,1180,0.4186685085296631,0
315,759,0.4294230341911316,0
315,1827,0.4248464107513428,0
315,1857,0.4201962947845459,0
315,312,0.41977208852767944,0
315,2053,0.4196045994758606,0
315,2974,0.4208020865917206,0
315,254,0.41916221380233765,0
315,1445,0.4190954864025116,0
315,3282,0.42910414934158325,0
315,1630,0.42490050196647644,0
315,2454,0.42850568890571594,0
315,958,0.4206424951553345,0
2115,2115,0.40939831733703613,1
2115,189,0.4132601022720337,0
2115,3334,0.4036499857902527,0
2115,1926,0.41801556944847107,0
2115,1935,0.4221622943878174,0
2115,2968,0.4115713834762573,0
2115,2809,0.41091448068618774,0
2115,1849,0.4150698482990265,0
2115,3753,0.4086917042732239,0
2115,584,0.40966638922691345,0
2115,243,0.40754011273384094,0
2115,2253,0.4091535806655884,0
2115,830,0.4082580804824829,0
2115,2705,0.41194120049476624,0
2115,2191,0.4084938168525696,0
2115,1753,0.41202765703201294,0
2115,2206,0.4108113646507263,0
2115,63,0.4154706299304962,0
2115,476,0.41659513115882874,0
2115,3768,0.4121216833591461,0
790,790,0.3957945704460144,1
790,139,0.40916895866394043,0
790,3560,0.4054858684539795,0
790,919,0.40345799922943115,0
790,709,0.4041111469268799,0
790,3698,0.4012620449066162,0
790,2143,0.40861526131629944,0
790,2412,0.4041985273361206,0
790,2881,0.39530566334724426,0
790,3438,0.40241754055023193,0
790,3937,0.40588682889938354,0
790,3806,0.411953866481781,0
790,485,0.4045272171497345,0
790,1926,0.40961754322052,0
790,245,0.4027949273586273,0
790,140,0.4013938009738922,0
790,2417,0.40746164321899414,0
790,2795,0.4019593596458435,0
790,1074,0.4042459726333618,0
790,3380,0.4002230167388916,0
2697,2697,0.41398417949676514,1
2697,2890,0.4197527766227722,0
2697,3919,0.41572707891464233,0
2697,1214,0.42180776596069336,0
2697,2472,0.4109504520893097,0
2697,1708,0.41488903760910034,0
2697,1888,0.4175190329551697,0
2697,2230,0.4134039878845215,0
2697,1744,0.419127494096756,0
2697,2770,0.4162379503250122,0
2697,3373,0.41216081380844116,0
2697,175,0.41317886114120483,0
2697,2142,0.41576072573661804,0
2697,2015,0.4195766746997833,0
2697,401,0.4197028577327728,0
2697,4088,0.407814621925354,0
2697,833,0.4141714572906494,0
2697,2872,0.41778844594955444,0
2697,2716,0.41004908084869385,0
2697,1243,0.41482293605804443,0
2871,2871,0.4195389151573181,1
2871,1207,0.4129278063774109,0
2871,911,0.41624751687049866,0
2871,3051,0.410106897354126,0
2871,3347,0.4110495448112488,0
2871,685,0.41647377610206604,0
2871,3531,0.4122958183288574,0
2871,2511,0.4120789170265198,0
2871,623,0.4108735918998718,0
2871,2427,0.41236019134521484,0
2871,1573,0.41015028953552246,0
2871,3572,0.4147651791572571,0
2871,2374,0.41361743211746216,0
2871,2542,0.42016613483428955,0
2871,2008,0.4137789011001587,0
2871,2765,0.41135942935943604,0
2871,1356,0.40832632780075073,0
2871,2650,0.41516488790512085,0
2871,3920,0.41219642758369446,0
2871,3655,0.41437846422195435,0
2334,2334,0.41593462228775024,1
2334,3153,0.4131169021129608,0
2334,2923,0.4187604784965515,0
2334,1867,0.4147523045539856,0
2334,759,0.4206242561340332,0
2334,1829,0.41834667325019836,0
2334,3105,0.41689127683639526,0
2334,772,0.414552241563797,0
2334,2837,0.41356194019317627,0
2334,520,0.41655224561691284,0
2334,4057,0.41531071066856384,0
2334,2828,0.41085314750671387,0
2334,704,0.4181053340435028,0
2334,1009,0.4190404415130615,0
2334,1408,0.4168663024902344,0
2334,195,0.40330860018730164,0
2334,535,0.4156067371368408,0
2334,2672,0.4138059914112091,0
2334,2191,0.4098154306411743,0
2334,3558,0.4173339605331421,0
2752,2752,0.4075717329978943,1
2752,1584,0.40375348925590515,0
2752,2093,0.4057473838329315,0
2752,2843,0.41075563430786133,0
2752,2959,0.41034188866615295,0
2752,2188,0.40827593207359314,0
2752,3428,0.40903857350349426,0
2752,718,0.40544795989990234,0
2752,3878,0.40227702260017395,0
2752,405,0.4081004559993744,0
2752,1648,0.40696462988853455,0
2752,1919,0.40524056553840637,0
2752,3556,0.4076758325099945,0
2752,1742,0.405181884765625,0
2752,543,0.4042280912399292,0
2752,1677,0.4056302011013031,0
2752,1039,0.40863972902297974,0
2752,3860,0.4100186228752136,0
2752,2225,0.4056088328361511,0
2752,2465,0.41004666686058044,0
1027,1027,0.41506510972976685,1
1027,3172,0.40941131114959717,0
1027,1028,0.41838571429252625,0
1027,695,0.4119187891483307,0
1027,59,0.4184558093547821,0
1027,4170,0.42102479934692383,0
1027,1852,0.4156777262687683,0
1027,4113,0.4162091016769409,0
1027,3938,0.4082830846309662,0
1027,671,0.42419499158859253,0
1027,1819,0.419034868478775,0
1027,4029,0.41253119707107544,0
1027,2852,0.4155465066432953,0
1027,224,0.41437047719955444,0
1027,677,0.4119443893432617,0
1027,1267,0.41267794370651245,0
1027,284,0.421333909034729,0
1027,221,0.4150403141975403,0
1027,4171,0.41647616028785706,0
1027,3661,0.41819533705711365,0
224,224,0.40732812881469727,1
224,3973,0.4106592535972595,0
224,3186,0.41052401065826416,0
224,2694,0.4098692536354065,0
224,76,0.4016372561454773,0
224,1480,0.4079427123069763,0
224,710,0.40591752529144287,0
224,2425,0.4063307046890259,0
224,3235,0.4081175625324249,0
224,1996,0.40857023000717163,0
224,3087,0.4105375409126282,0
224,4138,0.411781370639801,0
224,2289,0.4129931330680847,0
224,2924,0.4071148633956909,0
224,459,0.4134477972984314,0
224,3393,0.4098718762397766,0
224,2352,0.4144003689289093,0
224,2438,0.40669405460357666,0
224,279,0.40677720308303833,0
224,1154,0.3980794847011566,0
1429,1429,0.4147964119911194,1
1429,3577,0.41158127784729004,0
1429,3733,0.4118849039077759,0
1429,362,0.41544899344444275,0
1429,1807,0.42363694310188293,0
1429,4048,0.422304630279541,0
1429,2448,0.414372980594635,0
1429,3730,0.41192328929901123,0
1429,169,0.41141748428344727,0
1429,2121,0.4130147099494934,0
1429,2251,0.4181395173072815,0
1429,964,0.42015886306762695,0
1429,2597,0.42128849029541016,0
1429,3327,0.4170875549316406,0
1429,1134,0.4168859124183655,0
1429,270,0.4251707196235657,0
1429,1891,0.4159046411514282,0
1429,700,0.42204970121383667,0
1429,1724,0.41822272539138794,0
1429,3173,0.41551750898361206,0
3759,3759,0.41858193278312683,1
3759,2436,0.4152277410030365,0
3759,790,0.40300828218460083,0
3759,531,0.41543710231781006,0
3759,902,0.41086602210998535,0
3759,2838,0.4161020517349243,0
3759,1970,0.41765594482421875,0
3759,1739,0.40987882018089294,0
3759,1275,0.41531839966773987,0
3759,4,0.4179343581199646,0
3759,3834,0.42362913489341736,0
3759,670,0.4131992757320404,0
3759,18,0.4033205807209015,0
3759,3590,0.4188271760940552,0
3759,3755,0.4114280939102173,0
3759,3704,0.41204553842544556,0
3759,469,0.40841662883758545,0
3759,1664,0.41444075107574463,0
3759,3844,0.4143561124801636,0
3759,2527,0.42308515310287476,0
2461,2461,0.41456493735313416,1
2461,794,0.41362428665161133,0
2461,4141,0.41562533378601074,0
2461,967,0.41553598642349243,0
2461,617,0.40454965829849243,0
2461,3646,0.4165502190589905,0
2461,1490,0.4232935607433319,0
2461,304,0.42826056480407715,0
2461,2868,0.42273733019828796,0
2461,350,0.4132222533226013,0
2461,881,0.4157319962978363,0
2461,1395,0.4195197820663452,0
2461,3786,0.424709677696228,0
2461,1876,0.42452168464660645,0
2461,1199,0.4179537892341614,0
2461,2887,0.41538071632385254,0
2461,2335,0.41599422693252563,0
2461,3557,0.4197871685028076,0
2461,207,0.4227566123008728,0
2461,603,0.4256023168563843,0
2798,2798,0.41318273544311523,1
2798,4076,0.4207210838794708,0
2798,1405,0.42005598545074463,0
2798,4021,0.4159558117389679,0
2798,685,0.42359787225723267,0
2798,697,0.4197002053260803,0
2798,3949,0.4129369854927063,0
2798,1724,0.4196200966835022,0
2798,2963,0.4210437536239624,0
2798,4103,0.4249747097492218,0
2798,95,0.4234046936035156,0
2798,1594,0.4222998321056366,0
2798,1920,0.41975897550582886,0
2798,1188,0.4256819188594818,0
2798,416,0.41338449716567993,0
2798,1496,0.42865437269210815,0
2798,2470,0.4191335439682007,0
2798,1578,0.41668832302093506,0
2798,2512,0.42281538248062134,0
2798,3331,0.4158981442451477,0
3258,3258,0.4025017023086548,1
3258,3534,0.40615400671958923,0
3258,540,0.40537992119789124,0
3258,2434,0.41145747900009155,0
3258,2551,0.4084147810935974,0
3258,2300,0.404782235622406,0
3258,3989,0.40598684549331665,0
3258,3157,0.408949613571167,0
3258,1928,0.4078906774520874,0
3258,2512,0.41237249970436096,0
3258,3905,0.41001322865486145,0
3258,1608,0.4086543917655945,0
3258,1878,0.409267395734787,0
3258,3886,0.41753220558166504,0
3258,3035,0.4064566195011139,0
3258,1155,0.40764638781547546,0
3258,3086,0.41418561339378357,0
3258,414,0.4087299108505249,0
3258,135,0.4045395851135254,0
3258,2069,0.4085758328437805,0
4036,4036,0.4075814485549927,1
4036,3292,0.40651020407676697,0
4036,1479,0.4098137617111206,0
4036,3134,0.402130126953125,0
4036,3184,0.4069334864616394,0
4036,2493,0.4011693596839905,0
4036,1991,0.4044046998023987,0
4036,366,0.4133533537387848,0
4036,2304,0.4219279885292053,0
4036,1756,0.40862488746643066,0
4036,685,0.4116817116737366,0
4036,4022,0.41535311937332153,0
4036,1706,0.4107849597930908,0
4036,2383,0.404815137386322,0
4036,558,0.40852344036102295,0
4036,813,0.42510437965393066,0
4036,3011,0.405445396900177,0
4036,3478,0.4113200902938843,0
4036,2428,0.40547624230384827,0
4036,715,0.4193236529827118,0
543,543,0.4096730351448059,1
543,1566,0.40868115425109863,0
543,1245,0.4112008213996887,0
543,1452,0.41372841596603394,0
543,4118,0.4068066477775574,0
543,3557,0.4140186905860901,0
543,1523,0.41211560368537903,0
543,558,0.41119322180747986,0
543,1879,0.416990727186203,0
543,77,0.4177286624908447,0
543,2467,0.4113771319389343,0
543,3481,0.41436368227005005,0
543,3047,0.4087090790271759,0
543,3998,0.41143277287483215,0
543,346,0.40704765915870667,0
543,2583,0.40847161412239075,0
543,118,0.4102829098701477,0
543,3993,0.4108830690383911,0
543,2957,0.4123530983924866,0
543,2982,0.415397584438324,0
2012,2012,0.4017419219017029,1
2012,834,0.410391628742218,0
2012,4070,0.41853654384613037,0
2012,982,0.40463924407958984,0
2012,629,0.41305842995643616,0
2012,338,0.4067705273628235,0
2012,514,0.408197283744812,0
2012,3629,0.41041961312294006,0
2012,3452,0.4128202795982361,0
2012,1793,0.40832772850990295,0
2012,970,0.41392266750335693,0
2012,3234,0.40704888105392456,0
2012,3954,0.41486185789108276,0
2012,955,0.40646788477897644,0
2012,617,0.39887726306915283,0
2012,3925,0.4138690233230591,0
2012,2539,0.41492170095443726,0
2012,2073,0.41803497076034546,0
2012,2198,0.41323983669281006,0
2012,3071,0.4001219570636749,0
210,210,0.42451798915863037,1
210,3684,0.423396497964859,0
210,4054,0.4237925112247467,0
210,2521,0.41723018884658813,0
210,2977,0.41867244243621826,0
210,3419,0.41725483536720276,0
210,493,0.42179054021835327,0
210,771,0.4181838035583496,0
210,3804,0.4257984757423401,0
210,4164,0.42051517963409424,0
210,2155,0.4282582998275757,0
210,1268,0.4268782138824463,0
210,1541,0.42488694190979004,0
210,2966,0.42849138379096985,0
210,477,0.4197161793708801,0
210,2379,0.42896920442581177,0
210,3143,0.4261075556278229,0
210,3171,0.41717690229415894,0
210,143,0.42034924030303955,0
210,1734,0.43202996253967285,0
1680,1680,0.4161648750305176,1
1680,3154,0.41274482011795044,0
1680,2277,0.4106425642967224,0
1680,9,0.42407798767089844,0
1680,1343,0.41996973752975464,0
1680,1793,0.4155397415161133,0
1680,992,0.4086347818374634,0
1680,1727,0.41251376271247864,0
1680,2493,0.41003772616386414,0
1680,1803,0.4149455428123474,0
1680,2686,0.4183492064476013,0
1680,436,0.41317975521087646,0
1680,308,0.4223294258117676,0
1680,2117,0.4221099615097046,0
1680,3374,0.41682904958724976,0
1680,2759,0.41590577363967896,0
1680,1175,0.42090994119644165,0
1680,701,0.4203258752822876,0
1680,1833,0.4117913842201233,0
1680,2848,0.4124424457550049,0
3184,3184,0.4095645844936371,1
3184,4131,0.4147717356681824,0
3184,460,0.4033147692680359,0
3184,2951,0.41679197549819946,0
3184,3837,0.4187323749065399,0
3184,415,0.40949001908302307,0
3184,1601,0.4162558913230896,0
3184,659,0.4088636040687561,0
3184,654,0.4106459617614746,0
3184,365,0.41062942147254944,0
3184,680,0.4170151948928833,0
3184,2844,0.4161055088043213,0
3184,1161,0.4132598042488098,0
3184,864,0.403974711894989,0
3184,2640,0.41020649671554565,0
3184,2117,0.41535699367523193,0
3184,3868,0.4194791913032532,0
3184,2779,0.4119703769683838,0
3184,1657,0.40961316227912903,0
3184,1724,0.4106825590133667,0
2430,2430,0.420471727848053,1
2430,1086,0.41778403520584106,0
2430,3456,0.4234811067581177,0
2430,989,0.42786598205566406,0
2430,3736,0.41696083545684814,0
2430,325,0.41854822635650635,0
2430,2063,0.4256465435028076,0
2430,2043,0.43080031871795654,0
2430,1039,0.42619869112968445,0
2430,2246,0.4212051331996918,0
2430,3026,0.41904670000076294,0
2430,3450,0.4238763153553009,0
2430,3752,0.43000566959381104,0
2430,3722,0.4230068325996399,0
2430,1116,0.4239349067211151,0
2430,975,0.4235837459564209,0
2430,1843,0.43481433391571045,0
2430,1547,0.43235015869140625,0
2430,2841,0.4210592210292816,0
2430,46,0.42149117588996887,0
1938,1938,0.4104989469051361,1
1938,688,0.4103015959262848,0
1938,3796,0.41166383028030396,0
1938,3526,0.4216320514678955,0
1938,1007,0.41715213656425476,0
1938,796,0.41598376631736755,0
1938,3563,0.4127292037010193,0
1938,674,0.4099050760269165,0
1938,3006,0.4216240644454956,0
1938,3477,0.41037338972091675,0
1938,1643,0.4177512526512146,0
1938,3642,0.4106091260910034,0
1938,2328,0.4170800745487213,0
1938,486,0.41262584924697876,0
1938,1268,0.41986215114593506,0
1938,3214,0.4198172092437744,0
1938,1742,0.4139614999294281,0
1938,2915,0.4179980754852295,0
1938,2782,0.4178897738456726,0
1938,2811,0.41456279158592224,0
365,365,0.4134170413017273,1
365,3166,0.4158913195133209,0
365,3432,0.41417568922042847,0
365,3351,0.4173474907875061,0
365,2624,0.41666388511657715,0
365,3421,0.414458692073822,0
365,605,0.41234445571899414,0
365,3336,0.4095526337623596,0
365,634,0.4109589159488678,0
365,1700,0.41983240842819214,0
365,3977,0.4177229404449463,0
365,1356,0.40951937437057495,0
365,2619,0.4153849482536316,0
365,635,0.41751188039779663,0
365,1456,0.4164641499519348,0
365,1234,0.4059988856315613,0
365,1642,0.412681519985199,0
365,2207,0.4093283414840698,0
365,500,0.4188881814479828,0
365,3459,0.41967862844467163,0
2801,2801,0.4121316373348236,1
2801,3325,0.41008326411247253,0
2801,1888,0.4153749346733093,0
2801,3567,0.41594940423965454,0
2801,3845,0.40602147579193115,0
2801,3055,0.4101673364639282,0
2801,3819,0.42126497626304626,0
2801,763,0.40636661648750305,0
2801,3267,0.4141855835914612,0
2801,3937,0.4164726734161377,0
2801,3980,0.41069719195365906,0
2801,3990,0.415371298789978,0
2801,2696,0.40896081924438477,0
2801,4012,0.41679131984710693,0
2801,2581,0.4152958393096924,0
2801,1266,0.42310553789138794,0
2801,782,0.42137348651885986,0
2801,3918,0.415588915348053,0
2801,3961,0.4129742383956909,0
2801,95,0.4184083342552185,0
3438,3438,0.40748611092567444,1
3438,2810,0.4082052707672119,0
3438,4140,0.4051693379878998,0
3438,3430,0.41125649213790894,0
3438,2422,0.4058651328086853,0
3438,1819,0.4122829735279083,0
3438,3683,0.41573113203048706,0
3438,1475,0.4128580391407013,0
3438,3828,0.41660088300704956,0
3438,1484,0.41143202781677246,0
3438,4133,0.4057126045227051,0
3438,1020,0.40345078706741333,0
3438,637,0.40378910303115845,0
3438,942,0.41134393215179443,0
3438,3662,0.40210095047950745,0
3438,906,0.40213531255722046,0
3438,3692,0.40388360619544983,0
3438,704,0.4133957028388977,0
3438,2501,0.4120239019393921,0
3438,2483,0.40005236864089966,0
3770,3770,0.41692915558815,1
3770,953,0.4144180417060852,0
3770,468,0.4119424521923065,0
3770,1733,0.41007691621780396,0
3770,1844,0.4230027198791504,0
3770,3032,0.41929489374160767,0
3770,227,0.41849780082702637,0
3770,3870,0.41369855403900146,0
3770,1004,0.4101974368095398,0
3770,1617,0.42117786407470703,0
3770,1433,0.4177929759025574,0
3770,3277,0.41311338543891907,0
3770,3683,0.42186394333839417,0
3770,176,0.41874027252197266,0
3770,832,0.421289324760437,0
3770,1780,0.41574323177337646,0
3770,3467,0.42315560579299927,0
3770,308,0.42022421956062317,0
3770,2055,0.4160252809524536,0
3770,602,0.4197232127189636,0
2711,2711,0.40328705310821533,1
2711,1226,0.4149574637413025,0
2711,840,0.4144991636276245,0
2711,3370,0.4145185351371765,0
2711,1864,0.41479846835136414,0
2711,4105,0.4189186990261078,0
2711,970,0.41946566104888916,0
2711,2312,0.4153355658054352,0
2711,925,0.41650304198265076,0
2711,1017,0.41582369804382324,0
2711,3290,0.41076311469078064,0
2711,3059,0.41637569665908813,0
2711,1908,0.41398584842681885,0
2711,599,0.4196871519088745,0
2711,2446,0.4119879901409149,0
2711,3980,0.41211172938346863,0
2711,1304,0.4150620698928833,0
2711,3357,0.4163009524345398,0
2711,1077,0.40807268023490906,0
2711,1344,0.42440712451934814,0
2602,2602,0.4134913980960846,1
2602,3553,0.41847795248031616,0
2602,1396,0.4170577824115753,0
2602,3808,0.4128147065639496,0
2602,3632,0.41903725266456604,0
2602,158,0.4177529513835907,0
2602,2902,0.4185113310813904,0
2602,801,0.41766202449798584,0
2602,2439,0.4150269031524658,0
2602,113,0.4189509153366089,0
2602,2581,0.4188985824584961,0
2602,1980,0.4132850170135498,0
2602,3905,0.41766422986984253,0
2602,2572,0.41805168986320496,0
2602,635,0.4217027723789215,0
2602,1726,0.4148045778274536,0
2602,2395,0.41952550411224365,0
2602,1295,0.4163343906402588,0
2602,3258,0.4098483920097351,0
2602,1256,0.4150215983390808,0
931,931,0.4114839434623718,1
931,3280,0.41563454270362854,0
931,2419,0.41469520330429077,0
931,4018,0.40622854232788086,0
931,2477,0.41554951667785645,0
931,4118,0.4074245095252991,0
931,3012,0.407554030418396,0
931,29,0.4086569547653198,0
931,3317,0.409572035074234,0
931,895,0.4127803444862366,0
931,2978,0.4065808951854706,0
931,1763,0.4059833288192749,0
931,190,0.4148378372192383,0
931,3437,0.41296523809432983,0
931,956,0.4053410291671753,0
931,3764,0.4157795310020447,0
931,3509,0.40896138548851013,0
931,2463,0.4150390625,0
931,2001,0.41019487380981445,0
931,996,0.40720921754837036,0
1597,1597,0.4135357141494751,1
1597,3435,0.4248048663139343,0
1597,2399,0.415821373462677,0
1597,344,0.4223242402076721,0
1597,1084,0.4186863601207733,0
1597,359,0.41211700439453125,0
1597,2177,0.42468589544296265,0
1597,715,0.4253977835178375,0
1597,2991,0.41330552101135254,0
1597,369,0.41675418615341187,0
1597,1409,0.411188542842865,0
1597,1290,0.4189726710319519,0
1597,1242,0.42026063799858093,0
1597,3263,0.4084927439689636,0
1597,2039,0.40825343132019043,0
1597,597,0.4164321720600128,0
1597,2539,0.4201340079307556,0
1597,3481,0.4186393618583679,0
1597,496,0.4067555367946625,0
1597,1143,0.408170223236084,0
2741,2741,0.4128184914588928,1
2741,738,0.41827958822250366,0
2741,864,0.4102134108543396,0
2741,1324,0.41990798711776733,0
2741,1524,0.40992820262908936,0
2741,501,0.4091261029243469,0
2741,438,0.417704701423645,0
2741,2169,0.4175257384777069,0
2741,2018,0.42173486948013306,0
2741,4010,0.4170191287994385,0
2741,1160,0.41748297214508057,0
2741,2915,0.42037683725357056,0
2741,1963,0.4165908396244049,0
2741,3814,0.4137030243873596,0
2741,1958,0.4147987365722656,0
2741,4064,0.41451379656791687,0
2741,120,0.4193487763404846,0
2741,2787,0.42437779903411865,0
2741,2681,0.41929665207862854,0
2741,1387,0.4253036379814148,0
2912,2912,0.4051716923713684,1
2912,3786,0.4109991788864136,0
2912,1783,0.40164488554000854,0
2912,1437,0.3969002366065979,0
2912,1534,0.40338873863220215,0
2912,2160,0.40396949648857117,0
2912,1344,0.41215431690216064,0
2912,701,0.4066768288612366,0
2912,2242,0.3969821333885193,0
2912,2207,0.3997736871242523,0
2912,855,0.400160014629364,0
2912,3657,0.4004392623901367,0
2912,2020,0.40329355001449585,0
2912,688,0.4002935588359833,0
2912,243,0.39902135729789734,0
2912,4083,0.40924662351608276,0
2912,703,0.3992162346839905,0
2912,3787,0.4058612585067749,0
2912,3102,0.39323699474334717,0
2912,2894,0.402052104473114,0
2649,2649,0.41558462381362915,1
2649,2353,0.4087178409099579,0
2649,10,0.41033679246902466,0
2649,1317,0.41061505675315857,0
2649,607,0.4115162491798401,0
2649,2382,0.40855127573013306,0
2649,2367,0.41179242730140686,0
2649,4108,0.4092963933944702,0
2649,3484,0.41084742546081543,0
2649,527,0.40907540917396545,0
2649,2449,0.4081510603427887,0
2649,3903,0.40552908182144165,0
2649,3537,0.4094759225845337,0
2649,3233,0.42056405544281006,0
2649,3637,0.4072808027267456,0
2649,1258,0.40681254863739014,0
2649,2256,0.406188040971756,0
2649,3422,0.40693461894989014,0
2649,397,0.4069817066192627,0
2649,193,0.41301268339157104,0
3065,3065,0.4166477918624878,1
3065,3072,0.4197368919849396,0
3065,3538,0.41544491052627563,0
3065,2891,0.4158949851989746,0
3065,1919,0.4185473322868347,0
3065,2042,0.4179350733757019,0
3065,3549,0.4214652180671692,0
3065,3474,0.41628679633140564,0
3065,2624,0.42165568470954895,0
3065,1611,0.41562122106552124,0
3065,3792,0.4179714620113373,0
3065,241,0.4158969521522522,0
3065,891,0.41574448347091675,0
3065,731,0.4206363558769226,0
3065,658,0.4217986762523651,0
3065,1706,0.4204785227775574,0
3065,3468,0.42021316289901733,0
3065,297,0.41777724027633667,0
3065,2305,0.41481220722198486,0
3065,554,0.4219779968261719,0
225,225,0.4193992614746094,1
225,1923,0.4140922427177429,0
225,2893,0.4115446209907532,0
225,318,0.4121151566505432,0
225,1926,0.41746222972869873,0
225,1662,0.41204336285591125,0
225,265,0.4189754128456116,0
225,2832,0.4145597815513611,0
225,3290,0.4074355959892273,0
225,3279,0.40704476833343506,0
225,2311,0.4155051112174988,0
225,2874,0.4114447832107544,0
225,3034,0.41864943504333496,0
225,951,0.4142928719520569,0
225,2838,0.4147287607192993,0
225,920,0.42071467638015747,0
225,3501,0.41419970989227295,0
225,336,0.4122462272644043,0
225,379,0.41608065366744995,0
225,1689,0.4102013111114502,0
2554,2554,0.4130440354347229,1
2554,1581,0.423666775226593,0
2554,3435,0.4262814223766327,0
2554,2091,0.4159792959690094,0
2554,2118,0.42156314849853516,0
2554,3270,0.4156627058982849,0
2554,3281,0.41436704993247986,0
2554,3706,0.4154345989227295,0
2554,2279,0.42036622762680054,0
2554,2704,0.4175877273082733,0
2554,1450,0.4192001223564148,0
2554,3000,0.41458725929260254,0
2554,3099,0.4194839596748352,0
2554,566,0.41506069898605347,0
2554,3615,0.41610395908355713,0
2554,3209,0.4166215658187866,0
2554,1310,0.4252835512161255,0
2554,1108,0.42126455903053284,0
2554,1428,0.4216083586215973,0
2554,4044,0.41948139667510986,0
2394,2394,0.41507989168167114,1
2394,854,0.4166593551635742,0
2394,625,0.40751177072525024,0
2394,441,0.41255560517311096,0
2394,3521,0.4024256467819214,0
2394,2098,0.40820813179016113,0
2394,1249,0.41665688157081604,0
2394,2615,0.4092702865600586,0
2394,4023,0.40971940755844116,0
2394,2690,0.40951472520828247,0
2394,52,0.41146761178970337,0
2394,3225,0.407695472240448,0
2394,3356,0.41179442405700684,0
2394,3831,0.41091346740722656,0
2394,3601,0.40723520517349243,0
2394,1326,0.40599480271339417,0
2394,2189,0.420057088136673,0
2394,458,0.4079582989215851,0
2394,294,0.41277581453323364,0
2394,1187,0.4085139036178589,0
1918,1918,0.41103166341781616,1
1918,1853,0.4154888391494751,0
1918,3529,0.4120696783065796,0
1918,1667,0.41342803835868835,0
1918,245,0.4115689992904663,0
1918,4136,0.408487468957901,0
1918,480,0.4098414182662964,0
1918,2620,0.41581055521965027,0
1918,2474,0.4178310036659241,0
1918,2235,0.421180784702301,0
1918,1388,0.4204936921596527,0
1918,2140,0.40892648696899414,0
1918,1036,0.41431573033332825,0
1918,3337,0.4136928915977478,0
1918,2008,0.41454818844795227,0
1918,3161,0.42132359743118286,0
1918,1173,0.4176129698753357,0
1918,2624,0.41694381833076477,0
1918,3004,0.4148959517478943,0
1918,1326,0.40946894884109497,0
2997,2997,0.4175587594509125,1
2997,3395,0.4172461926937103,0
2997,1862,0.41353243589401245,0
2997,1007,0.42026275396347046,0
2997,619,0.41535836458206177,0
2997,884,0.41776043176651,0
2997,2899,0.41588783264160156,0
2997,3549,0.42070162296295166,0
2997,3710,0.41647666692733765,0
2997,4103,0.4230692684650421,0
2997,1836,0.4142436981201172,0
2997,4108,0.41643792390823364,0
2997,3227,0.41494032740592957,0
2997,2074,0.41975897550582886,0
2997,992,0.4089428186416626,0
2997,4144,0.4166473150253296,0
2997,765,0.41802045702934265,0
2997,3151,0.4151059687137604,0
2997,2816,0.42748647928237915,0
2997,644,0.40985941886901855,0
1448,1448,0.39700543880462646,1
1448,5,0.4085216820240021,0
1448,2414,0.41199520230293274,0
1448,660,0.411335289478302,0
1448,1996,0.4064159393310547,0
1448,3204,0.39469456672668457,0
1448,2872,0.4076882004737854,0
1448,4008,0.40798038244247437,0
1448,2173,0.4030880928039551,0
1448,1827,0.4098096489906311,0
1448,2172,0.40913325548171997,0
1448,661,0.4102414548397064,0
1448,3811,0.40159326791763306,0
1448,4018,0.4010622501373291,0
1448,2460,0.40429243445396423,0
1448,1218,0.4051451086997986,0
1448,316,0.4031650424003601,0
1448,3619,0.40599656105041504,0
1448,3492,0.4074344336986542,0
1448,559,0.4078853726387024,0
529,529,0.4147467315196991,1
529,2978,0.41430962085723877,0
529,2143,0.4240104556083679,0
529,1334,0.42075273394584656,0
529,4089,0.41964906454086304,0
529,375,0.4140777587890625,0
529,3636,0.42217695713043213,0
529,3774,0.41705313324928284,0
529,3499,0.41720670461654663,0
529,2024,0.41448527574539185,0
529,3518,0.42069852352142334,0
529,804,0.4203513562679291,0
529,3426,0.4198800325393677,0
529,3195,0.42647695541381836,0
529,1596,0.4286942481994629,0
529,2516,0.4179161787033081,0
529,3953,0.4202048182487488,0
529,1806,0.4284076690673828,0
529,1814,0.4210047721862793,0
529,1473,0.4239675998687744,0
1962,1962,0.42094355821609497,1
1962,430,0.41575589776039124,0
1962,2462,0.41349294781684875,0
1962,800,0.41975080966949463,0
1962,2027,0.414084255695343,0
1962,3937,0.41581809520721436,0
1962,3669,0.42314115166664124,0
1962,4081,0.41353172063827515,0
1962,581,0.41579484939575195,0
1962,3583,0.41356417536735535,0
1962,2871,0.4218725562095642,0
1962,1567,0.41302961111068726,0
1962,911,0.41853708028793335,0
1962,868,0.41362690925598145,0
1962,390,0.41411828994750977,0
1962,1588,0.4187058210372925,0
1962,3084,0.4137154817581177,0
1962,1671,0.4180026352405548,0
1962,2037,0.4093113839626312,0
1962,1349,0.4150044918060303,0
3127,3127,0.4137445092201233,1
3127,519,0.41932499408721924,0
3127,3631,0.4182543158531189,0
3127,3264,0.41229861974716187,0
3127,610,0.40745809674263,0
3127,3105,0.41317516565322876,0
3127,205,0.40566688776016235,0
3127,2,0.4069618880748749,0
3127,597,0.4108719825744629,0
3127,471,0.41733700037002563,0
3127,2545,0.41216057538986206,0
3127,410,0.4095684885978699,0
3127,3224,0.41013532876968384,0
3127,3965,0.4166239798069,0
3127,3056,0.40345484018325806,0
3127,1189,0.4141312539577484,0
3127,2323,0.4101206660270691,0
3127,1637,0.4073474407196045,0
3127,2483,0.4008956253528595,0
3127,3628,0.4133812487125397,0
2647,2647,0.41639360785484314,1
2647,372,0.421349436044693,0
2647,351,0.4196400046348572,0
2647,2413,0.42161232233047485,0
2647,2768,0.4237167239189148,0
2647,3836,0.42688941955566406,0
2647,2305,0.41731375455856323,0
2647,587,0.4200940728187561,0
2647,808,0.4174303412437439,0
2647,4032,0.41585642099380493,0
2647,1659,0.4248071312904358,0
2647,3112,0.43006211519241333,0
2647,670,0.4214518666267395,0
2647,3840,0.41819795966148376,0
2647,2834,0.42616310715675354,0
2647,1255,0.42908138036727905,0
2647,3474,0.41851067543029785,0
2647,2968,0.41877955198287964,0
2647,1918,0.4170580506324768,0
2647,645,0.4145844280719757,0
2431,2431,0.4203498959541321,1
2431,2564,0.4107731878757477,0
2431,3953,0.41664570569992065,0
2431,606,0.4092140197753906,0
2431,265,0.42281416058540344,0
2431,495,0.41117602586746216,0
2431,2965,0.41624128818511963,0
2431,1596,0.42493951320648193,0
2431,696,0.4038543701171875,0
2431,840,0.4148426353931427,0
2431,1791,0.4122772514820099,0
2431,2521,0.41202229261398315,0
2431,367,0.42443132400512695,0
2431,1825,0.4156673848628998,0
2431,3240,0.4123803377151489,0
2431,2649,0.4214879274368286,0
2431,3948,0.4146823287010193,0
2431,2354,0.4153811037540436,0
2431,2042,0.41563084721565247,0
2431,845,0.4200519919395447,0
2698,2698,0.42130959033966064,1
2698,2119,0.41750568151474,0
2698,2084,0.41831082105636597,0
2698,878,0.42867380380630493,0
2698,1479,0.41714343428611755,0
2698,3189,0.4132236838340759,0
2698,3620,0.41202783584594727,0
2698,2019,0.41480472683906555,0
2698,3809,0.42006778717041016,0
2698,3186,0.41796791553497314,0
2698,21,0.4239702522754669,0
2698,777,0.41459012031555176,0
2698,2477,0.41965150833129883,0
2698,2083,0.40522006154060364,0
2698,1061,0.414550244808197,0
2698,1964,0.40866753458976746,0
2698,1873,0.41212546825408936,0
2698,227,0.4188690483570099,0
2698,3706,0.41391482949256897,0
2698,2822,0.4180780053138733,0
940,940,0.4118134081363678,1
940,1708,0.4163539707660675,0
940,2030,0.42328205704689026,0
940,2019,0.41729527711868286,0
940,2538,0.4295812249183655,0
940,2268,0.4259305000305176,0
940,1898,0.41120535135269165,0
940,1481,0.41235634684562683,0
940,828,0.41805553436279297,0
940,1758,0.4210880696773529,0
940,2263,0.4204140901565552,0
940,3226,0.42150968313217163,0
940,1288,0.42031753063201904,0
940,1645,0.42054325342178345,0
940,3536,0.41206568479537964,0
940,3811,0.4120844006538391,0
940,842,0.4196383059024811,0
940,939,0.42331963777542114,0
940,3487,0.41763508319854736,0
940,3153,0.4163810610771179,0
157,157,0.41495242714881897,1
157,1801,0.4167224168777466,0
157,526,0.41521334648132324,0
157,4008,0.41566282510757446,0
157,1045,0.420024037361145,0
157,1409,0.4103599190711975,0
157,642,0.4055875539779663,0
157,331,0.4214496910572052,0
157,2791,0.41321033239364624,0
157,4123,0.40918394923210144,0
157,859,0.408293217420578,0
157,2027,0.4147423505783081,0
157,114,0.4259404242038727,0
157,1519,0.4181445837020874,0
157,2384,0.416697233915329,0
157,3845,0.4062190651893616,0
157,3251,0.4131813049316406,0
157,1046,0.4171660244464874,0
157,3564,0.4201750159263611,0
157,1121,0.4164612293243408,0
3361,3361,0.41340696811676025,1
3361,4137,0.4103318452835083,0
3361,937,0.41925084590911865,0
3361,2488,0.4120901823043823,0
3361,4029,0.4077315926551819,0
3361,2266,0.4142218828201294,0
3361,3822,0.41883352398872375,0
3361,3423,0.4114534854888916,0
3361,3976,0.41010749340057373,0
3361,174,0.41171902418136597,0
3361,1672,0.40234071016311646,0
3361,1321,0.41708141565322876,0
3361,2729,0.4052031338214874,0
3361,2578,0.4147803783416748,0
3361,2509,0.41078442335128784,0
3361,2093,0.41150790452957153,0
3361,3246,0.41098707914352417,0
3361,2583,0.4088355302810669,0
3361,2232,0.4088437557220459,0
3361,3965,0.4171660840511322,0
655,655,0.40811455249786377,1
655,2325,0.40917444229125977,0
655,752,0.40620261430740356,0
655,2003,0.40619194507598877,0
655,628,0.40442997217178345,0
655,1736,0.4062809944152832,0
655,3679,0.4067160487174988,0
655,1945,0.4075548052787781,0
655,1366,0.40695998072624207,0
655,437,0.39900723099708557,0
655,3783,0.40764862298965454,0
655,4160,0.41123533248901367,0
655,4124,0.41005218029022217,0
655,3248,0.4093160629272461,0
655,2772,0.4097631573677063,0
655,1268,0.4128720760345459,0
655,3458,0.4066324234008789,0
655,3722,0.40730002522468567,0
655,2104,0.40605247020721436,0
655,4153,0.4104701578617096,0
2688,2688,0.4153226613998413,1
2688,325,0.4055916666984558,0
2688,1650,0.4128413796424866,0
2688,2890,0.41370078921318054,0
2688,2118,0.41555339097976685,0
2688,945,0.4130166172981262,0
2688,3020,0.40695106983184814,0
2688,2331,0.40472495555877686,0
2688,2953,0.40919965505599976,0
2688,3250,0.40564674139022827,0
2688,1381,0.4062156081199646,0
2688,2134,0.4110453724861145,0
2688,715,0.41983330249786377,0
2688,3095,0.41697242856025696,0
2688,206,0.40870413184165955,0
2688,2389,0.4125726819038391,0
2688,1272,0.40887466073036194,0
2688,1299,0.4113197922706604,0
2688,3231,0.41904348134994507,0
2688,1939,0.4075195789337158,0
400,400,0.41341927647590637,1
400,2632,0.4113117456436157,0
400,390,0.41218751668930054,0
400,3024,0.4112226963043213,0
400,2083,0.4027824401855469,0
400,1594,0.41475796699523926,0
400,2607,0.4166300892829895,0
400,1655,0.4157879948616028,0
400,2004,0.4132169485092163,0
400,1523,0.41353359818458557,0
400,1915,0.4172937273979187,0
400,3857,0.418347030878067,0
400,30,0.40321314334869385,0
400,2152,0.4166286587715149,0
400,503,0.4047698676586151,0
400,347,0.414833664894104,0
400,897,0.4101361632347107,0
400,2432,0.41171371936798096,0
400,3188,0.42003333568573,0
400,1974,0.4063991606235504,0
3022,3022,0.4215679168701172,1
3022,2064,0.4202394485473633,0
3022,1122,0.4169817268848419,0
3022,610,0.41508182883262634,0
3022,2631,0.4153308868408203,0
3022,3132,0.4224066436290741,0
3022,2177,0.4283672571182251,0
3022,1433,0.42086637020111084,0
3022,1751,0.42442089319229126,0
3022,26,0.4097990393638611,0
3022,1963,0.4182136058807373,0
3022,1642,0.41812562942504883,0
3022,1819,0.421345591545105,0
3022,1178,0.417453795671463,0
3022,4165,0.41675329208374023,0
3022,2572,0.4194318950176239,0
3022,3189,0.41605597734451294,0
3022,3890,0.42316433787345886,0
3022,3163,0.42112910747528076,0
3022,2068,0.4167172908782959,0
3596,3596,0.40771734714508057,1
3596,981,0.4101029336452484,0
3596,3356,0.41070884466171265,0
3596,4008,0.41018062829971313,0
3596,2173,0.4055730700492859,0
3596,3119,0.4111034870147705,0
3596,2983,0.41533219814300537,0
3596,2922,0.41609466075897217,0
3596,1954,0.41643932461738586,0
3596,1523,0.4095389246940613,0
3596,1695,0.4129679203033447,0
3596,1770,0.4104282855987549,0
3596,2118,0.4147811532020569,0
3596,889,0.41011226177215576,0
3596,674,0.40481388568878174,0
3596,548,0.40380775928497314,0
3596,967,0.4078420400619507,0
3596,2624,0.4124296307563782,0
3596,3086,0.4138309359550476,0
3596,1075,0.40936288237571716,0
3775,3775,0.42321324348449707,1
3775,3498,0.41381755471229553,0
3775,1335,0.4165586531162262,0
3775,2445,0.41999489068984985,0
3775,246,0.40759390592575073,0
3775,3449,0.4218139052391052,0
3775,30,0.4088948369026184,0
3775,2933,0.42099371552467346,0
3775,2337,0.41255080699920654,0
3775,3714,0.4183383584022522,0
3775,3321,0.42449888586997986,0
3775,1754,0.428702712059021,0
3775,4109,0.4246864318847656,0
3775,3041,0.4124746322631836,0
3775,3500,0.42020276188850403,0
3775,2721,0.42369964718818665,0
3775,1529,0.4138941168785095,0
3775,826,0.4266025424003601,0
3775,307,0.42447543144226074,0
3775,3740,0.4152544140815735,0
3510,3510,0.41411712765693665,1
3510,2942,0.4038388729095459,0
3510,2595,0.408834844827652,0
3510,1160,0.41024136543273926,0
3510,31,0.40351536870002747,0
3510,2840,0.4155391454696655,0
3510,383,0.420492947101593,0
3510,241,0.40749749541282654,0
3510,381,0.4083486497402191,0
3510,1906,0.4035351276397705,0
3510,3443,0.41076451539993286,0
3510,1353,0.4089037775993347,0
3510,1206,0.40016859769821167,0
3510,2393,0.4140056371688843,0
3510,623,0.408277302980423,0
3510,1244,0.40641576051712036,0
3510,2243,0.40632909536361694,0
3510,803,0.4037942588329315,0
3510,2688,0.41530320048332214,0
3510,122,0.4147450625896454,0
1891,1891,0.41537344455718994,1
1891,2359,0.4146856367588043,0
1891,3995,0.4208279848098755,0
1891,3058,0.4208495318889618,0
1891,2306,0.42006993293762207,0
1891,1675,0.4148992896080017,0
1891,1808,0.42150643467903137,0
1891,959,0.4180445671081543,0
1891,2915,0.4214414060115814,0
1891,2156,0.4234912097454071,0
1891,3688,0.41790682077407837,0
1891,448,0.41540125012397766,0
1891,4028,0.4205523729324341,0
1891,3462,0.42975229024887085,0
1891,960,0.4168098568916321,0
1891,2806,0.41850924491882324,0
1891,2838,0.42093342542648315,0
1891,3034,0.4245937466621399,0
1891,3396,0.418115496635437,0
1891,4150,0.41305869817733765,0
2336,2336,0.4100493788719177,1
2336,579,0.409105122089386,0
2336,3828,0.4174416661262512,0
2336,1566,0.4087143540382385,0
2336,2880,0.4091694951057434,0
2336,2417,0.41431403160095215,0
2336,1020,0.4050113558769226,0
2336,2,0.4078092575073242,0
2336,85,0.4125860929489136,0
2336,655,0.4103434681892395,0
2336,3258,0.4029557704925537,0
2336,3927,0.4096587598323822,0
2336,3851,0.41290992498397827,0
2336,2328,0.412752240896225,0
2336,467,0.40719443559646606,0
2336,1582,0.4131835103034973,0
2336,3437,0.4129984974861145,0
2336,2979,0.40603429079055786,0
2336,3195,0.41721493005752563,0
2336,2860,0.4171985387802124,0
2674,2674,0.4125708341598511,1
2674,3001,0.4125778079032898,0
2674,3698,0.4098082184791565,0
2674,793,0.4228207468986511,0
2674,840,0.41186070442199707,0
2674,3867,0.4175499677658081,0
2674,775,0.42307236790657043,0
2674,2416,0.41258835792541504,0
2674,2934,0.41403159499168396,0
2674,2984,0.4091765880584717,0
2674,3333,0.4142218828201294,0
2674,3717,0.4227972626686096,0
2674,3624,0.4114667773246765,0
2674,3958,0.4158793091773987,0
2674,95,0.4165111482143402,0
2674,790,0.4025322198867798,0
2674,1919,0.41283664107322693,0
2674,177,0.4111100435256958,0
2674,1920,0.4134087562561035,0
2674,243,0.40831395983695984,0
307,307,0.4243824779987335,1
307,447,0.4271990656852722,0
307,3742,0.4175627529621124,0
307,1628,0.4201624393463135,0
307,1886,0.41473495960235596,0
307,1545,0.41704612970352173,0
307,420,0.41797369718551636,0
307,2676,0.4132845401763916,0
307,2467,0.41759610176086426,0
307,1995,0.41655683517456055,0
307,896,0.42325645685195923,0
307,3408,0.41260525584220886,0
307,3395,0.4172997772693634,0
307,4017,0.42618584632873535,0
307,3374,0.4166879653930664,0
307,2304,0.4314963221549988,0
307,3114,0.4164365530014038,0
307,2715,0.4120544195175171,0
307,1814,0.41863828897476196,0
307,1625,0.4171302914619446,0
1172,1172,0.41184520721435547,1
1172,3313,0.414043664932251,0
1172,2829,0.4138419032096863,0
1172,1794,0.4155072271823883,0
1172,2874,0.4145619869232178,0
1172,982,0.4099467992782593,0
1172,597,0.4165540337562561,0
1172,3343,0.40923872590065,0
1172,283,0.4197297692298889,0
1172,1282,0.42057323455810547,0
1172,111,0.42432647943496704,0
1172,4026,0.4145767092704773,0
1172,2945,0.4184359312057495,0
1172,2349,0.4187045097351074,0
1172,835,0.417235791683197,0
1172,2353,0.41366904973983765,0
1172,1711,0.42358773946762085,0
1172,1819,0.41889071464538574,0
1172,388,0.41675788164138794,0
1172,1008,0.420548677444458,0
408,408,0.40440964698791504,1
408,945,0.4090784192085266,0
408,486,0.40495824813842773,0
408,2533,0.4052077531814575,0
408,737,0.40299350023269653,0
408,3823,0.4179835915565491,0
408,3312,0.4102855920791626,0
408,3241,0.40283071994781494,0
408,2779,0.4075261354446411,0
408,3152,0.40787434577941895,0
408,3149,0.407079815864563,0
408,3751,0.40848493576049805,0
408,2883,0.41464295983314514,0
408,872,0.40729042887687683,0
408,4177,0.4081641435623169,0
408,550,0.4133223593235016,0
408,493,0.4063977301120758,0
408,3053,0.4090389013290405,0
408,1932,0.40742528438568115,0
408,2021,0.40454885363578796,0
1947,1947,0.404598593711853,1
1947,1655,0.4141635000705719,0
1947,706,0.413185715675354,0
1947,3347,0.4093705415725708,0
1947,1950,0.41578763723373413,0
1947,2552,0.41623613238334656,0
1947,2629,0.4088974595069885,0
1947,132,0.4188542664051056,0
1947,176,0.4145861268043518,0
1947,2363,0.41930830478668213,0
1947,3679,0.4100814759731293,0
1947,69,0.41505032777786255,0
1947,4006,0.4185161590576172,0
1947,2833,0.4095863401889801,0
1947,3390,0.41161954402923584,0
1947,2377,0.41338247060775757,0
1947,9,0.4179731607437134,0
1947,239,0.41163551807403564,0
1947,3107,0.42675232887268066,0
1947,2901,0.4086779057979584,0
842,842,0.41128650307655334,1
842,3505,0.4138103723526001,0
842,1229,0.4125586748123169,0
842,1429,0.4059446454048157,0
842,2790,0.4180663228034973,0
842,3285,0.4082576632499695,0
842,2264,0.4099286198616028,0
842,2506,0.4059714078903198,0
842,3003,0.41230517625808716,0
842,3926,0.4037373661994934,0
842,2847,0.41581106185913086,0
842,1266,0.41751858592033386,0
842,1067,0.40888357162475586,0
842,588,0.4161812663078308,0
842,3506,0.41294071078300476,0
842,1107,0.4129164218902588,0
842,963,0.40879520773887634,0
842,619,0.40726298093795776,0
842,2102,0.4095389246940613,0
842,3861,0.4089544415473938,0
216,216,0.4118711054325104,1
216,2812,0.41297221183776855,0
216,1686,0.41128456592559814,0
216,1901,0.4083452522754669,0
216,3925,0.4120510220527649,0
216,3911,0.40970927476882935,0
216,2790,0.4165061116218567,0
216,2645,0.4094633162021637,0
216,674,0.40399354696273804,0
216,2680,0.4150788187980652,0
216,2909,0.409541517496109,0
216,1074,0.40835607051849365,0
216,700,0.41170641779899597,0
216,3672,0.40803420543670654,0
216,86,0.4158536195755005,0
216,141,0.4067305326461792,0
216,1073,0.41003116965293884,0
216,804,0.4095480442047119,0
216,2614,0.4176830053329468,0
216,2007,0.40930891036987305,0
3071,3071,0.3979341983795166,1
3071,2310,0.41195881366729736,0
3071,2596,0.40017205476760864,0
3071,3323,0.4029465913772583,0
3071,980,0.39995163679122925,0
3071,4049,0.4041289687156677,0
3071,3365,0.4090968370437622,0
3071,3042,0.40558063983917236,0
3071,3282,0.4145926833152771,0
3071,885,0.40836983919143677,0
3071,1210,0.40395742654800415,0
3071,2196,0.40838783979415894,0
3071,1960,0.41258352994918823,0
3071,638,0.41372498869895935,0
3071,2317,0.4054087996482849,0
3071,225,0.41446012258529663,0
3071,656,0.4018646776676178,0
3071,1905,0.41170209646224976,0
3071,84,0.40380221605300903,0
3071,1810,0.4090298116207123,0
3014,3014,0.41407454013824463,1
3014,715,0.4227549433708191,0
3014,3529,0.41034984588623047,0
3014,2167,0.41163140535354614,0
3014,1635,0.415564626455307,0
3014,3913,0.40883904695510864,0
3014,599,0.4167741537094116,0
3014,38,0.4117774963378906,0
3014,1666,0.40906235575675964,0
3014,3140,0.4141692519187927,0
3014,2240,0.4251837432384491,0
3014,787,0.41003137826919556,0
3014,3810,0.41096365451812744,0
3014,3132,0.41637685894966125,0
3014,772,0.41386866569519043,0
3014,159,0.4145345687866211,0
3014,2928,0.40582752227783203,0
3014,638,0.41883790493011475,0
3014,2864,0.4140413701534271,0
3014,4085,0.41458719968795776,0
2692,2692,0.4100855886936188,1
2692,612,0.4129953384399414,0
2692,904,0.4079563021659851,0
2692,1091,0.4103848934173584,0
2692,554,0.4131392538547516,0
2692,726,0.4171123504638672,0
2692,1494,0.40782052278518677,0
2692,2581,0.41146886348724365,0
2692,4006,0.41733190417289734,0
2692,1663,0.40815043449401855,0
2692,120,0.41201671957969666,0
2692,392,0.40994852781295776,0
2692,3187,0.40848585963249207,0
2692,2476,0.4132629632949829,0
2692,1047,0.4144219756126404,0
2692,1011,0.4153916835784912,0
2692,3606,0.4123508334159851,0
2692,983,0.40759193897247314,0
2692,2853,0.42337721586227417,0
2692,3803,0.4076696038246155,0
321,321,0.4090877175331116,1
321,4079,0.41070863604545593,0
321,140,0.4119081497192383,0
321,601,0.4137117862701416,0
321,1161,0.4177546203136444,0
321,482,0.41265979409217834,0
321,3968,0.41082900762557983,0
321,2511,0.41416051983833313,0
321,3844,0.41594547033309937,0
321,3218,0.42233026027679443,0
321,4117,0.416285902261734,0
321,2353,0.4136231243610382,0
321,3344,0.4164568781852722,0
321,3197,0.4146615266799927,0
321,2301,0.42557889223098755,0
321,383,0.42578715085983276,0
321,764,0.4113712012767792,0
321,3576,0.4149865508079529,0
321,2947,0.4148567020893097,0
321,2797,0.4155970513820648,0
3242,3242,0.4039153456687927,1
3242,118,0.4068426489830017,0
3242,4125,0.40465468168258667,0
3242,3968,0.4034162759780884,0
3242,3774,0.40466442704200745,0
3242,2874,0.40699368715286255,0
3242,352,0.41132470965385437,0
3242,2957,0.40918290615081787,0
3242,3928,0.4083670973777771,0
3242,1190,0.40887415409088135,0
3242,1184,0.4123414158821106,0
3242,2349,0.41071105003356934,0
3242,1399,0.40450140833854675,0
3242,3347,0.40591180324554443,0
3242,2157,0.414135217666626,0
3242,1231,0.4102197289466858,0
3242,4077,0.4212975800037384,0
3242,930,0.40772008895874023,0
3242,878,0.4200320839881897,0
3242,3260,0.4137604832649231,0
2212,2212,0.41523095965385437,1
2212,3591,0.42217177152633667,0
2212,737,0.412632018327713,0
2212,2203,0.4219403862953186,0
2212,285,0.4130699038505554,0
2212,1787,0.4143490791320801,0
2212,3886,0.42571842670440674,0
2212,820,0.4151931405067444,0
2212,3462,0.42928546667099,0
2212,3592,0.41451579332351685,0
2212,417,0.4190639853477478,0
2212,1130,0.417842298746109,0
2212,2088,0.43433666229248047,0
2212,805,0.41975778341293335,0
2212,8,0.4184650182723999,0
2212,455,0.4216943383216858,0
2212,682,0.4213857650756836,0
2212,4020,0.41867244243621826,0
2212,1386,0.41423237323760986,0
2212,940,0.4107900857925415,0
3879,3879,0.41187769174575806,1
3879,2936,0.4099843502044678,0
3879,4074,0.416079580783844,0
3879,478,0.41420677304267883,0
3879,4057,0.41174495220184326,0
3879,4165,0.4075238108634949,0
3879,4048,0.41241973638534546,0
3879,4173,0.4096899628639221,0
3879,1051,0.40713202953338623,0
3879,105,0.4035032391548157,0
3879,2423,0.41559675335884094,0
3879,1637,0.4065847098827362,0
3879,1951,0.40814054012298584,0
3879,861,0.41154298186302185,0
3879,3193,0.4075872004032135,0
3879,1283,0.41752564907073975,0
3879,1751,0.41523367166519165,0
3879,508,0.4079800844192505,0
3879,2033,0.4145026206970215,0
3879,692,0.407182902097702,0
1527,1527,0.4153744578361511,1
1527,3207,0.41648223996162415,0
1527,351,0.4111926853656769,0
1527,3342,0.42339253425598145,0
1527,1584,0.4104193449020386,0
1527,386,0.4161691963672638,0
1527,2026,0.41229701042175293,0
1527,3704,0.4115409553050995,0
1527,1641,0.41048258543014526,0
1527,3601,0.4101867079734802,0
1527,1665,0.41721129417419434,0
1527,3593,0.41224297881126404,0
1527,3056,0.40606898069381714,0
1527,3855,0.4176154136657715,0
1527,2122,0.40799635648727417,0
1527,1050,0.4115314483642578,0
1527,4095,0.4074628949165344,0
1527,4091,0.4217873215675354,0
1527,3084,0.4122390151023865,0
1527,1052,0.41502484679222107,0
841,841,0.41680216789245605,1
841,475,0.4169544577598572,0
841,1254,0.4156327247619629,0
841,3784,0.41160666942596436,0
841,3058,0.41778677701950073,0
841,1579,0.4143221378326416,0
841,2738,0.41114455461502075,0
841,2499,0.4120977520942688,0
841,554,0.4185446500778198,0
841,2529,0.4116806089878082,0
841,1033,0.4159342646598816,0
841,2220,0.4110729694366455,0
841,2060,0.41561806201934814,0
841,1266,0.42333388328552246,0
841,1405,0.4151701331138611,0
841,4064,0.41271719336509705,0
841,1863,0.4221421480178833,0
841,3326,0.4130244851112366,0
841,1871,0.4188351035118103,0
841,1366,0.41416603326797485,0
3642,3642,0.4100695848464966,1
3642,3828,0.42136290669441223,0
3642,1747,0.41513681411743164,0
3642,3514,0.41052478551864624,0
3642,1006,0.4132651388645172,0
3642,826,0.42234355211257935,0
3642,1975,0.41179147362709045,0
3642,1750,0.4119703769683838,0
3642,686,0.41612499952316284,0
3642,4060,0.41406142711639404,0
3642,1821,0.41812196373939514,0
3642,447,0.4233654737472534,0
3642,3862,0.4150383472442627,0
3642,2679,0.4147810935974121,0
3642,3838,0.4159018397331238,0
3642,2892,0.4119220972061157,0
3642,2386,0.41371917724609375,0
3642,146,0.41254398226737976,0
3642,340,0.4121578335762024,0
3642,3070,0.41127365827560425,0
469,469,0.4065995514392853,1
469,1544,0.41082674264907837,0
469,4175,0.4108225703239441,0
469,3972,0.41399097442626953,0
469,2125,0.415387362241745,0
469,537,0.4042069613933563,0
469,3244,0.41527339816093445,0
469,464,0.407926470041275,0
469,2096,0.4156361222267151,0
469,880,0.4119316339492798,0
469,1048,0.4093412160873413,0
469,1169,0.4067060947418213,0
469,1533,0.411223441362381,0
469,1615,0.41143298149108887,0
469,815,0.4104652404785156,0
469,2467,0.41156628727912903,0
469,3887,0.40925198793411255,0
469,2958,0.4130585193634033,0
469,97,0.4123108983039856,0
469,139,0.4162296950817108,0
752,752,0.4111788868904114,1
752,3826,0.41408732533454895,0
752,274,0.41899561882019043,0
752,2396,0.40851667523384094,0
752,4127,0.4083282947540283,0
752,2525,0.41572728753089905,0
752,3960,0.40973564982414246,0
752,2050,0.4206073582172394,0
752,2730,0.4020068049430847,0
752,2916,0.4144482910633087,0
752,2132,0.41465070843696594,0
752,1935,0.4219570457935333,0
752,3578,0.41009068489074707,0
752,295,0.40845295786857605,0
752,2133,0.40763986110687256,0
752,1850,0.40441960096359253,0
752,2734,0.41018548607826233,0
752,2231,0.41814136505126953,0
752,1979,0.41063937544822693,0
752,4034,0.40038585662841797,0
2159,2159,0.40674975514411926,1
2159,836,0.41590458154678345,0
2159,2317,0.40722328424453735,0
2159,3120,0.4079021215438843,0
2159,2172,0.4127148687839508,0
2159,3912,0.4134683609008789,0
2159,2071,0.4163598418235779,0
2159,1209,0.41332483291625977,0
2159,2676,0.4059807062149048,0
2159,370,0.41465210914611816,0
2159,1837,0.4119687080383301,0
2159,3763,0.4189330041408539,0
2159,89,0.4089113473892212,0
2159,3707,0.4165578782558441,0
2159,2646,0.41187673807144165,0
2159,862,0.4150102138519287,0
2159,1489,0.41288378834724426,0
2159,2938,0.4107646942138672,0
2159,1487,0.4130900502204895,0
2159,2566,0.4107434153556824,0
653,653,0.41895943880081177,1
653,1066,0.4183720648288727,0
653,2274,0.4144672751426697,0
653,3053,0.4191412329673767,0
653,3240,0.4122485816478729,0
653,1748,0.417220801115036,0
653,3724,0.4212254285812378,0
653,3252,0.4284631609916687,0
653,2104,0.41464412212371826,0
653,2815,0.4140803813934326,0
653,3990,0.41707730293273926,0
653,4026,0.41526123881340027,0
653,968,0.4135757386684418,0
653,1221,0.420193612575531,0
653,3958,0.4186139702796936,0
653,3582,0.4233781397342682,0
653,3186,0.4194016754627228,0
653,2496,0.4182354211807251,0
653,518,0.4147402346134186,0
653,802,0.41545456647872925,0
3497,3497,0.407106876373291,1
3497,862,0.4145732522010803,0
3497,1452,0.41260290145874023,0
3497,1415,0.40998148918151855,0
3497,2995,0.4064224064350128,0
3497,2796,0.41027435660362244,0
3497,2110,0.4161286950111389,0
3497,1626,0.40742650628089905,0
3497,1294,0.4097512364387512,0
3497,2099,0.4151567816734314,0
3497,956,0.40337976813316345,0
3497,2643,0.4144590497016907,0
3497,2846,0.41640132665634155,0
3497,2053,0.407352089881897,0
3497,3097,0.40694737434387207,0
3497,377,0.40687933564186096,0
3497,765,0.41036197543144226,0
3497,2754,0.40967822074890137,0
3497,2840,0.4163218140602112,0
3497,3323,0.40496355295181274,0
1573,1573,0.4091663360595703,1
1573,2976,0.4152246415615082,0
1573,1028,0.41269707679748535,0
1573,1854,0.4107208251953125,0
1573,2251,0.41068243980407715,0
1573,2238,0.40941858291625977,0
1573,2892,0.4085666537284851,0
1573,3916,0.41549447178840637,0
1573,2348,0.4136348366737366,0
1573,274,0.41701972484588623,0
1573,218,0.40699702501296997,0
1573,63,0.4134894907474518,0
1573,1708,0.40895962715148926,0
1573,818,0.4110434353351593,0
1573,766,0.4130743741989136,0
1573,1974,0.4041978120803833,0
1573,726,0.4174951910972595,0
1573,1528,0.40708473324775696,0
1573,2146,0.41405022144317627,0
1573,1880,0.4116916358470917,0
995,995,0.40326568484306335,1
995,3651,0.4047015309333801,0
995,1433,0.40570834279060364,0
995,1341,0.40712982416152954,0
995,1974,0.39733099937438965,0
995,1754,0.41345512866973877,0
995,2315,0.404026061296463,0
995,1237,0.39950883388519287,0
995,824,0.3981465697288513,0
995,3483,0.40562450885772705,0
995,3157,0.4021306037902832,0
995,721,0.408247709274292,0
995,1903,0.4024903178215027,0
995,2392,0.4000638723373413,0
995,1673,0.4071931540966034,0
995,2091,0.403163343667984,0
995,1786,0.3987814784049988,0
995,3943,0.40902894735336304,0
995,1294,0.4035559594631195,0
995,897,0.3999466300010681,0
1465,1465,0.4225076735019684,1
1465,2868,0.4264567196369171,0
1465,3434,0.4224936366081238,0
1465,52,0.42159968614578247,0
1465,1773,0.42662301659584045,0
1465,1714,0.41787078976631165,0
1465,3647,0.41824743151664734,0
1465,4100,0.4290918707847595,0
1465,889,0.42071041464805603,0
1465,2469,0.4179861545562744,0
1465,2693,0.41934341192245483,0
1465,760,0.426258385181427,0
1465,2960,0.42376893758773804,0
1465,712,0.4208076298236847,0
1465,1176,0.41787993907928467,0
1465,3564,0.4253143072128296,0
1465,1314,0.42404496669769287,0
1465,3865,0.41892269253730774,0
1465,1526,0.4185637831687927,0
1465,394,0.4227495491504669,0
2933,2933,0.4256332516670227,1
2933,3972,0.4244289994239807,0
2933,222,0.427893728017807,0
2933,2451,0.4332254230976105,0
2933,3993,0.42209696769714355,0
2933,1409,0.41788387298583984,0
2933,1032,0.4176265001296997,0
2933,4140,0.4175433814525604,0
2933,605,0.42060723900794983,0
2933,478,0.42798686027526855,0
2933,864,0.41436636447906494,0
2933,2401,0.4230170249938965,0
2933,2036,0.4307709336280823,0
2933,1808,0.42601126432418823,0
2933,2615,0.42001253366470337,0
2933,3870,0.42016905546188354,0
2933,803,0.4153425991535187,0
2933,1586,0.41963744163513184,0
2933,714,0.418148398399353,0
2933,3314,0.4239596724510193,0
1931,1931,0.407865971326828,1
1931,4071,0.411482036113739,0
1931,295,0.4056297540664673,0
1931,2805,0.41068488359451294,0
1931,928,0.40880849957466125,0
1931,1465,0.4116900861263275,0
1931,3979,0.4074079692363739,0
1931,1677,0.40925300121307373,0
1931,515,0.41240960359573364,0
1931,92,0.40816575288772583,0
1931,3635,0.4105232059955597,0
1931,3602,0.4063749313354492,0
1931,2154,0.4080332815647125,0
1931,692,0.40670257806777954,0
1931,1599,0.4162314236164093,0
1931,789,0.40877145528793335,0
1931,1006,0.4090650677680969,0
1931,3705,0.4134162366390228,0
1931,2338,0.4106348752975464,0
1931,281,0.405909925699234,0
1399,1399,0.40898555517196655,1
1399,991,0.4159058928489685,0
1399,725,0.4137151539325714,0
1399,1239,0.41252318024635315,0
1399,807,0.41764765977859497,0
1399,1004,0.4072383642196655,0
1399,2171,0.4137805700302124,0
1399,1335,0.4110110402107239,0
1399,1513,0.41554343700408936,0
1399,130,0.40874147415161133,0
1399,2540,0.4103274345397949,0
1399,3218,0.4190863370895386,0
1399,3614,0.4080800414085388,0
1399,1609,0.4185507893562317,0
1399,2984,0.4085876941680908,0
1399,696,0.4002564549446106,0
1399,376,0.40956223011016846,0
1399,3451,0.41281574964523315,0
1399,2068,0.41053861379623413,0
1399,953,0.41182929277420044,0
3989,3989,0.4080708622932434,1
3989,827,0.4178394079208374,0
3989,3393,0.4133344888687134,0
3989,112,0.40744781494140625,0
3989,2979,0.40630194544792175,0
3989,2698,0.4169905185699463,0
3989,154,0.40178409218788147,0
3989,3917,0.4103403687477112,0
3989,1168,0.4070463180541992,0
3989,1335,0.41017240285873413,0
3989,2126,0.4093743562698364,0
3989,2420,0.4107248783111572,0
3989,3912,0.4147840142250061,0
3989,3268,0.4117332994937897,0
3989,3820,0.4053676128387451,0
3989,1711,0.41987401247024536,0
3989,633,0.4082186818122864,0
3989,793,0.42116856575012207,0
3989,1944,0.4088006019592285,0
3989,1328,0.412271112203598,0
593,593,0.41167744994163513,1
593,2693,0.40752696990966797,0
593,2211,0.40432772040367126,0
593,1705,0.40314486622810364,0
593,1274,0.4112943112850189,0
593,347,0.41071876883506775,0
593,1081,0.40544551610946655,0
593,2671,0.4098217487335205,0
593,2449,0.40608417987823486,0
593,3649,0.4055558443069458,0
593,3725,0.40619468688964844,0
593,2302,0.41488826274871826,0
593,99,0.4120897650718689,0
593,1575,0.40622976422309875,0
593,1372,0.4038168787956238,0
593,1701,0.4067050814628601,0
593,3904,0.4047609567642212,0
593,1856,0.4059382677078247,0
593,1621,0.4090005159378052,0
593,1252,0.4085294306278229,0
91,91,0.4154147207736969,1
91,1227,0.4192250669002533,0
91,845,0.4177592396736145,0
91,3120,0.4107818007469177,0
91,1213,0.414246141910553,0
91,1955,0.41569578647613525,0
91,1533,0.41373664140701294,0
91,1780,0.41412535309791565,0
91,530,0.4066324830055237,0
91,1065,0.41379988193511963,0
91,3021,0.4074522852897644,0
91,3823,0.42554399371147156,0
91,4107,0.40684422850608826,0
91,1866,0.4150421619415283,0
91,431,0.41454780101776123,0
91,2658,0.4173790514469147,0
91,2081,0.4100984036922455,0
91,1195,0.40709972381591797,0
91,1412,0.41134971380233765,0
91,2203,0.41777026653289795,0
1987,1987,0.4189392030239105,1
1987,267,0.40826624631881714,0
1987,2963,0.4154755473136902,0
1987,2512,0.41725215315818787,0
1987,2235,0.4213615357875824,0
1987,1976,0.4171489179134369,0
1987,2868,0.4203640818595886,0
1987,1925,0.4140979051589966,0
1987,1708,0.4119172692298889,0
1987,3312,0.41799604892730713,0
1987,943,0.4082460403442383,0
1987,189,0.41476818919181824,0
1987,3925,0.41815292835235596,0
1987,382,0.4113239645957947,0
1987,2892,0.4122135639190674,0
1987,3361,0.4158918559551239,0
1987,3855,0.4194638133049011,0
1987,2906,0.40884125232696533,0
1987,2989,0.4282839000225067,0
1987,1307,0.41698580980300903,0
1216,1216,0.40356969833374023,1
1216,649,0.40590929985046387,0
1216,2573,0.41436344385147095,0
1216,10,0.4136636555194855,0
1216,3886,0.42144834995269775,0
1216,1301,0.4104691743850708,0
1216,1314,0.41686999797821045,0
1216,4047,0.4124743938446045,0
1216,2230,0.4100632667541504,0
1216,3121,0.41521456837654114,0
1216,1873,0.4095434546470642,0
1216,4114,0.415041983127594,0
1216,2918,0.418390691280365,0
1216,3324,0.40866369009017944,0
1216,273,0.412344753742218,0
1216,184,0.410885751247406,0
1216,1241,0.4145551323890686,0
1216,54,0.4206531047821045,0
1216,1436,0.4124240279197693,0
1216,588,0.4191749393939972,0
2562,2562,0.4121604561805725,1
2562,2952,0.4160010814666748,0
2562,1422,0.40624916553497314,0
2562,913,0.41328954696655273,0
2562,2763,0.41100722551345825,0
2562,684,0.4110894203186035,0
2562,1587,0.40873247385025024,0
2562,1617,0.42225903272628784,0
2562,1110,0.40948837995529175,0
2562,2909,0.4166485071182251,0
2562,867,0.4127161502838135,0
2562,1741,0.4089839458465576,0
2562,3093,0.4179433584213257,0
2562,568,0.4145117402076721,0
2562,2413,0.4169003963470459,0
2562,3546,0.4229763150215149,0
2562,225,0.42278772592544556,0
2562,2452,0.414283812046051,0
2562,2057,0.414669930934906,0
2562,1089,0.4219942092895508,0
2861,2861,0.4040318429470062,1
2861,612,0.40719982981681824,0
2861,2046,0.4017523527145386,0
2861,2210,0.4060070812702179,0
2861,1843,0.4151872992515564,0
2861,3865,0.4033298194408417,0
2861,963,0.40325236320495605,0
2861,2829,0.40217000246047974,0
2861,2509,0.40353405475616455,0
2861,3174,0.40064704418182373,0
2861,1625,0.40432971715927124,0
2861,2364,0.4036398231983185,0
2861,980,0.3955690264701843,0
2861,3722,0.40423446893692017,0
2861,1034,0.40542691946029663,0
2861,3650,0.40852034091949463,0
2861,3832,0.4086906313896179,0
2861,3859,0.4038729965686798,0
2861,2185,0.4063931107521057,0
2861,2068,0.40255242586135864,0
3209,3209,0.4140995144844055,1
3209,1431,0.4157438576221466,0
3209,1099,0.4100841283798218,0
3209,876,0.4082685708999634,0
3209,1870,0.4148198366165161,0
3209,2024,0.40847474336624146,0
3209,929,0.41985177993774414,0
3209,2790,0.42287731170654297,0
3209,1297,0.4134160876274109,0
3209,4061,0.41427186131477356,0
3209,1258,0.41016340255737305,0
3209,1444,0.4127553403377533,0
3209,438,0.4142601490020752,0
3209,2953,0.4134146571159363,0
3209,1310,0.42302656173706055,0
3209,783,0.4101540446281433,0
3209,4023,0.4132857322692871,0
3209,2637,0.41211819648742676,0
3209,468,0.41053491830825806,0
3209,760,0.4203968644142151,0
1936,1936,0.4108404517173767,1
1936,1941,0.41641953587532043,0
1936,593,0.41402775049209595,0
1936,2051,0.4090935289859772,0
1936,2865,0.4149382710456848,0
1936,3279,0.40574127435684204,0
1936,1872,0.4175350069999695,0
1936,1642,0.410159170627594,0
1936,1001,0.40638184547424316,0
1936,3935,0.41033047437667847,0
1936,1796,0.41114503145217896,0
1936,405,0.4132019877433777,0
1936,3042,0.40789860486984253,0
1936,2943,0.4096723198890686,0
1936,3586,0.40797752141952515,0
1936,1722,0.4135853052139282,0
1936,4141,0.4090186059474945,0
1936,3750,0.4105216860771179,0
1936,74,0.4102846086025238,0
1936,629,0.4135422110557556,0
3977,3977,0.42785876989364624,1
3977,3875,0.41872406005859375,0
3977,195,0.4126652479171753,0
3977,2658,0.42740315198898315,0
3977,3269,0.42438310384750366,0
3977,3258,0.416184663772583,0
3977,813,0.4412345588207245,0
3977,1547,0.4324079155921936,0
3977,2853,0.43708908557891846,0
3977,1092,0.42483147978782654,0
3977,1860,0.41905397176742554,0
3977,3343,0.41640543937683105,0
3977,3747,0.4209086298942566,0
3977,2324,0.4285885989665985,0
3977,3930,0.4202123284339905,0
3977,4116,0.418369323015213,0
3977,932,0.4277714490890503,0
3977,2615,0.42138195037841797,0
3977,751,0.42437490820884705,0
3977,3795,0.42204856872558594,0
3709,3709,0.4122811555862427,1
3709,2107,0.4065200686454773,0
3709,1071,0.41514506936073303,0
3709,1299,0.4131599962711334,0
3709,3691,0.4207949936389923,0
3709,1671,0.41545045375823975,0
3709,3472,0.41342467069625854,0
3709,3783,0.41176891326904297,0
3709,3333,0.4127808213233948,0
3709,3848,0.4139801263809204,0
3709,2432,0.41090714931488037,0
3709,308,0.41670089960098267,0
3709,228,0.41098931431770325,0
3709,2106,0.4099592864513397,0
3709,2992,0.4102768301963806,0
3709,1645,0.41421523690223694,0
3709,1382,0.4065871238708496,0
3709,3169,0.40747809410095215,0
3709,3757,0.4064001441001892,0
3709,1799,0.41919636726379395,0
3488,3488,0.42462995648384094,1
3488,399,0.4152117967605591,0
3488,1896,0.4075165390968323,0
3488,3747,0.4123294949531555,0
3488,3063,0.4092250466346741,0
3488,3338,0.41561466455459595,0
3488,3346,0.4125748872756958,0
3488,3497,0.4121764302253723,0
3488,2183,0.41464054584503174,0
3488,3264,0.41653817892074585,0
3488,489,0.4171566069126129,0
3488,1752,0.41780972480773926,0
3488,1694,0.41078463196754456,0
3488,3017,0.4122646450996399,0
3488,3432,0.4163765609264374,0
3488,1476,0.40891408920288086,0
3488,1029,0.4106054902076721,0
3488,5,0.4167972207069397,0
3488,1921,0.415706992149353,0
3488,3565,0.41798046231269836,0
1776,1776,0.40455061197280884,1
1776,629,0.4137541651725769,0
1776,2560,0.41054266691207886,0
1776,3036,0.40707722306251526,0
1776,3032,0.41389593482017517,0
1776,1564,0.4088357985019684,0
1776,853,0.41168659925460815,0
1776,707,0.4130179286003113,0
1776,2653,0.40564805269241333,0
1776,2528,0.4110288619995117,0
1776,3460,0.4044466018676758,0
1776,445,0.410567045211792,0
1776,3214,0.415482759475708,0
1776,1047,0.4140310287475586,0
1776,863,0.40935570001602173,0
1776,2418,0.4148344397544861,0
1776,153,0.4081684350967407,0
1776,1968,0.40727153420448303,0
1776,2619,0.41161805391311646,0
1776,1212,0.4055732190608978,0
535,535,0.41291481256484985,1
535,763,0.40217477083206177,0
535,3897,0.4157222509384155,0
535,2011,0.410868763923645,0
535,4080,0.40756428241729736,0
535,959,0.41109609603881836,0
535,1676,0.4115000367164612,0
535,2519,0.41150200366973877,0
535,1314,0.4157024323940277,0
535,1067,0.4104316830635071,0
535,2148,0.4147754907608032,0
535,2862,0.41048377752304077,0
535,2353,0.40953493118286133,0
535,2198,0.41315194964408875,0
535,591,0.4184199571609497,0
535,817,0.41695713996887207,0
535,755,0.4072369933128357,0
535,3011,0.40764734148979187,0
535,303,0.4098051190376282,0
535,1608,0.41083937883377075,0
887,887,0.4049721956253052,1
887,1681,0.42408519983291626,0
887,672,0.40875595808029175,0
887,741,0.4180369973182678,0
887,3251,0.4085080027580261,0
887,4086,0.40389126539230347,0
887,124,0.4116256833076477,0
887,156,0.4124642014503479,0
887,2218,0.40970557928085327,0
887,1815,0.40655505657196045,0
887,3040,0.4110807776451111,0
887,1816,0.4161698818206787,0
887,2455,0.411903977394104,0
887,2922,0.41563665866851807,0
887,3594,0.4069730341434479,0
887,2379,0.4160976707935333,0
887,1248,0.4058203399181366,0
887,3216,0.41096723079681396,0
887,1161,0.4117787480354309,0
887,1929,0.41619405150413513,0
2106,2106,0.41708144545555115,1
2106,3352,0.42091822624206543,0
2106,4130,0.416187047958374,0
2106,3900,0.415221631526947,0
2106,917,0.4239761233329773,0
2106,832,0.42429018020629883,0
2106,3508,0.4221903085708618,0
2106,4172,0.4240771532058716,0
2106,164,0.417979896068573,0
2106,3875,0.4137783348560333,0
2106,3144,0.4214949905872345,0
2106,3249,0.42535167932510376,0
2106,635,0.42309069633483887,0
2106,718,0.4181598126888275,0
2106,376,0.41617318987846375,0
2106,4031,0.4171012341976166,0
2106,2893,0.4175063371658325,0
2106,1355,0.41979095339775085,0
2106,176,0.4229719042778015,0
2106,2026,0.41745877265930176,0
2169,2169,0.41665905714035034,1
2169,3657,0.4128129184246063,0
2169,3971,0.42095643281936646,0
2169,3849,0.4244638681411743,0
2169,2228,0.4153692126274109,0
2169,3023,0.41928184032440186,0
2169,823,0.4140624403953552,0
2169,2537,0.41289567947387695,0
2169,3833,0.41086387634277344,0
2169,2663,0.41580745577812195,0
2169,59,0.4196072220802307,0
2169,2677,0.423177570104599,0
2169,3549,0.41926395893096924,0
2169,3233,0.42706412076950073,0
2169,2751,0.4200842082500458,0
2169,1464,0.4133203625679016,0
2169,3889,0.4138295352458954,0
2169,2519,0.41645318269729614,0
2169,1381,0.4124711751937866,0
2169,774,0.41762542724609375,0
3867,3867,0.41861945390701294,1
3867,3489,0.41392385959625244,0
3867,2525,0.4174736738204956,0
3867,1236,0.4063833951950073,0
3867,2620,0.41623586416244507,0
3867,1653,0.4193265736103058,0
3867,3671,0.4135216474533081,0
3867,978,0.41144245862960815,0
3867,1848,0.4141519367694855,0
3867,3919,0.4135110378265381,0
3867,375,0.40826934576034546,0
3867,128,0.40956488251686096,0
3867,422,0.41079503297805786,0
3867,3177,0.41597044467926025,0
3867,3507,0.41136789321899414,0
3867,3894,0.4147909879684448,0
3867,574,0.41676706075668335,0
3867,501,0.4072214961051941,0
3867,3390,0.4140547513961792,0
3867,2743,0.41569381952285767,0
3493,3493,0.41734978556632996,1
3493,1242,0.4264701008796692,0
3493,218,0.4175625145435333,0
3493,3942,0.4220030903816223,0
3493,3601,0.41745150089263916,0
3493,1028,0.4232838451862335,0
3493,1342,0.4230690002441406,0
3493,1218,0.41915157437324524,0
3493,2024,0.41530975699424744,0
3493,2193,0.42019277811050415,0
3493,1812,0.41586241126060486,0
3493,1205,0.4192056655883789,0
3493,3681,0.41670650243759155,0
3493,403,0.4239570200443268,0
3493,1279,0.41553372144699097,0
3493,3285,0.4195849299430847,0
3493,3984,0.4185970425605774,0
3493,2159,0.4173471927642822,0
3493,3490,0.4150404632091522,0
3493,2057,0.4202783703804016,0
603,603,0.42412054538726807,1
603,1839,0.42260584235191345,0
603,2249,0.42404910922050476,0
603,81,0.41436952352523804,0
603,2448,0.4111848473548889,0
603,3722,0.4155866503715515,0
603,791,0.41269123554229736,0
603,4141,0.41433393955230713,0
603,110,0.4125298857688904,0
603,3435,0.4245244264602661,0
603,1887,0.4117829203605652,0
603,3270,0.41433870792388916,0
603,1922,0.41552290320396423,0
603,228,0.4141573905944824,0
603,3528,0.41046953201293945,0
603,1672,0.4065213203430176,0
603,3709,0.4156234562397003,0
603,3878,0.41168612241744995,0
603,587,0.4148945212364197,0
603,1243,0.4139174222946167,0
2556,2556,0.4174058139324188,1
2556,1496,0.42912185192108154,0
2556,2316,0.4189484715461731,0
2556,1233,0.4210873246192932,0
2556,2656,0.41737279295921326,0
2556,3679,0.41882002353668213,0
2556,497,0.4265950918197632,0
2556,3302,0.42146679759025574,0
2556,4141,0.41879740357398987,0
2556,3539,0.4170185923576355,0
2556,2991,0.41754046082496643,0
2556,2183,0.41893136501312256,0
2556,1789,0.4139678478240967,0
2556,3727,0.4229310154914856,0
2556,4107,0.41361409425735474,0
2556,2230,0.41685599088668823,0
2556,1651,0.42238521575927734,0
2556,660,0.4251312017440796,0
2556,3742,0.42005521059036255,0
2556,3691,0.4290142059326172,0
1638,1638,0.41544777154922485,1
1638,2628,0.42340344190597534,0
1638,839,0.41352716088294983,0
1638,3824,0.41449469327926636,0
1638,524,0.4223293662071228,0
1638,1624,0.422271728515625,0
1638,1418,0.4211444556713104,0
1638,941,0.42145591974258423,0
1638,2484,0.42889946699142456,0
1638,2607,0.4248434901237488,0
1638,1070,0.4236196279525757,0
1638,1659,0.4240596890449524,0
1638,1928,0.41947340965270996,0
1638,3335,0.41574954986572266,0
1638,548,0.41478991508483887,0
1638,759,0.42763516306877136,0
1638,1907,0.4240992069244385,0
1638,2446,0.4171285033226013,0
1638,3809,0.4244418144226074,0
1638,3018,0.42261266708374023,0
246,246,0.407027006149292,1
246,498,0.4170726537704468,0
246,372,0.417287677526474,0
246,202,0.4100953936576843,0
246,1555,0.41712796688079834,0
246,554,0.42014655470848083,0
246,4117,0.41799044609069824,0
246,1917,0.4099738299846649,0
246,2770,0.4164653718471527,0
246,1769,0.4256773591041565,0
246,56,0.41325390338897705,0
246,2716,0.41059887409210205,0
246,733,0.42312222719192505,0
246,3504,0.4178820252418518,0
246,284,0.4219955801963806,0
246,2489,0.4239124059677124,0
246,1256,0.41409170627593994,0
246,2000,0.42228448390960693,0
246,2557,0.413297176361084,0
246,3118,0.4179609417915344,0
1775,1775,0.42754143476486206,1
1775,3245,0.4235074520111084,0
1775,1176,0.4204954504966736,0
1775,494,0.4213189482688904,0
1775,3963,0.4267280697822571,0
1775,2848,0.41684380173683167,0
1775,594,0.4159351587295532,0
1775,2485,0.42214447259902954,0
1775,3501,0.4248415231704712,0
1775,2305,0.41782861948013306,0
1775,2117,0.4270716607570648,0
1775,2419,0.4255998432636261,0
1775,518,0.42143258452415466,0
1775,292,0.4177960157394409,0
1775,188,0.4317600131034851,0
1775,2178,0.4136623740196228,0
1775,3905,0.422573447227478,0
1775,1053,0.4202321171760559,0
1775,2307,0.41825243830680847,0
1775,3442,0.426585853099823,0
4040,4040,0.41883254051208496,1
4040,340,0.41702061891555786,0
4040,605,0.41793984174728394,0
4040,3194,0.42757758498191833,0
4040,2002,0.42788875102996826,0
4040,3640,0.41376179456710815,0
4040,66,0.41467952728271484,0
4040,2841,0.4175228476524353,0
4040,623,0.4174949526786804,0
4040,1880,0.42013120651245117,0
4040,122,0.42445439100265503,0
4040,2332,0.41727739572525024,0
4040,2778,0.4142162501811981,0
4040,1473,0.4238363802433014,0
4040,1291,0.4189218282699585,0
4040,3342,0.4311888813972473,0
4040,861,0.4217680096626282,0
4040,1159,0.4208211898803711,0
4040,1283,0.4278405010700226,0
4040,1550,0.4239645004272461,0
3733,3733,0.409074991941452,1
3733,1275,0.4171634316444397,0
3733,3623,0.41315799951553345,0
3733,2428,0.4117122292518616,0
3733,2237,0.41945019364356995,0
3733,963,0.41375401616096497,0
3733,2864,0.4163394868373871,0
3733,1670,0.42129817605018616,0
3733,132,0.42181622982025146,0
3733,2817,0.410404235124588,0
3733,2962,0.41474393010139465,0
3733,1840,0.4187172055244446,0
3733,2978,0.40985897183418274,0
3733,3302,0.41635945439338684,0
3733,2007,0.4161706566810608,0
3733,2358,0.4187568426132202,0
3733,2835,0.41720157861709595,0
3733,3332,0.4084755480289459,0
3733,1785,0.4224398136138916,0
3733,1859,0.41505998373031616,0
414,414,0.4111315608024597,1
414,3221,0.41909632086753845,0
414,1115,0.41059255599975586,0
414,230,0.4100887179374695,0
414,87,0.41133713722229004,0
414,815,0.4108158349990845,0
414,386,0.4143989086151123,0
414,653,0.41397416591644287,0
414,385,0.405150830745697,0
414,203,0.411273717880249,0
414,1150,0.40681391954421997,0
414,3102,0.40031927824020386,0
414,1523,0.41178327798843384,0
414,1118,0.414095014333725,0
414,1468,0.4054240882396698,0
414,4083,0.4172413945198059,0
414,2483,0.40184393525123596,0
414,535,0.41287553310394287,0
414,3386,0.4249314069747925,0
414,737,0.40762338042259216,0
630,630,0.41445040702819824,1
630,3822,0.4163852334022522,0
630,1564,0.4076051115989685,0
630,2678,0.4106001853942871,0
630,3417,0.4094927906990051,0
630,4159,0.4062843918800354,0
630,3689,0.4095466434955597,0
630,1201,0.4107278287410736,0
630,12,0.40702277421951294,0
630,2091,0.40913182497024536,0
630,3834,0.41983914375305176,0
630,3625,0.4099273681640625,0
630,9,0.4167170822620392,0
630,3545,0.4148789346218109,0
630,1493,0.4125511944293976,0
630,307,0.41552987694740295,0
630,3894,0.40858668088912964,0
630,3004,0.41056185960769653,0
630,3145,0.4145039916038513,0
630,1714,0.4076744019985199,0
1718,1718,0.41422125697135925,1
1718,45,0.4219476282596588,0
1718,1352,0.4257649779319763,0
1718,3643,0.4128543436527252,0
1718,1085,0.4175386130809784,0
1718,4123,0.4080517292022705,0
1718,1614,0.4077237844467163,0
1718,3202,0.4079773426055908,0
1718,3706,0.4120193123817444,0
1718,1359,0.4131372570991516,0
1718,736,0.4174833595752716,0
1718,2135,0.41017892956733704,0
1718,639,0.4170380234718323,0
1718,2680,0.42025506496429443,0
1718,1174,0.42063623666763306,0
1718,2163,0.4083629846572876,0
1718,1172,0.4098060131072998,0
1718,1185,0.4133050739765167,0
1718,3411,0.41913944482803345,0
1718,4169,0.4096311330795288,0
2379,2379,0.41927680373191833,1
2379,284,0.41755402088165283,0
2379,3186,0.41523030400276184,0
2379,3511,0.4048868417739868,0
2379,1114,0.40901216864585876,0
2379,1032,0.4085046052932739,0
2379,930,0.4123368561267853,0
2379,2439,0.409631609916687,0
2379,3269,0.41281577944755554,0
2379,301,0.411588191986084,0
2379,1388,0.41890469193458557,0
2379,4080,0.40917497873306274,0
2379,1787,0.4098009467124939,0
2379,1096,0.41464799642562866,0
2379,2019,0.4115159213542938,0
2379,3103,0.4060809314250946,0
2379,2610,0.40737220644950867,0
2379,2357,0.41562771797180176,0
2379,4128,0.41411662101745605,0
2379,559,0.41367852687835693,0
73,73,0.419695645570755,1
73,3409,0.41733866930007935,0
73,14,0.41486290097236633,0
73,592,0.41595467925071716,0
73,1976,0.42142418026924133,0
73,2556,0.41524726152420044,0
73,361,0.41442301869392395,0
73,2379,0.4250003397464752,0
73,240,0.413881778717041,0
73,2833,0.4162028729915619,0
73,3467,0.4248988628387451,0
73,2405,0.4181736707687378,0
73,2454,0.4236374497413635,0
73,3949,0.4114997982978821,0
73,658,0.42140161991119385,0
73,2602,0.4139833152294159,0
73,1646,0.41962891817092896,0
73,3775,0.4235200881958008,0
73,2212,0.41582348942756653,0
73,2468,0.42601901292800903,0
898,898,0.41250595450401306,1
898,576,0.4119628071784973,0
898,1334,0.4164888262748718,0
898,241,0.41308096051216125,0
898,2642,0.4136657118797302,0
898,1603,0.413799524307251,0
898,206,0.41410839557647705,0
898,3714,0.4160112142562866,0
898,524,0.4178448021411896,0
898,2220,0.4118766784667969,0
898,3904,0.41232073307037354,0
898,2300,0.4117564260959625,0
898,3046,0.41556644439697266,0
898,475,0.4171585440635681,0
898,3057,0.41641589999198914,0
898,2332,0.41351085901260376,0
898,1916,0.4194902777671814,0
898,2870,0.4151540994644165,0
898,719,0.4126738905906677,0
898,4039,0.41831547021865845,0
1014,1014,0.4110202491283417,1
1014,2630,0.40336519479751587,0
1014,1704,0.41070830821990967,0
1014,1883,0.4100123643875122,0
1014,3896,0.4095637798309326,0
1014,1753,0.4071700870990753,0
1014,1206,0.3992394506931305,0
1014,1758,0.41089046001434326,0
1014,2068,0.406377911567688,0
1014,120,0.41070932149887085,0
1014,4081,0.4073218107223511,0
1014,2814,0.4042237401008606,0
1014,2524,0.4103351831436157,0
1014,1838,0.4043274521827698,0
1014,1097,0.40861934423446655,0
1014,4118,0.4040820002555847,0
1014,3034,0.41450220346450806,0
1014,616,0.4050724506378174,0
1014,18,0.39958351850509644,0
1014,602,0.41231727600097656,0
3385,3385,0.42136842012405396,1
3385,399,0.41222766041755676,0
3385,1737,0.41179603338241577,0
3385,1908,0.41103798151016235,0
3385,243,0.4084104299545288,0
3385,2291,0.4146609604358673,0
3385,3211,0.40810903906822205,0
3385,3249,0.4199499189853668,0
3385,640,0.4104122221469879,0
3385,1629,0.4131474792957306,0
3385,103,0.415299654006958,0
3385,1055,0.41278955340385437,0
3385,2145,0.4148179888725281,0
3385,2761,0.4103221297264099,0
3385,3966,0.40233397483825684,0
3385,748,0.41013339161872864,0
3385,3219,0.4126155376434326,0
3385,3512,0.4132351279258728,0
3385,3140,0.41352277994155884,0
3385,3970,0.4190543293952942,0
649,649,0.40827080607414246,1
649,311,0.40730220079421997,0
649,1543,0.4180808663368225,0
649,261,0.4155242443084717,0
649,1020,0.4091635048389435,0
649,2239,0.41509175300598145,0
649,820,0.4132782518863678,0
649,907,0.4154053330421448,0
649,3674,0.4221842288970947,0
649,2838,0.41862180829048157,0
649,322,0.4223054051399231,0
649,4048,0.41860198974609375,0
649,897,0.41176122426986694,0
649,38,0.4136791229248047,0
649,573,0.4193897843360901,0
649,2746,0.4173780679702759,0
649,3979,0.41307222843170166,0
649,2565,0.41740289330482483,0
649,863,0.4133520722389221,0
649,2419,0.41794082522392273,0
1946,1946,0.4226008653640747,1
1946,1623,0.4178386926651001,0
1946,1973,0.41810259222984314,0
1946,1214,0.42676761746406555,0
1946,1819,0.4242875576019287,0
1946,1133,0.420083224773407,0
1946,2726,0.41613033413887024,0
1946,4046,0.4214356541633606,0
1946,1680,0.41962191462516785,0
1946,1848,0.4213327169418335,0
1946,3766,0.4259827435016632,0
1946,3097,0.41784173250198364,0
1946,2803,0.4279707074165344,0
1946,2715,0.41602206230163574,0
1946,4138,0.42517468333244324,0
1946,2198,0.4237041771411896,0
1946,1536,0.4209916591644287,0
1946,3489,0.4215586185455322,0
1946,3963,0.4252042770385742,0
1946,3655,0.4228944182395935,0
3981,3981,0.416628360748291,1
3981,2170,0.41810476779937744,0
3981,3153,0.4171714186668396,0
3981,470,0.42042267322540283,0
3981,1221,0.42280787229537964,0
3981,3592,0.41601306200027466,0
3981,453,0.41648295521736145,0
3981,786,0.4141544699668884,0
3981,149,0.42803341150283813,0
3981,2579,0.42209362983703613,0
3981,3071,0.4077683389186859,0
3981,1567,0.4170616865158081,0
3981,193,0.4215855896472931,0
3981,3946,0.4169420599937439,0
3981,2284,0.42092835903167725,0
3981,2406,0.41720151901245117,0
3981,2929,0.4208037853240967,0
3981,2070,0.41459354758262634,0
3981,1682,0.4189874529838562,0
3981,448,0.41641363501548767,0
809,809,0.40860942006111145,1
809,2404,0.40889543294906616,0
809,2994,0.4188951253890991,0
809,1605,0.40974685549736023,0
809,4137,0.4100205600261688,0
809,456,0.41754335165023804,0
809,1980,0.40685808658599854,0
809,680,0.41672343015670776,0
809,1651,0.41339734196662903,0
809,2856,0.41247308254241943,0
809,719,0.4087981581687927,0
809,2444,0.40636178851127625,0
809,4049,0.40754473209381104,0
809,2075,0.4179845452308655,0
809,70,0.41618072986602783,0
809,3272,0.41103851795196533,0
809,2714,0.41257351636886597,0
809,3807,0.4162834584712982,0
809,3644,0.4178350567817688,0
809,1948,0.4150334298610687,0
2008,2008,0.4155102074146271,1
2008,39,0.4182851314544678,0
2008,547,0.4075451195240021,0
2008,3650,0.41900235414505005,0
2008,3123,0.40802353620529175,0
2008,2885,0.41938814520835876,0
2008,4144,0.4137691855430603,0
2008,520,0.41779887676239014,0
2008,3940,0.4161883592605591,0
2008,421,0.4137510657310486,0
2008,958,0.4134652018547058,0
2008,385,0.408450722694397,0
2008,1883,0.41647565364837646,0
2008,3365,0.41666460037231445,0
2008,2652,0.41848599910736084,0
2008,356,0.42025449872016907,0
2008,3472,0.4170193374156952,0
2008,3185,0.41722577810287476,0
2008,151,0.4190806448459625,0
2008,2348,0.417954683303833,0
2694,2694,0.4122922420501709,1
2694,2099,0.41558030247688293,0
2694,3383,0.4104871451854706,0
2694,1238,0.41904348134994507,0
2694,3884,0.4120594263076782,0
2694,2962,0.4109693169593811,0
2694,2007,0.4117993712425232,0
2694,2422,0.4079093039035797,0
2694,3963,0.4146117568016052,0
2694,1662,0.4105861783027649,0
2694,2059,0.4050390124320984,0
2694,1757,0.412056565284729,0
2694,3276,0.4105287194252014,0
2694,2280,0.4185352325439453,0
2694,2564,0.4048732817173004,0
2694,1813,0.4128779172897339,0
2694,367,0.41852039098739624,0
2694,3686,0.4102635383605957,0
2694,3294,0.4043610692024231,0
2694,522,0.41639137268066406,0
3327,3327,0.40484532713890076,1
3327,3406,0.40789490938186646,0
3327,2822,0.4074908494949341,0
3327,1195,0.40083950757980347,0
3327,3948,0.4046858251094818,0
3327,1501,0.41097643971443176,0
3327,3995,0.40928083658218384,0
3327,1378,0.4097527861595154,0
3327,3140,0.40878504514694214,0
3327,177,0.4037512540817261,0
3327,3795,0.40593865513801575,0
3327,1535,0.4132454991340637,0
3327,3489,0.406037300825119,0
3327,4020,0.4074367880821228,0
3327,2176,0.40811121463775635,0
3327,1910,0.39679211378097534,0
3327,2668,0.40813779830932617,0
3327,2989,0.41867464780807495,0
3327,1573,0.4045320749282837,0
3327,2286,0.40576308965682983,0
3268,3268,0.41616418957710266,1
3268,3190,0.42778390645980835,0
3268,3005,0.41155195236206055,0
3268,2024,0.41049858927726746,0
3268,182,0.41186046600341797,0
3268,2301,0.42636680603027344,0
3268,1093,0.41425657272338867,0
3268,3668,0.4196227788925171,0
3268,3753,0.4111338257789612,0
3268,2916,0.4184601902961731,0
3268,937,0.4237332046031952,0
3268,3644,0.4232739210128784,0
3268,2851,0.41461265087127686,0
3268,2775,0.413051962852478,0
3268,2525,0.41948530077934265,0
3268,154,0.40608280897140503,0
3268,1728,0.4128780663013458,0
3268,2062,0.4203317165374756,0
3268,3967,0.41989678144454956,0
3268,3183,0.41412442922592163,0
2493,2493,0.39909541606903076,1
2493,2008,0.4067978262901306,0
2493,984,0.4050569534301758,0
2493,1436,0.40647637844085693,0
2493,43,0.4035685062408447,0
2493,3572,0.40891528129577637,0
2493,1575,0.4045323431491852,0
2493,833,0.40395063161849976,0
2493,321,0.4007852077484131,0
2493,962,0.4109499156475067,0
2493,2115,0.4029858708381653,0
2493,1676,0.4075000286102295,0
2493,2298,0.405719518661499,0
2493,3919,0.4059562683105469,0
2493,863,0.4053995907306671,0
2493,1646,0.4078241288661957,0
2493,2966,0.4130699336528778,0
2493,2190,0.40724533796310425,0
2493,826,0.4147162437438965,0
2493,215,0.4125731587409973,0
1039,1039,0.41866835951805115,1
1039,1538,0.4206699728965759,0
1039,3358,0.41246452927589417,0
1039,2998,0.41767609119415283,0
1039,2392,0.4124603867530823,0
1039,2829,0.41388243436813354,0
1039,3971,0.4209755063056946,0
1039,2509,0.4151698350906372,0
1039,3922,0.4058067798614502,0
1039,652,0.4206879734992981,0
1039,3122,0.41431716084480286,0
1039,3763,0.4256352186203003,0
1039,3360,0.41667455434799194,0
1039,1636,0.4128339886665344,0
1039,1561,0.41048645973205566,0
1039,3491,0.4276985228061676,0
1039,3807,0.42168253660202026,0
1039,671,0.423915833234787,0
1039,1676,0.4162684381008148,0
1039,514,0.41396886110305786,0
711,711,0.4281028211116791,1
711,2881,0.4110158681869507,0
711,823,0.41965559124946594,0
711,737,0.4176672697067261,0
711,1651,0.42443016171455383,0
711,641,0.42608511447906494,0
711,3965,0.428345650434494,0
711,1336,0.41785693168640137,0
711,1127,0.42125803232192993,0
711,3117,0.4212074279785156,0
711,94,0.4200330376625061,0
711,3249,0.4279846251010895,0
711,1766,0.419452428817749,0
711,2765,0.4212825298309326,0
711,2920,0.42459622025489807,0
711,2154,0.4202965795993805,0
711,1313,0.4204390347003937,0
711,2692,0.4210968613624573,0
711,1447,0.42277467250823975,0
711,2379,0.4292656183242798,0
3118,3118,0.4150923192501068,1
3118,1226,0.4138052761554718,0
3118,556,0.41317692399024963,0
3118,3693,0.4187883734703064,0
3118,4102,0.40699303150177,0
3118,3283,0.4125615358352661,0
3118,1925,0.4136853814125061,0
3118,2906,0.40941303968429565,0
3118,3344,0.4159267246723175,0
3118,3539,0.41097646951675415,0
3118,1750,0.41246169805526733,0
3118,1176,0.4126773476600647,0
3118,2333,0.4153096675872803,0
3118,3466,0.4128921329975128,0
3118,2980,0.4107910394668579,0
3118,1342,0.4160052537918091,0
3118,840,0.41302910447120667,0
3118,3282,0.42088302969932556,0
3118,613,0.4160647690296173,0
3118,2193,0.413690447807312,0
2388,2388,0.40828800201416016,1
2388,1355,0.41379016637802124,0
2388,1430,0.4083710014820099,0
2388,2026,0.4118604362010956,0
2388,188,0.4207150936126709,0
2388,377,0.40945303440093994,0
2388,720,0.41263914108276367,0
2388,74,0.41289573907852173,0
2388,1420,0.4175845682621002,0
2388,2420,0.411240816116333,0
2388,990,0.4129639267921448,0
2388,2801,0.4107632040977478,0
2388,2965,0.4125235974788666,0
2388,480,0.4085146486759186,0
2388,2728,0.41028839349746704,0
2388,65,0.4134241044521332,0
2388,3832,0.4166760742664337,0
2388,3190,0.4244794249534607,0
2388,4156,0.41113796830177307,0
2388,605,0.4117315411567688,0
1887,1887,0.41060900688171387,1
1887,2484,0.42308393120765686,0
1887,2106,0.41242319345474243,0
1887,655,0.4147286117076874,0
1887,3728,0.4082815647125244,0
1887,2230,0.4114421308040619,0
1887,17,0.4229304790496826,0
1887,2980,0.4105290472507477,0
1887,1672,0.4046452045440674,0
1887,2478,0.42548781633377075,0
1887,2603,0.4197540283203125,0
1887,174,0.4144951105117798,0
1887,3066,0.4098673462867737,0
1887,979,0.4170970320701599,0
1887,1868,0.4196891188621521,0
1887,3655,0.4161542057991028,0
1887,214,0.4152824878692627,0
1887,817,0.4206869602203369,0
1887,3846,0.41015321016311646,0
1887,811,0.41046518087387085,0
1720,1720,0.4097912907600403,1
1720,3459,0.4172404408454895,0
1720,1304,0.41123175621032715,0
1720,2969,0.41729846596717834,0
1720,4028,0.4143548607826233,0
1720,2844,0.41676926612854004,0
1720,2381,0.4069315791130066,0
1720,3943,0.4176003336906433,0
1720,2799,0.4137945771217346,0
1720,2384,0.4134075343608856,0
1720,3334,0.4023092985153198,0
1720,971,0.4133247137069702,0
1720,1971,0.41302213072776794,0
1720,3912,0.41500139236450195,0
1720,3141,0.4166490435600281,0
1720,2744,0.4099007248878479,0
1720,3881,0.40615785121917725,0
1720,3266,0.41018033027648926,0
1720,47,0.40925541520118713,0
1720,1347,0.40925607085227966,0
1968,1968,0.4049299657344818,1
1968,2363,0.4157377779483795,0
1968,847,0.4060663878917694,0
1968,2449,0.40583616495132446,0
1968,3022,0.4107500910758972,0
1968,310,0.40358251333236694,0
1968,1908,0.40641695261001587,0
1968,2713,0.409564346075058,0
1968,3064,0.40489882230758667,0
1968,1864,0.40755584836006165,0
1968,346,0.40371963381767273,0
1968,447,0.4171578288078308,0
1968,3922,0.39876407384872437,0
1968,2569,0.40996408462524414,0
1968,635,0.4122350811958313,0
1968,4126,0.403791606426239,0
1968,1071,0.4109615087509155,0
1968,1521,0.40400734543800354,0
1968,2450,0.41326087713241577,0
1968,1735,0.40402960777282715,0
384,384,0.41570770740509033,1
384,177,0.4113321006298065,0
384,3131,0.41341885924339294,0
384,74,0.4142560064792633,0
384,1780,0.41522520780563354,0
384,973,0.4118764400482178,0
384,4035,0.4159865379333496,0
384,3048,0.41692742705345154,0
384,697,0.4139255881309509,0
384,299,0.4207717180252075,0
384,562,0.412255197763443,0
384,1103,0.4154971241950989,0
384,3171,0.4093741476535797,0
384,3807,0.41912901401519775,0
384,1666,0.4105954170227051,0
384,3859,0.4130157232284546,0
384,1600,0.4164276123046875,0
384,3465,0.41642335057258606,0
384,1907,0.41790878772735596,0
384,1899,0.42490822076797485,0
1404,1404,0.40411287546157837,1
1404,2449,0.4053570032119751,0
1404,2837,0.4065930247306824,0
1404,3431,0.40963995456695557,0
1404,3220,0.4123378396034241,0
1404,1031,0.40087443590164185,0
1404,3287,0.40591853857040405,0
1404,1932,0.40789538621902466,0
1404,1876,0.4143064618110657,0
1404,3456,0.4074631333351135,0
1404,3854,0.4033172130584717,0
1404,1611,0.4043766260147095,0
1404,1104,0.4097522497177124,0
1404,2715,0.4017769396305084,0
1404,2376,0.41224008798599243,0
1404,2504,0.40510088205337524,0
1404,183,0.4107896685600281,0
1404,2104,0.4058316946029663,0
1404,2784,0.40373334288597107,0
1404,3715,0.4038547873497009,0
3538,3538,0.40727531909942627,1
3538,1796,0.4111471176147461,0
3538,730,0.4125075340270996,0
3538,776,0.4131937026977539,0
3538,3607,0.41399380564689636,0
3538,525,0.40931397676467896,0
3538,2022,0.4108661115169525,0
3538,866,0.4103584885597229,0
3538,734,0.40942007303237915,0
3538,1518,0.41027581691741943,0
3538,2923,0.4158449172973633,0
3538,4062,0.41444161534309387,0
3538,3117,0.4103262722492218,0
3538,1244,0.40739333629608154,0
3538,2913,0.40470650792121887,0
3538,156,0.4136849641799927,0
3538,1235,0.41134390234947205,0
3538,709,0.41006624698638916,0
3538,3994,0.40805745124816895,0
3538,896,0.416130930185318,0
839,839,0.4049556255340576,1
839,3208,0.405029833316803,0
839,1306,0.41759395599365234,0
839,3907,0.41878461837768555,0
839,920,0.41982030868530273,0
839,2632,0.41048675775527954,0
839,2348,0.41513144969940186,0
839,3223,0.40811723470687866,0
839,1070,0.41524943709373474,0
839,848,0.413382351398468,0
839,1637,0.40916791558265686,0
839,1629,0.4139857590198517,0
839,1988,0.41172686219215393,0
839,2465,0.4166075885295868,0
839,1053,0.4096376895904541,0
839,477,0.41003113985061646,0
839,859,0.4061192274093628,0
839,2671,0.41425180435180664,0
839,4005,0.4105345606803894,0
839,2854,0.4046047329902649,0
221,221,0.4094674587249756,1
221,1136,0.41364359855651855,0
221,306,0.413291335105896,0
221,3816,0.41116875410079956,0
221,1660,0.4081116318702698,0
221,1154,0.4005337357521057,0
221,3540,0.40870729088783264,0
221,871,0.4051017463207245,0
221,3453,0.407481849193573,0
221,476,0.41385677456855774,0
221,3570,0.4126419425010681,0
221,2112,0.41911232471466064,0
221,147,0.4103233218193054,0
221,3608,0.4131002426147461,0
221,2826,0.4130059480667114,0
221,3778,0.4061409533023834,0
221,443,0.40749457478523254,0
221,445,0.4108211398124695,0
221,813,0.42682191729545593,0
221,3321,0.41666990518569946,0
212,212,0.41786450147628784,1
212,2677,0.4263352155685425,0
212,2666,0.42437463998794556,0
212,459,0.42448073625564575,0
212,1107,0.4225655198097229,0
212,3866,0.42731547355651855,0
212,2069,0.41892120242118835,0
212,3753,0.41445374488830566,0
212,18,0.4091937839984894,0
212,2734,0.41708773374557495,0
212,1999,0.4241335988044739,0
212,2619,0.4200882613658905,0
212,2266,0.42208975553512573,0
212,1719,0.4169849753379822,0
212,568,0.4177705645561218,0
212,2979,0.41339874267578125,0
212,3640,0.41358697414398193,0
212,1583,0.41203582286834717,0
212,104,0.4139648675918579,0
212,1579,0.41859185695648193,0
3148,3148,0.4071199893951416,1
3148,3394,0.420589804649353,0
3148,3268,0.4137411415576935,0
3148,2064,0.41487643122673035,0
3148,2509,0.412706583738327,0
3148,641,0.4178791344165802,0
3148,353,0.4223064184188843,0
3148,3390,0.41360265016555786,0
3148,1392,0.41166096925735474,0
3148,3149,0.41389214992523193,0
3148,1690,0.4058619439601898,0
3148,3030,0.4193834066390991,0
3148,3969,0.41129806637763977,0
3148,2725,0.41387611627578735,0
3148,104,0.40920591354370117,0
3148,3519,0.4183134436607361,0
3148,2558,0.4155431091785431,0
3148,1857,0.4119473099708557,0
3148,525,0.41196197271347046,0
3148,1409,0.4094967246055603,0
3331,3331,0.4109264016151428,1
3331,4011,0.42036598920822144,0
3331,2439,0.4118694067001343,0
3331,1766,0.4119112491607666,0
3331,2945,0.41763344407081604,0
3331,419,0.421770840883255,0
3331,2133,0.4103018343448639,0
3331,1478,0.41142767667770386,0
3331,4084,0.41470208764076233,0
3331,1247,0.41341888904571533,0
3331,36,0.42138412594795227,0
3331,153,0.4125174283981323,0
3331,347,0.41724300384521484,0
3331,365,0.4145647883415222,0
3331,1720,0.4125633239746094,0
3331,3928,0.41541630029678345,0
3331,2334,0.41651803255081177,0
3331,3748,0.42564529180526733,0
3331,1816,0.4223974943161011,0
3331,1859,0.41444864869117737,0
693,693,0.41546857357025146,1
693,3503,0.4098297953605652,0
693,390,0.4138816297054291,0
693,199,0.4170668423175812,0
693,841,0.41567784547805786,0
693,307,0.4209439158439636,0
693,1714,0.41302257776260376,0
693,2176,0.41686660051345825,0
693,942,0.4165917932987213,0
693,1940,0.4188951849937439,0
693,1824,0.4236469566822052,0
693,1255,0.4219180941581726,0
693,466,0.4161375164985657,0
693,2984,0.41158729791641235,0
693,250,0.4214339256286621,0
693,2972,0.4100845158100128,0
693,3470,0.41501784324645996,0
693,3053,0.41795915365219116,0
693,1331,0.4165114760398865,0
693,3428,0.4189532399177551,0
2285,2285,0.41246259212493896,1
2285,3712,0.412214994430542,0
2285,398,0.4102136492729187,0
2285,2818,0.4188680648803711,0
2285,1643,0.41770926117897034,0
2285,2499,0.41101402044296265,0
2285,1836,0.41087478399276733,0
2285,3764,0.41787344217300415,0
2285,1075,0.4137337803840637,0
2285,1765,0.4114304780960083,0
2285,307,0.41982799768447876,0
2285,693,0.4140884578227997,0
2285,1281,0.41340774297714233,0
2285,2168,0.4099133014678955,0
2285,1203,0.4110565483570099,0
2285,70,0.4189789891242981,0
2285,318,0.4136161804199219,0
2285,3252,0.4261714816093445,0
2285,1343,0.4168323278427124,0
2285,1200,0.4178922772407532,0
2588,2588,0.41258203983306885,1
2588,271,0.4189102053642273,0
2588,1261,0.41854608058929443,0
2588,3403,0.41699743270874023,0
2588,2027,0.41289830207824707,0
2588,1428,0.418307900428772,0
2588,3699,0.41828322410583496,0
2588,1682,0.4135320782661438,0
2588,1390,0.41859501600265503,0
2588,3989,0.4098682403564453,0
2588,2137,0.4122599959373474,0
2588,630,0.41813138127326965,0
2588,1921,0.4137107729911804,0
2588,2654,0.4187207818031311,0
2588,3100,0.40953919291496277,0
2588,3598,0.41497066617012024,0
2588,54,0.4200076460838318,0
2588,2733,0.4079485535621643,0
2588,2926,0.41948211193084717,0
2588,497,0.4193558394908905,0
453,453,0.41034218668937683,1
453,3737,0.41387367248535156,0
453,1834,0.41277045011520386,0
453,3011,0.4099462628364563,0
453,1333,0.4115292429924011,0
453,1906,0.4064893424510956,0
453,1865,0.4139874577522278,0
453,2112,0.42093655467033386,0
453,1873,0.4090735614299774,0
453,1386,0.41043996810913086,0
453,3986,0.4190106987953186,0
453,2431,0.4172040522098541,0
453,803,0.4060191512107849,0
453,3893,0.40946856141090393,0
453,2868,0.41847383975982666,0
453,3298,0.41851145029067993,0
453,1548,0.41247692704200745,0
453,2753,0.40898334980010986,0
453,412,0.4119735062122345,0
453,3599,0.41264086961746216,0
913,913,0.41513872146606445,1
913,840,0.41718387603759766,0
913,1832,0.4148269295692444,0
913,183,0.42251652479171753,0
913,771,0.4148755371570587,0
913,677,0.41432130336761475,0
913,515,0.42128676176071167,0
913,591,0.4256157875061035,0
913,376,0.4157779812812805,0
913,1627,0.41602379083633423,0
913,3412,0.42021608352661133,0
913,78,0.41646015644073486,0
913,3059,0.4202035665512085,0
913,1921,0.4192958474159241,0
913,1285,0.4175603985786438,0
913,2781,0.42320716381073,0
913,2101,0.40850311517715454,0
913,2524,0.4196321666240692,0
913,64,0.4125228226184845,0
913,4164,0.41730797290802,0
1965,1965,0.42326393723487854,1
1965,680,0.425965279340744,0
1965,1134,0.4179573059082031,0
1965,754,0.4243338704109192,0
1965,3534,0.4158954620361328,0
1965,2532,0.41131311655044556,0
1965,3759,0.4252590537071228,0
1965,3099,0.4216267466545105,0
1965,1436,0.4190014600753784,0
1965,1686,0.42189258337020874,0
1965,608,0.4239392876625061,0
1965,4172,0.4249464273452759,0
1965,2123,0.43188735842704773,0
1965,118,0.4184037446975708,0
1965,2888,0.4122667908668518,0
1965,563,0.4184131324291229,0
1965,2073,0.42846035957336426,0
1965,3839,0.42730146646499634,0
1965,104,0.4143599271774292,0
1965,37,0.4205811619758606,0
1494,1494,0.4172075092792511,1
1494,1456,0.4236983060836792,0
1494,4097,0.4233885407447815,0
1494,941,0.421071320772171,0
1494,305,0.4147987961769104,0
1494,955,0.4167262315750122,0
1494,333,0.4281633496284485,0
1494,4082,0.4127315282821655,0
1494,3111,0.4211874008178711,0
1494,1559,0.4217517673969269,0
1494,2805,0.4210223853588104,0
1494,1158,0.4188269078731537,0
1494,896,0.42551136016845703,0
1494,2261,0.4218800663948059,0
1494,2014,0.4093603491783142,0
1494,1415,0.42001351714134216,0
1494,2192,0.42247605323791504,0
1494,297,0.41930970549583435,0
1494,400,0.4207366108894348,0
1494,549,0.4204171299934387,0
3651,3651,0.4123914837837219,1
3651,3057,0.4122757911682129,0
3651,3621,0.41638851165771484,0
3651,1093,0.4098980128765106,0
3651,3818,0.4188642203807831,0
3651,1064,0.4145698547363281,0
3651,3532,0.4122098982334137,0
3651,1795,0.4095252752304077,0
3651,962,0.4156493544578552,0
3651,1108,0.41569072008132935,0
3651,81,0.40964481234550476,0
3651,1502,0.41674184799194336,0
3651,772,0.41229313611984253,0
3651,2046,0.4082702398300171,0
3651,1941,0.4157152771949768,0
3651,1360,0.40821731090545654,0
3651,60,0.4076295495033264,0
3651,2293,0.409216046333313,0
3651,4111,0.4128805994987488,0
3651,1083,0.4099094867706299,0
3739,3739,0.4114602506160736,1
3739,3795,0.41037797927856445,0
3739,909,0.41663265228271484,0
3739,1990,0.41097790002822876,0
3739,946,0.41559886932373047,0
3739,3571,0.41081327199935913,0
3739,3251,0.4099767208099365,0
3739,1378,0.4146190881729126,0
3739,3735,0.4123839735984802,0
3739,3525,0.4142925441265106,0
3739,3234,0.4088325500488281,0
3739,2972,0.405910849571228,0
3739,3392,0.4092370271682739,0
3739,3779,0.41649508476257324,0
3739,1701,0.40919578075408936,0
3739,2210,0.41311466693878174,0
3739,12,0.408737450838089,0
3739,3614,0.40715110301971436,0
3739,2030,0.4159091114997864,0
3739,2338,0.4123297333717346,0
2626,2626,0.4138251543045044,1
2626,3858,0.4125592112541199,0
2626,55,0.4139555096626282,0
2626,3419,0.40760481357574463,0
2626,771,0.4083266854286194,0
2626,3818,0.4200146794319153,0
2626,1529,0.40766003727912903,0
2626,1414,0.40811628103256226,0
2626,2953,0.4114035367965698,0
2626,3024,0.4108066260814667,0
2626,1359,0.4121543765068054,0
2626,3810,0.4094237685203552,0
2626,434,0.40974873304367065,0
2626,3015,0.4189814329147339,0
2626,3409,0.41160452365875244,0
2626,121,0.4094647169113159,0
2626,1477,0.41708576679229736,0
2626,3420,0.41385379433631897,0
2626,2964,0.4092320203781128,0
2626,3930,0.4083840847015381,0
1139,1139,0.40971633791923523,1
1139,4167,0.4194334149360657,0
1139,302,0.416934996843338,0
1139,2692,0.41619372367858887,0
1139,2747,0.41389143466949463,0
1139,2919,0.4137566089630127,0
1139,2236,0.4136873483657837,0
1139,2834,0.4217063784599304,0
1139,2873,0.4128682315349579,0
1139,1966,0.423356294631958,0
1139,3891,0.4181152880191803,0
1139,511,0.41463354229927063,0
1139,935,0.41071343421936035,0
1139,3690,0.41381964087486267,0
1139,2343,0.41033053398132324,0
1139,4020,0.41838330030441284,0
1139,1559,0.4180704355239868,0
1139,1321,0.42237576842308044,0
1139,1575,0.4148138761520386,0
1139,4007,0.42244434356689453,0
82,82,0.4056015908718109,1
82,1462,0.4057295322418213,0
82,2111,0.4085431694984436,0
82,4018,0.3994635343551636,0
82,109,0.406436562538147,0
82,1927,0.4062475860118866,0
82,286,0.40758997201919556,0
82,3720,0.4095797538757324,0
82,3517,0.401863694190979,0
82,1200,0.40825140476226807,0
82,284,0.4097433090209961,0
82,1421,0.40436261892318726,0
82,2895,0.4077528119087219,0
82,1375,0.4014938473701477,0
82,2340,0.4007476568222046,0
82,2145,0.4076995253562927,0
82,2137,0.403844952583313,0
82,1517,0.4069128632545471,0
82,1057,0.40471017360687256,0
82,2833,0.4034525156021118,0
3713,3713,0.4182405471801758,1
3713,2908,0.4240204393863678,0
3713,2943,0.4157199263572693,0
3713,818,0.4173868000507355,0
3713,3378,0.4222714304924011,0
3713,5,0.41868114471435547,0
3713,2647,0.412068247795105,0
3713,299,0.42376425862312317,0
3713,2586,0.423279345035553,0
3713,511,0.41463083028793335,0
3713,3081,0.4104911983013153,0
3713,2306,0.4189431667327881,0
3713,3576,0.41662007570266724,0
3713,372,0.4173899292945862,0
3713,3651,0.4181416630744934,0
3713,3578,0.41488465666770935,0
3713,3627,0.410755455493927,0
3713,4094,0.4175105392932892,0
3713,543,0.4146063029766083,0
3713,2211,0.41190895438194275,0
2137,2137,0.412506103515625,1
2137,2623,0.41565459966659546,0
2137,2698,0.41836389899253845,0
2137,3440,0.4164007306098938,0
2137,1805,0.4134773015975952,0
2137,4111,0.41508275270462036,0
2137,3233,0.42355775833129883,0
2137,2595,0.41232776641845703,0
2137,183,0.4166561961174011,0
2137,4076,0.41393566131591797,0
2137,3062,0.41638249158859253,0
2137,1255,0.4199383854866028,0
2137,2552,0.41765958070755005,0
2137,1018,0.41177812218666077,0
2137,2653,0.40833142399787903,0
2137,3580,0.42319464683532715,0
2137,3320,0.4141560196876526,0
2137,887,0.4088834524154663,0
2137,2503,0.4127219319343567,0
2137,3619,0.4130250811576843,0
3946,3946,0.4108068645000458,1
3946,4029,0.40838706493377686,0
3946,2856,0.41369563341140747,0
3946,1677,0.4125449061393738,0
3946,349,0.410057008266449,0
3946,717,0.4114524722099304,0
3946,3683,0.4186992049217224,0
3946,3842,0.4066493511199951,0
3946,1604,0.4123503565788269,0
3946,896,0.4181087613105774,0
3946,359,0.40896809101104736,0
3946,1521,0.40836814045906067,0
3946,129,0.4154631793498993,0
3946,3144,0.4157405197620392,0
3946,3750,0.41231271624565125,0
3946,1885,0.41353440284729004,0
3946,3493,0.40899229049682617,0
3946,1795,0.4110099971294403,0
3946,245,0.4098189175128937,0
3946,422,0.4093037545681,0
2038,2038,0.4123203158378601,1
2038,3409,0.4101787209510803,0
2038,3767,0.4069101810455322,0
2038,1426,0.4181111454963684,0
2038,2643,0.41561299562454224,0
2038,2027,0.41127920150756836,0
2038,3912,0.4133675694465637,0
2038,570,0.4064171314239502,0
2038,3740,0.408319890499115,0
2038,3495,0.4133818745613098,0
2038,1179,0.41011929512023926,0
2038,3681,0.4066613018512726,0
2038,1109,0.40732499957084656,0
2038,4011,0.4163782298564911,0
2038,2363,0.4186311364173889,0
2038,4066,0.41201162338256836,0
2038,621,0.4097597599029541,0
2038,1963,0.4102317690849304,0
2038,769,0.4075389504432678,0
2038,3054,0.40759915113449097,0
10,10,0.4255088269710541,1
10,2598,0.42768430709838867,0
10,2147,0.4243928790092468,0
10,1357,0.4262731671333313,0
10,1332,0.4208677113056183,0
10,1020,0.4186307191848755,0
10,29,0.4221816062927246,0
10,2528,0.4251333475112915,0
10,3496,0.42273932695388794,0
10,1342,0.42624300718307495,0
10,3253,0.42646944522857666,0
10,1608,0.42438334226608276,0
10,1245,0.42466264963150024,0
10,377,0.42098039388656616,0
10,1364,0.41956427693367004,0
10,1823,0.41795170307159424,0
10,3613,0.425754189491272,0
10,1203,0.4216015934944153,0
10,1535,0.4327734112739563,0
10,2177,0.4341632127761841,0
122,122,0.4167204797267914,1
122,1816,0.41925930976867676,0
122,3007,0.4147486686706543,0
122,3365,0.41380974650382996,0
122,4100,0.4207526445388794,0
122,2934,0.4129217267036438,0
122,2628,0.41418492794036865,0
122,612,0.41419947147369385,0
122,3316,0.40847381949424744,0
122,1480,0.4121636748313904,0
122,2490,0.41827094554901123,0
122,260,0.4137541651725769,0
122,1158,0.41045844554901123,0
122,2075,0.4190084934234619,0
122,2672,0.4115365147590637,0
122,418,0.4071143567562103,0
122,2885,0.4156052768230438,0
122,3726,0.40839695930480957,0
122,2293,0.4095127582550049,0
122,3704,0.41086044907569885,0
2936,2936,0.42280709743499756,1
2936,3321,0.4295114278793335,0
2936,3781,0.42181533575057983,0
2936,895,0.4235152006149292,0
2936,1280,0.41873642802238464,0
2936,55,0.42499232292175293,0
2936,3104,0.4183148443698883,0
2936,1969,0.4223460555076599,0
2936,4057,0.42500293254852295,0
2936,242,0.4188869595527649,0
2936,1316,0.42474472522735596,0
2936,3289,0.4235456883907318,0
2936,872,0.42422476410865784,0
2936,2825,0.42558372020721436,0
2936,2173,0.4186699092388153,0
2936,840,0.4217889904975891,0
2936,2296,0.4186723530292511,0
2936,666,0.4243554472923279,0
2936,1661,0.42781105637550354,0
2936,873,0.424357146024704,0
291,291,0.4142950475215912,1
291,2482,0.4123986065387726,0
291,2214,0.42195427417755127,0
291,1921,0.41831713914871216,0
291,3384,0.41916972398757935,0
291,628,0.4142279326915741,0
291,2250,0.40805503726005554,0
291,145,0.41797029972076416,0
291,2007,0.4189285635948181,0
291,2039,0.40998077392578125,0
291,901,0.4187644124031067,0
291,1948,0.42214781045913696,0
291,1738,0.409635990858078,0
291,1935,0.42781585454940796,0
291,3540,0.4150545597076416,0
291,3822,0.4252498745918274,0
291,2880,0.41608914732933044,0
291,2629,0.4151684641838074,0
291,484,0.4181170165538788,0
291,3273,0.42345893383026123,0
2405,2405,0.4099692106246948,1
2405,1872,0.4160352945327759,0
2405,4080,0.4063711166381836,0
2405,2372,0.40569788217544556,0
2405,3276,0.4092743992805481,0
2405,2583,0.4071107506752014,0
2405,1081,0.406949907541275,0
2405,4139,0.40442538261413574,0
2405,1562,0.40090566873550415,0
2405,3762,0.4134962558746338,0
2405,2302,0.41589194536209106,0
2405,1139,0.4025823473930359,0
2405,3742,0.410081148147583,0
2405,1780,0.41011443734169006,0
2405,3066,0.40527868270874023,0
2405,1494,0.4069661498069763,0
2405,638,0.41558021306991577,0
2405,730,0.41092321276664734,0
2405,2728,0.4071589410305023,0
2405,253,0.4138948619365692,0
1732,1732,0.42530202865600586,1
1732,2644,0.4177967309951782,0
1732,3115,0.41973719000816345,0
1732,596,0.41587477922439575,0
1732,3044,0.4210737943649292,0
1732,3578,0.4192682206630707,0
1732,204,0.422444224357605,0
1732,489,0.4227859675884247,0
1732,2928,0.4141029119491577,0
1732,1615,0.4210831820964813,0
1732,964,0.422355055809021,0
1732,3558,0.4249104857444763,0
1732,1271,0.41858595609664917,0
1732,3104,0.4169394373893738,0
1732,1503,0.42537224292755127,0
1732,2455,0.42312055826187134,0
1732,4005,0.41953447461128235,0
1732,869,0.41778647899627686,0
1732,40,0.41717302799224854,0
1732,4106,0.41563963890075684,0
1542,1542,0.41215115785598755,1
1542,2287,0.41471341252326965,0
1542,2360,0.4128841161727905,0
1542,2034,0.4029623866081238,0
1542,977,0.413163959980011,0
1542,2575,0.4098008871078491,0
1542,2000,0.4172002077102661,0
1542,32,0.4094123840332031,0
1542,57,0.41079431772232056,0
1542,2392,0.40860220789909363,0
1542,2927,0.4069945216178894,0
1542,2157,0.4179803729057312,0
1542,3689,0.4116211533546448,0
1542,3458,0.41077208518981934,0
1542,2586,0.41769832372665405,0
1542,275,0.4164995849132538,0
1542,2173,0.4073704779148102,0
1542,973,0.4099695682525635,0
1542,3003,0.4148203134536743,0
1542,2888,0.4050690829753876,0
1770,1770,0.41319578886032104,1
1770,1735,0.4079445004463196,0
1770,2835,0.41442006826400757,0
1770,3898,0.41422730684280396,0
1770,2285,0.41046836972236633,0
1770,3479,0.41679203510284424,0
1770,1776,0.4062075614929199,0
1770,1074,0.4117162227630615,0
1770,1582,0.4148772954940796,0
1770,3891,0.412894070148468,0
1770,2175,0.42190688848495483,0
1770,1933,0.4131773114204407,0
1770,2888,0.40517765283584595,0
1770,2091,0.41128724813461304,0
1770,1671,0.4153819978237152,0
1770,2887,0.4105260372161865,0
1770,2858,0.4180781841278076,0
1770,2364,0.4122636318206787,0
1770,2334,0.4139472544193268,0
1770,298,0.4107181429862976,0
1952,1952,0.42146793007850647,1
1952,2724,0.41942906379699707,0
1952,282,0.4183597266674042,0
1952,3942,0.41766607761383057,0
1952,1545,0.4162520170211792,0
1952,705,0.4118328392505646,0
1952,1654,0.42036938667297363,0
1952,2412,0.41623467206954956,0
1952,735,0.4174420237541199,0
1952,2215,0.41887640953063965,0
1952,4171,0.4172780215740204,0
1952,3799,0.41975465416908264,0
1952,1681,0.43223118782043457,0
1952,1741,0.41048896312713623,0
1952,3719,0.41009849309921265,0
1952,2757,0.4181849956512451,0
1952,2631,0.4140630066394806,0
1952,3254,0.4195995330810547,0
1952,1622,0.4185592234134674,0
1952,3123,0.4107993245124817,0
2476,2476,0.42328885197639465,1
2476,2298,0.4191972315311432,0
2476,2627,0.4215349555015564,0
2476,2582,0.4147607982158661,0
2476,134,0.41813671588897705,0
2476,2910,0.42137402296066284,0
2476,37,0.420853853225708,0
2476,2704,0.4216941297054291,0
2476,1463,0.41442543268203735,0
2476,4089,0.4197879433631897,0
2476,1104,0.4228517413139343,0
2476,3958,0.42232459783554077,0
2476,3104,0.4158458709716797,0
2476,902,0.4176293909549713,0
2476,2367,0.4209888279438019,0
2476,1805,0.41976070404052734,0
2476,1931,0.4178934693336487,0
2476,1721,0.4129626154899597,0
2476,3575,0.4188801050186157,0
2476,389,0.4188704192638397,0
3193,3193,0.40787744522094727,1
3193,810,0.398715615272522,0
3193,872,0.4124698042869568,0
3193,1528,0.4076184332370758,0
3193,424,0.4107959270477295,0
3193,1358,0.4059969186782837,0
3193,2291,0.414065957069397,0
3193,1739,0.40776553750038147,0
3193,1840,0.4149983525276184,0
3193,1234,0.40464961528778076,0
3193,3130,0.4096679985523224,0
3193,1088,0.411247193813324,0
3193,2634,0.40434426069259644,0
3193,3812,0.4074476957321167,0
3193,3032,0.41497743129730225,0
3193,369,0.4114251434803009,0
3193,2358,0.4148288667201996,0
3193,1942,0.4157065153121948,0
3193,2168,0.4066109359264374,0
3193,2281,0.40187087655067444,0
2662,2662,0.4149168133735657,1
2662,2370,0.40967535972595215,0
2662,3391,0.4140598177909851,0
2662,3211,0.4142463803291321,0
2662,1891,0.41599202156066895,0
2662,1241,0.419403076171875,0
2662,3048,0.42198747396469116,0
2662,269,0.42463743686676025,0
2662,183,0.4224148094654083,0
2662,3726,0.41428056359291077,0
2662,1502,0.42438456416130066,0
2662,1993,0.4250226616859436,0
2662,1103,0.4195435047149658,0
2662,2644,0.4151502847671509,0
2662,1902,0.41927626729011536,0
2662,1256,0.41529273986816406,0
2662,4136,0.4135201573371887,0
2662,4049,0.4149680435657501,0
2662,2434,0.4209926128387451,0
2662,335,0.42318129539489746,0
2981,2981,0.4147534966468811,1
2981,3480,0.4141101539134979,0
2981,1664,0.41803646087646484,0
2981,3174,0.4129529297351837,0
2981,223,0.4205629825592041,0
2981,3860,0.42131948471069336,0
2981,335,0.4212391674518585,0
2981,3063,0.41125428676605225,0
2981,2865,0.4212254583835602,0
2981,2011,0.4172680377960205,0
2981,1082,0.41064080595970154,0
2981,2359,0.41413575410842896,0
2981,309,0.41388505697250366,0
2981,355,0.41504037380218506,0
2981,1929,0.4244754910469055,0
2981,1451,0.4251374304294586,0
2981,3134,0.4099706709384918,0
2981,2585,0.4216580390930176,0
2981,3992,0.420714795589447,0
2981,3734,0.4181380867958069,0
4016,4016,0.4149021804332733,1
4016,2853,0.4247152507305145,0
4016,211,0.4142070710659027,0
4016,2022,0.4116535782814026,0
4016,3049,0.424133837223053,0
4016,3919,0.4104161858558655,0
4016,537,0.4046923518180847,0
4016,1641,0.4089123010635376,0
4016,1036,0.4117204546928406,0
4016,2821,0.4101894795894623,0
4016,364,0.40950077772140503,0
4016,398,0.40793824195861816,0
4016,2266,0.4145955443382263,0
4016,301,0.41105368733406067,0
4016,1312,0.4159536361694336,0
4016,3210,0.41232872009277344,0
4016,945,0.41446346044540405,0
4016,3343,0.4054446220397949,0
4016,123,0.409229040145874,0
4016,823,0.40929505228996277,0
2490,2490,0.41866591572761536,1
2490,3229,0.41242271661758423,0
2490,4161,0.4102436900138855,0
2490,3717,0.42227014899253845,0
2490,2840,0.4183042049407959,0
2490,1694,0.40822914242744446,0
2490,2555,0.41661959886550903,0
2490,178,0.4065976142883301,0
2490,1842,0.4175078868865967,0
2490,3504,0.41416630148887634,0
2490,1191,0.41171956062316895,0
2490,335,0.4170665740966797,0
2490,296,0.4091184735298157,0
2490,3244,0.4165818691253662,0
2490,86,0.4211614727973938,0
2490,253,0.4170735776424408,0
2490,1173,0.416145384311676,0
2490,610,0.4097076952457428,0
2490,633,0.4096413850784302,0
2490,1743,0.4191214144229889,0
243,243,0.4027441740036011,1
243,2423,0.41252559423446655,0
243,3847,0.4097118377685547,0
243,1167,0.41164201498031616,0
243,3508,0.41022342443466187,0
243,1756,0.4063464105129242,0
243,1663,0.40543633699417114,0
243,1055,0.40751567482948303,0
243,1834,0.40697404742240906,0
243,620,0.4049924910068512,0
243,410,0.40657585859298706,0
243,722,0.4068126678466797,0
243,1947,0.4002584218978882,0
243,2010,0.4083249270915985,0
243,3807,0.4118724763393402,0
243,3862,0.4076175391674042,0
243,3680,0.40901950001716614,0
243,1447,0.40731191635131836,0
243,2092,0.4026328921318054,0
243,4041,0.40632903575897217,0
2671,2671,0.4161599278450012,1
2671,2756,0.41132909059524536,0
2671,2574,0.4174472689628601,0
2671,229,0.41411489248275757,0
2671,2303,0.4102270007133484,0
2671,3840,0.4120253324508667,0
2671,1942,0.4192359447479248,0
2671,3109,0.40853172540664673,0
2671,4112,0.4102039337158203,0
2671,1256,0.41140246391296387,0
2671,3433,0.4165158271789551,0
2671,1994,0.41269493103027344,0
2671,3934,0.41401171684265137,0
2671,414,0.4141089916229248,0
2671,3829,0.4198281764984131,0
2671,1774,0.4087604582309723,0
2671,87,0.41328972578048706,0
2671,2802,0.4107682704925537,0
2671,3418,0.4135432243347168,0
2671,3624,0.4125641882419586,0
2193,2193,0.40782976150512695,1
2193,862,0.41222333908081055,0
2193,1475,0.41183531284332275,0
2193,837,0.41421765089035034,0
2193,1942,0.4129653573036194,0
2193,2369,0.4150221347808838,0
2193,850,0.40478503704071045,0
2193,716,0.4136798679828644,0
2193,880,0.4097559452056885,0
2193,3989,0.4053748548030853,0
2193,9,0.41522952914237976,0
2193,2660,0.4063664674758911,0
2193,2553,0.40276461839675903,0
2193,2719,0.40669089555740356,0
2193,330,0.41099077463150024,0
2193,874,0.40520524978637695,0
2193,3890,0.41261643171310425,0
2193,129,0.4114932417869568,0
2193,1801,0.41003257036209106,0
2193,3646,0.40772849321365356,0
1614,1614,0.4054676294326782,1
1614,1191,0.40946364402770996,0
1614,3372,0.4154110550880432,0
1614,1656,0.4083276689052582,0
1614,1952,0.41416147351264954,0
1614,2443,0.4181387424468994,0
1614,784,0.40851300954818726,0
1614,524,0.41187533736228943,0
1614,187,0.4049546420574188,0
1614,293,0.4057919383049011,0
1614,2514,0.41190069913864136,0
1614,776,0.41337645053863525,0
1614,2216,0.4125041961669922,0
1614,3210,0.4110732674598694,0
1614,3873,0.42075783014297485,0
1614,747,0.41075944900512695,0
1614,522,0.41653889417648315,0
1614,2379,0.417640745639801,0
1614,946,0.4153386354446411,0
1614,1688,0.4119907021522522,0
2620,2620,0.4222411513328552,1
2620,1679,0.4201078414916992,0
2620,3907,0.4272669553756714,0
2620,3289,0.4203200340270996,0
2620,579,0.41844990849494934,0
2620,2180,0.4198055863380432,0
2620,2936,0.41998380422592163,0
2620,1750,0.41753220558166504,0
2620,1396,0.41970884799957275,0
2620,4045,0.4162251949310303,0
2620,3819,0.4253785014152527,0
2620,2806,0.4212150573730469,0
2620,795,0.42019715905189514,0
2620,1172,0.4154054522514343,0
2620,1067,0.42004334926605225,0
2620,2951,0.4261935353279114,0
2620,2888,0.4132581949234009,0
2620,3941,0.4224432110786438,0
2620,591,0.4266052544116974,0
2620,2242,0.41261112689971924,0
3047,3047,0.41104555130004883,1
3047,652,0.4179156720638275,0
3047,1074,0.4130611717700958,0
3047,1391,0.4184889793395996,0
3047,975,0.414106160402298,0
3047,3471,0.4052754044532776,0
3047,1873,0.41024887561798096,0
3047,1578,0.4106121063232422,0
3047,2560,0.41378942131996155,0
3047,4082,0.4061192274093628,0
3047,1477,0.41853874921798706,0
3047,1258,0.40989863872528076,0
3047,669,0.414939284324646,0
3047,1461,0.4157283306121826,0
3047,3068,0.4117595851421356,0
3047,2938,0.41397297382354736,0
3047,1222,0.4231163263320923,0
3047,1766,0.4111742377281189,0
3047,1589,0.4177667498588562,0
3047,3855,0.41799020767211914,0
3290,3290,0.4135751724243164,1
3290,970,0.4217413067817688,0
3290,2696,0.4120864272117615,0
3290,3785,0.4121795892715454,0
3290,766,0.4203695058822632,0
3290,4178,0.4182471036911011,0
3290,1245,0.4183056354522705,0
3290,1267,0.4157181978225708,0
3290,3596,0.41594845056533813,0
3290,1804,0.4269610047340393,0
3290,901,0.4189470112323761,0
3290,139,0.42309698462486267,0
3290,3463,0.41947585344314575,0
3290,43,0.4142054319381714,0
3290,97,0.4184541404247284,0
3290,3680,0.4199926555156708,0
3290,265,0.42467832565307617,0
3290,3081,0.41203033924102783,0
3290,1756,0.4179152846336365,0
3290,1778,0.41513746976852417,0
3442,3442,0.4220568537712097,1
3442,847,0.41571271419525146,0
3442,145,0.41766199469566345,0
3442,3546,0.4250093698501587,0
3442,3615,0.4174584448337555,0
3442,2985,0.41588500142097473,0
3442,1099,0.4140207767486572,0
3442,2940,0.4096081554889679,0
3442,4157,0.4189617335796356,0
3442,782,0.42471587657928467,0
3442,956,0.4114420413970947,0
3442,913,0.415164589881897,0
3442,4061,0.4178660809993744,0
3442,2996,0.4166448414325714,0
3442,2767,0.42082709074020386,0
3442,459,0.4235411286354065,0
3442,1289,0.4181337058544159,0
3442,1158,0.4165274500846863,0
3442,3424,0.4178869128227234,0
3442,4158,0.4154120683670044,0
1289,1289,0.4113266170024872,1
1289,2449,0.40855130553245544,0
1289,1185,0.41079285740852356,0
1289,2568,0.409012109041214,0
1289,2942,0.4050137996673584,0
1289,1812,0.40575915575027466,0
1289,959,0.41110312938690186,0
1289,3038,0.40897035598754883,0
1289,2868,0.41626378893852234,0
1289,1205,0.40885791182518005,0
1289,193,0.4137077331542969,0
1289,3427,0.41397643089294434,0
1289,1354,0.41538918018341064,0
1289,1065,0.41097381711006165,0
1289,983,0.4073137044906616,0
1289,1837,0.4124271869659424,0
1289,2026,0.4099796414375305,0
1289,1366,0.41025567054748535,0
1289,1176,0.4089363217353821,0
1289,2859,0.4136003255844116,0
1583,1583,0.4140155017375946,1
1583,3407,0.42003899812698364,0
1583,3143,0.4244246184825897,0
1583,3350,0.421832799911499,0
1583,2216,0.42224597930908203,0
1583,3842,0.4128446578979492,0
1583,1528,0.4155319333076477,0
1583,3336,0.4153972268104553,0
1583,947,0.4134942591190338,0
1583,3710,0.41861969232559204,0
1583,2658,0.42358118295669556,0
1583,156,0.4228001832962036,0
1583,2400,0.41882559657096863,0
1583,2272,0.4209558665752411,0
1583,610,0.41630861163139343,0
1583,4086,0.4133583903312683,0
1583,828,0.4198281466960907,0
1583,1974,0.4135494828224182,0
1583,484,0.42102402448654175,0
1583,3215,0.4181671738624573,0
1904,1904,0.41185885667800903,1
1904,1427,0.4126511812210083,0
1904,3570,0.4142659902572632,0
1904,2500,0.4144743084907532,0
1904,664,0.4130546748638153,0
1904,1325,0.4102824032306671,0
1904,2135,0.40886279940605164,0
1904,1784,0.415072500705719,0
1904,1812,0.40710556507110596,0
1904,2662,0.40885353088378906,0
1904,46,0.4105195999145508,0
1904,2905,0.41298729181289673,0
1904,1693,0.40845105051994324,0
1904,227,0.41511720418930054,0
1904,565,0.4192332327365875,0
1904,1643,0.41553887724876404,0
1904,3024,0.4108436703681946,0
1904,489,0.4140090346336365,0
1904,1770,0.41314390301704407,0
1904,81,0.4105265438556671,0
3422,3422,0.4054611325263977,1
3422,1102,0.40752124786376953,0
3422,1237,0.4048926532268524,0
3422,1815,0.40597254037857056,0
3422,882,0.4208482801914215,0
3422,70,0.41432809829711914,0
3422,753,0.4045501947402954,0
3422,3317,0.40711408853530884,0
3422,4137,0.4078778028488159,0
3422,530,0.4017397463321686,0
3422,2517,0.41753602027893066,0
3422,2551,0.40897342562675476,0
3422,2918,0.4144396483898163,0
3422,3448,0.4129467010498047,0
3422,468,0.4058910012245178,0
3422,3445,0.41314923763275146,0
3422,839,0.402214914560318,0
3422,1904,0.4086233377456665,0
3422,298,0.40798795223236084,0
3422,320,0.4160667359828949,0
716,716,0.42316359281539917,1
716,1829,0.42180198431015015,0
716,304,0.4287715554237366,0
716,3196,0.42199504375457764,0
716,3870,0.41530635952949524,0
716,1093,0.4156443476676941,0
716,2011,0.41734999418258667,0
716,2470,0.4167945384979248,0
716,1489,0.4201866388320923,0
716,2263,0.4198656976222992,0
716,1539,0.417123407125473,0
716,2902,0.41841039061546326,0
716,3175,0.41756898164749146,0
716,393,0.4164116382598877,0
716,4169,0.41345155239105225,0
716,3213,0.4127700626850128,0
716,53,0.41064825654029846,0
716,2087,0.4202961325645447,0
716,2079,0.42456644773483276,0
716,2610,0.41235047578811646,0
3480,3480,0.40471965074539185,1
3480,2193,0.40724122524261475,0
3480,604,0.40723496675491333,0
3480,2980,0.40409013628959656,0
3480,2793,0.4070000648498535,0
3480,2321,0.41751667857170105,0
3480,1985,0.40510720014572144,0
3480,1801,0.40967613458633423,0
3480,3788,0.4107709527015686,0
3480,1958,0.4057765603065491,0
3480,639,0.41116929054260254,0
3480,669,0.4088979959487915,0
3480,1322,0.40803050994873047,0
3480,3367,0.4130438566207886,0
3480,2463,0.41152507066726685,0
3480,4022,0.414734810590744,0
3480,2725,0.4083290994167328,0
3480,442,0.40887096524238586,0
3480,2663,0.4072366952896118,0
3480,3647,0.4060167968273163,0
3678,3678,0.40902459621429443,1
3678,1821,0.41064029932022095,0
3678,3714,0.4080796241760254,0
3678,1772,0.40666937828063965,0
3678,3115,0.4060266315937042,0
3678,1210,0.4037861227989197,0
3678,3118,0.40807366371154785,0
3678,3221,0.4148229956626892,0
3678,3258,0.39973774552345276,0
3678,3719,0.40049439668655396,0
3678,3754,0.41039538383483887,0
3678,1644,0.4149565100669861,0
3678,2277,0.39993926882743835,0
3678,2104,0.4062562882900238,0
3678,3646,0.40639257431030273,0
3678,3477,0.402490496635437,0
3678,1302,0.4058711528778076,0
3678,2333,0.40829595923423767,0
3678,2823,0.4038567841053009,0
3678,1677,0.406776487827301,0
1561,1561,0.40612471103668213,1
1561,1051,0.40866684913635254,0
1561,2918,0.41676628589630127,0
1561,1153,0.40949034690856934,0
1561,892,0.41004690527915955,0
1561,594,0.40489357709884644,0
1561,1290,0.41445183753967285,0
1561,2467,0.41148456931114197,0
1561,1488,0.4134945571422577,0
1561,1900,0.40729087591171265,0
1561,2166,0.4139227867126465,0
1561,1502,0.4169773459434509,0
1561,3539,0.4083820879459381,0
1561,1977,0.4093315005302429,0
1561,1054,0.41258567571640015,0
1561,468,0.40782687067985535,0
1561,2228,0.4104353189468384,0
1561,3639,0.40826576948165894,0
1561,224,0.41035401821136475,0
1561,2766,0.4110942780971527,0
2407,2407,0.411405086517334,1
2407,312,0.41641709208488464,0
2407,1083,0.4182475209236145,0
2407,277,0.415318101644516,0
2407,2296,0.41474640369415283,0
2407,2983,0.4255955219268799,0
2407,448,0.41639241576194763,0
2407,2382,0.417189359664917,0
2407,3930,0.41616830229759216,0
2407,2279,0.4225139021873474,0
2407,316,0.41450145840644836,0
2407,3648,0.41857385635375977,0
2407,3917,0.41690847277641296,0
2407,930,0.4187585711479187,0
2407,151,0.42292094230651855,0
2407,2244,0.41682714223861694,0
2407,2525,0.4225214719772339,0
2407,2452,0.4174806475639343,0
2407,3971,0.42345356941223145,0
2407,3143,0.4229990243911743,0
1677,1677,0.4180300235748291,1
1677,3460,0.41201964020729065,0
1677,4110,0.42262277007102966,0
1677,3864,0.4169851541519165,0
1677,3951,0.4184972643852234,0
1677,1154,0.4074075222015381,0
1677,1610,0.4167781472206116,0
1677,1353,0.4168643057346344,0
1677,3577,0.4111505448818207,0
1677,432,0.4114454984664917,0
1677,3651,0.41930705308914185,0
1677,519,0.42711102962493896,0
1677,1848,0.4178495407104492,0
1677,596,0.4127720296382904,0
1677,700,0.4215327203273773,0
1677,803,0.4112493395805359,0
1677,188,0.4266090393066406,0
1677,2006,0.4166404604911804,0
1677,2155,0.4239162802696228,0
1677,1180,0.4149731993675232,0
3896,3896,0.41439512372016907,1
3896,540,0.41025155782699585,0
3896,1440,0.413097083568573,0
3896,314,0.41744425892829895,0
3896,410,0.4132641553878784,0
3896,3556,0.41559144854545593,0
3896,2089,0.41042569279670715,0
3896,2601,0.41126805543899536,0
3896,1892,0.4221836030483246,0
3896,1417,0.4143318831920624,0
3896,2002,0.42267775535583496,0
3896,2693,0.4131155014038086,0
3896,667,0.4180280566215515,0
3896,2236,0.4101502299308777,0
3896,1806,0.42222076654434204,0
3896,1508,0.41496700048446655,0
3896,904,0.4113137722015381,0
3896,334,0.409073144197464,0
3896,3464,0.41479378938674927,0
3896,2473,0.41019314527511597,0
3724,3724,0.4191458225250244,1
3724,3841,0.4141083359718323,0
3724,1517,0.41608288884162903,0
3724,1820,0.417033314704895,0
3724,3653,0.41910427808761597,0
3724,1900,0.40983909368515015,0
3724,2319,0.4136081337928772,0
3724,170,0.4192805588245392,0
3724,1217,0.411992609500885,0
3724,3972,0.41660141944885254,0
3724,2911,0.4169297218322754,0
3724,1791,0.41000881791114807,0
3724,1963,0.4137773811817169,0
3724,1712,0.41296300292015076,0
3724,429,0.41475510597229004,0
3724,2921,0.4090770483016968,0
3724,483,0.4160400331020355,0
3724,715,0.4239868223667145,0
3724,838,0.4146847426891327,0
3724,3056,0.40676477551460266,0
3519,3519,0.4191248416900635,1
3519,3366,0.41059747338294983,0
3519,195,0.4038183093070984,0
3519,607,0.4153191149234772,0
3519,3096,0.41968101263046265,0
3519,3112,0.42231428623199463,0
3519,3106,0.41666078567504883,0
3519,3924,0.4228973984718323,0
3519,408,0.4114123582839966,0
3519,2777,0.41464483737945557,0
3519,1026,0.42165112495422363,0
3519,1163,0.4128630757331848,0
3519,3311,0.41188523173332214,0
3519,1679,0.4139905571937561,0
3519,2667,0.4237286150455475,0
3519,4170,0.41815459728240967,0
3519,1584,0.41243499517440796,0
3519,3157,0.4127311706542969,0
3519,2507,0.4077203571796417,0
3519,950,0.4196465015411377,0
3623,3623,0.4162609875202179,1
3623,2386,0.4178807735443115,0
3623,1970,0.4221893548965454,0
3623,3647,0.4160616099834442,0
3623,650,0.4235858619213104,0
3623,2838,0.4211612939834595,0
3623,937,0.4257875680923462,0
3623,3816,0.4179122745990753,0
3623,1959,0.4216368496417999,0
3623,446,0.4149530529975891,0
3623,865,0.41539496183395386,0
3623,2658,0.4211275577545166,0
3623,1849,0.4196924567222595,0
3623,2758,0.4137592315673828,0
3623,3441,0.4179479777812958,0
3623,2012,0.409166157245636,0
3623,3857,0.4234352707862854,0
3623,1113,0.4125099182128906,0
3623,2853,0.43074482679367065,0
3623,44,0.41374480724334717,0
1460,1460,0.41273796558380127,1
1460,1383,0.4079735279083252,0
1460,1369,0.41020673513412476,0
1460,378,0.41064026951789856,0
1460,3610,0.41328564286231995,0
1460,4128,0.41160881519317627,0
1460,3282,0.41590243577957153,0
1460,3387,0.4087592363357544,0
1460,349,0.40681251883506775,0
1460,543,0.4078271985054016,0
1460,3341,0.4110255837440491,0
1460,2675,0.40657275915145874,0
1460,1357,0.41124123334884644,0
1460,4023,0.40905049443244934,0
1460,350,0.406338632106781,0
1460,1789,0.4040483832359314,0
1460,2345,0.4081351161003113,0
1460,1766,0.40678805112838745,0
1460,660,0.41457757353782654,0
1460,3015,0.4163120985031128,0
1119,1119,0.4249880909919739,1
1119,3370,0.419650673866272,0
1119,1561,0.41689467430114746,0
1119,2315,0.42225712537765503,0
1119,2260,0.4282343089580536,0
1119,1041,0.4163840413093567,0
1119,3767,0.4176616072654724,0
1119,243,0.41635245084762573,0
1119,1263,0.42467576265335083,0
1119,3041,0.41653838753700256,0
1119,3051,0.41910064220428467,0
1119,877,0.4265422821044922,0
1119,1966,0.4284819960594177,0
1119,623,0.41938522458076477,0
1119,3362,0.4319589138031006,0
1119,878,0.43426769971847534,0
1119,3136,0.4231701195240021,0
1119,670,0.4217801094055176,0
1119,1740,0.42160189151763916,0
1119,2703,0.4262275695800781,0
2786,2786,0.40897879004478455,1
2786,3867,0.422365665435791,0
2786,28,0.4249345064163208,0
2786,3380,0.4128248989582062,0
2786,960,0.41714370250701904,0
2786,3177,0.4184570610523224,0
2786,3386,0.43283939361572266,0
2786,3395,0.4173876643180847,0
2786,1767,0.41558343172073364,0
2786,2237,0.4226057827472687,0
2786,379,0.42155134677886963,0
2786,1644,0.4260413348674774,0
2786,765,0.4179033041000366,0
2786,418,0.412771999835968,0
2786,651,0.4240403175354004,0
2786,2984,0.4134301245212555,0
2786,2673,0.4200247526168823,0
2786,2636,0.4118652641773224,0
2786,2197,0.42191028594970703,0
2786,3004,0.41947847604751587,0
1996,1996,0.40710532665252686,1
1996,695,0.40405380725860596,0
1996,80,0.40547239780426025,0
1996,4076,0.40782198309898376,0
1996,1880,0.4078822135925293,0
1996,1227,0.4126633405685425,0
1996,671,0.41469693183898926,0
1996,2078,0.4030833840370178,0
1996,226,0.4053349196910858,0
1996,288,0.41920238733291626,0
1996,3266,0.40590357780456543,0
1996,1702,0.4061358571052551,0
1996,3848,0.409097284078598,0
1996,96,0.4128086566925049,0
1996,1760,0.405282199382782,0
1996,3591,0.4121265411376953,0
1996,620,0.40580135583877563,0
1996,571,0.40918949246406555,0
1996,3032,0.4107932448387146,0
1996,2775,0.4041851758956909,0
3038,3038,0.41316694021224976,1
3038,1705,0.4107537269592285,0
3038,1098,0.41526898741722107,0
3038,321,0.409586101770401,0
3038,1045,0.4206499755382538,0
3038,1708,0.4140148162841797,0
3038,1968,0.4121323227882385,0
3038,1086,0.41078484058380127,0
3038,1827,0.4183993339538574,0
3038,57,0.41628170013427734,0
3038,3141,0.42077937722206116,0
3038,1159,0.41733837127685547,0
3038,1805,0.415567547082901,0
3038,1972,0.4167158305644989,0
3038,1576,0.4133010506629944,0
3038,237,0.41805461049079895,0
3038,2948,0.42482978105545044,0
3038,2841,0.41384464502334595,0
3038,1761,0.4209178388118744,0
3038,761,0.41584670543670654,0
2390,2390,0.4218834638595581,1
2390,1234,0.41426020860671997,0
2390,863,0.4201059639453888,0
2390,1299,0.4226795434951782,0
2390,403,0.42416805028915405,0
2390,1125,0.4244498610496521,0
2390,2441,0.4248800277709961,0
2390,2778,0.41652050614356995,0
2390,3231,0.43085813522338867,0
2390,3600,0.4251802861690521,0
2390,2749,0.4209810197353363,0
2390,1984,0.4204748272895813,0
2390,2768,0.42442408204078674,0
2390,2048,0.4208585023880005,0
2390,1761,0.42738157510757446,0
2390,3126,0.4204411804676056,0
2390,1580,0.42669764161109924,0
2390,535,0.4235326647758484,0
2390,4110,0.4260251820087433,0
2390,2842,0.4261787235736847,0
3779,3779,0.4222947657108307,1
3779,3047,0.4137476086616516,0
3779,3352,0.4177446961402893,0
3779,583,0.42164382338523865,0
3779,399,0.41606587171554565,0
3779,2841,0.4144141376018524,0
3779,658,0.41965025663375854,0
3779,2878,0.4220465123653412,0
3779,2787,0.42352497577667236,0
3779,1554,0.4154402017593384,0
3779,1053,0.4137669503688812,0
3779,1613,0.41102632880210876,0
3779,1860,0.4113370478153229,0
3779,2238,0.41383838653564453,0
3779,2258,0.42727676033973694,0
3779,1512,0.41749873757362366,0
3779,513,0.41710925102233887,0
3779,2282,0.4130971431732178,0
3779,2270,0.41674506664276123,0
3779,3011,0.41331732273101807,0
2559,2559,0.40939104557037354,1
2559,1369,0.4126175343990326,0
2559,1581,0.41854196786880493,0
2559,2551,0.4116131067276001,0
2559,35,0.40805891156196594,0
2559,1377,0.41348350048065186,0
2559,2021,0.40949738025665283,0
2559,3574,0.4154520630836487,0
2559,3759,0.4172161817550659,0
2559,3680,0.4137691259384155,0
2559,1341,0.4156906008720398,0
2559,3271,0.40855270624160767,0
2559,412,0.41055941581726074,0
2559,228,0.4106338620185852,0
2559,130,0.4083613455295563,0
2559,2474,0.4155119061470032,0
2559,44,0.4077792167663574,0
2559,1139,0.40484535694122314,0
2559,2195,0.41125744581222534,0
2559,1223,0.41109994053840637,0
3059,3059,0.41559112071990967,1
3059,3137,0.4262795150279999,0
3059,1580,0.41987645626068115,0
3059,2961,0.41228237748146057,0
3059,142,0.4169783592224121,0
3059,106,0.4174869656562805,0
3059,942,0.41622674465179443,0
3059,1,0.4203161597251892,0
3059,242,0.4110303521156311,0
3059,1515,0.40911272168159485,0
3059,3492,0.4149099886417389,0
3059,2406,0.41286391019821167,0
3059,246,0.40494656562805176,0
3059,1788,0.4109804034233093,0
3059,3613,0.4156644344329834,0
3059,1549,0.41343754529953003,0
3059,3333,0.41540735960006714,0
3059,23,0.40860477089881897,0
3059,2036,0.422352135181427,0
3059,2532,0.40767279267311096,0
1532,1532,0.4124988615512848,1
1532,750,0.4098397195339203,0
1532,1096,0.4147050976753235,0
1532,387,0.4069053828716278,0
1532,794,0.4094242751598358,0
1532,2687,0.4132629632949829,0
1532,1412,0.4108161926269531,0
1532,2198,0.4147149324417114,0
1532,381,0.4112355709075928,0
1532,2678,0.4136378765106201,0
1532,2070,0.4084476828575134,0
1532,3552,0.4133378863334656,0
1532,3688,0.4121403396129608,0
1532,2386,0.4120967984199524,0
1532,682,0.41653943061828613,0
1532,3762,0.4164145886898041,0
1532,1192,0.41688263416290283,0
1532,1915,0.416814923286438,0
1532,1238,0.4213005602359772,0
1532,3962,0.4117833971977234,0
2907,2907,0.4136729836463928,1
2907,2990,0.41489705443382263,0
2907,603,0.42576226592063904,0
2907,1540,0.421279639005661,0
2907,385,0.41051924228668213,0
2907,2836,0.41555047035217285,0
2907,2356,0.41795283555984497,0
2907,419,0.42424559593200684,0
2907,805,0.41992977261543274,0
2907,659,0.4149147570133209,0
2907,4062,0.4205814003944397,0
2907,1056,0.4098566770553589,0
2907,1838,0.41285309195518494,0
2907,3558,0.42051559686660767,0
2907,3383,0.4174383878707886,0
2907,382,0.4138546586036682,0
2907,1187,0.4155429005622864,0
2907,3677,0.4215330481529236,0
2907,3665,0.41654783487319946,0
2907,3976,0.4160563051700592,0
3602,3602,0.41560810804367065,1
3602,2490,0.42535004019737244,0
3602,3059,0.4199190139770508,0
3602,4123,0.41285473108291626,0
3602,1956,0.41460251808166504,0
3602,1465,0.4211578965187073,0
3602,3824,0.4128406047821045,0
3602,3981,0.4167035222053528,0
3602,3912,0.42201268672943115,0
3602,3170,0.4215162992477417,0
3602,2820,0.41615140438079834,0
3602,3663,0.42637720704078674,0
3602,4084,0.4183257520198822,0
3602,2968,0.4177718758583069,0
3602,1707,0.4291185140609741,0
3602,3284,0.4261533319950104,0
3602,3557,0.42155057191848755,0
3602,3789,0.42099088430404663,0
3602,689,0.42593592405319214,0
3602,461,0.4211696982383728,0
532,532,0.41600659489631653,1
532,668,0.42137572169303894,0
532,2830,0.41662776470184326,0
532,3424,0.4173150658607483,0
532,360,0.4110293984413147,0
532,1495,0.4242848753929138,0
532,277,0.41430479288101196,0
532,1034,0.4186632037162781,0
532,3688,0.41727691888809204,0
532,3185,0.41991037130355835,0
532,995,0.41719549894332886,0
532,283,0.42168885469436646,0
532,2866,0.41470980644226074,0
532,2201,0.4240659475326538,0
532,1688,0.4183196723461151,0
532,2640,0.4166354835033417,0
532,4,0.4225276708602905,0
532,955,0.41355395317077637,0
532,2042,0.41685134172439575,0
532,2459,0.4143421947956085,0
1333,1333,0.4038797616958618,1
1333,1655,0.4070550203323364,0
1333,3020,0.40201443433761597,0
1333,3415,0.41033288836479187,0
1333,3813,0.4017215669155121,0
1333,3427,0.40712055563926697,0
1333,256,0.4048169255256653,0
1333,3964,0.40009719133377075,0
1333,1413,0.40489470958709717,0
1333,300,0.40531477332115173,0
1333,2960,0.4078141450881958,0
1333,959,0.40455514192581177,0
1333,3495,0.40720564126968384,0
1333,1684,0.4075508713722229,0
1333,1234,0.398802250623703,0
1333,3955,0.3973236083984375,0
1333,2900,0.4017341136932373,0
1333,3627,0.39827531576156616,0
1333,1981,0.40755969285964966,0
1333,388,0.4060431122779846,0
2317,2317,0.4098494350910187,1
2317,212,0.4105800986289978,0
2317,787,0.4105508327484131,0
2317,3979,0.41092824935913086,0
2317,3291,0.4080841839313507,0
2317,543,0.4109049141407013,0
2317,2204,0.42292529344558716,0
2317,2887,0.4110376834869385,0
2317,4093,0.40393275022506714,0
2317,846,0.4114903211593628,0
2317,1305,0.4126109480857849,0
2317,967,0.4109806418418884,0
2317,1153,0.41162168979644775,0
2317,2046,0.40954142808914185,0
2317,3865,0.41086700558662415,0
2317,560,0.4096905589103699,0
2317,684,0.40771621465682983,0
2317,3966,0.4026668071746826,0
2317,3934,0.41306108236312866,0
2317,366,0.41793906688690186,0
1551,1551,0.41779714822769165,1
1551,34,0.41540202498435974,0
1551,1199,0.4200538098812103,0
1551,3712,0.4168337881565094,0
1551,2944,0.41680610179901123,0
1551,2947,0.41833311319351196,0
1551,3868,0.4280056953430176,0
1551,2114,0.4137478768825531,0
1551,2304,0.43239688873291016,0
1551,1838,0.4145200848579407,0
1551,2171,0.42075565457344055,0
1551,1043,0.41638433933258057,0
1551,2218,0.4192292094230652,0
1551,2015,0.42234140634536743,0
1551,99,0.42279911041259766,0
1551,2653,0.41382110118865967,0
1551,2065,0.4155679941177368,0
1551,2812,0.4234260022640228,0
1551,3489,0.4187390208244324,0
1551,3482,0.4200138449668884,0
4131,4131,0.4155755043029785,1
4131,950,0.417010635137558,0
4131,2955,0.40919288992881775,0
4131,1557,0.41574305295944214,0
4131,2788,0.409060001373291,0
4131,2243,0.40790826082229614,0
4131,3553,0.4125747084617615,0
4131,813,0.42784082889556885,0
4131,2698,0.4166988134384155,0
4131,728,0.410186231136322,0
4131,2842,0.4171243906021118,0
4131,1811,0.4147098660469055,0
4131,710,0.40972715616226196,0
4131,2537,0.4075096547603607,0
4131,1478,0.40843498706817627,0
4131,387,0.40588557720184326,0
4131,322,0.4186680018901825,0
4131,4125,0.4080696105957031,0
4131,2734,0.40969318151474,0
4131,1592,0.41960036754608154,0
4127,4127,0.40914130210876465,1
4127,3521,0.4043791890144348,0
4127,2174,0.4196610748767853,0
4127,2707,0.41375622153282166,0
4127,2656,0.41076940298080444,0
4127,3791,0.4142509698867798,0
4127,3891,0.41420698165893555,0
4127,3355,0.40540632605552673,0
4127,1230,0.4147454500198364,0
4127,2166,0.41567355394363403,0
4127,2546,0.4075331389904022,0
4127,644,0.405748188495636,0
4127,3115,0.4114510416984558,0
4127,4106,0.40771758556365967,0
4127,261,0.41330406069755554,0
4127,353,0.42265403270721436,0
4127,4155,0.41180944442749023,0
4127,3862,0.41435176134109497,0
4127,37,0.41431671380996704,0
4127,2922,0.4200442135334015,0
1873,1873,0.4120057225227356,1
1873,4006,0.4232613146305084,0
1873,2758,0.41205093264579773,0
1873,1282,0.4214143753051758,0
1873,1743,0.4240081310272217,0
1873,3514,0.41220206022262573,0
1873,2210,0.4181886613368988,0
1873,3340,0.42914924025535583,0
1873,1116,0.41705453395843506,0
1873,1938,0.41214045882225037,0
1873,3207,0.4210744798183441,0
1873,1100,0.4178909659385681,0
1873,3849,0.4244585931301117,0
1873,2474,0.419830858707428,0
1873,3971,0.421405166387558,0
1873,4129,0.4155865013599396,0
1873,2351,0.4253683388233185,0
1873,2039,0.4081208109855652,0
1873,1632,0.42120522260665894,0
1873,3930,0.4126652777194977,0
2618,2618,0.41466689109802246,1
2618,1661,0.41787171363830566,0
2618,3907,0.4196825921535492,0
2618,553,0.41240471601486206,0
2618,1237,0.4086223542690277,0
2618,1776,0.4071226716041565,0
2618,2730,0.4032803177833557,0
2618,3071,0.402158260345459,0
2618,994,0.41994136571884155,0
2618,372,0.414245069026947,0
2618,1181,0.4121822118759155,0
2618,2157,0.4196396768093109,0
2618,2629,0.4101928472518921,0
2618,851,0.4156360626220703,0
2618,1368,0.40945106744766235,0
2618,1458,0.4110298156738281,0
2618,3718,0.4097172021865845,0
2618,11,0.4064863622188568,0
2618,1212,0.4074883460998535,0
2618,2260,0.4193969964981079,0
245,245,0.41514158248901367,1
245,3614,0.4121816158294678,0
245,2781,0.42138344049453735,0
245,1138,0.41946157813072205,0
245,2732,0.4144423305988312,0
245,2934,0.41766557097435,0
245,2399,0.41676631569862366,0
245,1027,0.4161583185195923,0
245,2730,0.4062708616256714,0
245,359,0.4129559397697449,0
245,3387,0.41624706983566284,0
245,2817,0.4117925763130188,0
245,1241,0.41799232363700867,0
245,1070,0.41938674449920654,0
245,2576,0.41226840019226074,0
245,860,0.4148585796356201,0
245,3900,0.412839412689209,0
245,2542,0.42396360635757446,0
245,4039,0.4195970296859741,0
245,4023,0.4158098101615906,0
161,161,0.40618205070495605,1
161,1728,0.40746352076530457,0
161,3654,0.4053178131580353,0
161,1744,0.412467896938324,0
161,2276,0.4110247492790222,0
161,1646,0.4124280512332916,0
161,3148,0.4037027359008789,0
161,2520,0.4125686585903168,0
161,955,0.406852126121521,0
161,3038,0.4079527258872986,0
161,4139,0.4043692946434021,0
161,1730,0.41145873069763184,0
161,2803,0.4164546728134155,0
161,815,0.409994900226593,0
161,1011,0.4153135418891907,0
161,2717,0.41662856936454773,0
161,3084,0.40880024433135986,0
161,3592,0.40790441632270813,0
161,3131,0.4094676971435547,0
161,2376,0.41575175523757935,0
804,804,0.4139532744884491,1
804,2129,0.4099676311016083,0
804,620,0.41152065992355347,0
804,2022,0.41346898674964905,0
804,2640,0.4127727746963501,0
804,3042,0.41109538078308105,0
804,381,0.41198283433914185,0
804,1261,0.41866394877433777,0
804,1718,0.4143598675727844,0
804,3481,0.41695842146873474,0
804,3410,0.4130747318267822,0
804,1526,0.4119729995727539,0
804,3715,0.4104457497596741,0
804,3108,0.40776440501213074,0
804,3900,0.41036251187324524,0
804,1052,0.4142695963382721,0
804,3693,0.4175499677658081,0
804,2290,0.41433185338974,0
804,270,0.42018890380859375,0
804,2486,0.4177626371383667,0
2267,2267,0.41404902935028076,1
2267,3212,0.413719117641449,0
2267,3687,0.4151996970176697,0
2267,3148,0.4045809507369995,0
2267,2657,0.40892577171325684,0
2267,3129,0.41148099303245544,0
2267,2592,0.41385531425476074,0
2267,670,0.411649227142334,0
2267,1844,0.41849958896636963,0
2267,2986,0.40642452239990234,0
2267,2962,0.41135168075561523,0
2267,1273,0.40551331639289856,0
2267,3965,0.4175049364566803,0
2267,3827,0.4093972146511078,0
2267,1860,0.4071139395236969,0
2267,2559,0.40868237614631653,0
2267,2201,0.41829216480255127,0
2267,119,0.4099847078323364,0
2267,1073,0.4125964343547821,0
2267,3390,0.41169261932373047,0
2081,2081,0.41410452127456665,1
2081,3797,0.42099714279174805,0
2081,3200,0.42295950651168823,0
2081,1650,0.42080312967300415,0
2081,2787,0.4244508147239685,0
2081,194,0.4201733469963074,0
2081,2630,0.4125182330608368,0
2081,1340,0.4144749045372009,0
2081,2047,0.4224223494529724,0
2081,526,0.41744354367256165,0
2081,1202,0.4181642532348633,0
2081,69,0.42112278938293457,0
2081,1205,0.41552987694740295,0
2081,2080,0.4203287959098816,0
2081,2329,0.42053118348121643,0
2081,653,0.4204121530056,0
2081,1798,0.41890043020248413,0
2081,1052,0.4178083837032318,0
2081,709,0.4164765179157257,0
2081,412,0.41620585322380066,0
1762,1762,0.41014933586120605,1
1762,1534,0.4085756540298462,0
1762,1548,0.40928661823272705,0
1762,390,0.4091349244117737,0
1762,3716,0.41362738609313965,0
1762,2205,0.41187527775764465,0
1762,2005,0.4179384708404541,0
1762,686,0.4112612307071686,0
1762,919,0.4080970287322998,0
1762,3182,0.40962642431259155,0
1762,394,0.4116795063018799,0
1762,2837,0.4087011218070984,0
1762,2488,0.4101468324661255,0
1762,1362,0.4182072579860687,0
1762,2318,0.40504977107048035,0
1762,1062,0.4135831594467163,0
1762,1103,0.41011810302734375,0
1762,3051,0.4070783853530884,0
1762,3449,0.41331595182418823,0
1762,3068,0.40787273645401,0
3060,3060,0.40808331966400146,1
3060,3647,0.4049617052078247,0
3060,2455,0.4080282747745514,0
3060,135,0.40120020508766174,0
3060,1393,0.4032084345817566,0
3060,649,0.3997116684913635,0
3060,1961,0.41716665029525757,0
3060,2051,0.40494924783706665,0
3060,3756,0.40403732657432556,0
3060,1383,0.40443235635757446,0
3060,403,0.40885019302368164,0
3060,2335,0.40576961636543274,0
3060,58,0.4095051884651184,0
3060,1867,0.40656381845474243,0
3060,1426,0.41426482796669006,0
3060,1106,0.4141084849834442,0
3060,1003,0.4102367162704468,0
3060,2765,0.4054120182991028,0
3060,518,0.4046509265899658,0
3060,929,0.4117656946182251,0
1280,1280,0.412097305059433,1
1280,2973,0.42287763953208923,0
1280,3016,0.41833633184432983,0
1280,2691,0.420421302318573,0
1280,331,0.42298513650894165,0
1280,3520,0.4090796113014221,0
1280,1949,0.4167800545692444,0
1280,146,0.4144045114517212,0
1280,892,0.41483455896377563,0
1280,4162,0.4219835102558136,0
1280,2040,0.4107794761657715,0
1280,4091,0.4254089593887329,0
1280,1579,0.4155920743942261,0
1280,1492,0.4200174808502197,0
1280,1228,0.41333433985710144,0
1280,621,0.41540977358818054,0
1280,1425,0.41484299302101135,0
1280,3117,0.4156300723552704,0
1280,3132,0.4202853739261627,0
1280,576,0.4118919372558594,0
1328,1328,0.40784668922424316,1
1328,2988,0.4138353168964386,0
1328,1684,0.41001754999160767,0
1328,707,0.41014552116394043,0
1328,1523,0.4077877700328827,0
1328,4081,0.40615442395210266,0
1328,1436,0.4065958261489868,0
1328,386,0.4103022515773773,0
1328,2024,0.4023922085762024,0
1328,737,0.40365856885910034,0
1328,4011,0.41272157430648804,0
1328,875,0.4088938236236572,0
1328,3853,0.4094337224960327,0
1328,227,0.410372257232666,0
1328,4090,0.40684953331947327,0
1328,2351,0.4161006808280945,0
1328,1232,0.40977782011032104,0
1328,1585,0.41066592931747437,0
1328,861,0.40920060873031616,0
1328,611,0.40790796279907227,0
1340,1340,0.41641297936439514,1
1340,1445,0.41618630290031433,0
1340,3133,0.41481149196624756,0
1340,1171,0.4261893033981323,0
1340,894,0.4178712069988251,0
1340,2983,0.42650699615478516,0
1340,3556,0.4213328957557678,0
1340,1375,0.41563260555267334,0
1340,261,0.4200829565525055,0
1340,145,0.4188055694103241,0
1340,2971,0.4212847352027893,0
1340,2032,0.4180639386177063,0
1340,1466,0.4112749993801117,0
1340,105,0.4126792848110199,0
1340,3330,0.41936227679252625,0
1340,3915,0.42292654514312744,0
1340,3345,0.41705143451690674,0
1340,33,0.41940397024154663,0
1340,581,0.42009198665618896,0
1340,2204,0.42898958921432495,0
2508,2508,0.41559091210365295,1
2508,672,0.41587015986442566,0
2508,3914,0.41774237155914307,0
2508,2851,0.4153550863265991,0
2508,2148,0.41978907585144043,0
2508,3506,0.41956543922424316,0
2508,2839,0.42431920766830444,0
2508,1609,0.4234166741371155,0
2508,479,0.4155457615852356,0
2508,376,0.41409504413604736,0
2508,2041,0.415865421295166,0
2508,1677,0.4156964421272278,0
2508,3674,0.4232720136642456,0
2508,622,0.41691190004348755,0
2508,341,0.4183787703514099,0
2508,985,0.4081014394760132,0
2508,2643,0.4216764569282532,0
2508,236,0.41416051983833313,0
2508,2145,0.4197714924812317,0
2508,403,0.4192996025085449,0
1966,1966,0.41175416111946106,1
1966,872,0.4068485498428345,0
1966,2829,0.40337759256362915,0
1966,929,0.410915344953537,0
1966,3443,0.40639930963516235,0
1966,4131,0.4094274342060089,0
1966,696,0.39362889528274536,0
1966,2855,0.41214311122894287,0
1966,1848,0.40605515241622925,0
1966,132,0.412766695022583,0
1966,836,0.4105760157108307,0
1966,479,0.4038689136505127,0
1966,1244,0.4017288386821747,0
1966,1575,0.4032664895057678,0
1966,1402,0.402831107378006,0
1966,1071,0.4087575674057007,0
1966,3124,0.40423575043678284,0
1966,735,0.40623366832733154,0
1966,1724,0.4058052897453308,0
1966,2099,0.41073814034461975,0
3577,3577,0.40110349655151367,1
3577,1924,0.4051988124847412,0
3577,1547,0.415767103433609,0
3577,2022,0.40779319405555725,0
3577,2706,0.40248578786849976,0
3577,3179,0.40940284729003906,0
3577,3061,0.4123573899269104,0
3577,2787,0.4144088625907898,0
3577,516,0.4134504199028015,0
3577,1587,0.4006617069244385,0
3577,2238,0.4056205451488495,0
3577,928,0.40655311942100525,0
3577,3937,0.40904247760772705,0
3577,1586,0.4057141840457916,0
3577,1432,0.40601491928100586,0
3577,1030,0.4110468626022339,0
3577,1810,0.4085819125175476,0
3577,2924,0.4067383408546448,0
3577,3626,0.40589842200279236,0
3577,2457,0.40857797861099243,0
2622,2622,0.4120353162288666,1
2622,570,0.4106631875038147,0
2622,1697,0.414215087890625,0
2622,1106,0.4237470030784607,0
2622,1548,0.41566985845565796,0
2622,3218,0.42254915833473206,0
2622,2829,0.41379308700561523,0
2622,3663,0.4226030111312866,0
2622,1238,0.4243483543395996,0
2622,95,0.4193613529205322,0
2622,1448,0.4049835205078125,0
2622,719,0.41302406787872314,0
2622,97,0.4162193536758423,0
2622,1848,0.4154135584831238,0
2622,2598,0.4180620610713959,0
2622,2075,0.42260923981666565,0
2622,171,0.4130289554595947,0
2622,3196,0.42018723487854004,0
2622,2529,0.41243910789489746,0
2622,3976,0.4143015146255493,0
184,184,0.41469794511795044,1
184,264,0.41795027256011963,0
184,1851,0.41375452280044556,0
184,2068,0.4153144061565399,0
184,4100,0.42624014616012573,0
184,691,0.42288699746131897,0
184,238,0.42121726274490356,0
184,205,0.4124261140823364,0
184,2016,0.4133020043373108,0
184,2479,0.42510372400283813,0
184,1902,0.41794353723526,0
184,693,0.41769206523895264,0
184,2830,0.41674327850341797,0
184,1978,0.4121890068054199,0
184,669,0.41862377524375916,0
184,3692,0.41126030683517456,0
184,1872,0.423492968082428,0
184,2768,0.4201526939868927,0
184,907,0.41771483421325684,0
184,3542,0.41407322883605957,0
3219,3219,0.417797327041626,1
3219,2685,0.42111822962760925,0
3219,1464,0.414570689201355,0
3219,354,0.4193688631057739,0
3219,2879,0.41233527660369873,0
3219,2131,0.42568230628967285,0
3219,1,0.4235575199127197,0
3219,3496,0.4159209132194519,0
3219,4023,0.41681721806526184,0
3219,3237,0.4203362762928009,0
3219,3595,0.4152196943759918,0
3219,2388,0.41332191228866577,0
3219,595,0.41332143545150757,0
3219,3345,0.4148169755935669,0
3219,748,0.41528332233428955,0
3219,1560,0.41516879200935364,0
3219,2145,0.4208393096923828,0
3219,2722,0.42047810554504395,0
3219,2516,0.4157833158969879,0
3219,2593,0.4175025224685669,0
3825,3825,0.4136655330657959,1
3825,2098,0.4104628562927246,0
3825,3875,0.409093976020813,0
3825,3013,0.4160770773887634,0
3825,1238,0.42218270897865295,0
3825,2529,0.4102534055709839,0
3825,2373,0.41242897510528564,0
3825,1010,0.41415858268737793,0
3825,4052,0.419159471988678,0
3825,1517,0.4159187078475952,0
3825,3315,0.41021591424942017,0
3825,2657,0.41110295057296753,0
3825,3112,0.42154985666275024,0
3825,1062,0.41791439056396484,0
3825,4010,0.4133918881416321,0
3825,563,0.4128755033016205,0
3825,1354,0.4179106056690216,0
3825,3293,0.4120984673500061,0
3825,3934,0.4133589267730713,0
3825,3330,0.41356316208839417,0
172,172,0.41754353046417236,1
172,205,0.4143398404121399,0
172,533,0.4133238196372986,0
172,2511,0.41807281970977783,0
172,1326,0.41454392671585083,0
172,1108,0.42382511496543884,0
172,322,0.4268689453601837,0
172,1306,0.42485684156417847,0
172,3878,0.4158172011375427,0
172,969,0.4246923327445984,0
172,508,0.41740942001342773,0
172,203,0.41913121938705444,0
172,2363,0.42773866653442383,0
172,928,0.41785937547683716,0
172,41,0.4211121201515198,0
172,2791,0.4179919362068176,0
172,2327,0.42636561393737793,0
172,954,0.41589120030403137,0
172,363,0.4192218780517578,0
172,3132,0.42280593514442444,0
2194,2194,0.4188319742679596,1
2194,3577,0.4103887677192688,0
2194,280,0.4256168603897095,0
2194,3040,0.41902974247932434,0
2194,3579,0.4209370017051697,0
2194,273,0.4160569906234741,0
2194,3575,0.4153379201889038,0
2194,2780,0.4159283936023712,0
2194,973,0.41451990604400635,0
2194,987,0.4152173399925232,0
2194,2531,0.41681206226348877,0
2194,2751,0.4210731089115143,0
2194,1917,0.40962135791778564,0
2194,1340,0.41379913687705994,0
2194,2874,0.41558700799942017,0
2194,568,0.41598808765411377,0
2194,4057,0.41836804151535034,0
2194,3328,0.4211975038051605,0
2194,3756,0.4143953323364258,0
2194,1856,0.4142053723335266,0
313,313,0.4019772410392761,1
313,2623,0.4062685966491699,0
313,4027,0.4002653658390045,0
313,265,0.410645067691803,0
313,3983,0.39584746956825256,0
313,906,0.39709997177124023,0
313,3586,0.4020514190196991,0
313,3771,0.4004257917404175,0
313,479,0.4024592638015747,0
313,1325,0.4025963544845581,0
313,3665,0.4026826024055481,0
313,3985,0.4004347324371338,0
313,3708,0.402909517288208,0
313,281,0.40064290165901184,0
313,445,0.40410667657852173,0
313,3610,0.40768980979919434,0
313,2318,0.40047788619995117,0
313,1678,0.41168278455734253,0
313,2520,0.4063871502876282,0
313,2151,0.3967438340187073,0
3403,3403,0.4264976382255554,1
3403,3546,0.42929011583328247,0
3403,51,0.41978034377098083,0
3403,4056,0.42275115847587585,0
3403,4034,0.4102378487586975,0
3403,3440,0.42530012130737305,0
3403,1601,0.42812222242355347,0
3403,266,0.4268784523010254,0
3403,4112,0.41812700033187866,0
3403,2097,0.4181123375892639,0
3403,157,0.4227735698223114,0
3403,2426,0.42331910133361816,0
3403,1797,0.4282485246658325,0
3403,3042,0.41958749294281006,0
3403,2385,0.4265194237232208,0
3403,3346,0.4187376797199249,0
3403,256,0.4219653010368347,0
3403,3747,0.419560968875885,0
3403,2963,0.42350953817367554,0
3403,1863,0.4294436275959015,0
3499,3499,0.40754085779190063,1
3499,3868,0.4179627597332001,0
3499,3744,0.411018967628479,0
3499,4084,0.4089760184288025,0
3499,1057,0.40956759452819824,0
3499,1665,0.4128551185131073,0
3499,2250,0.4003320038318634,0
3499,1696,0.41304728388786316,0
3499,4027,0.40580615401268005,0
3499,440,0.4102267324924469,0
3499,3902,0.4099433720111847,0
3499,167,0.4072037935256958,0
3499,2053,0.40736037492752075,0
3499,3810,0.40752172470092773,0
3499,1636,0.40625518560409546,0
3499,4089,0.4094127118587494,0
3499,1859,0.4097037613391876,0
3499,1800,0.4101583659648895,0
3499,1474,0.40657010674476624,0
3499,652,0.41375458240509033,0
1142,1142,0.4118030071258545,1
1142,198,0.41193002462387085,0
1142,1906,0.40420567989349365,0
1142,1477,0.415029376745224,0
1142,1100,0.4121440052986145,0
1142,69,0.4137731194496155,0
1142,2743,0.411632239818573,0
1142,2759,0.40847402811050415,0
1142,2412,0.40977513790130615,0
1142,247,0.406963050365448,0
1142,3086,0.4149881601333618,0
1142,1307,0.41285890340805054,0
1142,288,0.422185480594635,0
1142,4055,0.41450169682502747,0
1142,2485,0.4104270935058594,0
1142,124,0.4122822880744934,0
1142,2624,0.4128081202507019,0
1142,4088,0.40159130096435547,0
1142,1627,0.4086299538612366,0
1142,2158,0.4030904769897461,0
41,41,0.42207473516464233,1
41,3374,0.4189181923866272,0
41,584,0.41629257798194885,0
41,2718,0.4191431999206543,0
41,534,0.42256882786750793,0
41,865,0.41782504320144653,0
41,1445,0.41621559858322144,0
41,3009,0.4234347939491272,0
41,997,0.4147191643714905,0
41,1333,0.4188902974128723,0
41,1779,0.4167371392250061,0
41,4080,0.41662538051605225,0
41,2581,0.4207959473133087,0
41,1831,0.42452406883239746,0
41,3562,0.4170605540275574,0
41,818,0.42040228843688965,0
41,1793,0.417738139629364,0
41,3579,0.4242369532585144,0
41,1632,0.4257342219352722,0
41,2504,0.417064368724823,0
2600,2600,0.41226303577423096,1
2600,3737,0.41743457317352295,0
2600,3267,0.4150717258453369,0
2600,1499,0.4150400161743164,0
2600,2296,0.4116547703742981,0
2600,4075,0.41848933696746826,0
2600,3636,0.4181516170501709,0
2600,2888,0.4090411067008972,0
2600,304,0.4272986054420471,0
2600,26,0.40711671113967896,0
2600,4106,0.41049641370773315,0
2600,2830,0.4157853126525879,0
2600,2821,0.4144684672355652,0
2600,3041,0.4107956290245056,0
2600,3554,0.42086926102638245,0
2600,932,0.4201183617115021,0
2600,2864,0.41734644770622253,0
2600,3929,0.4141073226928711,0
2600,3604,0.4183955192565918,0
2600,3261,0.4139282703399658,0
258,258,0.3997464179992676,1
258,1758,0.40976810455322266,0
258,420,0.40787193179130554,0
258,3016,0.4093613624572754,0
258,684,0.40303605794906616,0
258,1184,0.4116628170013428,0
258,2933,0.4105492830276489,0
258,3930,0.40452703833580017,0
258,187,0.4028379023075104,0
258,832,0.412435919046402,0
258,718,0.40704676508903503,0
258,2444,0.40258586406707764,0
258,367,0.41516271233558655,0
258,2778,0.40284621715545654,0
258,351,0.40698879957199097,0
258,3485,0.4058496356010437,0
258,1655,0.41010111570358276,0
258,4169,0.4034838080406189,0
258,1081,0.404925137758255,0
258,3776,0.4080992341041565,0
1086,1086,0.4074869751930237,1
1086,3031,0.4093441367149353,0
1086,2209,0.4156109094619751,0
1086,2776,0.4108039140701294,0
1086,317,0.410804808139801,0
1086,372,0.4125348627567291,0
1086,942,0.4144153296947479,0
1086,1867,0.41286516189575195,0
1086,522,0.41872915625572205,0
1086,508,0.4110279679298401,0
1086,3971,0.4168989062309265,0
1086,2921,0.40740537643432617,0
1086,1506,0.4160090684890747,0
1086,2199,0.4109582006931305,0
1086,2659,0.41849833726882935,0
1086,1015,0.4165639281272888,0
1086,81,0.41123998165130615,0
1086,3147,0.4124397039413452,0
1086,3547,0.42399585247039795,0
1086,1183,0.41426295042037964,0
1003,1003,0.4141325354576111,1
1003,485,0.41103890538215637,0
1003,3664,0.40650686621665955,0
1003,2075,0.41788268089294434,0
1003,2262,0.4055826961994171,0
1003,3719,0.40429770946502686,0
1003,4156,0.40936264395713806,0
1003,1160,0.41154706478118896,0
1003,3515,0.40524762868881226,0
1003,3783,0.41098693013191223,0
1003,1243,0.4091683030128479,0
1003,2950,0.4185066223144531,0
1003,113,0.4121186137199402,0
1003,2157,0.4175371527671814,0
1003,2609,0.4156034290790558,0
1003,349,0.40848058462142944,0
1003,3327,0.4097400903701782,0
1003,226,0.40934956073760986,0
1003,3662,0.40360164642333984,0
1003,412,0.410557359457016,0
4106,4106,0.42182275652885437,1
4106,3197,0.4270263910293579,0
4106,3911,0.4289366602897644,0
4106,2572,0.42857271432876587,0
4106,1600,0.4306902289390564,0
4106,2080,0.43107151985168457,0
4106,1369,0.4290516972541809,0
4106,1037,0.4240911304950714,0
4106,2432,0.42680874466896057,0
4106,241,0.42512887716293335,0
4106,2257,0.4252912998199463,0
4106,794,0.42454594373703003,0
4106,3254,0.4306245446205139,0
4106,4163,0.4211486577987671,0
4106,80,0.42612260580062866,0
4106,2979,0.4221540093421936,0
4106,3245,0.42883002758026123,0
4106,1691,0.4262062907218933,0
4106,1828,0.4256621301174164,0
4106,1845,0.4215642809867859,0
892,892,0.4103062152862549,1
892,2054,0.41516751050949097,0
892,2116,0.40457308292388916,0
892,3557,0.4145921766757965,0
892,1671,0.41473978757858276,0
892,3738,0.4183160066604614,0
892,1065,0.41188347339630127,0
892,2583,0.40863412618637085,0
892,3294,0.40625011920928955,0
892,3636,0.4136856198310852,0
892,4068,0.40606677532196045,0
892,2327,0.4181687831878662,0
892,4161,0.4091566801071167,0
892,49,0.406089186668396,0
892,1949,0.4120655357837677,0
892,3896,0.412203311920166,0
892,1846,0.414327472448349,0
892,3803,0.4080409109592438,0
892,3614,0.4076470136642456,0
892,1857,0.40987423062324524,0
153,153,0.41032934188842773,1
153,4120,0.4215206205844879,0
153,959,0.4127887487411499,0
153,3925,0.4168218970298767,0
153,1693,0.4089365601539612,0
153,1144,0.4185134172439575,0
153,596,0.4074402451515198,0
153,3617,0.41251713037490845,0
153,985,0.4041746258735657,0
153,3268,0.412639856338501,0
153,761,0.41282516717910767,0
153,934,0.41297733783721924,0
153,4036,0.41120415925979614,0
153,3821,0.407448410987854,0
153,4059,0.4136498272418976,0
153,1064,0.4159680902957916,0
153,1930,0.4114408791065216,0
153,1812,0.4076727032661438,0
153,1672,0.40334904193878174,0
153,3646,0.4118040204048157,0
695,695,0.4071761965751648,1
695,3892,0.4062425494194031,0
695,4024,0.41360604763031006,0
695,872,0.411554217338562,0
695,3799,0.41328901052474976,0
695,547,0.4039843678474426,0
695,1640,0.4154473543167114,0
695,3617,0.4103856086730957,0
695,910,0.407096803188324,0
695,3335,0.4057896137237549,0
695,1190,0.41090255975723267,0
695,3937,0.4116572439670563,0
695,636,0.41319477558135986,0
695,1110,0.4037191867828369,0
695,1792,0.40886959433555603,0
695,2535,0.41359245777130127,0
695,1966,0.41709771752357483,0
695,1580,0.41549330949783325,0
695,2448,0.4064292907714844,0
695,1229,0.41347193717956543,0
3406,3406,0.4051409661769867,1
3406,3645,0.40455812215805054,0
3406,3140,0.405737042427063,0
3406,3702,0.40308210253715515,0
3406,4128,0.4046748876571655,0
3406,2493,0.39690274000167847,0
3406,4015,0.40534859895706177,0
3406,484,0.4034733772277832,0
3406,3528,0.3979145288467407,0
3406,958,0.4021890163421631,0
3406,29,0.40053391456604004,0
3406,3211,0.39900118112564087,0
3406,2712,0.4126262366771698,0
3406,3878,0.40048959851264954,0
3406,2896,0.4036194682121277,0
3406,1378,0.4068305790424347,0
3406,3929,0.4019699692726135,0
3406,30,0.3955119848251343,0
3406,2771,0.4005746841430664,0
3406,1987,0.4073650538921356,0
2787,2787,0.42715224623680115,1
2787,630,0.42478305101394653,0
2787,3414,0.416133850812912,0
2787,2347,0.4182984232902527,0
2787,240,0.41678810119628906,0
2787,891,0.41706329584121704,0
2787,2086,0.4270585775375366,0
2787,1073,0.42180413007736206,0
2787,3996,0.42865660786628723,0
2787,744,0.4138585031032562,0
2787,286,0.42332953214645386,0
2787,2429,0.4300103187561035,0
2787,1205,0.4184163212776184,0
2787,451,0.4244535565376282,0
2787,1987,0.4244817793369293,0
2787,3327,0.41854342818260193,0
2787,3400,0.42369163036346436,0
2787,3780,0.4186513423919678,0
2787,1563,0.4197099208831787,0
2787,1010,0.4201526939868927,0
1869,1869,0.41442692279815674,1
1869,2705,0.4122850000858307,0
1869,1683,0.4116097688674927,0
1869,2239,0.4135379493236542,0
1869,866,0.41303300857543945,0
1869,787,0.4111328125,0
1869,3939,0.4146151542663574,0
1869,79,0.4162942171096802,0
1869,1493,0.41640353202819824,0
1869,1436,0.41319146752357483,0
1869,3857,0.41916152834892273,0
1869,3257,0.4052732586860657,0
1869,3392,0.4115533232688904,0
1869,1188,0.41937002539634705,0
1869,239,0.41367822885513306,0
1869,3353,0.41372501850128174,0
1869,1821,0.41720473766326904,0
1869,3838,0.41502252221107483,0
1869,529,0.4080830216407776,0
1869,2739,0.41439735889434814,0
1185,1185,0.4209408164024353,1
1185,2476,0.42444896697998047,0
1185,73,0.42298245429992676,0
1185,2528,0.4218432903289795,0
1185,2353,0.41900694370269775,0
1185,2040,0.415676474571228,0
1185,1791,0.41689229011535645,0
1185,3000,0.41868841648101807,0
1185,2184,0.4142141044139862,0
1185,148,0.4187619686126709,0
1185,1438,0.4212031960487366,0
1185,3337,0.4210362732410431,0
1185,1451,0.43020904064178467,0
1185,985,0.4121124744415283,0
1185,3425,0.4250832498073578,0
1185,2202,0.4234461784362793,0
1185,1129,0.4176821708679199,0
1185,3007,0.4241842031478882,0
1185,3486,0.4206257164478302,0
1185,2029,0.4128691256046295,0
3221,3221,0.41988635063171387,1
3221,4075,0.4146955609321594,0
3221,605,0.4104906916618347,0
3221,788,0.4007098078727722,0
3221,3945,0.41082558035850525,0
3221,3819,0.4176737666130066,0
3221,1676,0.4121737778186798,0
3221,1447,0.41306376457214355,0
3221,133,0.41205042600631714,0
3221,2585,0.41642341017723083,0
3221,1940,0.415926456451416,0
3221,1419,0.4090229272842407,0
3221,2123,0.42359277606010437,0
3221,213,0.4134211242198944,0
3221,1068,0.4108430743217468,0
3221,469,0.40726909041404724,0
3221,1523,0.4123462438583374,0
3221,1770,0.4129658043384552,0
3221,2697,0.40959981083869934,0
3221,2110,0.41804802417755127,0
2014,2014,0.40254077315330505,1
2014,3028,0.4130812883377075,0
2014,1747,0.4139099717140198,0
2014,672,0.412156343460083,0
2014,2152,0.4161088168621063,0
2014,3608,0.4149877727031708,0
2014,1078,0.40975305438041687,0
2014,376,0.41114342212677,0
2014,3897,0.4176618754863739,0
2014,128,0.40831053256988525,0
2014,2652,0.41703397035598755,0
2014,638,0.41906440258026123,0
2014,4146,0.41497430205345154,0
2014,1407,0.418230801820755,0
2014,1954,0.4201206564903259,0
2014,1910,0.4030485153198242,0
2014,541,0.41392213106155396,0
2014,3555,0.41658419370651245,0
2014,1568,0.41696974635124207,0
2014,2892,0.41078853607177734,0
2854,2854,0.40151524543762207,1
2854,3544,0.41545039415359497,0
2854,519,0.41701939702033997,0
2854,3393,0.41028887033462524,0
2854,2167,0.40785396099090576,0
2854,193,0.41126465797424316,0
2854,1081,0.40607935190200806,0
2854,1026,0.41537559032440186,0
2854,711,0.413849413394928,0
2854,3637,0.40556085109710693,0
2854,3810,0.40709608793258667,0
2854,3899,0.4117957353591919,0
2854,325,0.4045606851577759,0
2854,1964,0.4031330943107605,0
2854,3441,0.40916043519973755,0
2854,1651,0.4111766815185547,0
2854,3283,0.40665769577026367,0
2854,1605,0.40767472982406616,0
2854,456,0.41485846042633057,0
2854,3994,0.4063476026058197,0
3005,3005,0.4005306661128998,1
3005,1082,0.3985195755958557,0
3005,3312,0.4086676836013794,0
3005,1976,0.4076393246650696,0
3005,2246,0.4041193127632141,0
3005,1034,0.4054807424545288,0
3005,2577,0.39602234959602356,0
3005,2740,0.4065946042537689,0
3005,2332,0.4028230309486389,0
3005,3311,0.4026864171028137,0
3005,4040,0.4047633111476898,0
3005,2050,0.4138598144054413,0
3005,1141,0.40309083461761475,0
3005,2340,0.4009566009044647,0
3005,4168,0.4038671851158142,0
3005,3071,0.39390575885772705,0
3005,2685,0.40812039375305176,0
3005,4103,0.4096010625362396,0
3005,1150,0.40041008591651917,0
3005,4134,0.4130145013332367,0
3903,3903,0.40552645921707153,1
3903,1719,0.40758955478668213,0
3903,2943,0.40923377871513367,0
3903,64,0.4052610993385315,0
3903,1256,0.4079996645450592,0
3903,2529,0.4074181914329529,0
3903,3910,0.4123312830924988,0
3903,2568,0.40854519605636597,0
3903,2385,0.41442418098449707,0
3903,1777,0.40680912137031555,0
3903,3510,0.4145256578922272,0
3903,1429,0.4066448211669922,0
3903,2999,0.4058799743652344,0
3903,1883,0.4122087359428406,0
3903,1203,0.4073639512062073,0
3903,3552,0.4109947085380554,0
3903,2962,0.41064393520355225,0
3903,256,0.4100743532180786,0
3903,2900,0.4070375859737396,0
3903,1025,0.4121054708957672,0
871,871,0.40973371267318726,1
871,2309,0.41728103160858154,0
871,343,0.42029139399528503,0
871,1190,0.41556429862976074,0
871,3853,0.4179186522960663,0
871,2498,0.41799667477607727,0
871,1684,0.41808459162712097,0
871,2343,0.408595472574234,0
871,2026,0.41433221101760864,0
871,4020,0.4164472222328186,0
871,4041,0.41498976945877075,0
871,1559,0.4165221154689789,0
871,3552,0.4160001277923584,0
871,2240,0.4272196292877197,0
871,3165,0.4131939113140106,0
871,326,0.4196662902832031,0
871,1611,0.4122007191181183,0
871,3279,0.4103556275367737,0
871,2536,0.4235488176345825,0
871,923,0.40975019335746765,0
1021,1021,0.41564756631851196,1
1021,69,0.4253661334514618,0
1021,3045,0.4181901216506958,0
1021,228,0.4205619990825653,0
1021,2906,0.41688039898872375,0
1021,3782,0.418133020401001,0
1021,2762,0.4276295602321625,0
1021,3107,0.43955913186073303,0
1021,184,0.41909459233283997,0
1021,108,0.4221038818359375,0
1021,673,0.4256734848022461,0
1021,3149,0.42186975479125977,0
1021,1016,0.41985681653022766,0
1021,1790,0.4226085841655731,0
1021,2410,0.4206480085849762,0
1021,988,0.41882866621017456,0
1021,3123,0.415385365486145,0
1021,753,0.41664284467697144,0
1021,3583,0.4208611845970154,0
1021,741,0.43124067783355713,0
2597,2597,0.41298142075538635,1
2597,3378,0.4159357249736786,0
2597,27,0.41229701042175293,0
2597,1930,0.4095867872238159,0
2597,384,0.4128979742527008,0
2597,1784,0.41396063566207886,0
2597,2550,0.4121313691139221,0
2597,3613,0.4117649495601654,0
2597,3772,0.4091096520423889,0
2597,2610,0.4059452414512634,0
2597,124,0.4129459857940674,0
2597,2140,0.4061278998851776,0
2597,1237,0.406593382358551,0
2597,3559,0.41252022981643677,0
2597,1670,0.4173222780227661,0
2597,1112,0.4096364974975586,0
2597,2255,0.40917614102363586,0
2597,4142,0.40382182598114014,0
2597,1668,0.4127446413040161,0
2597,338,0.4073537588119507,0
311,311,0.4063701033592224,1
311,1204,0.4100160598754883,0
311,3851,0.4166199862957001,0
311,1618,0.4129820764064789,0
311,3987,0.4129580855369568,0
311,2753,0.41057080030441284,0
311,312,0.411761999130249,0
311,4124,0.41635578870773315,0
311,769,0.410441130399704,0
311,1843,0.4256073832511902,0
311,999,0.41702499985694885,0
311,1800,0.4150823950767517,0
311,2989,0.42881953716278076,0
311,2547,0.41459518671035767,0
311,3220,0.4192565679550171,0
311,1795,0.4127473533153534,0
311,19,0.41020986437797546,0
311,1044,0.41883358359336853,0
311,4020,0.4157673120498657,0
311,524,0.4150417745113373,0
1034,1034,0.4082929790019989,1
1034,453,0.40476125478744507,0
1034,605,0.4059639275074005,0
1034,338,0.40351933240890503,0
1034,780,0.40883612632751465,0
1034,2767,0.40993547439575195,0
1034,2409,0.4058791995048523,0
1034,3472,0.40880048274993896,0
1034,908,0.4054439663887024,0
1034,1101,0.4093710482120514,0
1034,2906,0.4021254777908325,0
1034,906,0.4000501036643982,0
1034,2170,0.40623050928115845,0
1034,3144,0.4100247025489807,0
1034,2373,0.4062829613685608,0
1034,191,0.41326677799224854,0
1034,3049,0.4194243550300598,0
1034,2763,0.40280258655548096,0
1034,2284,0.4087176024913788,0
1034,577,0.4133584499359131,0
43,43,0.4048616290092468,1
43,829,0.40835556387901306,0
43,3,0.4157663583755493,0
43,3987,0.407510906457901,0
43,3114,0.40697813034057617,0
43,3462,0.41930657625198364,0
43,3578,0.4063500165939331,0
43,2617,0.40529710054397583,0
43,4014,0.40320757031440735,0
43,1453,0.40982919931411743,0
43,3882,0.4103637933731079,0
43,920,0.41581544280052185,0
43,2960,0.4113287925720215,0
43,3159,0.4102909564971924,0
43,1463,0.4027949571609497,0
43,3880,0.40920841693878174,0
43,75,0.41386961936950684,0
43,257,0.40412068367004395,0
43,612,0.4100683331489563,0
43,1414,0.40437203645706177,0
3932,3932,0.4148406982421875,1
3932,326,0.4161745309829712,0
3932,882,0.42203739285469055,0
3932,3809,0.41450685262680054,0
3932,939,0.41650158166885376,0
3932,2506,0.40863099694252014,0
3932,30,0.40310513973236084,0
3932,2127,0.41801315546035767,0
3932,2990,0.40965259075164795,0
3932,494,0.41061240434646606,0
3932,3347,0.40950700640678406,0
3932,3910,0.4138108491897583,0
3932,3385,0.42003166675567627,0
3932,957,0.41759002208709717,0
3932,1123,0.40552783012390137,0
3932,377,0.40852731466293335,0
3932,3429,0.41339489817619324,0
3932,3334,0.4027253985404968,0
3932,3515,0.405400812625885,0
3932,2189,0.4201180040836334,0
739,739,0.4130866527557373,1
739,3349,0.40861862897872925,0
739,1614,0.4068930745124817,0
739,1632,0.41767168045043945,0
739,2653,0.4074755311012268,0
739,4070,0.4204999506473541,0
739,3328,0.41609954833984375,0
739,307,0.41806215047836304,0
739,2598,0.41501808166503906,0
739,1287,0.41480427980422974,0
739,3632,0.4142131805419922,0
739,1836,0.4089726507663727,0
739,3560,0.4129980206489563,0
739,1432,0.4107396602630615,0
739,2056,0.4039227068424225,0
739,2655,0.4069855809211731,0
739,3713,0.41360610723495483,0
739,100,0.41312068700790405,0
739,1082,0.4059929847717285,0
739,2680,0.4187318682670593,0
1037,1037,0.4053020477294922,1
1037,2601,0.4060072600841522,0
1037,1756,0.40880176424980164,0
1037,195,0.3985515534877777,0
1037,3622,0.40304285287857056,0
1037,1028,0.41109293699264526,0
1037,4141,0.4074273705482483,0
1037,326,0.41349220275878906,0
1037,285,0.4051707088947296,0
1037,2216,0.41040289402008057,0
1037,627,0.4095219671726227,0
1037,1448,0.3985321521759033,0
1037,2900,0.40493327379226685,0
1037,2424,0.41493961215019226,0
1037,2237,0.41342639923095703,0
1037,3566,0.4070661664009094,0
1037,2348,0.41181039810180664,0
1037,3325,0.40491151809692383,0
1037,2148,0.41268491744995117,0
1037,1292,0.4111327826976776,0
672,672,0.40848833322525024,1
672,3844,0.40938669443130493,0
672,2163,0.403369665145874,0
672,2491,0.4047982692718506,0
672,2242,0.4022037386894226,0
672,808,0.40596723556518555,0
672,3748,0.41974520683288574,0
672,3872,0.4125078618526459,0
672,2958,0.41049641370773315,0
672,1636,0.40570390224456787,0
672,3878,0.40573257207870483,0
672,4023,0.4078904688358307,0
672,3233,0.4193407893180847,0
672,3609,0.4104325771331787,0
672,1982,0.4154404401779175,0
672,2592,0.41178616881370544,0
672,3650,0.41223520040512085,0
672,1695,0.4128425717353821,0
672,437,0.40078067779541016,0
672,2970,0.41498008370399475,0
3379,3379,0.4045178294181824,1
3379,1220,0.4055631458759308,0
3379,930,0.40726542472839355,0
3379,4086,0.40253564715385437,0
3379,2008,0.40800222754478455,0
3379,3193,0.40398091077804565,0
3379,3597,0.41823530197143555,0
3379,390,0.40591901540756226,0
3379,4140,0.4033103585243225,0
3379,3963,0.41054487228393555,0
3379,3329,0.4112873077392578,0
3379,3677,0.4102962911128998,0
3379,136,0.40231436491012573,0
3379,472,0.41249337792396545,0
3379,1737,0.4045345187187195,0
3379,3974,0.40935635566711426,0
3379,3042,0.4046105444431305,0
3379,1160,0.4075000286102295,0
3379,131,0.40461623668670654,0
3379,521,0.414531946182251,0
1228,1228,0.407898873090744,1
1228,3772,0.40820640325546265,0
1228,2129,0.40707090497016907,0
1228,403,0.4126955270767212,0
1228,3996,0.41866979002952576,0
1228,3472,0.4121862053871155,0
1228,3420,0.412754625082016,0
1228,3103,0.4035942554473877,0
1228,3306,0.40563055872917175,0
1228,3627,0.40444403886795044,0
1228,1796,0.4112151265144348,0
1228,2779,0.4116579592227936,0
1228,896,0.41538211703300476,0
1228,3584,0.4060261845588684,0
1228,4103,0.41535693407058716,0
1228,752,0.40842628479003906,0
1228,1728,0.40736764669418335,0
1228,287,0.4066249132156372,0
1228,3652,0.4127081632614136,0
1228,2474,0.41456836462020874,0
2471,2471,0.4118899703025818,1
2471,4108,0.4081694483757019,0
2471,3945,0.4089861512184143,0
2471,2527,0.419376015663147,0
2471,1459,0.4122157692909241,0
2471,6,0.4145374298095703,0
2471,1213,0.41058558225631714,0
2471,1958,0.40768876671791077,0
2471,476,0.4130884110927582,0
2471,785,0.4111167788505554,0
2471,2228,0.40918147563934326,0
2471,256,0.4097123146057129,0
2471,2280,0.41715207695961,0
2471,3597,0.4212671220302582,0
2471,2648,0.4157305955886841,0
2471,3497,0.407098650932312,0
2471,3926,0.40488290786743164,0
2471,2999,0.40530475974082947,0
2471,2638,0.4150165021419525,0
2471,2580,0.40605613589286804,0
622,622,0.41191554069519043,1
622,503,0.4037590026855469,0
622,2341,0.40534746646881104,0
622,3271,0.4077291488647461,0
622,998,0.41678890585899353,0
622,1099,0.4074603319168091,0
622,569,0.40433067083358765,0
622,3439,0.42131730914115906,0
622,3942,0.4117339253425598,0
622,3258,0.403452068567276,0
622,1998,0.4117705225944519,0
622,4109,0.4175886809825897,0
622,1593,0.4115018844604492,0
622,1584,0.40952247381210327,0
622,2594,0.40833693742752075,0
622,2421,0.4184822142124176,0
622,1868,0.41668570041656494,0
622,1360,0.40795764327049255,0
622,1227,0.41651663184165955,0
622,3719,0.4040999710559845,0
4142,4142,0.4050324559211731,1
4142,1560,0.4092806577682495,0
4142,1243,0.4102962613105774,0
4142,804,0.4123636484146118,0
4142,2179,0.4140569865703583,0
4142,2726,0.4076285660266876,0
4142,1503,0.4165894389152527,0
4142,296,0.4084911346435547,0
4142,1825,0.4112968444824219,0
4142,4031,0.41052567958831787,0
4142,3736,0.40621569752693176,0
4142,3386,0.42638659477233887,0
4142,3114,0.4108692407608032,0
4142,2141,0.4207300543785095,0
4142,2767,0.4145680367946625,0
4142,1618,0.4107195734977722,0
4142,3154,0.4073209762573242,0
4142,3605,0.411449670791626,0
4142,330,0.4149209260940552,0
4142,680,0.4182923436164856,0
1506,1506,0.4157370924949646,1
1506,2677,0.41831523180007935,0
1506,4015,0.41335079073905945,0
1506,2466,0.40960192680358887,0
1506,3282,0.4182514250278473,0
1506,2963,0.4128933846950531,0
1506,1096,0.4139751195907593,0
1506,904,0.40937843918800354,0
1506,3318,0.4131149649620056,0
1506,2208,0.4139442443847656,0
1506,1483,0.4123000502586365,0
1506,2411,0.4084055721759796,0
1506,3995,0.41505926847457886,0
1506,2890,0.41508495807647705,0
1506,3088,0.4212525486946106,0
1506,3697,0.4114382565021515,0
1506,211,0.4142948389053345,0
1506,2377,0.413678914308548,0
1506,1961,0.4226004481315613,0
1506,1905,0.4162488579750061,0
362,362,0.4089965522289276,1
362,444,0.41000691056251526,0
362,3668,0.4147356450557709,0
362,4054,0.4130129814147949,0
362,3461,0.40850406885147095,0
362,4013,0.411684513092041,0
362,36,0.4179055988788605,0
362,2007,0.4123440384864807,0
362,11,0.40401601791381836,0
362,751,0.41164568066596985,0
362,3119,0.4117696285247803,0
362,1285,0.4101572632789612,0
362,2365,0.41309231519699097,0
362,3023,0.413791686296463,0
362,1624,0.41248464584350586,0
362,1675,0.407637357711792,0
362,1557,0.41566434502601624,0
362,1094,0.408824622631073,0
362,165,0.4108133912086487,0
362,3628,0.41405993700027466,0
768,768,0.4010304808616638,1
768,2110,0.4128972887992859,0
768,3070,0.40442800521850586,0
768,1314,0.4115176200866699,0
768,3367,0.4128347933292389,0
768,1238,0.4156266152858734,0
768,269,0.41349107027053833,0
768,2313,0.40755635499954224,0
768,2128,0.40030011534690857,0
768,1602,0.40894991159439087,0
768,1468,0.401702880859375,0
768,4121,0.40863844752311707,0
768,1827,0.40983086824417114,0
768,1988,0.4064275026321411,0
768,3979,0.40509605407714844,0
768,3214,0.41230490803718567,0
768,4151,0.4119204878807068,0
768,1948,0.4115864038467407,0
768,1589,0.4110230505466461,0
768,1229,0.41006025671958923,0
2293,2293,0.4067322015762329,1
2293,3704,0.40769708156585693,0
2293,2,0.4054333567619324,0
2293,1868,0.41341036558151245,0
2293,2550,0.4097141623497009,0
2293,3462,0.42055827379226685,0
2293,1271,0.4063716530799866,0
2293,2124,0.40913981199264526,0
2293,2286,0.4080163240432739,0
2293,1891,0.4057328701019287,0
2293,269,0.4148428440093994,0
2293,1916,0.4131683111190796,0
2293,3755,0.4071475565433502,0
2293,3021,0.40287062525749207,0
2293,3598,0.41047203540802,0
2293,2264,0.4089670777320862,0
2293,1467,0.4143166244029999,0
2293,3410,0.40838685631752014,0
2293,3570,0.4110108017921448,0
2293,2115,0.4047420918941498,0
457,457,0.4096827208995819,1
457,2546,0.405680775642395,0
457,679,0.418761283159256,0
457,1579,0.4104200005531311,0
457,3912,0.4145023822784424,0
457,791,0.4079279899597168,0
457,72,0.41018378734588623,0
457,598,0.4089009761810303,0
457,1002,0.41087770462036133,0
457,2260,0.41767144203186035,0
457,3992,0.41399121284484863,0
457,2203,0.4159608483314514,0
457,1281,0.4111528694629669,0
457,2341,0.40481656789779663,0
457,1594,0.4130929112434387,0
457,3542,0.4074808359146118,0
457,2824,0.4098551273345947,0
457,419,0.41793954372406006,0
457,1795,0.4098420739173889,0
457,3471,0.40309378504753113,0
455,455,0.4166561961174011,1
455,3009,0.4154154658317566,0
455,2150,0.4168264865875244,0
455,3853,0.4150109589099884,0
455,1769,0.420510858297348,0
455,2745,0.4139595031738281,0
455,1659,0.41526612639427185,0
455,1895,0.41374337673187256,0
455,1284,0.40776264667510986,0
455,3788,0.4150391221046448,0
455,1003,0.4160146713256836,0
455,3523,0.41319918632507324,0
455,1704,0.41476815938949585,0
455,662,0.4163532853126526,0
455,658,0.4157054126262665,0
455,1739,0.4093436598777771,0
455,2367,0.41305679082870483,0
455,196,0.4166604280471802,0
455,1239,0.41172558069229126,0
455,1174,0.41933882236480713,0
1994,1994,0.41137978434562683,1
1994,308,0.41720956563949585,0
1994,170,0.4179017245769501,0
1994,2101,0.402618944644928,0
1994,2003,0.41135263442993164,0
1994,322,0.4189453721046448,0
1994,2999,0.407975435256958,0
1994,11,0.40581637620925903,0
1994,245,0.4098742604255676,0
1994,1465,0.41452091932296753,0
1994,1071,0.4152718782424927,0
1994,1229,0.4157024323940277,0
1994,3267,0.41164469718933105,0
1994,3965,0.418961763381958,0
1994,3009,0.41568371653556824,0
1994,348,0.40977805852890015,0
1994,168,0.41371750831604004,0
1994,4139,0.40611767768859863,0
1994,3033,0.40307897329330444,0
1994,3912,0.41593074798583984,0
3102,3102,0.4087165296077728,1
3102,2190,0.42070117592811584,0
3102,349,0.4170287251472473,0
3102,929,0.42545753717422485,0
3102,3055,0.41554689407348633,0
3102,270,0.4269793629646301,0
3102,2283,0.4224013388156891,0
3102,4153,0.4233245849609375,0
3102,3898,0.4222220778465271,0
3102,1721,0.41349169611930847,0
3102,3626,0.41832655668258667,0
3102,231,0.42611539363861084,0
3102,2957,0.4211445748806,0
3102,17,0.4278844892978668,0
3102,478,0.42512843012809753,0
3102,854,0.42590004205703735,0
3102,2721,0.426440954208374,0
3102,2524,0.42148497700691223,0
3102,2564,0.4142095446586609,0
3102,3650,0.42359495162963867,0
3486,3486,0.4183920621871948,1
3486,2948,0.4279120862483978,0
3486,1771,0.42260074615478516,0
3486,1449,0.4166035056114197,0
3486,3197,0.41791555285453796,0
3486,369,0.41989102959632874,0
3486,1982,0.4247586131095886,0
3486,1016,0.41714245080947876,0
3486,3940,0.4204992949962616,0
3486,2396,0.415254145860672,0
3486,2779,0.4199841022491455,0
3486,2835,0.42155760526657104,0
3486,1392,0.4167194366455078,0
3486,3563,0.4165859818458557,0
3486,3226,0.4223749339580536,0
3486,343,0.4240863025188446,0
3486,28,0.4258211851119995,0
3486,2633,0.41794663667678833,0
3486,702,0.41235411167144775,0
3486,3896,0.4191822409629822,0
1212,1212,0.4052485227584839,1
1212,1444,0.4091203808784485,0
1212,759,0.4170692563056946,0
1212,2421,0.41861316561698914,0
1212,3061,0.4147229790687561,0
1212,4142,0.4033224582672119,0
1212,3490,0.40465790033340454,0
1212,295,0.40643593668937683,0
1212,2258,0.4211386442184448,0
1212,3291,0.4054897427558899,0
1212,3318,0.4114077687263489,0
1212,1437,0.403717964887619,0
1212,186,0.41066408157348633,0
1212,3188,0.41718119382858276,0
1212,2999,0.4059549570083618,0
1212,3081,0.4044342339038849,0
1212,2233,0.4083946943283081,0
1212,3214,0.4150044918060303,0
1212,2993,0.41572296619415283,0
1212,2425,0.408393919467926,0
2039,2039,0.40718725323677063,1
2039,3596,0.41268661618232727,0
2039,2532,0.4064370095729828,0
2039,2284,0.41602596640586853,0
2039,2935,0.40989983081817627,0
2039,2519,0.41452330350875854,0
2039,1746,0.4166039824485779,0
2039,584,0.4110373556613922,0
2039,3157,0.41330403089523315,0
2039,3384,0.4157281517982483,0
2039,1549,0.41294345259666443,0
2039,1285,0.4132646918296814,0
2039,415,0.41336309909820557,0
2039,1406,0.40997225046157837,0
2039,1128,0.41380223631858826,0
2039,4176,0.408075749874115,0
2039,2821,0.4129527807235718,0
2039,574,0.41678524017333984,0
2039,2175,0.4239218235015869,0
2039,3373,0.40920811891555786,0
2444,2444,0.4002377390861511,1
2444,496,0.39681702852249146,0
2444,3909,0.399804025888443,0
2444,1807,0.41052621603012085,0
2444,2138,0.40080320835113525,0
2444,124,0.40750181674957275,0
2444,3530,0.4024966359138489,0
2444,2434,0.4073539078235626,0
2444,2266,0.40785425901412964,0
2444,1377,0.4071378707885742,0
2444,3546,0.4118303656578064,0
2444,3751,0.4082070291042328,0
2444,1085,0.40931084752082825,0
2444,777,0.4044351577758789,0
2444,2088,0.42219358682632446,0
2444,1174,0.4127955436706543,0
2444,1493,0.40824469923973083,0
2444,880,0.406183123588562,0
2444,3658,0.4180261492729187,0
2444,1413,0.40658333897590637,0
137,137,0.40938568115234375,1
137,450,0.4081532061100006,0
137,2972,0.4057449698448181,0
137,1103,0.41219526529312134,0
137,628,0.40757429599761963,0
137,1295,0.40952831506729126,0
137,2542,0.4179873466491699,0
137,594,0.40483349561691284,0
137,1504,0.4098600149154663,0
137,1773,0.416867733001709,0
137,3664,0.40663498640060425,0
137,3909,0.40444329380989075,0
137,3605,0.41059279441833496,0
137,3965,0.4165659546852112,0
137,526,0.4107968807220459,0
137,3344,0.4119115173816681,0
137,2198,0.4139164686203003,0
137,3682,0.40930989384651184,0
137,2263,0.4132292866706848,0
137,2341,0.40486985445022583,0
3719,3719,0.410682737827301,1
3719,2348,0.4210667610168457,0
3719,1641,0.4148896038532257,0
3719,2877,0.4240623116493225,0
3719,2601,0.4155467450618744,0
3719,389,0.41666752099990845,0
3719,3343,0.41104891896247864,0
3719,1956,0.4133211374282837,0
3719,66,0.4130770266056061,0
3719,3060,0.41993069648742676,0
3719,317,0.4163685441017151,0
3719,2811,0.41800457239151,0
3719,4101,0.42133069038391113,0
3719,3305,0.41549035906791687,0
3719,3494,0.4205746352672577,0
3719,2963,0.419150173664093,0
3719,3233,0.4285709857940674,0
3719,2002,0.4266554117202759,0
3719,94,0.415546178817749,0
3719,2310,0.4222775101661682,0
337,337,0.41474685072898865,1
337,3032,0.41720980405807495,0
337,2635,0.4087516665458679,0
337,2442,0.4132286012172699,0
337,1753,0.41229450702667236,0
337,2169,0.413366436958313,0
337,271,0.41860759258270264,0
337,853,0.41453853249549866,0
337,1965,0.416028767824173,0
337,4044,0.41567933559417725,0
337,3408,0.40799063444137573,0
337,136,0.40830156207084656,0
337,3174,0.40882179141044617,0
337,837,0.41884687542915344,0
337,1252,0.41296547651290894,0
337,3072,0.4142533242702484,0
337,3939,0.41446593403816223,0
337,4161,0.41014158725738525,0
337,548,0.4071804881095886,0
337,3311,0.4105488657951355,0
3958,3958,0.40850764513015747,1
3958,3730,0.3996095657348633,0
3958,2640,0.40517228841781616,0
3958,154,0.39666205644607544,0
3958,3473,0.4029994010925293,0
3958,3636,0.40798115730285645,0
3958,1429,0.40208280086517334,0
3958,2738,0.4023159146308899,0
3958,1725,0.41115766763687134,0
3958,3889,0.4030616283416748,0
3958,2150,0.4104258120059967,0
3958,1165,0.4072193503379822,0
3958,1909,0.4025992751121521,0
3958,3817,0.4067062437534332,0
3958,663,0.4058324098587036,0
3958,3921,0.40788188576698303,0
3958,963,0.40533366799354553,0
3958,3903,0.40113478899002075,0
3958,1020,0.4004036784172058,0
3958,959,0.40635842084884644,0
4086,4086,0.4080207347869873,1
4086,2181,0.4094446897506714,0
4086,145,0.4135819673538208,0
4086,575,0.41719430685043335,0
4086,2129,0.4099733233451843,0
4086,853,0.41550955176353455,0
4086,1941,0.4192952513694763,0
4086,754,0.41857579350471497,0
4086,1760,0.4118102192878723,0
4086,1717,0.41283929347991943,0
4086,88,0.4169473946094513,0
4086,336,0.4132123589515686,0
4086,4071,0.41557836532592773,0
4086,606,0.4072813391685486,0
4086,1887,0.4097616374492645,0
4086,981,0.4135720133781433,0
4086,1862,0.4097886383533478,0
4086,1186,0.41775625944137573,0
4086,1928,0.41246622800827026,0
4086,1084,0.416978120803833,0
3537,3537,0.4172976016998291,1
3537,885,0.41950705647468567,0
3537,2364,0.41846925020217896,0
3537,1011,0.4231928288936615,0
3537,4109,0.42534250020980835,0
3537,1736,0.4167635440826416,0
3537,3451,0.41879475116729736,0
3537,3015,0.4253648817539215,0
3537,1093,0.41678494215011597,0
3537,3778,0.4134501814842224,0
3537,706,0.42084261775016785,0
3537,2866,0.41567718982696533,0
3537,2579,0.42166081070899963,0
3537,1988,0.4173724055290222,0
3537,381,0.41696667671203613,0
3537,3326,0.4163418412208557,0
3537,521,0.4255501627922058,0
3537,3011,0.4152955114841461,0
3537,905,0.4301702380180359,0
3537,3171,0.41397982835769653,0
90,90,0.4014950692653656,1
90,382,0.4025135040283203,0
90,3314,0.4057283401489258,0
90,2584,0.3993144631385803,0
90,1042,0.40610405802726746,0
90,1176,0.4033011198043823,0
90,2316,0.4043060541152954,0
90,4038,0.40566694736480713,0
90,1198,0.40183353424072266,0
90,512,0.4046649932861328,0
90,451,0.40893739461898804,0
90,2315,0.40610337257385254,0
90,254,0.40261515974998474,0
90,993,0.4092819094657898,0
90,2760,0.4088723063468933,0
90,1147,0.4070797264575958,0
90,981,0.40559208393096924,0
90,3877,0.4121491611003876,0
90,3216,0.4065512418746948,0
90,2409,0.40397679805755615,0
2134,2134,0.4166179895401001,1
2134,3070,0.4131629467010498,0
2134,3897,0.4204696714878082,0
2134,3810,0.41392356157302856,0
2134,1176,0.41378262639045715,0
2134,1842,0.4206621050834656,0
2134,1521,0.41158849000930786,0
2134,751,0.4168166220188141,0
2134,1129,0.4125402569770813,0
2134,3569,0.4198070764541626,0
2134,2817,0.4119126796722412,0
2134,540,0.4129919707775116,0
2134,3805,0.416654109954834,0
2134,3546,0.421799898147583,0
2134,3698,0.4122120440006256,0
2134,1540,0.42054814100265503,0
2134,3085,0.4213429391384125,0
2134,1265,0.4120955765247345,0
2134,514,0.41434285044670105,0
2134,740,0.4130106568336487,0
2432,2432,0.41165828704833984,1
2432,3607,0.4157242774963379,0
2432,1286,0.41470617055892944,0
2432,1547,0.4214223027229309,0
2432,2319,0.41218942403793335,0
2432,997,0.4079970121383667,0
2432,2042,0.41201600432395935,0
2432,1600,0.4152255356311798,0
2432,88,0.4159085750579834,0
2432,774,0.41360780596733093,0
2432,2654,0.41830626130104065,0
2432,3016,0.41513165831565857,0
2432,472,0.4186874032020569,0
2432,552,0.4098106026649475,0
2432,979,0.4153708219528198,0
2432,4128,0.4148642420768738,0
2432,1526,0.4112027883529663,0
2432,2436,0.4147622585296631,0
2432,1321,0.4187132716178894,0
2432,2169,0.4125491976737976,0
391,391,0.4071260690689087,1
391,2680,0.41856271028518677,0
391,3744,0.4129024147987366,0
391,3128,0.41207948327064514,0
391,1712,0.41068506240844727,0
391,3772,0.40947410464286804,0
391,2959,0.4159085750579834,0
391,1797,0.41781875491142273,0
391,1723,0.4094585180282593,0
391,2556,0.4092026352882385,0
391,3020,0.40837180614471436,0
391,3375,0.41156435012817383,0
391,4154,0.4174397587776184,0
391,2829,0.40939924120903015,0
391,2113,0.4083155691623688,0
391,3045,0.40769219398498535,0
391,978,0.4082035720348358,0
391,3356,0.41275113821029663,0
391,2817,0.40757110714912415,0
391,829,0.4117923676967621,0
1313,1313,0.4183737635612488,1
1313,3467,0.4270033836364746,0
1313,1656,0.41751426458358765,0
1313,2079,0.42764031887054443,0
1313,157,0.4202999770641327,0
1313,3149,0.42003899812698364,0
1313,3033,0.4108618497848511,0
1313,1694,0.4152294397354126,0
1313,3522,0.42201948165893555,0
1313,2563,0.4155675768852234,0
1313,709,0.41936418414115906,0
1313,1909,0.41667211055755615,0
1313,1267,0.4169318675994873,0
1313,436,0.41557031869888306,0
1313,127,0.41638654470443726,0
1313,1058,0.41820216178894043,0
1313,1806,0.42865461111068726,0
1313,675,0.4163062572479248,0
1313,916,0.41707348823547363,0
1313,1131,0.41940855979919434,0
1341,1341,0.42093753814697266,1
1341,3309,0.4120507836341858,0
1341,1306,0.421592652797699,0
1341,935,0.4099872410297394,0
1341,2393,0.4211609363555908,0
1341,2224,0.4254530072212219,0
1341,818,0.4168999195098877,0
1341,2578,0.4196104407310486,0
1341,840,0.4148136079311371,0
1341,3761,0.4171156883239746,0
1341,2168,0.412005215883255,0
1341,1931,0.4145801365375519,0
1341,4061,0.4162231981754303,0
1341,4007,0.4215557873249054,0
1341,1366,0.41550976037979126,0
1341,1933,0.41739293932914734,0
1341,71,0.40703004598617554,0
1341,2200,0.417441725730896,0
1341,2245,0.41868484020233154,0
1341,3333,0.41695636510849,0
3177,3177,0.41101765632629395,1
3177,2302,0.415982186794281,0
3177,4144,0.4086649715900421,0
3177,3857,0.41496020555496216,0
3177,1311,0.41122570633888245,0
3177,2014,0.40001583099365234,0
3177,1221,0.41361138224601746,0
3177,1732,0.41313326358795166,0
3177,4077,0.422942191362381,0
3177,1980,0.4055827260017395,0
3177,1696,0.4129730463027954,0
3177,1652,0.4215981066226959,0
3177,1063,0.4046936333179474,0
3177,2280,0.4165641665458679,0
3177,2258,0.4198540449142456,0
3177,2313,0.40980541706085205,0
3177,3409,0.4087873697280884,0
3177,1955,0.41158121824264526,0
3177,1330,0.4089958965778351,0
3177,2754,0.40855687856674194,0
3299,3299,0.40974900126457214,1
3299,526,0.41225993633270264,0
3299,1367,0.41403359174728394,0
3299,3047,0.4094863533973694,0
3299,2075,0.41880354285240173,0
3299,3856,0.41118842363357544,0
3299,1743,0.41834574937820435,0
3299,1549,0.4102976620197296,0
3299,1295,0.4105420708656311,0
3299,279,0.410214364528656,0
3299,2959,0.41635870933532715,0
3299,2314,0.4176117777824402,0
3299,3361,0.4139900207519531,0
3299,2435,0.41828131675720215,0
3299,371,0.4077299237251282,0
3299,748,0.40979090332984924,0
3299,2750,0.41400182247161865,0
3299,1871,0.41477417945861816,0
3299,1586,0.40952491760253906,0
3299,4040,0.41123801469802856,0
1472,1472,0.40984010696411133,1
1472,1273,0.40870875120162964,0
1472,3171,0.40996652841567993,0
1472,217,0.4058728814125061,0
1472,1196,0.41562914848327637,0
1472,3749,0.41295403242111206,0
1472,2164,0.421154260635376,0
1472,1079,0.4104604721069336,0
1472,3554,0.42011791467666626,0
1472,2625,0.41092807054519653,0
1472,163,0.413332462310791,0
1472,3951,0.41555994749069214,0
1472,3039,0.41995909810066223,0
1472,2524,0.41660869121551514,0
1472,3647,0.41326624155044556,0
1472,3891,0.4160548746585846,0
1472,837,0.4209030866622925,0
1472,1564,0.4130082130432129,0
1472,3357,0.41594234108924866,0
1472,971,0.41654330492019653,0
2114,2114,0.40903857350349426,1
2114,3553,0.4149499535560608,0
2114,3998,0.41431066393852234,0
2114,3698,0.4104667007923126,0
2114,2685,0.4171099066734314,0
2114,414,0.4137375056743622,0
2114,1445,0.41062894463539124,0
2114,789,0.4128248691558838,0
2114,1948,0.41821736097335815,0
2114,1080,0.41387516260147095,0
2114,89,0.4129944443702698,0
2114,185,0.41060277819633484,0
2114,2553,0.4074360132217407,0
2114,1257,0.4144010543823242,0
2114,1192,0.41814225912094116,0
2114,1263,0.4164540767669678,0
2114,1878,0.4135022759437561,0
2114,3760,0.4096348285675049,0
2114,2354,0.4132342040538788,0
2114,2455,0.4155896306037903,0
1871,1871,0.4192352890968323,1
1871,325,0.4114266633987427,0
1871,3421,0.41639095544815063,0
1871,1966,0.42239513993263245,0
1871,1347,0.41321417689323425,0
1871,1823,0.40960168838500977,0
1871,3615,0.41557350754737854,0
1871,454,0.4169502854347229,0
1871,3446,0.41549330949783325,0
1871,1216,0.4064459502696991,0
1871,579,0.4141949415206909,0
1871,3784,0.4125075340270996,0
1871,651,0.42160266637802124,0
1871,2511,0.41562485694885254,0
1871,526,0.4162921905517578,0
1871,4178,0.415922075510025,0
1871,1435,0.4148510694503784,0
1871,696,0.40398016571998596,0
1871,3207,0.4202314615249634,0
1871,830,0.411277711391449,0
1288,1288,0.4201836585998535,1
1288,4104,0.4128071367740631,0
1288,406,0.41449663043022156,0
1288,3459,0.4239795207977295,0
1288,303,0.4167598485946655,0
1288,74,0.4177923798561096,0
1288,1420,0.4237430989742279,0
1288,131,0.41381770372390747,0
1288,3616,0.41296881437301636,0
1288,3571,0.4173244833946228,0
1288,557,0.4223902225494385,0
1288,2427,0.41811051964759827,0
1288,1048,0.41544419527053833,0
1288,2544,0.42201709747314453,0
1288,2508,0.41693294048309326,0
1288,278,0.41913095116615295,0
1288,258,0.40951454639434814,0
1288,1335,0.41642895340919495,0
1288,4089,0.4174295663833618,0
1288,1948,0.42135360836982727,0
1861,1861,0.4096182584762573,1
1861,2185,0.41700080037117004,0
1861,2659,0.42073386907577515,0
1861,523,0.41400784254074097,0
1861,1227,0.42053407430648804,0
1861,589,0.41591399908065796,0
1861,4114,0.4170376658439636,0
1861,1396,0.41455602645874023,0
1861,48,0.4158422648906708,0
1861,3737,0.41587138175964355,0
1861,214,0.41582733392715454,0
1861,1975,0.412420392036438,0
1861,124,0.4168855845928192,0
1861,3108,0.40897703170776367,0
1861,3721,0.4155873656272888,0
1861,2522,0.4231700301170349,0
1861,448,0.41244184970855713,0
1861,2263,0.41802269220352173,0
1861,1536,0.4148986041545868,0
1861,3751,0.41764140129089355,0
689,689,0.42457178235054016,1
689,2998,0.4191068410873413,0
689,2494,0.4083242416381836,0
689,3262,0.4144842028617859,0
689,4032,0.41281551122665405,0
689,2823,0.413358211517334,0
689,1774,0.4116656482219696,0
689,1723,0.41484326124191284,0
689,133,0.4174715578556061,0
689,1553,0.41421809792518616,0
689,188,0.4259246289730072,0
689,2632,0.41555193066596985,0
689,2994,0.42521631717681885,0
689,2593,0.41642218828201294,0
689,2074,0.41869640350341797,0
689,1544,0.4169217646121979,0
689,3889,0.41406476497650146,0
689,4146,0.4195386469364166,0
689,2046,0.41405439376831055,0
689,1593,0.4178643524646759,0
961,961,0.41528987884521484,1
961,2126,0.41532841324806213,0
961,2549,0.4135996103286743,0
961,1445,0.41431307792663574,0
961,1803,0.41507434844970703,0
961,1736,0.41565197706222534,0
961,1729,0.4204418659210205,0
961,2968,0.4158995747566223,0
961,673,0.4209328293800354,0
961,326,0.42229047417640686,0
961,3107,0.43458354473114014,0
961,3531,0.41656118631362915,0
961,1392,0.4155659079551697,0
961,4154,0.42319273948669434,0
961,1409,0.41305577754974365,0
961,914,0.4194091856479645,0
961,761,0.4178135395050049,0
961,744,0.4112352132797241,0
961,472,0.4239652156829834,0
961,1202,0.41801929473876953,0
36,36,0.4206620454788208,1
36,2847,0.42037540674209595,0
36,345,0.4243473708629608,0
36,2813,0.4116986393928528,0
36,339,0.41730624437332153,0
36,1269,0.4169985055923462,0
36,2275,0.402382493019104,0
36,2268,0.4212917685508728,0
36,3265,0.4174194931983948,0
36,1550,0.41845133900642395,0
36,221,0.41219258308410645,0
36,2703,0.41890597343444824,0
36,1607,0.41163796186447144,0
36,2375,0.4145013093948364,0
36,4096,0.4104468822479248,0
36,1907,0.41712895035743713,0
36,3135,0.4101095199584961,0
36,3328,0.41808587312698364,0
36,1501,0.41835644841194153,0
36,2446,0.4104050397872925,0
290,290,0.4085279703140259,1
290,2303,0.4030606150627136,0
290,4123,0.40105438232421875,0
290,2865,0.41059610247612,0
290,2717,0.41282641887664795,0
290,1642,0.40648436546325684,0
290,1933,0.40787333250045776,0
290,1308,0.4065591096878052,0
290,4075,0.4095360040664673,0
290,3200,0.4123479723930359,0
290,2578,0.409803569316864,0
290,3645,0.4079427719116211,0
290,901,0.4076966345310211,0
290,2711,0.395607054233551,0
290,2189,0.41529199481010437,0
290,1476,0.40050941705703735,0
290,491,0.40486589074134827,0
290,1619,0.41180336475372314,0
290,369,0.4074903130531311,0
290,2948,0.4154295325279236,0
1559,1559,0.41883590817451477,1
1559,3776,0.41797012090682983,0
1559,71,0.40854811668395996,0
1559,2626,0.419556200504303,0
1559,485,0.4172196686267853,0
1559,2246,0.4158392548561096,0
1559,1070,0.4200187921524048,0
1559,340,0.4152671992778778,0
1559,2672,0.4167048931121826,0
1559,3668,0.42142510414123535,0
1559,1112,0.41602227091789246,0
1559,1100,0.4186443090438843,0
1559,1329,0.41458502411842346,0
1559,4101,0.42071333527565,0
1559,1437,0.41039353609085083,0
1559,4115,0.4182352125644684,0
1559,1283,0.42542725801467896,0
1559,1697,0.4155292809009552,0
1559,331,0.4241090416908264,0
1559,2666,0.42240145802497864,0
3192,3192,0.4053814113140106,1
3192,3798,0.41293632984161377,0
3192,112,0.408693790435791,0
3192,2543,0.416002094745636,0
3192,1377,0.41432619094848633,0
3192,1413,0.4131644666194916,0
3192,93,0.4096199870109558,0
3192,2689,0.41439685225486755,0
3192,484,0.412686824798584,0
3192,2540,0.41100287437438965,0
3192,2565,0.41467827558517456,0
3192,1508,0.4130806624889374,0
3192,4086,0.40696659684181213,0
3192,714,0.40885716676712036,0
3192,1447,0.41316866874694824,0
3192,1092,0.41364413499832153,0
3192,620,0.4104456901550293,0
3192,1422,0.4035164713859558,0
3192,726,0.4197274446487427,0
3192,4080,0.4089649021625519,0
1198,1198,0.41557028889656067,1
1198,2803,0.42591699957847595,0
1198,686,0.421137273311615,0
1198,3396,0.41956356167793274,0
1198,3384,0.42039015889167786,0
1198,1328,0.42018917202949524,0
1198,1060,0.41465288400650024,0
1198,4119,0.41848522424697876,0
1198,602,0.4240240156650543,0
1198,1844,0.42748647928237915,0
1198,2232,0.41589683294296265,0
1198,1208,0.4195210933685303,0
1198,2030,0.4242069125175476,0
1198,827,0.4270876348018646,0
1198,1027,0.41782891750335693,0
1198,2323,0.41967475414276123,0
1198,1119,0.422905296087265,0
1198,3531,0.4188878834247589,0
1198,3773,0.4223029613494873,0
1198,2818,0.4238665699958801,0
2023,2023,0.4135058522224426,1
2023,2115,0.40610599517822266,0
2023,240,0.4069109857082367,0
2023,3797,0.4131772518157959,0
2023,3875,0.40542930364608765,0
2023,506,0.41043180227279663,0
2023,2249,0.41826334595680237,0
2023,839,0.4030320942401886,0
2023,2600,0.40677058696746826,0
2023,226,0.4082503020763397,0
2023,4085,0.41220623254776,0
2023,3306,0.40537285804748535,0
2023,2269,0.4057416021823883,0
2023,2703,0.4145015478134155,0
2023,2529,0.4070335626602173,0
2023,4095,0.40426748991012573,0
2023,2679,0.41057050228118896,0
2023,1955,0.4117896854877472,0
2023,2502,0.41001641750335693,0
2023,2633,0.4092380404472351,0
1725,1725,0.41452687978744507,1
1725,2707,0.4095967411994934,0
1725,4044,0.4117227792739868,0
1725,2557,0.405213326215744,0
1725,2340,0.4049414098262787,0
1725,955,0.4056701958179474,0
1725,1409,0.40473413467407227,0
1725,1187,0.40730705857276917,0
1725,1079,0.40521883964538574,0
1725,904,0.4066343903541565,0
1725,315,0.40845996141433716,0
1725,598,0.40682393312454224,0
1725,1955,0.4110141694545746,0
1725,3548,0.40760868787765503,0
1725,564,0.41394710540771484,0
1725,3689,0.40970930457115173,0
1725,410,0.4086088240146637,0
1725,1974,0.4028586745262146,0
1725,3130,0.4071178734302521,0
1725,3950,0.4107649624347687,0
1356,1356,0.4121437668800354,1
1356,2669,0.42361128330230713,0
1356,2927,0.4114978015422821,0
1356,2763,0.4113881289958954,0
1356,235,0.4173075556755066,0
1356,1405,0.4164195656776428,0
1356,797,0.41920700669288635,0
1356,2822,0.41779208183288574,0
1356,1474,0.41364550590515137,0
1356,2250,0.40692126750946045,0
1356,1184,0.42029547691345215,0
1356,2527,0.42566174268722534,0
1356,3384,0.41727423667907715,0
1356,29,0.4135098159313202,0
1356,3089,0.4139852523803711,0
1356,2748,0.416104793548584,0
1356,766,0.4187052249908447,0
1356,2714,0.41746628284454346,0
1356,3928,0.41699737310409546,0
1356,1595,0.4091752767562866,0
3818,3818,0.4220028817653656,1
3818,2790,0.42264673113822937,0
3818,890,0.41076210141181946,0
3818,851,0.4162560701370239,0
3818,1084,0.4171724319458008,0
3818,398,0.41022205352783203,0
3818,3879,0.4159541130065918,0
3818,2272,0.41436806321144104,0
3818,159,0.4156741797924042,0
3818,93,0.41051173210144043,0
3818,152,0.41967642307281494,0
3818,3871,0.41147857904434204,0
3818,3174,0.4096077084541321,0
3818,1025,0.4161025881767273,0
3818,1199,0.41504091024398804,0
3818,3969,0.41218626499176025,0
3818,3933,0.41370445489883423,0
3818,3822,0.42106956243515015,0
3818,3919,0.4129059910774231,0
3818,3095,0.4204714000225067,0
4148,4148,0.4054110646247864,1
4148,2472,0.40630587935447693,0
4148,1391,0.4166765809059143,0
4148,2130,0.40968599915504456,0
4148,3073,0.4140860140323639,0
4148,3137,0.4228328466415405,0
4148,4029,0.4078543186187744,0
4148,4048,0.41496574878692627,0
4148,1123,0.40546733140945435,0
4148,4114,0.41368257999420166,0
4148,3322,0.4114559590816498,0
4148,598,0.4100024104118347,0
4148,286,0.4148511588573456,0
4148,3461,0.40944260358810425,0
4148,3616,0.4068326950073242,0
4148,3575,0.4111669361591339,0
4148,480,0.4072732925415039,0
4148,2467,0.411857545375824,0
4148,887,0.40725380182266235,0
4148,3765,0.4187808930873871,0
4085,4085,0.4115558862686157,1
4085,1590,0.4064180850982666,0
4085,770,0.4144843518733978,0
4085,1911,0.4102083444595337,0
4085,2642,0.4081077575683594,0
4085,2838,0.41218116879463196,0
4085,3065,0.4072951674461365,0
4085,3508,0.4128325879573822,0
4085,3030,0.4149932563304901,0
4085,1061,0.4092288017272949,0
4085,1281,0.40916019678115845,0
4085,2697,0.4072868227958679,0
4085,1579,0.4090317487716675,0
4085,3017,0.4064924716949463,0
4085,2812,0.41402989625930786,0
4085,620,0.407223641872406,0
4085,2221,0.40066277980804443,0
4085,1204,0.40653926134109497,0
4085,1903,0.40871700644493103,0
4085,3983,0.4012955129146576,0
3250,3250,0.4019232392311096,1
3250,2712,0.41654151678085327,0
3250,1135,0.4044279158115387,0
3250,2130,0.4046037197113037,0
3250,1299,0.40763285756111145,0
3250,818,0.4071127772331238,0
3250,1607,0.4044108986854553,0
3250,1190,0.40694648027420044,0
3250,819,0.40832027792930603,0
3250,1322,0.4064912497997284,0
3250,2853,0.4194421172142029,0
3250,525,0.4050191044807434,0
3250,1544,0.4051961302757263,0
3250,3960,0.4038406014442444,0
3250,703,0.40176475048065186,0
3250,1623,0.40303856134414673,0
3250,1626,0.404099702835083,0
3250,1289,0.4062219262123108,0
3250,1702,0.4052569568157196,0
3250,2621,0.4110717177391052,0
714,714,0.4176480770111084,1
714,49,0.4157928228378296,0
714,1670,0.4288812279701233,0
714,3262,0.41917917132377625,0
714,1159,0.4232726991176605,0
714,355,0.4193023145198822,0
714,1191,0.42009639739990234,0
714,1752,0.4241173565387726,0
714,2876,0.426662415266037,0
714,1307,0.4244158864021301,0
714,532,0.4198944568634033,0
714,3167,0.42216116189956665,0
714,3937,0.42306602001190186,0
714,2322,0.4183991551399231,0
714,2296,0.41813552379608154,0
714,3687,0.42570585012435913,0
714,2439,0.4192063510417938,0
714,4058,0.419771671295166,0
714,1199,0.42289143800735474,0
714,3845,0.4129992723464966,0
2657,2657,0.41983330249786377,1
2657,3776,0.4222489893436432,0
2657,1513,0.4246792197227478,0
2657,1762,0.4218728542327881,0
2657,622,0.4225232005119324,0
2657,1830,0.4267389178276062,0
2657,1355,0.42209672927856445,0
2657,608,0.42596516013145447,0
2657,425,0.4227243661880493,0
2657,2248,0.4217824339866638,0
2657,1174,0.4293077290058136,0
2657,977,0.423547625541687,0
2657,1487,0.42485421895980835,0
2657,2662,0.41746628284454346,0
2657,777,0.4205031096935272,0
2657,659,0.4182712435722351,0
2657,1202,0.422269731760025,0
2657,1615,0.4214724898338318,0
2657,3886,0.4303065538406372,0
2657,2668,0.42443132400512695,0
1534,1534,0.4089512228965759,1
1534,3550,0.4115239083766937,0
1534,2689,0.41091710329055786,0
1534,2048,0.4088345766067505,0
1534,4038,0.4102879762649536,0
1534,3005,0.40544742345809937,0
1534,3736,0.4041742980480194,0
1534,691,0.41526174545288086,0
1534,2110,0.4156433641910553,0
1534,4053,0.40251046419143677,0
1534,175,0.40592247247695923,0
1534,1216,0.40019330382347107,0
1534,2825,0.4114018678665161,0
1534,1490,0.4156864881515503,0
1534,191,0.4163735508918762,0
1534,4025,0.4102456569671631,0
1534,4120,0.4177527129650116,0
1534,1298,0.417832612991333,0
1534,698,0.4159091114997864,0
1534,3360,0.41064292192459106,0
1705,1705,0.40600013732910156,1
1705,1703,0.4115612208843231,0
1705,2078,0.40702447295188904,0
1705,3356,0.4122963547706604,0
1705,2249,0.41962891817092896,0
1705,946,0.4160277843475342,0
1705,1963,0.4109961986541748,0
1705,254,0.4084213078022003,0
1705,148,0.4090937674045563,0
1705,594,0.40496519207954407,0
1705,1378,0.415401816368103,0
1705,724,0.4163035750389099,0
1705,268,0.40868744254112244,0
1705,4011,0.4169893264770508,0
1705,3158,0.408963680267334,0
1705,1190,0.4116848409175873,0
1705,2904,0.41008156538009644,0
1705,1990,0.4116949439048767,0
1705,3010,0.40767353773117065,0
1705,1601,0.4170820415019989,0
3058,3058,0.42118337750434875,1
3058,4006,0.42550501227378845,0
3058,3654,0.41254281997680664,0
3058,2382,0.4155871868133545,0
3058,1927,0.41885584592819214,0
3058,1184,0.4217199683189392,0
3058,288,0.4304894208908081,0
3058,837,0.423428475856781,0
3058,3473,0.4140588045120239,0
3058,1876,0.42501911520957947,0
3058,811,0.4132763147354126,0
3058,3402,0.4221212863922119,0
3058,1508,0.4182998239994049,0
3058,1695,0.42198416590690613,0
3058,923,0.4119778573513031,0
3058,3120,0.41524532437324524,0
3058,985,0.40848857164382935,0
3058,2457,0.4194653630256653,0
3058,2257,0.41500788927078247,0
3058,468,0.41414475440979004,0
3426,3426,0.41759243607521057,1
3426,4101,0.421204149723053,0
3426,3682,0.41628140211105347,0
3426,319,0.4180540144443512,0
3426,172,0.4157567024230957,0
3426,1418,0.4179617762565613,0
3426,1716,0.41821756958961487,0
3426,1549,0.4156063199043274,0
3426,2256,0.4128152132034302,0
3426,1744,0.42002731561660767,0
3426,243,0.4125223457813263,0
3426,4110,0.42165541648864746,0
3426,3234,0.4148581624031067,0
3426,3260,0.4237333834171295,0
3426,3376,0.415406733751297,0
3426,2879,0.4126114547252655,0
3426,2154,0.41583892703056335,0
3426,1958,0.41533201932907104,0
3426,2592,0.42005980014801025,0
3426,2049,0.40615925192832947,0
2901,2901,0.4121410846710205,1
2901,2573,0.4168093800544739,0
2901,2414,0.42043960094451904,0
2901,3216,0.41682544350624084,0
2901,2759,0.41324955224990845,0
2901,1940,0.4190371632575989,0
2901,3085,0.4213237762451172,0
2901,258,0.4070677161216736,0
2901,3904,0.4103689193725586,0
2901,4024,0.41884005069732666,0
2901,3050,0.415500283241272,0
2901,1433,0.41833239793777466,0
2901,2028,0.4145553708076477,0
2901,1534,0.4146135449409485,0
2901,858,0.4189317226409912,0
2901,3503,0.4094957709312439,0
2901,1492,0.4189692735671997,0
2901,3953,0.41550213098526,0
2901,3434,0.4168778657913208,0
2901,180,0.41468316316604614,0
113,113,0.41067424416542053,1
113,3957,0.40555259585380554,0
113,2920,0.41151857376098633,0
113,3012,0.40530258417129517,0
113,1116,0.41052430868148804,0
113,2195,0.40935832262039185,0
113,67,0.4061586260795593,0
113,3817,0.4105178415775299,0
113,945,0.41191565990448,0
113,3,0.4180019199848175,0
113,2117,0.4139529764652252,0
113,3952,0.40955740213394165,0
113,3812,0.40606608986854553,0
113,4066,0.4105265736579895,0
113,668,0.41327786445617676,0
113,1309,0.41423749923706055,0
113,4062,0.4125801920890808,0
113,3879,0.41158372163772583,0
113,476,0.41298049688339233,0
113,382,0.40668803453445435,0
1675,1675,0.41146010160446167,1
1675,529,0.40947389602661133,0
1675,257,0.41053664684295654,0
1675,2268,0.4221345782279968,0
1675,2,0.4114335775375366,0
1675,385,0.40845465660095215,0
1675,3862,0.4155099391937256,0
1675,3094,0.4156898856163025,0
1675,1833,0.40898531675338745,0
1675,2964,0.41247761249542236,0
1675,3236,0.42085134983062744,0
1675,3709,0.41463321447372437,0
1675,2229,0.41386574506759644,0
1675,100,0.4150595963001251,0
1675,1422,0.40547609329223633,0
1675,1618,0.4136316478252411,0
1675,2240,0.4270870089530945,0
1675,1247,0.4133557677268982,0
1675,1923,0.4166695773601532,0
1675,2882,0.41022953391075134,0
3693,3693,0.4163641929626465,1
3693,3219,0.413019061088562,0
3693,100,0.4133910536766052,0
3693,1685,0.4179919958114624,0
3693,798,0.41624724864959717,0
3693,3281,0.41073116660118103,0
3693,3071,0.4024701416492462,0
3693,172,0.41125059127807617,0
3693,490,0.41351646184921265,0
3693,2534,0.4167991280555725,0
3693,2358,0.4177047610282898,0
3693,1539,0.4131724536418915,0
3693,1928,0.4114633798599243,0
3693,3144,0.41517505049705505,0
3693,1759,0.41633373498916626,0
3693,486,0.4113273620605469,0
3693,3926,0.4071589410305023,0
3693,1432,0.4113578200340271,0
3693,831,0.4134055972099304,0
3693,2676,0.4084179401397705,0
3966,3966,0.3989688754081726,1
3966,2091,0.4082474112510681,0
3966,343,0.4140359163284302,0
3966,1155,0.40784186124801636,0
3966,3973,0.4113103747367859,0
3966,1194,0.4064136743545532,0
3966,1147,0.4109562337398529,0
3966,657,0.4112481474876404,0
3966,1494,0.40630921721458435,0
3966,3697,0.40796470642089844,0
3966,564,0.414082407951355,0
3966,3645,0.4096311628818512,0
3966,2869,0.40608668327331543,0
3966,2269,0.40501850843429565,0
3966,339,0.41229870915412903,0
3966,3492,0.4089517593383789,0
3966,300,0.41007936000823975,0
3966,148,0.40646201372146606,0
3966,3441,0.4095012843608856,0
3966,3547,0.4204174280166626,0
2152,2152,0.41369086503982544,1
2152,522,0.4153428375720978,0
2152,3739,0.4100516438484192,0
2152,1359,0.4091361165046692,0
2152,1784,0.4125034809112549,0
2152,3930,0.4065394401550293,0
2152,411,0.40674930810928345,0
2152,1571,0.41064393520355225,0
2152,884,0.40917640924453735,0
2152,302,0.4092647433280945,0
2152,801,0.4110052287578583,0
2152,3098,0.41117608547210693,0
2152,2434,0.4118821620941162,0
2152,1344,0.41855260729789734,0
2152,2647,0.4056359529495239,0
2152,2801,0.40754804015159607,0
2152,538,0.40942615270614624,0
2152,3876,0.41148415207862854,0
2152,2125,0.41231754422187805,0
2152,590,0.4141966700553894,0
2456,2456,0.41419124603271484,1
2456,3797,0.4159681797027588,0
2456,3501,0.4153444766998291,0
2456,3467,0.41994553804397583,0
2456,2777,0.4133087396621704,0
2456,3942,0.413045734167099,0
2456,555,0.40914756059646606,0
2456,2635,0.4084888696670532,0
2456,1045,0.417209655046463,0
2456,3779,0.4185197651386261,0
2456,363,0.4126744270324707,0
2456,313,0.4097086787223816,0
2456,3972,0.41532519459724426,0
2456,360,0.40701472759246826,0
2456,3259,0.4132538437843323,0
2456,3609,0.4142577648162842,0
2456,3760,0.40786799788475037,0
2456,3,0.4218769073486328,0
2456,3485,0.4113937020301819,0
2456,1919,0.4125976860523224,0
3452,3452,0.41642066836357117,1
3452,2292,0.4133145213127136,0
3452,3384,0.41444289684295654,0
3452,895,0.41309410333633423,0
3452,3254,0.415274053812027,0
3452,2291,0.4155489206314087,0
3452,3397,0.41389578580856323,0
3452,1062,0.41737693548202515,0
3452,3712,0.4112626612186432,0
3452,977,0.41452616453170776,0
3452,1014,0.4160808026790619,0
3452,2938,0.4139641523361206,0
3452,2950,0.42074722051620483,0
3452,48,0.414265513420105,0
3452,3444,0.4086170196533203,0
3452,2466,0.4104931950569153,0
3452,1708,0.41119152307510376,0
3452,2833,0.41173887252807617,0
3452,2158,0.40575429797172546,0
3452,2246,0.41158124804496765,0
159,159,0.4067630171775818,1
159,1941,0.409260630607605,0
159,514,0.40299662947654724,0
159,1554,0.4039302170276642,0
159,1810,0.40594810247421265,0
159,1884,0.40478891134262085,0
159,2129,0.40096282958984375,0
159,1613,0.39978668093681335,0
159,2124,0.4050682783126831,0
159,2179,0.40632760524749756,0
159,3212,0.40682727098464966,0
159,2075,0.4114569425582886,0
159,1993,0.4105569124221802,0
159,100,0.4058297872543335,0
159,440,0.40550631284713745,0
159,628,0.4016607701778412,0
159,1823,0.39862632751464844,0
159,2658,0.4082197844982147,0
159,3198,0.40565988421440125,0
159,4109,0.4116610586643219,0
3501,3501,0.41202181577682495,1
3501,2119,0.4105411767959595,0
3501,933,0.402386337518692,0
3501,3877,0.4162556231021881,0
3501,274,0.4155373275279999,0
3501,2132,0.41235554218292236,0
3501,2810,0.40834930539131165,0
3501,3179,0.41124874353408813,0
3501,2312,0.4091973304748535,0
3501,3965,0.41570621728897095,0
3501,259,0.4008415937423706,0
3501,3065,0.4073736071586609,0
3501,233,0.4157603979110718,0
3501,1821,0.41311538219451904,0
3501,2514,0.41092270612716675,0
3501,4112,0.40567547082901,0
3501,1121,0.4114278554916382,0
3501,3365,0.41047465801239014,0
3501,3863,0.4126412868499756,0
3501,1578,0.4062424302101135,0
49,49,0.40405815839767456,1
49,3584,0.405690997838974,0
49,819,0.4115757942199707,0
49,2929,0.4114685356616974,0
49,3952,0.40956148505210876,0
49,3145,0.4145500361919403,0
49,2255,0.40814974904060364,0
49,4157,0.41043198108673096,0
49,3504,0.410494327545166,0
49,1254,0.41024696826934814,0
49,792,0.4086281657218933,0
49,1051,0.40707629919052124,0
49,2882,0.40503990650177,0
49,426,0.41185304522514343,0
49,1637,0.40737250447273254,0
49,1518,0.4091181755065918,0
49,2992,0.4076964855194092,0
49,3561,0.4084256887435913,0
49,4077,0.42273715138435364,0
49,3305,0.4075479507446289,0
416,416,0.4127218723297119,1
416,53,0.412837952375412,0
416,1229,0.421545147895813,0
416,2081,0.4156097173690796,0
416,3287,0.41740378737449646,0
416,3971,0.4234541058540344,0
416,419,0.42581531405448914,0
416,705,0.41385477781295776,0
416,1740,0.4185977578163147,0
416,3029,0.41516032814979553,0
416,3817,0.41953229904174805,0
416,4077,0.4332885444164276,0
416,2302,0.4253206253051758,0
416,3368,0.42283308506011963,0
416,2078,0.41456443071365356,0
416,904,0.4167427122592926,0
416,2718,0.41851329803466797,0
416,4114,0.42078158259391785,0
416,3464,0.4191993474960327,0
416,3319,0.41583847999572754,0
785,785,0.41498520970344543,1
785,1877,0.419025719165802,0
785,3871,0.41160300374031067,0
785,3203,0.4174492359161377,0
785,2085,0.4126471281051636,0
785,3415,0.4201521873474121,0
785,1931,0.4125836491584778,0
785,2825,0.41677355766296387,0
785,3066,0.40920162200927734,0
785,2156,0.41998234391212463,0
785,1986,0.41440075635910034,0
785,2547,0.41550177335739136,0
785,942,0.41576313972473145,0
785,3669,0.4228076934814453,0
785,223,0.4170421063899994,0
785,3160,0.4123064875602722,0
785,3473,0.4110070765018463,0
785,430,0.4153934717178345,0
785,2503,0.41368716955184937,0
785,2009,0.41315779089927673,0
3103,3103,0.40977758169174194,1
3103,1732,0.42059263586997986,0
3103,609,0.4170241951942444,0
3103,4066,0.4173460602760315,0
3103,2743,0.4179280996322632,0
3103,2433,0.41375261545181274,0
3103,1621,0.4174730181694031,0
3103,483,0.4181699752807617,0
3103,269,0.4228628873825073,0
3103,2987,0.41549772024154663,0
3103,3709,0.4165578782558441,0
3103,3300,0.420443594455719,0
3103,286,0.41939136385917664,0
3103,177,0.4139895439147949,0
3103,3933,0.416689395904541,0
3103,2407,0.4088292121887207,0
3103,4040,0.4159401059150696,0
3103,3623,0.4146989583969116,0
3103,3787,0.41875213384628296,0
3103,1858,0.41797107458114624,0
1531,1531,0.41380494832992554,1
1531,3302,0.41559815406799316,0
1531,1973,0.4106288552284241,0
1531,1443,0.4109060764312744,0
1531,787,0.4115757346153259,0
1531,220,0.4087635576725006,0
1531,2980,0.4106755256652832,0
1531,1376,0.41332918405532837,0
1531,3458,0.41328248381614685,0
1531,1616,0.4255480170249939,0
1531,3942,0.41494518518447876,0
1531,3941,0.4165723919868469,0
1531,4014,0.40921178460121155,0
1531,2262,0.4084513783454895,0
1531,1972,0.41526272892951965,0
1531,2706,0.40909239649772644,0
1531,139,0.41921788454055786,0
1531,979,0.41744017601013184,0
1531,1448,0.4040071964263916,0
1531,2248,0.41469189524650574,0
3916,3916,0.4227403700351715,1
3916,630,0.4224033057689667,0
3916,1831,0.4227850139141083,0
3916,258,0.40918225049972534,0
3916,4070,0.42616912722587585,0
3916,57,0.41782346367836,0
3916,1985,0.41475462913513184,0
3916,1269,0.42147690057754517,0
3916,160,0.4202268719673157,0
3916,2584,0.4114260971546173,0
3916,3837,0.42598146200180054,0
3916,3249,0.42402252554893494,0
3916,748,0.41556280851364136,0
3916,1161,0.4200010597705841,0
3916,3167,0.4183487892150879,0
3916,1703,0.41801345348358154,0
3916,531,0.4196910560131073,0
3916,1217,0.41557833552360535,0
3916,3745,0.4179697632789612,0
3916,479,0.4162484407424927,0
3267,3267,0.42074674367904663,1
3267,980,0.41249150037765503,0
3267,1597,0.4195059537887573,0
3267,3609,0.4232160151004791,0
3267,970,0.4254908263683319,0
3267,643,0.4181266129016876,0
3267,2200,0.4233591854572296,0
3267,427,0.4171334505081177,0
3267,2002,0.4304126501083374,0
3267,1107,0.4250795841217041,0
3267,2646,0.4236215353012085,0
3267,2742,0.4247756004333496,0
3267,3149,0.42185884714126587,0
3267,297,0.42025211453437805,0
3267,2770,0.42152175307273865,0
3267,318,0.42164433002471924,0
3267,1207,0.42199239134788513,0
3267,632,0.4237246513366699,0
3267,269,0.4284418821334839,0
3267,1678,0.42919784784317017,0
1466,1466,0.39903515577316284,1
1466,2899,0.40497133135795593,0
1466,1574,0.4046872854232788,0
1466,2107,0.40160125494003296,0
1466,3335,0.40217962861061096,0
1466,184,0.4042591452598572,0
1466,666,0.40754392743110657,0
1466,1757,0.40738844871520996,0
1466,583,0.41202786564826965,0
1466,2887,0.40481218695640564,0
1466,3123,0.40102052688598633,0
1466,861,0.40884929895401,0
1466,1545,0.4059516191482544,0
1466,4172,0.4115529954433441,0
1466,2058,0.40483927726745605,0
1466,1238,0.414811372756958,0
1466,2127,0.4136373698711395,0
1466,1880,0.4078754186630249,0
1466,682,0.41016218066215515,0
1466,769,0.4028950035572052,0
3238,3238,0.41385647654533386,1
3238,3686,0.41634029150009155,0
3238,2496,0.41793960332870483,0
3238,966,0.41683557629585266,0
3238,934,0.41617193818092346,0
3238,2321,0.42615050077438354,0
3238,576,0.4114491939544678,0
3238,3106,0.41860270500183105,0
3238,1670,0.42254287004470825,0
3238,121,0.4138134717941284,0
3238,1204,0.41206657886505127,0
3238,1276,0.4173009395599365,0
3238,4111,0.41760364174842834,0
3238,1747,0.4174734950065613,0
3238,1754,0.4267948865890503,0
3238,366,0.4212140142917633,0
3238,26,0.40757375955581665,0
3238,3003,0.4188763499259949,0
3238,2272,0.4165835976600647,0
3238,2383,0.41247329115867615,0
2082,2082,0.4161418676376343,1
2082,3327,0.4114178717136383,0
2082,3933,0.41283971071243286,0
2082,2520,0.4146521985530853,0
2082,664,0.41402173042297363,0
2082,1171,0.4191809892654419,0
2082,3364,0.4173014461994171,0
2082,825,0.41370558738708496,0
2082,569,0.40611034631729126,0
2082,3790,0.4102424383163452,0
2082,2326,0.40727150440216064,0
2082,3192,0.4055247902870178,0
2082,3797,0.41638123989105225,0
2082,2135,0.409431517124176,0
2082,1408,0.4157348573207855,0
2082,2605,0.4117580056190491,0
2082,3442,0.41637247800827026,0
2082,3927,0.41155683994293213,0
2082,2808,0.4211789071559906,0
2082,3744,0.4148244559764862,0
2048,2048,0.4112260341644287,1
2048,279,0.4105936288833618,0
2048,3049,0.4251236319541931,0
2048,2125,0.41527101397514343,0
2048,4051,0.4163261353969574,0
2048,1236,0.40391334891319275,0
2048,2281,0.40280476212501526,0
2048,461,0.4143059253692627,0
2048,3695,0.40601882338523865,0
2048,4118,0.40746864676475525,0
2048,1301,0.40957313776016235,0
2048,1493,0.414814293384552,0
2048,3062,0.41485360264778137,0
2048,2702,0.40655940771102905,0
2048,1049,0.4138925075531006,0
2048,1838,0.4077267646789551,0
2048,951,0.41424745321273804,0
2048,1135,0.41012561321258545,0
2048,1242,0.416930615901947,0
2048,3944,0.41199228167533875,0
3620,3620,0.41574451327323914,1
3620,3748,0.4294116497039795,0
3620,2920,0.4210667014122009,0
3620,341,0.42066723108291626,0
3620,3191,0.42114073038101196,0
3620,3415,0.42510247230529785,0
3620,3624,0.4173116683959961,0
3620,2818,0.42365512251853943,0
3620,517,0.4241836965084076,0
3620,425,0.42007768154144287,0
3620,2464,0.4185783267021179,0
3620,2486,0.4230117201805115,0
3620,288,0.4313886761665344,0
3620,1471,0.4206998348236084,0
3620,249,0.4191594123840332,0
3620,2849,0.41557687520980835,0
3620,2871,0.4259670376777649,0
3620,3831,0.41877058148384094,0
3620,1208,0.41908466815948486,0
3620,3585,0.41745686531066895,0
264,264,0.4189925491809845,1
264,2949,0.4105660915374756,0
264,3877,0.4253905415534973,0
264,3456,0.41912412643432617,0
264,2959,0.42350780963897705,0
264,576,0.4139547348022461,0
264,65,0.4180014729499817,0
264,585,0.42237627506256104,0
264,1813,0.42076629400253296,0
264,1764,0.41817206144332886,0
264,1577,0.418772429227829,0
264,3250,0.4132215976715088,0
264,2608,0.42608368396759033,0
264,1503,0.4222746789455414,0
264,1611,0.41497302055358887,0
264,3227,0.4154052734375,0
264,1199,0.41947343945503235,0
264,3648,0.4178939163684845,0
264,1135,0.41630521416664124,0
264,2198,0.4212421178817749,0
370,370,0.41540977358818054,1
370,285,0.40759891271591187,0
370,2547,0.41220903396606445,0
370,2607,0.4154069721698761,0
370,3142,0.4112358093261719,0
370,661,0.41500425338745117,0
370,1974,0.4048106074333191,0
370,3477,0.4071531295776367,0
370,305,0.4061090648174286,0
370,263,0.41161879897117615,0
370,1844,0.41835010051727295,0
370,4147,0.41195160150527954,0
370,3917,0.4096321165561676,0
370,2079,0.41803795099258423,0
370,652,0.4156431555747986,0
370,3638,0.4117979109287262,0
370,1477,0.416363000869751,0
370,3780,0.4100986421108246,0
370,2039,0.40423017740249634,0
370,3365,0.4124406576156616,0
2685,2685,0.4221646189689636,1
2685,1350,0.4150466322898865,0
2685,1557,0.422897070646286,0
2685,2994,0.4264327883720398,0
2685,819,0.4207645058631897,0
2685,2821,0.4168543815612793,0
2685,1686,0.4209297299385071,0
2685,2800,0.4095916748046875,0
2685,2107,0.41341081261634827,0
2685,3017,0.4154071807861328,0
2685,3131,0.41795384883880615,0
2685,292,0.4137219488620758,0
2685,2391,0.40757447481155396,0
2685,897,0.41514211893081665,0
2685,2243,0.4150475561618805,0
2685,4080,0.41547152400016785,0
2685,785,0.4194876551628113,0
2685,1944,0.415000319480896,0
2685,259,0.4100397825241089,0
2685,1829,0.4233173131942749,0
477,477,0.4058997929096222,1
477,686,0.40939927101135254,0
477,368,0.4029899835586548,0
477,1519,0.4100884199142456,0
477,3917,0.4063537120819092,0
477,2525,0.4106929898262024,0
477,4003,0.40389662981033325,0
477,2074,0.4087104797363281,0
477,3528,0.4021967053413391,0
477,2827,0.40403205156326294,0
477,3529,0.40487098693847656,0
477,4084,0.40716540813446045,0
477,1872,0.41332918405532837,0
477,3646,0.4068233370780945,0
477,661,0.4102065861225128,0
477,2211,0.40318846702575684,0
477,38,0.40635329484939575,0
477,2269,0.40312570333480835,0
477,3780,0.40600088238716125,0
477,2941,0.40583956241607666,0
1780,1780,0.4133881628513336,1
1780,4120,0.42151373624801636,0
1780,880,0.41350024938583374,0
1780,636,0.41635221242904663,0
1780,3515,0.4068208932876587,0
1780,3494,0.4155588746070862,0
1780,3017,0.4095920920372009,0
1780,1001,0.4086688160896301,0
1780,2969,0.4185003936290741,0
1780,281,0.4090886116027832,0
1780,1507,0.4086839258670807,0
1780,2043,0.41931065917015076,0
1780,2923,0.41780441999435425,0
1780,2000,0.4179089367389679,0
1780,1333,0.4117928147315979,0
1780,660,0.41771063208580017,0
1780,3508,0.4160512685775757,0
1780,32,0.4107091724872589,0
1780,2807,0.41475605964660645,0
1780,3354,0.4158180356025696,0
1719,1719,0.40461254119873047,1
1719,1298,0.4145399332046509,0
1719,2333,0.40753379464149475,0
1719,2293,0.40392082929611206,0
1719,2652,0.4108014702796936,0
1719,438,0.40723514556884766,0
1719,1980,0.4025445580482483,0
1719,1945,0.4062310457229614,0
1719,822,0.4011598229408264,0
1719,603,0.41449758410453796,0
1719,2387,0.4082617163658142,0
1719,3716,0.41050565242767334,0
1719,2332,0.4043274521827698,0
1719,4104,0.40137210488319397,0
1719,282,0.40797027945518494,0
1719,2866,0.4044748544692993,0
1719,512,0.4060265123844147,0
1719,378,0.4070248305797577,0
1719,342,0.40738362073898315,0
1719,2735,0.4103435277938843,0
4096,4096,0.4107316732406616,1
4096,2842,0.4178470969200134,0
4096,874,0.41035938262939453,0
4096,2812,0.41750839352607727,0
4096,1972,0.4141005575656891,0
4096,2935,0.40901920199394226,0
4096,581,0.41380274295806885,0
4096,3725,0.4116251468658447,0
4096,3364,0.4174332916736603,0
4096,3163,0.41497093439102173,0
4096,1225,0.41137897968292236,0
4096,3270,0.41207969188690186,0
4096,124,0.41532909870147705,0
4096,3707,0.41904860734939575,0
4096,1215,0.4236330986022949,0
4096,2539,0.4176940321922302,0
4096,1129,0.41015511751174927,0
4096,4083,0.41881605982780457,0
4096,1476,0.40670233964920044,0
4096,281,0.4095492362976074,0
4005,4005,0.4103371202945709,1
4005,3877,0.4185394048690796,0
4005,347,0.41368988156318665,0
4005,1273,0.40544673800468445,0
4005,2003,0.4097200334072113,0
4005,3103,0.40446433424949646,0
4005,1481,0.40611881017684937,0
4005,1786,0.40635669231414795,0
4005,3461,0.40955883264541626,0
4005,465,0.4091548025608063,0
4005,490,0.412283331155777,0
4005,1760,0.4096836447715759,0
4005,591,0.41827815771102905,0
4005,1217,0.40967822074890137,0
4005,226,0.4100003242492676,0
4005,748,0.40939271450042725,0
4005,2827,0.4078299403190613,0
4005,1522,0.4147225618362427,0
4005,1792,0.41042184829711914,0
4005,3407,0.41180846095085144,0
540,540,0.4055037796497345,1
540,881,0.40695881843566895,0
540,3297,0.4057454466819763,0
540,1408,0.4112897515296936,0
540,1831,0.41397178173065186,0
540,3939,0.41011369228363037,0
540,3021,0.4022626280784607,0
540,4163,0.4013092517852783,0
540,3434,0.4102380871772766,0
540,1944,0.40522968769073486,0
540,1134,0.40717756748199463,0
540,2579,0.4109896719455719,0
540,781,0.40389713644981384,0
540,847,0.40587252378463745,0
540,2202,0.410360723733902,0
540,2303,0.40450143814086914,0
540,659,0.40637049078941345,0
540,1029,0.40413975715637207,0
540,3823,0.42075228691101074,0
540,3530,0.4056060314178467,0
949,949,0.4074787497520447,1
949,773,0.409610778093338,0
949,2457,0.4092772305011749,0
949,1071,0.4106540381908417,0
949,3797,0.41075798869132996,0
949,3242,0.40392425656318665,0
949,4074,0.41366046667099,0
949,71,0.39932066202163696,0
949,489,0.40897202491760254,0
949,2937,0.4073159396648407,0
949,1744,0.41005685925483704,0
949,3032,0.41115522384643555,0
949,356,0.41297996044158936,0
949,1030,0.41045302152633667,0
949,2387,0.40897488594055176,0
949,1301,0.40490782260894775,0
949,3464,0.40797311067581177,0
949,2909,0.40834105014801025,0
949,2977,0.4043722152709961,0
949,2955,0.4048379361629486,0
2986,2986,0.4028289318084717,1
2986,2525,0.41093677282333374,0
2986,464,0.40427058935165405,0
2986,622,0.40819525718688965,0
2986,3650,0.41182059049606323,0
2986,2857,0.40509092807769775,0
2986,3666,0.406253457069397,0
2986,2247,0.40962401032447815,0
2986,959,0.40762490034103394,0
2986,1131,0.40700700879096985,0
2986,573,0.4109307825565338,0
2986,1527,0.41003483533859253,0
2986,2371,0.41070032119750977,0
2986,2908,0.4140321612358093,0
2986,1766,0.40463435649871826,0
2986,2682,0.4082947373390198,0
2986,1771,0.41009679436683655,0
2986,814,0.41118600964546204,0
2986,3104,0.4027751684188843,0
2986,3727,0.41086018085479736,0
427,427,0.4105849266052246,1
427,2294,0.41777336597442627,0
427,2488,0.41573065519332886,0
427,3187,0.41200464963912964,0
427,3992,0.4175308048725128,0
427,980,0.40643009543418884,0
427,2799,0.4166518449783325,0
427,754,0.4195771813392639,0
427,3728,0.4086857736110687,0
427,2215,0.4162876009941101,0
427,1214,0.4195728302001953,0
427,295,0.4115179479122162,0
427,2470,0.4137231111526489,0
427,3351,0.4184991121292114,0
427,1969,0.4141438603401184,0
427,3279,0.4101722240447998,0
427,667,0.41906511783599854,0
427,3881,0.40955567359924316,0
427,858,0.41823500394821167,0
427,3799,0.41736170649528503,0
1384,1384,0.40531104803085327,1
1384,1193,0.4033837914466858,0
1384,2921,0.4044644236564636,0
1384,1501,0.41396933794021606,0
1384,1904,0.4086964428424835,0
1384,1126,0.4141453504562378,0
1384,798,0.4125734269618988,0
1384,4016,0.4124602675437927,0
1384,710,0.40734410285949707,0
1384,524,0.41061580181121826,0
1384,2998,0.4112802743911743,0
1384,400,0.40952742099761963,0
1384,1418,0.41027361154556274,0
1384,2773,0.4108410179615021,0
1384,1473,0.4129703640937805,0
1384,2381,0.40508538484573364,0
1384,1457,0.41590726375579834,0
1384,3508,0.4125773012638092,0
1384,2520,0.41150015592575073,0
1384,1354,0.4132760167121887,0
628,628,0.40541982650756836,1
628,1547,0.4168657660484314,0
628,3780,0.40729108452796936,0
628,2168,0.4040502905845642,0
628,3627,0.40267080068588257,0
628,3535,0.4064687490463257,0
628,1969,0.4078412652015686,0
628,3414,0.40533289313316345,0
628,2018,0.41202741861343384,0
628,2909,0.4091304540634155,0
628,3853,0.410371869802475,0
628,416,0.40268656611442566,0
628,2401,0.40916043519973755,0
628,2830,0.40810632705688477,0
628,2647,0.4048393964767456,0
628,2896,0.40821099281311035,0
628,3481,0.41113197803497314,0
628,1264,0.4066227674484253,0
628,3102,0.3974663019180298,0
628,2903,0.4140383005142212,0
2316,2316,0.4125306010246277,1
2316,62,0.4155859351158142,0
2316,1013,0.41201144456863403,0
2316,3600,0.4169558882713318,0
2316,1672,0.4039399027824402,0
2316,1895,0.41506534814834595,0
2316,1205,0.411360502243042,0
2316,1652,0.42604339122772217,0
2316,3948,0.41155290603637695,0
2316,133,0.41347020864486694,0
2316,2219,0.4090960621833801,0
2316,3424,0.41329240798950195,0
2316,3095,0.41966789960861206,0
2316,1064,0.41673529148101807,0
2316,1155,0.41166064143180847,0
2316,3360,0.41461461782455444,0
2316,2410,0.412565141916275,0
2316,917,0.4182785153388977,0
2316,1221,0.41711750626564026,0
2316,111,0.42191824316978455,0
2263,2263,0.4122884273529053,1
2263,187,0.4037076532840729,0
2263,1243,0.40752220153808594,0
2263,2010,0.41097983717918396,0
2263,1899,0.41931742429733276,0
2263,1061,0.408039391040802,0
2263,2514,0.41111665964126587,0
2263,3603,0.4113798141479492,0
2263,3824,0.4029778242111206,0
2263,1090,0.40695899724960327,0
2263,991,0.4123586118221283,0
2263,2880,0.40755802392959595,0
2263,4,0.4136515259742737,0
2263,3136,0.41086310148239136,0
2263,222,0.41425031423568726,0
2263,3173,0.4058508276939392,0
2263,3199,0.40682923793792725,0
2263,3544,0.416526198387146,0
2263,3371,0.4021679162979126,0
2263,4168,0.4083606004714966,0
3257,3257,0.40357130765914917,1
3257,2230,0.40811824798583984,0
3257,1441,0.41478464007377625,0
3257,4071,0.41308385133743286,0
3257,380,0.4125153422355652,0
3257,1668,0.413112610578537,0
3257,398,0.40751898288726807,0
3257,3445,0.41553154587745667,0
3257,3404,0.413868248462677,0
3257,1690,0.40335017442703247,0
3257,2084,0.41341716051101685,0
3257,824,0.40619325637817383,0
3257,1454,0.40784698724746704,0
3257,1275,0.4135507345199585,0
3257,1166,0.4127422273159027,0
3257,2002,0.4198753833770752,0
3257,489,0.41284629702568054,0
3257,4012,0.4131871461868286,0
3257,2707,0.4118528962135315,0
3257,3552,0.41183459758758545,0
2305,2305,0.41130661964416504,1
2305,136,0.41111281514167786,0
2305,1496,0.4245877265930176,0
2305,2698,0.4210023283958435,0
2305,248,0.41110992431640625,0
2305,767,0.4161738157272339,0
2305,1472,0.4111887812614441,0
2305,91,0.4173782467842102,0
2305,1030,0.41980284452438354,0
2305,3086,0.42033177614212036,0
2305,2670,0.42974188923835754,0
2305,3506,0.4183317720890045,0
2305,2963,0.41692596673965454,0
2305,81,0.414089173078537,0
2305,3974,0.4177014231681824,0
2305,2066,0.41652101278305054,0
2305,3637,0.4122813045978546,0
2305,3836,0.42167240381240845,0
2305,1069,0.4086185395717621,0
2305,1987,0.41990941762924194,0
1976,1976,0.41473624110221863,1
1976,3287,0.41092002391815186,0
1976,2037,0.406689316034317,0
1976,2369,0.41875994205474854,0
1976,3529,0.40992987155914307,0
1976,408,0.4091087281703949,0
1976,1243,0.41036200523376465,0
1976,4023,0.4118960201740265,0
1976,2834,0.41664332151412964,0
1976,3379,0.40902596712112427,0
1976,1349,0.4124903678894043,0
1976,3706,0.4111829996109009,0
1976,151,0.4160785377025604,0
1976,998,0.41772469878196716,0
1976,2431,0.4165955185890198,0
1976,2678,0.41344743967056274,0
1976,315,0.411653608083725,0
1976,1283,0.4200596213340759,0
1976,507,0.41302481293678284,0
1976,3991,0.40884092450141907,0
2342,2342,0.4228258728981018,1
2342,339,0.42297226190567017,0
2342,3825,0.4193424582481384,0
2342,1153,0.4181228578090668,0
2342,3581,0.41866275668144226,0
2342,1224,0.4174242913722992,0
2342,4167,0.4220348596572876,0
2342,1470,0.41976189613342285,0
2342,935,0.4126889109611511,0
2342,532,0.4178071618080139,0
2342,1961,0.43059471249580383,0
2342,362,0.41692185401916504,0
2342,135,0.4138795733451843,0
2342,1300,0.4173881709575653,0
2342,3348,0.41871532797813416,0
2342,204,0.42066842317581177,0
2342,883,0.41724294424057007,0
2342,2287,0.4219364523887634,0
2342,3107,0.43614932894706726,0
2342,4083,0.4250420928001404,0
3614,3614,0.4138299822807312,1
3614,3029,0.413499116897583,0
3614,2377,0.4193958044052124,0
3614,2178,0.40920841693878174,0
3614,2851,0.41689085960388184,0
3614,2972,0.4123760163784027,0
3614,2481,0.4218461513519287,0
3614,40,0.41465771198272705,0
3614,1342,0.41985708475112915,0
3614,2668,0.4201720058917999,0
3614,802,0.41681188344955444,0
3614,862,0.4221038222312927,0
3614,933,0.41101598739624023,0
3614,1920,0.4182965159416199,0
3614,1256,0.41520121693611145,0
3614,4076,0.41856998205184937,0
3614,2274,0.41610199213027954,0
3614,368,0.4130767583847046,0
3614,2832,0.420040488243103,0
3614,3561,0.41602006554603577,0
2426,2426,0.4202440679073334,1
2426,252,0.42495203018188477,0
2426,204,0.4203811287879944,0
2426,936,0.4225195646286011,0
2426,3612,0.4134226441383362,0
2426,1927,0.42019379138946533,0
2426,2456,0.42074865102767944,0
2426,338,0.4161679446697235,0
2426,3126,0.4182009696960449,0
2426,3256,0.4237246811389923,0
2426,608,0.4239999055862427,0
2426,3524,0.41785484552383423,0
2426,2839,0.42819011211395264,0
2426,4170,0.42369765043258667,0
2426,2884,0.4225442409515381,0
2426,266,0.4240994453430176,0
2426,3576,0.4192314147949219,0
2426,673,0.4226304590702057,0
2426,2940,0.411335289478302,0
2426,34,0.4152665138244629,0
2459,2459,0.41892266273498535,1
2459,751,0.42329204082489014,0
2459,83,0.4263700842857361,0
2459,2701,0.42294126749038696,0
2459,232,0.4238240718841553,0
2459,854,0.4284798204898834,0
2459,1031,0.4154062867164612,0
2459,63,0.4256450831890106,0
2459,1550,0.4273459315299988,0
2459,485,0.42222830653190613,0
2459,1913,0.43145298957824707,0
2459,2297,0.4258618950843811,0
2459,487,0.4192086160182953,0
2459,3795,0.42124277353286743,0
2459,2582,0.41755402088165283,0
2459,1137,0.42133793234825134,0
2459,2388,0.41779500246047974,0
2459,85,0.4252001643180847,0
2459,2392,0.4190348982810974,0
2459,4024,0.42563527822494507,0
3436,3436,0.4207337498664856,1
3436,1053,0.40941858291625977,0
3436,1042,0.41242772340774536,0
3436,1302,0.40974563360214233,0
3436,3306,0.4069610834121704,0
3436,1829,0.41598817706108093,0
3436,2856,0.4128769636154175,0
3436,2726,0.4070987105369568,0
3436,1828,0.40995246171951294,0
3436,3000,0.40940409898757935,0
3436,628,0.4086397886276245,0
3436,3065,0.4097825884819031,0
3436,3423,0.41162025928497314,0
3436,1874,0.4081900715827942,0
3436,3737,0.41312292218208313,0
3436,1909,0.4084010124206543,0
3436,2231,0.41773125529289246,0
3436,1038,0.4142305254936218,0
3436,2140,0.4068920612335205,0
3436,21,0.4197195768356323,0
3528,3528,0.4076106548309326,1
3528,1499,0.41215139627456665,0
3528,46,0.4117521047592163,0
3528,3046,0.413471519947052,0
3528,3864,0.41222167015075684,0
3528,265,0.418831467628479,0
3528,1696,0.41698360443115234,0
3528,3348,0.41246771812438965,0
3528,703,0.40880638360977173,0
3528,2557,0.40970879793167114,0
3528,2595,0.4119182825088501,0
3528,2251,0.4126395583152771,0
3528,3043,0.4134763181209564,0
3528,3418,0.41184017062187195,0
3528,386,0.41611260175704956,0
3528,2793,0.4118953347206116,0
3528,2772,0.4151110053062439,0
3528,176,0.41688722372055054,0
3528,493,0.41326409578323364,0
3528,4052,0.4184775650501251,0
3884,3884,0.4123884439468384,1
3884,247,0.4081110954284668,0
3884,1735,0.40706944465637207,0
3884,2667,0.4208718240261078,0
3884,2417,0.41494402289390564,0
3884,1971,0.41256189346313477,0
3884,1848,0.41101670265197754,0
3884,1171,0.4176943004131317,0
3884,4098,0.4109092652797699,0
3884,1243,0.40907254815101624,0
3884,3164,0.41119420528411865,0
3884,4070,0.4201768636703491,0
3884,2097,0.40733593702316284,0
3884,1382,0.40609633922576904,0
3884,3489,0.41040530800819397,0
3884,1782,0.4104951322078705,0
3884,3968,0.40615904331207275,0
3884,4106,0.4057842493057251,0
3884,3661,0.41273587942123413,0
3884,771,0.40755197405815125,0
2723,2723,0.41262251138687134,1
2723,1867,0.41419076919555664,0
2723,3764,0.4180060625076294,0
2723,2817,0.40870174765586853,0
2723,669,0.41516590118408203,0
2723,3423,0.4137619137763977,0
2723,488,0.4137386679649353,0
2723,929,0.419020414352417,0
2723,1922,0.41401663422584534,0
2723,511,0.4117223024368286,0
2723,4145,0.41475558280944824,0
2723,3534,0.4107097387313843,0
2723,229,0.4138665497303009,0
2723,352,0.41786283254623413,0
2723,3555,0.41836950182914734,0
2723,4135,0.41938522458076477,0
2723,444,0.41328558325767517,0
2723,3899,0.41784411668777466,0
2723,1901,0.41353392601013184,0
2723,662,0.4179975688457489,0
110,110,0.413576602935791,1
110,2621,0.42181241512298584,0
110,1541,0.4198908805847168,0
110,3750,0.41637885570526123,0
110,3417,0.4165078103542328,0
110,1773,0.4230315089225769,0
110,760,0.4226791262626648,0
110,397,0.41331779956817627,0
110,3685,0.4229443073272705,0
110,2751,0.4206357002258301,0
110,989,0.4214130640029907,0
110,3210,0.41844505071640015,0
110,1038,0.4195893406867981,0
110,441,0.4191414713859558,0
110,68,0.416769415140152,0
110,1926,0.4215696454048157,0
110,3454,0.4173380136489868,0
110,4111,0.41863876581192017,0
110,2105,0.4201573133468628,0
110,2641,0.41644513607025146,0
188,188,0.4289960265159607,1
188,2781,0.4237518906593323,0
188,2703,0.42338597774505615,0
188,3043,0.41958820819854736,0
188,1663,0.41658008098602295,0
188,1453,0.42067432403564453,0
188,3148,0.4121905267238617,0
188,1941,0.42470937967300415,0
188,615,0.41985011100769043,0
188,1342,0.42017608880996704,0
188,2940,0.41098445653915405,0
188,595,0.41465383768081665,0
188,689,0.4263288974761963,0
188,466,0.4189237952232361,0
188,1882,0.4198776185512543,0
188,3753,0.4129745364189148,0
188,1948,0.4223152697086334,0
188,392,0.4194824993610382,0
188,2121,0.4127362370491028,0
188,183,0.42308205366134644,0
1168,1168,0.4059462547302246,1
1168,1686,0.4117230176925659,0
1168,3102,0.398442804813385,0
1168,1815,0.4064677357673645,0
1168,4176,0.40390926599502563,0
1168,2507,0.40344542264938354,0
1168,1452,0.4127153158187866,0
1168,3038,0.40721702575683594,0
1168,1320,0.4048903286457062,0
1168,1363,0.4082941710948944,0
1168,3008,0.41279613971710205,0
1168,1101,0.41199055314064026,0
1168,788,0.39866188168525696,0
1168,877,0.414249449968338,0
1168,1277,0.4079281687736511,0
1168,3703,0.41301560401916504,0
1168,227,0.4127464294433594,0
1168,3907,0.4159266948699951,0
1168,3965,0.4151942729949951,0
1168,2846,0.4157777726650238,0
764,764,0.4106456935405731,1
764,4044,0.4172428846359253,0
764,3501,0.4170820116996765,0
764,3702,0.4145438075065613,0
764,194,0.4168737530708313,0
764,1894,0.4191715717315674,0
764,401,0.41792264580726624,0
764,2978,0.40914928913116455,0
764,40,0.41020646691322327,0
764,1846,0.4172604978084564,0
764,2714,0.4156734049320221,0
764,169,0.4072412848472595,0
764,2356,0.4147658050060272,0
764,2647,0.40982121229171753,0
764,3670,0.4234756529331207,0
764,3953,0.4145672917366028,0
764,1000,0.4130120575428009,0
764,2692,0.4135276675224304,0
764,3610,0.41789716482162476,0
764,3326,0.4122898578643799,0
681,681,0.414822518825531,1
681,2788,0.415338933467865,0
681,3349,0.41467994451522827,0
681,835,0.42004236578941345,0
681,3821,0.41247570514678955,0
681,258,0.40961483120918274,0
681,3595,0.41608351469039917,0
681,3721,0.41949671506881714,0
681,3607,0.4218587875366211,0
681,4156,0.4156176745891571,0
681,986,0.4053780734539032,0
681,2493,0.40964365005493164,0
681,3506,0.4206404685974121,0
681,1665,0.421408474445343,0
681,1661,0.42196720838546753,0
681,3311,0.41550368070602417,0
681,2283,0.4196440577507019,0
681,2322,0.41401010751724243,0
681,2604,0.4252576231956482,0
681,3158,0.4151288866996765,0
1685,1685,0.4211612045764923,1
1685,524,0.416922390460968,0
1685,378,0.41631054878234863,0
1685,463,0.4152836799621582,0
1685,138,0.4124354124069214,0
1685,281,0.4117269814014435,0
1685,3073,0.4178107678890228,0
1685,2614,0.4249734878540039,0
1685,1987,0.4200340807437897,0
1685,53,0.4089467525482178,0
1685,3272,0.415463387966156,0
1685,3687,0.4194735884666443,0
1685,1460,0.4190259873867035,0
1685,3966,0.4050271809101105,0
1685,3076,0.42052188515663147,0
1685,2004,0.41502612829208374,0
1685,1706,0.4169796109199524,0
1685,3995,0.4183524549007416,0
1685,624,0.41810154914855957,0
1685,3769,0.40989071130752563,0
1225,1225,0.4115840792655945,1
1225,1474,0.4116293489933014,0
1225,374,0.41730165481567383,0
1225,1287,0.41656821966171265,0
1225,4129,0.41358113288879395,0
1225,2661,0.41561681032180786,0
1225,1566,0.4114253520965576,0
1225,490,0.41416725516319275,0
1225,3,0.422086626291275,0
1225,1417,0.4144751727581024,0
1225,921,0.4135616719722748,0
1225,257,0.40946751832962036,0
1225,4041,0.4137457609176636,0
1225,546,0.40723681449890137,0
1225,594,0.40675216913223267,0
1225,181,0.4139217734336853,0
1225,3586,0.4115830361843109,0
1225,2751,0.4176667332649231,0
1225,522,0.41966333985328674,0
1225,1205,0.41186779737472534,0
1848,1848,0.4151320457458496,1
1848,4131,0.4195888638496399,0
1848,3182,0.4163484275341034,0
1848,2513,0.4125658869743347,0
1848,4022,0.42193418741226196,0
1848,2098,0.41281336545944214,0
1848,2924,0.41375255584716797,0
1848,2888,0.40900078415870667,0
1848,1293,0.41888606548309326,0
1848,1708,0.4129047989845276,0
1848,3745,0.41638392210006714,0
1848,1518,0.4155985713005066,0
1848,759,0.4222685694694519,0
1848,2113,0.41144442558288574,0
1848,444,0.41460147500038147,0
1848,137,0.41467881202697754,0
1848,53,0.4095947742462158,0
1848,1726,0.41269174218177795,0
1848,308,0.42030230164527893,0
1848,2219,0.4111044108867645,0
3419,3419,0.4102964997291565,1
3419,2601,0.41172072291374207,0
3419,3603,0.4163132905960083,0
3419,2819,0.4100813567638397,0
3419,1345,0.41998642683029175,0
3419,2268,0.4222787916660309,0
3419,4095,0.40820592641830444,0
3419,723,0.40570271015167236,0
3419,697,0.4141140580177307,0
3419,3757,0.4094967544078827,0
3419,1400,0.4165952205657959,0
3419,611,0.4155064821243286,0
3419,4109,0.42088958621025085,0
3419,1758,0.4172952473163605,0
3419,241,0.4114912748336792,0
3419,880,0.4150286614894867,0
3419,2145,0.4173972010612488,0
3419,4124,0.4167741537094116,0
3419,2247,0.41756975650787354,0
3419,2500,0.4168508052825928,0
3157,3157,0.41723722219467163,1
3157,32,0.4157893657684326,0
3157,4050,0.4183475077152252,0
3157,351,0.41675305366516113,0
3157,2342,0.4212813377380371,0
3157,3519,0.42303189635276794,0
3157,2048,0.41707128286361694,0
3157,1893,0.4174419939517975,0
3157,1868,0.42363426089286804,0
3157,4120,0.42714545130729675,0
3157,3695,0.4119916558265686,0
3157,2513,0.41487860679626465,0
3157,3958,0.42024099826812744,0
3157,2468,0.4263659715652466,0
3157,709,0.41701674461364746,0
3157,954,0.41500574350357056,0
3157,1685,0.42354777455329895,0
3157,1782,0.4179112911224365,0
3157,388,0.41931450366973877,0
3157,655,0.4178146421909332,0
1079,1079,0.41105467081069946,1
1079,1904,0.4147195816040039,0
1079,902,0.4126153290271759,0
1079,3197,0.41462329030036926,0
1079,3399,0.4191214144229889,0
1079,1471,0.4169926047325134,0
1079,426,0.4171738624572754,0
1079,2890,0.4184516668319702,0
1079,3080,0.412497341632843,0
1079,477,0.41323214769363403,0
1079,2795,0.41212207078933716,0
1079,3659,0.41750356554985046,0
1079,3526,0.4229597747325897,0
1079,132,0.4223562180995941,0
1079,1801,0.416714072227478,0
1079,170,0.4205666780471802,0
1079,2761,0.4124290943145752,0
1079,373,0.4215901494026184,0
1079,2985,0.41287070512771606,0
1079,1197,0.41390448808670044,0
585,585,0.4194406270980835,1
585,2335,0.4145933985710144,0
585,391,0.41142845153808594,0
585,3979,0.4126625061035156,0
585,2429,0.42577213048934937,0
585,174,0.41500774025917053,0
585,3298,0.421542763710022,0
585,3700,0.41288068890571594,0
585,569,0.40892553329467773,0
585,3781,0.41401970386505127,0
585,1535,0.42305541038513184,0
585,2754,0.41503316164016724,0
585,1569,0.416413277387619,0
585,1576,0.4132927656173706,0
585,4126,0.4105267822742462,0
585,1257,0.4159119725227356,0
585,4071,0.41719311475753784,0
585,3918,0.41612040996551514,0
585,3195,0.42200687527656555,0
585,3641,0.41354766488075256,0
2059,2059,0.4032050371170044,1
2059,682,0.41322392225265503,0
2059,763,0.400907039642334,0
2059,910,0.4053817391395569,0
2059,1345,0.41476956009864807,0
2059,1924,0.40653902292251587,0
2059,1729,0.41166213154792786,0
2059,1852,0.40829116106033325,0
2059,2610,0.4043676257133484,0
2059,1581,0.4148368537425995,0
2059,1273,0.4036117494106293,0
2059,1087,0.4117298722267151,0
2059,3127,0.4117622375488281,0
2059,867,0.4054930806159973,0
2059,724,0.4140225946903229,0
2059,568,0.406830757856369,0
2059,45,0.4170997142791748,0
2059,2223,0.4069376587867737,0
2059,1923,0.41048645973205566,0
2059,2093,0.4086853861808777,0
1213,1213,0.41855543851852417,1
1213,3217,0.415522962808609,0
1213,383,0.4292302429676056,0
1213,3945,0.4168100953102112,0
1213,3207,0.42268890142440796,0
1213,819,0.4197435975074768,0
1213,1237,0.41354212164878845,0
1213,2130,0.41546115279197693,0
1213,2844,0.42317619919776917,0
1213,3997,0.41666314005851746,0
1213,1339,0.4153395891189575,0
1213,990,0.4183000326156616,0
1213,781,0.4130741357803345,0
1213,163,0.41651731729507446,0
1213,1230,0.4208563566207886,0
1213,2207,0.4137352705001831,0
1213,2536,0.42681896686553955,0
1213,4086,0.4118015766143799,0
1213,1810,0.41892075538635254,0
1213,2734,0.41635313630104065,0
2932,2932,0.4160744249820709,1
2932,273,0.4175977110862732,0
2932,2695,0.41031575202941895,0
2932,3470,0.4183109998703003,0
2932,50,0.4239126145839691,0
2932,326,0.42357560992240906,0
2932,666,0.4203503727912903,0
2932,4017,0.42725586891174316,0
2932,3440,0.421734482049942,0
2932,299,0.42590707540512085,0
2932,198,0.42005106806755066,0
2932,2661,0.42047175765037537,0
2932,1313,0.417211651802063,0
2932,3957,0.4145291745662689,0
2932,2844,0.4241202771663666,0
2932,3624,0.41671639680862427,0
2932,1645,0.42097097635269165,0
2932,2275,0.40704894065856934,0
2932,154,0.408908486366272,0
2932,144,0.4151143431663513,0
381,381,0.41574627161026,1
381,2777,0.4181474447250366,0
381,692,0.41430431604385376,0
381,3221,0.42555955052375793,0
381,2755,0.41875946521759033,0
381,2575,0.4156462550163269,0
381,1976,0.4205293655395508,0
381,601,0.4156755805015564,0
381,1839,0.42444396018981934,0
381,1264,0.41643524169921875,0
381,1074,0.41681599617004395,0
381,456,0.42428451776504517,0
381,1005,0.42058461904525757,0
381,4101,0.42057764530181885,0
381,2557,0.4139445424079895,0
381,2173,0.41319283843040466,0
381,3354,0.41976264119148254,0
381,3392,0.4149843454360962,0
381,2637,0.41615188121795654,0
381,2270,0.4180395305156708,0
3089,3089,0.40912336111068726,1
3089,2460,0.40838342905044556,0
3089,1491,0.41825929284095764,0
3089,149,0.419797420501709,0
3089,1315,0.40627360343933105,0
3089,1685,0.416557252407074,0
3089,102,0.4148385226726532,0
3089,1459,0.41312235593795776,0
3089,2211,0.4069949686527252,0
3089,3850,0.4122481942176819,0
3089,926,0.4143880605697632,0
3089,1748,0.412574827671051,0
3089,2195,0.4109739661216736,0
3089,1847,0.40575456619262695,0
3089,92,0.40949708223342896,0
3089,3906,0.41390883922576904,0
3089,1986,0.4109545350074768,0
3089,3531,0.4106360971927643,0
3089,2799,0.41341960430145264,0
3089,3659,0.41360557079315186,0
777,777,0.4053870737552643,1
777,1517,0.407883882522583,0
777,2084,0.4084378480911255,0
777,1121,0.40818673372268677,0
777,993,0.41013669967651367,0
777,2612,0.4062727689743042,0
777,1521,0.40206408500671387,0
777,2228,0.40576064586639404,0
777,3143,0.41047313809394836,0
777,2675,0.40344756841659546,0
777,1278,0.40550968050956726,0
777,3441,0.40631771087646484,0
777,3350,0.40808868408203125,0
777,41,0.4083164930343628,0
777,3049,0.4187365472316742,0
777,1769,0.4154629409313202,0
777,1894,0.4109223484992981,0
777,427,0.40201494097709656,0
777,2739,0.40660881996154785,0
777,669,0.40795624256134033,0
1473,1473,0.41563522815704346,1
1473,1381,0.40826380252838135,0
1473,362,0.40928375720977783,0
1473,4021,0.40864098072052,0
1473,1266,0.41920703649520874,0
1473,1987,0.41594910621643066,0
1473,3521,0.4031886160373688,0
1473,1229,0.4143863320350647,0
1473,2269,0.408033162355423,0
1473,1391,0.41701313853263855,0
1473,1270,0.41318076848983765,0
1473,1426,0.41938281059265137,0
1473,3367,0.41719114780426025,0
1473,679,0.4196200966835022,0
1473,1252,0.4118841290473938,0
1473,205,0.4069902300834656,0
1473,3557,0.41473227739334106,0
1473,806,0.41018834710121155,0
1473,188,0.42009252309799194,0
1473,4093,0.403990775346756,0
3888,3888,0.41099852323532104,1
3888,1271,0.4080972671508789,0
3888,134,0.408000648021698,0
3888,2784,0.40758705139160156,0
3888,830,0.4058980345726013,0
3888,1042,0.4119948446750641,0
3888,2755,0.41120028495788574,0
3888,2854,0.40297240018844604,0
3888,3784,0.40606802701950073,0
3888,2519,0.4108022451400757,0
3888,3758,0.4121827781200409,0
3888,516,0.4165935814380646,0
3888,3136,0.4118771553039551,0
3888,37,0.41174036264419556,0
3888,1545,0.4089827537536621,0
3888,1452,0.4133448004722595,0
3888,982,0.40511399507522583,0
3888,926,0.4142965078353882,0
3888,1792,0.4086175858974457,0
3888,677,0.40647822618484497,0
1152,1152,0.41881513595581055,1
1152,3271,0.4115030765533447,0
1152,3401,0.4181102216243744,0
1152,1486,0.41298457980155945,0
1152,2691,0.41878390312194824,0
1152,3961,0.4129889905452728,0
1152,10,0.41482290625572205,0
1152,1150,0.41057199239730835,0
1152,2371,0.417891263961792,0
1152,3513,0.4272744655609131,0
1152,586,0.4118569493293762,0
1152,801,0.41572609543800354,0
1152,387,0.408824622631073,0
1152,669,0.4161437749862671,0
1152,617,0.40271398425102234,0
1152,4170,0.4188675582408905,0
1152,3447,0.4142770767211914,0
1152,1144,0.4202418327331543,0
1152,3052,0.42245644330978394,0
1152,2845,0.4192538857460022,0
903,903,0.42858994007110596,1
903,3966,0.40945130586624146,0
903,1649,0.42253798246383667,0
903,1238,0.4291859567165375,0
903,85,0.4227653741836548,0
903,3490,0.41400179266929626,0
903,1326,0.4152675271034241,0
903,264,0.4206441640853882,0
903,3734,0.4212132394313812,0
903,948,0.42033886909484863,0
903,1312,0.42411598563194275,0
903,3455,0.4189841151237488,0
903,1048,0.41785335540771484,0
903,4174,0.4142721891403198,0
903,2110,0.42609497904777527,0
903,745,0.42409002780914307,0
903,2117,0.4246649146080017,0
903,1836,0.4164918065071106,0
903,2031,0.4164115786552429,0
903,4053,0.4124869108200073,0
4064,4064,0.4159434735774994,1
4064,2673,0.42132776975631714,0
4064,45,0.42792201042175293,0
4064,1126,0.424319326877594,0
4064,1330,0.4185127317905426,0
4064,1775,0.4242604374885559,0
4064,988,0.41618770360946655,0
4064,2456,0.42084333300590515,0
4064,2889,0.41622960567474365,0
4064,3095,0.42583978176116943,0
4064,3470,0.41931799054145813,0
4064,1759,0.42267152667045593,0
4064,1555,0.41956770420074463,0
4064,995,0.41865289211273193,0
4064,715,0.42886701226234436,0
4064,2733,0.4141666293144226,0
4064,2594,0.4171364903450012,0
4064,3588,0.415764182806015,0
4064,3672,0.41831064224243164,0
4064,3182,0.4187610149383545,0
3516,3516,0.4224380850791931,1
3516,4148,0.4102720022201538,0
3516,1475,0.4192211329936981,0
3516,2461,0.41404956579208374,0
3516,1851,0.41289398074150085,0
3516,1911,0.4170404076576233,0
3516,3234,0.4138636589050293,0
3516,4059,0.4171532988548279,0
3516,2631,0.41332873702049255,0
3516,2560,0.416572630405426,0
3516,1721,0.40978315472602844,0
3516,4073,0.4162442684173584,0
3516,2257,0.41402381658554077,0
3516,3443,0.41683733463287354,0
3516,1200,0.41982150077819824,0
3516,2655,0.41123393177986145,0
3516,3150,0.41629600524902344,0
3516,3988,0.41266143321990967,0
3516,3871,0.41347193717956543,0
3516,1607,0.41414791345596313,0
1017,1017,0.41914987564086914,1
1017,2858,0.424891859292984,0
1017,2531,0.41803795099258423,0
1017,3470,0.41849571466445923,0
1017,689,0.4261507987976074,0
1017,360,0.4119986891746521,0
1017,2523,0.4260421395301819,0
1017,206,0.416976660490036,0
1017,2318,0.4137974977493286,0
1017,695,0.41447412967681885,0
1017,3738,0.42511337995529175,0
1017,2111,0.42253410816192627,0
1017,3733,0.4121873080730438,0
1017,1307,0.42113441228866577,0
1017,2253,0.4145951271057129,0
1017,2569,0.4210146963596344,0
1017,989,0.4230126738548279,0
1017,2484,0.4261847734451294,0
1017,508,0.41660988330841064,0
1017,706,0.4202723503112793,0
1115,1115,0.4164823293685913,1
1115,240,0.41390007734298706,0
1115,3297,0.4143969416618347,0
1115,2036,0.42533600330352783,0
1115,686,0.41941678524017334,0
1115,4177,0.4183973968029022,0
1115,2765,0.4161805510520935,0
1115,2272,0.41735342144966125,0
1115,2046,0.41374093294143677,0
1115,1683,0.4149283766746521,0
1115,4098,0.4167715013027191,0
1115,3109,0.41091716289520264,0
1115,128,0.41212034225463867,0
1115,2881,0.4061214327812195,0
1115,2807,0.418603777885437,0
1115,3239,0.42353856563568115,0
1115,1352,0.42992085218429565,0
1115,123,0.4141964018344879,0
1115,1210,0.413917601108551,0
1115,765,0.4173588454723358,0
3160,3160,0.4037190079689026,1
3160,114,0.4165499806404114,0
3160,1245,0.4057764410972595,0
3160,2655,0.40059149265289307,0
3160,660,0.4100929796695709,0
3160,1656,0.40377339720726013,0
3160,33,0.4051985740661621,0
3160,3496,0.403459370136261,0
3160,4143,0.4085320234298706,0
3160,75,0.41133710741996765,0
3160,1457,0.41184329986572266,0
3160,397,0.40190085768699646,0
3160,94,0.40336138010025024,0
3160,663,0.4050982892513275,0
3160,959,0.4058910310268402,0
3160,3199,0.4033527970314026,0
3160,367,0.412963330745697,0
3160,3255,0.39665502309799194,0
3160,1011,0.4097307026386261,0
3160,2130,0.40290364623069763,0
1036,1036,0.4147154688835144,1
1036,1703,0.41452842950820923,0
1036,2474,0.4181526005268097,0
1036,3480,0.41095292568206787,0
1036,3781,0.4130907654762268,0
1036,1931,0.4124075770378113,0
1036,2371,0.4176742434501648,0
1036,2377,0.41619086265563965,0
1036,3317,0.4114690124988556,0
1036,2077,0.42424649000167847,0
1036,1541,0.4174336791038513,0
1036,3133,0.4097614884376526,0
1036,1836,0.4111613631248474,0
1036,809,0.411466121673584,0
1036,4177,0.4155938923358917,0
1036,2263,0.41636431217193604,0
1036,3962,0.4131355881690979,0
1036,1259,0.4150160551071167,0
1036,2928,0.40739673376083374,0
1036,2150,0.4187130928039551,0
2650,2650,0.4066854417324066,1
2650,1700,0.41016340255737305,0
2650,1133,0.4028203785419464,0
2650,355,0.40184277296066284,0
2650,1057,0.4042680263519287,0
2650,1850,0.3973473608493805,0
2650,3598,0.4061098098754883,0
2650,3840,0.4016285538673401,0
2650,2112,0.41223564743995667,0
2650,4084,0.4039352536201477,0
2650,1286,0.40584543347358704,0
2650,339,0.407146692276001,0
2650,1466,0.3967277407646179,0
2650,1616,0.41477158665657043,0
2650,75,0.4102589786052704,0
2650,663,0.404072642326355,0
2650,3559,0.4060826301574707,0
2650,4095,0.39813604950904846,0
2650,3788,0.406882643699646,0
2650,2746,0.40607863664627075,0
1900,1900,0.41009408235549927,1
1900,1237,0.41058316826820374,0
1900,2057,0.4132205545902252,0
1900,1949,0.4141671061515808,0
1900,767,0.4146896004676819,0
1900,1533,0.4143150746822357,0
1900,1704,0.4169296622276306,0
1900,1483,0.4144860506057739,0
1900,241,0.41178959608078003,0
1900,3922,0.4046178460121155,0
1900,322,0.4215606451034546,0
1900,821,0.40186798572540283,0
1900,1792,0.41228994727134705,0
1900,3605,0.41415053606033325,0
1900,1286,0.4166438579559326,0
1900,3151,0.41127413511276245,0
1900,1156,0.41158849000930786,0
1900,2865,0.4180538058280945,0
1900,2860,0.4209989607334137,0
1900,134,0.41176867485046387,0
617,617,0.3955410122871399,1
617,1035,0.4097052812576294,0
617,3474,0.4048725664615631,0
617,850,0.4035056233406067,0
617,2305,0.40386414527893066,0
617,1520,0.4033496379852295,0
617,1126,0.4120666980743408,0
617,1181,0.40633416175842285,0
617,3873,0.41654542088508606,0
617,1393,0.4034915268421173,0
617,4107,0.39969804883003235,0
617,1345,0.41078075766563416,0
617,3415,0.4121560752391815,0
617,505,0.40639275312423706,0
617,1683,0.40460389852523804,0
617,3836,0.41218528151512146,0
617,1475,0.41063910722732544,0
617,2699,0.4110203981399536,0
617,2938,0.40761956572532654,0
617,1317,0.4059608578681946,0
820,820,0.40601468086242676,1
820,646,0.4120631814002991,0
820,1751,0.4136621952056885,0
820,2568,0.4059722423553467,0
820,1483,0.4081677794456482,0
820,607,0.4090346395969391,0
820,3552,0.40840691328048706,0
820,171,0.405259370803833,0
820,2200,0.4092474579811096,0
820,3410,0.4076154828071594,0
820,4096,0.4048668146133423,0
820,3947,0.41057050228118896,0
820,4155,0.406497061252594,0
820,550,0.4146566689014435,0
820,3395,0.40751510858535767,0
820,668,0.4121931195259094,0
820,448,0.40573590993881226,0
820,967,0.4063511788845062,0
820,873,0.40923136472702026,0
820,1394,0.4071763753890991,0
205,205,0.402260959148407,1
205,126,0.4119380712509155,0
205,822,0.40048784017562866,0
205,740,0.404890239238739,0
205,1200,0.4101818799972534,0
205,261,0.40781062841415405,0
205,2909,0.4079636037349701,0
205,1894,0.4114415645599365,0
205,2657,0.4046785533428192,0
205,909,0.41220808029174805,0
205,2165,0.4086686670780182,0
205,3351,0.41128820180892944,0
205,1989,0.4057784974575043,0
205,1442,0.4085797369480133,0
205,3090,0.40944933891296387,0
205,1781,0.40346747636795044,0
205,1934,0.40283527970314026,0
205,852,0.4015973210334778,0
205,2467,0.4068485498428345,0
205,1478,0.40400445461273193,0
821,821,0.4070920944213867,1
821,901,0.4204785227775574,0
821,432,0.4127315878868103,0
821,4038,0.4199596643447876,0
821,3220,0.42482656240463257,0
821,3641,0.4171251058578491,0
821,765,0.4193316102027893,0
821,2302,0.4262266755104065,0
821,649,0.4122275114059448,0
821,3640,0.41390901803970337,0
821,2892,0.4171326756477356,0
821,4059,0.4203205406665802,0
821,3356,0.42072904109954834,0
821,532,0.4179946780204773,0
821,1650,0.4226875305175781,0
821,3064,0.4157789945602417,0
821,380,0.42091476917266846,0
821,2958,0.42137205600738525,0
821,2489,0.4267790913581848,0
821,3654,0.414558470249176,0
738,738,0.4150761663913727,1
738,395,0.414620965719223,0
738,2220,0.40984731912612915,0
738,76,0.4082489609718323,0
738,1675,0.4114058017730713,0
738,898,0.41161614656448364,0
738,248,0.4094710946083069,0
738,684,0.40950101613998413,0
738,2582,0.4094180464744568,0
738,2347,0.41242751479148865,0
738,3903,0.40945014357566833,0
738,2089,0.4108560085296631,0
738,1028,0.41573745012283325,0
738,301,0.4137156009674072,0
738,3749,0.4120442271232605,0
738,2283,0.41645383834838867,0
738,80,0.41307157278060913,0
738,1218,0.41237878799438477,0
738,1999,0.41941529512405396,0
738,836,0.419294536113739,0
1920,1920,0.4074007570743561,1
1920,1007,0.4094401001930237,0
1920,591,0.41306865215301514,0
1920,1713,0.40373510122299194,0
1920,749,0.41199085116386414,0
1920,1866,0.4082484841346741,0
1920,2850,0.41219186782836914,0
1920,3754,0.40969204902648926,0
1920,1208,0.40604591369628906,0
1920,3735,0.4070766568183899,0
1920,3804,0.4098495543003082,0
1920,2835,0.4094082713127136,0
1920,4040,0.4055178761482239,0
1920,2111,0.41055166721343994,0
1920,2806,0.4080764949321747,0
1920,1801,0.40798214077949524,0
1920,3625,0.4070533215999603,0
1920,884,0.406924843788147,0
1920,2676,0.4021265506744385,0
1920,41,0.4085886478424072,0
984,984,0.41006726026535034,1
984,2887,0.4096473157405853,0
984,924,0.4127485156059265,0
984,2216,0.4133986532688141,0
984,398,0.4077342748641968,0
984,3242,0.407745897769928,0
984,2258,0.42240065336227417,0
984,3407,0.41206392645835876,0
984,3158,0.40940535068511963,0
984,1375,0.4079170823097229,0
984,3734,0.4124062657356262,0
984,578,0.4066745340824127,0
984,748,0.40935513377189636,0
984,84,0.40699446201324463,0
984,1364,0.40713801980018616,0
984,2626,0.4133895933628082,0
984,2550,0.41256067156791687,0
984,1634,0.4126734137535095,0
984,3817,0.41229528188705444,0
984,772,0.412542462348938,0
1426,1426,0.4256625175476074,1
1426,329,0.41609182953834534,0
1426,1292,0.41893458366394043,0
1426,109,0.4186409115791321,0
1426,3402,0.4211078882217407,0
1426,2639,0.4232119917869568,0
1426,2573,0.4184303879737854,0
1426,207,0.42325788736343384,0
1426,357,0.4174230992794037,0
1426,3898,0.41890183091163635,0
1426,1360,0.4144819974899292,0
1426,2427,0.4171473979949951,0
1426,3548,0.4157238006591797,0
1426,694,0.4267559051513672,0
1426,2083,0.4077257513999939,0
1426,2541,0.42012324929237366,0
1426,3955,0.40873605012893677,0
1426,3730,0.4105526804924011,0
1426,1144,0.42258256673812866,0
1426,1928,0.41579386591911316,0
2102,2102,0.4110843539237976,1
2102,2637,0.4091969132423401,0
2102,3814,0.4076046943664551,0
2102,3812,0.40733176469802856,0
2102,2167,0.410180926322937,0
2102,2358,0.4149670898914337,0
2102,245,0.4079902172088623,0
2102,2221,0.40168625116348267,0
2102,2950,0.41864657402038574,0
2102,825,0.41233277320861816,0
2102,2799,0.4133389890193939,0
2102,999,0.41388875246047974,0
2102,436,0.40667828917503357,0
2102,3585,0.41004741191864014,0
2102,2160,0.4117307662963867,0
2102,1675,0.4078574478626251,0
2102,88,0.4141489565372467,0
2102,269,0.4172888696193695,0
2102,507,0.41214513778686523,0
2102,2544,0.41544169187545776,0
2845,2845,0.41057705879211426,1
2845,681,0.40337657928466797,0
2845,3871,0.4034242033958435,0
2845,3916,0.41104939579963684,0
2845,39,0.4095578193664551,0
2845,3420,0.4085555374622345,0
2845,3266,0.4053133726119995,0
2845,1048,0.4050144553184509,0
2845,3822,0.41352027654647827,0
2845,664,0.40767374634742737,0
2845,2957,0.4077727198600769,0
2845,1777,0.4029049277305603,0
2845,4091,0.41485196352005005,0
2845,3468,0.40828219056129456,0
2845,2832,0.4086417257785797,0
2845,624,0.40858232975006104,0
2845,2296,0.403298556804657,0
2845,3071,0.3968808352947235,0
2845,3470,0.406688392162323,0
2845,2054,0.4093817472457886,0
3109,3109,0.4065031111240387,1
3109,718,0.41154879331588745,0
3109,3654,0.4067557752132416,0
3109,24,0.409471333026886,0
3109,1356,0.4075559079647064,0
3109,122,0.4161520004272461,0
3109,1926,0.4164794981479645,0
3109,922,0.41319698095321655,0
3109,1712,0.4105347692966461,0
3109,3006,0.4192394018173218,0
3109,3730,0.4052416980266571,0
3109,1022,0.4090840220451355,0
3109,3683,0.4180572032928467,0
3109,437,0.4031844437122345,0
3109,3838,0.4131944179534912,0
3109,1841,0.4193045496940613,0
3109,3131,0.41140061616897583,0
3109,177,0.4098670482635498,0
3109,3057,0.41257932782173157,0
3109,1579,0.4113943576812744,0
2637,2637,0.4147893786430359,1
2637,1361,0.4185353219509125,0
2637,3162,0.4176584482192993,0
2637,2377,0.4181519150733948,0
2637,2491,0.41193562746047974,0
2637,3095,0.42329031229019165,0
2637,3383,0.4172864854335785,0
2637,2134,0.417202353477478,0
2637,3881,0.4110856056213379,0
2637,1909,0.4128667116165161,0
2637,2055,0.41715776920318604,0
2637,2610,0.4115895628929138,0
2637,2774,0.41472122073173523,0
2637,1174,0.4236442744731903,0
2637,1970,0.42105787992477417,0
2637,749,0.4224609136581421,0
2637,982,0.41104263067245483,0
2637,30,0.4074975252151489,0
2637,2162,0.41818928718566895,0
2637,2229,0.41590315103530884,0
2808,2808,0.4146789610385895,1
2808,896,0.4121101498603821,0
2808,4102,0.399505615234375,0
2808,381,0.4053097665309906,0
2808,240,0.403647780418396,0
2808,2980,0.40296727418899536,0
2808,1269,0.40996119379997253,0
2808,1817,0.40743428468704224,0
2808,3823,0.41828542947769165,0
2808,1839,0.4125717282295227,0
2808,3949,0.4006364643573761,0
2808,25,0.40505433082580566,0
2808,1802,0.4037986993789673,0
2808,2469,0.4057236611843109,0
2808,556,0.405547559261322,0
2808,2770,0.40613406896591187,0
2808,2128,0.3994174599647522,0
2808,3263,0.39985179901123047,0
2808,2444,0.40142887830734253,0
2808,1126,0.4121359884738922,0
4002,4002,0.41762667894363403,1
4002,1950,0.42266765236854553,0
4002,1303,0.4151644706726074,0
4002,1359,0.4178156852722168,0
4002,295,0.4141845703125,0
4002,3425,0.42192426323890686,0
4002,2555,0.4217548370361328,0
4002,625,0.4150100350379944,0
4002,2397,0.42021945118904114,0
4002,3240,0.4139709770679474,0
4002,2379,0.4251523017883301,0
4002,2505,0.4191835820674896,0
4002,2370,0.40927863121032715,0
4002,2604,0.42539697885513306,0
4002,1320,0.41288381814956665,0
4002,755,0.41377878189086914,0
4002,463,0.4177367687225342,0
4002,1490,0.42446380853652954,0
4002,2545,0.4199380874633789,0
4002,2219,0.4139115810394287,0
495,495,0.4084038734436035,1
495,1522,0.416711688041687,0
495,1791,0.41031837463378906,0
495,3578,0.4120059609413147,0
495,1007,0.4163554906845093,0
495,2752,0.4163370132446289,0
495,3839,0.42050355672836304,0
495,1518,0.4131479263305664,0
495,1276,0.4147506058216095,0
495,1364,0.4091017246246338,0
495,2487,0.41319847106933594,0
495,3726,0.40990209579467773,0
495,708,0.40928658843040466,0
495,2598,0.41624265909194946,0
495,1330,0.41294407844543457,0
495,2924,0.4125000834465027,0
495,429,0.4147869348526001,0
495,3774,0.4103109836578369,0
495,1510,0.40777653455734253,0
495,1738,0.4055759906768799,0
3792,3792,0.40767306089401245,1
3792,2137,0.4082939028739929,0
3792,816,0.4109172224998474,0
3792,921,0.40896958112716675,0
3792,842,0.4107092618942261,0
3792,2223,0.40612053871154785,0
3792,2486,0.4127078652381897,0
3792,711,0.4143126904964447,0
3792,980,0.39991480112075806,0
3792,2867,0.4145646095275879,0
3792,4132,0.4108888804912567,0
3792,2668,0.4109145402908325,0
3792,3567,0.4117196500301361,0
3792,2501,0.4121652841567993,0
3792,2954,0.4050633907318115,0
3792,1564,0.40770435333251953,0
3792,871,0.40354010462760925,0
3792,2494,0.40098756551742554,0
3792,1445,0.40583884716033936,0
3792,3279,0.4041932225227356,0
696,696,0.4049348533153534,1
696,227,0.4203334450721741,0
696,1322,0.41719087958335876,0
696,1057,0.416962206363678,0
696,1466,0.40933823585510254,0
696,877,0.42251941561698914,0
696,2252,0.4125300645828247,0
696,612,0.41969555616378784,0
696,3714,0.4181205928325653,0
696,3559,0.41972237825393677,0
696,2308,0.4231186509132385,0
696,1201,0.41842010617256165,0
696,242,0.41325291991233826,0
696,4106,0.4119441509246826,0
696,4155,0.4157528579235077,0
696,1972,0.41866356134414673,0
696,83,0.42137622833251953,0
696,732,0.4241160452365875,0
696,998,0.423484206199646,0
696,37,0.4182339608669281,0
1187,1187,0.4176453948020935,1
1187,2442,0.4191027879714966,0
1187,1343,0.42161911725997925,0
1187,1690,0.4109312891960144,0
1187,2157,0.4262029528617859,0
1187,1229,0.42289385199546814,0
1187,3454,0.41972076892852783,0
1187,2445,0.42106616497039795,0
1187,1729,0.422995388507843,0
1187,2281,0.40908098220825195,0
1187,3425,0.42343825101852417,0
1187,1081,0.41663622856140137,0
1187,1370,0.424028605222702,0
1187,64,0.41317564249038696,0
1187,2672,0.4187224209308624,0
1187,611,0.4205124080181122,0
1187,95,0.423003613948822,0
1187,1580,0.42496374249458313,0
1187,3495,0.4229341447353363,0
1187,1504,0.41837167739868164,0
3064,3064,0.41129934787750244,1
3064,3290,0.40976816415786743,0
3064,1540,0.4181345999240875,0
3064,273,0.4134233295917511,0
3064,1356,0.41008567810058594,0
3064,3593,0.4136839210987091,0
3064,17,0.42280861735343933,0
3064,1943,0.4185318946838379,0
3064,871,0.40868234634399414,0
3064,1794,0.4145767092704773,0
3064,3381,0.41416633129119873,0
3064,463,0.4139285683631897,0
3064,2206,0.4127900004386902,0
3064,3263,0.4069651961326599,0
3064,740,0.4117887616157532,0
3064,1222,0.4239490032196045,0
3064,1828,0.41265982389450073,0
3064,3805,0.41525059938430786,0
3064,2833,0.41323593258857727,0
3064,3203,0.41662177443504333,0
1382,1382,0.39957287907600403,1
1382,1633,0.4048578143119812,0
1382,653,0.40699106454849243,0
1382,667,0.4081133008003235,0
1382,1653,0.4092673659324646,0
1382,2870,0.404199481010437,0
1382,437,0.3962966203689575,0
1382,613,0.4055328369140625,0
1382,2034,0.3966079652309418,0
1382,2213,0.40754491090774536,0
1382,3572,0.40685969591140747,0
1382,1624,0.40615707635879517,0
1382,3810,0.402485728263855,0
1382,4056,0.4057246446609497,0
1382,2950,0.4118053913116455,0
1382,1622,0.406105637550354,0
1382,3019,0.40426209568977356,0
1382,2315,0.4056396782398224,0
1382,1404,0.4010944664478302,0
1382,3044,0.4042856693267822,0
1434,1434,0.39810454845428467,1
1434,3537,0.4030684530735016,0
1434,70,0.4095512628555298,0
1434,2216,0.40553051233291626,0
1434,1817,0.40485066175460815,0
1434,1929,0.4106447994709015,0
1434,3692,0.39833971858024597,0
1434,3612,0.39875543117523193,0
1434,3046,0.40477925539016724,0
1434,3825,0.4042067229747772,0
1434,1810,0.4051394462585449,0
1434,833,0.4016244113445282,0
1434,2294,0.4056759476661682,0
1434,3694,0.40500110387802124,0
1434,1289,0.40360766649246216,0
1434,3948,0.4022957384586334,0
1434,2889,0.4012971520423889,0
1434,1837,0.4054097533226013,0
1434,101,0.402937114238739,0
1434,678,0.4062383472919464,0
1969,1969,0.4026520848274231,1
1969,247,0.40070822834968567,0
1969,970,0.4064396619796753,0
1969,3185,0.4054880440235138,0
1969,711,0.40845540165901184,0
1969,3351,0.4076496958732605,0
1969,1372,0.39895644783973694,0
1969,1137,0.4021149277687073,0
1969,3688,0.40407735109329224,0
1969,2871,0.41044142842292786,0
1969,25,0.40176552534103394,0
1969,2797,0.4030919075012207,0
1969,1083,0.40268370509147644,0
1969,52,0.4038115441799164,0
1969,1899,0.4134383201599121,0
1969,1499,0.4025343954563141,0
1969,344,0.41067707538604736,0
1969,1381,0.3991258144378662,0
1969,2078,0.39900699257850647,0
1969,597,0.4041035771369934,0
3353,3353,0.41441017389297485,1
3353,2671,0.4162367582321167,0
3353,3277,0.41240453720092773,0
3353,1852,0.4138910174369812,0
3353,2880,0.4125814735889435,0
3353,2835,0.4162927269935608,0
3353,837,0.4202386140823364,0
3353,538,0.41416633129119873,0
3353,3149,0.41463494300842285,0
3353,4163,0.407485693693161,0
3353,3683,0.4203605055809021,0
3353,2407,0.4069302976131439,0
3353,787,0.4111252725124359,0
3353,3885,0.4157094955444336,0
3353,2403,0.4093644618988037,0
3353,3857,0.4195660650730133,0
3353,2492,0.41280239820480347,0
3353,3463,0.4151008725166321,0
3353,2482,0.409145325422287,0
3353,821,0.4021154046058655,0
572,572,0.40809279680252075,1
572,3261,0.4116564393043518,0
572,3582,0.42082035541534424,0
572,2667,0.4238680899143219,0
572,2210,0.4157225787639618,0
572,2167,0.41305941343307495,0
572,1315,0.40876346826553345,0
572,668,0.41784876585006714,0
572,1804,0.4228547513484955,0
572,2646,0.41582053899765015,0
572,1502,0.41917186975479126,0
572,1563,0.41401049494743347,0
572,2119,0.41547590494155884,0
572,3316,0.4108632206916809,0
572,2163,0.408206582069397,0
572,2035,0.40608006715774536,0
572,2773,0.4155771732330322,0
572,3927,0.4130154252052307,0
572,516,0.41980594396591187,0
572,2176,0.4163690507411957,0
546,546,0.4080848693847656,1
546,948,0.41321295499801636,0
546,795,0.4130357503890991,0
546,227,0.4162435531616211,0
546,3931,0.4125167727470398,0
546,1666,0.4099019169807434,0
546,3243,0.41482460498809814,0
546,3075,0.41028279066085815,0
546,1928,0.41188907623291016,0
546,1904,0.41315269470214844,0
546,172,0.41197720170021057,0
546,3073,0.4154461622238159,0
546,3299,0.41118109226226807,0
546,1718,0.4137105345726013,0
546,3169,0.4087611436843872,0
546,2447,0.41596052050590515,0
546,3891,0.41420918703079224,0
546,290,0.4143680930137634,0
546,2585,0.4177313446998596,0
546,2079,0.42058053612709045,0
3070,3070,0.4012548327445984,1
3070,1510,0.39885473251342773,0
3070,3913,0.40041810274124146,0
3070,3017,0.40095365047454834,0
3070,3517,0.40150028467178345,0
3070,3040,0.40564966201782227,0
3070,1629,0.4059091806411743,0
3070,1316,0.4054848551750183,0
3070,927,0.40492767095565796,0
3070,3723,0.3965691924095154,0
3070,1790,0.4040953516960144,0
3070,462,0.3956418037414551,0
3070,1290,0.4065825045108795,0
3070,2138,0.39914458990097046,0
3070,334,0.4000878930091858,0
3070,53,0.3978087306022644,0
3070,253,0.4083617627620697,0
3070,2070,0.40023499727249146,0
3070,1654,0.4071962237358093,0
3070,1960,0.40840083360671997,0
22,22,0.41272443532943726,1
22,2810,0.4086408317089081,0
22,1861,0.4050557017326355,0
22,2577,0.40126457810401917,0
22,1477,0.4150802493095398,0
22,3431,0.4128352403640747,0
22,1274,0.4131254553794861,0
22,111,0.4188579320907593,0
22,3291,0.4048534035682678,0
22,3475,0.40822094678878784,0
22,3975,0.4064342975616455,0
22,2474,0.4135972559452057,0
22,2887,0.40861064195632935,0
22,1962,0.4158809185028076,0
22,1590,0.40710002183914185,0
22,1378,0.41340720653533936,0
22,1053,0.40770477056503296,0
22,2024,0.40472137928009033,0
22,1930,0.4088815450668335,0
22,3777,0.4079890847206116,0
3976,3976,0.4116981625556946,1
3976,546,0.40754809975624084,0
3976,46,0.41126638650894165,0
3976,3029,0.40886247158050537,0
3976,3068,0.411190927028656,0
3976,3127,0.41636329889297485,0
3976,299,0.41985833644866943,0
3976,3242,0.4091264605522156,0
3976,1205,0.4108913540840149,0
3976,628,0.409662663936615,0
3976,2760,0.4166640639305115,0
3976,742,0.4163503050804138,0
3976,3793,0.41727209091186523,0
3976,4170,0.4170541763305664,0
3976,1030,0.41584622859954834,0
3976,3957,0.40877795219421387,0
3976,1431,0.414534330368042,0
3976,3992,0.4158424735069275,0
3976,4057,0.4149734675884247,0
3976,1848,0.4126814901828766,0
3747,3747,0.4059867858886719,1
3747,230,0.40675169229507446,0
3747,3834,0.4189671277999878,0
3747,3405,0.40367698669433594,0
3747,1092,0.40979519486427307,0
3747,359,0.4046682119369507,0
3747,820,0.4065822958946228,0
3747,4068,0.4046223759651184,0
3747,124,0.41047653555870056,0
3747,1194,0.4058237671852112,0
3747,2588,0.4078795909881592,0
3747,1884,0.4076451063156128,0
3747,1010,0.40972453355789185,0
3747,3647,0.4069099426269531,0
3747,1541,0.4114883542060852,0
3747,278,0.4104810953140259,0
3747,3481,0.41112208366394043,0
3747,2774,0.40703603625297546,0
3747,771,0.4048013985157013,0
3747,2096,0.41396331787109375,0
3397,3397,0.41633886098861694,1
3397,383,0.42643094062805176,0
3397,1676,0.41672182083129883,0
3397,1453,0.41765648126602173,0
3397,1726,0.4130624830722809,0
3397,260,0.4178113341331482,0
3397,2782,0.41884392499923706,0
3397,788,0.4044439196586609,0
3397,4071,0.41689032316207886,0
3397,2929,0.4180050194263458,0
3397,937,0.4236094355583191,0
3397,917,0.42079031467437744,0
3397,762,0.407083123922348,0
3397,2843,0.42079421877861023,0
3397,3787,0.41771164536476135,0
3397,477,0.4135226607322693,0
3397,1888,0.4165382981300354,0
3397,959,0.4161091446876526,0
3397,1768,0.42059898376464844,0
3397,3573,0.41352948546409607,0
95,95,0.4147179126739502,1
95,2141,0.4194428026676178,0
95,616,0.408184289932251,0
95,1710,0.40810319781303406,0
95,565,0.41778135299682617,0
95,1477,0.4160231351852417,0
95,1165,0.4117954969406128,0
95,1979,0.4102678894996643,0
95,2083,0.40189725160598755,0
95,2756,0.4077252745628357,0
95,443,0.4074835777282715,0
95,1140,0.40595167875289917,0
95,3895,0.4106650948524475,0
95,46,0.4098917841911316,0
95,1317,0.41153252124786377,0
95,123,0.40802717208862305,0
95,174,0.4110602140426636,0
95,2239,0.41099584102630615,0
95,372,0.41093868017196655,0
95,262,0.4143718481063843,0
3420,3420,0.41724109649658203,1
3420,2646,0.4169359803199768,0
3420,1997,0.4177934527397156,0
3420,593,0.41841357946395874,0
3420,3806,0.4231807589530945,0
3420,3518,0.41613173484802246,0
3420,94,0.4135492444038391,0
3420,382,0.4129592776298523,0
3420,3079,0.41445648670196533,0
3420,3799,0.4180755615234375,0
3420,2241,0.4182990789413452,0
3420,3869,0.42253541946411133,0
3420,2223,0.413047730922699,0
3420,1744,0.4184536337852478,0
3420,3283,0.4134274125099182,0
3420,184,0.41302525997161865,0
3420,3665,0.4133358597755432,0
3420,1541,0.418423056602478,0
3420,3629,0.41529643535614014,0
3420,2406,0.41336914896965027,0
1657,1657,0.40999341011047363,1
1657,823,0.40824073553085327,0
1657,1159,0.41260892152786255,0
1657,4092,0.40720826387405396,0
1657,2735,0.4142668843269348,0
1657,1047,0.41469645500183105,0
1657,3926,0.40480977296829224,0
1657,1250,0.40944188833236694,0
1657,3464,0.4114457964897156,0
1657,2731,0.41116487979888916,0
1657,3260,0.4172632098197937,0
1657,873,0.4120439887046814,0
1657,2098,0.4080253541469574,0
1657,1003,0.4144042134284973,0
1657,411,0.40791553258895874,0
1657,4077,0.42446672916412354,0
1657,4166,0.40633147954940796,0
1657,660,0.41574960947036743,0
1657,1532,0.4107915759086609,0
1657,506,0.41142845153808594,0
3146,3146,0.40545934438705444,1
3146,1190,0.4104089140892029,0
3146,2558,0.41181373596191406,0
3146,2906,0.40472090244293213,0
3146,232,0.4115990400314331,0
3146,1294,0.4101204574108124,0
3146,1331,0.41061240434646606,0
3146,1637,0.40707331895828247,0
3146,1625,0.4097355008125305,0
3146,2409,0.4085035026073456,0
3146,1354,0.41425415873527527,0
3146,2807,0.41107743978500366,0
3146,2747,0.40658318996429443,0
3146,1833,0.40426355600357056,0
3146,655,0.40999308228492737,0
3146,1715,0.4084967374801636,0
3146,2760,0.4142216444015503,0
3146,2210,0.411704421043396,0
3146,265,0.41690030694007874,0
3146,818,0.41068440675735474,0
915,915,0.41974467039108276,1
915,3011,0.4154461622238159,0
915,2242,0.41148626804351807,0
915,2998,0.42049115896224976,0
915,3904,0.4138258099555969,0
915,1045,0.4232289493083954,0
915,745,0.4223461151123047,0
915,530,0.41080525517463684,0
915,964,0.41990023851394653,0
915,635,0.42271900177001953,0
915,981,0.4188184142112732,0
915,2897,0.4200921058654785,0
915,1613,0.41343367099761963,0
915,432,0.41208064556121826,0
915,802,0.41769295930862427,0
915,3361,0.42129865288734436,0
915,4176,0.4130359888076782,0
915,2727,0.41676729917526245,0
915,2583,0.41538387537002563,0
915,1848,0.4185371994972229,0
552,552,0.4098328948020935,1
552,1416,0.4186932146549225,0
552,1557,0.41746068000793457,0
552,3790,0.41039055585861206,0
552,3448,0.416709303855896,0
552,1144,0.4186835289001465,0
552,2580,0.40928027033805847,0
552,1399,0.40952664613723755,0
552,1748,0.4143680930137634,0
552,2794,0.41316747665405273,0
552,1982,0.41899585723876953,0
552,327,0.41359782218933105,0
552,806,0.41173261404037476,0
552,3573,0.4113524854183197,0
552,3968,0.40843361616134644,0
552,1800,0.41433727741241455,0
552,3858,0.4135911762714386,0
552,1779,0.4105319678783417,0
552,421,0.41314196586608887,0
552,733,0.4187717139720917,0
3736,3736,0.4115332365036011,1
3736,943,0.41149723529815674,0
3736,278,0.4190056324005127,0
3736,3141,0.42216014862060547,0
3736,1988,0.41610831022262573,0
3736,3617,0.41735538840293884,0
3736,1125,0.4197792708873749,0
3736,2772,0.419329971075058,0
3736,2185,0.4190385937690735,0
3736,3335,0.4122775197029114,0
3736,3118,0.4178709387779236,0
3736,2713,0.419216513633728,0
3736,2938,0.4173990488052368,0
3736,19,0.41296547651290894,0
3736,3752,0.42442774772644043,0
3736,1721,0.41074883937835693,0
3736,1094,0.4152645766735077,0
3736,3212,0.419251948595047,0
3736,831,0.417941689491272,0
3736,1823,0.41083502769470215,0
3756,3756,0.4147386848926544,1
3756,3089,0.4145957827568054,0
3756,3271,0.4133516550064087,0
3756,1560,0.4142504632472992,0
3756,2399,0.4171378016471863,0
3756,1492,0.4210904836654663,0
3756,1515,0.41119736433029175,0
3756,2659,0.4234701693058014,0
3756,2453,0.4167090058326721,0
3756,3401,0.4201660454273224,0
3756,1981,0.42011183500289917,0
3756,3182,0.4174223244190216,0
3756,3543,0.4141566753387451,0
3756,175,0.41353410482406616,0
3756,670,0.41763514280319214,0
3756,2778,0.4120057225227356,0
3756,3626,0.4151208996772766,0
3756,3161,0.4245234727859497,0
3756,3770,0.41843122243881226,0
3756,2089,0.4138793349266052,0
2814,2814,0.41169559955596924,1
2814,3166,0.41928595304489136,0
2814,1207,0.4172475337982178,0
2814,324,0.4205469787120819,0
2814,757,0.4173985719680786,0
2814,138,0.41387611627578735,0
2814,321,0.41058772802352905,0
2814,2351,0.42613643407821655,0
2814,966,0.41739803552627563,0
2814,3662,0.4086139500141144,0
2814,3440,0.4203007221221924,0
2814,946,0.4215015769004822,0
2814,4133,0.4130532741546631,0
2814,520,0.4202934503555298,0
2814,3796,0.41333627700805664,0
2814,2084,0.4194129705429077,0
2814,52,0.41784748435020447,0
2814,2616,0.4129014015197754,0
2814,2276,0.41687914729118347,0
2814,3731,0.4142974615097046,0
3665,3665,0.40982750058174133,1
3665,3835,0.4120778441429138,0
3665,1868,0.4163894057273865,0
3665,2581,0.4123331904411316,0
3665,2861,0.40941837430000305,0
3665,3294,0.40552595257759094,0
3665,3961,0.4094480276107788,0
3665,673,0.41409173607826233,0
3665,1175,0.4141503572463989,0
3665,3476,0.41711509227752686,0
3665,221,0.4092380404472351,0
3665,2209,0.4136543869972229,0
3665,2999,0.4060502052307129,0
3665,2752,0.41343915462493896,0
3665,1101,0.4138644337654114,0
3665,1211,0.41608333587646484,0
3665,3812,0.40754809975624084,0
3665,1238,0.41973114013671875,0
3665,4038,0.4114057123661041,0
3665,1470,0.41114479303359985,0
3563,3563,0.41467899084091187,1
3563,1804,0.4261893332004547,0
3563,3241,0.4132515490055084,0
3563,2871,0.4247503876686096,0
3563,3537,0.4161874055862427,0
3563,183,0.4212075471878052,0
3563,2824,0.4158875346183777,0
3563,3373,0.4124250113964081,0
3563,401,0.42044365406036377,0
3563,2437,0.41925621032714844,0
3563,2661,0.41863688826560974,0
3563,4155,0.41539648175239563,0
3563,816,0.4188601076602936,0
3563,1684,0.42040523886680603,0
3563,2946,0.41909196972846985,0
3563,134,0.4146970510482788,0
3563,1473,0.42096686363220215,0
3563,3155,0.413143515586853,0
3563,1801,0.41941919922828674,0
3563,3955,0.40882381796836853,0
211,211,0.41134530305862427,1
211,3579,0.4131443500518799,0
211,3788,0.41189613938331604,0
211,1007,0.4118460416793823,0
211,1796,0.4098784625530243,0
211,293,0.40390631556510925,0
211,3392,0.4067501127719879,0
211,417,0.4107825756072998,0
211,6,0.4140087366104126,0
211,32,0.40712064504623413,0
211,2315,0.4096325635910034,0
211,486,0.4073318839073181,0
211,4087,0.4103800654411316,0
211,3737,0.41006410121917725,0
211,3797,0.41251787543296814,0
211,27,0.4109284281730652,0
211,3688,0.40900754928588867,0
211,52,0.40998610854148865,0
211,811,0.40542349219322205,0
211,2336,0.40830570459365845,0
2757,2757,0.41381099820137024,1
2757,561,0.4137415289878845,0
2757,2230,0.409697949886322,0
2757,3391,0.4085526466369629,0
2757,1783,0.4101659059524536,0
2757,3137,0.42446547746658325,0
2757,3817,0.413607656955719,0
2757,2300,0.4083207845687866,0
2757,1546,0.407297819852829,0
2757,2592,0.41562560200691223,0
2757,2006,0.41106218099594116,0
2757,1793,0.4105725586414337,0
2757,1702,0.412142276763916,0
2757,133,0.4132033586502075,0
2757,3686,0.41254228353500366,0
2757,3574,0.4166752099990845,0
2757,945,0.41488224267959595,0
2757,2870,0.41279906034469604,0
2757,1834,0.41333693265914917,0
2757,2643,0.41794270277023315,0
4159,4159,0.4156578779220581,1
4159,327,0.41953960061073303,0
4159,69,0.42271357774734497,0
4159,2660,0.4164360761642456,0
4159,437,0.4096122682094574,0
4159,2870,0.4191816449165344,0
4159,3652,0.420987069606781,0
4159,1397,0.41202613711357117,0
4159,2759,0.416139155626297,0
4159,208,0.4141339957714081,0
4159,3765,0.4259760081768036,0
4159,2791,0.41791167855262756,0
4159,4026,0.4182332754135132,0
4159,318,0.4189624786376953,0
4159,789,0.41779443621635437,0
4159,2984,0.4149421751499176,0
4159,2519,0.4189940094947815,0
4159,923,0.4137018918991089,0
4159,2318,0.4143019914627075,0
4159,2100,0.41577601432800293,0
1694,1694,0.40793317556381226,1
1694,3706,0.4113355576992035,0
1694,3324,0.40839219093322754,0
1694,2420,0.411368727684021,0
1694,3892,0.4082390069961548,0
1694,365,0.41265201568603516,0
1694,3394,0.419437050819397,0
1694,2784,0.4091099500656128,0
1694,3575,0.4120035171508789,0
1694,2462,0.4114493727684021,0
1694,157,0.41306573152542114,0
1694,2998,0.4147176146507263,0
1694,3646,0.41268250346183777,0
1694,1215,0.42374852299690247,0
1694,488,0.41258156299591064,0
1694,2777,0.4131995439529419,0
1694,2338,0.4136442542076111,0
1694,3301,0.4098757803440094,0
1694,918,0.4053647220134735,0
1694,3833,0.4075409770011902,0
3293,3293,0.42147141695022583,1
3293,3403,0.4269545078277588,0
3293,1850,0.4150119125843048,0
3293,1190,0.42361366748809814,0
3293,947,0.41714516282081604,0
3293,1937,0.4230964481830597,0
3293,299,0.4295737147331238,0
3293,3999,0.41871142387390137,0
3293,2807,0.42436206340789795,0
3293,3040,0.42465245723724365,0
3293,1795,0.4206621050834656,0
3293,1124,0.423058420419693,0
3293,1562,0.41397345066070557,0
3293,1325,0.421002596616745,0
3293,2087,0.4264005422592163,0
3293,2461,0.42001134157180786,0
3293,2242,0.41546860337257385,0
3293,2107,0.4174155592918396,0
3293,93,0.4199873208999634,0
3293,1731,0.4252254068851471,0
1781,1781,0.40915560722351074,1
1781,2403,0.4080938696861267,0
1781,1489,0.41523003578186035,0
1781,2434,0.4148481786251068,0
1781,1749,0.4152093827724457,0
1781,1571,0.41382691264152527,0
1781,3923,0.4130743741989136,0
1781,359,0.408433735370636,0
1781,1156,0.410142183303833,0
1781,138,0.4093030095100403,0
1781,256,0.41256362199783325,0
1781,509,0.4149578809738159,0
1781,1108,0.4173145890235901,0
1781,2016,0.40912264585494995,0
1781,551,0.4127994477748871,0
1781,786,0.40796494483947754,0
1781,609,0.4133877754211426,0
1781,340,0.4105291962623596,0
1781,1371,0.4188745617866516,0
1781,1537,0.4158290922641754,0
417,417,0.40798091888427734,1
417,2788,0.4031763970851898,0
417,253,0.41035646200180054,0
417,2718,0.40488454699516296,0
417,1736,0.4045836925506592,0
417,3413,0.40640363097190857,0
417,11,0.3996489644050598,0
417,887,0.40250277519226074,0
417,2428,0.40290796756744385,0
417,4024,0.40848028659820557,0
417,1285,0.40531137585639954,0
417,4013,0.4057270288467407,0
417,2236,0.40188294649124146,0
417,3110,0.40823644399642944,0
417,2605,0.4045868515968323,0
417,3561,0.40389567613601685,0
417,3383,0.40625399351119995,0
417,28,0.41238901019096375,0
417,458,0.40277305245399475,0
417,232,0.40674981474876404,0
1847,1847,0.4028933346271515,1
1847,3811,0.40125155448913574,0
1847,2058,0.40559887886047363,0
1847,1376,0.40669259428977966,0
1847,3707,0.41270911693573,0
1847,2118,0.41185104846954346,0
1847,1148,0.40553975105285645,0
1847,1881,0.40664881467819214,0
1847,2562,0.40313130617141724,0
1847,3671,0.4067783057689667,0
1847,2856,0.4086257815361023,0
1847,4114,0.4092733860015869,0
1847,574,0.4097827672958374,0
1847,1577,0.40799832344055176,0
1847,2644,0.40432074666023254,0
1847,2879,0.4025703966617584,0
1847,2134,0.40808790922164917,0
1847,3875,0.4027591943740845,0
1847,2473,0.4043300747871399,0
1847,3716,0.4109482169151306,0
2332,2332,0.414681613445282,1
2332,197,0.4213073253631592,0
2332,749,0.42257222533226013,0
2332,506,0.41734665632247925,0
2332,2673,0.41862374544143677,0
2332,1614,0.4112129211425781,0
2332,2032,0.4153699278831482,0
2332,3595,0.4141879081726074,0
2332,1235,0.4172091484069824,0
2332,4031,0.41492384672164917,0
2332,20,0.4140656590461731,0
2332,158,0.4168877601623535,0
2332,1598,0.41212356090545654,0
2332,1172,0.4126430153846741,0
2332,280,0.4250412583351135,0
2332,1796,0.41721415519714355,0
2332,1700,0.4226214289665222,0
2332,2260,0.4228847026824951,0
2332,279,0.415302574634552,0
2332,2482,0.41173362731933594,0
1155,1155,0.40692558884620667,1
1155,1979,0.40741991996765137,0
1155,1335,0.40707680583000183,0
1155,109,0.41044649481773376,0
1155,3387,0.40735316276550293,0
1155,3788,0.4114786386489868,0
1155,3236,0.41475099325180054,0
1155,530,0.40157589316368103,0
1155,4037,0.41740384697914124,0
1155,2633,0.40792596340179443,0
1155,2164,0.41395053267478943,0
1155,3605,0.4081292152404785,0
1155,1018,0.406622052192688,0
1155,3565,0.4111695885658264,0
1155,3643,0.40765681862831116,0
1155,3832,0.41309675574302673,0
1155,1053,0.40592414140701294,0
1155,3789,0.41061580181121826,0
1155,3500,0.4106738865375519,0
1155,2637,0.4068617522716522,0
6,6,0.4162999987602234,1
6,1594,0.4129399061203003,0
6,2849,0.4079381823539734,0
6,3269,0.41177648305892944,0
6,436,0.40629658102989197,0
6,2825,0.41363203525543213,0
6,610,0.408077597618103,0
6,2772,0.4134381115436554,0
6,5,0.4126909673213959,0
6,2445,0.41277366876602173,0
6,3612,0.40548163652420044,0
6,2123,0.4227600395679474,0
6,2850,0.41717106103897095,0
6,3910,0.412483811378479,0
6,2798,0.4041745066642761,0
6,2879,0.40571340918540955,0
6,1741,0.4047822952270508,0
6,1896,0.4029638171195984,0
6,1264,0.40935763716697693,0
6,361,0.40809935331344604,0
1893,1893,0.41816097497940063,1
1893,1968,0.4149463176727295,0
1893,500,0.4243355989456177,0
1893,3750,0.41852694749832153,0
1893,2550,0.41983503103256226,0
1893,727,0.4289195239543915,0
1893,3390,0.419013112783432,0
1893,3613,0.41934502124786377,0
1893,2321,0.428338885307312,0
1893,846,0.41682514548301697,0
1893,2635,0.4138108193874359,0
1893,2695,0.4097078740596771,0
1893,1627,0.4166274070739746,0
1893,3224,0.41808629035949707,0
1893,1917,0.41102665662765503,0
1893,210,0.4212913513183594,0
1893,1174,0.42648404836654663,0
1893,3892,0.41365480422973633,0
1893,2342,0.4220625162124634,0
1893,682,0.4230000376701355,0
1738,1738,0.4075363278388977,1
1738,1236,0.4079332947731018,0
1738,1890,0.4121941030025482,0
1738,2732,0.41294577717781067,0
1738,1916,0.41945165395736694,0
1738,2990,0.41294169425964355,0
1738,3452,0.41841012239456177,0
1738,994,0.4221872091293335,0
1738,1929,0.4222491979598999,0
1738,3647,0.4133365750312805,0
1738,691,0.4202393889427185,0
1738,2562,0.41075438261032104,0
1738,684,0.41044822335243225,0
1738,3946,0.4137716293334961,0
1738,692,0.41201794147491455,0
1738,2392,0.4121452867984772,0
1738,2496,0.41686031222343445,0
1738,3738,0.4217454791069031,0
1738,1647,0.4160388112068176,0
1738,4083,0.4215291738510132,0
1949,1949,0.4165950417518616,1
1949,2196,0.4161490797996521,0
1949,1104,0.41871556639671326,0
1949,505,0.4150041341781616,0
1949,396,0.4116690158843994,0
1949,1675,0.411831259727478,0
1949,1562,0.406240314245224,0
1949,3800,0.41538456082344055,0
1949,3978,0.4136185646057129,0
1949,1937,0.41665756702423096,0
1949,3422,0.4118553102016449,0
1949,1070,0.41886866092681885,0
1949,623,0.41311970353126526,0
1949,3814,0.4117456376552582,0
1949,4082,0.4088144898414612,0
1949,3243,0.4176669120788574,0
1949,590,0.4206724166870117,0
1949,2456,0.4171218276023865,0
1949,98,0.405129611492157,0
1949,3692,0.4097142219543457,0
670,670,0.4109128713607788,1
670,2612,0.4106626510620117,0
670,3261,0.408551961183548,0
670,2916,0.41276103258132935,0
670,3638,0.4108929932117462,0
670,2757,0.41172367334365845,0
670,4133,0.40654510259628296,0
670,688,0.40640056133270264,0
670,1342,0.4120875895023346,0
670,302,0.41071805357933044,0
670,1683,0.40849822759628296,0
670,1287,0.4134484529495239,0
670,544,0.4037008285522461,0
670,2716,0.40395593643188477,0
670,1919,0.4098142683506012,0
670,2679,0.41076382994651794,0
670,3616,0.40562015771865845,0
670,183,0.41451263427734375,0
670,3237,0.41334348917007446,0
670,2218,0.41062137484550476,0
3992,3992,0.4245508015155792,1
3992,3241,0.41682517528533936,0
3992,4137,0.4195762276649475,0
3992,3114,0.4194439649581909,0
3992,1008,0.4258248805999756,0
3992,842,0.4233263432979584,0
3992,3270,0.419247031211853,0
3992,2849,0.4178865849971771,0
3992,1615,0.4209848642349243,0
3992,2532,0.41335901618003845,0
3992,787,0.41822099685668945,0
3992,3209,0.4204680323600769,0
3992,2802,0.41668593883514404,0
3992,899,0.4134892225265503,0
3992,750,0.41747766733169556,0
3992,1656,0.41929197311401367,0
3992,2810,0.41982609033584595,0
3992,3093,0.42275121808052063,0
3992,2003,0.41913044452667236,0
3992,2991,0.41783350706100464,0
3080,3080,0.41571956872940063,1
3080,2623,0.42105114459991455,0
3080,1309,0.4234839975833893,0
3080,2624,0.4211580157279968,0
3080,2482,0.41298967599868774,0
3080,3519,0.42308977246284485,0
3080,2306,0.4207089841365814,0
3080,770,0.42311912775039673,0
3080,1413,0.41961944103240967,0
3080,190,0.4219815731048584,0
3080,380,0.4200991094112396,0
3080,1577,0.41937392950057983,0
3080,3549,0.42070984840393066,0
3080,4020,0.41987448930740356,0
3080,929,0.42360156774520874,0
3080,4077,0.43241727352142334,0
3080,3560,0.418790340423584,0
3080,308,0.42312926054000854,0
3080,3872,0.42164987325668335,0
3080,4125,0.41471368074417114,0
713,713,0.4175682067871094,1
713,3771,0.4162997901439667,0
713,3416,0.4227031469345093,0
713,2349,0.42318224906921387,0
713,527,0.4181658625602722,0
713,2012,0.4110942482948303,0
713,1813,0.42260658740997314,0
713,2015,0.42355433106422424,0
713,1847,0.4144718050956726,0
713,1658,0.42381688952445984,0
713,925,0.4218253493309021,0
713,3251,0.41854143142700195,0
713,3525,0.4227779507637024,0
713,3440,0.4241477847099304,0
713,392,0.41973429918289185,0
713,165,0.41899099946022034,0
713,1323,0.4230039119720459,0
713,1687,0.4169606566429138,0
713,532,0.41789698600769043,0
713,3467,0.4271702170372009,0
4022,4022,0.41316938400268555,1
4022,3675,0.4138033986091614,0
4022,2141,0.4149938225746155,0
4022,3309,0.40225252509117126,0
4022,3284,0.4137572944164276,0
4022,1155,0.4053523540496826,0
4022,553,0.4059793949127197,0
4022,2975,0.4117192327976227,0
4022,466,0.4070328176021576,0
4022,578,0.4020331799983978,0
4022,1180,0.40283867716789246,0
4022,1645,0.4087190628051758,0
4022,385,0.4004970192909241,0
4022,3275,0.40978044271469116,0
4022,2659,0.41246193647384644,0
4022,2161,0.40324950218200684,0
4022,3186,0.4086506962776184,0
4022,619,0.4040659964084625,0
4022,3579,0.4103649854660034,0
4022,4079,0.40186768770217896,0
3531,3531,0.4209562838077545,1
3531,1206,0.4111633598804474,0
3531,934,0.421773225069046,0
3531,28,0.4287107586860657,0
3531,2941,0.4193224310874939,0
3531,431,0.4226663112640381,0
3531,2794,0.4214336574077606,0
3531,2629,0.41892367601394653,0
3531,3595,0.41926610469818115,0
3531,3389,0.4213678240776062,0
3531,1080,0.42160099744796753,0
3531,1455,0.4213065505027771,0
3531,2664,0.43044519424438477,0
3531,3030,0.42677175998687744,0
3531,2180,0.42136871814727783,0
3531,686,0.4235237240791321,0
3531,885,0.42267516255378723,0
3531,1475,0.4255465269088745,0
3531,2607,0.4256661534309387,0
3531,1218,0.41972815990448,0
855,855,0.41117358207702637,1
855,3731,0.41161108016967773,0
855,590,0.4187139868736267,0
855,1845,0.4084991216659546,0
855,1533,0.4139065146446228,0
855,2077,0.4241493344306946,0
855,3187,0.41150087118148804,0
855,3382,0.4164005517959595,0
855,3436,0.42271798849105835,0
855,2184,0.40750935673713684,0
855,1405,0.41440802812576294,0
855,1854,0.4137057363986969,0
855,3637,0.41074252128601074,0
855,2669,0.42124027013778687,0
855,2000,0.4197194278240204,0
855,3230,0.42255738377571106,0
855,2150,0.4190579652786255,0
855,3206,0.41241735219955444,0
855,1299,0.4152337312698364,0
855,227,0.4171941876411438,0
2427,2427,0.41389620304107666,1
2427,1211,0.4184197783470154,0
2427,2551,0.4135885238647461,0
2427,3722,0.41345348954200745,0
2427,2659,0.4195184111595154,0
2427,839,0.4066779613494873,0
2427,2731,0.41427934169769287,0
2427,592,0.41162359714508057,0
2427,2960,0.4171221852302551,0
2427,2085,0.4120112657546997,0
2427,690,0.4186028242111206,0
2427,2023,0.41686832904815674,0
2427,1332,0.4098488390445709,0
2427,277,0.41024816036224365,0
2427,3060,0.4156290590763092,0
2427,1565,0.4131052494049072,0
2427,3229,0.41335439682006836,0
2427,3067,0.4148339033126831,0
2427,2330,0.405483216047287,0
2427,4179,0.417305052280426,0
613,613,0.42514294385910034,1
613,2919,0.41966015100479126,0
613,3258,0.4156569838523865,0
613,2909,0.4241330623626709,0
613,399,0.423616498708725,0
613,1904,0.4237493872642517,0
613,3319,0.4198859930038452,0
613,2378,0.4264073967933655,0
613,747,0.4234735667705536,0
613,192,0.4226783812046051,0
613,1133,0.42166614532470703,0
613,4153,0.4262721538543701,0
613,953,0.423576295375824,0
613,3326,0.4212072491645813,0
613,1032,0.4198756217956543,0
613,1367,0.42613211274147034,0
613,1889,0.42592179775238037,0
613,3458,0.42248600721359253,0
613,103,0.4268534779548645,0
613,1265,0.4197677671909332,0
1689,1689,0.412720650434494,1
1689,3220,0.4200337827205658,0
1689,1550,0.41945838928222656,0
1689,913,0.4130288064479828,0
1689,273,0.41406574845314026,0
1689,4157,0.41606348752975464,0
1689,962,0.41950368881225586,0
1689,1935,0.4241924285888672,0
1689,2681,0.41752374172210693,0
1689,3150,0.41467413306236267,0
1689,3156,0.4127281904220581,0
1689,1871,0.41768699884414673,0
1689,1915,0.4189379811286926,0
1689,3205,0.40792831778526306,0
1689,81,0.4132033586502075,0
1689,3343,0.4089463949203491,0
1689,2307,0.41121041774749756,0
1689,3345,0.41264021396636963,0
1689,3100,0.4118417501449585,0
1689,3375,0.41470152139663696,0
404,404,0.4206549823284149,1
404,1595,0.41046398878097534,0
404,4102,0.4085676968097687,0
404,1878,0.4156554341316223,0
404,1972,0.4171918034553528,0
404,1195,0.4098252058029175,0
404,3922,0.40631401538848877,0
404,1625,0.4158143699169159,0
404,1864,0.4153863191604614,0
404,629,0.41916170716285706,0
404,70,0.4206860065460205,0
404,1172,0.41232436895370483,0
404,53,0.4098462462425232,0
404,720,0.4150071442127228,0
404,364,0.41327768564224243,0
404,3523,0.4174002408981323,0
404,2741,0.41172683238983154,0
404,2682,0.4169303774833679,0
404,954,0.4125230312347412,0
404,3356,0.41707661747932434,0
3659,3659,0.4137071371078491,1
3659,265,0.41843631863594055,0
3659,3399,0.4148922562599182,0
3659,597,0.4121131896972656,0
3659,3468,0.4134611487388611,0
3659,3956,0.4134182333946228,0
3659,1583,0.40528327226638794,0
3659,1122,0.4101722538471222,0
3659,3681,0.4075216054916382,0
3659,2354,0.41101890802383423,0
3659,3947,0.4139970541000366,0
3659,3055,0.407109797000885,0
3659,29,0.4086364805698395,0
3659,4029,0.4074438810348511,0
3659,1102,0.4100706875324249,0
3659,3097,0.4082527160644531,0
3659,2117,0.41604194045066833,0
3659,717,0.41040700674057007,0
3659,2683,0.41300880908966064,0
3659,817,0.4175131916999817,0
2966,2966,0.4202110171318054,1
2966,2445,0.41621363162994385,0
2966,4012,0.41556310653686523,0
2966,785,0.41407325863838196,0
2966,1764,0.41426002979278564,0
2966,718,0.41367942094802856,0
2966,334,0.4089707136154175,0
2966,1653,0.4183673858642578,0
2966,3025,0.41934260725975037,0
2966,2807,0.4155091941356659,0
2966,2313,0.4140663743019104,0
2966,3813,0.4103529453277588,0
2966,3845,0.40581125020980835,0
2966,4161,0.4108126163482666,0
2966,823,0.4112284183502197,0
2966,2497,0.41680365800857544,0
2966,3445,0.41788607835769653,0
2966,163,0.41245365142822266,0
2966,268,0.4116484522819519,0
2966,3886,0.4216093420982361,0
4157,4157,0.4124506711959839,1
4157,3073,0.4136016070842743,0
4157,3355,0.4028816819190979,0
4157,627,0.41217488050460815,0
4157,355,0.4092616140842438,0
4157,3144,0.4143638014793396,0
4157,3308,0.4170411229133606,0
4157,4115,0.41250890493392944,0
4157,1816,0.41869044303894043,0
4157,2803,0.4174885153770447,0
4157,25,0.4094187021255493,0
4157,891,0.4076387286186218,0
4157,4044,0.4139542877674103,0
4157,148,0.4089849591255188,0
4157,3707,0.417551726102829,0
4157,4139,0.40526115894317627,0
4157,3906,0.41390371322631836,0
4157,899,0.40415993332862854,0
4157,2677,0.41783714294433594,0
4157,3600,0.4149130582809448,0
3356,3356,0.41887813806533813,1
3356,3167,0.41852110624313354,0
3356,3052,0.4253108501434326,0
3356,4016,0.4209538400173187,0
3356,1994,0.4165201187133789,0
3356,229,0.41762614250183105,0
3356,4053,0.41017836332321167,0
3356,839,0.41049379110336304,0
3356,3087,0.4204581379890442,0
3356,2714,0.4193660616874695,0
3356,9,0.42437654733657837,0
3356,2948,0.4266011118888855,0
3356,310,0.4130924344062805,0
3356,1777,0.41398000717163086,0
3356,2861,0.41676363348960876,0
3356,844,0.408080518245697,0
3356,3825,0.41776949167251587,0
3356,1284,0.41348621249198914,0
3356,2392,0.41441458463668823,0
3356,2313,0.41819292306900024,0
2126,2126,0.41450852155685425,1
2126,702,0.4111112356185913,0
2126,3508,0.4200391173362732,0
2126,2425,0.41488736867904663,0
2126,815,0.41580572724342346,0
2126,2403,0.41214248538017273,0
2126,2379,0.42341095209121704,0
2126,363,0.41653716564178467,0
2126,576,0.4128630459308624,0
2126,453,0.4142325520515442,0
2126,3120,0.4139724373817444,0
2126,203,0.41658973693847656,0
2126,3361,0.4189775586128235,0
2126,613,0.41794919967651367,0
2126,3339,0.418220579624176,0
2126,1959,0.4201766848564148,0
2126,600,0.42324262857437134,0
2126,3652,0.41878604888916016,0
2126,1169,0.4118554890155792,0
2126,2556,0.4142727851867676,0
472,472,0.4213852882385254,1
472,1135,0.4136255085468292,0
472,2457,0.41709738969802856,0
472,1890,0.4126456081867218,0
472,1786,0.4104706645011902,0
472,4110,0.41979172825813293,0
472,2771,0.41262853145599365,0
472,589,0.4169183075428009,0
472,581,0.41616979241371155,0
472,1698,0.4124791920185089,0
472,3683,0.42202532291412354,0
472,843,0.41405194997787476,0
472,531,0.4181665778160095,0
472,438,0.41651463508605957,0
472,2678,0.41685545444488525,0
472,444,0.4148702323436737,0
472,3163,0.41726356744766235,0
472,985,0.4082915484905243,0
472,2542,0.42273688316345215,0
472,962,0.42054513096809387,0
3029,3029,0.4078718423843384,1
3029,3217,0.4094475507736206,0
3029,1275,0.4139169454574585,0
3029,2669,0.4188562035560608,0
3029,2892,0.40950068831443787,0
3029,2097,0.4081398844718933,0
3029,3482,0.4131230115890503,0
3029,2672,0.41141477227211,0
3029,86,0.41976016759872437,0
3029,3096,0.4170079529285431,0
3029,3530,0.4088127315044403,0
3029,1274,0.41479015350341797,0
3029,2014,0.401309072971344,0
3029,341,0.4132600724697113,0
3029,2058,0.41047972440719604,0
3029,2659,0.41775184869766235,0
3029,2527,0.42153704166412354,0
3029,1931,0.4101054072380066,0
3029,181,0.4120498299598694,0
3029,1685,0.417027086019516,0
637,637,0.40299978852272034,1
637,882,0.4195593595504761,0
637,2284,0.4104425013065338,0
637,3940,0.4105544090270996,0
637,3138,0.422547847032547,0
637,1376,0.4079671800136566,0
637,3861,0.40822142362594604,0
637,3251,0.40769970417022705,0
637,2044,0.4102405905723572,0
637,165,0.40819233655929565,0
637,1101,0.4110288918018341,0
637,377,0.405719131231308,0
637,357,0.4093354344367981,0
637,2848,0.4039729833602905,0
637,3923,0.4091435670852661,0
637,1848,0.4088137149810791,0
637,3624,0.40743768215179443,0
637,3496,0.4072222113609314,0
637,739,0.4088849127292633,0
637,3750,0.4085419178009033,0
1241,1241,0.4233735501766205,1
1241,4015,0.4239475727081299,0
1241,3519,0.4270079731941223,0
1241,700,0.42558154463768005,0
1241,4005,0.4206325113773346,0
1241,2907,0.41791805624961853,0
1241,1856,0.4203436076641083,0
1241,1724,0.42176344990730286,0
1241,476,0.4255982041358948,0
1241,553,0.4215291738510132,0
1241,109,0.4245719909667969,0
1241,1432,0.4205174744129181,0
1241,4142,0.4152999520301819,0
1241,2471,0.42416226863861084,0
1241,289,0.41430574655532837,0
1241,416,0.41612139344215393,0
1241,1983,0.42298465967178345,0
1241,420,0.4227156639099121,0
1241,2434,0.4252062439918518,0
1241,764,0.4180964529514313,0
3335,3335,0.40247100591659546,1
3335,3325,0.4029356837272644,0
3335,3366,0.40394094586372375,0
3335,1446,0.4086245894432068,0
3335,710,0.4057247042655945,0
3335,1226,0.4062908887863159,0
3335,1235,0.40815097093582153,0
3335,2425,0.4058611989021301,0
3335,3448,0.4108886122703552,0
3335,587,0.4063723683357239,0
3335,3177,0.4085230529308319,0
3335,4108,0.4058369994163513,0
3335,2168,0.4032965302467346,0
3335,2580,0.4030073285102844,0
3335,3419,0.402861624956131,0
3335,3661,0.40882423520088196,0
3335,3093,0.4091552793979645,0
3335,1111,0.4009197950363159,0
3335,16,0.40676426887512207,0
3335,764,0.4036067724227905,0
3104,3104,0.4146328568458557,1
3104,509,0.4213935434818268,0
3104,3020,0.41566911339759827,0
3104,1937,0.4196428954601288,0
3104,2803,0.42532891035079956,0
3104,71,0.41038239002227783,0
3104,2400,0.41727471351623535,0
3104,1077,0.41139137744903564,0
3104,255,0.4193739891052246,0
3104,2394,0.4233469069004059,0
3104,1519,0.4223287105560303,0
3104,89,0.41751453280448914,0
3104,1796,0.4191802144050598,0
3104,2452,0.4169546961784363,0
3104,730,0.42051973938941956,0
3104,1009,0.42405956983566284,0
3104,2589,0.4285491108894348,0
3104,1827,0.42181289196014404,0
3104,2916,0.4214949905872345,0
3104,1993,0.4253479242324829,0
1205,1205,0.41203173995018005,1
1205,1741,0.406596839427948,0
1205,2485,0.41325122117996216,0
1205,3416,0.4159656763076782,0
1205,3637,0.41043227910995483,0
1205,4086,0.40831315517425537,0
1205,2116,0.406661719083786,0
1205,3985,0.40979793667793274,0
1205,3614,0.4092952609062195,0
1205,685,0.41774874925613403,0
1205,2340,0.40902918577194214,0
1205,999,0.4160716235637665,0
1205,1786,0.40831542015075684,0
1205,2446,0.4099154770374298,0
1205,2100,0.4108501076698303,0
1205,63,0.41639697551727295,0
1205,3172,0.40663206577301025,0
1205,1941,0.4189503788948059,0
1205,3613,0.4145530164241791,0
1205,3122,0.4117755889892578,0
2206,2206,0.40583205223083496,1
2206,574,0.40994298458099365,0
2206,3452,0.4095548987388611,0
2206,41,0.4092240333557129,0
2206,2168,0.4037694036960602,0
2206,3367,0.4124477505683899,0
2206,2600,0.40423384308815,0
2206,1383,0.40503013134002686,0
2206,3376,0.4053036570549011,0
2206,1995,0.4066999852657318,0
2206,248,0.4031643569469452,0
2206,3388,0.4143616557121277,0
2206,2999,0.40275460481643677,0
2206,1453,0.40911322832107544,0
2206,1822,0.4037187099456787,0
2206,3520,0.40120768547058105,0
2206,1414,0.4040369987487793,0
2206,2907,0.4040129482746124,0
2206,2079,0.4143889546394348,0
2206,3786,0.41412070393562317,0
1849,1849,0.41821104288101196,1
1849,3236,0.4224993884563446,0
1849,1915,0.4201505184173584,0
1849,3761,0.4151180386543274,0
1849,1433,0.4181382656097412,0
1849,1308,0.4147740602493286,0
1849,3797,0.41878819465637207,0
1849,2561,0.41055619716644287,0
1849,2767,0.4180557131767273,0
1849,3053,0.41867631673812866,0
1849,758,0.4126337170600891,0
1849,920,0.42464056611061096,0
1849,2479,0.423112154006958,0
1849,657,0.4180547297000885,0
1849,2083,0.4057532846927643,0
1849,1558,0.4186308681964874,0
1849,1336,0.4110005497932434,0
1849,1458,0.41384798288345337,0
1849,711,0.421062707901001,0
1849,2831,0.421034038066864,0
3055,3055,0.4150063395500183,1
3055,3591,0.4241122603416443,0
3055,704,0.423896849155426,0
3055,99,0.42319509387016296,0
3055,810,0.4051109254360199,0
3055,2799,0.42070937156677246,0
3055,647,0.414192259311676,0
3055,1142,0.41962191462516785,0
3055,2142,0.4183422923088074,0
3055,3888,0.4200815260410309,0
3055,713,0.4157707095146179,0
3055,2634,0.41074031591415405,0
3055,3935,0.41857242584228516,0
3055,2514,0.4203907251358032,0
3055,983,0.4154513478279114,0
3055,1562,0.40989387035369873,0
3055,1958,0.4165317714214325,0
3055,3625,0.4197424650192261,0
3055,3942,0.41938623785972595,0
3055,2426,0.4201521575450897,0
1629,1629,0.42241108417510986,1
1629,1977,0.4188581109046936,0
1629,1797,0.42720285058021545,0
1629,695,0.41697776317596436,0
1629,1712,0.4196169674396515,0
1629,476,0.424530029296875,0
1629,1714,0.41845428943634033,0
1629,2046,0.4174762964248657,0
1629,3520,0.41294002532958984,0
1629,469,0.4154273569583893,0
1629,3088,0.42991331219673157,0
1629,1485,0.41721290349960327,0
1629,427,0.4159141778945923,0
1629,2870,0.42054468393325806,0
1629,3958,0.4229470491409302,0
1629,2154,0.41872698068618774,0
1629,2681,0.423382043838501,0
1629,2051,0.4190455675125122,0
1629,2531,0.42037373781204224,0
1629,842,0.4226614534854889,0
3849,3849,0.41901418566703796,1
3849,2986,0.4068840742111206,0
3849,4104,0.4058634340763092,0
3849,318,0.4106348752975464,0
3849,2159,0.40763288736343384,0
3849,3826,0.4131953716278076,0
3849,7,0.4222142696380615,0
3849,1059,0.4201035499572754,0
3849,3893,0.40840864181518555,0
3849,1720,0.40974918007850647,0
3849,294,0.41293251514434814,0
3849,1831,0.416939914226532,0
3849,2655,0.40617281198501587,0
3849,666,0.4124881625175476,0
3849,10,0.41110461950302124,0
3849,384,0.4132970869541168,0
3849,722,0.4108259081840515,0
3849,1487,0.4149553179740906,0
3849,909,0.41702982783317566,0
3849,2424,0.4172828495502472,0
3666,3666,0.4078181982040405,1
3666,1643,0.4128992557525635,0
3666,2834,0.4147472381591797,0
3666,3584,0.40543073415756226,0
3666,2686,0.41036638617515564,0
3666,4120,0.41839122772216797,0
3666,394,0.4118709862232208,0
3666,1023,0.4081011414527893,0
3666,1906,0.40362799167633057,0
3666,2177,0.41843169927597046,0
3666,90,0.4059785008430481,0
3666,3894,0.4092448949813843,0
3666,452,0.4051947593688965,0
3666,390,0.4092752933502197,0
3666,3064,0.4061637222766876,0
3666,151,0.4125233292579651,0
3666,17,0.4173334836959839,0
3666,3399,0.41260114312171936,0
3666,593,0.4132270812988281,0
3666,1088,0.40985989570617676,0
3334,3334,0.4073869287967682,1
3334,3316,0.4144749939441681,0
3334,1364,0.41194796562194824,0
3334,2146,0.4203816056251526,0
3334,1013,0.4156442880630493,0
3334,508,0.41561591625213623,0
3334,961,0.415661096572876,0
3334,3883,0.42406558990478516,0
3334,3719,0.4101217985153198,0
3334,664,0.41857725381851196,0
3334,4128,0.4196252226829529,0
3334,3016,0.41881781816482544,0
3334,3543,0.41535794734954834,0
3334,1702,0.41620638966560364,0
3334,3739,0.4180198609828949,0
3334,1660,0.4142525792121887,0
3334,576,0.4129752218723297,0
3334,3265,0.42112889885902405,0
3334,757,0.4185260832309723,0
3334,2412,0.4166434109210968,0
3802,3802,0.4063824415206909,1
3802,2619,0.4105296730995178,0
3802,728,0.4088484048843384,0
3802,1639,0.4099407494068146,0
3802,127,0.4065486192703247,0
3802,3405,0.4043561816215515,0
3802,277,0.4064643681049347,0
3802,2613,0.40138956904411316,0
3802,2148,0.41348785161972046,0
3802,2336,0.4091583490371704,0
3802,3901,0.41363441944122314,0
3802,1535,0.41705048084259033,0
3802,1205,0.4080895483493805,0
3802,1263,0.4117976427078247,0
3802,3609,0.4111058712005615,0
3802,3566,0.4080037474632263,0
3802,3548,0.40876305103302,0
3802,4000,0.40454918146133423,0
3802,985,0.4023052155971527,0
3802,3923,0.4096131920814514,0
3668,3668,0.4126206934452057,1
3668,3962,0.40768641233444214,0
3668,3977,0.412661612033844,0
3668,4080,0.40597862005233765,0
3668,2598,0.41095319390296936,0
3668,4120,0.41758784651756287,0
3668,854,0.4142892360687256,0
3668,411,0.40648767352104187,0
3668,3636,0.41167736053466797,0
3668,3698,0.4059044420719147,0
3668,1827,0.4118362069129944,0
3668,1463,0.40354928374290466,0
3668,3998,0.4094555377960205,0
3668,4146,0.4109697937965393,0
3668,1437,0.4021405875682831,0
3668,592,0.40747445821762085,0
3668,4164,0.4075745642185211,0
3668,3273,0.4147454500198364,0
3668,3887,0.40685564279556274,0
3668,1375,0.405658483505249,0
1791,1791,0.4100891351699829,1
1791,160,0.4162735939025879,0
1791,2256,0.40992528200149536,0
1791,1108,0.418800950050354,0
1791,1975,0.4121898114681244,0
1791,1023,0.4125326871871948,0
1791,3240,0.41028326749801636,0
1791,3015,0.421017587184906,0
1791,1093,0.4127665162086487,0
1791,2528,0.41483551263809204,0
1791,3280,0.41869670152664185,0
1791,551,0.41439032554626465,0
1791,2188,0.41682669520378113,0
1791,2420,0.4127346873283386,0
1791,3940,0.4160768389701843,0
1791,195,0.40330570936203003,0
1791,3851,0.41655439138412476,0
1791,957,0.4207623600959778,0
1791,1344,0.4234287142753601,0
1791,97,0.4152771234512329,0
2028,2028,0.40738555788993835,1
2028,2959,0.412541002035141,0
2028,2039,0.4003487229347229,0
2028,3685,0.414031982421875,0
2028,25,0.40630850195884705,0
2028,1888,0.4086185693740845,0
2028,2239,0.4078361392021179,0
2028,698,0.41442179679870605,0
2028,1562,0.39892178773880005,0
2028,170,0.41313859820365906,0
2028,2236,0.40438413619995117,0
2028,88,0.4111241102218628,0
2028,1211,0.4133076071739197,0
2028,816,0.40988266468048096,0
2028,3679,0.4070277214050293,0
2028,3340,0.42025279998779297,0
2028,4178,0.40765678882598877,0
2028,225,0.41454631090164185,0
2028,3113,0.4064379632472992,0
2028,538,0.4076741933822632,0
2509,2509,0.415541410446167,1
2509,3751,0.4187611937522888,0
2509,2637,0.41431471705436707,0
2509,897,0.4136039614677429,0
2509,1191,0.415057897567749,0
2509,2451,0.42721354961395264,0
2509,1879,0.42170870304107666,0
2509,4121,0.4182243347167969,0
2509,377,0.4132075607776642,0
2509,230,0.41465336084365845,0
2509,2001,0.4150833487510681,0
2509,1241,0.41749873757362366,0
2509,2208,0.41846469044685364,0
2509,2183,0.41561833024024963,0
2509,989,0.42068713903427124,0
2509,2998,0.41796934604644775,0
2509,930,0.41620469093322754,0
2509,4109,0.4228619933128357,0
2509,2702,0.4104347825050354,0
2509,1771,0.420668363571167,0
2857,2857,0.41224169731140137,1
2857,3233,0.42467838525772095,0
2857,1548,0.4142400026321411,0
2857,4054,0.4158574640750885,0
2857,1908,0.4124464988708496,0
2857,851,0.4164218008518219,0
2857,944,0.41510748863220215,0
2857,3746,0.4219917356967926,0
2857,527,0.41214877367019653,0
2857,1593,0.41502445936203003,0
2857,3311,0.4115338623523712,0
2857,2994,0.4220828711986542,0
2857,3980,0.40997186303138733,0
2857,2140,0.40885022282600403,0
2857,2529,0.4105468988418579,0
2857,2513,0.4107830822467804,0
2857,3483,0.415613055229187,0
2857,2899,0.41209685802459717,0
2857,3890,0.4184061884880066,0
2857,535,0.4160546660423279,0
3202,3202,0.40555527806282043,1
3202,2960,0.4142366051673889,0
3202,2619,0.41209232807159424,0
3202,3116,0.4060952067375183,0
3202,294,0.4125595688819885,0
3202,3951,0.4112001359462738,0
3202,2123,0.42163896560668945,0
3202,431,0.41149064898490906,0
3202,2748,0.41026008129119873,0
3202,2645,0.4120650887489319,0
3202,4127,0.4068470001220703,0
3202,2700,0.40963172912597656,0
3202,1590,0.40691545605659485,0
3202,3267,0.4096774756908417,0
3202,1981,0.4133836627006531,0
3202,149,0.4191485345363617,0
3202,258,0.40277013182640076,0
3202,3467,0.4177454710006714,0
3202,2066,0.4115041196346283,0
3202,3455,0.4094218611717224,0
4140,4140,0.41678088903427124,1
4140,1645,0.4231424629688263,0
4140,2316,0.4205094873905182,0
4140,1336,0.4168078899383545,0
4140,302,0.4209356904029846,0
4140,2470,0.4198550283908844,0
4140,1151,0.4219447374343872,0
4140,1805,0.4206191897392273,0
4140,1356,0.4168626070022583,0
4140,3990,0.42172327637672424,0
4140,642,0.41217491030693054,0
4140,3131,0.4199366569519043,0
4140,3073,0.4235948324203491,0
4140,1256,0.4177321791648865,0
4140,1806,0.4297821521759033,0
4140,2857,0.4192052483558655,0
4140,484,0.42124366760253906,0
4140,467,0.41747117042541504,0
4140,1437,0.4135247468948364,0
4140,1428,0.4264770448207855,0
3427,3427,0.41622447967529297,1
3427,2063,0.4163864850997925,0
3427,3325,0.4098208248615265,0
3427,3042,0.4109625220298767,0
3427,2755,0.41454795002937317,0
3427,3041,0.40807807445526123,0
3427,2097,0.41063347458839417,0
3427,3894,0.41342419385910034,0
3427,208,0.4082608222961426,0
3427,2112,0.42181169986724854,0
3427,2399,0.41410690546035767,0
3427,912,0.4168110489845276,0
3427,1881,0.4127160310745239,0
3427,2053,0.41092851758003235,0
3427,1748,0.41496896743774414,0
3427,3144,0.41679367423057556,0
3427,2248,0.41371825337409973,0
3427,3563,0.41140007972717285,0
3427,1680,0.41195476055145264,0
3427,90,0.4093068838119507,0
259,259,0.41132423281669617,1
259,1097,0.4202790856361389,0
259,656,0.413693904876709,0
259,1798,0.42100629210472107,0
259,3151,0.41695302724838257,0
259,2036,0.4280509352684021,0
259,2281,0.4096117317676544,0
259,1717,0.4185975193977356,0
259,1337,0.4224070906639099,0
259,3576,0.4195939898490906,0
259,1895,0.42168694734573364,0
259,733,0.42654678225517273,0
259,1367,0.42249274253845215,0
259,2474,0.4241313636302948,0
259,3670,0.42915254831314087,0
259,3725,0.4176396131515503,0
259,611,0.4206947088241577,0
259,1274,0.42331352829933167,0
259,3882,0.4225683808326721,0
259,3406,0.42127111554145813,0
3681,3681,0.4089949131011963,1
3681,494,0.4125104546546936,0
3681,1555,0.41329771280288696,0
3681,973,0.41101914644241333,0
3681,279,0.41155242919921875,0
3681,730,0.41521838307380676,0
3681,2593,0.41265732049942017,0
3681,1210,0.4098065197467804,0
3681,2645,0.41554227471351624,0
3681,1503,0.4173792600631714,0
3681,1828,0.4118807911872864,0
3681,337,0.4153786301612854,0
3681,3903,0.4076436161994934,0
3681,1873,0.4098914861679077,0
3681,2940,0.40489935874938965,0
3681,1866,0.4150117337703705,0
3681,1397,0.4063938856124878,0
3681,1374,0.4149709939956665,0
3681,120,0.41501086950302124,0
3681,4134,0.42234838008880615,0
1110,1110,0.4026094973087311,1
1110,3180,0.40877190232276917,0
1110,200,0.4069277048110962,0
1110,3590,0.4137222170829773,0
1110,2335,0.4074617624282837,0
1110,3072,0.4097980558872223,0
1110,1914,0.40754976868629456,0
1110,326,0.413027286529541,0
1110,798,0.41175535321235657,0
1110,2727,0.40698641538619995,0
1110,1359,0.40798965096473694,0
1110,1244,0.4052785634994507,0
1110,1054,0.40940070152282715,0
1110,491,0.4064752757549286,0
1110,3286,0.40637820959091187,0
1110,2533,0.40764784812927246,0
1110,260,0.4100225269794464,0
1110,2856,0.4097259044647217,0
1110,926,0.41182899475097656,0
1110,3207,0.4126228392124176,0
1908,1908,0.4094995856285095,1
1908,2619,0.4125502407550812,0
1908,2971,0.4121587574481964,0
1908,2924,0.4094933271408081,0
1908,3034,0.41712602972984314,0
1908,2865,0.4144401550292969,0
1908,3582,0.41799941658973694,0
1908,3371,0.40370601415634155,0
1908,1488,0.41273173689842224,0
1908,3140,0.41231855750083923,0
1908,2252,0.4055825471878052,0
1908,2417,0.4144773483276367,0
1908,2805,0.4118134081363678,0
1908,2249,0.418878972530365,0
1908,2448,0.4061703085899353,0
1908,950,0.41589438915252686,0
1908,3594,0.4075663089752197,0
1908,3212,0.4127463102340698,0
1908,2891,0.40806424617767334,0
1908,803,0.4047492742538452,0
1160,1160,0.3984253406524658,1
1160,162,0.3990691900253296,0
1160,2214,0.40239793062210083,0
1160,1886,0.3957686126232147,0
1160,1326,0.39412471652030945,0
1160,1901,0.39729321002960205,0
1160,262,0.4015054702758789,0
1160,1793,0.39678090810775757,0
1160,254,0.3956664204597473,0
1160,42,0.3965759873390198,0
1160,307,0.40387892723083496,0
1160,3955,0.39078909158706665,0
1160,2324,0.4024425745010376,0
1160,308,0.40258949995040894,0
1160,1975,0.39674532413482666,0
1160,519,0.4059136211872101,0
1160,2431,0.40209484100341797,0
1160,1325,0.39711397886276245,0
1160,4157,0.3995118737220764,0
1160,391,0.3937637507915497,0
2378,2378,0.41279932856559753,1
2378,2452,0.4088331460952759,0
2378,3514,0.4070901572704315,0
2378,3902,0.4096114933490753,0
2378,4142,0.40283477306365967,0
2378,368,0.40533706545829773,0
2378,15,0.40173012018203735,0
2378,3383,0.410200297832489,0
2378,2056,0.4027715027332306,0
2378,3564,0.4149084985256195,0
2378,1445,0.4069889187812805,0
2378,3674,0.4159787595272064,0
2378,3679,0.4088621735572815,0
2378,3038,0.40726470947265625,0
2378,2081,0.4068278670310974,0
2378,3981,0.40849030017852783,0
2378,2835,0.4126347005367279,0
2378,99,0.4138203561306,0
2378,1559,0.4109910726547241,0
2378,4157,0.41095516085624695,0
46,46,0.4145742952823639,1
46,507,0.4169577360153198,0
46,1008,0.42090940475463867,0
46,1616,0.42735755443573,0
46,3364,0.4202965497970581,0
46,2973,0.42261600494384766,0
46,3238,0.4130910336971283,0
46,365,0.4153892397880554,0
46,2518,0.4265793561935425,0
46,260,0.41739583015441895,0
46,205,0.4109762907028198,0
46,4013,0.4156077802181244,0
46,1311,0.4175748825073242,0
46,2193,0.4153343439102173,0
46,2793,0.41489338874816895,0
46,2922,0.4223862588405609,0
46,3334,0.4066529870033264,0
46,965,0.4135677218437195,0
46,785,0.41661131381988525,0
46,589,0.41725149750709534,0
2828,2828,0.4169057309627533,1
2828,1384,0.41625380516052246,0
2828,177,0.41781988739967346,0
2828,2046,0.4173041582107544,0
2828,1552,0.41782721877098083,0
2828,3208,0.4129674434661865,0
2828,3937,0.42172929644584656,0
2828,2837,0.4195246398448944,0
2828,2036,0.42826616764068604,0
2828,2906,0.41502219438552856,0
2828,327,0.4209926128387451,0
2828,3852,0.42177850008010864,0
2828,48,0.42121782898902893,0
2828,1602,0.42185601592063904,0
2828,2112,0.42865392565727234,0
2828,2420,0.41940027475357056,0
2828,261,0.4208769202232361,0
2828,2317,0.41728073358535767,0
2828,3576,0.42014771699905396,0
2828,1912,0.42424434423446655,0
1054,1054,0.4118853211402893,1
1054,3759,0.4155043959617615,0
1054,1705,0.4046056866645813,0
1054,3964,0.404511034488678,0
1054,1508,0.4106413722038269,0
1054,758,0.40742790699005127,0
1054,451,0.4146539270877838,0
1054,759,0.41634225845336914,0
1054,1039,0.41357845067977905,0
1054,142,0.41211530566215515,0
1054,489,0.41164642572402954,0
1054,563,0.40940189361572266,0
1054,4159,0.40687114000320435,0
1054,3165,0.4077939987182617,0
1054,2688,0.41587620973587036,0
1054,1034,0.41129910945892334,0
1054,959,0.4105381965637207,0
1054,3423,0.4097053110599518,0
1054,958,0.40863126516342163,0
1054,2725,0.4099408984184265,0
2940,2940,0.4084651470184326,1
2940,1069,0.4109245836734772,0
2940,818,0.4184395372867584,0
2940,4059,0.4177302122116089,0
2940,3379,0.41464030742645264,0
2940,3050,0.418008953332901,0
2940,23,0.4111137390136719,0
2940,2963,0.41875720024108887,0
2940,1446,0.419176310300827,0
2940,1963,0.41731834411621094,0
2940,2104,0.4157325029373169,0
2940,3189,0.4149734377861023,0
2940,1447,0.4184376895427704,0
2940,3424,0.4173029661178589,0
2940,2510,0.42215827107429504,0
2940,1810,0.41886866092681885,0
2940,708,0.41318434476852417,0
2940,3285,0.41611969470977783,0
2940,2110,0.4231695830821991,0
2940,3504,0.4186787009239197,0
2725,2725,0.4105191230773926,1
2725,2804,0.4109242558479309,0
2725,664,0.4110531806945801,0
2725,1331,0.4114694595336914,0
2725,3188,0.4172803461551666,0
2725,2254,0.4151607155799866,0
2725,2410,0.41075801849365234,0
2725,195,0.3996890187263489,0
2725,3281,0.4079397916793823,0
2725,2859,0.41284453868865967,0
2725,3383,0.41129857301712036,0
2725,1217,0.4082722067832947,0
2725,1882,0.4120739996433258,0
2725,35,0.40658286213874817,0
2725,368,0.40545785427093506,0
2725,3097,0.4063009023666382,0
2725,4117,0.410700261592865,0
2725,583,0.41515007615089417,0
2725,3322,0.4100044369697571,0
2725,644,0.4025895595550537,0
1618,1618,0.4088343679904938,1
1618,3156,0.40746867656707764,0
1618,2407,0.40277835726737976,0
1618,2195,0.40968266129493713,0
1618,1776,0.40410900115966797,0
1618,2374,0.4116082191467285,0
1618,508,0.40794816613197327,0
1618,500,0.4148717522621155,0
1618,1829,0.4142700433731079,0
1618,2422,0.40745699405670166,0
1618,1939,0.40706607699394226,0
1618,2145,0.413408100605011,0
1618,3944,0.40916115045547485,0
1618,1297,0.40903857350349426,0
1618,689,0.4160643517971039,0
1618,2819,0.4055030345916748,0
1618,3403,0.41352343559265137,0
1618,403,0.4122481942176819,0
1618,2954,0.40591341257095337,0
1618,3123,0.40391287207603455,0
4121,4121,0.4103758931159973,1
4121,1753,0.40798139572143555,0
4121,3740,0.40643370151519775,0
4121,2300,0.4054064154624939,0
4121,3179,0.41022783517837524,0
4121,2572,0.4098687171936035,0
4121,2446,0.4052858054637909,0
4121,367,0.4176088571548462,0
4121,4078,0.4175032079219818,0
4121,1912,0.4126608967781067,0
4121,1689,0.40698784589767456,0
4121,2213,0.4119200110435486,0
4121,3536,0.40314236283302307,0
4121,4064,0.4060603082180023,0
4121,3222,0.41760775446891785,0
4121,1989,0.407437264919281,0
4121,3564,0.4142317771911621,0
4121,1973,0.40617266297340393,0
4121,1367,0.41104423999786377,0
4121,60,0.4058196544647217,0
2886,2886,0.4108174443244934,1
2886,2741,0.4090324640274048,0
2886,2653,0.40859371423721313,0
2886,370,0.4169342517852783,0
2886,2065,0.40977734327316284,0
2886,888,0.41197866201400757,0
2886,3660,0.40844255685806274,0
2886,1216,0.4038547873497009,0
2886,1069,0.4059861898422241,0
2886,2620,0.41495001316070557,0
2886,3874,0.4070204198360443,0
2886,1703,0.4132912755012512,0
2886,1764,0.41336846351623535,0
2886,1157,0.4221736788749695,0
2886,570,0.4074830710887909,0
2886,2969,0.4182688593864441,0
2886,145,0.41222742199897766,0
2886,3748,0.4235544502735138,0
2886,2891,0.41017502546310425,0
2886,3780,0.4113633632659912,0
1348,1348,0.4115443527698517,1
1348,226,0.4136037230491638,0
1348,3551,0.4140216112136841,0
1348,530,0.4082498252391815,0
1348,3391,0.41088858246803284,0
1348,145,0.4152423143386841,0
1348,2780,0.41452860832214355,0
1348,3500,0.4174661338329315,0
1348,2886,0.4138141870498657,0
1348,1610,0.4136962592601776,0
1348,3292,0.4136035740375519,0
1348,3355,0.40773025155067444,0
1348,3958,0.41753944754600525,0
1348,169,0.4085610508918762,0
1348,1862,0.4113527536392212,0
1348,818,0.4162560701370239,0
1348,2798,0.40907350182533264,0
1348,3341,0.4165063500404358,0
1348,2824,0.4143766760826111,0
1348,1187,0.4125792980194092,0
1179,1179,0.4107586443424225,1
1179,3715,0.40812182426452637,0
1179,978,0.40837275981903076,0
1179,4052,0.41689181327819824,0
1179,2367,0.4118613600730896,0
1179,749,0.4172769784927368,0
1179,2307,0.40762293338775635,0
1179,1052,0.4117891192436218,0
1179,40,0.4080519676208496,0
1179,2102,0.41112375259399414,0
1179,2390,0.4111117422580719,0
1179,2705,0.41001319885253906,0
1179,3270,0.41037994623184204,0
1179,3828,0.4182043969631195,0
1179,1171,0.41769295930862427,0
1179,3604,0.4133981466293335,0
1179,246,0.4017198085784912,0
1179,2837,0.4111185371875763,0
1179,2644,0.4081079363822937,0
1179,1289,0.41141507029533386,0
2800,2800,0.4011201560497284,1
2800,3341,0.411099910736084,0
2800,1193,0.40399104356765747,0
2800,102,0.41351109743118286,0
2800,3149,0.41012632846832275,0
2800,878,0.42241910099983215,0
2800,2354,0.40918365120887756,0
2800,3234,0.4076612591743469,0
2800,3343,0.40353381633758545,0
2800,3413,0.41091394424438477,0
2800,916,0.4069975018501282,0
2800,3489,0.40969985723495483,0
2800,2535,0.41298896074295044,0
2800,1412,0.40851330757141113,0
2800,860,0.4078778624534607,0
2800,2814,0.40511584281921387,0
2800,1442,0.41189438104629517,0
2800,2077,0.4193289279937744,0
2800,4123,0.4047359526157379,0
2800,3631,0.4180694818496704,0
2818,2818,0.41201072931289673,1
2818,2403,0.40311163663864136,0
2818,1062,0.411479115486145,0
2818,181,0.4081413149833679,0
2818,3385,0.4160926938056946,0
2818,2288,0.4071250557899475,0
2818,602,0.41186943650245667,0
2818,2832,0.40968918800354004,0
2818,1101,0.4100435674190521,0
2818,4066,0.4086504578590393,0
2818,1595,0.4012334942817688,0
2818,3346,0.40434813499450684,0
2818,4163,0.40119361877441406,0
2818,4044,0.4103721082210541,0
2818,63,0.41085681319236755,0
2818,2460,0.4049467444419861,0
2818,2621,0.41211506724357605,0
2818,213,0.4088875651359558,0
2818,731,0.4094054698944092,0
2818,785,0.40842920541763306,0
596,596,0.4030458331108093,1
596,1198,0.40496182441711426,0
596,1845,0.4028668999671936,0
596,534,0.4111838936805725,0
596,3760,0.4041162133216858,0
596,2222,0.4141456186771393,0
596,3569,0.4120769500732422,0
596,1477,0.41343826055526733,0
596,1353,0.4071542024612427,0
596,2485,0.4085286259651184,0
596,876,0.40256616473197937,0
596,2238,0.40683937072753906,0
596,4040,0.40814876556396484,0
596,3823,0.42026057839393616,0
596,44,0.4042143225669861,0
596,749,0.4140937626361847,0
596,94,0.40632927417755127,0
596,3877,0.41565972566604614,0
596,3714,0.40848276019096375,0
596,2163,0.4032185673713684,0
2521,2521,0.40869420766830444,1
2521,904,0.4105813801288605,0
2521,946,0.4175153374671936,0
2521,3815,0.41926324367523193,0
2521,71,0.404124915599823,0
2521,2351,0.4218343198299408,0
2521,3131,0.4122103452682495,0
2521,3264,0.4138801395893097,0
2521,2676,0.4083212614059448,0
2521,3211,0.4084327816963196,0
2521,3276,0.4122965335845947,0
2521,2496,0.41448503732681274,0
2521,3816,0.4132845401763916,0
2521,1069,0.4060749411582947,0
2521,3260,0.41946864128112793,0
2521,3408,0.40848982334136963,0
2521,648,0.41104865074157715,0
2521,2903,0.41897785663604736,0
2521,2760,0.4172120690345764,0
2521,2061,0.4187453091144562,0
1080,1080,0.4153856039047241,1
1080,583,0.42020708322525024,0
1080,479,0.4132721424102783,0
1080,3565,0.4180952310562134,0
1080,3225,0.4126158356666565,0
1080,117,0.41684117913246155,0
1080,499,0.40953588485717773,0
1080,2214,0.4186246693134308,0
1080,2483,0.4047812521457672,0
1080,1233,0.4161303639411926,0
1080,545,0.41138017177581787,0
1080,670,0.4157782196998596,0
1080,2902,0.41618698835372925,0
1080,3876,0.4174329936504364,0
1080,4119,0.4150077700614929,0
1080,2457,0.4161494970321655,0
1080,724,0.42070409655570984,0
1080,698,0.4212285280227661,0
1080,2431,0.41896072030067444,0
1080,2451,0.4254494905471802,0
982,982,0.40650540590286255,1
982,1040,0.41190528869628906,0
982,377,0.40900546312332153,0
982,3090,0.414097398519516,0
982,1607,0.4096935987472534,0
982,3231,0.42131197452545166,0
982,1155,0.4108586311340332,0
982,1672,0.40228039026260376,0
982,3062,0.4149892032146454,0
982,3593,0.4113008975982666,0
982,3104,0.4075380563735962,0
982,3570,0.41466593742370605,0
982,2249,0.4205015301704407,0
982,1351,0.4089711606502533,0
982,3521,0.40335220098495483,0
982,3083,0.41009241342544556,0
982,1283,0.4198262691497803,0
982,2858,0.4190829396247864,0
982,1908,0.4105042517185211,0
982,2413,0.41207677125930786,0
3019,3019,0.4205920398235321,1
3019,3485,0.4181835651397705,0
3019,3904,0.4168280065059662,0
3019,902,0.41839802265167236,0
3019,2722,0.42328500747680664,0
3019,2683,0.4219433069229126,0
3019,483,0.4222436845302582,0
3019,925,0.42182016372680664,0
3019,1112,0.4191701412200928,0
3019,926,0.4239669442176819,0
3019,975,0.42117220163345337,0
3019,1721,0.41402867436408997,0
3019,2716,0.41414254903793335,0
3019,238,0.4237954318523407,0
3019,2310,0.4253072738647461,0
3019,1848,0.4205993711948395,0
3019,3513,0.43311047554016113,0
3019,2592,0.42337360978126526,0
3019,944,0.4219661355018616,0
3019,3291,0.4157080054283142,0
3641,3641,0.4157921075820923,1
3641,2880,0.4157799482345581,0
3641,3119,0.41888922452926636,0
3641,1212,0.41215890645980835,0
3641,2199,0.41613972187042236,0
3641,3494,0.42038780450820923,0
3641,2479,0.42578205466270447,0
3641,720,0.4165056049823761,0
3641,1502,0.42348846793174744,0
3641,2241,0.42054450511932373,0
3641,3309,0.4127664566040039,0
3641,1769,0.4273568391799927,0
3641,2874,0.416570782661438,0
3641,1809,0.41742897033691406,0
3641,387,0.41163235902786255,0
3641,3479,0.4223211705684662,0
3641,641,0.42212963104248047,0
3641,3224,0.41711312532424927,0
3641,841,0.41892117261886597,0
3641,1492,0.4214906096458435,0
955,955,0.4092869162559509,1
955,438,0.41364622116088867,0
955,845,0.4164838194847107,0
955,3017,0.4099017381668091,0
955,2400,0.41194015741348267,0
955,13,0.4068680703639984,0
955,1960,0.41818076372146606,0
955,2955,0.40967845916748047,0
955,2690,0.41188231110572815,0
955,4020,0.41471678018569946,0
955,2228,0.4119984209537506,0
955,1541,0.41623732447624207,0
955,1401,0.4161614775657654,0
955,3075,0.4104562997817993,0
955,2370,0.4047389030456543,0
955,1452,0.4153873324394226,0
955,2689,0.41570544242858887,0
955,2647,0.40873637795448303,0
955,3779,0.4190317392349243,0
955,2936,0.4125213623046875,0
551,551,0.4120778441429138,1
551,2751,0.41500091552734375,0
551,3440,0.4150764048099518,0
551,2052,0.41262102127075195,0
551,1397,0.4044248163700104,0
551,1702,0.4105442762374878,0
551,2658,0.415587842464447,0
551,1016,0.4098064601421356,0
551,306,0.4143626093864441,0
551,105,0.4053516089916229,0
551,651,0.4173353910446167,0
551,3957,0.4075351655483246,0
551,4051,0.41597479581832886,0
551,2408,0.41420796513557434,0
551,1612,0.4104728698730469,0
551,2534,0.41530758142471313,0
551,1501,0.41600772738456726,0
551,1240,0.41350987553596497,0
551,2022,0.41142645478248596,0
551,2385,0.4156327545642853,0
1088,1088,0.4130379557609558,1
1088,3036,0.40977075695991516,0
1088,3020,0.41012972593307495,0
1088,2779,0.4140670895576477,0
1088,3123,0.4067493677139282,0
1088,1786,0.4076606035232544,0
1088,1234,0.40622320771217346,0
1088,3207,0.41697025299072266,0
1088,2177,0.42195236682891846,0
1088,3496,0.4114490747451782,0
1088,3659,0.4152489900588989,0
1088,1301,0.4107881486415863,0
1088,2206,0.41142648458480835,0
1088,246,0.40327614545822144,0
1088,2724,0.41518622636795044,0
1088,2187,0.40999382734298706,0
1088,1802,0.41079044342041016,0
1088,3561,0.4111019968986511,0
1088,805,0.4157472550868988,0
1088,3187,0.4105939269065857,0
20,20,0.41049543023109436,1
20,820,0.4110136032104492,0
20,745,0.41696327924728394,0
20,1861,0.4081241488456726,0
20,673,0.4163118004798889,0
20,2827,0.40939414501190186,0
20,1521,0.40884125232696533,0
20,1397,0.4062264561653137,0
20,1900,0.4090864658355713,0
20,2319,0.4127222001552582,0
20,702,0.4076830744743347,0
20,3840,0.4100978970527649,0
20,730,0.4141857624053955,0
20,96,0.41803833842277527,0
20,2725,0.41303324699401855,0
20,2879,0.40780341625213623,0
20,514,0.4110894799232483,0
20,2793,0.41150718927383423,0
20,1090,0.411194384098053,0
20,3013,0.41558152437210083,0
1169,1169,0.40513890981674194,1
1169,943,0.40345102548599243,0
1169,3803,0.4066253900527954,0
1169,3020,0.40653592348098755,0
1169,1181,0.4089246392250061,0
1169,211,0.411977082490921,0
1169,1652,0.4227202534675598,0
1169,2811,0.40985384583473206,0
1169,1887,0.40634864568710327,0
1169,541,0.4105795919895172,0
1169,555,0.4060658812522888,0
1169,1407,0.41547319293022156,0
1169,1486,0.40706855058670044,0
1169,2328,0.4124477505683899,0
1169,28,0.4160763919353485,0
1169,527,0.4080468416213989,0
1169,967,0.4078230857849121,0
1169,3280,0.41371673345565796,0
1169,4056,0.4108476936817169,0
1169,203,0.4090030789375305,0
3557,3557,0.4257761240005493,1
3557,256,0.4227851331233978,0
3557,1166,0.42398738861083984,0
3557,17,0.43106886744499207,0
3557,4141,0.4214577078819275,0
3557,384,0.4248769283294678,0
3557,3438,0.4203648865222931,0
3557,3964,0.41766804456710815,0
3557,468,0.4194415211677551,0
3557,3787,0.4252732992172241,0
3557,1289,0.4230133295059204,0
3557,3661,0.4244835078716278,0
3557,1621,0.4242260456085205,0
3557,825,0.4241747260093689,0
3557,2291,0.4255014955997467,0
3557,258,0.4142724871635437,0
3557,3931,0.4220357835292816,0
3557,662,0.42722201347351074,0
3557,2615,0.4210377037525177,0
3557,2250,0.41291067004203796,0
2046,2046,0.4032191336154938,1
2046,3294,0.40065354108810425,0
2046,2577,0.3977404832839966,0
2046,3006,0.41240233182907104,0
2046,1654,0.40905332565307617,0
2046,3712,0.40451285243034363,0
2046,1384,0.4017142653465271,0
2046,4022,0.41279783844947815,0
2046,1467,0.4112052917480469,0
2046,2502,0.4053266942501068,0
2046,2176,0.40767741203308105,0
2046,3352,0.407731831073761,0
2046,2669,0.4126184582710266,0
2046,3376,0.40393805503845215,0
2046,2329,0.40854549407958984,0
2046,3806,0.4132826328277588,0
2046,3029,0.4015413522720337,0
2046,3729,0.40337905287742615,0
2046,1568,0.4099752902984619,0
2046,3403,0.4094977080821991,0
3478,3478,0.41754764318466187,1
3478,2479,0.422706663608551,0
3478,2856,0.4159528613090515,0
3478,938,0.410654753446579,0
3478,863,0.4132567048072815,0
3478,844,0.4059177041053772,0
3478,1440,0.4137822389602661,0
3478,3745,0.41594451665878296,0
3478,2389,0.4178055226802826,0
3478,2130,0.4126668870449066,0
3478,1229,0.4179716110229492,0
3478,3563,0.41335630416870117,0
3478,3560,0.41459420323371887,0
3478,705,0.40971311926841736,0
3478,1867,0.41471990942955017,0
3478,3632,0.4179486036300659,0
3478,2650,0.4179037809371948,0
3478,3597,0.4274780750274658,0
3478,396,0.411774218082428,0
3478,2726,0.4096938371658325,0
4151,4151,0.42526352405548096,1
4151,765,0.4197295904159546,0
4151,2582,0.41470789909362793,0
4151,3620,0.4163855314254761,0
4151,680,0.425836443901062,0
4151,3702,0.41955456137657166,0
4151,1890,0.41651105880737305,0
4151,2685,0.423057496547699,0
4151,2133,0.4148252010345459,0
4151,846,0.41799020767211914,0
4151,3847,0.4224878251552582,0
4151,3811,0.4136599898338318,0
4151,1574,0.4177631139755249,0
4151,2629,0.41741806268692017,0
4151,1583,0.4127742350101471,0
4151,1858,0.42137694358825684,0
4151,1773,0.42583104968070984,0
4151,3412,0.4215475916862488,0
4151,1084,0.4226108193397522,0
4151,951,0.42167946696281433,0
1546,1546,0.4083296060562134,1
1546,1434,0.40685832500457764,0
1546,1606,0.4186471104621887,0
1546,2022,0.41311413049697876,0
1546,2549,0.409257173538208,0
1546,923,0.40790578722953796,0
1546,4072,0.4119318723678589,0
1546,2331,0.4074031114578247,0
1546,4016,0.41648370027542114,0
1546,2803,0.4190726578235626,0
1546,2447,0.41607412695884705,0
1546,2828,0.41023576259613037,0
1546,951,0.4151304066181183,0
1546,3648,0.41294553875923157,0
1546,1092,0.41465306282043457,0
1546,3378,0.41832852363586426,0
1546,948,0.4132983386516571,0
1546,4105,0.41640108823776245,0
1546,2144,0.4167852997779846,0
1546,2655,0.40811604261398315,0
2867,2867,0.42490673065185547,1
2867,3331,0.41508781909942627,0
2867,3171,0.4148344099521637,0
2867,3182,0.4192601144313812,0
2867,20,0.41606253385543823,0
2867,3701,0.41991764307022095,0
2867,1476,0.41153207421302795,0
2867,3269,0.4196435809135437,0
2867,180,0.41872668266296387,0
2867,3875,0.4140755832195282,0
2867,3340,0.431480348110199,0
2867,1759,0.4223827123641968,0
2867,1137,0.41754773259162903,0
2867,2564,0.41296762228012085,0
2867,1935,0.4292046129703522,0
2867,3551,0.4174673557281494,0
2867,3867,0.42329561710357666,0
2867,4119,0.4186609387397766,0
2867,796,0.42013299465179443,0
2867,2455,0.42050907015800476,0
3611,3611,0.40745672583580017,1
3611,186,0.41191941499710083,0
3611,2581,0.4136052429676056,0
3611,2297,0.41540271043777466,0
3611,1643,0.4156680405139923,0
3611,3564,0.41746997833251953,0
3611,3094,0.4126671552658081,0
3611,3068,0.40978437662124634,0
3611,776,0.41468679904937744,0
3611,1811,0.41521936655044556,0
3611,780,0.4143471419811249,0
3611,1094,0.41000765562057495,0
3611,1981,0.415183424949646,0
3611,343,0.4174957871437073,0
3611,586,0.40879908204078674,0
3611,2961,0.4096916615962982,0
3611,1598,0.4077969789505005,0
3611,497,0.41867733001708984,0
3611,1025,0.4138754606246948,0
3611,2719,0.41047123074531555,0
2240,2240,0.42787253856658936,1
2240,1234,0.4056532084941864,0
2240,705,0.4083547592163086,0
2240,1635,0.41594094038009644,0
2240,1098,0.4138365089893341,0
2240,2681,0.4166373610496521,0
2240,2409,0.4120858907699585,0
2240,3492,0.41344380378723145,0
2240,334,0.40923190116882324,0
2240,1861,0.4087767004966736,0
2240,3178,0.4164431095123291,0
2240,3446,0.41268235445022583,0
2240,3994,0.4095655083656311,0
2240,3539,0.40956369042396545,0
2240,1622,0.41466712951660156,0
2240,2107,0.4075433313846588,0
2240,419,0.42097198963165283,0
2240,995,0.4129287600517273,0
2240,558,0.4132811427116394,0
2240,2528,0.41458559036254883,0
3803,3803,0.40900179743766785,1
3803,726,0.4190356731414795,0
3803,3002,0.41687315702438354,0
3803,2099,0.41705477237701416,0
3803,3886,0.4200204014778137,0
3803,203,0.4115324020385742,0
3803,3482,0.41369712352752686,0
3803,330,0.4144498109817505,0
3803,428,0.4134029448032379,0
3803,1948,0.41640186309814453,0
3803,3515,0.4054441750049591,0
3803,3811,0.40616631507873535,0
3803,604,0.41142845153808594,0
3803,3355,0.40428707003593445,0
3803,1063,0.4071168005466461,0
3803,1023,0.4098755121231079,0
3803,3699,0.4171672761440277,0
3803,1030,0.41539472341537476,0
3803,2109,0.4266364574432373,0
3803,52,0.413076788187027,0
1670,1670,0.42272454500198364,1
1670,3823,0.42748403549194336,0
1670,1506,0.4192860722541809,0
1670,2778,0.41088736057281494,0
1670,2535,0.41898149251937866,0
1670,1183,0.4171334505081177,0
1670,726,0.42264658212661743,0
1670,2036,0.42367926239967346,0
1670,2076,0.4215415418148041,0
1670,3755,0.41429758071899414,0
1670,919,0.41436105966567993,0
1670,1177,0.4189131259918213,0
1670,1858,0.4167540669441223,0
1670,3305,0.41341906785964966,0
1670,3943,0.4218958020210266,0
1670,87,0.41508984565734863,0
1670,1516,0.41515877842903137,0
1670,1179,0.41475385427474976,0
1670,3797,0.41903170943260193,0
1670,1697,0.41427189111709595,0
3766,3766,0.4166448712348938,1
3766,1676,0.4133853316307068,0
3766,3917,0.4118182957172394,0
3766,767,0.41372594237327576,0
3766,2842,0.41765111684799194,0
3766,3940,0.41533926129341125,0
3766,3841,0.41319912672042847,0
3766,630,0.41868460178375244,0
3766,2586,0.4201863408088684,0
3766,1648,0.41482630372047424,0
3766,3174,0.4095129668712616,0
3766,632,0.4155610203742981,0
3766,1147,0.4151598811149597,0
3766,1692,0.41549360752105713,0
3766,3025,0.41948333382606506,0
3766,3872,0.41717246174812317,0
3766,1598,0.40863320231437683,0
3766,1301,0.41062575578689575,0
3766,3810,0.41124507784843445,0
3766,1828,0.41177016496658325,0
2689,2689,0.4162846803665161,1
2689,2704,0.41650885343551636,0
2689,1502,0.4198901653289795,0
2689,2699,0.4192611575126648,0
2689,2908,0.4217173159122467,0
2689,3000,0.41164547204971313,0
2689,1812,0.4093882441520691,0
2689,3903,0.40972664952278137,0
2689,2182,0.4142306447029114,0
2689,2600,0.410795658826828,0
2689,1809,0.41456055641174316,0
2689,1438,0.4154394865036011,0
2689,963,0.4137141704559326,0
2689,511,0.41185462474823,0
2689,1340,0.4117688238620758,0
2689,2280,0.4218277633190155,0
2689,4179,0.4178297519683838,0
2689,1974,0.4078213572502136,0
2689,1709,0.4171712398529053,0
2689,2574,0.4175664782524109,0
1302,1302,0.4084051549434662,1
1302,861,0.4129215478897095,0
1302,734,0.409524530172348,0
1302,483,0.41254115104675293,0
1302,2239,0.4106424152851105,0
1302,3972,0.41301774978637695,0
1302,1585,0.41413551568984985,0
1302,583,0.4159065783023834,0
1302,1246,0.4078560471534729,0
1302,1491,0.4177308678627014,0
1302,2682,0.41166555881500244,0
1302,741,0.41962265968322754,0
1302,1689,0.4076845049858093,0
1302,344,0.4177956283092499,0
1302,1990,0.4105682969093323,0
1302,3622,0.4049086570739746,0
1302,1902,0.41100823879241943,0
1302,2299,0.41115671396255493,0
1302,3894,0.41026222705841064,0
1302,948,0.4106796979904175,0
3511,3511,0.40533381700515747,1
3511,3456,0.41364145278930664,0
3511,2571,0.4204639196395874,0
3511,3061,0.4174308180809021,0
3511,1853,0.41436177492141724,0
3511,498,0.4130757451057434,0
3511,3812,0.4091874957084656,0
3511,2441,0.4163671135902405,0
3511,2360,0.41438448429107666,0
3511,3889,0.4104149341583252,0
3511,1183,0.41509178280830383,0
3511,750,0.4103390574455261,0
3511,545,0.4095720648765564,0
3511,3179,0.41474419832229614,0
3511,1748,0.4142962694168091,0
3511,3826,0.4150439202785492,0
3511,3174,0.40907514095306396,0
3511,1272,0.41189610958099365,0
3511,2012,0.40458983182907104,0
3511,2047,0.4183187484741211,0
3907,3907,0.4198872447013855,1
3907,3463,0.41443970799446106,0
3907,231,0.4193767011165619,0
3907,2054,0.4161328077316284,0
3907,1451,0.421151340007782,0
3907,3743,0.4127660393714905,0
3907,854,0.4188593029975891,0
3907,2225,0.4132773280143738,0
3907,848,0.41441866755485535,0
3907,3652,0.41590753197669983,0
3907,920,0.42142629623413086,0
3907,2111,0.4170783758163452,0
3907,1292,0.41499561071395874,0
3907,4145,0.41406041383743286,0
3907,3622,0.4074852168560028,0
3907,2817,0.40883123874664307,0
3907,3234,0.4111470878124237,0
3907,3708,0.4120907187461853,0
3907,2127,0.42011958360671997,0
3907,1514,0.4182339310646057,0
1425,1425,0.40614792704582214,1
1425,3555,0.4114065170288086,0
1425,3061,0.41182267665863037,0
1425,748,0.4056057631969452,0
1425,1059,0.41608017683029175,0
1425,3384,0.4088159203529358,0
1425,3159,0.409264475107193,0
1425,1946,0.40931612253189087,0
1425,1211,0.4126057028770447,0
1425,2137,0.40684041380882263,0
1425,707,0.41033774614334106,0
1425,1264,0.4062274098396301,0
1425,1034,0.4085654020309448,0
1425,4048,0.4107055366039276,0
1425,3675,0.41471201181411743,0
1425,2586,0.41376370191574097,0
1425,2028,0.4067953824996948,0
1425,1029,0.403042733669281,0
1425,1708,0.4056064188480377,0
1425,3908,0.4013218879699707,0
50,50,0.41694098711013794,1
50,4176,0.4056890606880188,0
50,714,0.408069372177124,0
50,3008,0.4148207902908325,0
50,399,0.41175276041030884,0
50,2809,0.40982142090797424,0
50,2370,0.403690904378891,0
50,625,0.4089844524860382,0
50,3938,0.4038294851779938,0
50,1253,0.4209548830986023,0
50,976,0.4143386483192444,0
50,2647,0.40717142820358276,0
50,1574,0.4096696376800537,0
50,2947,0.41096562147140503,0
50,2420,0.4121914803981781,0
50,1894,0.41636544466018677,0
50,2528,0.41235244274139404,0
50,3692,0.4059862196445465,0
50,2104,0.4106849133968353,0
50,204,0.41298964619636536,0
2095,2095,0.4043373763561249,1
2095,2558,0.4118560552597046,0
2095,3761,0.41017717123031616,0
2095,2480,0.4102303981781006,0
2095,3373,0.40570107102394104,0
2095,3755,0.4084349274635315,0
2095,2708,0.41251590847969055,0
2095,1144,0.4149506390094757,0
2095,2254,0.41444915533065796,0
2095,945,0.4125675559043884,0
2095,3921,0.41154348850250244,0
2095,2801,0.40811458230018616,0
2095,3832,0.41369032859802246,0
2095,1603,0.4089759588241577,0
2095,1549,0.4085077941417694,0
2095,3429,0.4114936590194702,0
2095,744,0.4039849042892456,0
2095,2127,0.4164661765098572,0
2095,3202,0.4046109616756439,0
2095,714,0.4061041474342346,0
615,615,0.4182472229003906,1
615,1016,0.41536998748779297,0
615,3158,0.4141128659248352,0
615,2504,0.414084792137146,0
615,3435,0.42582228779792786,0
615,1710,0.4132732152938843,0
615,3657,0.4133513271808624,0
615,2817,0.41192179918289185,0
615,2873,0.41227248311042786,0
615,3173,0.4134256839752197,0
615,2495,0.4189280569553375,0
615,1363,0.41551661491394043,0
615,51,0.4144322872161865,0
615,2247,0.41958391666412354,0
615,3864,0.4159531593322754,0
615,3640,0.41096559166908264,0
615,1467,0.42248737812042236,0
615,1415,0.4164372384548187,0
615,2756,0.41338109970092773,0
615,760,0.42281919717788696,0
985,985,0.4039815664291382,1
985,599,0.41609278321266174,0
985,3237,0.4147270917892456,0
985,3979,0.4091639220714569,0
985,1172,0.4081934690475464,0
985,3162,0.41282862424850464,0
985,2582,0.40692830085754395,0
985,478,0.41659456491470337,0
985,2161,0.4082922339439392,0
985,2434,0.41396743059158325,0
985,3868,0.4205676317214966,0
985,2908,0.4188877046108246,0
985,1776,0.4055771827697754,0
985,1098,0.41133207082748413,0
985,3976,0.41078537702560425,0
985,3793,0.4168165326118469,0
985,3638,0.41235995292663574,0
985,2579,0.41425326466560364,0
985,381,0.41025611758232117,0
985,217,0.40275418758392334,0
1673,1673,0.4186146855354309,1
1673,1357,0.41634300351142883,0
1673,2539,0.4195471704006195,0
1673,774,0.4160945415496826,0
1673,2426,0.41606196761131287,0
1673,3966,0.40440577268600464,0
1673,1666,0.4112364947795868,0
1673,2424,0.42092815041542053,0
1673,2591,0.4119841456413269,0
1673,1167,0.4197276532649994,0
1673,4044,0.4175880551338196,0
1673,2680,0.42223817110061646,0
1673,2740,0.4166254699230194,0
1673,1021,0.40900662541389465,0
1673,2636,0.4093262553215027,0
1673,2019,0.41379132866859436,0
1673,3942,0.41557735204696655,0
1673,1104,0.4177930951118469,0
1673,1245,0.4149705171585083,0
1673,2134,0.41573673486709595,0
1802,1802,0.40843215584754944,1
1802,3544,0.416790246963501,0
1802,1610,0.41029489040374756,0
1802,1014,0.4132874608039856,0
1802,2245,0.41298988461494446,0
1802,2797,0.41088157892227173,0
1802,3119,0.4110252261161804,0
1802,3235,0.41013574600219727,0
1802,102,0.4137936234474182,0
1802,4069,0.41295289993286133,0
1802,2548,0.4073024392127991,0
1802,1636,0.40699276328086853,0
1802,2982,0.4146246314048767,0
1802,3579,0.4149243235588074,0
1802,303,0.4092956483364105,0
1802,2641,0.40992701053619385,0
1802,3506,0.4129386246204376,0
1802,495,0.4055653512477875,0
1802,3475,0.4090486764907837,0
1802,1648,0.4120718836784363,0
607,607,0.4230996370315552,1
607,264,0.4229400157928467,0
607,2082,0.42568182945251465,0
607,3934,0.4228058159351349,0
607,3485,0.4203111529350281,0
607,219,0.41765689849853516,0
607,3780,0.42063960433006287,0
607,1016,0.4206175208091736,0
607,275,0.4283592700958252,0
607,104,0.41747674345970154,0
607,3717,0.4320928156375885,0
607,2896,0.4228992462158203,0
607,2831,0.42770570516586304,0
607,1783,0.4198456108570099,0
607,3065,0.42001432180404663,0
607,3246,0.4214556813240051,0
607,1035,0.4257095456123352,0
607,1555,0.4224374294281006,0
607,266,0.4268473982810974,0
607,2667,0.4324384927749634,0
2331,2331,0.4143402576446533,1
2331,3949,0.41360291838645935,0
2331,1412,0.4180797338485718,0
2331,2143,0.42483776807785034,0
2331,2747,0.41665834188461304,0
2331,2821,0.4184374213218689,0
2331,3632,0.4223591089248657,0
2331,3688,0.4199863076210022,0
2331,2663,0.41952407360076904,0
2331,2683,0.42153048515319824,0
2331,1171,0.4269312620162964,0
2331,1760,0.41799309849739075,0
2331,2262,0.414802610874176,0
2331,2603,0.4253215789794922,0
2331,3702,0.4205096960067749,0
2331,2982,0.42428654432296753,0
2331,3677,0.42423662543296814,0
2331,2547,0.42067036032676697,0
2331,3442,0.4241427183151245,0
2331,160,0.42265385389328003,0
59,59,0.4250604510307312,1
59,1912,0.4262325167655945,0
59,2456,0.4240759313106537,0
59,1681,0.43753355741500854,0
59,3978,0.4204152524471283,0
59,2580,0.4176318049430847,0
59,3985,0.4188738465309143,0
59,717,0.4209785759449005,0
59,382,0.4190307855606079,0
59,3695,0.41589003801345825,0
59,1228,0.4191632866859436,0
59,2993,0.4277159869670868,0
59,2061,0.42860695719718933,0
59,653,0.4252204895019531,0
59,1350,0.41815948486328125,0
59,2622,0.4180675446987152,0
59,2934,0.4231349229812622,0
59,3566,0.42021358013153076,0
59,1363,0.4207337498664856,0
59,143,0.42073845863342285,0
2308,2308,0.41745877265930176,1
2308,1672,0.4028725028038025,0
2308,393,0.411416620016098,0
2308,3332,0.40570464730262756,0
2308,1165,0.4133564829826355,0
2308,215,0.418606698513031,0
2308,2329,0.41509824991226196,0
2308,1969,0.41183972358703613,0
2308,3476,0.4172942042350769,0
2308,1047,0.41554737091064453,0
2308,1687,0.4091252088546753,0
2308,1475,0.41535502672195435,0
2308,3797,0.41580647230148315,0
2308,2644,0.40879011154174805,0
2308,1292,0.41376861929893494,0
2308,831,0.4133988320827484,0
2308,1732,0.41645726561546326,0
2308,3395,0.4119361639022827,0
2308,3892,0.4079207181930542,0
2308,1772,0.4114018678665161,0
2514,2514,0.4017272889614105,1
2514,2448,0.3967277407646179,0
2514,969,0.40467554330825806,0
2514,634,0.398476779460907,0
2514,3575,0.4006180167198181,0
2514,1481,0.39541345834732056,0
2514,2647,0.39730197191238403,0
2514,626,0.3999432623386383,0
2514,1790,0.4013948440551758,0
2514,1199,0.40172404050827026,0
2514,1397,0.39464184641838074,0
2514,3225,0.3983883559703827,0
2514,1391,0.4055519104003906,0
2514,98,0.39190202951431274,0
2514,3074,0.4040854573249817,0
2514,489,0.4017397463321686,0
2514,2753,0.39757612347602844,0
2514,2099,0.4053591191768646,0
2514,3322,0.40045028924942017,0
2514,1460,0.40310171246528625,0
1977,1977,0.40787965059280396,1
1977,3556,0.41108933091163635,0
1977,4130,0.4074017107486725,0
1977,1569,0.409950315952301,0
1977,732,0.41554710268974304,0
1977,3749,0.40817829966545105,0
1977,1194,0.40680330991744995,0
1977,4033,0.4078264832496643,0
1977,915,0.41056621074676514,0
1977,1954,0.4161686599254608,0
1977,3655,0.41129109263420105,0
1977,3099,0.4117848873138428,0
1977,881,0.4087035059928894,0
1977,1726,0.406960129737854,0
1977,1851,0.40633928775787354,0
1977,1192,0.4137874245643616,0
1977,3868,0.4179723262786865,0
1977,555,0.4059455096721649,0
1977,2866,0.40742599964141846,0
1977,722,0.4091445803642273,0
1562,1562,0.409048855304718,1
1562,720,0.41661471128463745,0
1562,268,0.41555631160736084,0
1562,1774,0.41184723377227783,0
1562,2211,0.4131028652191162,0
1562,2887,0.4159643352031708,0
1562,607,0.41865074634552,0
1562,3739,0.4182414412498474,0
1562,3146,0.412788987159729,0
1562,199,0.4193565845489502,0
1562,544,0.4111647605895996,0
1562,807,0.42348259687423706,0
1562,2478,0.42895543575286865,0
1562,1162,0.41984882950782776,0
1562,2951,0.42392951250076294,0
1562,2652,0.4219776391983032,0
1562,2919,0.41441917419433594,0
1562,1798,0.41923895478248596,0
1562,2735,0.42133206129074097,0
1562,2573,0.4191719889640808,0
