movie_local,target_local,score,label
2852,1159,0.9706736207008362,1
2852,2075,0.4098832607269287,0
2852,1817,0.3745303153991699,0
2852,1652,0.6270824670791626,0
2852,1600,0.621342122554779,0
2852,726,0.627517819404602,0
2852,1774,0.6813055872917175,0
2852,1918,0.9414461851119995,0
2852,621,1.2021567821502686,0
2852,124,0.3997279405593872,0
2852,1849,0.6547505259513855,0
2852,356,0.38384974002838135,0
2852,1309,0.4073309898376465,0
2852,1779,0.6654122471809387,0
2852,1804,0.6803074479103088,0
2852,858,0.6581597924232483,0
2852,1488,0.35178014636039734,0
2852,540,0.9471381306648254,0
2852,1516,1.8003630638122559,0
2852,1807,0.6107304692268372,0
1674,149,3.351893663406372,1
1674,1893,0.6465280055999756,0
1674,1080,0.7088754773139954,0
1674,893,0.3546448349952698,0
1674,491,0.3637048006057739,0
1674,373,0.9202670454978943,0
1674,214,0.366517573595047,0
1674,426,1.731648325920105,0
1674,945,0.3905410170555115,0
1674,363,0.34910479187965393,0
1674,870,0.36887380480766296,0
1674,1296,0.381166011095047,0
1674,1200,0.6715483069419861,0
1674,743,1.0303912162780762,0
1674,2015,0.34896546602249146,0
1674,1203,0.925472617149353,0
1674,653,0.3607018291950226,0
1674,1477,0.3579261302947998,0
1674,847,0.9537236094474792,0
1674,256,1.6526387929916382,0
2613,798,0.9502469301223755,1
2613,794,0.6744980812072754,0
2613,1462,0.6461321115493774,0
2613,426,1.7636277675628662,0
2613,1088,1.135912299156189,0
2613,298,0.647209644317627,0
2613,1423,1.977020263671875,0
2613,1381,0.8938083648681641,0
2613,930,1.2419373989105225,0
2613,754,0.8829971551895142,0
2613,775,0.35549846291542053,0
2613,15,0.6160364151000977,0
2613,202,1.7622207403182983,0
2613,1154,0.3818563222885132,0
2613,420,0.709722638130188,0
2613,1815,0.35367077589035034,0
2613,1968,0.6120690107345581,0
2613,1148,0.6102243065834045,0
2613,783,0.6522638201713562,0
2613,627,0.6263377666473389,0
2715,655,1.262614130973816,1
2715,2007,0.3396880626678467,0
2715,1896,0.5843181014060974,0
2715,1610,1.2169541120529175,0
2715,327,0.32912230491638184,0
2715,1959,0.5692785382270813,0
2715,1218,1.5867431163787842,0
2715,1627,0.6088040471076965,0
2715,580,0.48967355489730835,0
2715,1990,0.7616722583770752,0
2715,524,0.3363535404205322,0
2715,1661,0.5768712162971497,0
2715,123,1.0198651552200317,0
2715,453,0.5439919233322144,0
2715,93,0.5517027378082275,0
2715,1264,0.5752429366111755,0
2715,303,0.5742234587669373,0
2715,613,0.9937466382980347,0
2715,677,0.3339339792728424,0
2715,105,0.8074631690979004,0
2019,1356,0.6750988960266113,1
2019,821,0.32275447249412537,0
2019,1678,0.6139875054359436,0
2019,456,0.7021580934524536,0
2019,1193,0.3184870481491089,0
2019,407,1.545249104499817,0
2019,830,0.6865304112434387,0
2019,1168,0.945374608039856,0
2019,1073,0.3405568599700928,0
2019,1975,1.0312331914901733,0
2019,471,0.3705630600452423,0
2019,791,0.6424117684364319,0
2019,1646,0.6593064665794373,0
2019,1911,0.8648749589920044,0
2019,1047,0.3401305377483368,0
2019,1051,0.7032881379127502,0
2019,927,0.6526676416397095,0
2019,1131,0.6815171837806702,0
2019,2049,0.6533862948417664,0
2019,11,0.33438026905059814,0
141,1664,1.662701964378357,1
141,641,0.5845842361450195,0
141,698,0.5690984725952148,0
141,246,0.5835096836090088,0
141,701,0.3374892473220825,0
141,402,0.5593093037605286,0
141,974,0.5538928508758545,0
141,1946,1.0414780378341675,0
141,213,1.0531668663024902,0
141,690,1.0428264141082764,0
141,1030,0.5286361575126648,0
141,680,1.5967308282852173,0
141,1580,0.8009610176086426,0
141,951,0.35243475437164307,0
141,308,0.9883452653884888,0
141,212,1.137323260307312,0
141,1954,0.37565362453460693,0
141,419,0.31479111313819885,0
141,1988,0.34868642687797546,0
141,955,0.5639316439628601,0
1550,1822,1.327573537826538,1
1550,1124,2.5041916370391846,0
1550,1644,0.7598011493682861,0
1550,1474,0.737490713596344,0
1550,685,0.5424737334251404,0
1550,754,0.7518512010574341,0
1550,810,0.40080705285072327,0
1550,787,0.6579164862632751,0
1550,1646,0.5536277294158936,0
1550,490,0.5956400632858276,0
1550,273,0.5506789088249207,0
1550,1796,0.7769602537155151,0
1550,240,0.5913037061691284,0
1550,1380,0.5500356554985046,0
1550,88,0.5825732946395874,0
1550,522,0.5715023875236511,0
1550,2036,1.1729681491851807,0
1550,207,0.5657014846801758,0
1550,441,0.5058819651603699,0
1550,1431,0.5497208833694458,0
621,1237,0.3932393491268158,1
621,1227,0.6094680428504944,0
621,1942,1.9795894622802734,0
621,1130,0.6622673273086548,0
621,83,0.6585754752159119,0
621,44,0.6822375059127808,0
621,183,0.6429529190063477,0
621,799,0.7095128893852234,0
621,575,0.6221960783004761,0
621,1560,0.3646087348461151,0
621,704,0.6349030137062073,0
621,2043,0.37959933280944824,0
621,1768,0.3378129005432129,0
621,564,0.6910926699638367,0
621,1625,0.3811194598674774,0
621,107,0.6967858076095581,0
621,1311,0.38166120648384094,0
621,1515,1.4554048776626587,0
621,1271,0.722830593585968,0
621,1573,0.6716470122337341,0
1076,1099,0.89095538854599,1
1076,1438,0.3426204025745392,0
1076,847,0.9575427174568176,0
1076,606,0.6424307823181152,0
1076,764,0.6435327529907227,0
1076,1542,0.6632715463638306,0
1076,509,0.3768853545188904,0
1076,615,0.3704439401626587,0
1076,1825,1.059232234954834,0
1076,1878,0.9628539085388184,0
1076,1934,0.6521361470222473,0
1076,1898,0.6706339120864868,0
1076,292,0.32425373792648315,0
1076,1538,0.5997114777565002,0
1076,1865,0.6308354139328003,0
1076,1569,0.36724165081977844,0
1076,721,0.6240810751914978,0
1076,47,0.6931796669960022,0
1076,598,0.9791993498802185,0
1076,1185,0.5750791430473328,0
2045,472,0.8863036632537842,1
2045,1027,0.5595184564590454,0
2045,1229,0.6020451784133911,0
2045,1205,0.8939933180809021,0
2045,676,0.8680788278579712,0
2045,1265,0.5872485637664795,0
2045,247,0.35002538561820984,0
2045,984,0.5857585072517395,0
2045,721,0.5574417114257812,0
2045,959,0.9341917634010315,0
2045,1246,0.5708622336387634,0
2045,582,0.5743999481201172,0
2045,946,0.8540681600570679,0
2045,898,0.5662196278572083,0
2045,296,0.3320360779762268,0
2045,15,0.5759319067001343,0
2045,353,0.5323142409324646,0
2045,879,0.5648632049560547,0
2045,812,0.6162192821502686,0
2045,736,0.5684516429901123,0
2494,1921,0.327634334564209,1
2494,912,0.5636692643165588,0
2494,1583,0.6074060201644897,0
2494,2039,0.8711466193199158,0
2494,1122,1.6202163696289062,0
2494,441,0.5527452230453491,0
2494,1941,0.5898416042327881,0
2494,638,0.575232982635498,0
2494,738,0.6233589053153992,0
2494,1180,0.9820833802223206,0
2494,59,0.8867495656013489,0
2494,2004,0.8892390131950378,0
2494,1344,0.6110959649085999,0
2494,1393,1.8785686492919922,0
2494,1569,0.3132389187812805,0
2494,314,0.31645068526268005,0
2494,1890,0.5767238140106201,0
2494,83,0.5879017114639282,0
2494,106,1.1052435636520386,0
2494,753,0.539824903011322,0
1056,850,1.0615936517715454,1
1056,257,0.7857891917228699,0
1056,2032,0.5768842697143555,0
1056,402,0.5485697984695435,0
1056,1904,0.69003826379776,0
1056,1989,0.5546468496322632,0
1056,542,0.5810041427612305,0
1056,1540,0.4146999716758728,0
1056,1926,0.5397803783416748,0
1056,361,0.5681549906730652,0
1056,1243,0.3813784122467041,0
1056,1568,0.4036174416542053,0
1056,883,0.9993506669998169,0
1056,1972,1.0346590280532837,0
1056,149,2.2616004943847656,0
1056,495,0.5933305621147156,0
1056,1483,0.5617479681968689,0
1056,1023,0.9243765473365784,0
1056,1912,0.5488408803939819,0
1056,228,0.6029074192047119,0
2615,1027,0.5978873372077942,1
2615,2013,0.9229766130447388,0
2615,789,1.7846779823303223,0
2615,943,0.5450634956359863,0
2615,1254,0.6198117733001709,0
2615,609,0.3146395683288574,0
2615,723,0.323722243309021,0
2615,1229,0.6639004349708557,0
2615,252,0.3198763132095337,0
2615,1999,1.3072761297225952,0
2615,667,0.6068854928016663,0
2615,392,0.33277636766433716,0
2615,351,0.322150856256485,0
2615,168,0.6625282764434814,0
2615,1198,0.9326478242874146,0
2615,1403,0.5712975263595581,0
2615,1124,3.566025972366333,0
2615,1085,0.32218897342681885,0
2615,967,0.623664379119873,0
2615,1971,2.192638635635376,0
3297,906,0.36971455812454224,1
3297,1885,0.6275016069412231,0
3297,1077,0.8625276684761047,0
3297,1789,0.6359397172927856,0
3297,1293,0.36083197593688965,0
3297,1596,0.6704140305519104,0
3297,830,0.6411356925964355,0
3297,572,1.6365941762924194,0
3297,1222,0.3677893877029419,0
3297,1923,0.8965376019477844,0
3297,163,0.6127336621284485,0
3297,1235,0.6155562996864319,0
3297,674,0.6087759733200073,0
3297,485,0.6985660195350647,0
3297,364,0.8448292016983032,0
3297,1386,0.6968483328819275,0
3297,1003,0.3700685501098633,0
3297,330,2.3995492458343506,0
3297,1624,0.3621079921722412,0
3297,1886,0.6211534142494202,0
369,1559,1.9360090494155884,1
369,1635,0.3784053921699524,0
369,558,0.424174427986145,0
369,2046,0.6342915296554565,0
369,283,0.6708468198776245,0
369,98,0.6444169878959656,0
369,159,1.5799436569213867,0
369,614,0.6488144993782043,0
369,1446,0.6731243133544922,0
369,1647,0.4023340046405792,0
369,224,2.175446033477783,0
369,669,0.6435670256614685,0
369,1975,1.0134479999542236,0
369,1213,0.3697662949562073,0
369,961,0.6584831476211548,0
369,1941,0.6942259073257446,0
369,239,0.3805656433105469,0
369,1135,0.685218870639801,0
369,639,1.321087121963501,0
369,1895,0.6821694374084473,0
443,1709,0.6259098052978516,1
443,1730,0.9389487504959106,0
443,1824,0.3182391822338104,0
443,1323,2.7692227363586426,0
443,1217,0.6477257013320923,0
443,87,0.37506383657455444,0
443,1409,0.4019430875778198,0
443,802,0.6955326199531555,0
443,1208,0.3446306586265564,0
443,100,0.6522144675254822,0
443,162,0.6234313249588013,0
443,1117,0.7202295064926147,0
443,902,0.3606502413749695,0
443,1465,0.6333765983581543,0
443,1725,0.9233185052871704,0
443,1089,0.6687016487121582,0
443,1511,0.6368920207023621,0
443,1801,0.6120449900627136,0
443,1181,0.6751641035079956,0
443,759,0.618436872959137,0
1637,1694,1.286298155784607,1
1637,1686,0.8834868669509888,0
1637,2056,0.3404689133167267,0
1637,1777,0.8809040188789368,0
1637,1054,0.5216326117515564,0
1637,1023,0.9141392707824707,0
1637,320,0.5064310431480408,0
1637,649,0.9486171007156372,0
1637,391,0.3450148105621338,0
1637,542,0.5302160382270813,0
1637,578,0.5236364603042603,0
1637,396,0.49764853715896606,0
1637,958,1.1635124683380127,0
1637,769,0.5974827408790588,0
1637,1689,1.2940692901611328,0
1637,1601,0.5435848832130432,0
1637,1544,0.5448272228240967,0
1637,193,0.9056352972984314,0
1637,915,0.7458238005638123,0
1637,465,0.3201928734779358,0
3840,864,0.659965455532074,1
3840,1244,0.7061415314674377,0
3840,1644,0.9248754382133484,0
3840,394,0.6440590620040894,0
3840,1901,0.9180471897125244,0
3840,1809,0.9643106460571289,0
3840,2037,0.9032747745513916,0
3840,1337,0.7342052459716797,0
3840,653,0.37344714999198914,0
3840,1542,0.6475292444229126,0
3840,515,0.39685970544815063,0
3840,2013,0.929309606552124,0
3840,1226,0.38510462641716003,0
3840,196,0.37730368971824646,0
3840,241,0.6061378717422485,0
3840,144,0.6207289099693298,0
3840,200,0.6880096197128296,0
3840,952,0.7081220746040344,0
3840,665,0.42569801211357117,0
3840,1292,0.62065589427948,0
2720,1124,3.429482936859131,1
2720,753,0.5669397115707397,0
2720,535,0.584520697593689,0
2720,1199,0.34409844875335693,0
2720,1178,1.2679446935653687,0
2720,489,0.35093075037002563,0
2720,1145,0.6173558235168457,0
2720,652,0.9879325032234192,0
2720,1940,0.6588020324707031,0
2720,1657,0.5982365608215332,0
2720,1159,0.9994394779205322,0
2720,627,0.6091217994689941,0
2720,726,0.6029773354530334,0
2720,1424,0.6405853033065796,0
2720,1307,0.6617555618286133,0
2720,1761,0.6430668830871582,0
2720,1053,1.3688637018203735,0
2720,38,0.3280300498008728,0
2720,2050,0.899880588054657,0
2720,1712,1.2369375228881836,0
2776,1206,0.36253252625465393,1
2776,514,0.6565018892288208,0
2776,1366,0.614993691444397,0
2776,468,0.6630750894546509,0
2776,1590,0.696000337600708,0
2776,1394,0.6489765644073486,0
2776,1698,0.3483527600765228,0
2776,1853,1.4803171157836914,0
2776,1948,0.9643528461456299,0
2776,1201,0.6706573963165283,0
2776,87,0.3614838123321533,0
2776,25,0.6129634380340576,0
2776,722,0.6490243077278137,0
2776,836,1.4274853467941284,0
2776,1759,0.6679164171218872,0
2776,350,0.5797023773193359,0
2776,953,0.8795862793922424,0
2776,1440,0.6288766264915466,0
2776,1995,1.8533254861831665,0
2776,96,0.6388141512870789,0
145,1002,1.0014336109161377,1
145,1159,0.8642838597297668,0
145,1241,0.3466110825538635,0
145,168,0.572629988193512,0
145,1775,0.42322513461112976,0
145,2000,0.8506315350532532,0
145,697,0.7764474153518677,0
145,593,0.3915821611881256,0
145,150,0.5537658333778381,0
145,1959,0.580481767654419,0
145,2003,0.41197076439857483,0
145,182,0.9667319059371948,0
145,936,0.8359386920928955,0
145,1281,0.3715047836303711,0
145,61,0.5447513461112976,0
145,919,0.9917474985122681,0
145,81,0.6062943935394287,0
145,1780,0.5548223853111267,0
145,178,0.35442787408828735,0
145,2019,0.585102915763855,0
999,1060,0.9281200766563416,1
999,94,0.9122135043144226,0
999,1739,1.2497930526733398,0
999,1914,0.9484830498695374,0
999,1827,0.3542500436306,0
999,704,0.6119939088821411,0
999,1149,0.35747218132019043,0
999,1983,1.0573145151138306,0
999,801,1.8615148067474365,0
999,1291,0.6728456616401672,0
999,686,0.5972580909729004,0
999,738,0.7051743865013123,0
999,847,0.9436356425285339,0
999,1431,0.6003457307815552,0
999,224,2.195660352706909,0
999,745,1.000478744506836,0
999,1303,0.6600387692451477,0
999,1469,0.5910303592681885,0
999,815,0.6784018874168396,0
999,998,0.6939861178398132,0
1975,1374,0.43109554052352905,1
1975,1164,0.9893996119499207,0
1975,1340,0.6915028095245361,0
1975,79,1.0171430110931396,0
1975,1256,0.41424643993377686,0
1975,1815,0.3927915394306183,0
1975,1397,1.1016793251037598,0
1975,908,0.6502313017845154,0
1975,1297,0.6666648983955383,0
1975,376,0.39133569598197937,0
1975,1357,0.42665040493011475,0
1975,1685,0.42609113454818726,0
1975,1841,0.3926021456718445,0
1975,1692,0.6723833680152893,0
1975,958,1.7436528205871582,0
1975,2053,0.7029525637626648,0
1975,714,0.7833325266838074,0
1975,1839,0.7218605279922485,0
1975,1838,0.6670457124710083,0
1975,1239,0.7374879717826843,0
30,1323,1.94752836227417,1
30,19,0.3957698941230774,0
30,1457,0.7620625495910645,0
30,761,0.5731773972511292,0
30,1025,0.5366726517677307,0
30,72,0.6397128701210022,0
30,1838,0.5812867283821106,0
30,1937,0.5854237079620361,0
30,2030,0.9560582637786865,0
30,283,0.6159669160842896,0
30,785,0.6141724586486816,0
30,325,1.008612871170044,0
30,1392,1.0218732357025146,0
30,1346,0.5593532919883728,0
30,260,0.44605374336242676,0
30,1485,0.4161033630371094,0
30,1278,2.5183169841766357,0
30,2022,0.4468293786048889,0
30,202,1.3178675174713135,0
30,1632,1.9280505180358887,0
144,104,1.4356733560562134,1
144,1772,0.5690715312957764,0
144,1688,0.4024144411087036,0
144,161,0.3752109110355377,0
144,1312,1.3686656951904297,0
144,1483,0.574337899684906,0
144,56,0.5694920420646667,0
144,920,0.5425899028778076,0
144,438,0.602553129196167,0
144,1226,0.37741702795028687,0
144,1786,0.5532365441322327,0
144,1094,0.5855974555015564,0
144,2030,0.9368569254875183,0
144,614,0.5494515299797058,0
144,506,0.6083254814147949,0
144,1788,0.5750746130943298,0
144,1931,0.583057701587677,0
144,276,0.583832859992981,0
144,1348,0.8007587194442749,0
144,911,0.5632892847061157,0
3119,325,1.3429080247879028,1
3119,2076,1.006687879562378,0
3119,1731,0.7016007900238037,0
3119,1028,0.6595023274421692,0
3119,1669,1.606406569480896,0
3119,263,0.6531842947006226,0
3119,1888,0.6459847688674927,0
3119,1989,0.6463655829429626,0
3119,484,0.34845709800720215,0
3119,1449,0.37136369943618774,0
3119,1185,0.6029555797576904,0
3119,426,1.9056190252304077,0
3119,136,0.6146437525749207,0
3119,1291,0.6692336797714233,0
3119,663,0.6878111958503723,0
3119,675,0.6773707270622253,0
3119,1646,0.6682646870613098,0
3119,464,0.6910951137542725,0
3119,696,0.9110222458839417,0
3119,773,0.7041512727737427,0
3975,1145,0.6469557285308838,1
3975,395,0.945734977722168,0
3975,1641,1.3678003549575806,0
3975,542,0.6896815299987793,0
3975,567,1.5797581672668457,0
3975,1308,0.3871866464614868,0
3975,787,0.7696554064750671,0
3975,688,0.6805103421211243,0
3975,540,0.9862167239189148,0
3975,519,0.6736209988594055,0
3975,250,0.7648419737815857,0
3975,1435,0.6310033798217773,0
3975,1729,0.9788009524345398,0
3975,105,0.9917365908622742,0
3975,428,0.672444760799408,0
3975,974,0.6370748281478882,0
3975,955,0.6664442420005798,0
3975,420,0.739098072052002,0
3975,1515,1.3895384073257446,0
3975,1893,0.6554884910583496,0
2340,1924,0.33178383111953735,1
2340,259,0.6666399836540222,0
2340,90,0.7927044630050659,0
2340,246,0.6188623309135437,0
2340,1413,0.3468745946884155,0
2340,1584,0.6112182140350342,0
2340,1276,0.6005712747573853,0
2340,715,0.657242476940155,0
2340,651,0.9387218952178955,0
2340,1951,0.9069374799728394,0
2340,641,0.6346344947814941,0
2340,490,0.64476078748703,0
2340,1301,0.5993334650993347,0
2340,29,0.36477187275886536,0
2340,558,0.38320404291152954,0
2340,1811,0.6169313788414001,0
2340,2031,0.6239780783653259,0
2340,2007,0.3542674779891968,0
2340,233,0.6608481407165527,0
2340,1721,0.9187034964561462,0
1919,347,0.36220598220825195,1
1919,666,0.666958749294281,0
1919,1542,0.6744309067726135,0
1919,1660,0.6831231713294983,0
1919,1830,0.6515867710113525,0
1919,1688,0.41811493039131165,0
1919,1935,0.6650370955467224,0
1919,1982,0.6808560490608215,0
1919,1769,0.4144930839538574,0
1919,1112,0.619978129863739,0
1919,1898,0.7020507454872131,0
1919,2075,0.40456995368003845,0
1919,367,0.6860458850860596,0
1919,1980,1.2703543901443481,0
1919,914,1.4974324703216553,0
1919,572,1.7552049160003662,0
1919,1009,0.8910925984382629,0
1919,323,0.6377217769622803,0
1919,1456,1.2786743640899658,0
1919,33,1.0411373376846313,0
2412,1436,0.5486470460891724,1
2412,231,0.9994362592697144,0
2412,1126,0.5295730829238892,0
2412,1885,0.574226438999176,0
2412,84,0.5718426704406738,0
2412,1767,0.38999998569488525,0
2412,1141,0.5861111283302307,0
2412,1958,0.5821011066436768,0
2412,1507,1.8253389596939087,0
2412,1561,0.9713578820228577,0
2412,1847,0.5231402516365051,0
2412,667,0.5444455742835999,0
2412,439,1.5661338567733765,0
2412,399,0.5578485131263733,0
2412,660,0.5829631686210632,0
2412,2028,0.7893775701522827,0
2412,1594,0.5722283720970154,0
2412,701,0.36891627311706543,0
2412,1771,0.6016528010368347,0
2412,1550,0.5290535688400269,0
2100,1806,3.1830172538757324,1
2100,1980,1.2855545282363892,0
2100,1145,0.6653349995613098,0
2100,928,0.6663376688957214,0
2100,1472,1.2415591478347778,0
2100,951,0.4032549262046814,0
2100,1444,0.6811510920524597,0
2100,419,0.35927778482437134,0
2100,253,0.6526960730552673,0
2100,885,0.7101232409477234,0
2100,173,0.9934940934181213,0
2100,1895,0.6910235285758972,0
2100,1683,0.618023693561554,0
2100,356,0.4096413552761078,0
2100,1666,1.0201566219329834,0
2100,1123,1.1631783246994019,0
2100,1291,0.6769295334815979,0
2100,172,0.3991134464740753,0
2100,91,0.9695538282394409,0
2100,392,0.4089738726615906,0
3571,801,1.8944616317749023,1
3571,2030,1.2016130685806274,0
3571,1657,0.5922268629074097,0
3571,345,4.808043479919434,0
3571,1176,0.37964633107185364,0
3571,1272,1.350021243095398,0
3571,484,0.353130578994751,0
3571,1216,0.6538708806037903,0
3571,1914,0.9489920139312744,0
3571,107,0.675529956817627,0
3571,1844,3.019087076187134,0
3571,1581,0.6413097381591797,0
3571,494,0.5698462128639221,0
3571,222,0.65094393491745,0
3571,754,0.9220150113105774,0
3571,581,0.654211163520813,0
3571,313,0.3458932936191559,0
3571,993,0.9069388508796692,0
3571,564,0.6956608891487122,0
3571,1817,0.3360062837600708,0
933,455,1.256399393081665,1
933,1108,0.5818182826042175,0
933,2013,0.8261066675186157,0
933,860,0.5657471418380737,0
933,985,0.7327897548675537,0
933,1353,0.6256620287895203,0
933,948,1.1759190559387207,0
933,243,0.5957575440406799,0
933,1933,0.5427927374839783,0
933,812,0.6383835673332214,0
933,894,0.618244469165802,0
933,1114,0.7455350160598755,0
933,1594,0.592396080493927,0
933,1282,0.6327044367790222,0
933,2026,0.8171903491020203,0
933,496,0.5843380689620972,0
933,596,0.8879356980323792,0
933,906,0.3767343759536743,0
933,1715,0.808076024055481,0
933,1277,0.8166136145591736,0
3475,1308,0.365273118019104,1
3475,2015,0.35903358459472656,0
3475,1853,1.3865294456481934,0
3475,1403,0.5743266940116882,0
3475,327,0.33984869718551636,0
3475,169,0.3857152462005615,0
3475,386,0.38563865423202515,0
3475,566,0.3665565848350525,0
3475,1335,0.5728874802589417,0
3475,972,0.660539448261261,0
3475,593,0.3770597279071808,0
3475,1593,0.6272152066230774,0
3475,338,0.5863151550292969,0
3475,131,0.6126922965049744,0
3475,2004,0.8777579069137573,0
3475,1329,0.8625223636627197,0
3475,1577,0.6627898216247559,0
3475,331,0.3954535722732544,0
3475,1560,0.3664534091949463,0
3475,363,0.3566446900367737,0
888,1760,1.4947375059127808,1
888,1836,0.9154623746871948,0
888,1920,0.6445148587226868,0
888,1454,0.3500639498233795,0
888,393,0.7379206418991089,0
888,1778,0.6977749466896057,0
888,1689,1.82237708568573,0
888,457,0.6639822125434875,0
888,1141,0.6402138471603394,0
888,590,2.3021769523620605,0
888,870,0.3621465563774109,0
888,481,0.6839022636413574,0
888,1614,0.6238805651664734,0
888,505,0.5845548510551453,0
888,588,0.34208428859710693,0
888,1670,0.6344417929649353,0
888,1622,0.9227560758590698,0
888,1661,0.689125657081604,0
888,639,1.3065471649169922,0
888,1223,0.32296431064605713,0
2916,1791,0.3571392297744751,1
2916,380,0.3605118691921234,0
2916,1242,0.516944408416748,0
2916,8,0.5891859531402588,0
2916,1141,0.5514944791793823,0
2916,1585,0.3600960969924927,0
2916,1671,1.8920637369155884,0
2916,731,0.532092809677124,0
2916,1466,0.5671295523643494,0
2916,443,0.5523059368133545,0
2916,826,0.5530334711074829,0
2916,492,0.33933255076408386,0
2916,2038,1.5326987504959106,0
2916,209,0.32225435972213745,0
2916,482,1.0255587100982666,0
2916,1840,0.3536282479763031,0
2916,882,0.6054750680923462,0
2916,591,0.5483980178833008,0
2916,1577,0.6095626950263977,0
2916,376,0.3496631383895874,0
3855,815,0.5814082026481628,1
3855,1581,0.5563424229621887,0
3855,1862,0.5666190981864929,0
3855,1524,0.6278176307678223,0
3855,401,0.6077987551689148,0
3855,399,0.5662937164306641,0
3855,675,0.5925379395484924,0
3855,54,0.5876299142837524,0
3855,865,0.5633140206336975,0
3855,1492,0.6159604787826538,0
3855,906,0.3270413875579834,0
3855,316,0.7997068166732788,0
3855,1015,0.5747405290603638,0
3855,1298,0.5592365860939026,0
3855,782,0.5920455455780029,0
3855,1043,0.7929506897926331,0
3855,907,0.5674188137054443,0
3855,196,0.32723382115364075,0
3855,126,0.5789311528205872,0
3855,823,1.012668490409851,0
1051,90,0.9045593738555908,1
1051,1369,0.9853420257568359,0
1051,925,0.379810094833374,0
1051,1133,0.7140330076217651,0
1051,1848,1.040480613708496,0
1051,528,0.6554256677627563,0
1051,1545,1.2756028175354004,0
1051,1251,0.7011701464653015,0
1051,21,0.4115780293941498,0
1051,1096,1.1239018440246582,0
1051,1080,0.7223031520843506,0
1051,447,1.0357842445373535,0
1051,1419,0.7117542624473572,0
1051,660,0.7236707806587219,0
1051,1202,0.6342046856880188,0
1051,1236,0.9903079271316528,0
1051,482,1.3810498714447021,0
1051,215,0.6474798917770386,0
1051,835,0.7478971481323242,0
1051,625,0.6875405311584473,0
295,1549,0.9746714234352112,1
295,1306,0.5188265442848206,0
295,1845,0.7895553112030029,0
295,316,0.7797965407371521,0
295,1741,0.5952903628349304,0
295,1551,0.5935794115066528,0
295,1108,0.5815141201019287,0
295,1492,0.6319244503974915,0
295,425,0.383726567029953,0
295,1522,0.7436546087265015,0
295,586,0.7642005085945129,0
295,1547,1.1790144443511963,0
295,131,0.5868011116981506,0
295,1344,0.583532989025116,0
295,1841,0.40492939949035645,0
295,492,0.37881577014923096,0
295,1574,0.5888118743896484,0
295,1051,0.6250901818275452,0
295,165,0.6001900434494019,0
295,1706,0.4209141135215759,0
3702,1484,0.33537644147872925,1
3702,538,0.6509048342704773,0
3702,1873,0.6123766303062439,0
3702,1792,0.8766530156135559,0
3702,844,0.6321236491203308,0
3702,1557,0.6200811862945557,0
3702,763,0.6443361639976501,0
3702,1285,0.385509729385376,0
3702,591,0.6453737020492554,0
3702,1896,0.6724503040313721,0
3702,1423,1.9342913627624512,0
3702,619,0.6501560807228088,0
3702,348,0.6553032994270325,0
3702,1068,0.6850602626800537,0
3702,46,0.3454859256744385,0
3702,770,0.37459245324134827,0
3702,1276,0.6274910569190979,0
3702,240,0.6491006016731262,0
3702,40,1.8064788579940796,0
3702,418,0.6328710913658142,0
3074,1107,1.4278346300125122,1
3074,654,1.687078833580017,0
3074,1979,0.690916895866394,0
3074,1349,0.6890556216239929,0
3074,1071,0.6506456136703491,0
3074,1470,0.6697560548782349,0
3074,1230,0.7188343405723572,0
3074,1105,0.39846885204315186,0
3074,546,0.6448274850845337,0
3074,1145,0.674060583114624,0
3074,880,1.0313005447387695,0
3074,278,0.3568551540374756,0
3074,213,1.3617362976074219,0
3074,1151,0.6582373976707458,0
3074,1800,0.6919375061988831,0
3074,835,0.7394660711288452,0
3074,5,0.37391966581344604,0
3074,1390,0.6735328435897827,0
3074,1555,0.6963996291160583,0
3074,312,0.6827351450920105,0
4007,1304,0.7184947729110718,1
4007,459,0.34035924077033997,0
4007,1923,0.9298202991485596,0
4007,1288,0.6296759843826294,0
4007,794,0.6675531268119812,0
4007,381,0.6035636067390442,0
4007,1998,0.5922853946685791,0
4007,213,1.2757190465927124,0
4007,102,0.647967517375946,0
4007,1031,0.6265127658843994,0
4007,1154,0.38839399814605713,0
4007,1544,0.676440954208374,0
4007,1232,1.375706672668457,0
4007,548,0.6516584753990173,0
4007,1436,0.6215017437934875,0
4007,1018,0.37550291419029236,0
4007,632,0.627105176448822,0
4007,1845,0.9439033269882202,0
4007,1497,0.6928180456161499,0
4007,1338,0.5886481404304504,0
606,1882,0.34409481287002563,1
606,155,0.5316885113716125,0
606,48,0.5769638419151306,0
606,52,0.5564398765563965,0
606,265,0.5635393261909485,0
606,447,0.8186091780662537,0
606,776,0.36477845907211304,0
606,510,0.3049364686012268,0
606,313,0.3480773866176605,0
606,1702,0.557340681552887,0
606,1459,0.59532231092453,0
606,1997,0.5606116652488708,0
606,1989,0.5624094605445862,0
606,1222,0.3596624433994293,0
606,1945,0.36035090684890747,0
606,826,0.5786558389663696,0
606,426,1.4263267517089844,0
606,935,0.5912734866142273,0
606,589,0.3407198190689087,0
606,1787,0.912917971611023,0
1932,1643,2.5709571838378906,1
1932,1523,0.6165412068367004,0
1932,7,0.6613281965255737,0
1932,1776,0.6945874094963074,0
1932,580,0.5764178037643433,0
1932,1165,0.6540879011154175,0
1932,589,0.3518422245979309,0
1932,1124,3.5009377002716064,0
1932,1308,0.3665139377117157,0
1932,1466,0.6567288041114807,0
1932,1125,0.7147419452667236,0
1932,183,0.6410790085792542,0
1932,1022,0.6650976538658142,0
1932,630,0.3674534261226654,0
1932,346,0.32283729314804077,0
1932,862,0.6276155710220337,0
1932,2061,0.3586575388908386,0
1932,1257,1.479970932006836,0
1932,604,0.34650179743766785,0
1932,914,1.5178790092468262,0
3205,391,0.3696252703666687,1
3205,396,0.5954012870788574,0
3205,897,0.3471510410308838,0
3205,1559,1.8079911470413208,0
3205,110,0.3808855414390564,0
3205,455,1.4808167219161987,0
3205,395,0.8909628391265869,0
3205,1281,0.3463190495967865,0
3205,1767,0.3480764627456665,0
3205,315,0.6312841773033142,0
3205,782,0.6473203897476196,0
3205,235,1.6802780628204346,0
3205,1693,1.138737678527832,0
3205,448,0.6510844230651855,0
3205,1396,0.8873130083084106,0
3205,1307,0.6391693949699402,0
3205,1026,0.67933189868927,0
3205,451,0.911395251750946,0
3205,1027,0.5918272733688354,0
3205,684,0.3466395139694214,0
16,1667,1.0384303331375122,1
16,1676,0.5647698640823364,0
16,1855,0.6376193165779114,0
16,1104,1.5068883895874023,0
16,767,0.38257741928100586,0
16,777,0.5993154644966125,0
16,127,0.5712372064590454,0
16,581,0.5821333527565002,0
16,878,0.3585706353187561,0
16,1312,1.4801007509231567,0
16,456,0.6607392430305481,0
16,1816,0.36116260290145874,0
16,1835,0.5727702379226685,0
16,59,0.8172702193260193,0
16,1054,0.5828385949134827,0
16,1851,0.6288730502128601,0
16,1169,0.8428901433944702,0
16,529,1.3197507858276367,0
16,257,0.8452730774879456,0
16,1729,0.8677094578742981,0
54,471,0.4204464554786682,1
54,285,0.5995401740074158,0
54,122,1.1202837228775024,0
54,973,0.5624018907546997,0
54,985,0.6931570172309875,0
54,1412,0.5134636759757996,0
54,1744,0.7297090291976929,0
54,1763,0.3671084940433502,0
54,1912,0.5496934652328491,0
54,280,0.565009355545044,0
54,1811,0.5553107261657715,0
54,1737,0.3665781319141388,0
54,935,0.5789665579795837,0
54,1122,1.2471938133239746,0
54,1800,0.561572790145874,0
54,498,0.5647780895233154,0
54,1873,0.5472333431243896,0
54,1167,0.559465229511261,0
54,809,0.5302104949951172,0
54,696,0.7184633612632751,0
3969,48,0.665627658367157,1
3969,1708,0.9171932935714722,0
3969,774,0.654664933681488,0
3969,930,1.267669677734375,0
3969,2076,1.0385220050811768,0
3969,236,0.6611768007278442,0
3969,671,0.9611780047416687,0
3969,1514,0.6535449028015137,0
3969,1183,0.6506523489952087,0
3969,154,0.637538731098175,0
3969,835,0.7126721739768982,0
3969,1518,1.800491213798523,0
3969,1182,1.0132057666778564,0
3969,507,0.3538207411766052,0
3969,1156,0.6070041656494141,0
3969,836,1.4917922019958496,0
3969,393,0.7448777556419373,0
3969,1490,0.6676315665245056,0
3969,70,0.6217977404594421,0
3969,1734,0.5986776351928711,0
3224,885,0.684226930141449,1
3224,692,0.7043285965919495,0
3224,1175,0.6630998253822327,0
3224,772,0.41577985882759094,0
3224,1027,0.6240290999412537,0
3224,398,1.3599474430084229,0
3224,507,0.37181979417800903,0
3224,1704,0.6160149574279785,0
3224,1999,1.2711994647979736,0
3224,1415,0.6653649210929871,0
3224,139,1.7049602270126343,0
3224,844,0.6560049057006836,0
3224,1239,0.6808133125305176,0
3224,2040,0.9927209615707397,0
3224,646,0.40091145038604736,0
3224,217,0.641340434551239,0
3224,1440,0.6546807885169983,0
3224,1904,0.8622827529907227,0
3224,1167,0.6528886556625366,0
3224,1426,0.7137594819068909,0
1567,1168,0.8760998845100403,1
1567,1392,1.2499233484268188,0
1567,829,0.6464314460754395,0
1567,1368,0.3512476086616516,0
1567,1117,0.6750074028968811,0
1567,702,1.7858612537384033,0
1567,1946,1.1604632139205933,0
1567,198,0.6016671657562256,0
1567,1538,0.6004421710968018,0
1567,728,0.5993634462356567,0
1567,1874,0.6110626459121704,0
1567,1405,1.3591591119766235,0
1567,835,0.6821365356445312,0
1567,1112,0.5760100483894348,0
1567,815,0.6461000442504883,0
1567,446,0.3368472456932068,0
1567,1020,1.1472901105880737,0
1567,1561,1.2240413427352905,0
1567,1453,0.6544344425201416,0
1567,1127,0.3455958068370819,0
3919,281,0.3502243459224701,1
3919,1419,0.6933218240737915,0
3919,608,0.5978350639343262,0
3919,1293,0.35518455505371094,0
3919,656,0.36568406224250793,0
3919,740,0.380253404378891,0
3919,1602,0.6880041360855103,0
3919,977,0.991906464099884,0
3919,1191,0.3658548593521118,0
3919,1972,1.4374750852584839,0
3919,1355,1.3255585432052612,0
3919,100,0.6744900345802307,0
3919,1934,0.6865459084510803,0
3919,439,2.338834285736084,0
3919,1736,0.678796112537384,0
3919,857,0.355143666267395,0
3919,834,1.3589191436767578,0
3919,810,0.42276692390441895,0
3919,939,0.3788759112358093,0
3919,2060,1.026641607284546,0
178,1203,0.7796420454978943,1
178,1862,0.5925268530845642,0
178,708,0.589887261390686,0
178,722,0.5955809950828552,0
178,974,0.5671369433403015,0
178,213,1.0742087364196777,0
178,94,0.7612369060516357,0
178,1064,0.5685107111930847,0
178,743,0.8652709722518921,0
178,385,0.59635329246521,0
178,1282,0.6335026025772095,0
178,1084,0.5575600266456604,0
178,45,0.3656572699546814,0
178,1758,0.3892197012901306,0
178,1090,0.5480743646621704,0
178,2007,0.3499566316604614,0
178,1878,0.8534538745880127,0
178,1182,0.8477205038070679,0
178,764,0.5840140581130981,0
178,1769,0.38436856865882874,0
420,499,0.5279875993728638,1
420,128,0.3316856026649475,0
420,1214,1.103726863861084,0
420,330,1.7844150066375732,0
420,1576,0.3387356996536255,0
420,596,0.8177797198295593,0
420,1787,0.8247940540313721,0
420,2065,0.5265946984291077,0
420,416,0.5501288175582886,0
420,796,0.5563949942588806,0
420,1696,0.5336611866950989,0
420,1913,0.8566855192184448,0
420,2044,1.022895336151123,0
420,1547,1.1575756072998047,0
420,1849,0.5551325082778931,0
420,1897,0.5360220670700073,0
420,601,0.33764171600341797,0
420,300,0.36253559589385986,0
420,1595,0.4992322027683258,0
420,915,0.7594636678695679,0
1736,201,0.35093751549720764,1
1736,402,0.6338263750076294,0
1736,262,1.1572363376617432,0
1736,176,1.4175496101379395,0
1736,244,0.6566720604896545,0
1736,1397,0.9899615049362183,0
1736,334,0.6605284214019775,0
1736,1798,0.6489434838294983,0
1736,1176,0.3898701071739197,0
1736,1679,0.6107418537139893,0
1736,1867,1.4867219924926758,0
1736,1645,0.6288176774978638,0
1736,1784,0.6206867694854736,0
1736,1145,0.6192358732223511,0
1736,422,0.6489452719688416,0
1736,354,0.3861919641494751,0
1736,1387,0.3600614666938782,0
1736,1376,0.656591534614563,0
1736,296,0.37418657541275024,0
1736,535,0.5911651253700256,0
2446,1111,0.3802138566970825,1
2446,857,0.3564300537109375,0
2446,58,0.6012407541275024,0
2446,950,0.3422771394252777,0
2446,2040,0.8290544748306274,0
2446,839,0.5704799294471741,0
2446,1857,0.5567759871482849,0
2446,1436,0.5561826229095459,0
2446,1400,1.2332266569137573,0
2446,185,0.5485472679138184,0
2446,335,1.0549752712249756,0
2446,1806,2.5442955493927,0
2446,1484,0.34072431921958923,0
2446,1804,0.6239901781082153,0
2446,925,0.36932018399238586,0
2446,1438,0.35263681411743164,0
2446,1344,0.5901715755462646,0
2446,1416,0.8365399837493896,0
2446,1470,0.5836233496665955,0
2446,1323,2.165388584136963,0
3179,741,0.600540280342102,1
3179,1297,0.5666102170944214,0
3179,1167,0.5760660767555237,0
3179,2012,0.5882691740989685,0
3179,1568,0.34878605604171753,0
3179,1110,0.8893479108810425,0
3179,1824,0.2981336712837219,0
3179,492,0.3241431713104248,0
3179,363,0.32329967617988586,0
3179,688,0.601105809211731,0
3179,466,0.5594987869262695,0
3179,730,0.5573864579200745,0
3179,1360,0.6075358986854553,0
3179,1058,0.8237702250480652,0
3179,151,1.9819227457046509,0
3179,1553,0.5957748889923096,0
3179,841,1.8022055625915527,0
3179,754,0.8046326637268066,0
3179,412,0.31210026144981384,0
3179,1991,0.5581019520759583,0
1368,873,0.3584449887275696,1
1368,300,0.3990558981895447,0
1368,489,0.4015485346317291,0
1368,470,0.64054274559021,0
1368,642,0.6920310258865356,0
1368,632,0.6595169305801392,0
1368,720,1.009387493133545,0
1368,518,0.7026128172874451,0
1368,1770,0.7784430980682373,0
1368,685,0.6555570960044861,0
1368,253,0.6747652888298035,0
1368,1563,0.9747399091720581,0
1368,1775,0.40516602993011475,0
1368,1525,1.7245018482208252,0
1368,769,0.8442330956459045,0
1368,1602,0.7191389799118042,0
1368,1912,0.6974082589149475,0
1368,795,0.745171308517456,0
1368,248,0.6583676934242249,0
1368,1587,0.35889580845832825,0
1327,1693,1.1952744722366333,1
1327,314,0.35908424854278564,0
1327,1732,1.208876371383667,0
1327,736,0.6236516237258911,0
1327,104,1.9793978929519653,0
1327,135,0.713811993598938,0
1327,1525,1.6066405773162842,0
1327,383,0.6240114569664001,0
1327,63,0.6748962998390198,0
1327,1748,0.6017381548881531,0
1327,728,0.6001102924346924,0
1327,1728,1.2676546573638916,0
1327,1565,0.6653977632522583,0
1327,369,1.7730598449707031,0
1327,1027,0.6093457341194153,0
1327,678,0.6880913376808167,0
1327,278,0.3506099283695221,0
1327,427,1.6159330606460571,0
1327,968,0.8627104759216309,0
1327,1721,0.9805499315261841,0
1882,1997,0.6888888478279114,1
1882,279,0.6826084852218628,0
1882,636,0.6735632419586182,0
1882,255,0.7292412519454956,0
1882,973,0.6911957859992981,0
1882,1200,0.7126830816268921,0
1882,727,0.39934200048446655,0
1882,1508,1.0108484029769897,0
1882,1203,1.0239334106445312,0
1882,650,0.6962079405784607,0
1882,675,0.7434262037277222,0
1882,475,1.4234933853149414,0
1882,801,2.014813184738159,0
1882,1919,0.6732630729675293,0
1882,1845,1.0506842136383057,0
1882,1903,0.3899517059326172,0
1882,877,0.6619948744773865,0
1882,1274,0.8173255920410156,0
1882,89,0.38622763752937317,0
1882,1445,1.9429879188537598,0
3306,1455,0.6267781257629395,1
3306,558,0.4007567763328552,0
3306,1813,0.6833999156951904,0
3306,1584,0.6577172875404358,0
3306,737,0.33309221267700195,0
3306,1510,0.6639856696128845,0
3306,1256,0.3775411546230316,0
3306,567,1.5714436769485474,0
3306,1356,0.6664970517158508,0
3306,1923,0.9075743556022644,0
3306,1606,0.3674603998661041,0
3306,1239,0.6801230907440186,0
3306,1423,1.966860294342041,0
3306,322,0.6276238560676575,0
3306,1298,0.6319635510444641,0
3306,1707,1.0060582160949707,0
3306,1276,0.6422013640403748,0
3306,1578,2.0937108993530273,0
3306,967,0.6427404880523682,0
3306,1339,0.99867844581604,0
2841,1768,0.3427553176879883,1
2841,276,0.5722481608390808,0
2841,701,0.3506314754486084,0
2841,708,0.5618306994438171,0
2841,1077,0.7127841114997864,0
2841,864,0.5651895403862,0
2841,810,0.40342792868614197,0
2841,170,0.5530568957328796,0
2841,1112,0.5163217782974243,0
2841,1847,0.5216770768165588,0
2841,311,0.7557591199874878,0
2841,267,0.3759627044200897,0
2841,367,0.5734902024269104,0
2841,341,0.36635327339172363,0
2841,491,0.378737211227417,0
2841,1831,0.5674115419387817,0
2841,335,0.9673961400985718,0
2841,1396,0.7330362796783447,0
2841,248,0.5281325578689575,0
2841,1156,0.5134388208389282,0
508,173,1.0288324356079102,1
508,438,0.7202733755111694,0
508,1403,0.6031342148780823,0
508,758,0.6972987651824951,0
508,241,0.6608701348304749,0
508,1327,1.016011357307434,0
508,635,0.6637299656867981,0
508,827,0.3729645609855652,0
508,1393,1.9971197843551636,0
508,41,1.0993188619613647,0
508,384,0.4233536720275879,0
508,1587,0.3684917092323303,0
508,1583,0.6648570895195007,0
508,283,0.6604111194610596,0
508,1159,1.0526787042617798,0
508,1103,0.4011836647987366,0
508,1836,0.9268460273742676,0
508,864,0.677486002445221,0
508,1292,0.6502722501754761,0
508,675,0.7026838064193726,0
3612,1346,0.6462967395782471,1
3612,1235,0.6807186007499695,0
3612,1110,1.0545971393585205,0
3612,398,1.4216636419296265,0
3612,0,0.7211136221885681,0
3612,723,0.3816639184951782,0
3612,954,0.9420422315597534,0
3612,2063,0.39771556854248047,0
3612,1619,0.3390713334083557,0
3612,1741,0.6827482581138611,0
3612,2044,1.5140490531921387,0
3612,2072,0.6220459938049316,0
3612,165,0.6862759590148926,0
3612,679,0.7147815823554993,0
3612,238,1.2223238945007324,0
3612,800,0.7084774971008301,0
3612,513,1.061144232749939,0
3612,1534,0.39283716678619385,0
3612,1781,0.6690430045127869,0
3612,1156,0.6276834607124329,0
962,472,1.0072450637817383,1
962,329,0.4169783890247345,0
962,1551,0.6960139274597168,0
962,1494,0.9450623393058777,0
962,1731,0.7126753330230713,0
962,971,0.38564085960388184,0
962,10,1.6911944150924683,0
962,163,0.6466068029403687,0
962,1216,0.680519163608551,0
962,745,1.048158884048462,0
962,584,0.6747151017189026,0
962,620,0.38866740465164185,0
962,749,0.6693987250328064,0
962,412,0.3575696349143982,0
962,305,0.6312194466590881,0
962,69,0.32947391271591187,0
962,380,0.3919175863265991,0
962,542,0.705053985118866,0
962,1536,1.811030626296997,0
962,64,0.6849449872970581,0
3637,1695,0.37742531299591064,1
3637,1916,0.35610535740852356,0
3637,208,1.5612314939498901,0
3637,1272,1.3381565809249878,0
3637,1980,1.2364729642868042,0
3637,52,0.6131482720375061,0
3637,847,0.9610552191734314,0
3637,1135,0.6517050266265869,0
3637,225,0.6036655306816101,0
3637,617,0.3172307014465332,0
3637,1155,0.6463043689727783,0
3637,398,1.3626372814178467,0
3637,552,1.2151035070419312,0
3637,1889,0.5991666316986084,0
3637,1428,0.6285632848739624,0
3637,483,2.0977301597595215,0
3637,1727,0.6397719383239746,0
3637,515,0.3845660090446472,0
3637,1862,0.6641311049461365,0
3637,102,0.6467400789260864,0
3432,572,1.878617763519287,1
3432,1088,1.2283737659454346,0
3432,488,0.7137875556945801,0
3432,2003,0.38943928480148315,0
3432,972,0.6923538446426392,0
3432,1744,0.9307745695114136,0
3432,836,1.5406826734542847,0
3432,283,0.6643978953361511,0
3432,248,0.6464725136756897,0
3432,31,0.7254598140716553,0
3432,1715,1.0085393190383911,0
3432,206,0.6695182919502258,0
3432,1009,0.9332501292228699,0
3432,1484,0.33413559198379517,0
3432,1838,0.6837102770805359,0
3432,641,0.6978716850280762,0
3432,96,0.6749131679534912,0
3432,369,1.9411308765411377,0
3432,994,0.38642460107803345,0
3432,1145,0.673539936542511,0
3021,1751,0.3918886184692383,1
3021,258,1.3977255821228027,0
3021,1348,1.0196036100387573,0
3021,1409,0.4154624044895172,0
3021,2054,0.6503146290779114,0
3021,1416,0.9960932731628418,0
3021,480,0.3694336414337158,0
3021,1519,3.386218786239624,0
3021,1717,0.34009188413619995,0
3021,639,1.3249398469924927,0
3021,1900,0.7049739360809326,0
3021,326,0.38421523571014404,0
3021,2070,0.6857811808586121,0
3021,1224,1.6911404132843018,0
3021,286,0.6647935509681702,0
3021,1651,0.6460009813308716,0
3021,1155,0.6798630356788635,0
3021,1523,0.6322346925735474,0
3021,2031,0.6889014840126038,0
3021,718,0.7304164171218872,0
2524,1521,1.475704550743103,1
2524,920,0.6209437847137451,0
2524,518,0.6663562059402466,0
2524,2054,0.6405075788497925,0
2524,85,0.6217008233070374,0
2524,2073,2.2394814491271973,0
2524,1334,0.6592079997062683,0
2524,1937,0.65201336145401,0
2524,1909,0.654779314994812,0
2524,1461,0.6422752141952515,0
2524,1003,0.3683725595474243,0
2524,2000,1.027087688446045,0
2524,1958,0.6606495380401611,0
2524,782,0.6670592427253723,0
2524,1382,0.651206374168396,0
2524,593,0.3929947018623352,0
2524,1055,0.9624635577201843,0
2524,1105,0.3920759856700897,0
2524,459,0.3509255051612854,0
2524,796,0.6681087017059326,0
4025,128,0.3120172619819641,1
4025,1362,0.5802549719810486,0
4025,2048,0.3195269703865051,0
4025,76,0.6106411218643188,0
4025,1743,0.5800449252128601,0
4025,1618,0.5862866044044495,0
4025,1965,0.792190670967102,0
4025,80,0.8758683204650879,0
4025,1945,0.3357279598712921,0
4025,703,0.5659477114677429,0
4025,1020,1.0844976902008057,0
4025,1671,2.216658592224121,0
4025,1887,0.5710669755935669,0
4025,620,0.34349876642227173,0
4025,1726,0.586636483669281,0
4025,1398,0.5959156155586243,0
4025,1347,1.013375997543335,0
4025,2001,0.3493156135082245,0
4025,963,0.5875420570373535,0
4025,490,0.6265066862106323,0
3326,1639,0.6357370615005493,1
3326,541,0.994289755821228,0
3326,1820,0.6820797324180603,0
3326,1478,0.5787400007247925,0
3326,227,0.3721475601196289,0
3326,1431,0.6144883632659912,0
3326,1733,0.6775421500205994,0
3326,355,0.38899412751197815,0
3326,733,1.1205312013626099,0
3326,1900,0.7026744484901428,0
3326,1626,0.6088733673095703,0
3326,936,1.0507582426071167,0
3326,821,0.36964935064315796,0
3326,96,0.6900308728218079,0
3326,1575,0.6569075584411621,0
3326,137,0.668059766292572,0
3326,218,0.9692620635032654,0
3326,2000,1.0729655027389526,0
3326,890,0.7297756671905518,0
3326,69,0.33383914828300476,0
155,467,0.40669968724250793,1
155,155,0.6931625604629517,0
155,1846,1.5872751474380493,0
155,2039,1.070029854774475,0
155,2001,0.43786942958831787,0
155,724,0.6616820096969604,0
155,692,0.7805675268173218,0
155,1369,1.0237228870391846,0
155,313,0.396404504776001,0
155,1999,1.3856722116470337,0
155,877,0.6749967932701111,0
155,1310,1.364680528640747,0
155,560,0.7719216346740723,0
155,1172,0.4774901866912842,0
155,1181,0.7580079436302185,0
155,820,0.7080119252204895,0
155,1501,0.7908302545547485,0
155,1026,0.8136729598045349,0
155,1186,0.7601932883262634,0
155,502,0.8196161985397339,0
578,1466,0.649535059928894,1
578,73,0.6414089202880859,0
578,719,1.9617397785186768,0
578,1025,0.5949710011482239,0
578,1350,0.6214242577552795,0
578,1891,1.042728066444397,0
578,1,0.6688233613967896,0
578,949,0.37202203273773193,0
578,1574,0.6777119636535645,0
578,1873,0.6290062665939331,0
578,2079,0.6719843149185181,0
578,1930,0.6065520644187927,0
578,490,0.7036226987838745,0
578,1505,0.35972294211387634,0
578,927,0.657850980758667,0
578,386,0.38057559728622437,0
578,967,0.6446864604949951,0
578,82,0.6269105076789856,0
578,1708,0.9022397398948669,0
578,1231,1.2678874731063843,0
1315,369,1.6863207817077637,1
1315,405,0.6419062614440918,0
1315,1266,0.6765179634094238,0
1315,1697,0.6924200654029846,0
1315,1101,0.6210672855377197,0
1315,1161,0.4247920513153076,0
1315,967,0.6465033888816833,0
1315,555,0.38805657625198364,0
1315,1364,0.9166919589042664,0
1315,1277,0.9284803867340088,0
1315,1369,0.9166943430900574,0
1315,1288,0.6368470788002014,0
1315,522,0.6538758277893066,0
1315,577,0.3964913785457611,0
1315,1011,1.3665434122085571,0
1315,373,0.9519551396369934,0
1315,1137,1.5270522832870483,0
1315,1579,0.9476410150527954,0
1315,334,0.6889660954475403,0
1315,1432,0.6791785955429077,0
4178,166,0.37355369329452515,1
4178,230,0.6367921233177185,0
4178,293,0.5942044258117676,0
4178,1572,0.6170039772987366,0
4178,680,1.7776175737380981,0
4178,1843,1.4464813470840454,0
4178,1140,0.362856924533844,0
4178,1814,0.6015177369117737,0
4178,992,0.8640828728675842,0
4178,1350,0.6100777387619019,0
4178,1745,0.3630980849266052,0
4178,684,0.3411596119403839,0
4178,1489,0.63233882188797,0
4178,1689,1.713300347328186,0
4178,416,0.6593406200408936,0
4178,503,0.6120325326919556,0
4178,1469,0.5697686672210693,0
4178,1093,0.3382653594017029,0
4178,699,2.0026845932006836,0
4178,134,0.5417670607566833,0
2341,2036,1.5630124807357788,1
2341,980,2.2264657020568848,0
2341,1883,0.6604047417640686,0
2341,393,0.7536284327507019,0
2341,831,1.2106024026870728,0
2341,306,0.6493686437606812,0
2341,1701,0.3464595377445221,0
2341,1574,0.7022611498832703,0
2341,1387,0.4027291536331177,0
2341,373,0.9854195713996887,0
2341,1976,0.9626011252403259,0
2341,2,0.401104211807251,0
2341,1841,0.37465614080429077,0
2341,1353,0.7417987585067749,0
2341,1643,2.470153570175171,0
2341,1369,0.9374536275863647,0
2341,433,1.3344849348068237,0
2341,1918,1.018161654472351,0
2341,1068,0.7080445289611816,0
2341,564,0.693972110748291,0
3788,1625,0.43436819314956665,1
3788,565,0.9121087789535522,0
3788,248,0.6475096940994263,0
3788,1363,0.6560840010643005,0
3788,318,0.7282000184059143,0
3788,371,0.39053046703338623,0
3788,67,1.0459990501403809,0
3788,18,0.664114773273468,0
3788,1701,0.3787146806716919,0
3788,1648,0.41350120306015015,0
3788,1831,0.6837968826293945,0
3788,1886,0.6619442701339722,0
3788,123,1.2709444761276245,0
3788,1197,0.6670371890068054,0
3788,746,0.6374295949935913,0
3788,1068,0.7188500761985779,0
3788,1086,0.7497339844703674,0
3788,962,1.9019391536712646,0
3788,2059,0.3428926467895508,0
3788,113,0.6046380400657654,0
1964,992,0.9196568131446838,1
1964,1315,0.36759206652641296,0
1964,662,0.6395806670188904,0
1964,1134,1.0338526964187622,0
1964,1113,0.65230792760849,0
1964,1320,0.7080351114273071,0
1964,1844,3.0743889808654785,0
1964,1326,0.6654441356658936,0
1964,1465,0.6475157737731934,0
1964,85,0.6137886643409729,0
1964,653,0.32653260231018066,0
1964,1653,0.6853227019309998,0
1964,864,0.6413414478302002,0
1964,1060,0.9533910751342773,0
1964,1001,0.31353050470352173,0
1964,624,2.317160129547119,0
1964,798,0.9855315089225769,0
1964,980,2.243251323699951,0
1964,20,0.9316146373748779,0
1964,952,0.6740565896034241,0
3664,1409,0.3956145644187927,1
3664,1640,0.9361507892608643,0
3664,1745,0.35386747121810913,0
3664,1301,0.6221441030502319,0
3664,888,1.1180830001831055,0
3664,168,0.6615812182426453,0
3664,1175,0.6280109882354736,0
3664,786,0.5755755305290222,0
3664,367,0.6624866127967834,0
3664,702,1.821632981300354,0
3664,18,0.6532655358314514,0
3664,1085,0.35744544863700867,0
3664,805,1.6435099840164185,0
3664,203,0.7201730012893677,0
3664,375,0.9200403690338135,0
3664,82,0.6012263894081116,0
3664,1177,0.6077337861061096,0
3664,1911,0.8199573755264282,0
3664,1591,0.60008305311203,0
3664,248,0.6052135825157166,0
910,357,0.6162617206573486,1
910,1870,0.6280599236488342,0
910,861,1.5791867971420288,0
910,734,0.636961817741394,0
910,532,0.7012869119644165,0
910,527,0.6031015515327454,0
910,1034,0.8938716650009155,0
910,2076,1.0489944219589233,0
910,1170,1.287923812866211,0
910,1556,0.604619562625885,0
910,619,0.6542454957962036,0
910,1771,0.68625807762146,0
910,1298,0.6343160271644592,0
910,1985,0.8744779229164124,0
910,739,0.6944475769996643,0
910,32,0.6677398681640625,0
910,468,0.6826749444007874,0
910,847,0.9807776808738708,0
910,456,0.7028892040252686,0
910,35,0.6454379558563232,0
121,766,0.3906218707561493,1
121,1493,0.8307167291641235,0
121,1559,1.6019599437713623,0
121,322,0.5881018042564392,0
121,436,2.393481492996216,0
121,310,0.6224688291549683,0
121,816,0.792291522026062,0
121,642,0.5797293186187744,0
121,1125,0.6313835382461548,0
121,581,0.5734498500823975,0
121,1528,1.1102168560028076,0
121,683,0.5554289221763611,0
121,1505,0.3738597333431244,0
121,871,0.6139445304870605,0
121,1444,0.603138267993927,0
121,1695,0.3874085545539856,0
121,2068,1.556887149810791,0
121,960,1.1481472253799438,0
121,844,0.5941512584686279,0
121,1334,0.5803431868553162,0
3377,198,0.6118555068969727,1
3377,1668,0.6444764137268066,0
3377,232,0.38090360164642334,0
3377,295,0.34236934781074524,0
3377,1562,0.6475902795791626,0
3377,732,0.3417212665081024,0
3377,4,0.6283406615257263,0
3377,1886,0.6203979849815369,0
3377,519,0.6246553063392639,0
3377,187,0.6389067769050598,0
3377,119,0.3644794821739197,0
3377,849,0.6090470552444458,0
3377,1663,1.5688751935958862,0
3377,1331,0.37321534752845764,0
3377,1696,0.6181479096412659,0
3377,758,0.6385843753814697,0
3377,296,0.3680163323879242,0
3377,217,0.6062363982200623,0
3377,1689,1.7355629205703735,0
3377,1080,0.6390187740325928,0
3120,932,1.0626100301742554,1
3120,1600,0.5233234763145447,0
3120,954,0.7000465989112854,0
3120,968,0.7022701501846313,0
3120,1877,3.8830509185791016,0
3120,449,0.7083293199539185,0
3120,1982,0.5508875250816345,0
3120,916,0.5031145811080933,0
3120,1839,0.5302760004997253,0
3120,1528,1.0000643730163574,0
3120,1050,0.6825993657112122,0
3120,1555,0.5238876938819885,0
3120,996,0.752882182598114,0
3120,1630,0.7462295889854431,0
3120,1796,0.7327104210853577,0
3120,1421,0.5243569612503052,0
3120,223,0.493313729763031,0
3120,182,0.9029432535171509,0
3120,927,0.5217276215553284,0
3120,258,1.040157675743103,0
895,90,0.6490610837936401,1
895,1235,0.5180087685585022,0
895,1911,0.6446466445922852,0
895,28,0.38249051570892334,0
895,672,0.337022066116333,0
895,569,0.5410627722740173,0
895,1167,0.5121451020240784,0
895,198,0.522615909576416,0
895,1696,0.5079642534255981,0
895,804,0.5008425712585449,0
895,1158,0.5168027877807617,0
895,1653,0.5378342270851135,0
895,1389,0.359449565410614,0
895,363,0.337482213973999,0
895,1366,0.5153723955154419,0
895,2012,0.517116367816925,0
895,1817,0.3316373825073242,0
895,499,0.5113266706466675,0
895,1342,0.5192035436630249,0
895,317,0.5290476679801941,0
2104,1712,0.9292318224906921,1
2104,1579,0.7335425615310669,0
2104,1008,0.5659310221672058,0
2104,32,0.5449028015136719,0
2104,674,0.5079405903816223,0
2104,1769,0.3715604245662689,0
2104,1019,0.9044368267059326,0
2104,1409,0.3797966241836548,0
2104,326,0.35652297735214233,0
2104,1396,0.7229080200195312,0
2104,497,0.5553959012031555,0
2104,1391,0.5571745038032532,0
2104,1723,1.6764394044876099,0
2104,1156,0.5187273621559143,0
2104,63,0.5771353840827942,0
2104,488,0.5518690943717957,0
2104,535,0.5122769474983215,0
2104,1499,0.5588480830192566,0
2104,2004,0.7316035628318787,0
2104,655,1.1477174758911133,0
3321,1150,1.5563130378723145,1
3321,1710,0.8803085684776306,0
3321,615,0.3644859194755554,0
3321,1384,0.5891430974006653,0
3321,570,0.6669093370437622,0
3321,713,0.5855312943458557,0
3321,1559,1.9754267930984497,0
3321,1635,0.3380003869533539,0
3321,1342,0.6499359011650085,0
3321,1490,0.6493428945541382,0
3321,1095,0.6247620582580566,0
3321,1115,0.6188930869102478,0
3321,590,2.290501832962036,0
3321,315,0.6610898971557617,0
3321,2074,0.36484572291374207,0
3321,89,0.33887553215026855,0
3321,431,0.8607937097549438,0
3321,1601,0.6987195611000061,0
3321,1105,0.36553722620010376,0
3321,439,2.2679603099823,0
2315,669,0.6293413043022156,1
2315,1078,0.674723744392395,0
2315,189,0.6377576589584351,0
2315,612,0.37257272005081177,0
2315,1778,0.7410827875137329,0
2315,2058,0.7274916172027588,0
2315,247,0.4088534116744995,0
2315,572,1.7745059728622437,0
2315,1865,0.6674012541770935,0
2315,812,0.7456965446472168,0
2315,274,0.6674371957778931,0
2315,76,0.697310745716095,0
2315,1774,0.7362123131752014,0
2315,1015,0.6628125905990601,0
2315,1317,0.6727299690246582,0
2315,979,0.6332943439483643,0
2315,662,0.6688046455383301,0
2315,1563,0.9159855246543884,0
2315,886,0.6887649893760681,0
2315,1926,0.6615960001945496,0
1055,1824,0.3247464895248413,1
1055,2000,0.8472318053245544,0
1055,1071,0.529142439365387,0
1055,684,0.3508780300617218,0
1055,1953,1.0118703842163086,0
1055,1651,0.5444539189338684,0
1055,1079,0.6215607523918152,0
1055,1616,0.6236024498939514,0
1055,93,0.5641021728515625,0
1055,988,1.4838252067565918,0
1055,833,0.5580796003341675,0
1055,1289,0.5702117085456848,0
1055,1406,0.3729102909564972,0
1055,311,0.8057172894477844,0
1055,533,1.2925478219985962,0
1055,872,0.5460839867591858,0
1055,24,0.5449903607368469,0
1055,631,0.3688651919364929,0
1055,350,0.5114566683769226,0
1055,402,0.5625326037406921,0
709,21,0.38879185914993286,1
709,1899,0.609481692314148,0
709,723,0.35583487153053284,0
709,950,0.34135717153549194,0
709,812,0.7097573280334473,0
709,81,0.6814813017845154,0
709,358,0.6641525626182556,0
709,324,0.39016446471214294,0
709,1466,0.6595520377159119,0
709,1484,0.3447408676147461,0
709,2015,0.36117398738861084,0
709,1485,0.37616485357284546,0
709,107,0.690376877784729,0
709,668,0.3216712176799774,0
709,841,1.9987819194793701,0
709,831,1.1652354001998901,0
709,1946,1.2242379188537598,0
709,1875,0.36217689514160156,0
709,42,0.6792460680007935,0
709,204,0.6626543402671814,0
504,596,1.034569263458252,1
504,295,0.3562315106391907,0
504,456,0.6985461115837097,0
504,1050,0.8540570735931396,0
504,1081,0.3560386598110199,0
504,877,0.5926177501678467,0
504,1728,1.1984786987304688,0
504,882,0.7204737663269043,0
504,151,2.0995771884918213,0
504,1369,0.9027751088142395,0
504,1420,0.6155775785446167,0
504,260,0.4259682893753052,0
504,1646,0.6505206227302551,0
504,1029,0.6342185735702515,0
504,631,0.3936052918434143,0
504,1949,0.9997418522834778,0
504,281,0.34253138303756714,0
504,1482,0.6731794476509094,0
504,30,0.40343084931373596,0
504,749,0.6416308283805847,0
3111,878,0.32058459520339966,1
3111,915,0.9800189137458801,0
3111,1568,0.3778932988643646,0
3111,2031,0.6316074132919312,0
3111,18,0.6366183161735535,0
3111,112,1.1977198123931885,0
3111,1159,1.0139377117156982,0
3111,1240,0.6756208539009094,0
3111,1468,0.6829124689102173,0
3111,1662,0.6742171049118042,0
3111,852,0.6097355484962463,0
3111,873,0.3139851689338684,0
3111,1706,0.35438787937164307,0
3111,752,0.6039820909500122,0
3111,942,0.9553951025009155,0
3111,1391,0.6634988188743591,0
3111,1828,1.0747684240341187,0
3111,570,0.6297822594642639,0
3111,25,0.6094098091125488,0
3111,1915,0.6286447048187256,0
3688,209,0.35720598697662354,1
3688,1342,0.6847342252731323,0
3688,1945,0.40395548939704895,0
3688,903,1.327373743057251,0
3688,1691,0.6956092715263367,0
3688,1658,3.5525310039520264,0
3688,1663,1.6595017910003662,0
3688,1370,0.909501314163208,0
3688,1364,0.9789350628852844,0
3688,1493,0.9843007326126099,0
3688,1264,0.7019860744476318,0
3688,99,0.3941645920276642,0
3688,716,0.6766371726989746,0
3688,1256,0.4096176028251648,0
3688,588,0.37172025442123413,0
3688,565,0.9723173379898071,0
3688,1452,0.42000168561935425,0
3688,310,0.7300874590873718,0
3688,1158,0.6734094023704529,0
3688,2026,0.9702509641647339,0
3791,1504,0.3799899220466614,1
3791,1879,0.5643628835678101,0
3791,486,0.4150453805923462,0
3791,593,0.4041920006275177,0
3791,55,0.9114874005317688,0
3791,1556,0.5117673277854919,0
3791,474,0.7533676028251648,0
3791,2008,0.7725361585617065,0
3791,216,0.614560604095459,0
3791,491,0.3925270438194275,0
3791,1448,0.3718410134315491,0
3791,111,0.5978468060493469,0
3791,653,0.3671841621398926,0
3791,1597,0.8982767462730408,0
3791,1985,0.7056907415390015,0
3791,734,0.5593727827072144,0
3791,158,0.5916069149971008,0
3791,2039,0.7698471546173096,0
3791,1383,0.6266608834266663,0
3791,926,0.6001197695732117,0
1889,1161,0.3781551122665405,1
1889,1894,0.8321821689605713,0
1889,1310,1.1525160074234009,0
1889,289,0.6135592460632324,0
1889,1103,0.38391542434692383,0
1889,136,0.5933225750923157,0
1889,967,0.6191833019256592,0
1889,307,0.6412515044212341,0
1889,1087,0.6426723599433899,0
1889,1576,0.341461181640625,0
1889,886,0.6493197679519653,0
1889,851,0.5984314680099487,0
1889,1597,1.1025886535644531,0
1889,569,0.6682881116867065,0
1889,214,0.3541073799133301,0
1889,1624,0.3631451725959778,0
1889,824,0.9482442736625671,0
1889,1613,0.35765478014945984,0
1889,1646,0.6276583075523376,0
1889,1452,0.38449177145957947,0
3576,1962,0.3021852970123291,1
3576,1826,0.6152815222740173,0
3576,1717,0.31719711422920227,0
3576,209,0.32834625244140625,0
3576,101,1.7715762853622437,0
3576,652,0.9256818294525146,0
3576,153,1.3875086307525635,0
3576,1592,0.5999826788902283,0
3576,93,0.6010605692863464,0
3576,1576,0.34977900981903076,0
3576,689,0.8851059675216675,0
3576,185,0.5695104002952576,0
3576,2019,0.6279894113540649,0
3576,219,0.3487868309020996,0
3576,1404,0.596534252166748,0
3576,1546,0.5940000414848328,0
3576,1240,0.6689596176147461,0
3576,250,0.6922752261161804,0
3576,1665,0.6304954886436462,0
3576,1643,2.2729878425598145,0
1427,1973,0.365742027759552,1
1427,1666,0.9493988752365112,0
1427,1694,1.6992406845092773,0
1427,354,0.3754054009914398,0
1427,659,0.9956893920898438,0
1427,831,1.1433038711547852,0
1427,1410,0.643734335899353,0
1427,1630,0.9116390943527222,0
1427,1000,0.8870280981063843,0
1427,574,0.6220888495445251,0
1427,1002,1.2141386270523071,0
1427,1810,0.6885611414909363,0
1427,1658,3.385552406311035,0
1427,199,0.9144148826599121,0
1427,1030,0.5887081623077393,0
1427,1490,0.6322464942932129,0
1427,56,0.6091237664222717,0
1427,1890,0.6174851059913635,0
1427,91,0.8777299523353577,0
1427,1004,0.6389721632003784,0
1163,482,1.3348989486694336,1
1163,129,0.3845651149749756,0
1163,1269,0.6896364092826843,0
1163,536,0.6890936493873596,0
1163,1880,0.6930437088012695,0
1163,325,1.3491517305374146,0
1163,1151,0.6670036315917969,0
1163,1231,1.2858080863952637,0
1163,632,0.6312932372093201,0
1163,928,0.6770178079605103,0
1163,205,0.6423218250274658,0
1163,1302,0.9303493499755859,0
1163,1753,0.7040784358978271,0
1163,1732,1.2778655290603638,0
1163,1682,0.7299513220787048,0
1163,1894,0.8938947319984436,0
1163,1056,0.6978937983512878,0
1163,1928,1.1570922136306763,0
1163,1457,0.9561357498168945,0
1163,1580,0.9801506400108337,0
1846,1434,1.492746353149414,1
1846,263,0.6457431316375732,0
1846,121,0.6954299211502075,0
1846,1949,1.0283609628677368,0
1846,1842,0.9372013807296753,0
1846,1825,1.1046886444091797,0
1846,1447,1.6716102361679077,0
1846,1535,1.3918342590332031,0
1846,1040,0.32841283082962036,0
1846,896,0.7013681530952454,0
1846,843,0.4039023220539093,0
1846,1684,0.6395671963691711,0
1846,1837,0.656002402305603,0
1846,351,0.3571929335594177,0
1846,1369,0.9222363829612732,0
1846,502,0.7200318574905396,0
1846,1432,0.6902568936347961,0
1846,35,0.6326536536216736,0
1846,864,0.66103595495224,0
1846,250,0.7556329965591431,0
2743,1677,0.32596927881240845,1
2743,107,0.6400435566902161,0
2743,1622,0.866087794303894,0
2743,1248,0.8905238509178162,0
2743,82,0.5927728414535522,0
2743,1922,0.6467140316963196,0
2743,1667,1.1415165662765503,0
2743,1756,0.3403608500957489,0
2743,1094,0.6401687264442444,0
2743,1928,1.0207085609436035,0
2743,464,0.6590366959571838,0
2743,518,0.6190442442893982,0
2743,116,0.3451331853866577,0
2743,1190,0.6308516263961792,0
2743,971,0.352588415145874,0
2743,1142,0.6194912791252136,0
2743,625,0.6196412444114685,0
2743,1510,0.639977216720581,0
2743,14,0.8882168531417847,0
2743,351,0.3366297781467438,0
4031,1506,0.35583359003067017,1
4031,1947,0.6290777921676636,0
4031,890,0.7602243423461914,0
4031,746,0.6442663669586182,0
4031,719,2.1234536170959473,0
4031,1075,0.3864668905735016,0
4031,1402,0.7026522755622864,0
4031,381,0.6371067762374878,0
4031,1011,1.6180983781814575,0
4031,1379,1.4924262762069702,0
4031,888,1.276228427886963,0
4031,1191,0.3780013620853424,0
4031,1068,0.7516437768936157,0
4031,1391,0.7564435005187988,0
4031,1229,0.7570755481719971,0
4031,1,0.7384184002876282,0
4031,578,0.7458370923995972,0
4031,665,0.424461305141449,0
4031,1417,0.3789294958114624,0
4031,1268,1.025874137878418,0
873,998,0.6996622085571289,1
873,773,0.705053985118866,0
873,807,0.7190423011779785,0
873,1935,0.6680932641029358,0
873,769,0.7662031054496765,0
873,1283,0.39002254605293274,0
873,1303,0.6573131084442139,0
873,70,0.6223466992378235,0
873,101,1.8713268041610718,0
873,562,0.7124965190887451,0
873,1547,1.5630700588226318,0
873,1799,0.9893463253974915,0
873,711,0.9325501918792725,0
873,404,0.6158962249755859,0
873,333,0.6317394971847534,0
873,1953,1.2089405059814453,0
873,1635,0.36395910382270813,0
873,1254,0.640504777431488,0
873,441,0.590107262134552,0
873,1828,1.1118181943893433,0
2956,1255,0.9842421412467957,1
2956,88,0.5738698840141296,0
2956,1469,0.5354264378547668,0
2956,559,0.5448272228240967,0
2956,392,0.3823498487472534,0
2956,498,0.5655795931816101,0
2956,937,0.3527851700782776,0
2956,494,0.5032513737678528,0
2956,1944,0.37255343794822693,0
2956,1929,0.6071164011955261,0
2956,218,0.7448388934135437,0
2956,1680,0.5429783463478088,0
2956,552,0.9723371267318726,0
2956,1551,0.5704130530357361,0
2956,4,0.58127361536026,0
2956,954,0.7602968215942383,0
2956,1591,0.5430639386177063,0
2956,159,1.1863012313842773,0
2956,1408,0.5270180702209473,0
2956,1733,0.5887483954429626,0
1521,2017,0.6428484916687012,1
1521,1930,0.5905759930610657,0
1521,1338,0.5580585598945618,0
1521,243,0.6259841322898865,0
1521,1061,0.629518985748291,0
1521,1684,0.6127169132232666,0
1521,1104,1.8088167905807495,0
1521,381,0.5737900733947754,0
1521,588,0.31725752353668213,0
1521,1288,0.6192203760147095,0
1521,1946,1.2473644018173218,0
1521,84,0.6414867639541626,0
1521,850,1.5066298246383667,0
1521,1059,0.3685606122016907,0
1521,30,0.3614065647125244,0
1521,830,0.6472933888435364,0
1521,1721,0.9681241512298584,0
1521,580,0.5492115020751953,0
1521,1798,0.6559630036354065,0
1521,928,0.6290760040283203,0
2925,407,1.266683578491211,1
2925,905,0.3230426013469696,0
2925,977,0.8167372941970825,0
2925,76,0.6283465027809143,0
2925,1901,0.8302388191223145,0
2925,1361,0.8116490244865417,0
2925,287,0.839778482913971,0
2925,1192,0.6153704524040222,0
2925,684,0.3539196848869324,0
2925,809,0.5488722920417786,0
2925,321,0.602125346660614,0
2925,829,0.5956811904907227,0
2925,654,1.366316795349121,0
2925,845,1.304948091506958,0
2925,1121,0.8208228945732117,0
2925,198,0.5697141885757446,0
2925,1809,0.8598278164863586,0
2925,1522,0.8172686100006104,0
2925,1704,0.5532439947128296,0
2925,183,0.5724391341209412,0
2783,2010,0.37731486558914185,1
2783,1276,0.6591174006462097,0
2783,968,0.9172021150588989,0
2783,1759,0.7248730659484863,0
2783,246,0.6688430309295654,0
2783,1892,0.3599214255809784,0
2783,1477,0.37642884254455566,0
2783,1009,0.936928391456604,0
2783,1046,0.6770959496498108,0
2783,710,0.6659381985664368,0
2783,1131,0.718026876449585,0
2783,1655,0.6670733094215393,0
2783,1861,0.6710095405578613,0
2783,815,0.7137178778648376,0
2783,440,0.6767978668212891,0
2783,1564,1.6728183031082153,0
2783,2018,0.3959521949291229,0
2783,272,0.6409884095191956,0
2783,896,0.7112759947776794,0
2783,1619,0.3230156898498535,0
3955,331,0.3995102047920227,1
3955,79,0.9905779361724854,0
3955,471,0.4197210371494293,0
3955,607,0.6387539505958557,0
3955,104,1.8742870092391968,0
3955,323,0.6392285227775574,0
3955,1404,0.6357790231704712,0
3955,830,0.6524916887283325,0
3955,1206,0.3959527611732483,0
3955,785,0.6885990500450134,0
3955,923,2.7983007431030273,0
3955,303,0.6749573945999146,0
3955,1498,0.6324061751365662,0
3955,371,0.36992549896240234,0
3955,329,0.37623897194862366,0
3955,2060,0.9805047512054443,0
3955,1267,0.6772460341453552,0
3955,1301,0.6383331418037415,0
3955,1000,0.9088041186332703,0
3955,338,0.6269142627716064,0
1234,1180,0.9015611410140991,1
1234,1033,0.6012601256370544,0
1234,1138,0.5929405093193054,0
1234,1528,1.0869604349136353,0
1234,222,0.5812290906906128,0
1234,1653,0.6057173609733582,0
1234,1769,0.3899553120136261,0
1234,736,0.5743361711502075,0
1234,1690,0.5658519864082336,0
1234,1703,1.956585168838501,0
1234,102,0.5981470346450806,0
1234,1539,0.5454338788986206,0
1234,244,0.5911874175071716,0
1234,1912,0.565743625164032,0
1234,1943,0.5680837035179138,0
1234,1675,0.5738067030906677,0
1234,1250,0.7676448822021484,0
1234,1249,0.35060298442840576,0
1234,873,0.34536799788475037,0
1234,1356,0.5914632678031921,0
112,251,0.4101589322090149,1
112,1985,0.8424249887466431,0
112,266,0.6640377044677734,0
112,1484,0.35480037331581116,0
112,1537,0.38076522946357727,0
112,326,0.3840872347354889,0
112,1138,0.7064845561981201,0
112,2034,0.9245530366897583,0
112,713,0.5814149379730225,0
112,593,0.39948612451553345,0
112,1374,0.41104066371917725,0
112,501,0.878529965877533,0
112,1641,1.3151359558105469,0
112,502,0.703208863735199,0
112,1960,0.6513147354125977,0
112,240,0.651934802532196,0
112,447,0.92971271276474,0
112,589,0.3621605932712555,0
112,786,0.5843169093132019,0
112,1836,0.8899604082107544,0
3826,701,0.3612912595272064,1
3826,421,0.4171023964881897,0
3826,1382,0.6470524668693542,0
3826,897,0.3652970790863037,0
3826,1191,0.37992197275161743,0
3826,1721,0.9595515131950378,0
3826,433,1.2551190853118896,0
3826,370,0.6025144457817078,0
3826,635,0.64899080991745,0
3826,1889,0.6157711744308472,0
3826,865,0.6196432709693909,0
3826,776,0.3964308202266693,0
3826,523,0.9697225093841553,0
3826,1118,0.39501121640205383,0
3826,551,0.5879797339439392,0
3826,215,0.5915402173995972,0
3826,684,0.38175153732299805,0
3826,895,0.6865966320037842,0
3826,928,0.6484074592590332,0
3826,1058,0.8900251388549805,0
4123,1701,0.38280752301216125,1
4123,1471,0.7057210803031921,0
4123,1729,0.9911710619926453,0
4123,883,1.3394850492477417,0
4123,1482,0.7140861749649048,0
4123,1424,0.6924243569374084,0
4123,1062,0.6656368374824524,0
4123,1107,1.350621223449707,0
4123,95,0.6515365242958069,0
4123,52,0.6535921096801758,0
4123,1114,0.8698533773422241,0
4123,562,0.7269303798675537,0
4123,1632,2.587352752685547,0
4123,1434,1.44845712184906,0
4123,805,1.696448802947998,0
4123,385,0.6923713684082031,0
4123,1318,0.7029903531074524,0
4123,1260,0.7614333033561707,0
4123,66,0.6358517408370972,0
4123,1575,0.6580626368522644,0
208,275,0.3840859532356262,1
208,1366,0.5784193873405457,0
208,258,1.048268437385559,0
208,891,0.5992832779884338,0
208,677,0.38834384083747864,0
208,742,0.5219827890396118,0
208,389,0.6512289047241211,0
208,1013,0.8200312852859497,0
208,1533,0.5589469075202942,0
208,447,0.809019923210144,0
208,24,0.558925449848175,0
208,1635,0.38842692971229553,0
208,1508,0.7613303661346436,0
208,909,0.6341171264648438,0
208,1964,0.5878155827522278,0
208,1778,0.6347912549972534,0
208,1789,0.6041079163551331,0
208,471,0.45925000309944153,0
208,770,0.42554277181625366,0
208,1604,0.45007383823394775,0
3605,659,1.0561392307281494,1
3605,1897,0.6584395170211792,0
3605,169,0.4101855158805847,0
3605,1256,0.40122586488723755,0
3605,920,0.6337200403213501,0
3605,1189,0.6691403388977051,0
3605,1693,1.2450107336044312,0
3605,3,0.6254233717918396,0
3605,802,0.7080104351043701,0
3605,1802,1.3875575065612793,0
3605,151,2.195897102355957,0
3605,1878,1.015148401260376,0
3605,128,0.36104971170425415,0
3605,543,0.38981854915618896,0
3605,801,1.8277127742767334,0
3605,1972,1.4050061702728271,0
3605,285,0.7099475860595703,0
3605,989,1.5159860849380493,0
3605,1512,0.6550286412239075,0
3605,1571,0.863339364528656,0
3667,1337,0.7215048670768738,1
3667,102,0.6573702692985535,0
3667,941,0.6444610953330994,0
3667,767,0.3476918339729309,0
3667,183,0.6424888372421265,0
3667,571,0.6973891258239746,0
3667,1746,0.7467649579048157,0
3667,923,3.1522629261016846,0
3667,1493,0.9958063960075378,0
3667,51,0.3417012393474579,0
3667,1190,0.6851235032081604,0
3667,1075,0.3705010712146759,0
3667,1760,1.547774076461792,0
3667,8,0.7077465057373047,0
3667,983,1.3439083099365234,0
3667,199,1.0134615898132324,0
3667,419,0.3335203528404236,0
3667,1679,0.6363200545310974,0
3667,1422,0.36061814427375793,0
3667,430,0.6460120677947998,0
2844,1339,1.0516126155853271,1
2844,1827,0.37706053256988525,0
2844,547,0.39858949184417725,0
2844,1873,0.6314868927001953,0
2844,1126,0.5854216814041138,0
2844,1091,0.6559875011444092,0
2844,1281,0.3746488392353058,0
2844,711,0.960093080997467,0
2844,1421,0.6739786863327026,0
2844,953,0.9295918941497803,0
2844,432,0.663730263710022,0
2844,505,0.6136776208877563,0
2844,569,0.7000953555107117,0
2844,280,0.6531909704208374,0
2844,1950,1.0443439483642578,0
2844,1864,0.6810123324394226,0
2844,1520,0.37795180082321167,0
2844,1153,0.6779472827911377,0
2844,1293,0.36410799622535706,0
2844,987,0.9079410433769226,0
2578,232,0.35209929943084717,1
2578,1696,0.6124390959739685,0
2578,1202,0.5646843910217285,0
2578,1362,0.6162229180335999,0
2578,1030,0.5832774043083191,0
2578,352,0.6414310336112976,0
2578,373,0.9178526401519775,0
2578,1263,0.6372164487838745,0
2578,1025,0.5481095910072327,0
2578,516,0.6392561197280884,0
2578,1364,0.9040692448616028,0
2578,934,0.6231063008308411,0
2578,1069,0.3267216980457306,0
2578,576,0.6527178883552551,0
2578,917,0.6940585374832153,0
2578,604,0.33419278264045715,0
2578,1677,0.319230318069458,0
2578,462,0.9691430926322937,0
2578,1273,1.4819715023040771,0
2578,1411,0.639042317867279,0
314,1310,0.988589346408844,1
314,94,0.7425500154495239,0
314,1601,0.5805572867393494,0
314,38,0.3177304267883301,0
314,1744,0.7406598925590515,0
314,633,1.0036122798919678,0
314,128,0.3039083480834961,0
314,1141,0.548031210899353,0
314,1411,0.5831457376480103,0
314,1395,0.5245852470397949,0
314,1364,0.7541384100914001,0
314,1193,0.31062793731689453,0
314,216,0.6004011631011963,0
314,1034,0.7549517154693604,0
314,590,1.8220573663711548,0
314,891,0.5990114212036133,0
314,1778,0.5836529731750488,0
314,74,1.0021151304244995,0
314,993,0.7510467171669006,0
314,315,0.5676302313804626,0
1750,1893,0.5335525274276733,1
1750,92,0.5538179278373718,0
1750,630,0.3531692624092102,0
1750,1540,0.37001386284828186,0
1750,122,1.099261999130249,0
1750,169,0.3618185520172119,0
1750,226,0.3624718189239502,0
1750,1870,0.522455096244812,0
1750,195,0.5368074178695679,0
1750,1869,0.5402451753616333,0
1750,433,1.0008941888809204,0
1750,704,0.517259955406189,0
1750,1010,0.5547420382499695,0
1750,1482,0.548697829246521,0
1750,1486,0.5497792959213257,0
1750,540,0.7863972187042236,0
1750,320,0.5345074534416199,0
1750,1968,0.5286156535148621,0
1750,807,0.5964779257774353,0
1750,1296,0.36121129989624023,0
3923,821,0.3843024671077728,1
3923,847,1.024459719657898,0
3923,1907,1.024086833000183,0
3923,1595,0.676608681678772,0
3923,369,1.8946831226348877,0
3923,29,0.40464457869529724,0
3923,830,0.7133446931838989,0
3923,1279,0.6659306883811951,0
3923,305,0.6342945694923401,0
3923,918,1.0157254934310913,0
3923,836,1.5663599967956543,0
3923,1380,0.6578437685966492,0
3923,2037,0.9609699249267578,0
3923,1967,0.4135202467441559,0
3923,360,0.7205826640129089,0
3923,1846,1.541356086730957,0
3923,1107,1.4299176931381226,0
3923,1377,1.0058400630950928,0
3923,1357,0.4273938536643982,0
3923,1953,1.3171305656433105,0
3732,594,1.7601085901260376,1
3732,1952,2.5513620376586914,0
3732,1370,0.9330283403396606,0
3732,1976,0.9863226413726807,0
3732,211,0.732123851776123,0
3732,489,0.3885761499404907,0
3732,777,0.688901960849762,0
3732,735,0.6696133017539978,0
3732,1141,0.6567461490631104,0
3732,1589,1.4028112888336182,0
3732,2049,0.6620904207229614,0
3732,1682,0.7382021546363831,0
3732,916,0.6530532240867615,0
3732,1573,0.6821521520614624,0
3732,928,0.6654890179634094,0
3732,1447,1.6977064609527588,0
3732,1375,0.7615000009536743,0
3732,1224,1.7278035879135132,0
3732,1780,0.6420808434486389,0
3732,1046,0.6614948511123657,0
1414,1184,0.7796924710273743,1
1414,1482,0.5686440467834473,0
1414,281,0.32435959577560425,0
1414,999,0.3699154853820801,0
1414,682,0.5608454346656799,0
1414,573,0.5285966992378235,0
1414,659,0.8559856414794922,0
1414,1569,0.337930291891098,0
1414,1452,0.37129533290863037,0
1414,171,0.8539223670959473,0
1414,1620,2.7187397480010986,0
1414,1475,0.561166524887085,0
1414,1756,0.34873735904693604,0
1414,273,0.5411766171455383,0
1414,2068,1.476145625114441,0
1414,1721,0.7985436320304871,0
1414,1692,0.5485107898712158,0
1414,1239,0.5703856348991394,0
1414,49,1.3294425010681152,0
1414,987,0.7265099287033081,0
3130,527,0.6130704283714294,1
3130,2040,0.9989275336265564,0
3130,1548,1.200783371925354,0
3130,1866,0.9217226505279541,0
3130,1786,0.6518680453300476,0
3130,613,1.339918613433838,0
3130,1288,0.6356977224349976,0
3130,1667,1.2482651472091675,0
3130,1403,0.6086463928222656,0
3130,911,0.6811208724975586,0
3130,556,0.6485118865966797,0
3130,1572,0.6486194729804993,0
3130,9,0.3710913062095642,0
3130,1658,3.7886123657226562,0
3130,1743,0.6460796594619751,0
3130,2042,0.36373433470726013,0
3130,2027,0.6927260160446167,0
3130,1226,0.3701965808868408,0
3130,949,0.37259650230407715,0
3130,305,0.5938509106636047,0
3777,1945,0.38334015011787415,1
3777,470,0.5437683463096619,0
3777,1765,0.6343540549278259,0
3777,1326,0.5952335000038147,0
3777,1591,0.5453718304634094,0
3777,1570,0.5577471256256104,0
3777,693,0.592271089553833,0
3777,1909,0.5690464377403259,0
3777,214,0.3838531970977783,0
3777,1800,0.569379985332489,0
3777,1349,0.5912701487541199,0
3777,518,0.5782727599143982,0
3777,1523,0.5526813268661499,0
3777,45,0.4000323414802551,0
3777,1152,0.36079829931259155,0
3777,1600,0.5561094880104065,0
3777,784,0.6259230971336365,0
3777,698,0.5840608477592468,0
3777,1401,0.5627455711364746,0
3777,928,0.5667367577552795,0
3542,1152,0.34246665239334106,1
3542,1794,0.3697930872440338,0
3542,166,0.3732069432735443,0
3542,1248,0.8981421589851379,0
3542,1081,0.3346678912639618,0
3542,238,1.0468159914016724,0
3542,1075,0.3639683425426483,0
3542,1736,0.6216423511505127,0
3542,1946,1.1680009365081787,0
3542,2074,0.36893102526664734,0
3542,662,0.6287204027175903,0
3542,2011,0.6546052098274231,0
3542,1753,0.6523471474647522,0
3542,1963,0.8383491039276123,0
3542,79,0.9486091732978821,0
3542,1067,0.8792300820350647,0
3542,1607,0.9270601272583008,0
3542,32,0.6391067504882812,0
3542,627,0.6094091534614563,0
3542,321,0.6279346346855164,0
2004,1231,1.2275187969207764,1
2004,2005,0.6165472865104675,0
2004,442,0.38284385204315186,0
2004,1860,1.4298968315124512,0
2004,147,0.4190872609615326,0
2004,77,0.426472544670105,0
2004,192,0.6805915236473083,0
2004,548,0.6750169396400452,0
2004,1372,0.6281009316444397,0
2004,549,0.6622254252433777,0
2004,1628,0.656107485294342,0
2004,1737,0.3704778552055359,0
2004,1985,0.8594016432762146,0
2004,552,1.2565380334854126,0
2004,1464,0.6476378440856934,0
2004,1988,0.39551210403442383,0
2004,144,0.6363676190376282,0
2004,1713,1.0837042331695557,0
2004,1816,0.36471694707870483,0
2004,2047,0.6732064485549927,0
2557,1521,1.4995248317718506,1
2557,1601,0.6758638620376587,0
2557,1983,1.0484769344329834,0
2557,1698,0.35582149028778076,0
2557,1697,0.6686224341392517,0
2557,338,0.6071085333824158,0
2557,778,1.4332221746444702,0
2557,1194,0.6245145797729492,0
2557,263,0.6372213959693909,0
2557,907,0.5992831587791443,0
2557,762,0.8654554486274719,0
2557,571,0.6773232221603394,0
2557,465,0.3282088339328766,0
2557,35,0.6432844996452332,0
2557,345,4.861055374145508,0
2557,483,2.2693839073181152,0
2557,989,1.5046665668487549,0
2557,138,0.37978243827819824,0
2557,207,0.6818016767501831,0
2557,32,0.6624598503112793,0
3768,976,1.1365851163864136,1
3768,446,0.36040282249450684,0
3768,1698,0.37251171469688416,0
3768,1123,1.0787575244903564,0
3768,1031,0.6117134690284729,0
3768,636,0.6086947321891785,0
3768,1544,0.6683813333511353,0
3768,253,0.6158788204193115,0
3768,525,0.6732587218284607,0
3768,1573,0.66253262758255,0
3768,1110,0.9839563369750977,0
3768,703,0.6162362694740295,0
3768,1109,0.5845018029212952,0
3768,1485,0.3703760504722595,0
3768,912,0.6342858672142029,0
3768,694,0.3756224513053894,0
3768,1133,0.6576447486877441,0
3768,839,0.6436247229576111,0
3768,1195,0.3820338547229767,0
3768,1687,0.7019168138504028,0
3957,1988,0.35431551933288574,1
3957,1570,0.6352842450141907,0
3957,1828,1.0884989500045776,0
3957,217,0.6195229291915894,0
3957,1500,0.9268455505371094,0
3957,1844,2.874844551086426,0
3957,609,0.3220023512840271,0
3957,1177,0.6314259767532349,0
3957,1778,0.7004668712615967,0
3957,1528,1.3269582986831665,0
3957,1447,1.59229576587677,0
3957,591,0.614417314529419,0
3957,2056,0.35958969593048096,0
3957,1605,0.6928207874298096,0
3957,446,0.34598588943481445,0
3957,1912,0.6223441362380981,0
3957,1895,0.6630614399909973,0
3957,1330,0.37568482756614685,0
3957,347,0.34917235374450684,0
3957,1334,0.6264601349830627,0
4113,178,0.3269185423851013,1
4113,366,0.889713704586029,0
4113,1456,1.1895942687988281,0
4113,1588,0.35987943410873413,0
4113,1140,0.3505384027957916,0
4113,350,0.5661260485649109,0
4113,1087,0.6090139746665955,0
4113,1073,0.35165607929229736,0
4113,823,1.0834596157073975,0
4113,1334,0.6198354959487915,0
4113,575,0.577106773853302,0
4113,360,0.6158239841461182,0
4113,7,0.6194543838500977,0
4113,1805,0.6031601428985596,0
4113,1849,0.6147445440292358,0
4113,1568,0.37504398822784424,0
4113,635,0.6078280210494995,0
4113,1027,0.5794663429260254,0
4113,898,0.5957629084587097,0
4113,1257,1.3150702714920044,0
2122,1689,1.9989500045776367,1
2122,1170,1.3816838264465332,0
2122,676,1.054833173751831,0
2122,1640,1.050089955329895,0
2122,1501,0.7703736424446106,0
2122,749,0.7419000267982483,0
2122,1782,0.7089371085166931,0
2122,390,0.4646819829940796,0
2122,1353,0.8367033004760742,0
2122,669,0.7132182121276855,0
2122,779,0.6832573413848877,0
2122,592,0.7278381586074829,0
2122,1056,0.788892924785614,0
2122,2063,0.44841906428337097,0
2122,1335,0.6686545014381409,0
2122,750,0.6668763756752014,0
2122,1862,0.737737774848938,0
2122,870,0.44577398896217346,0
2122,1240,0.8115251064300537,0
2122,732,0.4347204566001892,0
3859,1233,0.3188427686691284,1
3859,1406,0.32846498489379883,0
3859,1490,0.6197677850723267,0
3859,998,0.643437385559082,0
3859,977,0.9117243885993958,0
3859,1913,1.1291217803955078,0
3859,330,2.6052968502044678,0
3859,462,0.99357670545578,0
3859,984,0.6377691030502319,0
3859,1519,3.4433059692382812,0
3859,89,0.30662059783935547,0
3859,169,0.34248074889183044,0
3859,920,0.5980521440505981,0
3859,1880,0.6460375785827637,0
3859,661,1.5479912757873535,0
3859,1325,0.8952751159667969,0
3859,1930,0.563812255859375,0
3859,580,0.5538944602012634,0
3859,824,0.9430065155029297,0
3859,1020,1.182612419128418,0
3743,1438,0.3389780521392822,1
3743,836,1.1492668390274048,0
3743,85,0.5278326272964478,0
3743,1621,0.3517739772796631,0
3743,1702,0.5573350191116333,0
3743,918,0.7855295538902283,0
3743,1514,0.5789706707000732,0
3743,1802,1.060431957244873,0
3743,608,0.5190939903259277,0
3743,1084,0.5346184968948364,0
3743,556,0.5460349321365356,0
3743,1313,1.043297290802002,0
3743,1995,1.4859286546707153,0
3743,547,0.38183075189590454,0
3743,1732,0.9807168245315552,0
3743,192,0.5836799144744873,0
3743,2033,0.5571640133857727,0
3743,1562,0.5753568410873413,0
3743,1015,0.5646757483482361,0
3743,123,1.0255578756332397,0
200,654,1.2285531759262085,1
200,716,0.590514600276947,0
200,970,0.5487222075462341,0
200,1393,1.426539659500122,0
200,899,0.5630903840065002,0
200,1938,0.3283582627773285,0
200,1237,0.3971431255340576,0
200,1155,0.5710250735282898,0
200,810,0.3911173343658447,0
200,1995,1.4480793476104736,0
200,1542,0.5641694068908691,0
200,2048,0.35147932171821594,0
200,1157,1.2965781688690186,0
200,839,0.5538862943649292,0
200,313,0.34372657537460327,0
200,261,0.5541071891784668,0
200,1516,1.5154786109924316,0
200,529,1.2357852458953857,0
200,323,0.5546899437904358,0
200,1305,0.3688572645187378,0
3110,1693,1.3169995546340942,1
3110,1961,0.6608824729919434,0
3110,7,0.7194792628288269,0
3110,731,0.6611539721488953,0
3110,1803,0.3957136571407318,0
3110,846,0.7029001712799072,0
3110,291,0.6652408838272095,0
3110,13,1.9357603788375854,0
3110,411,0.36679399013519287,0
3110,206,0.6741667985916138,0
3110,493,0.724372386932373,0
3110,180,0.667101263999939,0
3110,1969,0.7033295631408691,0
3110,1230,0.728294312953949,0
3110,469,1.9204479455947876,0
3110,450,0.3912116587162018,0
3110,427,1.759286642074585,0
3110,482,1.4030914306640625,0
3110,1078,0.7108948230743408,0
3110,240,0.7085868120193481,0
196,1150,1.1263607740402222,1
196,1997,0.539421796798706,0
196,1630,0.7607977986335754,0
196,41,0.7928893566131592,0
196,262,0.9400408267974854,0
196,528,0.5380055904388428,0
196,1286,0.5322638750076294,0
196,1237,0.3853401243686676,0
196,2040,0.7758142948150635,0
196,1699,0.5604971647262573,0
196,1896,0.5833465456962585,0
196,368,0.5685792565345764,0
196,562,0.5918380618095398,0
196,474,0.7615589499473572,0
196,289,0.5505338907241821,0
196,33,0.8309169411659241,0
196,215,0.5032703280448914,0
196,1723,1.7279958724975586,0
196,369,1.3036812543869019,0
196,973,0.5458172559738159,0
3171,327,0.4012072682380676,1
3171,1933,0.6650742888450623,0
3171,716,0.7443473935127258,0
3171,207,0.7742738723754883,0
3171,848,0.6931751370429993,0
3171,1772,0.7505353093147278,0
3171,870,0.435376912355423,0
3171,620,0.441891074180603,0
3171,344,0.4194481372833252,0
3171,1879,0.7592848539352417,0
3171,1074,0.7875167727470398,0
3171,1,0.7840876579284668,0
3171,991,0.7842636108398438,0
3171,135,0.8192574977874756,0
3171,911,0.7623981237411499,0
3171,1323,3.0363998413085938,0
3171,1851,0.8126784563064575,0
3171,635,0.750717282295227,0
3171,900,0.7271648645401001,0
3171,1371,0.7720046639442444,0
3874,119,0.36914491653442383,1
3874,318,0.7222390174865723,0
3874,1885,0.6743655800819397,0
3874,1850,0.6253030300140381,0
3874,299,0.6496692299842834,0
3874,498,0.6526456475257874,0
3874,2071,0.6579468250274658,0
3874,1657,0.6090691089630127,0
3874,162,0.659608781337738,0
3874,1263,0.6992017030715942,0
3874,805,1.775652289390564,0
3874,19,0.3638724684715271,0
3874,389,0.7084569931030273,0
3874,358,0.6942110657691956,0
3874,1894,0.8941693902015686,0
3874,638,0.64204341173172,0
3874,469,1.8401182889938354,0
3874,1652,0.6484187841415405,0
3874,1092,1.4359970092773438,0
3874,1844,3.113034248352051,0
560,1349,0.6496334671974182,1
560,1273,1.5365681648254395,0
560,785,0.704563558101654,0
560,1587,0.3482506275177002,0
560,135,0.718939483165741,0
560,873,0.34553563594818115,0
560,1361,0.9037824869155884,0
560,448,0.685775637626648,0
560,1831,0.6504377722740173,0
560,1583,0.6279333233833313,0
560,1895,0.6673274040222168,0
560,1033,0.6673580408096313,0
560,1524,0.6894514560699463,0
560,817,0.36464065313339233,0
560,800,0.6677685379981995,0
560,1679,0.6096208691596985,0
560,1506,0.34936732053756714,0
560,1610,1.566724181175232,0
560,492,0.355110228061676,0
560,517,0.6373506784439087,0
240,1323,2.0151920318603516,1
240,513,0.8504654169082642,0
240,1310,0.9561557173728943,0
240,1329,0.7672269344329834,0
240,2006,0.5794793367385864,0
240,1406,0.4013133645057678,0
240,414,0.5865692496299744,0
240,2032,0.5888786315917969,0
240,990,0.4306320250034332,0
240,1739,0.96217942237854,0
240,125,0.5672264099121094,0
240,766,0.4226701259613037,0
240,1464,0.5455316305160522,0
240,1057,0.37587976455688477,0
240,337,0.7121762037277222,0
240,1283,0.3940401077270508,0
240,1450,0.528639554977417,0
240,1881,0.7540702819824219,0
240,229,1.0458019971847534,0
240,986,0.8307819962501526,0
4047,937,0.34837210178375244,1
4047,1903,0.36687055230140686,0
4047,703,0.6283926367759705,0
4047,1312,1.8943471908569336,0
4047,1887,0.6248621344566345,0
4047,1244,0.6921019554138184,0
4047,920,0.6217358112335205,0
4047,1074,0.6895276308059692,0
4047,632,0.6220273971557617,0
4047,953,0.8911081552505493,0
4047,883,1.3239350318908691,0
4047,1930,0.6193398237228394,0
4047,1022,0.6855161190032959,0
4047,843,0.39544373750686646,0
4047,96,0.6754814386367798,0
4047,1963,0.9032959938049316,0
4047,1124,3.3444786071777344,0
4047,411,0.3408782482147217,0
4047,1005,0.7159944772720337,0
4047,1361,0.9019712209701538,0
1423,764,0.6570107340812683,1
1423,17,0.6082184314727783,0
1423,1113,0.6411258578300476,0
1423,682,0.649880051612854,0
1423,956,0.9647937417030334,0
1423,955,0.6346202492713928,0
1423,1388,0.9252358675003052,0
1423,222,0.649509847164154,0
1423,385,0.6711170673370361,0
1423,1795,1.2368935346603394,0
1423,1146,0.6159301400184631,0
1423,469,1.7834542989730835,0
1423,1586,0.8542100787162781,0
1423,1545,1.140198826789856,0
1423,829,0.66281658411026,0
1423,1530,0.5959010720252991,0
1423,1469,0.5700540542602539,0
1423,761,0.6236822605133057,0
1423,886,0.6686446666717529,0
1423,1507,2.713988780975342,0
2276,1105,0.3359629511833191,1
2276,769,0.6132452487945557,0
2276,162,0.5251674056053162,0
2276,2031,0.5212708711624146,0
2276,897,0.3096601366996765,0
2276,1629,0.33149397373199463,0
2276,1920,0.5239280462265015,0
2276,91,0.7243025302886963,0
2276,1699,0.5293731689453125,0
2276,2035,0.5455567836761475,0
2276,315,0.5317171216011047,0
2276,229,1.0060393810272217,0
2276,674,0.5041800141334534,0
2276,1693,0.9313676357269287,0
2276,736,0.5181900858879089,0
2276,71,0.9448041915893555,0
2276,1506,0.30399245023727417,0
2276,755,0.7158235311508179,0
2276,1970,0.5347672700881958,0
2276,166,0.3351910710334778,0
928,1877,3.742546558380127,1
928,1578,1.5845171213150024,0
928,120,0.971257209777832,0
928,294,0.3540686368942261,0
928,193,0.94066321849823,0
928,1935,0.5486785769462585,0
928,43,0.35330110788345337,0
928,1601,0.5566039085388184,0
928,425,0.33871614933013916,0
928,490,0.576332688331604,0
928,833,0.5567014217376709,0
928,1791,0.35545212030410767,0
928,1985,0.7119335532188416,0
928,1467,1.1288050413131714,0
928,871,0.583055853843689,0
928,1282,0.5954210162162781,0
928,87,0.36166805028915405,0
928,2011,0.5583956241607666,0
928,1237,0.37853872776031494,0
928,1070,0.56110680103302,0
29,390,0.37970584630966187,1
29,1920,0.6169414520263672,0
29,1561,1.1978695392608643,0
29,635,0.6263225078582764,0
29,1125,0.6635154485702515,0
29,1857,0.579867422580719,0
29,416,0.6438218355178833,0
29,1751,0.37042340636253357,0
29,443,0.6410655379295349,0
29,708,0.6352227926254272,0
29,1553,0.6544564366340637,0
29,1976,0.8919510245323181,0
29,733,1.0169596672058105,0
29,767,0.3604965806007385,0
29,1671,2.3300271034240723,0
29,1686,1.163734793663025,0
29,1035,0.8917899131774902,0
29,242,0.5997303128242493,0
29,170,0.6137129068374634,0
29,1482,0.646524965763092,0
3936,1324,0.39482560753822327,1
3936,1603,0.38356703519821167,0
3936,122,1.5128306150436401,0
3936,201,0.3953231871128082,0
3936,2076,1.052880048751831,0
3936,358,0.718157172203064,0
3936,1216,0.6984834671020508,0
3936,919,1.26887047290802,0
3936,127,0.6516779661178589,0
3936,1162,0.38650286197662354,0
3936,1561,1.2976255416870117,0
3936,751,0.4217773675918579,0
3936,1681,0.6989408731460571,0
3936,36,0.7327976822853088,0
3936,787,0.8046825528144836,0
3936,1737,0.3895127475261688,0
3936,1936,2.091029167175293,0
3936,782,0.7050725221633911,0
3936,813,0.7403131127357483,0
3936,1520,0.425638347864151,0
556,1796,0.9426154494285583,1
556,706,0.7405268549919128,0
556,1399,1.512709140777588,0
556,1291,0.6481349468231201,0
556,777,0.6634066104888916,0
556,1880,0.6576429605484009,0
556,1903,0.35823577642440796,0
556,439,2.1405153274536133,0
556,808,0.8673219680786133,0
556,1487,0.6770346760749817,0
556,2023,0.7229554653167725,0
556,14,0.9198833703994751,0
556,870,0.3759576380252838,0
556,1936,2.0341408252716064,0
556,1318,0.6889786124229431,0
556,523,0.9929275512695312,0
556,1567,1.5298969745635986,0
556,1738,0.38765978813171387,0
556,1120,1.1297798156738281,0
556,801,1.7780864238739014,0
328,1703,2.4587814807891846,1
328,803,1.2392152547836304,0
328,2069,0.36678123474121094,0
328,298,0.6614620685577393,0
328,1891,0.9962576627731323,0
328,1545,1.1558736562728882,0
328,343,0.38664934039115906,0
328,1555,0.6474465727806091,0
328,1424,0.657422661781311,0
328,1992,0.6626085042953491,0
328,661,1.470044493675232,0
328,1619,0.3428627550601959,0
328,707,0.3999059200286865,0
328,1348,0.9815879464149475,0
328,23,0.4112902283668518,0
328,471,0.43664103746414185,0
328,92,0.671107292175293,0
328,1322,0.9390223622322083,0
328,335,1.2534388303756714,0
328,692,0.7007312178611755,0
1156,1850,0.5424966812133789,1
1156,138,0.3954387605190277,0
1156,940,0.5670536160469055,0
1156,276,0.5908818244934082,0
1156,1833,0.5505827069282532,0
1156,1844,2.1416985988616943,0
1156,388,0.5460677146911621,0
1156,1289,0.5645577907562256,0
1156,1694,1.399653673171997,0
1156,1271,0.605085015296936,0
1156,624,1.64621901512146,0
1156,128,0.34639349579811096,0
1156,1152,0.34571847319602966,0
1156,1323,2.0732381343841553,0
1156,1031,0.5339577198028564,0
1156,193,0.9640201926231384,0
1156,1672,0.35579225420951843,0
1156,969,0.5915306806564331,0
1156,1861,0.5610021948814392,0
1156,124,0.38760411739349365,0
4099,252,0.34618914127349854,1
4099,134,0.5562008023262024,0
4099,1076,0.8781313300132751,0
4099,1386,0.6748009324073792,0
4099,729,0.3428858518600464,0
4099,2069,0.3511049747467041,0
4099,1839,0.6361207962036133,0
4099,1363,0.6371525526046753,0
4099,256,1.5526525974273682,0
4099,475,1.2086549997329712,0
4099,1752,0.6400727033615112,0
4099,1831,0.6430808305740356,0
4099,1753,0.6468445658683777,0
4099,1126,0.5705530047416687,0
4099,721,0.5972546339035034,0
4099,1916,0.3507845401763916,0
4099,481,0.6520939469337463,0
4099,178,0.3232521712779999,0
4099,446,0.336312472820282,0
4099,739,0.6647748351097107,0
1821,805,1.7149522304534912,1
1821,1864,0.674688994884491,0
1821,317,0.6800474524497986,0
1821,352,0.6925856471061707,0
1821,989,1.547127366065979,0
1821,1957,0.6566026210784912,0
1821,641,0.6898119449615479,0
1821,1371,0.7054959535598755,0
1821,983,1.3746329545974731,0
1821,1079,0.7509142160415649,0
1821,752,0.6573048233985901,0
1821,433,1.3520574569702148,0
1821,362,0.9934725761413574,0
1821,1431,0.6153407692909241,0
1821,1332,0.980002760887146,0
1821,1966,0.6251801252365112,0
1821,1760,1.512679934501648,0
1821,2050,0.9256172180175781,0
1821,1618,0.6809795498847961,0
1821,182,1.206030011177063,0
436,655,1.536754846572876,1
436,839,0.6050745844841003,0
436,1191,0.37367337942123413,0
436,1895,0.6532015204429626,0
436,1894,0.8568341732025146,0
436,1461,0.6103169322013855,0
436,1720,0.9264414310455322,0
436,1260,0.7251784801483154,0
436,1617,1.2112244367599487,0
436,1118,0.37196189165115356,0
436,1054,0.6200058460235596,0
436,508,1.9988248348236084,0
436,1882,0.35636237263679504,0
436,769,0.7692257761955261,0
436,816,0.9308074712753296,0
436,1866,0.8713462948799133,0
436,1478,0.5626310706138611,0
436,400,0.3638318181037903,0
436,1832,1.1683558225631714,0
436,664,0.6226161122322083,0
964,549,0.5518695712089539,1
964,959,0.8255295753479004,0
964,455,1.2023544311523438,0
964,156,0.5725340843200684,0
964,16,0.3704267740249634,0
964,302,0.5475184321403503,0
964,1304,0.6006538271903992,0
964,864,0.573028564453125,0
964,1379,1.0275766849517822,0
964,1058,0.7506561875343323,0
964,1919,0.5295260548591614,0
964,2040,0.7880222797393799,0
964,194,0.4934818148612976,0
964,973,0.558033287525177,0
964,480,0.34734776616096497,0
964,1717,0.3248053789138794,0
964,772,0.38921302556991577,0
964,573,0.5354161858558655,0
964,1698,0.3474929928779602,0
964,601,0.3258328437805176,0
1727,1843,1.476853609085083,1
1727,1464,0.6410914063453674,0
1727,360,0.680415153503418,0
1727,781,0.6468749642372131,0
1727,1912,0.6680035591125488,0
1727,1185,0.6126993298530579,0
1727,1350,0.626006007194519,0
1727,582,0.6714622378349304,0
1727,918,0.9533917307853699,0
1727,535,0.6161274313926697,0
1727,1798,0.6779592633247375,0
1727,588,0.37400779128074646,0
1727,1588,0.4068666100502014,0
1727,1693,1.254730463027954,0
1727,347,0.37574151158332825,0
1727,2058,0.7256776094436646,0
1727,1074,0.7058111429214478,0
1727,547,0.4262973666191101,0
1727,10,1.5854361057281494,0
1727,67,1.0630964040756226,0
948,77,0.40791818499565125,1
948,1443,0.6342795491218567,0
948,807,0.7253035306930542,0
948,704,0.5978755950927734,0
948,1841,0.3648453950881958,0
948,1860,1.4611107110977173,0
948,1945,0.3761720657348633,0
948,1598,0.6334571838378906,0
948,1377,0.9367754459381104,0
948,460,0.6369680166244507,0
948,1739,1.222462773323059,0
948,386,0.3915199041366577,0
948,2010,0.36972713470458984,0
948,1453,0.6711357235908508,0
948,1494,0.8968172669410706,0
948,1379,1.340990662574768,0
948,767,0.3560001850128174,0
948,1025,0.572689950466156,0
948,1806,3.265800714492798,0
948,857,0.34572845697402954,0
1081,231,1.391176700592041,1
1081,202,1.869158148765564,0
1081,534,0.7040709853172302,0
1081,1108,0.7099331617355347,0
1081,1592,0.6788815259933472,0
1081,1614,0.6785749793052673,0
1081,2035,0.7320116758346558,0
1081,522,0.698233962059021,0
1081,1774,0.7799325585365295,0
1081,1155,0.7181748151779175,0
1081,1852,0.7553054094314575,0
1081,685,0.6955500841140747,0
1081,2062,6.266283988952637,0
1081,924,1.0763230323791504,0
1081,1144,0.6939533352851868,0
1081,77,0.4503452479839325,0
1081,277,1.012511134147644,0
1081,429,0.41727325320243835,0
1081,1642,1.7218315601348877,0
1081,474,1.0285756587982178,0
1211,970,0.6460022926330566,1
1211,521,0.39248648285865784,0
1211,643,0.7378779053688049,0
1211,788,0.6998152136802673,0
1211,10,1.7681984901428223,0
1211,914,1.5955924987792969,0
1211,2005,0.6490451693534851,0
1211,2001,0.4178348481655121,0
1211,2039,1.0094671249389648,0
1211,221,0.6917940974235535,0
1211,952,0.7229563593864441,0
1211,1307,0.7159867286682129,0
1211,343,0.37784603238105774,0
1211,130,0.6999809741973877,0
1211,814,0.659731388092041,0
1211,890,0.7413849234580994,0
1211,1838,0.6913928389549255,0
1211,201,0.387650728225708,0
1211,87,0.41110703349113464,0
1211,1438,0.34881019592285156,0
2051,431,0.9335886836051941,1
2051,668,0.36897069215774536,0
2051,1920,0.7125833034515381,0
2051,1984,0.6680542826652527,0
2051,549,0.7077401876449585,0
2051,812,0.7966334223747253,0
2051,726,0.7048410177230835,0
2051,1902,0.4376673102378845,0
2051,51,0.4041895270347595,0
2051,1818,1.5251425504684448,0
2051,244,0.7469686269760132,0
2051,379,0.41049695014953613,0
2051,129,0.4253385066986084,0
2051,924,1.0778205394744873,0
2051,1585,0.4344831109046936,0
2051,467,0.4042303264141083,0
2051,259,0.7821328043937683,0
2051,128,0.39513731002807617,0
2051,997,0.7353836894035339,0
2051,750,0.6355230808258057,0
1207,1322,0.9582543969154358,1
1207,1556,0.5967321395874023,0
1207,307,0.640779435634613,0
1207,530,0.8894017934799194,0
1207,639,1.2769477367401123,0
1207,775,0.37922489643096924,0
1207,1328,0.7001088261604309,0
1207,1398,0.6474525332450867,0
1207,1145,0.6386255025863647,0
1207,1863,0.37372785806655884,0
1207,1323,2.695765256881714,0
1207,768,0.6773521900177002,0
1207,1104,1.756819725036621,0
1207,2016,0.6273593306541443,0
1207,558,0.4017811417579651,0
1207,193,1.1911289691925049,0
1207,974,0.6217304468154907,0
1207,313,0.3603620231151581,0
1207,937,0.35573720932006836,0
1207,721,0.6404085755348206,0
1683,1597,1.173643946647644,1
1683,1300,0.6143264770507812,0
1683,1670,0.6370835304260254,0
1683,1101,0.6204153299331665,0
1683,210,0.8993638753890991,0
1683,301,0.9225713014602661,0
1683,1118,0.3740164041519165,0
1683,1454,0.3540140390396118,0
1683,571,0.685439944267273,0
1683,595,1.5700417757034302,0
1683,283,0.6512243747711182,0
1683,1316,0.6468931436538696,0
1683,1653,0.7070444226264954,0
1683,700,1.9352896213531494,0
1683,1231,1.268776774406433,0
1683,163,0.6391741633415222,0
1683,335,1.3171991109848022,0
1683,203,0.7305722832679749,0
1683,464,0.7046129703521729,0
1683,756,1.3802510499954224,0
3007,484,0.3319767713546753,1
3007,830,0.6277207732200623,0
3007,984,0.6276715397834778,0
3007,83,0.5935511589050293,0
3007,1850,0.5774915218353271,0
3007,74,1.1618494987487793,0
3007,1718,0.6149935722351074,0
3007,1753,0.641456127166748,0
3007,266,0.6269116401672363,0
3007,82,0.5699412226676941,0
3007,2019,0.6233958005905151,0
3007,612,0.3326907157897949,0
3007,1086,0.6875851154327393,0
3007,71,1.1812785863876343,0
3007,373,0.8848762512207031,0
3007,160,0.604127049446106,0
3007,1160,2.008291482925415,0
3007,2000,0.9743478298187256,0
3007,1492,0.676999032497406,0
3007,437,0.8210480809211731,0
4023,1973,0.3927867114543915,1
4023,546,0.6164385676383972,0
4023,1520,0.3871355354785919,0
4023,2056,0.38518673181533813,0
4023,79,0.9895959496498108,0
4023,1684,0.6386873722076416,0
4023,608,0.5917325019836426,0
4023,397,0.7061343193054199,0
4023,691,0.6949785351753235,0
4023,1644,0.9083230495452881,0
4023,1074,0.6859251856803894,0
4023,670,0.6265272498130798,0
4023,648,0.8971428871154785,0
4023,1131,0.6746426224708557,0
4023,1626,0.5909090042114258,0
4023,1151,0.654367208480835,0
4023,457,0.670150876045227,0
4023,699,2.1801624298095703,0
4023,1330,0.4141522943973541,0
4023,1599,0.3540954291820526,0
2975,1090,0.5735291838645935,1
2975,336,0.5809835195541382,0
2975,756,1.0188074111938477,0
2975,1875,0.38103991746902466,0
2975,1476,0.7559552192687988,0
2975,1569,0.4018825888633728,0
2975,694,0.4043220281600952,0
2975,534,0.5837262272834778,0
2975,1556,0.5328750610351562,0
2975,1990,0.787615954875946,0
2975,235,1.3660928010940552,0
2975,830,0.5972890257835388,0
2975,1299,0.616538405418396,0
2975,1916,0.39301687479019165,0
2975,1782,0.572930634021759,0
2975,764,0.5931538939476013,0
2975,343,0.39321041107177734,0
2975,243,0.5908388495445251,0
2975,730,0.5610700249671936,0
2975,1524,0.6393046379089355,0
48,1247,0.3863237500190735,1
48,1689,1.9146243333816528,0
48,1759,0.7237898707389832,0
48,1390,0.6668701171875,0
48,1999,1.2906155586242676,0
48,19,0.3898623287677765,0
48,824,1.011717438697815,0
48,1818,1.4830124378204346,0
48,1273,1.6047314405441284,0
48,773,0.7473874688148499,0
48,1848,1.008653163909912,0
48,521,0.3867165744304657,0
48,950,0.36340147256851196,0
48,1091,0.6594604849815369,0
48,859,0.6745567321777344,0
48,221,0.695185661315918,0
48,439,2.3012170791625977,0
48,1744,0.9299623966217041,0
48,54,0.6719807982444763,0
48,1663,1.700708031654358,0
3885,419,0.32753273844718933,1
3885,67,1.079498291015625,0
3885,1117,0.7065939903259277,0
3885,349,1.0278698205947876,0
3885,360,0.6628894805908203,0
3885,564,0.6705700159072876,0
3885,1617,1.2442106008529663,0
3885,457,0.6643728613853455,0
3885,1220,0.6739022135734558,0
3885,1705,1.1370166540145874,0
3885,1147,0.9635361433029175,0
3885,1329,0.9468799233436584,0
3885,745,1.0418741703033447,0
3885,0,0.6642704606056213,0
3885,921,1.5289229154586792,0
3885,1824,0.3223591148853302,0
3885,850,1.5443068742752075,0
3885,1727,0.6474164128303528,0
3885,1367,0.3790075480937958,0
3885,1467,1.510870337486267,0
1944,1001,0.3393806219100952,1
1944,1056,0.704222559928894,0
1944,1508,0.982466459274292,0
1944,1016,0.6604099273681641,0
1944,1726,0.6708634495735168,0
1944,1847,0.6272176504135132,0
1944,1785,0.6767624616622925,0
1944,287,0.9982157349586487,0
1944,1572,0.6845675706863403,0
1944,373,1.0472992658615112,0
1944,425,0.3497348427772522,0
1944,92,0.6874348521232605,0
1944,1035,0.9939653873443604,0
1944,1556,0.6094798445701599,0
1944,1718,0.6901323199272156,0
1944,444,0.7059062123298645,0
1944,1025,0.612122654914856,0
1944,1983,1.138693928718567,0
1944,550,0.6995205879211426,0
1944,26,0.6940187811851501,0
1519,1459,0.6641124486923218,1
1519,583,0.6666619777679443,0
1519,72,0.6362821459770203,0
1519,182,1.1735844612121582,0
1519,1114,0.8401799201965332,0
1519,269,0.7469877600669861,0
1519,107,0.6588159799575806,0
1519,319,0.5804378390312195,0
1519,1251,0.6250038146972656,0
1519,961,0.6325357556343079,0
1519,840,0.6365047097206116,0
1519,1605,0.6995036005973816,0
1519,1266,0.6784941554069519,0
1519,1646,0.6392959952354431,0
1519,1735,0.636806845664978,0
1519,1347,1.0871449708938599,0
1519,1982,0.6942898035049438,0
1519,604,0.35172906517982483,0
1519,133,0.33535492420196533,0
1519,1417,0.3525403141975403,0
3000,341,0.37762922048568726,1
3000,1351,0.9082207679748535,0
3000,1154,0.4017261266708374,0
3000,721,0.6340163946151733,0
3000,16,0.3924506902694702,0
3000,457,0.6723751425743103,0
3000,1128,0.36736953258514404,0
3000,1949,1.0109983682632446,0
3000,913,1.2322742938995361,0
3000,1237,0.4209482669830322,0
3000,1409,0.42822155356407166,0
3000,36,0.6950862407684326,0
3000,531,0.4147490859031677,0
3000,568,0.6313928961753845,0
3000,399,0.654271125793457,0
3000,224,2.1237494945526123,0
3000,1837,0.6638888716697693,0
3000,351,0.37830084562301636,0
3000,1830,0.6405099034309387,0
3000,205,0.6430961489677429,0
3794,365,0.6708574891090393,1
3794,3,0.5999300479888916,0
3794,1419,0.6675149202346802,0
3794,1102,0.6462743878364563,0
3794,1113,0.6452738046646118,0
3794,1693,1.253281593322754,0
3794,1111,0.34377142786979675,0
3794,318,0.6929085850715637,0
3794,1764,0.6679031848907471,0
3794,2043,0.3704686760902405,0
3794,1935,0.647047758102417,0
3794,1060,0.9636999368667603,0
3794,672,0.34038060903549194,0
3794,1107,1.3890420198440552,0
3794,421,0.361918568611145,0
3794,838,1.305922031402588,0
3794,1344,0.6529046893119812,0
3794,204,0.675615668296814,0
3794,1919,0.6129241585731506,0
3794,1866,0.9059791564941406,0
2262,1081,0.3238006830215454,1
2262,1214,1.5451711416244507,0
2262,774,0.6429339051246643,0
2262,1133,0.6318646669387817,0
2262,1284,0.6082293391227722,0
2262,692,0.6926249265670776,0
2262,2044,1.4127662181854248,0
2262,536,0.6458266973495483,0
2262,1895,0.6404055953025818,0
2262,203,0.719735860824585,0
2262,1196,0.6007189750671387,0
2262,1294,1.1830885410308838,0
2262,1814,0.6005076766014099,0
2262,511,1.6108729839324951,0
2262,1011,1.4390227794647217,0
2262,1874,0.6371684670448303,0
2262,1802,1.340179204940796,0
2262,937,0.3263247013092041,0
2262,1195,0.3612416982650757,0
2262,257,0.9630870223045349,0
956,533,1.2688570022583008,1
956,105,0.8083013296127319,0
956,1284,0.5481848120689392,0
956,234,0.7397224307060242,0
956,291,0.5325056314468384,0
956,983,1.049768090248108,0
956,565,0.7451664805412292,0
956,1949,0.8400903344154358,0
956,833,0.5641586780548096,0
956,1189,0.5640305876731873,0
956,183,0.5366880893707275,0
956,1894,0.7015717625617981,0
956,725,0.36268046498298645,0
956,1656,0.32641464471817017,0
956,1357,0.3770354986190796,0
956,1597,0.9320553541183472,0
956,1017,0.5376598834991455,0
956,732,0.3359007239341736,0
956,363,0.34620901942253113,0
956,1839,0.568340003490448,0
2036,1137,1.6142221689224243,1
2036,689,0.9511557817459106,0
2036,678,0.6908583641052246,0
2036,840,0.6442499160766602,0
2036,830,0.6807297468185425,0
2036,150,0.6041653752326965,0
2036,301,0.9467248916625977,0
2036,1819,0.6321784853935242,0
2036,1123,1.1295584440231323,0
2036,1108,0.6590685844421387,0
2036,1575,0.6373777985572815,0
2036,390,0.39128267765045166,0
2036,1328,0.6917620301246643,0
2036,287,0.9421360492706299,0
2036,1942,1.8860541582107544,0
2036,1119,0.9453389048576355,0
2036,1563,0.8928906917572021,0
2036,1571,0.8593572378158569,0
2036,639,1.2724725008010864,0
2036,547,0.3939064145088196,0
586,1006,1.712287425994873,1
586,866,0.6750230193138123,0
586,1124,3.326792001724243,0
586,396,0.6318544745445251,0
586,1455,0.6467373967170715,0
586,34,0.6355550289154053,0
586,31,0.7155386805534363,0
586,832,0.4090116322040558,0
586,1243,0.39515984058380127,0
586,1152,0.3752750754356384,0
586,123,1.2996058464050293,0
586,1451,0.9368780255317688,0
586,1900,0.7067316174507141,0
586,173,1.0008176565170288,0
586,377,1.0606622695922852,0
586,609,0.37111717462539673,0
586,987,0.8926870226860046,0
586,1578,2.0882108211517334,0
586,1704,0.6207899451255798,0
586,1856,0.6961603760719299,0
2904,129,0.3496381640434265,1
2904,1605,0.6664227247238159,0
2904,567,1.5349724292755127,0
2904,659,0.9839000701904297,0
2904,1647,0.366117388010025,0
2904,1763,0.3443312346935272,0
2904,418,0.6099532246589661,0
2904,1543,0.641871988773346,0
2904,1412,0.5553486943244934,0
2904,209,0.3234001398086548,0
2904,1555,0.6309347152709961,0
2904,1820,0.6235560774803162,0
2904,966,0.6602090001106262,0
2904,1443,0.6135365962982178,0
2904,625,0.622991681098938,0
2904,396,0.5887008905410767,0
2904,826,0.6367424726486206,0
2904,97,1.482911229133606,0
2904,445,0.6150329113006592,0
2904,1004,0.6320659518241882,0
3032,2,0.41030585765838623,1
3032,690,1.2267968654632568,0
3032,1555,0.6547176837921143,0
3032,845,1.4746129512786865,0
3032,1727,0.6278788447380066,0
3032,990,0.4337756037712097,0
3032,1793,0.3729254901409149,0
3032,1744,0.9018778204917908,0
3032,1654,1.230897307395935,0
3032,408,0.7269478440284729,0
3032,424,0.6971175670623779,0
3032,1107,1.328053593635559,0
3032,1432,0.7018372416496277,0
3032,980,2.116584539413452,0
3032,1419,0.65218186378479,0
3032,1586,0.9158539772033691,0
3032,531,0.4147433936595917,0
3032,1688,0.42459145188331604,0
3032,660,0.6686574816703796,0
3032,822,0.6696467399597168,0
3543,589,0.33763059973716736,1
3543,1205,0.9545806646347046,0
3543,826,0.6060829758644104,0
3543,1651,0.5944575667381287,0
3543,747,0.629630982875824,0
3543,683,0.5633781552314758,0
3543,984,0.6076763272285461,0
3543,1808,1.1381057500839233,0
3543,1675,0.6068755984306335,0
3543,588,0.33221888542175293,0
3543,1819,0.585055947303772,0
3543,1535,1.293700933456421,0
3543,1749,0.6162860989570618,0
3543,1454,0.33573663234710693,0
3543,1359,1.3898231983184814,0
3543,1157,1.552440881729126,0
3543,665,0.38292402029037476,0
3543,1786,0.595428466796875,0
3543,1680,0.5871928334236145,0
3543,1297,0.6019214987754822,0
1909,1641,1.3001925945281982,1
1909,1348,0.9436355233192444,0
1909,2057,0.7080215811729431,0
1909,546,0.5967401266098022,0
1909,1860,1.4139621257781982,0
1909,1964,0.6236473917961121,0
1909,2010,0.36828893423080444,0
1909,1568,0.3906269073486328,0
1909,415,0.6346853971481323,0
1909,1203,0.8912162184715271,0
1909,1564,1.4577906131744385,0
1909,1537,0.3472238779067993,0
1909,917,0.6930745840072632,0
1909,2011,0.6543463468551636,0
1909,1855,0.666131317615509,0
1909,804,0.6088153123855591,0
1909,609,0.34791070222854614,0
1909,1397,0.9586383104324341,0
1909,584,0.6616543531417847,0
1909,214,0.3637365400791168,0
3151,1216,0.6576504707336426,1
3151,709,0.6101785898208618,0
3151,2062,6.045464038848877,0
3151,1611,0.3598833978176117,0
3151,1976,0.964622974395752,0
3151,731,0.6324267387390137,0
3151,1081,0.3395223319530487,0
3151,811,0.600426197052002,0
3151,1638,0.642183244228363,0
3151,1221,0.6668856739997864,0
3151,1955,0.38427305221557617,0
3151,121,0.6951600313186646,0
3151,187,0.6646042466163635,0
3151,1311,0.38888558745384216,0
3151,1680,0.6198407411575317,0
3151,2059,0.3225017189979553,0
3151,1695,0.3935132622718811,0
3151,690,1.2536391019821167,0
3151,358,0.6764057278633118,0
3151,654,1.5887054204940796,0
3990,253,0.7178881764411926,1
3990,168,0.767533540725708,0
3990,1403,0.6618392467498779,0
3990,1215,0.7227376699447632,0
3990,1703,2.931830644607544,0
3990,1456,1.4617918729782104,0
3990,1645,0.7103621959686279,0
3990,864,0.7329550981521606,0
3990,1520,0.4043272137641907,0
3990,89,0.384620726108551,0
3990,2022,0.43444350361824036,0
3990,1321,0.7132413983345032,0
3990,549,0.7388902306556702,0
3990,1238,0.7536181211471558,0
3990,1277,1.0732107162475586,0
3990,1377,1.0510202646255493,0
3990,1163,0.7133534550666809,0
3990,1473,5.075403690338135,0
3990,1498,0.7079098224639893,0
3990,1420,0.6995550394058228,0
1783,954,0.9453166723251343,1
1783,441,0.6215614676475525,0
1783,1728,1.2699304819107056,0
1783,465,0.3706117868423462,0
1783,246,0.6972854137420654,0
1783,51,0.3976868987083435,0
1783,787,0.8031261563301086,0
1783,537,0.7181518077850342,0
1783,1100,0.43896907567977905,0
1783,361,0.691107451915741,0
1783,1111,0.40159904956817627,0
1783,698,0.7069973945617676,0
1783,828,0.7312614917755127,0
1783,572,1.6974074840545654,0
1783,2017,0.6972335577011108,0
1783,1752,0.7074587345123291,0
1783,1867,1.5184236764907837,0
1783,279,0.6435026526451111,0
1783,949,0.4305769205093384,0
1783,523,1.0446686744689941,0
666,295,0.35240721702575684,1
666,635,0.664114236831665,0
666,630,0.3722069561481476,0
666,1479,0.6537072658538818,0
666,447,0.9826186299324036,0
666,987,0.900725245475769,0
666,596,1.1043574810028076,0
666,1132,0.9294160604476929,0
666,1533,0.620402991771698,0
666,847,0.997889518737793,0
666,2050,0.9429273009300232,0
666,1452,0.3950205445289612,0
666,511,1.705452561378479,0
666,1311,0.38828718662261963,0
666,273,0.6423031687736511,0
666,1299,0.7206934094429016,0
666,1783,1.0017670392990112,0
666,505,0.6088920831680298,0
666,483,2.2538681030273438,0
666,750,0.5824880599975586,0
2728,1751,0.40173423290252686,1
2728,1944,0.37846681475639343,0
2728,1204,0.37018275260925293,0
2728,873,0.36118143796920776,0
2728,903,1.3349673748016357,0
2728,1557,0.6506872773170471,0
2728,1084,0.6397033333778381,0
2728,1424,0.6782124638557434,0
2728,1670,0.6622381210327148,0
2728,1305,0.38373473286628723,0
2728,1001,0.3526943325996399,0
2728,2003,0.40859371423721313,0
2728,1766,0.7159654498100281,0
2728,532,0.7064744830131531,0
2728,37,0.39592310786247253,0
2728,1940,0.6884104609489441,0
2728,950,0.3486213982105255,0
2728,1552,0.6389610767364502,0
2728,1995,1.9494389295578003,0
2728,608,0.5966913104057312,0
779,1554,0.6724583506584167,1
779,2055,0.33563530445098877,0
779,1713,1.08954656124115,0
779,1484,0.327767550945282,0
779,1873,0.6376592516899109,0
779,876,0.6607306003570557,0
779,1254,0.6453489661216736,0
779,911,0.6706982851028442,0
779,2062,6.346923351287842,0
779,1067,0.9275535941123962,0
779,728,0.6116260290145874,0
779,312,0.6395139694213867,0
779,309,0.6455900073051453,0
779,1186,0.6705546379089355,0
779,726,0.621584951877594,0
779,1010,0.636931836605072,0
779,324,0.36645883321762085,0
779,1026,0.6946030855178833,0
779,2043,0.3668738305568695,0
779,346,0.31952840089797974,0
2323,230,0.6738219857215881,1
2323,216,0.7178157567977905,0
2323,1437,1.1884382963180542,0
2323,1411,0.6567679643630981,0
2323,1484,0.33894214034080505,0
2323,1454,0.3555307984352112,0
2323,1405,1.39049232006073,0
2323,1567,1.5768160820007324,0
2323,1938,0.34310847520828247,0
2323,410,1.026572346687317,0
2323,586,0.9663980007171631,0
2323,851,0.6140568256378174,0
2323,1639,0.6009001731872559,0
2323,339,0.6086236238479614,0
2323,1626,0.6014733910560608,0
2323,483,2.149407148361206,0
2323,281,0.32294583320617676,0
2323,1672,0.34972333908081055,0
2323,220,0.6142184138298035,0
2323,574,0.6365497708320618,0
1845,609,0.3392072319984436,1
1845,1769,0.3707207441329956,0
1845,698,0.6427580714225769,0
1845,65,0.6878005266189575,0
1845,591,0.602924108505249,0
1845,437,0.8686851859092712,0
1845,1771,0.6597883701324463,0
1845,1691,0.6490868926048279,0
1845,1727,0.6041954755783081,0
1845,1299,0.6828104257583618,0
1845,1693,1.1827237606048584,0
1845,964,0.37808868288993835,0
1845,1122,1.6551513671875,0
1845,570,0.6434516906738281,0
1845,554,0.35730108618736267,0
1845,1302,0.8708087801933289,0
1845,1406,0.3764672875404358,0
1845,1085,0.3631059527397156,0
1845,1206,0.354570209980011,0
1845,491,0.34704136848449707,0
2944,1456,1.235342025756836,1
2944,1566,0.6328702569007874,0
2944,217,0.6313008069992065,0
2944,1592,0.6507813334465027,0
2944,1113,0.6471110582351685,0
2944,1962,0.31464558839797974,0
2944,3,0.6087981462478638,0
2944,926,0.6856820583343506,0
2944,78,1.2421200275421143,0
2944,1193,0.351157546043396,0
2944,1382,0.6466724276542664,0
2944,741,0.6657806038856506,0
2944,742,0.5769719481468201,0
2944,1102,0.6556400656700134,0
2944,1444,0.6636682748794556,0
2944,1019,1.2122585773468018,0
2944,1020,1.1774758100509644,0
2944,880,0.9755744338035583,0
2944,991,0.6775499582290649,0
2944,798,0.9359479546546936,0
1191,1697,0.6978797316551208,1
1191,1730,0.9550275802612305,0
1191,640,1.1880007982254028,0
1191,1162,0.3542834520339966,0
1191,1505,0.3806667625904083,0
1191,556,0.6400357484817505,0
1191,616,0.729404866695404,0
1191,1763,0.3611851632595062,0
1191,1833,0.6285313963890076,0
1191,1721,1.0033888816833496,0
1191,28,0.4195851683616638,0
1191,1492,0.7400690317153931,0
1191,1940,0.6898346543312073,0
1191,1529,0.7017569541931152,0
1191,1281,0.3722362816333771,0
1191,1979,0.6720059514045715,0
1191,950,0.33935701847076416,0
1191,1013,0.9858713746070862,0
1191,1364,0.964427649974823,0
1191,266,0.6985374093055725,0
4041,557,0.3719126284122467,1
4041,231,1.2288039922714233,0
4041,605,0.694551944732666,0
4041,1637,0.5936870574951172,0
4041,1740,0.3749445676803589,0
4041,1877,4.833568096160889,0
4041,1712,1.1614482402801514,0
4041,56,0.6139382719993591,0
4041,1094,0.6581039428710938,0
4041,1012,0.36258867383003235,0
4041,1391,0.6473537087440491,0
4041,131,0.627947986125946,0
4041,390,0.3740284740924835,0
4041,1537,0.3598238229751587,0
4041,941,0.5938634872436523,0
4041,1840,0.36729222536087036,0
4041,754,0.8516450524330139,0
4041,647,0.8882600665092468,0
4041,1548,1.0771404504776,0
4041,762,0.8186656832695007,0
1157,763,0.6193132400512695,1
1157,1614,0.6080276370048523,0
1157,1548,1.0871902704238892,0
1157,717,0.8038609027862549,0
1157,1900,0.6793410778045654,0
1157,287,0.8811495900154114,0
1157,544,0.5902146100997925,0
1157,1449,0.3810991048812866,0
1157,1316,0.6160790324211121,0
1157,437,0.8133854269981384,0
1157,606,0.6428630948066711,0
1157,981,0.6326793432235718,0
1157,1169,0.8973007202148438,0
1157,1959,0.6164800524711609,0
1157,1777,1.1542361974716187,0
1157,1399,1.436325192451477,0
1157,651,0.965459942817688,0
1157,123,1.2092467546463013,0
1157,689,0.8974166512489319,0
1157,189,0.5933855772018433,0
1863,1627,0.7597857117652893,1
1863,706,0.7719208598136902,0
1863,513,1.087311029434204,0
1863,460,0.6512346267700195,0
1863,550,0.6887690424919128,0
1863,1485,0.37443476915359497,0
1863,1816,0.35835474729537964,0
1863,1178,1.3226567506790161,0
1863,1446,0.6715900897979736,0
1863,1762,1.6676887273788452,0
1863,975,0.3784407675266266,0
1863,1149,0.3592867851257324,0
1863,2032,0.6648291349411011,0
1863,1638,0.6634371280670166,0
1863,67,1.0783462524414062,0
1863,1298,0.6508647203445435,0
1863,1062,0.6434828639030457,0
1863,403,0.6992303729057312,0
1863,1176,0.39181622862815857,0
1863,1501,0.7207658886909485,0
4147,1225,0.32693803310394287,1
4147,1751,0.3850771188735962,0
4147,1147,0.9596370458602905,0
4147,2021,0.6911708116531372,0
4147,318,0.7010691165924072,0
4147,1492,0.7189515233039856,0
4147,1786,0.6490890383720398,0
4147,1306,0.6001061201095581,0
4147,1427,0.6633576154708862,0
4147,556,0.643119215965271,0
4147,1359,1.5194164514541626,0
4147,632,0.625739574432373,0
4147,528,0.6157490611076355,0
4147,1731,0.7151448130607605,0
4147,188,0.9861335754394531,0
4147,1414,0.989949107170105,0
4147,91,0.9272333979606628,0
4147,634,0.3962591886520386,0
4147,874,0.6616973876953125,0
4147,2044,1.424731731414795,0
1068,1205,0.8518387079238892,1
1068,778,1.1522220373153687,0
1068,1981,0.7796961665153503,0
1068,438,0.631846010684967,0
1068,1386,0.6419245004653931,0
1068,1594,0.5854302048683167,0
1068,605,0.6540166735649109,0
1068,59,0.8081721067428589,0
1068,1104,1.4492602348327637,0
1068,1992,0.5840060710906982,0
1068,892,0.5568976402282715,0
1068,1193,0.3612152934074402,0
1068,1393,1.4564900398254395,0
1068,189,0.5594172477722168,0
1068,861,1.2465300559997559,0
1068,1192,0.6025083065032959,0
1068,729,0.37337568402290344,0
1068,1622,0.7819080948829651,0
1068,1722,0.6130833029747009,0
1068,732,0.3711649179458618,0
2027,1374,0.3823898136615753,1
2027,79,1.0223076343536377,0
2027,1102,0.6427388787269592,0
2027,601,0.33692842721939087,0
2027,522,0.6802338361740112,0
2027,811,0.601687490940094,0
2027,539,1.0596191883087158,0
2027,120,1.2890945672988892,0
2027,527,0.5942081809043884,0
2027,1834,0.6747506856918335,0
2027,368,0.7019848823547363,0
2027,957,0.6240601539611816,0
2027,2054,0.6368368864059448,0
2027,1507,2.776176929473877,0
2027,1498,0.641281247138977,0
2027,80,0.9755178689956665,0
2027,1486,0.6613651514053345,0
2027,1076,0.9610505700111389,0
2027,850,1.5195789337158203,0
2027,149,3.4466798305511475,0
1622,628,1.4339863061904907,1
1622,1177,0.6069600582122803,0
1622,1239,0.6609946489334106,0
1622,387,0.3764990568161011,0
1622,238,1.0565871000289917,0
1622,775,0.380611389875412,0
1622,2055,0.3834543824195862,0
1622,1230,0.6694653034210205,0
1622,968,0.8297111392021179,0
1622,1599,0.3832293748855591,0
1622,597,0.3947144150733948,0
1622,112,1.1389522552490234,0
1622,1528,1.2466763257980347,0
1622,937,0.37528154253959656,0
1622,756,1.2409007549285889,0
1622,263,0.6355502009391785,0
1622,257,0.9351114630699158,0
1622,793,0.4049937129020691,0
1622,1010,0.6573704481124878,0
1622,46,0.37771761417388916,0
3902,1368,0.4164665639400482,1
3902,685,0.6637017726898193,0
3902,491,0.41780850291252136,0
3902,421,0.44194382429122925,0
3902,232,0.4333014488220215,0
3902,1959,0.6795223355293274,0
3902,320,0.6506450772285461,0
3902,1967,0.42617350816726685,0
3902,250,0.7957914471626282,0
3902,1281,0.39978885650634766,0
3902,1354,0.7850673198699951,0
3902,560,0.7150363326072693,0
3902,1181,0.7036683559417725,0
3902,179,0.9958273768424988,0
3902,1857,0.6487426161766052,0
3902,350,0.6249393224716187,0
3902,122,1.5015082359313965,0
3902,645,0.70490562915802,0
3902,969,0.7174168229103088,0
3902,1457,0.9375089406967163,0
3914,819,0.5980331301689148,1
3914,765,1.3437334299087524,0
3914,2044,1.405165195465088,0
3914,1555,0.608403205871582,0
3914,638,0.6050636172294617,0
3914,1134,0.977818489074707,0
3914,835,0.6517431735992432,0
3914,1771,0.6590660214424133,0
3914,1231,1.2158105373382568,0
3914,1074,0.6615563631057739,0
3914,758,0.630976140499115,0
3914,963,0.6359890103340149,0
3914,408,0.6746122241020203,0
3914,351,0.342304527759552,0
3914,522,0.611376941204071,0
3914,1006,1.6526998281478882,0
3914,327,0.3183968663215637,0
3914,828,0.6546452045440674,0
3914,1660,0.6146379709243774,0
3914,820,0.6090946793556213,0
346,2060,0.757902979850769,1
346,237,1.137066125869751,0
346,584,0.5410153865814209,0
346,830,0.5474104285240173,0
346,986,0.7706863880157471,0
346,798,0.7270478010177612,0
346,1993,0.36430996656417847,0
346,1682,0.5916939973831177,0
346,564,0.5580620765686035,0
346,349,0.7572836875915527,0
346,1024,0.5155192017555237,0
346,731,0.5183926820755005,0
346,1743,0.5262444615364075,0
346,2005,0.5127400755882263,0
346,1984,0.5036342740058899,0
346,1726,0.5373293161392212,0
346,1999,0.9182919859886169,0
346,623,0.517383337020874,0
346,766,0.382222980260849,0
346,12,0.7400282621383667,0
2592,834,1.378720760345459,1
2592,1827,0.3379153311252594,0
2592,1625,0.3496527373790741,0
2592,1303,0.6623720526695251,0
2592,973,0.6348109841346741,0
2592,374,0.6913082599639893,0
2592,1272,1.395300030708313,0
2592,632,0.5952215790748596,0
2592,1092,1.4335806369781494,0
2592,1475,0.7034712433815002,0
2592,155,0.6605535745620728,0
2592,1160,2.3362746238708496,0
2592,1028,0.6863556504249573,0
2592,1083,0.3349512219429016,0
2592,1101,0.6262400150299072,0
2592,528,0.5980222821235657,0
2592,1695,0.34867721796035767,0
2592,1812,0.6775234341621399,0
2592,921,1.6988893747329712,0
2592,795,0.7024689316749573,0
1114,1544,0.7299501299858093,1
1114,1134,1.1255842447280884,0
1114,1944,0.37338632345199585,0
1114,777,0.7297123670578003,0
1114,45,0.3771931529045105,0
1114,1756,0.36342692375183105,0
1114,1357,0.39462047815322876,0
1114,1214,1.7792247533798218,0
1114,1294,1.367318868637085,0
1114,482,1.4730126857757568,0
1114,1189,0.7104042768478394,0
1114,772,0.39239609241485596,0
1114,550,0.7272678017616272,0
1114,989,1.7068383693695068,0
1114,1123,1.3389976024627686,0
1114,635,0.695618212223053,0
1114,1841,0.36743107438087463,0
1114,1341,1.0245624780654907,0
1114,2026,1.047055721282959,0
1114,95,0.6891088485717773,0
4163,48,0.6399355530738831,1
4163,2,0.3435882031917572,0
4163,1791,0.36271852254867554,0
4163,30,0.3645361065864563,0
4163,855,0.3462372422218323,0
4163,1382,0.612083375453949,0
4163,1521,1.4946330785751343,0
4163,1771,0.6623324155807495,0
4163,150,0.57942795753479,0
4163,102,0.6484640836715698,0
4163,992,0.8906645774841309,0
4163,933,0.664483368396759,0
4163,1251,0.6126098036766052,0
4163,1000,0.9227204322814941,0
4163,697,0.8893731832504272,0
4163,1399,1.5352423191070557,0
4163,1147,0.9679317474365234,0
4163,1296,0.36652499437332153,0
4163,860,0.6211458444595337,0
4163,1707,1.0132505893707275,0
1741,202,1.6973228454589844,1
1741,1671,2.3882787227630615,0
1741,1242,0.5948511362075806,0
1741,2054,0.6142622828483582,0
1741,1053,1.3211697340011597,0
1741,68,0.6897135376930237,0
1741,826,0.6328810453414917,0
1741,1694,1.736854076385498,0
1741,1876,3.7332050800323486,0
1741,1348,0.9646431803703308,0
1741,74,1.1644965410232544,0
1741,1677,0.32258141040802,0
1741,1531,0.3477165102958679,0
1741,1609,0.6437247395515442,0
1741,358,0.6377876400947571,0
1741,1733,0.6307967305183411,0
1741,1640,0.9185636043548584,0
1741,542,0.6385869979858398,0
1741,47,0.6903552412986755,0
1741,825,0.6863011121749878,0
542,631,0.39750462770462036,1
542,1469,0.5585536360740662,0
542,704,0.5683929920196533,0
542,1195,0.39027872681617737,0
542,174,0.5911230444908142,0
542,1471,0.5982851982116699,0
542,595,1.2511049509048462,0
542,1638,0.5790535807609558,0
542,1736,0.595706045627594,0
542,915,0.8451916575431824,0
542,1318,0.616995632648468,0
542,1694,1.4473682641983032,0
542,8,0.6458273530006409,0
542,1074,0.6248952150344849,0
542,1916,0.37290453910827637,0
542,1479,0.5929176807403564,0
542,1057,0.36874812841415405,0
542,97,1.2904341220855713,0
542,176,1.2278552055358887,0
542,1425,0.5807938575744629,0
973,475,1.262119174003601,1
973,2054,0.6263740062713623,0
973,1059,0.3982803225517273,0
973,1876,3.850436210632324,0
973,1951,0.9645513892173767,0
973,1003,0.3649727702140808,0
973,217,0.6313444375991821,0
973,1164,0.9324586391448975,0
973,1241,0.33454856276512146,0
973,448,0.7077000141143799,0
973,1069,0.3525848984718323,0
973,816,0.92863529920578,0
973,1306,0.5784996151924133,0
973,933,0.6840248107910156,0
973,189,0.6096172332763672,0
973,721,0.6180894374847412,0
973,677,0.36185115575790405,0
973,488,0.6705003976821899,0
973,804,0.6285709142684937,0
973,65,0.6959660649299622,0
422,2015,0.33673930168151855,1
422,794,0.6608976125717163,0
422,1558,0.32370251417160034,0
422,702,1.8596357107162476,0
422,697,0.9276444315910339,0
422,538,0.6441294550895691,0
422,1385,1.0460457801818848,0
422,366,0.9328944683074951,0
422,872,0.623713493347168,0
422,1304,0.7047781348228455,0
422,674,0.606469452381134,0
422,21,0.3574976921081543,0
422,319,0.6000171899795532,0
422,1258,0.6823803782463074,0
422,13,1.8448162078857422,0
422,971,0.34461143612861633,0
422,1038,0.6230014562606812,0
422,866,0.6331179141998291,0
422,1628,0.617299497127533,0
422,857,0.32583197951316833,0
1464,1908,0.4023090898990631,1
1464,1503,0.3704296052455902,0
1464,328,1.2355557680130005,0
1464,1585,0.417711079120636,0
1464,452,0.6780775785446167,0
1464,2059,0.34229981899261475,0
1464,779,0.6321874856948853,0
1464,1366,0.6449794769287109,0
1464,1812,0.6967254281044006,0
1464,1942,1.756942868232727,0
1464,734,0.6534822583198547,0
1464,1148,0.6176038980484009,0
1464,1811,0.6751806139945984,0
1464,993,0.8759558796882629,0
1464,735,0.6798676252365112,0
1464,466,0.6252419948577881,0
1464,1077,0.8586487770080566,0
1464,555,0.3823935091495514,0
1464,819,0.6419258117675781,0
1464,56,0.6380969285964966,0
1130,1404,0.6782598495483398,1
1130,1598,0.6781628131866455,0
1130,358,0.7248223423957825,0
1130,2051,1.625733494758606,0
1130,1279,0.6564397215843201,0
1130,483,2.201683282852173,0
1130,398,1.414434552192688,0
1130,206,0.6700193881988525,0
1130,240,0.7169771790504456,0
1130,1217,0.6764240264892578,0
1130,658,1.0065499544143677,0
1130,1120,1.2056833505630493,0
1130,1060,1.0004284381866455,0
1130,927,0.6854273676872253,0
1130,1136,0.7182943820953369,0
1130,1078,0.7079826593399048,0
1130,1489,0.682151198387146,0
1130,1469,0.634303867816925,0
1130,541,1.034383773803711,0
1130,110,0.44099557399749756,0
4174,1694,1.2687222957611084,1
4174,527,0.4999827742576599,0
4174,1216,0.5356221795082092,0
4174,1149,0.3449307382106781,0
4174,2033,0.5264948010444641,0
4174,181,0.5465216040611267,0
4174,1728,0.918125331401825,0
4174,1591,0.5103099942207336,0
4174,640,0.8749098777770996,0
4174,1707,0.767293393611908,0
4174,1016,0.5090190768241882,0
4174,1827,0.3526309132575989,0
4174,1633,0.5338417291641235,0
4174,411,0.32871323823928833,0
4174,924,0.7753252983093262,0
4174,783,0.5364542603492737,0
4174,775,0.34405380487442017,0
4174,159,1.1141035556793213,0
4174,350,0.49581095576286316,0
4174,324,0.3529425859451294,0
986,884,0.6633673906326294,1
986,258,1.415351152420044,0
986,710,0.644113302230835,0
986,1310,1.2451364994049072,0
986,492,0.3583483397960663,0
986,1175,0.6708476543426514,0
986,630,0.3781772553920746,0
986,1623,0.6235629320144653,0
986,1836,0.9398159384727478,0
986,1965,0.8858475685119629,0
986,1002,1.315416693687439,0
986,1542,0.6927931308746338,0
986,448,0.7147781848907471,0
986,1178,1.329399824142456,0
986,873,0.34717562794685364,0
986,1364,0.9613550305366516,0
986,1970,0.7006855010986328,0
986,1398,0.669906497001648,0
986,719,1.996527910232544,0
986,660,0.7126166224479675,0
2158,297,1.5306123495101929,1
2158,1388,0.9433802366256714,0
2158,2068,1.87299644947052,0
2158,951,0.38237905502319336,0
2158,859,0.665492057800293,0
2158,983,1.3002015352249146,0
2158,396,0.6132655143737793,0
2158,402,0.6493913531303406,0
2158,998,0.7065977454185486,0
2158,1736,0.6642341017723083,0
2158,255,0.6520366668701172,0
2158,410,1.0651887655258179,0
2158,1541,0.6663793325424194,0
2158,1266,0.6974014043807983,0
2158,536,0.6937614679336548,0
2158,1828,1.1393201351165771,0
2158,1116,0.6337690949440002,0
2158,1746,0.7414261698722839,0
2158,1662,0.7022409439086914,0
2158,1064,0.6592720746994019,0
3204,1717,0.33330923318862915,1
3204,1432,0.5843586921691895,0
3204,328,1.0161495208740234,0
3204,92,0.5753957033157349,0
3204,1921,0.3802475333213806,0
3204,68,0.6218971014022827,0
3204,385,0.5650767683982849,0
3204,1978,0.8286669850349426,0
3204,721,0.5669253468513489,0
3204,660,0.5811400413513184,0
3204,496,0.5633159279823303,0
3204,83,0.5371752381324768,0
3204,1559,1.4770152568817139,0
3204,1784,0.5441562533378601,0
3204,886,0.5779299736022949,0
3204,1893,0.5521684885025024,0
3204,1563,0.7309802174568176,0
3204,1518,1.3114376068115234,0
3204,1602,0.555881917476654,0
3204,1376,0.5586137175559998,0
677,122,1.1111282110214233,1
677,1483,0.5250965356826782,0
677,1319,0.339546799659729,0
677,86,0.7799932956695557,0
677,1085,0.33461982011795044,0
677,1872,0.3165394961833954,0
677,511,1.256895899772644,0
677,679,0.547960638999939,0
677,1944,0.33363837003707886,0
677,1370,0.7013370394706726,0
677,1226,0.3250630497932434,0
677,829,0.5307559370994568,0
677,1677,0.3188668489456177,0
677,1925,0.5247154235839844,0
677,1767,0.32946908473968506,0
677,554,0.3374842703342438,0
677,292,0.3141424059867859,0
677,189,0.5121713280677795,0
677,705,0.35221531987190247,0
677,368,0.5428900718688965,0
3122,610,0.36356019973754883,1
3122,1211,0.6450634598731995,0
3122,661,1.4822514057159424,0
3122,254,0.6325439810752869,0
3122,873,0.3431296646595001,0
3122,628,1.455634355545044,0
3122,944,0.6518084406852722,0
3122,2052,0.5742666125297546,0
3122,846,0.6590359210968018,0
3122,1247,0.35978633165359497,0
3122,329,0.37521690130233765,0
3122,1857,0.6032658219337463,0
3122,1659,0.6317892670631409,0
3122,240,0.643421471118927,0
3122,1379,1.2939643859863281,0
3122,1781,0.6327764391899109,0
3122,1227,0.5976290702819824,0
3122,177,0.5985609889030457,0
3122,283,0.6413410305976868,0
3122,750,0.568679928779602,0
3672,412,0.35670697689056396,1
3672,1235,0.6661065220832825,0
3672,84,0.683925211429596,0
3672,662,0.6552071571350098,0
3672,953,0.9350387454032898,0
3672,14,0.9696105122566223,0
3672,1578,2.2600321769714355,0
3672,1365,1.305519700050354,0
3672,1851,0.7289254069328308,0
3672,471,0.4125984311103821,0
3672,139,1.8111804723739624,0
3672,1505,0.3706492781639099,0
3672,1885,0.6774652600288391,0
3672,187,0.672156810760498,0
3672,1545,1.2374186515808105,0
3672,1186,0.692542552947998,0
3672,625,0.6570846438407898,0
3672,1303,0.6778472661972046,0
3672,99,0.3676086962223053,0
3672,478,0.6904741525650024,0
3890,2022,0.41224831342697144,1
3890,596,0.9893984198570251,0
3890,451,0.9085091352462769,0
3890,1675,0.6473249793052673,0
3890,1682,0.6843568086624146,0
3890,1180,0.9988994598388672,0
3890,1239,0.6598337888717651,0
3890,1570,0.6141051650047302,0
3890,226,0.41255420446395874,0
3890,138,0.43175166845321655,0
3890,133,0.3573824167251587,0
3890,1254,0.6219233274459839,0
3890,1728,1.1861205101013184,0
3890,511,1.4743268489837646,0
3890,1087,0.648156464099884,0
3890,468,0.663216233253479,0
3890,305,0.5898663997650146,0
3890,732,0.37188631296157837,0
3890,421,0.39725416898727417,0
3890,1329,0.8816255331039429,0
1415,2038,1.9510529041290283,1
1415,84,0.6583707928657532,0
1415,957,0.5763493776321411,0
1415,1045,0.6478448510169983,0
1415,1915,0.6314377784729004,0
1415,1159,0.9788662195205688,0
1415,753,0.5562789440155029,0
1415,236,0.6320324540138245,0
1415,1730,0.8891987800598145,0
1415,629,0.36009544134140015,0
1415,1477,0.34602880477905273,0
1415,1645,0.6117380261421204,0
1415,486,0.3705451786518097,0
1415,794,0.6434529423713684,0
1415,1531,0.35035520792007446,0
1415,756,1.2953379154205322,0
1415,1609,0.6662290096282959,0
1415,1491,0.6319830417633057,0
1415,282,0.9164315462112427,0
1415,402,0.6163710951805115,0
268,1972,1.2478253841400146,1
268,1467,1.4278531074523926,0
268,1504,0.34624770283699036,0
268,116,0.34614354372024536,0
268,575,0.5649212002754211,0
268,1568,0.37458184361457825,0
268,83,0.6009768843650818,0
268,1441,0.6289569139480591,0
268,345,4.372377872467041,0
268,1668,0.6184566617012024,0
268,1826,0.6261744499206543,0
268,1805,0.5910459160804749,0
268,990,0.37498676776885986,0
268,18,0.6233634948730469,0
268,1429,0.3257201313972473,0
268,2070,0.6513639092445374,0
268,641,0.6424893140792847,0
268,222,0.6186760067939758,0
268,847,0.9058573842048645,0
268,508,1.8507945537567139,0
2760,1199,0.35827064514160156,1
2760,1259,0.9605517387390137,0
2760,1838,0.6449443101882935,0
2760,1329,0.9247230291366577,0
2760,1266,0.695040225982666,0
2760,1464,0.6200865507125854,0
2760,546,0.6077257990837097,0
2760,856,0.6526709794998169,0
2760,1880,0.6633323431015015,0
2760,2077,0.7113406658172607,0
2760,1895,0.6537420749664307,0
2760,655,1.5899327993392944,0
2760,21,0.36676448583602905,0
2760,1028,0.6433248519897461,0
2760,959,1.056559443473816,0
2760,11,0.33861786127090454,0
2760,984,0.6636168360710144,0
2760,25,0.6262468695640564,0
2760,13,1.8457882404327393,0
2760,1314,0.6698657870292664,0
2395,449,0.9140447974205017,1
2395,1117,0.712077260017395,0
2395,1407,0.9314343333244324,0
2395,701,0.3678375482559204,0
2395,1400,1.4693357944488525,0
2395,539,1.0269964933395386,0
2395,1369,0.9214272499084473,0
2395,258,1.341181755065918,0
2395,706,0.7583770155906677,0
2395,523,1.0166391134262085,0
2395,993,0.9101167917251587,0
2395,353,0.6082110404968262,0
2395,269,0.7428544759750366,0
2395,41,1.0297268629074097,0
2395,180,0.6323286294937134,0
2395,410,1.0327003002166748,0
2395,431,0.8767728805541992,0
2395,1236,0.9204095602035522,0
2395,880,0.9763820767402649,0
2395,749,0.6577790379524231,0
254,335,0.9691610932350159,1
254,800,0.5536842942237854,0
254,979,0.5514258742332458,0
254,1113,0.5521426796913147,0
254,696,0.7403988242149353,0
254,88,0.5614930987358093,0
254,960,1.0364999771118164,0
254,1889,0.5523337125778198,0
254,775,0.36434394121170044,0
254,669,0.5522885322570801,0
254,1446,0.5450101494789124,0
254,1521,1.1361466646194458,0
254,1956,0.5976369380950928,0
254,754,0.7260439991950989,0
254,1269,0.5707764029502869,0
254,2071,0.5616858601570129,0
254,1119,0.7788286805152893,0
254,64,0.5562871694564819,0
254,2057,0.6172599792480469,0
254,802,0.6035010814666748,0
641,572,1.3758773803710938,1
641,181,0.6078115701675415,0
641,1768,0.33926087617874146,0
641,1391,0.6286896467208862,0
641,1964,0.5840905904769897,0
641,377,0.8643143773078918,0
641,1843,1.1930872201919556,0
641,1502,0.3462415337562561,0
641,335,1.052100419998169,0
641,278,0.35198092460632324,0
641,1035,0.7884194850921631,0
641,1175,0.5826578140258789,0
641,634,0.37762755155563354,0
641,721,0.5890023708343506,0
641,388,0.5539245009422302,0
641,1008,0.5852323770523071,0
641,204,0.5966536402702332,0
641,700,1.509664535522461,0
641,960,1.1350821256637573,0
641,329,0.3883165121078491,0
2116,1917,2.0916690826416016,1
2116,656,0.35829848051071167,0
2116,809,0.6164135336875916,0
2116,736,0.6573125123977661,0
2116,1848,0.9913089871406555,0
2116,1789,0.6909508109092712,0
2116,1302,0.9166747331619263,0
2116,170,0.6606910824775696,0
2116,2025,0.6658691763877869,0
2116,108,0.6445631980895996,0
2116,942,1.039965271949768,0
2116,116,0.37777000665664673,0
2116,1804,0.7006060481071472,0
2116,53,0.363109290599823,0
2116,1744,0.9217473864555359,0
2116,1539,0.6350005865097046,0
2116,1159,1.081939697265625,0
2116,1125,0.717273473739624,0
2116,1419,0.6775317192077637,0
2116,982,0.3976564109325409,0
3649,1406,0.40931224822998047,1
3649,1791,0.39598020911216736,0
3649,438,0.7152411341667175,0
3649,1042,0.662298321723938,0
3649,1032,0.6540946364402771,0
3649,818,0.9900333285331726,0
3649,637,1.785700798034668,0
3649,1412,0.6207708716392517,0
3649,545,0.6693496108055115,0
3649,96,0.656533420085907,0
3649,234,0.9367518424987793,0
3649,830,0.6884517073631287,0
3649,954,0.9213637709617615,0
3649,576,0.6980233788490295,0
3649,1414,1.003186583518982,0
3649,1670,0.6751322150230408,0
3649,736,0.6429553627967834,0
3649,572,1.74692964553833,0
3649,1199,0.40852120518684387,0
3649,1714,0.9947263598442078,0
547,1349,0.5340741276741028,1
547,2009,0.5148319602012634,0
547,985,0.6759750843048096,0
547,438,0.5578383207321167,0
547,668,0.29902809858322144,0
547,726,0.5175714492797852,0
547,1563,0.6910269856452942,0
547,992,0.7127024531364441,0
547,1950,0.7381587028503418,0
547,1707,0.7678738832473755,0
547,2071,0.5298302173614502,0
547,638,0.5212063193321228,0
547,172,0.3512269854545593,0
547,974,0.5140587687492371,0
547,464,0.5438238978385925,0
547,1300,0.49562376737594604,0
547,1550,0.5170067548751831,0
547,591,0.5408481955528259,0
547,913,0.9136794209480286,0
547,1839,0.5413815379142761,0
282,1278,4.281228065490723,1
282,821,0.3727222681045532,0
282,1838,0.6805917620658875,0
282,625,0.6968870759010315,0
282,594,1.91049063205719,0
282,1987,0.6994836926460266,0
282,1327,1.038881540298462,0
282,833,0.7131523489952087,0
282,326,0.3796073794364929,0
282,1319,0.3883513808250427,0
282,1879,0.70866858959198,0
282,900,0.6886847615242004,0
282,70,0.6687017679214478,0
282,1310,1.3618383407592773,0
282,565,1.0130468606948853,0
282,346,0.32490110397338867,0
282,1430,0.7571502923965454,0
282,1422,0.3869730830192566,0
282,307,0.7182652950286865,0
282,2072,0.6479213833808899,0
3657,1243,0.36497214436531067,1
3657,224,2.0859193801879883,0
3657,1599,0.35417911410331726,0
3657,1507,2.593979597091675,0
3657,49,1.6501483917236328,0
3657,1935,0.6472135782241821,0
3657,145,0.608019232749939,0
3657,820,0.6238859295845032,0
3657,288,0.6675205230712891,0
3657,309,0.6608850955963135,0
3657,1777,1.1877466440200806,0
3657,1519,3.169757604598999,0
3657,1916,0.3777948021888733,0
3657,44,0.659064769744873,0
3657,211,0.694404125213623,0
3657,135,0.6974755525588989,0
3657,1221,0.6367052793502808,0
3657,905,0.3473759889602661,0
3657,1399,1.4756911993026733,0
3657,828,0.6819754838943481,0
2802,1842,0.7259299159049988,1
2802,527,0.5255521535873413,0
2802,398,1.0246349573135376,0
2802,658,0.763785183429718,0
2802,1617,0.9735437631607056,0
2802,1509,0.8022111654281616,0
2802,224,1.5966928005218506,0
2802,1024,0.5429935455322266,0
2802,1353,0.6158740520477295,0
2802,1584,0.5866553783416748,0
2802,1501,0.605743944644928,0
2802,912,0.567646861076355,0
2802,1023,0.9586358666419983,0
2802,288,0.5963096022605896,0
2802,589,0.36279916763305664,0
2802,1940,0.5855416059494019,0
2802,693,0.5871778726577759,0
2802,1266,0.5637880563735962,0
2802,1515,1.0391314029693604,0
2802,1482,0.6008216142654419,0
2675,1160,2.1283352375030518,1
2675,1263,0.6721889972686768,0
2675,1075,0.37178894877433777,0
2675,1159,1.0423471927642822,0
2675,911,0.666953980922699,0
2675,1110,1.0101404190063477,0
2675,585,0.624281644821167,0
2675,905,0.33741259574890137,0
2675,1796,0.947738766670227,0
2675,954,0.9195657968521118,0
2675,311,0.9774327278137207,0
2675,2023,0.7469597458839417,0
2675,1818,1.442198395729065,0
2675,1090,0.6216514706611633,0
2675,966,0.7016693353652954,0
2675,1012,0.3591926097869873,0
2675,262,1.2111515998840332,0
2675,776,0.3747580349445343,0
2675,991,0.6732938885688782,0
2675,50,0.6393289566040039,0
517,1620,2.637061834335327,1
517,606,0.5770310163497925,0
517,1789,0.5809145569801331,0
517,1027,0.5528752207756042,0
517,1241,0.3306306302547455,0
517,150,0.5257408618927002,0
517,1496,0.5621833205223083,0
517,1619,0.3094058632850647,0
517,907,0.5346705317497253,0
517,816,0.7761934399604797,0
517,414,0.5816552042961121,0
517,1674,0.3614579141139984,0
517,235,1.3948324918746948,0
517,654,1.2450071573257446,0
517,1735,0.5843201875686646,0
517,86,0.8444888591766357,0
517,922,0.5465370416641235,0
517,487,0.5407750606536865,0
517,2069,0.3465414047241211,0
517,1322,0.8009158372879028,0
3561,186,1.5398622751235962,1
3561,1509,1.181357979774475,0
3561,1792,0.9621936082839966,0
3561,1408,0.6378556489944458,0
3561,2029,0.7054851651191711,0
3561,870,0.3766055107116699,0
3561,1599,0.3637942373752594,0
3561,1650,1.0566667318344116,0
3561,814,0.6748067736625671,0
3561,283,0.699413537979126,0
3561,759,0.6906786561012268,0
3561,1316,0.6793144941329956,0
3561,657,0.7172431349754333,0
3561,1781,0.6961084008216858,0
3561,165,0.701859712600708,0
3561,1577,0.7553730607032776,0
3561,1158,0.7084622979164124,0
3561,1725,0.9918217658996582,0
3561,797,0.377221941947937,0
3561,356,0.3745335340499878,0
2404,139,1.5103163719177246,1
2404,922,0.5949154496192932,0
2404,2024,0.6428472995758057,0
2404,846,0.6213503479957581,0
2404,526,0.6368910074234009,0
2404,1836,0.847661554813385,0
2404,1134,0.8969219326972961,0
2404,806,0.6759946942329407,0
2404,373,0.8687766194343567,0
2404,487,0.5910662412643433,0
2404,342,0.6312380433082581,0
2404,385,0.6318932175636292,0
2404,973,0.6034630537033081,0
2404,190,0.6315054893493652,0
2404,1146,0.6043738722801208,0
2404,1753,0.6491811275482178,0
2404,2073,2.0506327152252197,0
2404,1027,0.5887104272842407,0
2404,1050,0.819143533706665,0
2404,257,0.9252432584762573,0
3873,695,0.6389722228050232,1
3873,664,0.6003865003585815,0
3873,126,0.629213809967041,0
3873,1788,0.6317166090011597,0
3873,1573,0.6296212673187256,0
3873,2075,0.3719872236251831,0
3873,136,0.5683879852294922,0
3873,1872,0.3394312262535095,0
3873,1238,0.6392302513122559,0
3873,757,0.6150262355804443,0
3873,1793,0.3408832848072052,0
3873,228,0.6464296579360962,0
3873,940,0.6459197998046875,0
3873,643,0.6451190114021301,0
3873,1522,0.8604539632797241,0
3873,431,0.8321767449378967,0
3873,1362,0.6125815510749817,0
3873,327,0.3386840522289276,0
3873,1022,0.6441351771354675,0
3873,1411,0.640685498714447,0
2687,673,0.41575515270233154,1
2687,1027,0.6221299767494202,0
2687,1365,1.1813104152679443,0
2687,1404,0.6465991735458374,0
2687,1441,0.6701071858406067,0
2687,368,0.6694003939628601,0
2687,1202,0.5991953611373901,0
2687,546,0.628922700881958,0
2687,1986,3.2184901237487793,0
2687,1770,0.7232818007469177,0
2687,1041,0.8536543250083923,0
2687,1906,0.38314878940582275,0
2687,772,0.4272580146789551,0
2687,1840,0.3916807472705841,0
2687,1309,0.4159204363822937,0
2687,1654,1.2091578245162964,0
2687,922,0.6355790495872498,0
2687,1131,0.6773141026496887,0
2687,770,0.3995821475982666,0
2687,1201,0.6964980959892273,0
1606,439,2.267573356628418,1
1606,63,0.6565535664558411,0
1606,1917,2.0736472606658936,0
1606,805,1.6910784244537354,0
1606,858,0.6396691799163818,0
1606,1866,0.862477719783783,0
1606,381,0.5752415657043457,0
1606,105,0.9789624214172363,0
1606,770,0.3469730019569397,0
1606,874,0.6243788599967957,0
1606,1204,0.32192936539649963,0
1606,137,0.6171140670776367,0
1606,212,1.3835508823394775,0
1606,963,0.6140766143798828,0
1606,285,0.6530242562294006,0
1606,934,0.61988365650177,0
1606,695,0.6475869417190552,0
1606,199,0.9789374470710754,0
1606,586,0.965735673904419,0
1606,1472,1.1880097389221191,0
302,968,0.7089478373527527,1
302,677,0.3495856523513794,0
302,229,1.055725336074829,0
302,919,0.9785510897636414,0
302,1867,1.2258461713790894,0
302,592,0.5626608729362488,0
302,433,1.02791428565979,0
302,125,0.5465852618217468,0
302,342,0.5490804314613342,0
302,1545,0.9531311988830566,0
302,234,0.7392341494560242,0
302,706,0.623878538608551,0
302,1110,0.8223599791526794,0
302,1002,0.9929759502410889,0
302,530,0.7419542074203491,0
302,1201,0.5926001667976379,0
302,1992,0.5578662753105164,0
302,650,0.5427156686782837,0
302,1526,0.5364618301391602,0
302,1917,1.521077036857605,0
1755,1505,0.38829344511032104,1
1755,1512,0.6432939767837524,0
1755,446,0.3607912063598633,0
1755,1540,0.4090275764465332,0
1755,1569,0.3811301589012146,0
1755,1937,0.6663881540298462,0
1755,771,0.606680154800415,0
1755,453,0.6453331708908081,0
1755,557,0.3844946026802063,0
1755,477,0.6687494516372681,0
1755,1613,0.38219496607780457,0
1755,1303,0.6721979379653931,0
1755,207,0.6806337237358093,0
1755,1462,0.667799174785614,0
1755,883,1.3580479621887207,0
1755,1712,1.2806490659713745,0
1755,1007,0.6575536727905273,0
1755,1873,0.6478046178817749,0
1755,779,0.6237800121307373,0
1755,1886,0.6613553166389465,0
2784,1955,0.35523104667663574,1
2784,1070,0.6440758109092712,0
2784,1769,0.3717453181743622,0
2784,1007,0.6203818321228027,0
2784,1529,0.6411594152450562,0
2784,1266,0.6583048105239868,0
2784,1998,0.5727858543395996,0
2784,591,0.6080976128578186,0
2784,1977,0.6176838874816895,0
2784,474,0.9386661648750305,0
2784,158,0.6789385676383972,0
2784,2039,0.9038493633270264,0
2784,1212,0.5560658574104309,0
2784,642,0.612360954284668,0
2784,697,0.8931048512458801,0
2784,1792,0.8528593182563782,0
2784,1535,1.3392579555511475,0
2784,1094,0.6347505450248718,0
2784,486,0.36361342668533325,0
2784,811,0.5713948607444763,0
127,1170,1.0441510677337646,1
127,623,0.5709564685821533,0
127,382,0.4141972064971924,0
127,1370,0.7542448043823242,0
127,1039,0.5993417501449585,0
127,1504,0.3793705701828003,0
127,1007,0.5929597020149231,0
127,986,0.8784504532814026,0
127,2015,0.38750118017196655,0
127,1046,0.6025097370147705,0
127,1673,0.6332903504371643,0
127,233,0.6310496926307678,0
127,892,0.559065580368042,0
127,1572,0.5995322465896606,0
127,2065,0.5823974609375,0
127,98,0.5782132148742676,0
127,650,0.5980338454246521,0
127,1391,0.6273926496505737,0
127,819,0.583762526512146,0
127,2004,0.8094230890274048,0
1087,1349,0.5615155100822449,1
1087,776,0.37692493200302124,0
1087,727,0.3579096794128418,0
1087,288,0.5624295473098755,0
1087,9,0.3749929964542389,0
1087,1518,1.1538550853729248,0
1087,620,0.37488672137260437,0
1087,125,0.5257535576820374,0
1087,1979,0.5490776896476746,0
1087,775,0.362216591835022,0
1087,1767,0.3775688111782074,0
1087,1436,0.5255873203277588,0
1087,974,0.5183713436126709,0
1087,42,0.5489411950111389,0
1087,1911,0.6646832227706909,0
1087,956,0.7487356662750244,0
1087,954,0.7012854218482971,0
1087,1710,0.6947370767593384,0
1087,1839,0.5412859320640564,0
1087,1817,0.3476720452308655,0
34,959,1.1093298196792603,1
34,49,1.807803750038147,0
34,883,1.4239424467086792,0
34,251,0.4058152437210083,0
34,59,1.005911111831665,0
34,1018,0.3920677602291107,0
34,1739,1.308975100517273,0
34,55,1.22918701171875,0
34,1987,0.6915085315704346,0
34,1029,0.6568574905395508,0
34,1471,0.7159240245819092,0
34,1796,1.0200163125991821,0
34,1133,0.6862910389900208,0
34,1664,2.169755697250366,0
34,1886,0.6773149371147156,0
34,1536,1.8705532550811768,0
34,478,0.7033809423446655,0
34,2072,0.6050626635551453,0
34,718,0.7266971468925476,0
34,53,0.3563380837440491,0
1043,595,1.1848570108413696,1
1043,1991,0.5366853475570679,0
1043,1002,0.9747744798660278,0
1043,1546,0.5554363131523132,0
1043,919,0.9731084108352661,0
1043,78,0.9882525205612183,0
1043,4,0.5683081746101379,0
1043,558,0.38601166009902954,0
1043,1967,0.37772607803344727,0
1043,2002,0.5259348750114441,0
1043,1326,0.5753090381622314,0
1043,1560,0.3622780442237854,0
1043,1586,0.7387515902519226,0
1043,1792,0.7225862145423889,0
1043,1379,1.0117113590240479,0
1043,637,1.292698621749878,0
1043,1705,0.8907620906829834,0
1043,898,0.5472850799560547,0
1043,1731,0.5904417037963867,0
1043,1080,0.5924661755561829,0
1482,1939,0.6339149475097656,1
1482,634,0.3998301923274994,0
1482,997,0.6901921629905701,0
1482,1729,1.0070594549179077,0
1482,811,0.5917276740074158,0
1482,1555,0.6699985861778259,0
1482,297,1.581641435623169,0
1482,1202,0.6161909103393555,0
1482,1141,0.6442590951919556,0
1482,1698,0.36107584834098816,0
1482,1628,0.6312910318374634,0
1482,1852,0.6941772103309631,0
1482,105,0.9917734861373901,0
1482,25,0.6364584565162659,0
1482,1550,0.6508709192276001,0
1482,882,0.7653292417526245,0
1482,986,1.0467051267623901,0
1482,255,0.6558631062507629,0
1482,794,0.650057852268219,0
1482,1742,0.6456590890884399,0
2680,567,1.3580632209777832,1
2680,954,0.7953112721443176,0
2680,1608,0.823333203792572,0
2680,841,1.7190954685211182,0
2680,1293,0.3398939371109009,0
2680,164,0.6389584541320801,0
2680,1613,0.33837777376174927,0
2680,187,0.5775883793830872,0
2680,1809,0.8348931670188904,0
2680,1614,0.5696812868118286,0
2680,935,0.5950992703437805,0
2680,1119,0.8401795625686646,0
2680,1601,0.6093563437461853,0
2680,408,0.6205605864524841,0
2680,821,0.33392685651779175,0
2680,2015,0.3345757722854614,0
2680,631,0.3579455614089966,0
2680,1680,0.5582605600357056,0
2680,958,1.4081802368164062,0
2680,1018,0.35634905099868774,0
1917,939,0.3533041179180145,1
1917,1561,1.19492506980896,0
1917,1947,0.5781301856040955,0
1917,1759,0.6520302891731262,0
1917,410,0.978834331035614,0
1917,1935,0.6358336210250854,0
1917,275,0.33561182022094727,0
1917,1515,1.2928906679153442,0
1917,1575,0.6034128069877625,0
1917,1223,0.3198087811470032,0
1917,51,0.33548665046691895,0
1917,1945,0.3693142533302307,0
1917,1215,0.6317712068557739,0
1917,936,0.8927226066589355,0
1917,160,0.6176853179931641,0
1917,1159,0.9584121704101562,0
1917,1678,0.5873587727546692,0
1917,97,1.4541537761688232,0
1917,1409,0.39779236912727356,0
1917,125,0.6056332588195801,0
1697,656,0.35534560680389404,1
1697,636,0.5541322827339172,0
1697,1164,0.7834271788597107,0
1697,770,0.38702672719955444,0
1697,1709,0.5833263397216797,0
1697,135,0.6421718597412109,0
1697,1742,0.5743963122367859,0
1697,198,0.5749847292900085,0
1697,246,0.5977535247802734,0
1697,1528,1.110956072807312,0
1697,796,0.6052538156509399,0
1697,1697,0.6151523590087891,0
1697,2050,0.7633774876594543,0
1697,1458,0.5496389269828796,0
1697,1359,1.2116634845733643,0
1697,1943,0.5705527067184448,0
1697,2030,0.986555278301239,0
1697,575,0.5639379024505615,0
1697,1842,0.7829360961914062,0
1697,336,0.5874840617179871,0
1772,1485,0.3637094497680664,1
1772,1136,0.6617733240127563,0
1772,36,0.6844216585159302,0
1772,42,0.6595544815063477,0
1772,627,0.6213086247444153,0
1772,182,1.1497187614440918,0
1772,1574,0.6664339303970337,0
1772,987,0.86850905418396,0
1772,1416,0.9457067847251892,0
1772,629,0.39216169714927673,0
1772,118,0.5895678997039795,0
1772,1524,0.693209707736969,0
1772,519,0.6411542892456055,0
1772,493,0.6815187931060791,0
1772,911,0.6662173867225647,0
1772,641,0.6586412191390991,0
1772,1005,0.6938826441764832,0
1772,777,0.655151903629303,0
1772,1671,2.4066684246063232,0
1772,603,0.3496781289577484,0
3336,1213,0.34170281887054443,1
3336,184,0.5933736562728882,0
3336,57,0.6207528710365295,0
3336,335,1.2435065507888794,0
3336,789,1.779150366783142,0
3336,1079,0.7070247530937195,0
3336,1192,0.6575608253479004,0
3336,1792,0.8695746660232544,0
3336,77,0.3843492865562439,0
3336,1349,0.6283807754516602,0
3336,266,0.6569705605506897,0
3336,1872,0.3242456316947937,0
3336,1690,0.6162112951278687,0
3336,636,0.5988872647285461,0
3336,1834,0.6534920334815979,0
3336,1289,0.6295285224914551,0
3336,1100,0.37589144706726074,0
3336,869,0.6444514393806458,0
3336,1169,0.9181145429611206,0
3336,229,1.3178272247314453,0
503,465,0.33902978897094727,1
503,302,0.6148175597190857,0
503,90,0.8086522817611694,0
503,1343,0.6506218314170837,0
503,576,0.6548635363578796,0
503,713,0.574634850025177,0
503,1690,0.6030681133270264,0
503,1313,1.2090038061141968,0
503,594,1.5427910089492798,0
503,1583,0.6084597110748291,0
503,1629,0.36981451511383057,0
503,1121,0.8734398484230042,0
503,1401,0.6189171075820923,0
503,893,0.34734949469566345,0
503,941,0.5903658270835876,0
503,564,0.6366813778877258,0
503,288,0.6416869163513184,0
503,581,0.6081749200820923,0
503,462,0.9462701082229614,0
503,230,0.6324329972267151,0
810,1011,1.4301785230636597,1
810,67,1.0598269701004028,0
810,572,1.6819196939468384,0
810,1498,0.6196667551994324,0
810,1283,0.35008639097213745,0
810,890,0.6962781548500061,0
810,598,0.9930264353752136,0
810,1279,0.5982464551925659,0
810,176,1.5013470649719238,0
810,437,0.8568493723869324,0
810,669,0.6016568541526794,0
810,1722,0.6575485467910767,0
810,523,1.0085184574127197,0
810,168,0.6517463326454163,0
810,433,1.297723412513733,0
810,1715,0.9388204216957092,0
810,808,0.8508068919181824,0
810,153,1.4707034826278687,0
810,1422,0.34234338998794556,0
810,854,0.34725654125213623,0
101,208,1.5606651306152344,1
101,656,0.3951019048690796,0
101,1466,0.7080062627792358,0
101,1569,0.40918946266174316,0
101,1798,0.7113493084907532,0
101,790,1.008135199546814,0
101,1007,0.6686044335365295,0
101,129,0.40660664439201355,0
101,774,0.6835298538208008,0
101,1518,1.706581711769104,0
101,1987,0.6675760746002197,0
101,1029,0.6600189805030823,0
101,2028,1.009200096130371,0
101,267,0.4198703169822693,0
101,440,0.6652570962905884,0
101,1435,0.660823404788971,0
101,77,0.43613189458847046,0
101,1546,0.6561543345451355,0
101,1744,0.9277910590171814,0
101,923,2.87339186668396,0
537,97,1.239105224609375,1
537,535,0.5248538851737976,0
537,673,0.37000513076782227,0
537,53,0.33124732971191406,0
537,1032,0.5429849028587341,0
537,581,0.5438408851623535,0
537,517,0.5574688911437988,0
537,1310,0.9427961707115173,0
537,1578,1.606006383895874,0
537,583,0.5682034492492676,0
537,1956,0.5867268443107605,0
537,816,0.752276599407196,0
537,1182,0.8057059049606323,0
537,252,0.34177571535110474,0
537,556,0.537817120552063,0
537,728,0.5223453044891357,0
537,635,0.5605204105377197,0
537,1776,0.5831588506698608,0
537,793,0.35635271668434143,0
537,1249,0.3411131799221039,0
2138,590,2.341259241104126,1
2138,1195,0.41600868105888367,0
2138,381,0.638548731803894,0
2138,751,0.4153600335121155,0
2138,266,0.7375215888023376,0
2138,1370,0.9596422910690308,0
2138,495,0.7227969169616699,0
2138,778,1.5030750036239624,0
2138,785,0.7489755153656006,0
2138,532,0.7369981408119202,0
2138,1828,1.1792473793029785,0
2138,138,0.4376952648162842,0
2138,1081,0.3686376214027405,0
2138,760,1.9521299600601196,0
2138,106,1.2341254949569702,0
2138,191,0.7061325907707214,0
2138,2009,0.6694255471229553,0
2138,1359,1.5587172508239746,0
2138,168,0.7117296457290649,0
2138,1038,0.7069990634918213,0
3760,1587,0.36511263251304626,1
3760,454,0.6030875444412231,0
3760,770,0.3975723385810852,0
3760,268,0.6701652407646179,0
3760,122,1.4257932901382446,0
3760,1728,1.178892970085144,0
3760,15,0.6294684410095215,0
3760,1320,0.7212768793106079,0
3760,1505,0.3807070851325989,0
3760,629,0.390142023563385,0
3760,51,0.3622516989707947,0
3760,71,1.2434954643249512,0
3760,426,1.7320395708084106,0
3760,1621,0.3644774556159973,0
3760,2056,0.3757103681564331,0
3760,2018,0.4116671085357666,0
3760,197,0.6628476977348328,0
3760,1077,0.8645986318588257,0
3760,311,0.9488710761070251,0
3760,267,0.3861764073371887,0
1779,1629,0.3695567846298218,1
1779,396,0.6058999300003052,0
1779,465,0.3466806411743164,0
1779,997,0.6602597236633301,0
1779,639,1.3031857013702393,0
1779,1750,0.7088106274604797,0
1779,1917,2.0453877449035645,0
1779,1692,0.6297195553779602,0
1779,1842,0.910258412361145,0
1779,977,0.948915421962738,0
1779,432,0.6842288374900818,0
1779,1130,0.6260635256767273,0
1779,1736,0.6519734263420105,0
1779,589,0.34058937430381775,0
1779,650,0.6371142268180847,0
1779,370,0.6223582029342651,0
1779,435,0.642489492893219,0
1779,81,0.685005247592926,0
1779,1870,0.6241382956504822,0
1779,1621,0.3478083610534668,0
4139,1389,0.38472408056259155,1
4139,897,0.35161691904067993,0
4139,610,0.37364551424980164,0
4139,280,0.666767418384552,0
4139,1104,1.7960336208343506,0
4139,2008,0.9334529042243958,0
4139,649,1.277571439743042,0
4139,169,0.4044031500816345,0
4139,481,0.6838556528091431,0
4139,1570,0.6447201371192932,0
4139,850,1.450762391090393,0
4139,1399,1.5033658742904663,0
4139,61,0.6152166724205017,0
4139,228,0.6990686655044556,0
4139,1158,0.6350480914115906,0
4139,842,0.6154477596282959,0
4139,1065,0.9299622774124146,0
4139,956,0.9840813875198364,0
4139,1174,0.661932647228241,0
4139,1952,2.3308968544006348,0
1607,250,0.620890736579895,1
1607,979,0.5134686827659607,0
1607,1288,0.5188959240913391,0
1607,146,0.731991171836853,0
1607,1251,0.5374065637588501,0
1607,315,0.5362560153007507,0
1607,1568,0.38534560799598694,0
1607,934,0.5430928468704224,0
1607,1651,0.5053016543388367,0
1607,2037,0.7200899720191956,0
1607,610,0.3460526466369629,0
1607,1609,0.5608071684837341,0
1607,763,0.5303871631622314,0
1607,740,0.3408961892127991,0
1607,1662,0.5534436106681824,0
1607,1786,0.5320004224777222,0
1607,1371,0.5575573444366455,0
1607,796,0.560484766960144,0
1607,1083,0.3627716302871704,0
1607,427,1.1823675632476807,0
3689,1503,0.3263930082321167,1
3689,1333,0.9065390229225159,0
3689,1860,1.4827933311462402,0
3689,1305,0.3492594361305237,0
3689,1124,3.368924379348755,0
3689,1154,0.3568155765533447,0
3689,731,0.599869966506958,0
3689,1479,0.614418089389801,0
3689,428,0.6370728611946106,0
3689,1521,1.4527132511138916,0
3689,1443,0.62848299741745,0
3689,1661,0.6767178177833557,0
3689,1505,0.34245967864990234,0
3689,985,0.8228966593742371,0
3689,239,0.3347214460372925,0
3689,840,0.6598013043403625,0
3689,661,1.5524829626083374,0
3689,84,0.6623871922492981,0
3689,1890,0.6143707036972046,0
3689,533,1.5927953720092773,0
2382,1472,1.2383153438568115,1
2382,650,0.6540567278862,0
2382,1897,0.6569989919662476,0
2382,40,1.9833080768585205,0
2382,1164,0.9558554291725159,0
2382,186,1.4434126615524292,0
2382,1719,0.9874346256256104,0
2382,252,0.3498980402946472,0
2382,686,0.6275607347488403,0
2382,1576,0.34453749656677246,0
2382,1240,0.7245882153511047,0
2382,85,0.6257162690162659,0
2382,921,1.6363106966018677,0
2382,1579,1.0081630945205688,0
2382,2063,0.3551073670387268,0
2382,654,1.6729786396026611,0
2382,2038,2.120582342147827,0
2382,830,0.6747231483459473,0
2382,1878,1.0252424478530884,0
2382,1771,0.680953323841095,0
623,1589,1.5066574811935425,1
623,1835,0.687455415725708,0
623,1351,1.0109835863113403,0
623,1622,1.0422523021697998,0
623,664,0.7099533081054688,0
623,51,0.3748089075088501,0
623,2053,0.7236650586128235,0
623,1164,1.0669207572937012,0
623,1347,1.2814968824386597,0
623,2048,0.38940978050231934,0
623,317,0.72489994764328,0
623,952,0.77284175157547,0
623,1920,0.7306739687919617,0
623,1812,0.764553427696228,0
623,464,0.7717108130455017,0
623,498,0.7162693738937378,0
623,188,1.0901505947113037,0
623,1373,1.817995548248291,0
623,1078,0.74736088514328,0
623,953,1.0289294719696045,0
2612,1829,3.943317174911499,1
2612,1318,0.6754318475723267,0
2612,1332,0.9185078144073486,0
2612,1321,0.6355074048042297,0
2612,447,0.9454495906829834,0
2612,1635,0.3638651967048645,0
2612,528,0.6108055114746094,0
2612,921,1.5258979797363281,0
2612,75,0.3579913377761841,0
2612,401,0.6869140267372131,0
2612,973,0.6339389681816101,0
2612,350,0.5967532396316528,0
2612,1,0.6601012945175171,0
2612,281,0.33981114625930786,0
2612,590,2.198854446411133,0
2612,1277,0.940872311592102,0
2612,1688,0.40561726689338684,0
2612,642,0.6550934314727783,0
2612,93,0.6467781662940979,0
2612,1584,0.659401535987854,0
3185,2055,0.3600669503211975,1
3185,685,0.6336084604263306,0
3185,1417,0.3699968755245209,0
3185,1585,0.38492351770401,0
3185,988,1.9246944189071655,0
3185,1454,0.3577439486980438,0
3185,1140,0.3635081648826599,0
3185,719,1.9916322231292725,0
3185,171,1.0568084716796875,0
3185,884,0.653562068939209,0
3185,346,0.3243595361709595,0
3185,2022,0.39575129747390747,0
3185,1559,2.0232067108154297,0
3185,2011,0.7024518847465515,0
3185,515,0.3719446063041687,0
3185,178,0.3424938917160034,0
3185,698,0.6701382398605347,0
3185,314,0.3718322515487671,0
3185,2046,0.6210428476333618,0
3185,1778,0.7209119200706482,0
3123,1763,0.3607752323150635,1
3123,1839,0.6148777008056641,0
3123,1157,1.3755098581314087,0
3123,1564,1.3270059823989868,0
3123,1991,0.5620273947715759,0
3123,901,0.39012855291366577,0
3123,1110,0.8701353073120117,0
3123,1958,0.6005576848983765,0
3123,89,0.3695991039276123,0
3123,1401,0.588411808013916,0
3123,828,0.6343519687652588,0
3123,1767,0.37529581785202026,0
3123,893,0.36456775665283203,0
3123,686,0.5551288723945618,0
3123,1802,1.1181765794754028,0
3123,849,0.5823600888252258,0
3123,2003,0.40258198976516724,0
3123,68,0.6671893000602722,0
3123,1504,0.3659862279891968,0
3123,1352,0.5787535309791565,0
1202,1694,1.3654096126556396,1
1202,1651,0.5434458255767822,0
1202,1680,0.5255372524261475,0
1202,439,1.623339295387268,0
1202,1353,0.6001036167144775,0
1202,330,1.8595489263534546,0
1202,887,0.5054190158843994,0
1202,867,0.5565018057823181,0
1202,337,0.6934235095977783,0
1202,1306,0.5143579840660095,0
1202,1777,0.9599437713623047,0
1202,990,0.3830210268497467,0
1202,1863,0.35152938961982727,0
1202,1073,0.3494443893432617,0
1202,38,0.33436742424964905,0
1202,130,0.5652058124542236,0
1202,1311,0.3768746256828308,0
1202,1280,0.5412743091583252,0
1202,1645,0.5629445910453796,0
1202,433,1.0385996103286743,0
710,237,1.5977286100387573,1
710,759,0.6467630863189697,0
710,179,0.968136727809906,0
710,1983,1.1055139303207397,0
710,55,1.2302061319351196,0
710,314,0.34795182943344116,0
710,515,0.3703003227710724,0
710,978,1.286643624305725,0
710,46,0.3447769284248352,0
710,685,0.6384226679801941,0
710,713,0.6357880234718323,0
710,1710,0.909695029258728,0
710,1572,0.6619885563850403,0
710,458,0.6373177170753479,0
710,1523,0.6421180367469788,0
710,672,0.34060946106910706,0
710,87,0.3758898377418518,0
710,1623,0.6004706621170044,0
710,1141,0.6547027230262756,0
710,630,0.3653573989868164,0
977,1924,0.33864349126815796,1
977,1034,0.8652176260948181,0
977,582,0.6621835827827454,0
977,723,0.3834591507911682,0
977,1590,0.7300081849098206,0
977,858,0.6754331588745117,0
977,1737,0.375294029712677,0
977,2000,1.0261729955673218,0
977,1353,0.716090202331543,0
977,680,1.8836774826049805,0
977,271,1.7287769317626953,0
977,142,0.3827827274799347,0
977,1809,0.9455801248550415,0
977,1405,1.3626545667648315,0
977,1194,0.6421119570732117,0
977,1062,0.6227396726608276,0
977,1663,1.578744888305664,0
977,977,0.9121429920196533,0
977,398,1.3279412984848022,0
977,456,0.713357150554657,0
2895,1309,0.40874427556991577,1
2895,177,0.6367809176445007,0
2895,1062,0.6472984552383423,0
2895,1197,0.6802675724029541,0
2895,826,0.6652019023895264,0
2895,2008,0.9712648391723633,0
2895,651,1.0217071771621704,0
2895,1298,0.6347176432609558,0
2895,390,0.39939412474632263,0
2895,984,0.6717238426208496,0
2895,12,0.9748838543891907,0
2895,1208,0.36152970790863037,0
2895,501,0.9514873027801514,0
2895,1701,0.372874915599823,0
2895,1064,0.671592652797699,0
2895,961,0.6632742881774902,0
2895,565,0.9385769367218018,0
2895,628,1.5176548957824707,0
2895,553,0.6293570399284363,0
2895,1506,0.355620801448822,0
2218,629,0.4046066105365753,1
2218,1353,0.7500540614128113,0
2218,1201,0.7258491516113281,0
2218,1895,0.6814525127410889,0
2218,724,0.6158111095428467,0
2218,570,0.6757000684738159,0
2218,1635,0.37203341722488403,0
2218,354,0.41395634412765503,0
2218,363,0.3710981011390686,0
2218,733,1.078126072883606,0
2218,1322,0.9730755686759949,0
2218,267,0.400954008102417,0
2218,1342,0.6805250644683838,0
2218,1570,0.6469714641571045,0
2218,1422,0.3933340311050415,0
2218,1517,0.5852252244949341,0
2218,22,0.6535758376121521,0
2218,197,0.6835647225379944,0
2218,892,0.6345219016075134,0
2218,959,1.0592284202575684,0
2734,348,0.5712463855743408,1
2734,1685,0.3956415057182312,0
2734,456,0.6076852083206177,0
2734,1320,0.6173056364059448,0
2734,1523,0.5411386489868164,0
2734,890,0.589130163192749,0
2734,1950,0.7954564094543457,0
2734,2,0.3799256384372711,0
2734,1473,3.0162596702575684,0
2734,879,0.5523102283477783,0
2734,558,0.3978649377822876,0
2734,1316,0.5505726337432861,0
2734,1849,0.5685989260673523,0
2734,17,0.5585652589797974,0
2734,349,0.7887624502182007,0
2734,557,0.37408584356307983,0
2734,533,1.217237949371338,0
2734,1491,0.5391239523887634,0
2734,577,0.36757293343544006,0
2734,1838,0.5537882447242737,0
1626,312,0.6449459791183472,1
1626,1452,0.40023884177207947,0
1626,354,0.39074262976646423,0
1626,1869,0.6507059931755066,0
1626,519,0.6458103060722351,0
1626,471,0.4253920614719391,0
1626,2079,0.671425998210907,0
1626,458,0.6309674382209778,0
1626,763,0.6409621834754944,0
1626,1872,0.3506212830543518,0
1626,1034,0.8874028921127319,0
1626,1896,0.6788591742515564,0
1626,1840,0.37602728605270386,0
1626,1640,0.9429357051849365,0
1626,1429,0.3575461506843567,0
1626,1098,0.5923752188682556,0
1626,1732,1.2142441272735596,0
1626,68,0.7298624515533447,0
1626,365,0.68834388256073,0
1626,1390,0.6411182284355164,0
616,1578,1.625991702079773,1
616,604,0.36480268836021423,0
616,926,0.6183931231498718,0
616,1071,0.5550524592399597,0
616,1083,0.386089026927948,0
616,441,0.5217897295951843,0
616,1678,0.5497250556945801,0
616,678,0.6203274130821228,0
616,54,0.569416344165802,0
616,1495,0.5536383390426636,0
616,1758,0.42394521832466125,0
616,776,0.38284799456596375,0
616,1862,0.5868015289306641,0
616,1842,0.7634551525115967,0
616,806,0.6280118823051453,0
616,836,1.1454997062683105,0
616,1499,0.6011244654655457,0
616,17,0.5744569301605225,0
616,397,0.6221796870231628,0
616,175,0.6233516931533813,0
4057,1241,0.3617912530899048,1
4057,514,0.7098600268363953,0
4057,870,0.39624303579330444,0
4057,918,0.9765114188194275,0
4057,1706,0.405388206243515,0
4057,404,0.6406704187393188,0
4057,267,0.39480793476104736,0
4057,2033,0.6637105941772461,0
4057,743,1.0673145055770874,0
4057,1581,0.682748019695282,0
4057,526,0.7102741599082947,0
4057,1041,0.9064854979515076,0
4057,677,0.3854300081729889,0
4057,601,0.3608330488204956,0
4057,212,1.4896159172058105,0
4057,781,0.6651118397712708,0
4057,55,1.2392778396606445,0
4057,160,0.6691074967384338,0
4057,1113,0.6803998351097107,0
4057,2050,0.968525767326355,0
3776,597,0.3839418888092041,1
3776,312,0.6569939851760864,0
3776,1849,0.6602749228477478,0
3776,433,1.2846112251281738,0
3776,921,1.420458197593689,0
3776,73,0.6176761984825134,0
3776,842,0.6102014183998108,0
3776,158,0.6862009763717651,0
3776,674,0.6220806241035461,0
3776,525,0.6755556464195251,0
3776,1821,0.9271817207336426,0
3776,827,0.3895069360733032,0
3776,230,0.6624130606651306,0
3776,103,1.7473770380020142,0
3776,41,1.0187894105911255,0
3776,86,0.9840685725212097,0
3776,1493,0.9505175352096558,0
3776,1886,0.641017496585846,0
3776,397,0.7153798937797546,0
3776,1998,0.5886486172676086,0
1803,1793,0.34507912397384644,1
1803,1575,0.5495724678039551,0
1803,751,0.37688228487968445,0
1803,1341,0.7688677310943604,0
1803,887,0.5216180682182312,0
1803,451,0.801539421081543,0
1803,1365,0.9742646217346191,0
1803,327,0.33639973402023315,0
1803,458,0.553291916847229,0
1803,576,0.6112189292907715,0
1803,2005,0.5419291853904724,0
1803,55,0.9406342506408691,0
1803,1263,0.5958356857299805,0
1803,1876,2.848243236541748,0
1803,636,0.5530666708946228,0
1803,1339,0.8361942768096924,0
1803,227,0.3513548970222473,0
1803,983,1.0790520906448364,0
1803,45,0.36929988861083984,0
1803,246,0.5755005478858948,0
74,1720,0.7100511789321899,1
74,1307,0.5435428023338318,0
74,1369,0.7008358836174011,0
74,1064,0.5145241618156433,0
74,1974,0.5739532113075256,0
74,430,0.5326859951019287,0
74,1633,0.5412065386772156,0
74,1225,0.3252548575401306,0
74,717,0.6331211924552917,0
74,129,0.36917877197265625,0
74,584,0.543269157409668,0
74,1887,0.5438169240951538,0
74,728,0.5145677924156189,0
74,1073,0.35447990894317627,0
74,1953,0.9250863194465637,0
74,300,0.3840029835700989,0
74,692,0.5761341452598572,0
74,1922,0.5789744853973389,0
74,198,0.5305952429771423,0
74,1982,0.5624034404754639,0
2399,207,0.6471704840660095,1
2399,139,1.6212654113769531,0
2399,454,0.5905158519744873,0
2399,861,1.4786790609359741,0
2399,954,0.8849278688430786,0
2399,417,1.5540735721588135,0
2399,162,0.6233566999435425,0
2399,602,0.6236483454704285,0
2399,1996,0.6219558715820312,0
2399,1430,0.6854137778282166,0
2399,1756,0.38167768716812134,0
2399,656,0.36028075218200684,0
2399,1604,0.39161208271980286,0
2399,84,0.6434333324432373,0
2399,415,0.6473760008811951,0
2399,337,0.8370737433433533,0
2399,544,0.6126893758773804,0
2399,1669,1.4952813386917114,0
2399,1121,0.8971469402313232,0
2399,1141,0.6204847693443298,0
2403,1128,0.3612511157989502,1
2403,711,0.8941033482551575,0
2403,1848,0.9416473507881165,0
2403,1120,1.1706745624542236,0
2403,1236,0.899398148059845,0
2403,1583,0.6357731223106384,0
2403,461,0.9225336909294128,0
2403,1850,0.6145197749137878,0
2403,1555,0.6282409429550171,0
2403,2009,0.6337372660636902,0
2403,884,0.6334842443466187,0
2403,203,0.712287187576294,0
2403,1077,0.8665500283241272,0
2403,1254,0.6320164203643799,0
2403,118,0.57865309715271,0
2403,537,0.6889582872390747,0
2403,1080,0.692166805267334,0
2403,1893,0.6395428776741028,0
2403,978,1.1706510782241821,0
2403,1363,0.6328787207603455,0
1520,733,1.0537060499191284,1
1520,731,0.5966185927391052,0
1520,1513,1.2649189233779907,0
1520,767,0.37021303176879883,0
1520,196,0.3603155016899109,0
1520,2019,0.6558803915977478,0
1520,1287,0.6319459676742554,0
1520,1194,0.63035649061203,0
1520,1705,1.110062599182129,0
1520,1547,1.5669188499450684,0
1520,700,1.87532377243042,0
1520,984,0.6555495262145996,0
1520,1257,1.4334545135498047,0
1520,456,0.687046229839325,0
1520,532,0.6849729418754578,0
1520,1238,0.666787326335907,0
1520,1875,0.35737860202789307,0
1520,1493,0.9297158718109131,0
1520,1145,0.6396223306655884,0
1520,416,0.6635556221008301,0
1593,1302,0.8026705980300903,1
1593,1869,0.594619870185852,0
1593,1365,1.0128909349441528,0
1593,562,0.658807635307312,0
1593,485,0.6657673120498657,0
1593,678,0.6361950635910034,0
1593,1629,0.4098237156867981,0
1593,835,0.6151577830314636,0
1593,477,0.5701308250427246,0
1593,1674,0.3968971371650696,0
1593,1191,0.3991661071777344,0
1593,1195,0.4097519516944885,0
1593,395,0.806400716304779,0
1593,1795,1.0417287349700928,0
1593,902,0.3817468285560608,0
1593,1127,0.39648860692977905,0
1593,2028,0.8490979671478271,0
1593,149,2.553313970565796,0
1593,1976,0.8056435585021973,0
1593,2055,0.37147048115730286,0
3749,139,1.7572742700576782,1
3749,943,0.6207565665245056,0
3749,690,1.2747433185577393,0
3749,1512,0.6597840189933777,0
3749,1756,0.3911365270614624,0
3749,1408,0.6142182350158691,0
3749,1270,0.7293388247489929,0
3749,45,0.40364038944244385,0
3749,1857,0.6302239894866943,0
3749,1290,0.3945731222629547,0
3749,719,1.9308497905731201,0
3749,1217,0.6748789548873901,0
3749,1224,1.7154053449630737,0
3749,1092,1.4042361974716187,0
3749,1381,0.9322823286056519,0
3749,106,1.2218049764633179,0
3749,2053,0.6878747940063477,0
3749,498,0.6669406294822693,0
3749,1028,0.6789569854736328,0
3749,265,0.6812193989753723,0
1529,1434,1.5454193353652954,1
1529,1693,1.2707695960998535,0
1529,2056,0.3432999551296234,0
1529,1946,1.3193844556808472,0
1529,856,0.667227029800415,0
1529,888,1.1727097034454346,0
1529,1493,1.001695156097412,0
1529,2029,0.6410784125328064,0
1529,1199,0.34064871072769165,0
1529,2040,1.0205132961273193,0
1529,1335,0.6024492979049683,0
1529,1928,1.1831785440444946,0
1529,1981,0.9569019079208374,0
1529,1769,0.3686467409133911,0
1529,2042,0.34632307291030884,0
1529,1436,0.6202163100242615,0
1529,134,0.5782562494277954,0
1529,1403,0.5981064438819885,0
1529,1023,1.3678520917892456,0
1529,233,0.7092839479446411,0
2233,1875,0.3791365623474121,1
2233,868,0.7266559600830078,0
2233,1016,0.6064853668212891,0
2233,1548,1.1172943115234375,0
2233,1060,0.9304978847503662,0
2233,1160,1.9773187637329102,0
2233,1936,1.9999202489852905,0
2233,253,0.6332612037658691,0
2233,1683,0.6023349761962891,0
2233,0,0.6711639761924744,0
2233,70,0.6221280097961426,0
2233,605,0.7300564050674438,0
2233,1685,0.4126283526420593,0
2233,1867,1.4646238088607788,0
2233,813,0.6956279873847961,0
2233,647,0.9234698414802551,0
2233,1556,0.5817069411277771,0
2233,1028,0.6470224261283875,0
2233,600,2.123933792114258,0
2233,648,0.8659536838531494,0
1595,1493,0.815836489200592,1
1595,572,1.3574457168579102,0
1595,2027,0.5961748957633972,0
1595,573,0.558754026889801,0
1595,1560,0.34890931844711304,0
1595,2042,0.3540492653846741,0
1595,729,0.3472710847854614,0
1595,1668,0.5564671158790588,0
1595,1203,0.7656347751617432,0
1595,884,0.564446210861206,0
1595,623,0.560042142868042,0
1595,1823,0.974146842956543,0
1595,590,1.7687386274337769,0
1595,656,0.3519914746284485,0
1595,1036,0.5899384021759033,0
1595,668,0.3279265761375427,0
1595,296,0.3666772246360779,0
1595,1677,0.34184348583221436,0
1595,790,0.8135476112365723,0
1595,1918,0.828764796257019,0
451,491,0.3365325927734375,1
451,1503,0.30605265498161316,0
451,1682,0.6285291314125061,0
451,870,0.3368619978427887,0
451,1074,0.6146695613861084,0
451,1309,0.3526591658592224,0
451,23,0.35295307636260986,0
451,570,0.5828633904457092,0
451,79,0.9035857319831848,0
451,1645,0.5898993015289307,0
451,159,1.3705370426177979,0
451,833,0.5715452432632446,0
451,914,1.34525465965271,0
451,1321,0.5779216289520264,0
451,1917,1.7881778478622437,0
451,492,0.32403311133384705,0
451,751,0.3462633490562439,0
451,586,0.8701248168945312,0
451,590,1.9985642433166504,0
451,1947,0.5431020855903625,0
3435,1759,0.6332488656044006,1
3435,19,0.3364003300666809,0
3435,543,0.34327900409698486,0
3435,1102,0.6024802923202515,0
3435,1073,0.3400658369064331,0
3435,756,1.254146695137024,0
3435,1392,1.2007564306259155,0
3435,1485,0.35268089175224304,0
3435,453,0.5886741876602173,0
3435,123,1.2086185216903687,0
3435,1554,0.6154640316963196,0
3435,461,0.8820297122001648,0
3435,1685,0.35661542415618896,0
3435,1735,0.6142739653587341,0
3435,700,1.7396384477615356,0
3435,358,0.6195528507232666,0
3435,201,0.34164494276046753,0
3435,1393,1.7355499267578125,0
3435,1718,0.6260343194007874,0
3435,1937,0.6040634512901306,0
1604,1362,0.6102680563926697,1
1604,1201,0.6662970781326294,0
1604,1744,0.8752066493034363,0
1604,701,0.3247247338294983,0
1604,1454,0.3262873888015747,0
1604,144,0.593651294708252,0
1604,875,0.6055306196212769,0
1604,134,0.5477564930915833,0
1604,324,0.3423428535461426,0
1604,235,1.7714868783950806,0
1604,1271,0.6672578454017639,0
1604,422,0.6255818605422974,0
1604,434,0.6702143549919128,0
1604,609,0.3234277665615082,0
1604,1049,0.6462621092796326,0
1604,1036,0.6454834342002869,0
1604,300,0.3498765230178833,0
1604,1353,0.6832211017608643,0
1604,1660,0.6459418535232544,0
1604,1200,0.6198237538337708,0
315,1278,3.416508197784424,1
315,1144,0.5771698355674744,0
315,2053,0.5979167222976685,0
315,1692,0.599382221698761,0
315,1222,0.33120858669281006,0
315,477,0.5912852883338928,0
315,2024,0.6178540587425232,0
315,124,0.33676594495773315,0
315,166,0.3455151319503784,0
315,521,0.3358542323112488,0
315,260,0.35458117723464966,0
315,1578,1.984065294265747,0
315,1527,0.3195186257362366,0
315,413,0.551329493522644,0
315,1809,0.8927574753761292,0
315,740,0.3334898352622986,0
315,458,0.5973316431045532,0
315,1687,0.6404036283493042,0
315,1554,0.6159973740577698,0
315,1985,0.796467125415802,0
2115,411,0.3653378486633301,1
2115,588,0.3701930642127991,0
2115,734,0.5882823467254639,0
2115,68,0.6569814085960388,0
2115,1392,1.0758053064346313,0
2115,116,0.4001644551753998,0
2115,178,0.3672700822353363,0
2115,2021,0.627532422542572,0
2115,659,0.8966462016105652,0
2115,1970,0.6199869513511658,0
2115,942,0.8301531076431274,0
2115,120,1.0481805801391602,0
2115,875,0.5879731178283691,0
2115,1112,0.5512555837631226,0
2115,928,0.5922330617904663,0
2115,2045,0.6322287321090698,0
2115,1519,2.5655603408813477,0
2115,1887,0.6013670563697815,0
2115,1019,1.0053291320800781,0
2115,1429,0.3661811351776123,0
790,1013,0.800268828868866,1
790,786,0.5298593640327454,0
790,186,1.056506872177124,0
790,59,0.7865896821022034,0
790,1346,0.5439547896385193,0
790,1,0.5981741547584534,0
790,221,0.5919053554534912,0
790,1483,0.5762978196144104,0
790,1625,0.38326436281204224,0
790,11,0.34670335054397583,0
790,637,1.3109533786773682,0
790,1211,0.5891179442405701,0
790,1536,1.3554819822311401,0
790,473,0.5901831388473511,0
790,261,0.558438777923584,0
790,1182,0.8188444375991821,0
790,457,0.5827767848968506,0
790,1168,0.7735964059829712,0
790,1573,0.5864218473434448,0
790,1455,0.5505441427230835,0
2697,476,0.3672931492328644,1
2697,1433,0.9857639074325562,0
2697,259,0.7223333716392517,0
2697,553,0.6061317920684814,0
2697,1015,0.6448766589164734,0
2697,44,0.6655157208442688,0
2697,1354,0.7397198677062988,0
2697,1186,0.6888813376426697,0
2697,221,0.6730666160583496,0
2697,1479,0.6740016937255859,0
2697,543,0.3565899729728699,0
2697,51,0.35110729932785034,0
2697,1056,0.7032155990600586,0
2697,889,0.6424009203910828,0
2697,262,1.2397695779800415,0
2697,331,0.3857598900794983,0
2697,1727,0.6234869956970215,0
2697,894,0.674017608165741,0
2697,1154,0.3808934688568115,0
2697,1277,0.9607433080673218,0
2871,1900,0.6722249984741211,1
2871,1695,0.36428555846214294,0
2871,1387,0.367168128490448,0
2871,1894,0.8611119389533997,0
2871,12,0.9827056527137756,0
2871,1090,0.6228767037391663,0
2871,310,0.7000125646591187,0
2871,1225,0.3139899969100952,0
2871,431,0.8633632659912109,0
2871,470,0.6061623096466064,0
2871,318,0.7010530829429626,0
2871,1011,1.4426147937774658,0
2871,241,0.6170961856842041,0
2871,1213,0.3452063798904419,0
2871,197,0.6578749418258667,0
2871,277,0.9509691596031189,0
2871,1596,0.6990969777107239,0
2871,63,0.6832470297813416,0
2871,1323,2.7669436931610107,0
2871,1608,0.9576812982559204,0
2334,1656,0.33623772859573364,1
2334,464,0.6779548525810242,0
2334,377,0.9951645731925964,0
2334,16,0.3761425018310547,0
2334,1583,0.6358035802841187,0
2334,48,0.6559178829193115,0
2334,1082,1.2829124927520752,0
2334,1436,0.6047248840332031,0
2334,1448,0.3619963228702545,0
2334,350,0.5856475234031677,0
2334,1086,0.7106829285621643,0
2334,61,0.5939818620681763,0
2334,1005,0.7021799683570862,0
2334,1386,0.7024035453796387,0
2334,1304,0.6998023986816406,0
2334,828,0.6914328932762146,0
2334,94,0.8593183159828186,0
2334,1466,0.659002423286438,0
2334,1107,1.2963035106658936,0
2334,900,0.6317293643951416,0
2752,1357,0.3711206316947937,1
2752,877,0.5807538032531738,0
2752,1162,0.3310754597187042,0
2752,1098,0.5638412833213806,0
2752,1627,0.6705071926116943,0
2752,1759,0.6397286057472229,0
2752,49,1.571887731552124,0
2752,856,0.6084839105606079,0
2752,16,0.3596436083316803,0
2752,952,0.6317291259765625,0
2752,785,0.6681910753250122,0
2752,707,0.3543815612792969,0
2752,422,0.6136698722839355,0
2752,949,0.3640487790107727,0
2752,1896,0.6386305093765259,0
2752,449,0.8622215390205383,0
2752,1751,0.3553341031074524,0
2752,85,0.5780026912689209,0
2752,1326,0.6221956610679626,0
2752,1990,0.858937680721283,0
1027,1173,0.8275973200798035,1
1027,1283,0.37041428685188293,0
1027,2035,0.6000971794128418,0
1027,1651,0.5500505566596985,0
1027,220,0.530775785446167,0
1027,811,0.5366786122322083,0
1027,1067,0.8136425018310547,0
1027,1041,0.7453823685646057,0
1027,1942,1.618119716644287,0
1027,2023,0.652921199798584,0
1027,828,0.6256117820739746,0
1027,777,0.5951494574546814,0
1027,742,0.5163356065750122,0
1027,103,1.5540403127670288,0
1027,720,0.8070217370986938,0
1027,1032,0.5715631246566772,0
1027,1436,0.5531595945358276,0
1027,944,0.6080948114395142,0
1027,1725,0.7829921245574951,0
1027,24,0.5620903372764587,0
224,2043,0.4049098491668701,1
224,1749,0.6610901951789856,0
224,1846,1.4978280067443848,0
224,1335,0.6146221160888672,0
224,489,0.4069008529186249,0
224,201,0.36378711462020874,0
224,2078,0.6507167816162109,0
224,1309,0.4139546751976013,0
224,1255,1.2573676109313965,0
224,226,0.4115557074546814,0
224,203,0.7169800996780396,0
224,415,0.6804839968681335,0
224,1987,0.665227472782135,0
224,15,0.6335071325302124,0
224,434,0.7171889543533325,0
224,964,0.4216400980949402,0
224,2024,0.6603155732154846,0
224,200,0.7026886940002441,0
224,2016,0.6314882040023804,0
224,521,0.38624346256256104,0
1429,965,1.3094335794448853,1
1429,1133,0.6044799089431763,0
1429,41,0.8008734583854675,0
1429,1360,0.5797765851020813,0
1429,1191,0.3754637837409973,0
1429,1994,0.6024743914604187,0
1429,119,0.38966840505599976,0
1429,1417,0.38964059948921204,0
1429,874,0.5587589740753174,0
1429,938,0.7131618857383728,0
1429,580,0.5171338319778442,0
1429,182,0.9212154150009155,0
1429,198,0.5754227638244629,0
1429,65,0.6018214821815491,0
1429,1110,0.7973772287368774,0
1429,455,1.1349992752075195,0
1429,1491,0.5519261956214905,0
1429,508,1.4271142482757568,0
1429,28,0.4346439838409424,0
1429,1099,0.7591379284858704,0
3759,857,0.3511701226234436,1
3759,621,1.3120207786560059,0
3759,1000,0.9151419401168823,0
3759,2049,0.6356554627418518,0
3759,1831,0.6700565814971924,0
3759,75,0.36335039138793945,0
3759,503,0.6556247472763062,0
3759,237,1.5157009363174438,0
3759,1541,0.6600397229194641,0
3759,2004,0.9411188364028931,0
3759,1295,0.6682658195495605,0
3759,1291,0.6635280847549438,0
3759,406,0.6550864577293396,0
3759,2059,0.32651036977767944,0
3759,1433,0.9546834826469421,0
3759,1476,0.8532111048698425,0
3759,945,0.4014093279838562,0
3759,1306,0.5814122557640076,0
3759,2027,0.6675278544425964,0
3759,367,0.6706718802452087,0
2461,473,0.7094795107841492,1
2461,436,3.28181791305542,0
2461,853,0.6709272265434265,0
2461,154,0.6717825531959534,0
2461,1249,0.3744368851184845,0
2461,504,1.010419249534607,0
2461,1902,0.4003828763961792,0
2461,1431,0.6232013702392578,0
2461,398,1.4647717475891113,0
2461,141,0.6792985200881958,0
2461,863,1.223128080368042,0
2461,982,0.40774068236351013,0
2461,1064,0.695090115070343,0
2461,779,0.6351589560508728,0
2461,81,0.710310161113739,0
2461,457,0.7049228549003601,0
2461,1485,0.3936302959918976,0
2461,755,1.0103373527526855,0
2461,784,0.7372263669967651,0
2461,791,0.6588773727416992,0
2798,1075,0.34534531831741333,1
2798,1238,0.652341902256012,0
2798,1743,0.6250799298286438,0
2798,521,0.3397204875946045,0
2798,572,1.7950135469436646,0
2798,56,0.6254099607467651,0
2798,1817,0.32201874256134033,0
2798,1244,0.6835156679153442,0
2798,1787,1.1340471506118774,0
2798,1742,0.6377279162406921,0
2798,492,0.32954323291778564,0
2798,1877,5.822511672973633,0
2798,628,1.5852280855178833,0
2798,1886,0.6430729627609253,0
2798,807,0.7063686847686768,0
2798,893,0.3266158699989319,0
2798,785,0.7088009119033813,0
2798,1123,1.193233847618103,0
2798,95,0.610684335231781,0
2798,1695,0.3462355136871338,0
3258,1780,0.6249293684959412,1
3258,985,0.8476520776748657,0
3258,1995,1.7693231105804443,0
3258,613,1.1757863759994507,0
3258,807,0.7235883474349976,0
3258,1206,0.4183802604675293,0
3258,1050,0.8633720278739929,0
3258,911,0.6714569330215454,0
3258,320,0.610345721244812,0
3258,481,0.6967241764068604,0
3258,706,0.7488679885864258,0
3258,1820,0.6571142077445984,0
3258,1289,0.6540568470954895,0
3258,1356,0.6521455645561218,0
3258,579,1.1321724653244019,0
3258,352,0.690964937210083,0
3258,1809,0.9069798588752747,0
3258,1378,0.6630566120147705,0
3258,1837,0.6504810452461243,0
3258,461,0.9104930758476257,0
4036,371,0.35748091340065,1
4036,1169,0.9468743205070496,0
4036,378,0.35214412212371826,0
4036,1965,0.8507890701293945,0
4036,1957,0.6381087899208069,0
4036,1828,1.1223819255828857,0
4036,1060,0.9450702667236328,0
4036,719,1.939241647720337,0
4036,752,0.6462349891662598,0
4036,804,0.6112386584281921,0
4036,666,0.6403034329414368,0
4036,1916,0.35153448581695557,0
4036,1351,0.9169155359268188,0
4036,2026,0.9660830497741699,0
4036,619,0.6650440692901611,0
4036,880,0.992178201675415,0
4036,1961,0.6193212866783142,0
4036,106,1.1842845678329468,0
4036,35,0.6435173749923706,0
4036,1501,0.6953229904174805,0
543,965,1.4090538024902344,1
543,1914,0.7457619905471802,0
543,1072,0.49653246998786926,0
543,1692,0.5655674934387207,0
543,1643,1.8470327854156494,0
543,435,0.5637167096138,0
543,211,0.6076270341873169,0
543,787,0.6674639582633972,0
543,1687,0.6222020983695984,0
543,1642,1.2581108808517456,0
543,1937,0.5789657831192017,0
543,1381,0.7377609014511108,0
543,1211,0.5872814059257507,0
543,1550,0.5405828952789307,0
543,1631,0.7809228301048279,0
543,1946,1.0044305324554443,0
543,336,0.575904369354248,0
543,1018,0.38068997859954834,0
543,868,0.632084846496582,0
543,1694,1.3982350826263428,0
2012,1461,0.6266742944717407,1
2012,1367,0.4376869797706604,0
2012,623,0.5896816253662109,0
2012,1723,1.858489751815796,0
2012,1035,0.8253478407859802,0
2012,1299,0.6531357765197754,0
2012,569,0.6526572704315186,0
2012,170,0.6235617399215698,0
2012,76,0.6475444436073303,0
2012,2026,0.8416839838027954,0
2012,563,0.4325440526008606,0
2012,506,0.6789616346359253,0
2012,139,1.3823014497756958,0
2012,595,1.2553476095199585,0
2012,389,0.7034946084022522,0
2012,924,0.8924045562744141,0
2012,952,0.6855295300483704,0
2012,1586,0.8153008222579956,0
2012,1733,0.6439111828804016,0
2012,1101,0.5927994847297668,0
210,58,0.6499307751655579,1
210,1101,0.5924038887023926,0
210,1781,0.6120307445526123,0
210,1910,0.3361285924911499,0
210,1117,0.6799923181533813,0
210,96,0.638348400592804,0
210,1633,0.634949266910553,0
210,731,0.5955463647842407,0
210,693,0.640068531036377,0
210,1402,0.6170402765274048,0
210,1121,0.8601036667823792,0
210,1877,5.034057140350342,0
210,1213,0.34623414278030396,0
210,1898,0.6802178621292114,0
210,1145,0.6060246825218201,0
210,1735,0.6207872033119202,0
210,925,0.3433949947357178,0
210,974,0.6027222871780396,0
210,663,0.6401258707046509,0
210,440,0.6248765587806702,0
1680,1877,5.561499118804932,1
1680,1632,2.807924270629883,0
1680,1000,0.9924153089523315,0
1680,693,0.7430029511451721,0
1680,488,0.7346328496932983,0
1680,1281,0.4120936393737793,0
1680,1418,0.7101772427558899,0
1680,926,0.7512515783309937,0
1680,1947,0.635151743888855,0
1680,239,0.40981191396713257,0
1680,1092,1.4409440755844116,0
1680,984,0.7207004427909851,0
1680,1557,0.6962642669677734,0
1680,1540,0.4587159752845764,0
1680,1225,0.36689120531082153,0
1680,208,1.6526504755020142,0
1680,268,0.7229296565055847,0
1680,189,0.6693370938301086,0
1680,1465,0.6920745372772217,0
1680,475,1.346737265586853,0
3184,1635,0.3573068082332611,1
3184,1670,0.6290680170059204,0
3184,1999,1.2040268182754517,0
3184,1806,3.1479763984680176,0
3184,178,0.33728525042533875,0
3184,140,0.648354172706604,0
3184,1611,0.3370535969734192,0
3184,632,0.6063849329948425,0
3184,1723,2.315830707550049,0
3184,1003,0.35618340969085693,0
3184,1148,0.5997915863990784,0
3184,1949,0.9810502529144287,0
3184,993,0.8769686818122864,0
3184,334,0.6488034725189209,0
3184,1285,0.38208383321762085,0
3184,1056,0.6734094619750977,0
3184,731,0.5867095589637756,0
3184,412,0.3405092656612396,0
3184,1772,0.6314324140548706,0
3184,156,0.6591854095458984,0
2430,407,1.3842623233795166,1
2430,1318,0.6763392090797424,0
2430,356,0.3604695796966553,0
2430,161,0.3540930449962616,0
2430,199,0.9536670446395874,0
2430,731,0.5897418856620789,0
2430,1932,3.2284929752349854,0
2430,1827,0.36801427602767944,0
2430,1778,0.684829592704773,0
2430,1176,0.3653196096420288,0
2430,1451,0.915794849395752,0
2430,1735,0.6424228549003601,0
2430,860,0.5990039706230164,0
2430,1175,0.6337715983390808,0
2430,1723,2.3851802349090576,0
2430,1806,3.317565679550171,0
2430,1760,1.488382339477539,0
2430,292,0.3214932382106781,0
2430,406,0.6602808833122253,0
2430,1645,0.6185480952262878,0
1938,1865,0.6262915730476379,1
1938,2067,0.6115681529045105,0
1938,1996,0.6098087430000305,0
1938,718,0.6783623099327087,0
1938,1407,0.9162644743919373,0
1938,753,0.5637006759643555,0
1938,1601,0.6711324453353882,0
1938,536,0.6608394384384155,0
1938,62,0.31758248805999756,0
1938,69,0.3000219464302063,0
1938,1002,1.2511991262435913,0
1938,1708,0.8739123940467834,0
1938,1726,0.6183755993843079,0
1938,1616,0.6843052506446838,0
1938,502,0.6763560771942139,0
1938,146,0.8919131755828857,0
1938,424,0.6557759642601013,0
1938,1530,0.591350793838501,0
1938,1593,0.6324589848518372,0
1938,1501,0.6886800527572632,0
365,195,0.6747976541519165,1
365,132,0.7264703512191772,0
365,893,0.37740910053253174,0
365,1264,0.7000510096549988,0
365,509,0.4059828221797943,0
365,53,0.36470580101013184,0
365,1638,0.6616056561470032,0
365,1107,1.3933883905410767,0
365,1435,0.6492957472801208,0
365,2030,1.2216984033584595,0
365,730,0.6456211805343628,0
365,948,1.5349339246749878,0
365,1972,1.413908839225769,0
365,665,0.43235552310943604,0
365,1271,0.7282055020332336,0
365,2004,0.99437415599823,0
365,453,0.6632423996925354,0
365,147,0.4165230691432953,0
365,628,1.5492669343948364,0
365,1641,1.451426386833191,0
2801,1047,0.3616069555282593,1
2801,573,0.5511294007301331,0
2801,230,0.5879929661750793,0
2801,898,0.5604451894760132,0
2801,1086,0.6145995259284973,0
2801,1144,0.5586586594581604,0
2801,1683,0.5430780649185181,0
2801,1780,0.5294554829597473,0
2801,728,0.546409547328949,0
2801,1407,0.7726486325263977,0
2801,1961,0.5447177290916443,0
2801,1385,0.8366671800613403,0
2801,451,0.7957385778427124,0
2801,241,0.5388134121894836,0
2801,341,0.3598330020904541,0
2801,410,0.8302960395812988,0
2801,685,0.5513766407966614,0
2801,789,1.4136438369750977,0
2801,636,0.5518231391906738,0
2801,808,0.7358132600784302,0
3438,770,0.4032740294933319,1
3438,85,0.5417512655258179,0
3438,132,0.6246721148490906,0
3438,184,0.5652192831039429,0
3438,270,0.344768762588501,0
3438,100,0.5900624394416809,0
3438,651,0.8707241415977478,0
3438,620,0.4042879343032837,0
3438,2033,0.5755042433738708,0
3438,590,1.7822359800338745,0
3438,521,0.38646799325942993,0
3438,1640,0.831193208694458,0
3438,1675,0.6107683181762695,0
3438,1621,0.3785683512687683,0
3438,1098,0.5265781283378601,0
3438,769,0.7005654573440552,0
3438,265,0.5895624756813049,0
3438,2041,0.6138888001441956,0
3438,1541,0.61812424659729,0
3438,1233,0.3572644591331482,0
3770,776,0.33067119121551514,1
3770,789,1.767209529876709,0
3770,1799,0.989581823348999,0
3770,1357,0.35909390449523926,0
3770,1406,0.35691237449645996,0
3770,245,0.654616117477417,0
3770,422,0.6215551495552063,0
3770,979,0.5863469243049622,0
3770,998,0.651268482208252,0
3770,650,0.604989767074585,0
3770,1502,0.32307541370391846,0
3770,806,0.6663041114807129,0
3770,586,0.9379139542579651,0
3770,2053,0.6193958520889282,0
3770,1663,1.5900405645370483,0
3770,1865,0.6166784167289734,0
3770,1552,0.5748517513275146,0
3770,1379,1.3197999000549316,0
3770,265,0.6200999021530151,0
3770,135,0.6929425001144409,0
2711,1846,1.4818120002746582,1
2711,117,1.2084357738494873,0
2711,360,0.6428462266921997,0
2711,55,1.1466487646102905,0
2711,1240,0.6998503804206848,0
2711,1608,0.9281709790229797,0
2711,1510,0.6584357023239136,0
2711,457,0.6484566926956177,0
2711,743,1.0030452013015747,0
2711,1289,0.6409818530082703,0
2711,1364,0.9063005447387695,0
2711,1722,0.6726235151290894,0
2711,1459,0.6810966730117798,0
2711,907,0.6179365515708923,0
2711,175,0.6815877556800842,0
2711,199,0.945250928401947,0
2711,2018,0.39567190408706665,0
2711,597,0.36135637760162354,0
2711,153,1.4385870695114136,0
2711,1618,0.6207648515701294,0
2602,1631,0.918178915977478,1
2602,1008,0.6592318415641785,0
2602,749,0.6236759424209595,0
2602,1233,0.32790517807006836,0
2602,2004,0.9540605545043945,0
2602,276,0.6421880722045898,0
2602,1744,0.883190929889679,0
2602,808,0.8536122441291809,0
2602,1856,0.6757085919380188,0
2602,866,0.6078070402145386,0
2602,456,0.6803060173988342,0
2602,760,1.8304097652435303,0
2602,1433,0.9562715888023376,0
2602,719,1.8666918277740479,0
2602,1211,0.6305912733078003,0
2602,1007,0.6246652007102966,0
2602,1690,0.6086530685424805,0
2602,1331,0.3382556736469269,0
2602,393,0.7264358997344971,0
2602,496,0.6531075835227966,0
931,1578,2.0369818210601807,1
931,1362,0.6221525073051453,0
931,566,0.3756794035434723,0
931,1957,0.6342451572418213,0
931,373,0.9300550222396851,0
931,1092,1.3148835897445679,0
931,1297,0.6330609321594238,0
931,520,0.6505953073501587,0
931,638,0.6344810724258423,0
931,1166,0.645034909248352,0
931,848,0.6008376479148865,0
931,1984,0.5910214781761169,0
931,1013,0.9402529001235962,0
931,1922,0.7025828957557678,0
931,846,0.6587085723876953,0
931,418,0.625710666179657,0
931,1693,1.1493744850158691,0
931,272,0.6110060811042786,0
931,1629,0.3759029507637024,0
931,1671,2.385646343231201,0
1597,919,1.2152750492095947,1
1597,994,0.38333913683891296,0
1597,0,0.6618146896362305,0
1597,259,0.7128009796142578,0
1597,699,2.112849235534668,0
1597,247,0.4086635708808899,0
1597,905,0.3441796898841858,0
1597,698,0.651020884513855,0
1597,2078,0.6314728856086731,0
1597,1174,0.6651536226272583,0
1597,976,1.1475930213928223,0
1597,189,0.6068857312202454,0
1597,847,0.9538586139678955,0
1597,1230,0.6764718294143677,0
1597,1836,0.8882116079330444,0
1597,1984,0.5861430764198303,0
1597,1732,1.2014503479003906,0
1597,1951,0.9718899130821228,0
1597,11,0.34775063395500183,0
1597,1457,0.9040563106536865,0
2741,795,0.5583776831626892,1
2741,4,0.5387037396430969,0
2741,149,2.1875178813934326,0
2741,890,0.5680637955665588,0
2741,1165,0.5317100882530212,0
2741,1249,0.34561651945114136,0
2741,1850,0.49750691652297974,0
2741,1610,1.1160359382629395,0
2741,1409,0.3873434066772461,0
2741,286,0.5256640911102295,0
2741,1121,0.7367849946022034,0
2741,658,0.7197473645210266,0
2741,1001,0.3396338224411011,0
2741,1560,0.35067516565322876,0
2741,75,0.3375387191772461,0
2741,161,0.35411548614501953,0
2741,769,0.6099842190742493,0
2741,1520,0.3725634813308716,0
2741,1306,0.4939686357975006,0
2741,958,1.1613682508468628,0
2912,2018,0.4149942696094513,1
2912,1698,0.37590479850769043,0
2912,1733,0.7211763262748718,0
2912,878,0.3649855852127075,0
2912,439,2.574079751968384,0
2912,1517,0.6196711659431458,0
2912,1941,0.7147074937820435,0
2912,1300,0.6741738319396973,0
2912,585,0.6909031867980957,0
2912,1292,0.6762095093727112,0
2912,1078,0.7348864674568176,0
2912,680,2.2981770038604736,0
2912,1455,0.6619470715522766,0
2912,454,0.6475509405136108,0
2912,1675,0.7013773918151855,0
2912,1678,0.64588463306427,0
2912,963,0.6844696402549744,0
2912,499,0.6754850745201111,0
2912,735,0.7042420506477356,0
2912,148,1.4093717336654663,0
2649,455,1.5382146835327148,1
2649,128,0.3591379225254059,0
2649,1999,1.2742528915405273,0
2649,1152,0.36767375469207764,0
2649,458,0.6555905342102051,0
2649,348,0.6875117421150208,0
2649,1806,3.2781286239624023,0
2649,1194,0.6528042554855347,0
2649,1062,0.6327196359634399,0
2649,1586,0.925842821598053,0
2649,1535,1.4136226177215576,0
2649,126,0.6902936697006226,0
2649,838,1.297419786453247,0
2649,818,0.9577678442001343,0
2649,281,0.36139988899230957,0
2649,1189,0.6548203229904175,0
2649,1477,0.3928103744983673,0
2649,1615,0.7005243897438049,0
2649,80,0.9777795076370239,0
2649,88,0.6593311429023743,0
3065,43,0.3871816396713257,1
3065,1554,0.689179003238678,0
3065,725,0.41285771131515503,0
3065,1011,1.418768048286438,0
3065,229,1.3206957578659058,0
3065,394,0.6414444446563721,0
3065,12,0.952232837677002,0
3065,49,1.6860910654067993,0
3065,684,0.38679239153862,0
3065,529,1.550729751586914,0
3065,241,0.6343278288841248,0
3065,1225,0.3471008241176605,0
3065,950,0.36366164684295654,0
3065,899,0.6576149463653564,0
3065,1330,0.4361140727996826,0
3065,460,0.6362709403038025,0
3065,1250,0.9096540808677673,0
3065,415,0.6723108291625977,0
3065,201,0.38946932554244995,0
3065,1922,0.7152073979377747,0
225,1697,0.6221317052841187,1
225,1002,1.0542768239974976,0
225,312,0.6160802841186523,0
225,1362,0.5814123153686523,0
225,2067,0.5938433408737183,0
225,1332,0.8378872275352478,0
225,319,0.5590167045593262,0
225,1252,0.37851136922836304,0
225,343,0.3747055232524872,0
225,1705,0.9636847972869873,0
225,1107,1.1094129085540771,0
225,113,0.5628411769866943,0
225,1384,0.5776806473731995,0
225,1976,0.8082062602043152,0
225,307,0.5927601456642151,0
225,1424,0.6029626131057739,0
225,1993,0.39202237129211426,0
225,1208,0.35459333658218384,0
225,668,0.3372827172279358,0
225,1696,0.592160165309906,0
2554,843,0.3953867256641388,1
2554,836,1.1108332872390747,0
2554,961,0.5716368556022644,0
2554,827,0.3612728714942932,0
2554,305,0.5233362317085266,0
2554,1487,0.6090043783187866,0
2554,413,0.5185784697532654,0
2554,835,0.6016284227371216,0
2554,1394,0.5673820376396179,0
2554,1879,0.5722094178199768,0
2554,1530,0.5536330938339233,0
2554,993,0.7392867207527161,0
2554,1895,0.580233633518219,0
2554,161,0.3642430603504181,0
2554,7,0.5738620162010193,0
2554,976,0.913918673992157,0
2554,612,0.36936458945274353,0
2554,862,0.5542952418327332,0
2554,284,0.6073532104492188,0
2554,237,1.1678882837295532,0
2394,1706,0.40329691767692566,1
2394,643,0.6869233846664429,0
2394,335,1.3058048486709595,0
2394,1174,0.6829835176467896,0
2394,570,0.6557084321975708,0
2394,681,0.6030780076980591,0
2394,1931,0.696992039680481,0
2394,7,0.662144660949707,0
2394,181,0.688018262386322,0
2394,1034,0.896765410900116,0
2394,90,0.8614005446434021,0
2394,248,0.6293603181838989,0
2394,1751,0.3923376798629761,0
2394,1642,1.6368006467819214,0
2394,1840,0.38329553604125977,0
2394,519,0.6622377038002014,0
2394,918,0.9560753107070923,0
2394,1777,1.2470107078552246,0
2394,151,2.190664052963257,0
2394,667,0.6507317423820496,0
1918,909,0.723314642906189,1
1918,1772,0.6572926640510559,0
1918,636,0.6254115700721741,0
1918,313,0.3459135591983795,0
1918,74,1.2814066410064697,0
1918,1541,0.6724311709403992,0
1918,1174,0.6781076192855835,0
1918,785,0.7288051843643188,0
1918,1259,0.9680083990097046,0
1918,79,0.9984948635101318,0
1918,1916,0.3649461269378662,0
1918,1793,0.3534647226333618,0
1918,1739,1.2784799337387085,0
1918,1642,1.6454651355743408,0
1918,1874,0.6506859660148621,0
1918,1226,0.3831165134906769,0
1918,1351,0.9174426794052124,0
1918,23,0.3809134066104889,0
1918,252,0.3651389479637146,0
1918,1988,0.35904133319854736,0
2997,1738,0.3802186846733093,1
2997,691,0.7412665486335754,0
2997,1147,1.0195585489273071,0
2997,1234,0.5973725914955139,0
2997,936,1.0534477233886719,0
2997,1679,0.6417983770370483,0
2997,1562,0.6879506707191467,0
2997,1620,3.7403690814971924,0
2997,661,1.6204943656921387,0
2997,391,0.37696051597595215,0
2997,1376,0.678894579410553,0
2997,1537,0.36351823806762695,0
2997,721,0.6657330989837646,0
2997,1746,0.7588676810264587,0
2997,130,0.6840758323669434,0
2997,28,0.41360634565353394,0
2997,855,0.37356123328208923,0
2997,1170,1.3587192296981812,0
2997,223,0.6253977417945862,0
2997,1502,0.356944739818573,0
1448,834,1.3544511795043945,1
1448,1970,0.7001844644546509,0
1448,1592,0.65968257188797,0
1448,1600,0.6808847188949585,0
1448,363,0.348414808511734,0
1448,1676,0.6346230506896973,0
1448,1804,0.7140567302703857,0
1448,853,0.6627519726753235,0
1448,1113,0.6729788184165955,0
1448,1224,1.768323302268982,0
1448,573,0.6393730044364929,0
1448,2006,0.6833379864692688,0
1448,1351,0.9353267550468445,0
1448,2064,0.642184317111969,0
1448,1479,0.6721214056015015,0
1448,1862,0.711947500705719,0
1448,1199,0.359536737203598,0
1448,596,1.130889654159546,0
1448,1346,0.6275539994239807,0
1448,1617,1.3224726915359497,0
529,649,1.3388313055038452,1
529,552,1.3050328493118286,0
529,1792,0.9229148626327515,0
529,950,0.3412863612174988,0
529,183,0.6361360549926758,0
529,1994,0.696701169013977,0
529,914,1.547877311706543,0
529,1249,0.36180466413497925,0
529,216,0.7391152381896973,0
529,1236,0.9541510939598083,0
529,1573,0.6760826706886292,0
529,1270,0.7184602618217468,0
529,943,0.6005799770355225,0
529,78,1.3250060081481934,0
529,786,0.5995730757713318,0
529,392,0.379669189453125,0
529,1164,0.9765492677688599,0
529,997,0.694456934928894,0
529,1925,0.6587313413619995,0
529,294,0.36516106128692627,0
1962,971,0.3680163025856018,1
1962,624,2.2983291149139404,0
1962,1867,1.5728297233581543,0
1962,1037,0.7151913642883301,0
1962,1426,0.7038068771362305,0
1962,460,0.6402113437652588,0
1962,1295,0.6682605147361755,0
1962,770,0.37607234716415405,0
1962,282,0.947182297706604,0
1962,1288,0.6342121362686157,0
1962,298,0.6636802554130554,0
1962,141,0.6640116572380066,0
1962,416,0.6880088448524475,0
1962,1169,0.9767851829528809,0
1962,1687,0.7103278040885925,0
1962,1906,0.3482508659362793,0
1962,1793,0.34246665239334106,0
1962,990,0.3978852331638336,0
1962,342,0.6891078948974609,0
1962,854,0.3627203106880188,0
3127,1740,0.3715088367462158,1
3127,1849,0.6554046273231506,0
3127,1022,0.6796182990074158,0
3127,333,0.6294692158699036,0
3127,1998,0.6071527004241943,0
3127,416,0.6928066611289978,0
3127,888,1.1599732637405396,0
3127,1263,0.6725175976753235,0
3127,29,0.3687955439090729,0
3127,1922,0.7008082866668701,0
3127,1687,0.7168759703636169,0
3127,1063,0.3395543396472931,0
3127,550,0.660788893699646,0
3127,724,0.5971231460571289,0
3127,1379,1.3683161735534668,0
3127,608,0.5800924301147461,0
3127,156,0.6707332730293274,0
3127,103,1.8683884143829346,0
3127,1616,0.7161481380462646,0
3127,1769,0.39966315031051636,0
2647,1843,1.50625741481781,1
2647,409,0.6576359868049622,0
2647,1889,0.6289209127426147,0
2647,185,0.6333773136138916,0
2647,1788,0.6626772284507751,0
2647,1552,0.6295902729034424,0
2647,1528,1.3365999460220337,0
2647,46,0.36558231711387634,0
2647,704,0.6290349364280701,0
2647,1605,0.7209423184394836,0
2647,1526,0.6290524005889893,0
2647,1249,0.3725596070289612,0
2647,849,0.6389328837394714,0
2647,1947,0.598973274230957,0
2647,2044,1.4513510465621948,0
2647,1709,0.6467065215110779,0
2647,1023,1.2935653924942017,0
2647,149,3.3683276176452637,0
2647,1314,0.704386293888092,0
2647,538,0.6741492748260498,0
2431,14,0.9488044381141663,1
2431,132,0.7052281498908997,0
2431,749,0.6650960445404053,0
2431,511,1.648132085800171,0
2431,1511,0.658437967300415,0
2431,852,0.6642962694168091,0
2431,902,0.3795536756515503,0
2431,820,0.6572429537773132,0
2431,1518,1.7445898056030273,0
2431,1596,0.725516676902771,0
2431,277,0.9694049954414368,0
2431,1617,1.2665269374847412,0
2431,1276,0.6606036424636841,0
2431,621,1.3227258920669556,0
2431,526,0.6880717873573303,0
2431,1109,0.6199867129325867,0
2431,1599,0.3783969283103943,0
2431,1161,0.41887521743774414,0
2431,1204,0.38229992985725403,0
2431,2080,0.6738119125366211,0
2698,555,0.3503333628177643,1
2698,1417,0.3713894784450531,0
2698,775,0.3623364567756653,0
2698,907,0.6514270901679993,0
2698,402,0.6761839389801025,0
2698,1426,0.7453802227973938,0
2698,352,0.6875755786895752,0
2698,1166,0.6850057244300842,0
2698,247,0.4121444523334503,0
2698,212,1.4818224906921387,0
2698,1313,1.391664981842041,0
2698,818,1.019613265991211,0
2698,457,0.6986689567565918,0
2698,1461,0.6576488018035889,0
2698,60,0.7157426476478577,0
2698,995,2.181788682937622,0
2698,249,2.819781541824341,0
2698,809,0.6216142177581787,0
2698,1634,0.715714156627655,0
2698,1626,0.6265578269958496,0
940,805,1.5136817693710327,1
940,1139,0.6187737584114075,0
940,1548,1.0734410285949707,0
940,725,0.38994497060775757,0
940,1069,0.35112226009368896,0
940,1510,0.631965696811676,0
940,2052,0.5593628883361816,0
940,297,1.3691309690475464,0
940,149,2.9148619174957275,0
940,54,0.6306243538856506,0
940,1019,1.107570767402649,0
940,1806,2.839439868927002,0
940,645,0.6289659738540649,0
940,931,0.34451213479042053,0
940,148,1.1385687589645386,0
940,587,0.38016343116760254,0
940,66,0.6074959635734558,0
940,389,0.6439025402069092,0
940,224,1.9688746929168701,0
940,1688,0.4001123905181885,0
157,552,1.2729313373565674,1
157,1599,0.37202805280685425,0
157,278,0.37470683455467224,0
157,591,0.6609901189804077,0
157,484,0.37394431233406067,0
157,1651,0.6542523503303528,0
157,1764,0.6956746578216553,0
157,1708,0.8989529013633728,0
157,1420,0.6314236521720886,0
157,48,0.6766080260276794,0
157,1079,0.7546277642250061,0
157,1313,1.2890806198120117,0
157,1319,0.39775845408439636,0
157,2043,0.41227835416793823,0
157,352,0.6851786971092224,0
157,573,0.6573794484138489,0
157,608,0.6155148148536682,0
157,865,0.6520282626152039,0
157,1595,0.6517432928085327,0
157,1675,0.6645150184631348,0
3361,265,0.6984819769859314,1
3361,43,0.3883523941040039,0
3361,1707,1.08516263961792,0
3361,540,1.035838007926941,0
3361,1546,0.6604750752449036,0
3361,42,0.7112004160881042,0
3361,615,0.4103260636329651,0
3361,1300,0.6323794722557068,0
3361,1327,1.0051050186157227,0
3361,316,0.9419965744018555,0
3361,1478,0.5920461416244507,0
3361,1820,0.6919936537742615,0
3361,1953,1.2993296384811401,0
3361,718,0.7303009033203125,0
3361,55,1.1837745904922485,0
3361,1001,0.36518025398254395,0
3361,376,0.3973141312599182,0
3361,277,0.9917442798614502,0
3361,892,0.6570102572441101,0
3361,977,0.9472469091415405,0
655,842,0.5810725092887878,1
655,1427,0.6010475754737854,0
655,572,1.3737213611602783,0
655,1771,0.6307227611541748,0
655,1491,0.5896340012550354,0
655,289,0.590618908405304,0
655,416,0.6126124858856201,0
655,1557,0.5752310752868652,0
655,1727,0.5769977569580078,0
655,680,1.57001531124115,0
655,1520,0.3974020481109619,0
655,960,1.1471198797225952,0
655,234,0.7591146230697632,0
655,1223,0.3513302803039551,0
655,1346,0.5692301392555237,0
655,67,0.8941152691841125,0
655,469,1.4206393957138062,0
655,188,0.8132786750793457,0
655,454,0.5525233149528503,0
655,566,0.3929482102394104,0
2688,1191,0.34568750858306885,1
2688,889,0.6380143761634827,0
2688,1729,0.935267984867096,0
2688,29,0.35600847005844116,0
2688,316,0.8579379320144653,0
2688,330,2.4368202686309814,0
2688,1391,0.6325458288192749,0
2688,1042,0.5947338938713074,0
2688,1266,0.6580148339271545,0
2688,1117,0.6781171560287476,0
2688,2077,0.6808267831802368,0
2688,82,0.5981470942497253,0
2688,1358,0.6061641573905945,0
2688,1725,0.8976842164993286,0
2688,1147,0.9199098348617554,0
2688,1445,1.6719940900802612,0
2688,1368,0.36284011602401733,0
2688,593,0.3631778061389923,0
2688,369,1.69823157787323,0
2688,376,0.35084816813468933,0
400,483,2.208662509918213,1
400,130,0.6825735569000244,0
400,19,0.37920263409614563,0
400,334,0.6822404265403748,0
400,1881,0.9385850429534912,0
400,1657,0.6199109554290771,0
400,1791,0.39488089084625244,0
400,910,0.6597472429275513,0
400,197,0.6939405202865601,0
400,1876,3.8684144020080566,0
400,2015,0.3768005669116974,0
400,1676,0.6391478776931763,0
400,670,0.6256906390190125,0
400,211,0.7189685106277466,0
400,1677,0.3672356605529785,0
400,2052,0.5911075472831726,0
400,1123,1.184527039527893,0
400,2040,1.0135834217071533,0
400,1518,1.7367249727249146,0
400,1684,0.6516286730766296,0
3022,649,1.2319469451904297,1
3022,1465,0.6241664886474609,0
3022,258,1.285122275352478,0
3022,444,0.6661168336868286,0
3022,523,0.9761496782302856,0
3022,860,0.6025996804237366,0
3022,1192,0.6549012064933777,0
3022,1321,0.629828929901123,0
3022,1332,0.9234240055084229,0
3022,1006,1.6105085611343384,0
3022,3,0.582672119140625,0
3022,1023,1.2001625299453735,0
3022,520,0.6384435892105103,0
3022,801,1.734589695930481,0
3022,1934,0.6420494914054871,0
3022,581,0.6306941509246826,0
3022,1363,0.6208913922309875,0
3022,1419,0.6446631550788879,0
3022,709,0.6055563688278198,0
3022,1800,0.643286943435669,0
3596,799,0.670248806476593,1
3596,1082,1.3177639245986938,0
3596,228,0.6627583503723145,0
3596,1964,0.6519584655761719,0
3596,1656,0.3121528625488281,0
3596,915,0.9977903366088867,0
3596,364,0.858474612236023,0
3596,1946,1.228798508644104,0
3596,184,0.5949272513389587,0
3596,428,0.6447978019714355,0
3596,26,0.6322171688079834,0
3596,1267,0.6564468145370483,0
3596,1824,0.30048295855522156,0
3596,417,1.6286749839782715,0
3596,345,4.813759803771973,0
3596,1020,1.2059897184371948,0
3596,1325,0.9408739805221558,0
3596,167,0.6103258728981018,0
3596,1019,1.2276325225830078,0
3596,583,0.6518450975418091,0
3775,1422,0.35433948040008545,1
3775,1465,0.6529879570007324,0
3775,179,0.9540380239486694,0
3775,752,0.6318383812904358,0
3775,1424,0.6689906716346741,0
3775,1431,0.5877900719642639,0
3775,951,0.3417460322380066,0
3775,1233,0.3284626007080078,0
3775,699,2.2999236583709717,0
3775,137,0.6485722064971924,0
3775,1709,0.6121879816055298,0
3775,1176,0.3620377779006958,0
3775,195,0.6384664177894592,0
3775,361,0.6642056107521057,0
3775,615,0.3550334572792053,0
3775,1814,0.6259728670120239,0
3775,621,1.3398464918136597,0
3775,386,0.36344626545906067,0
3775,487,0.6113914847373962,0
3775,472,0.9984010457992554,0
3510,479,0.6430727243423462,1
3510,35,0.6701374650001526,0
3510,1062,0.6779756546020508,0
3510,1444,0.7155113816261292,0
3510,1993,0.43062832951545715,0
3510,1729,1.066019892692566,0
3510,1134,1.0594172477722168,0
3510,1976,1.0063796043395996,0
3510,2050,0.9602822065353394,0
3510,466,0.6596892476081848,0
3510,1435,0.6629683375358582,0
3510,579,1.2546418905258179,0
3510,1634,0.7004964351654053,0
3510,281,0.3707919120788574,0
3510,2023,0.7987366914749146,0
3510,1749,0.7008551359176636,0
3510,829,0.6953854560852051,0
3510,443,0.7218591570854187,0
3510,1283,0.403597891330719,0
3510,789,1.952378511428833,0
1891,314,0.36232560873031616,1
1891,1145,0.6732081174850464,0
1891,1248,1.0219371318817139,0
1891,196,0.36845624446868896,0
1891,1458,0.6242055892944336,0
1891,971,0.35840415954589844,0
1891,1906,0.3398849070072174,0
1891,909,0.7575317621231079,0
1891,14,0.9927794337272644,0
1891,313,0.33245015144348145,0
1891,289,0.6447338461875916,0
1891,699,2.394604444503784,0
1891,1958,0.6935577988624573,0
1891,2032,0.669466495513916,0
1891,2020,0.6047077178955078,0
1891,993,0.9755440354347229,0
1891,1402,0.6653560400009155,0
1891,602,0.6620113253593445,0
1891,742,0.5773854851722717,0
1891,775,0.3444879949092865,0
2336,1455,0.6674341559410095,1
2336,850,1.5562161207199097,0
2336,2000,1.0831739902496338,0
2336,922,0.6579388976097107,0
2336,1137,1.6218819618225098,0
2336,1836,0.9624245762825012,0
2336,347,0.3800593614578247,0
2336,1205,1.0640007257461548,0
2336,487,0.6535863280296326,0
2336,698,0.7125033736228943,0
2336,1868,1.1952478885650635,0
2336,1689,1.8925811052322388,0
2336,1224,1.7291213274002075,0
2336,897,0.3904505968093872,0
2336,516,0.7257770299911499,0
2336,625,0.6826853156089783,0
2336,1,0.7106501460075378,0
2336,252,0.3881269693374634,0
2336,925,0.3840062916278839,0
2336,95,0.6610389947891235,0
2674,492,0.3887634873390198,1
2674,1638,0.6925472617149353,0
2674,1706,0.4263537526130676,0
2674,1284,0.6656050682067871,0
2674,719,2.0407230854034424,0
2674,912,0.6965472102165222,0
2674,307,0.7035925388336182,0
2674,1992,0.7089928984642029,0
2674,543,0.40134233236312866,0
2674,997,0.7279211282730103,0
2674,1395,0.6587691903114319,0
2674,498,0.7065770030021667,0
2674,649,1.4214168787002563,0
2674,1360,0.7143182754516602,0
2674,1276,0.7062585949897766,0
2674,1228,0.7071218490600586,0
2674,1344,0.7122628092765808,0
2674,406,0.7084320187568665,0
2674,1979,0.7180336713790894,0
2674,1209,0.6707078814506531,0
307,959,1.027077555656433,1
307,1255,1.287178874015808,0
307,913,1.2631030082702637,0
307,373,0.9507834315299988,0
307,801,1.850608468055725,0
307,1484,0.32686594128608704,0
307,1407,0.9550362825393677,0
307,125,0.6149361729621887,0
307,1370,0.9093500971794128,0
307,2010,0.35881897807121277,0
307,2067,0.6381659507751465,0
307,123,1.2835283279418945,0
307,2,0.35879677534103394,0
307,547,0.38348954916000366,0
307,828,0.673491358757019,0
307,451,0.9663219451904297,0
307,119,0.3512612581253052,0
307,653,0.34376949071884155,0
307,523,1.0164052248001099,0
307,561,0.3596847653388977,0
1172,313,0.3457857370376587,1
1172,1335,0.5205218195915222,0
1172,2006,0.5650396943092346,0
1172,1965,0.7098064422607422,0
1172,1624,0.40432900190353394,0
1172,648,0.7104765772819519,0
1172,1264,0.5858337879180908,0
1172,1678,0.5375587940216064,0
1172,1488,0.34455615282058716,0
1172,1507,1.8354836702346802,0
1172,338,0.5406488180160522,0
1172,956,0.8051934838294983,0
1172,1575,0.5348988175392151,0
1172,1775,0.41319429874420166,0
1172,869,0.5562141537666321,0
1172,170,0.5558750033378601,0
1172,1584,0.5697872042655945,0
1172,1270,0.577538013458252,0
1172,1418,0.5484275221824646,0
1172,687,1.0293371677398682,0
408,1773,0.6935821175575256,1
408,1143,0.3687623143196106,0
408,1367,0.3784629702568054,0
408,337,0.8968611359596252,0
408,227,0.35755306482315063,0
408,103,1.9014503955841064,0
408,1421,0.6852484941482544,0
408,55,1.2238638401031494,0
408,1097,0.6548155546188354,0
408,1247,0.36707571148872375,0
408,1080,0.6949377059936523,0
408,553,0.6309359669685364,0
408,1358,0.6201281547546387,0
408,619,0.6731985211372375,0
408,1295,0.6757606863975525,0
408,1520,0.37940871715545654,0
408,1694,1.901534080505371,0
408,516,0.6836493611335754,0
408,817,0.36491501331329346,0
408,1956,0.7030673027038574,0
1947,1850,0.6151183247566223,1
1947,883,1.257905125617981,0
1947,28,0.4220888912677765,0
1947,1324,0.35873833298683167,0
1947,1748,0.5744158625602722,0
1947,492,0.3519710600376129,0
1947,1986,3.1610844135284424,0
1947,710,0.629662811756134,0
1947,720,0.8855625987052917,0
1947,142,0.3834977149963379,0
1947,1642,1.5085349082946777,0
1947,1894,0.8254711627960205,0
1947,1581,0.6145955324172974,0
1947,993,0.8607078790664673,0
1947,1577,0.686501145362854,0
1947,973,0.6165275573730469,0
1947,1957,0.6358696818351746,0
1947,836,1.4007655382156372,0
1947,1173,0.9657458066940308,0
1947,1600,0.6411201357841492,0
842,297,1.6023005247116089,1
842,1654,1.34029221534729,0
842,1151,0.6858718991279602,0
842,251,0.4300711750984192,0
842,835,0.7358623147010803,0
842,432,0.7274671792984009,0
842,8,0.765785276889801,0
842,1908,0.40159928798675537,0
842,1408,0.6312931180000305,0
842,292,0.36751025915145874,0
842,1697,0.7304423451423645,0
842,581,0.6910410523414612,0
842,327,0.3761345148086548,0
842,1796,1.025799036026001,0
842,1770,0.7802254557609558,0
842,1165,0.6889743208885193,0
842,364,0.9349538087844849,0
842,1525,1.6995404958724976,0
842,1744,0.9524340629577637,0
842,1473,4.533632755279541,0
216,1715,0.8063321113586426,1
216,960,1.1098073720932007,0
216,955,0.6066374778747559,0
216,1081,0.36863353848457336,0
216,981,0.619279682636261,0
216,1583,0.5900246500968933,0
216,1771,0.61461341381073,0
216,178,0.36946675181388855,0
216,1080,0.623670756816864,0
216,367,0.6218851208686829,0
216,2023,0.6624606847763062,0
216,1426,0.6364755034446716,0
216,264,0.37669795751571655,0
216,1874,0.5723497867584229,0
216,1860,1.148179292678833,0
216,651,0.8705514073371887,0
216,14,0.8003695607185364,0
216,1543,0.6370828151702881,0
216,1108,0.5917306542396545,0
216,327,0.37581655383110046,0
3071,1648,0.3797358274459839,1
3071,614,0.5655196905136108,0
3071,2010,0.38146135210990906,0
3071,176,1.1556339263916016,0
3071,1915,0.5711227059364319,0
3071,415,0.5884102582931519,0
3071,1997,0.5555716156959534,0
3071,206,0.580838680267334,0
3071,406,0.5842508673667908,0
3071,1031,0.5445079207420349,0
3071,2026,0.7931365966796875,0
3071,2043,0.39279061555862427,0
3071,1772,0.5721732974052429,0
3071,389,0.6078086495399475,0
3071,269,0.6231603026390076,0
3071,10,1.31495201587677,0
3071,1889,0.5608111023902893,0
3071,876,0.5741897225379944,0
3071,400,0.37616097927093506,0
3071,1590,0.615943968296051,0
3014,14,0.9572392702102661,1
3014,1861,0.6521268486976624,0
3014,1924,0.33014288544654846,0
3014,1555,0.6611287593841553,0
3014,153,1.5102298259735107,0
3014,1175,0.6463854312896729,0
3014,386,0.38055819272994995,0
3014,1287,0.6358020901679993,0
3014,274,0.6548972725868225,0
3014,119,0.36150383949279785,0
3014,1074,0.6881539225578308,0
3014,595,1.6327651739120483,0
3014,1611,0.33755257725715637,0
3014,1301,0.6467660069465637,0
3014,1892,0.35291793942451477,0
3014,1914,0.9458296895027161,0
3014,90,0.8747896552085876,0
3014,788,0.6300938725471497,0
3014,936,1.0058436393737793,0
3014,780,0.9197424054145813,0
2692,999,0.3850255608558655,1
2692,608,0.6065987348556519,0
2692,28,0.41483449935913086,0
2692,191,0.7003094553947449,0
2692,645,0.7083409428596497,0
2692,1901,1.0029773712158203,0
2692,1508,0.9805548191070557,0
2692,1562,0.707495927810669,0
2692,1982,0.7307905554771423,0
2692,1247,0.36609992384910583,0
2692,1406,0.3967539966106415,0
2692,1985,0.9411207437515259,0
2692,22,0.6777319312095642,0
2692,1606,0.37398892641067505,0
2692,921,1.6481938362121582,0
2692,1590,0.7998665571212769,0
2692,302,0.6836588978767395,0
2692,928,0.6881185173988342,0
2692,431,0.9365652799606323,0
2692,1107,1.452596664428711,0
321,636,0.552821159362793,1
321,1983,0.9154362082481384,0
321,1109,0.5506078600883484,0
321,1718,0.5968551635742188,0
321,1420,0.5610859394073486,0
321,846,0.6091787219047546,0
321,508,1.697110891342163,0
321,1010,0.6061728000640869,0
321,925,0.3600771129131317,0
321,412,0.35520243644714355,0
321,1896,0.6229210495948792,0
321,499,0.577536404132843,0
321,1404,0.5922099947929382,0
321,1039,0.6082708239555359,0
321,139,1.4628403186798096,0
321,1821,0.8022640347480774,0
321,1036,0.615881085395813,0
321,1711,0.5359261631965637,0
321,1783,0.8569713234901428,0
321,803,1.1037365198135376,0
3242,501,0.7756852507591248,1
3242,919,0.9824891686439514,0
3242,2054,0.5693022012710571,0
3242,6,0.3975188136100769,0
3242,492,0.3666984438896179,0
3242,398,1.0535507202148438,0
3242,1198,0.8056616187095642,0
3242,337,0.7108812928199768,0
3242,1882,0.3809441924095154,0
3242,402,0.5722248554229736,0
3242,64,0.5661517381668091,0
3242,896,0.6031501293182373,0
3242,382,0.4079992175102234,0
3242,1621,0.3669092059135437,0
3242,1027,0.5600845813751221,0
3242,1425,0.5527166128158569,0
3242,705,0.41188135743141174,0
3242,575,0.53708815574646,0
3242,1487,0.604671835899353,0
3242,244,0.6041934490203857,0
2212,563,0.39653480052948,1
2212,1139,0.6348649859428406,0
2212,781,0.6226832866668701,0
2212,730,0.6026702523231506,0
2212,1889,0.61285799741745,0
2212,293,0.6041340231895447,0
2212,57,0.6193767189979553,0
2212,2057,0.7147519588470459,0
2212,908,0.6063087582588196,0
2212,141,0.6304491758346558,0
2212,186,1.2899057865142822,0
2212,1625,0.4041486382484436,0
2212,1593,0.6424710154533386,0
2212,2066,0.6458892822265625,0
2212,1819,0.6198691725730896,0
2212,772,0.4187755286693573,0
2212,115,0.6570073962211609,0
2212,1420,0.6047786474227905,0
2212,770,0.39579588174819946,0
2212,1369,0.8800819516181946,0
3879,392,0.3750149607658386,1
3879,509,0.3549608588218689,0
3879,1091,0.5788872241973877,0
3879,878,0.3365533649921417,0
3879,1274,0.7027418613433838,0
3879,523,0.9841634035110474,0
3879,1935,0.6475944519042969,0
3879,992,0.9111536145210266,0
3879,469,1.7489522695541382,0
3879,1478,0.56919264793396,0
3879,618,0.6599960923194885,0
3879,761,0.6136845350265503,0
3879,708,0.6290297508239746,0
3879,110,0.393909752368927,0
3879,1970,0.6646715998649597,0
3879,309,0.6273153424263,0
3879,693,0.6799820065498352,0
3879,922,0.6271937489509583,0
3879,1354,0.7014260292053223,0
3879,297,1.4892481565475464,0
1527,1914,0.9738988876342773,1
1527,1682,0.74852055311203,0
1527,1483,0.6696711778640747,0
1527,256,1.7186039686203003,0
1527,1046,0.6763989925384521,0
1527,915,1.0428061485290527,0
1527,977,0.938637375831604,0
1527,87,0.39611828327178955,0
1527,418,0.661196231842041,0
1527,1742,0.6633091568946838,0
1527,788,0.6612216830253601,0
1527,1410,0.7183877825737,0
1527,400,0.36477014422416687,0
1527,504,0.9999561309814453,0
1527,1236,0.9461150169372559,0
1527,1571,0.8966034054756165,0
1527,1974,0.7042707204818726,0
1527,1146,0.6574476361274719,0
1527,648,0.9283362627029419,0
1527,532,0.7074215412139893,0
841,1612,0.5880900621414185,1
841,68,0.6338075995445251,0
841,1773,0.5812296271324158,0
841,1791,0.37733885645866394,0
841,975,0.38083210587501526,0
841,1374,0.40377581119537354,0
841,84,0.5933966636657715,0
841,1304,0.6216398477554321,0
841,1158,0.5775606036186218,0
841,6,0.3819391429424286,0
841,383,0.5416390895843506,0
841,1401,0.5736075043678284,0
841,961,0.583625853061676,0
841,916,0.5605815649032593,0
841,443,0.5776697397232056,0
841,427,1.260886549949646,0
841,174,0.5828599333763123,0
841,136,0.5361659526824951,0
841,1945,0.37203237414360046,0
841,832,0.38549649715423584,0
3642,1643,2.5332047939300537,1
3642,1261,0.6181888580322266,0
3642,1789,0.6669551730155945,0
3642,585,0.6299986839294434,0
3642,1713,1.1033891439437866,0
3642,2000,1.0824806690216064,0
3642,840,0.6659371852874756,0
3642,1288,0.6392741799354553,0
3642,1646,0.6662376523017883,0
3642,1446,0.6695027351379395,0
3642,59,0.9732581377029419,0
3642,1983,1.0939178466796875,0
3642,353,0.6062673330307007,0
3642,1816,0.3464847505092621,0
3642,462,1.0446540117263794,0
3642,798,0.9755567908287048,0
3642,1000,0.9656120538711548,0
3642,836,1.4972342252731323,0
3642,646,0.3741890788078308,0
3642,7,0.6670418977737427,0
469,1273,1.3235266208648682,1
469,1392,1.1173837184906006,0
469,1192,0.6130285263061523,0
469,982,0.38615894317626953,0
469,2021,0.6242148280143738,0
469,959,0.9038928747177124,0
469,29,0.3799014985561371,0
469,908,0.5538973808288574,0
469,1051,0.6305480599403381,0
469,386,0.3905540704727173,0
469,136,0.5623873472213745,0
469,732,0.3605077266693115,0
469,1778,0.6396276354789734,0
469,764,0.5917747020721436,0
469,663,0.6169078946113586,0
469,961,0.6044047474861145,0
469,838,1.0780489444732666,0
469,1048,1.0943981409072876,0
469,60,0.6366891860961914,0
469,1476,0.7764098644256592,0
752,122,1.1022686958312988,1
752,694,0.3503812253475189,0
752,494,0.48828208446502686,0
752,491,0.34684914350509644,0
752,1827,0.35860592126846313,0
752,6,0.3624413013458252,0
752,1164,0.7316741943359375,0
752,1736,0.5432619452476501,0
752,1328,0.5737611055374146,0
752,937,0.33182770013809204,0
752,1072,0.4861510396003723,0
752,1008,0.5618733763694763,0
752,1219,0.542969286441803,0
752,425,0.34153634309768677,0
752,1785,0.5271804928779602,0
752,1204,0.3360401391983032,0
752,1583,0.5352935791015625,0
752,722,0.5535340905189514,0
752,1892,0.33928483724594116,0
752,65,0.5785823464393616,0
2159,1379,1.3681923151016235,1
2159,1098,0.5957673788070679,0
2159,156,0.6677182912826538,0
2159,2051,1.6256476640701294,0
2159,1899,0.621741533279419,0
2159,1982,0.690718948841095,0
2159,321,0.6538071632385254,0
2159,1890,0.6285068392753601,0
2159,926,0.6758754849433899,0
2159,778,1.4390541315078735,0
2159,1060,0.9542360901832581,0
2159,1562,0.6785178184509277,0
2159,1185,0.5904675126075745,0
2159,217,0.6202783584594727,0
2159,1928,1.1322059631347656,0
2159,16,0.36410072445869446,0
2159,1956,0.6883155703544617,0
2159,326,0.3566831946372986,0
2159,999,0.36569541692733765,0
2159,555,0.3563683032989502,0
653,1349,0.6520628929138184,1
653,1491,0.6252365708351135,0
653,381,0.5947208404541016,0
653,356,0.3624574542045593,0
653,1981,0.9411987066268921,0
653,1893,0.6332651376724243,0
653,1956,0.6742432117462158,0
653,940,0.6670726537704468,0
653,66,0.6326091885566711,0
653,915,1.010421872138977,0
653,1054,0.6148208379745483,0
653,811,0.6014426350593567,0
653,107,0.68183434009552,0
653,735,0.6692497730255127,0
653,584,0.6632934808731079,0
653,318,0.7152898907661438,0
653,1017,0.6089157462120056,0
653,989,1.5348963737487793,0
653,1979,0.6606953144073486,0
653,47,0.7203119397163391,0
3497,1374,0.39882123470306396,1
3497,47,0.7242021560668945,0
3497,1764,0.6835710406303406,0
3497,1382,0.6393974423408508,0
3497,370,0.6218669414520264,0
3497,339,0.6150298714637756,0
3497,1157,1.6384145021438599,0
3497,1758,0.4134593605995178,0
3497,359,0.7013652324676514,0
3497,1633,0.6500409245491028,0
3497,861,1.5714585781097412,0
3497,1892,0.3699772357940674,0
3497,1621,0.3602524399757385,0
3497,782,0.6819940209388733,0
3497,1624,0.3937603235244751,0
3497,2039,0.9643124341964722,0
3497,1491,0.6511924266815186,0
3497,1405,1.426149606704712,0
3497,1050,0.8778866529464722,0
3497,1477,0.3703179657459259,0
1573,751,0.38715803623199463,1
1573,558,0.3917563557624817,0
1573,51,0.357931911945343,0
1573,497,0.6954778432846069,0
1573,1992,0.6860089898109436,0
1573,356,0.3619711697101593,0
1573,1448,0.37628063559532166,0
1573,1476,0.8662603497505188,0
1573,525,0.6866355538368225,0
1573,1976,0.9412239193916321,0
1573,1161,0.3928622305393219,0
1573,1202,0.5951235890388489,0
1573,506,0.6992554068565369,0
1573,1277,0.9471974968910217,0
1573,450,0.364205539226532,0
1573,897,0.35812410712242126,0
1573,2046,0.6181048154830933,0
1573,1034,0.8785787224769592,0
1573,1585,0.3838464021682739,0
1573,904,0.7111408710479736,0
995,459,0.3274117708206177,1
995,164,0.6268610954284668,0
995,129,0.35055601596832275,0
995,1324,0.3451136350631714,0
995,1677,0.32390260696411133,0
995,581,0.5531060695648193,0
995,425,0.33209264278411865,0
995,938,0.7209919095039368,0
995,1747,0.39165112376213074,0
995,1071,0.5240821838378906,0
995,1935,0.5788255333900452,0
995,1861,0.5731969475746155,0
995,275,0.33331814408302307,0
995,281,0.3254871368408203,0
995,103,1.4418046474456787,0
995,1855,0.5937230587005615,0
995,27,0.570321798324585,0
995,1038,0.5542100667953491,0
995,1842,0.7616503238677979,0
995,221,0.5847298502922058,0
1465,1211,0.6690309047698975,1
1465,888,1.139127254486084,0
1465,703,0.6298109889030457,0
1465,483,2.149251937866211,0
1465,1225,0.33396321535110474,0
1465,819,0.6327819228172302,0
1465,1037,0.7104601263999939,0
1465,1651,0.644972562789917,0
1465,244,0.6839758157730103,0
1465,1826,0.6652297973632812,0
1465,1424,0.6637444496154785,0
1465,1358,0.6085566878318787,0
1465,1548,1.1824506521224976,0
1465,947,0.6605067253112793,0
1465,1135,0.6586448550224304,0
1465,1076,0.9316462278366089,0
1465,1305,0.3692558705806732,0
1465,65,0.7219703793525696,0
1465,2044,1.436350703239441,0
1465,83,0.6411781907081604,0
2933,1104,1.8254998922348022,1
2933,889,0.6674675345420837,0
2933,529,1.5730648040771484,0
2933,936,0.9790923595428467,0
2933,271,1.7528114318847656,0
2933,753,0.5869752168655396,0
2933,911,0.6786168813705444,0
2933,904,0.6926385760307312,0
2933,2029,0.657590389251709,0
2933,613,1.2313154935836792,0
2933,1234,0.5702154040336609,0
2933,2038,2.0028486251831055,0
2933,148,1.2675942182540894,0
2933,1856,0.6963993906974792,0
2933,2005,0.6161025166511536,0
2933,1225,0.3391292095184326,0
2933,1736,0.6510528922080994,0
2933,1236,0.9200075268745422,0
2933,220,0.6217963695526123,0
2933,227,0.37372416257858276,0
1931,157,0.6190199255943298,1
1931,2024,0.6391592025756836,0
1931,1156,0.5937795042991638,0
1931,888,1.0736712217330933,0
1931,588,0.36821210384368896,0
1931,869,0.6590753793716431,0
1931,499,0.6202310919761658,0
1931,183,0.6242319345474243,0
1931,1390,0.6461976170539856,0
1931,1273,1.454780101776123,0
1931,644,0.3804072439670563,0
1931,367,0.6738905906677246,0
1931,1463,0.8295856714248657,0
1931,742,0.5650603771209717,0
1931,1366,0.6151633858680725,0
1931,1300,0.6179227828979492,0
1931,1897,0.63093501329422,0
1931,1984,0.5941899418830872,0
1931,1321,0.6465306282043457,0
1931,744,0.6090755462646484,0
1399,1278,3.707296371459961,1
1399,2056,0.38092803955078125,0
1399,256,1.6392159461975098,0
1399,970,0.6353537440299988,0
1399,200,0.692906379699707,0
1399,821,0.3632346987724304,0
1399,694,0.37809181213378906,0
1399,642,0.6248724460601807,0
1399,870,0.39046961069107056,0
1399,631,0.39950141310691833,0
1399,1020,1.1744322776794434,0
1399,968,0.8685114979743958,0
1399,1180,1.0818599462509155,0
1399,508,1.9590624570846558,0
1399,135,0.723993718624115,0
1399,2003,0.40513813495635986,0
1399,1053,1.3611177206039429,0
1399,1159,1.0598021745681763,0
1399,282,0.9282764792442322,0
1399,520,0.6686506271362305,0
3989,1588,0.35363900661468506,1
3989,775,0.3416413962841034,0
3989,606,0.6667168140411377,0
3989,2014,0.3386596441268921,0
3989,1923,0.9447259306907654,0
3989,1750,0.7175112366676331,0
3989,1299,0.7029756307601929,0
3989,1804,0.6828063726425171,0
3989,311,0.9904365539550781,0
3989,1150,1.5910905599594116,0
3989,232,0.3717513680458069,0
3989,1971,2.190908432006836,0
3989,1922,0.6963427662849426,0
3989,1237,0.37801820039749146,0
3989,735,0.6438714265823364,0
3989,233,0.7055706977844238,0
3989,1880,0.6741422414779663,0
3989,887,0.5744967460632324,0
3989,1331,0.34917670488357544,0
3989,394,0.6318150162696838,0
593,1310,0.932341992855072,1
593,1182,0.7924737334251404,0
593,1103,0.4050728380680084,0
593,962,1.4636486768722534,0
593,96,0.5697941780090332,0
593,184,0.5300893187522888,0
593,854,0.3673285245895386,0
593,1360,0.570441722869873,0
593,71,0.9913452863693237,0
593,1949,0.8161835074424744,0
593,971,0.3724619746208191,0
593,442,0.380948543548584,0
593,372,0.34607258439064026,0
593,1662,0.5776460766792297,0
593,261,0.5462584495544434,0
593,1689,1.3675603866577148,0
593,613,0.9752005934715271,0
593,1379,1.0016263723373413,0
593,792,0.776631236076355,0
593,2036,1.1229994297027588,0
91,2060,0.7916834354400635,1
91,1618,0.5578370094299316,0
91,1143,0.3696542978286743,0
91,75,0.3342532515525818,0
91,1475,0.5669622421264648,0
91,1428,0.5418239235877991,0
91,64,0.5314642190933228,0
91,985,0.6913031339645386,0
91,1584,0.5741347074508667,0
91,1568,0.3894447684288025,0
91,1561,0.9878858327865601,0
91,1650,0.7794679403305054,0
91,331,0.3805059492588043,0
91,943,0.5110535621643066,0
91,2046,0.544285237789154,0
91,441,0.49595436453819275,0
91,412,0.32782039046287537,0
91,816,0.7373875379562378,0
91,1893,0.5598005652427673,0
91,186,1.0151010751724243,0
1987,1694,1.7981091737747192,1
1987,1089,0.6651265621185303,0
1987,86,0.9819615483283997,0
1987,512,0.6587240099906921,0
1987,970,0.616428792476654,0
1987,1575,0.6403509378433228,0
1987,189,0.6047821640968323,0
1987,1392,1.300115704536438,0
1987,1768,0.3421085476875305,0
1987,1118,0.3857629895210266,0
1987,422,0.6640686392784119,0
1987,281,0.33530864119529724,0
1987,1692,0.6344999074935913,0
1987,397,0.7020661234855652,0
1987,1909,0.6543161273002625,0
1987,63,0.6865041255950928,0
1987,607,0.6478240489959717,0
1987,1327,0.9690097570419312,0
1987,1481,0.6316889524459839,0
1987,1916,0.3683789372444153,0
1216,468,0.6372172832489014,1
1216,1448,0.3880472481250763,0
1216,1742,0.589803159236908,0
1216,1484,0.35984301567077637,0
1216,1503,0.3485579192638397,0
1216,251,0.41250619292259216,0
1216,1460,0.5328401327133179,0
1216,1071,0.5639617443084717,0
1216,1749,0.5962702035903931,0
1216,296,0.38325148820877075,0
1216,545,0.5943173766136169,0
1216,859,0.6083467602729797,0
1216,888,0.9674469828605652,0
1216,193,1.0195339918136597,0
1216,831,1.0020356178283691,0
1216,38,0.3624148964881897,0
1216,693,0.6310912370681763,0
1216,1124,2.6361260414123535,0
1216,1042,0.5870077013969421,0
1216,1939,0.5674737095832825,0
2562,1443,0.5595381259918213,1
2562,1202,0.5152940154075623,0
2562,494,0.5103832483291626,0
2562,323,0.5478215217590332,0
2562,326,0.34830933809280396,0
2562,1587,0.33399587869644165,0
2562,1034,0.7608460187911987,0
2562,16,0.3629781901836395,0
2562,1807,0.5509185194969177,0
2562,895,0.6206774115562439,0
2562,1287,0.5614910125732422,0
2562,1447,1.2941819429397583,0
2562,675,0.5966914892196655,0
2562,628,1.214713454246521,0
2562,728,0.5280422568321228,0
2562,1304,0.596208393573761,0
2562,2036,1.2147341966629028,0
2562,599,0.6100332140922546,0
2562,595,1.2412476539611816,0
2562,1619,0.3074074387550354,0
2861,1224,1.6836274862289429,1
2861,1078,0.6520016193389893,0
2861,3,0.597266435623169,0
2861,773,0.7007611989974976,0
2861,898,0.6295135617256165,0
2861,1370,0.9150549173355103,0
2861,589,0.34284988045692444,0
2861,1977,0.6209032535552979,0
2861,867,0.6304853558540344,0
2861,1911,0.8187686800956726,0
2861,1408,0.5900967121124268,0
2861,415,0.671030580997467,0
2861,1277,0.9334230422973633,0
2861,1503,0.3308377265930176,0
2861,648,0.8929468393325806,0
2861,307,0.6611105799674988,0
2861,579,1.1592707633972168,0
2861,1070,0.6653644442558289,0
2861,729,0.34646040201187134,0
2861,892,0.620552122592926,0
3209,727,0.35825464129447937,1
3209,1869,0.6772208213806152,0
3209,641,0.7004751563072205,0
3209,1159,1.0841574668884277,0
3209,834,1.3609330654144287,0
3209,1088,1.2121071815490723,0
3209,431,0.9204177260398865,0
3209,555,0.3568657338619232,0
3209,764,0.6889362931251526,0
3209,738,0.7406193614006042,0
3209,775,0.36383238434791565,0
3209,728,0.6397712826728821,0
3209,1924,0.3414153456687927,0
3209,1896,0.7077429890632629,0
3209,1555,0.6765533089637756,0
3209,1669,1.6539384126663208,0
3209,554,0.3717101216316223,0
3209,1843,1.5464919805526733,0
3209,1806,3.464768171310425,0
3209,936,1.0368162393569946,0
1936,82,0.6099854111671448,1
1936,211,0.6908119916915894,0
1936,1814,0.6060841083526611,0
1936,3,0.6020238399505615,0
1936,348,0.6380848288536072,0
1936,648,0.8830893635749817,0
1936,167,0.633985698223114,0
1936,133,0.32620567083358765,0
1936,198,0.6343976855278015,0
1936,1759,0.6773465275764465,0
1936,1922,0.6732020378112793,0
1936,1566,0.6259588599205017,0
1936,1363,0.6468624472618103,0
1936,442,0.3447403311729431,0
1936,750,0.5642371773719788,0
1936,831,1.225539207458496,0
1936,1199,0.34775322675704956,0
1936,1744,0.8875693678855896,0
1936,1826,0.6512675881385803,0
1936,152,0.9917871356010437,0
3977,685,0.6551563739776611,1
3977,1425,0.6618176102638245,0
3977,439,2.120218276977539,0
3977,1538,0.6452038288116455,0
3977,1306,0.6022030115127563,0
3977,849,0.6437792778015137,0
3977,1434,1.4556934833526611,0
3977,1643,2.3007559776306152,0
3977,1741,0.683756947517395,0
3977,1308,0.4161478877067566,0
3977,1270,0.7026798725128174,0
3977,817,0.40735670924186707,0
3977,1299,0.7195180654525757,0
3977,514,0.7060655355453491,0
3977,545,0.6633803844451904,0
3977,919,1.2409464120864868,0
3977,1560,0.4054862856864929,0
3977,494,0.5905678868293762,0
3977,645,0.6873615980148315,0
3977,248,0.6469835638999939,0
3709,1832,1.1788339614868164,1
3709,1916,0.369587242603302,0
3709,568,0.6252409219741821,0
3709,1304,0.7044877409934998,0
3709,1872,0.3494284152984619,0
3709,1564,1.52912175655365,0
3709,724,0.6098993420600891,0
3709,165,0.6515335440635681,0
3709,422,0.6464202404022217,0
3709,1231,1.2137106657028198,0
3709,158,0.6806957125663757,0
3709,1341,0.8836188316345215,0
3709,413,0.6113086342811584,0
3709,431,0.8722209930419922,0
3709,1754,0.3846593499183655,0
3709,89,0.3637993335723877,0
3709,652,0.9991003274917603,0
3709,1100,0.39177408814430237,0
3709,809,0.6037816405296326,0
3709,1949,0.984728991985321,0
3488,461,0.9522021412849426,1
3488,1811,0.6707669496536255,0
3488,1473,4.322511672973633,0
3488,1205,1.0460973978042603,0
3488,641,0.6687744855880737,0
3488,1514,0.6518725752830505,0
3488,1328,0.7043623924255371,0
3488,1119,0.9741307497024536,0
3488,1726,0.6372673511505127,0
3488,255,0.6557769179344177,0
3488,1490,0.6552343368530273,0
3488,1870,0.6372721791267395,0
3488,877,0.6085197925567627,0
3488,738,0.7050946950912476,0
3488,1228,0.6634103655815125,0
3488,1161,0.40272027254104614,0
3488,123,1.3156520128250122,0
3488,1812,0.6870229840278625,0
3488,1658,3.659048318862915,0
3488,37,0.3832215666770935,0
1776,1132,0.9340154528617859,1
1776,390,0.3778499364852905,0
1776,379,0.3497351109981537,0
1776,218,0.9513881206512451,0
1776,1235,0.6619268655776978,0
1776,1599,0.344951868057251,0
1776,1728,1.3013156652450562,0
1776,164,0.7280901670455933,0
1776,1811,0.661784827709198,0
1776,757,0.6408776044845581,0
1776,5,0.3622371554374695,0
1776,93,0.6585373878479004,0
1776,1330,0.380807101726532,0
1776,1428,0.6380572319030762,0
1776,191,0.6732802391052246,0
1776,942,1.0191752910614014,0
1776,708,0.6825770735740662,0
1776,532,0.6938685178756714,0
1776,1639,0.6201623678207397,0
1776,1562,0.6752669811248779,0
535,1723,2.621079206466675,1
535,645,0.7072952389717102,0
535,1694,1.9726499319076538,0
535,507,0.3770570158958435,0
535,425,0.369125097990036,0
535,1484,0.35916152596473694,0
535,1364,0.9841893315315247,0
535,1530,0.6637452244758606,0
535,1660,0.7156505584716797,0
535,971,0.40083855390548706,0
535,834,1.388585090637207,0
535,698,0.6970062851905823,0
535,2015,0.3734090328216553,0
535,407,1.469491720199585,0
535,736,0.6863195300102234,0
535,1563,0.9636098742485046,0
535,1198,1.035744309425354,0
535,1846,1.6545459032058716,0
535,636,0.6640504002571106,0
535,575,0.6595117449760437,0
887,808,0.7251246571540833,1
887,454,0.5244366526603699,0
887,1265,0.5579530000686646,0
887,1239,0.6082484722137451,0
887,188,0.7552142143249512,0
887,657,0.5718256831169128,0
887,649,0.9918895959854126,0
887,876,0.5812131762504578,0
887,983,1.0374001264572144,0
887,1465,0.5595494508743286,0
887,988,1.3905597925186157,0
887,1849,0.5788924694061279,0
887,1892,0.37011295557022095,0
887,1699,0.5644048452377319,0
887,187,0.5608377456665039,0
887,1315,0.4240909814834595,0
887,367,0.5858809947967529,0
887,1792,0.7334406971931458,0
887,235,1.3305578231811523,0
887,549,0.5718300938606262,0
2106,1787,1.099253535270691,1
2106,1924,0.33850711584091187,0
2106,287,0.8804380297660828,0
2106,243,0.6536136269569397,0
2106,2079,0.652834415435791,0
2106,790,0.9555608034133911,0
2106,1021,1.1652030944824219,0
2106,1453,0.6780762672424316,0
2106,1611,0.3647545874118805,0
2106,1510,0.677583634853363,0
2106,753,0.5771114230155945,0
2106,472,0.9402415752410889,0
2106,88,0.6574944257736206,0
2106,1426,0.6981819868087769,0
2106,527,0.5960404872894287,0
2106,293,0.6156171560287476,0
2106,1638,0.6459635496139526,0
2106,180,0.6351720690727234,0
2106,1962,0.3157903254032135,0
2106,1558,0.3583965301513672,0
2169,1341,0.9135661721229553,1
2169,993,0.8808850646018982,0
2169,133,0.3257344365119934,0
2169,1045,0.6376876831054688,0
2169,972,0.6524304747581482,0
2169,1207,0.6345837712287903,0
2169,217,0.593774139881134,0
2169,1352,0.6102592945098877,0
2169,1144,0.6027846336364746,0
2169,1088,1.1524924039840698,0
2169,1670,0.6366841197013855,0
2169,940,0.6530559062957764,0
2169,101,1.8857461214065552,0
2169,770,0.35828426480293274,0
2169,325,1.2788474559783936,0
2169,1005,0.6949549913406372,0
2169,1631,0.9426097273826599,0
2169,1648,0.35132819414138794,0
2169,1156,0.5873931050300598,0
2169,844,0.6261233687400818,0
3867,665,0.41529029607772827,1
3867,937,0.34989285469055176,0
3867,1199,0.3795972168445587,0
3867,1292,0.6467599868774414,0
3867,761,0.6742156744003296,0
3867,1513,1.3666110038757324,0
3867,460,0.6688452959060669,0
3867,640,1.2313284873962402,0
3867,1134,1.0565905570983887,0
3867,587,0.39353442192077637,0
3867,2080,0.6667076349258423,0
3867,1190,0.6965396404266357,0
3867,1440,0.6822234392166138,0
3867,638,0.6572854518890381,0
3867,86,1.0488204956054688,0
3867,145,0.636962890625,0
3867,1604,0.400410532951355,0
3867,1896,0.6995965838432312,0
3867,742,0.5875012874603271,0
3867,1504,0.3526221811771393,0
3493,447,1.0140293836593628,1
3493,317,0.6831619739532471,0
3493,871,0.7131537199020386,0
3493,291,0.6434027552604675,0
3493,2025,0.658571720123291,0
3493,1767,0.36085018515586853,0
3493,1260,0.7594402432441711,0
3493,536,0.6895366311073303,0
3493,1412,0.6126885414123535,0
3493,441,0.6161161065101624,0
3493,1672,0.3468611538410187,0
3493,284,0.7291556596755981,0
3493,190,0.7144883871078491,0
3493,1964,0.6892719864845276,0
3493,1472,1.2629027366638184,0
3493,1849,0.6754310727119446,0
3493,738,0.7209177613258362,0
3493,1391,0.7233502268791199,0
3493,1321,0.6438764929771423,0
3493,2050,0.9746377468109131,0
603,1310,1.2622342109680176,1
603,1322,0.9755988121032715,0
603,1729,1.0513845682144165,0
603,789,1.9340935945510864,0
603,1776,0.7265158891677856,0
603,1832,1.2455240488052368,0
603,51,0.3589625060558319,0
603,1216,0.6644948124885559,0
603,1057,0.37138882279396057,0
603,1189,0.6551287770271301,0
603,1679,0.6399520635604858,0
603,203,0.7431949973106384,0
603,264,0.34821653366088867,0
603,1547,1.7127748727798462,0
603,1095,0.6486527323722839,0
603,1662,0.7129637002944946,0
603,1243,0.3720451593399048,0
603,41,1.095209002494812,0
603,152,1.0270129442214966,0
603,2001,0.39523667097091675,0
2556,1877,5.684596538543701,1
2556,1714,1.0226049423217773,0
2556,1751,0.39362502098083496,0
2556,320,0.6282886266708374,0
2556,1034,0.9078887701034546,0
2556,132,0.710112452507019,0
2556,1556,0.5957654118537903,0
2556,531,0.3978390097618103,0
2556,590,2.357466220855713,0
2556,789,1.9211710691452026,0
2556,739,0.7107279300689697,0
2556,1504,0.3666265606880188,0
2556,2035,0.701455295085907,0
2556,309,0.6768248081207275,0
2556,1588,0.38348865509033203,0
2556,1214,1.6101739406585693,0
2556,1502,0.36358287930488586,0
2556,654,1.6777338981628418,0
2556,1927,1.1134368181228638,0
2556,1402,0.6759224534034729,0
1638,909,0.6773287653923035,1
1638,1700,0.5658822059631348,0
1638,976,1.1693997383117676,0
1638,2053,0.6195294857025146,0
1638,1992,0.6309180855751038,0
1638,660,0.6342043876647949,0
1638,675,0.6410603523254395,0
1638,1778,0.6664073467254639,0
1638,789,1.8153096437454224,0
1638,1399,1.5074467658996582,0
1638,1928,1.0883030891418457,0
1638,1060,0.896400511264801,0
1638,901,0.3360210955142975,0
1638,273,0.6005474925041199,0
1638,1570,0.6027162075042725,0
1638,617,0.3173185884952545,0
1638,1231,1.2177942991256714,0
1638,1295,0.6213757991790771,0
1638,533,1.6247614622116089,0
1638,970,0.5913305878639221,0
246,1932,2.5135183334350586,1
246,1788,0.567612886428833,0
246,317,0.5695843696594238,0
246,1658,2.767479419708252,0
246,1526,0.5261207222938538,0
246,811,0.5257948637008667,0
246,217,0.5338497161865234,0
246,857,0.3275631070137024,0
246,1831,0.5556598901748657,0
246,403,0.5714423656463623,0
246,575,0.5165322422981262,0
246,1651,0.5320065021514893,0
246,1079,0.6154853701591492,0
246,1063,0.3258315920829773,0
246,966,0.5925551056861877,0
246,338,0.5279256105422974,0
246,199,0.7951756715774536,0
246,644,0.35169172286987305,0
246,1102,0.5555481314659119,0
246,789,1.4425674676895142,0
1775,1724,0.6197690367698669,1
1775,130,0.6378724575042725,0
1775,481,0.6713353395462036,0
1775,1482,0.6621916890144348,0
1775,1839,0.6465176939964294,0
1775,1589,1.2354618310928345,0
1775,723,0.36663636565208435,0
1775,746,0.5976320505142212,0
1775,641,0.6708917021751404,0
1775,1173,0.936235785484314,0
1775,365,0.6508978605270386,0
1775,147,0.4041772484779358,0
1775,1127,0.3774295449256897,0
1775,236,0.6405431032180786,0
1775,1789,0.6515228152275085,0
1775,388,0.6120510697364807,0
1775,469,1.635472297668457,0
1775,916,0.6197640895843506,0
1775,454,0.5847846865653992,0
1775,1133,0.6638101935386658,0
4040,1096,1.0862160921096802,1
4040,1038,0.64811110496521,0
4040,1645,0.6503467559814453,0
4040,1072,0.5842175483703613,0
4040,1946,1.2761062383651733,0
4040,396,0.6283057928085327,0
4040,600,2.315897226333618,0
4040,1280,0.6364989280700684,0
4040,1800,0.6652039289474487,0
4040,553,0.622150182723999,0
4040,828,0.7027416229248047,0
4040,826,0.680573582649231,0
4040,880,1.014471411705017,0
4040,1053,1.3833699226379395,0
4040,1350,0.6484688520431519,0
4040,1779,0.7113639116287231,0
4040,1984,0.6029967069625854,0
4040,422,0.6840078830718994,0
4040,123,1.316374659538269,0
4040,164,0.7347047924995422,0
3733,613,1.3617148399353027,1
3733,1874,0.6584680676460266,0
3733,800,0.686674177646637,0
3733,1995,2.051097869873047,0
3733,1117,0.7036702632904053,0
3733,1599,0.32752999663352966,0
3733,1335,0.6019052267074585,0
3733,636,0.6062676310539246,0
3733,858,0.6823508143424988,0
3733,313,0.31459468603134155,0
3733,1641,1.5063976049423218,0
3733,1845,0.979365348815918,0
3733,2067,0.6397682428359985,0
3733,1806,3.6812069416046143,0
3733,2023,0.7654772996902466,0
3733,1497,0.6840483546257019,0
3733,464,0.6954373121261597,0
3733,716,0.6504153609275818,0
3733,875,0.6358147859573364,0
3733,395,0.9560095071792603,0
414,1848,0.8142901659011841,1
414,838,1.0117130279541016,0
414,1308,0.3694188594818115,0
414,1307,0.5812779068946838,0
414,2052,0.5185712575912476,0
414,233,0.6050595641136169,0
414,38,0.3494861125946045,0
414,886,0.5881625413894653,0
414,485,0.635182797908783,0
414,379,0.3599068522453308,0
414,1075,0.3827790915966034,0
414,959,0.8554939031600952,0
414,288,0.5984135866165161,0
414,1508,0.7607828974723816,0
414,443,0.5705022811889648,0
414,625,0.5598260760307312,0
414,999,0.37936732172966003,0
414,871,0.5945518612861633,0
414,816,0.7703111171722412,0
414,881,0.5743655562400818,0
630,2025,0.5558162927627563,1
630,638,0.5494500398635864,0
630,841,1.552524209022522,0
630,1140,0.37490683794021606,0
630,2050,0.7437396049499512,0
630,351,0.3656817674636841,0
630,2061,0.35869836807250977,0
630,1617,1.0024685859680176,0
630,569,0.5958845019340515,0
630,422,0.5714463591575623,0
630,74,0.9760452508926392,0
630,635,0.5695937871932983,0
630,2074,0.38398563861846924,0
630,560,0.5922777652740479,0
630,549,0.5639591813087463,0
630,815,0.5824021100997925,0
630,1929,0.6146966218948364,0
630,1315,0.40709614753723145,0
630,2064,0.5509822368621826,0
630,1776,0.599222719669342,0
1718,1099,0.8862429261207581,1
1718,1098,0.5782748460769653,0
1718,1328,0.6843352913856506,0
1718,187,0.6409446001052856,0
1718,1115,0.6230929493904114,0
1718,1467,1.3824388980865479,0
1718,1540,0.41837793588638306,0
1718,1591,0.609836995601654,0
1718,438,0.6633276343345642,0
1718,1481,0.6288353800773621,0
1718,1362,0.6321231722831726,0
1718,521,0.3797608017921448,0
1718,733,1.0195292234420776,0
1718,1045,0.6720983982086182,0
1718,841,1.8997769355773926,0
1718,914,1.3964612483978271,0
1718,1088,1.1046446561813354,0
1718,597,0.385176420211792,0
1718,1285,0.40422338247299194,0
1718,1143,0.39404594898223877,0
2379,1373,1.6617377996444702,1
2379,210,0.8851125836372375,0
2379,1766,0.6912637948989868,0
2379,641,0.6708689332008362,0
2379,866,0.6389881372451782,0
2379,1512,0.636833906173706,0
2379,377,1.0382535457611084,0
2379,511,1.7023682594299316,0
2379,1530,0.5935782790184021,0
2379,751,0.34751081466674805,0
2379,897,0.33362141251564026,0
2379,570,0.6688005328178406,0
2379,1201,0.7119883894920349,0
2379,852,0.6392394304275513,0
2379,2010,0.3547637462615967,0
2379,1721,1.0069961547851562,0
2379,588,0.3338686227798462,0
2379,324,0.34747231006622314,0
2379,1625,0.37172576785087585,0
2379,632,0.6142096519470215,0
73,1294,1.0171024799346924,1
73,999,0.3881697654724121,0
73,1344,0.5924028158187866,0
73,1835,0.5569034218788147,0
73,1780,0.5554903745651245,0
73,1735,0.6150472164154053,0
73,61,0.5584952235221863,0
73,1155,0.5953957438468933,0
73,1757,1.7813796997070312,0
73,1227,0.5335211753845215,0
73,114,0.5849608182907104,0
73,417,1.3164253234863281,0
73,1446,0.5811372399330139,0
73,2051,1.321335792541504,0
73,1728,1.0613938570022583,0
73,802,0.619139552116394,0
73,835,0.6342920064926147,0
73,347,0.36150801181793213,0
73,1861,0.5896113514900208,0
73,11,0.373623788356781,0
898,1972,1.139051079750061,1
898,1845,0.8201941847801208,0
898,428,0.5937286615371704,0
898,922,0.586172342300415,0
898,1461,0.603531539440155,0
898,311,0.8482319116592407,0
898,115,0.5928247570991516,0
898,939,0.3789624869823456,0
898,1760,1.2156703472137451,0
898,894,0.6143524646759033,0
898,1563,0.7678518891334534,0
898,689,0.836240828037262,0
898,749,0.6011840105056763,0
898,1438,0.3601231575012207,0
898,1480,0.5511377453804016,0
898,84,0.6084880232810974,0
898,260,0.4080772399902344,0
898,637,1.4427096843719482,0
898,1352,0.566723108291626,0
898,1974,0.6165357232093811,0
1014,411,0.3351845145225525,1
1014,1823,0.9723188281059265,0
1014,1536,1.3915863037109375,0
1014,1821,0.7714148759841919,0
1014,1150,1.2377413511276245,0
1014,1344,0.5759077072143555,0
1014,2002,0.531276524066925,0
1014,2073,1.8098130226135254,0
1014,1669,1.265937328338623,0
1014,1284,0.5414292216300964,0
1014,645,0.5699109435081482,0
1014,902,0.3362239599227905,0
1014,1964,0.5479214787483215,0
1014,212,1.1335562467575073,0
1014,1246,0.5545293688774109,0
1014,299,0.5702648162841797,0
1014,621,1.0439794063568115,0
1014,1039,0.5755175352096558,0
1014,680,1.5452643632888794,0
1014,1457,0.7707750797271729,0
3385,1124,2.579970121383667,1
3385,869,0.5595619678497314,0
3385,1460,0.48568952083587646,0
3385,47,0.6037070751190186,0
3385,1227,0.507875382900238,0
3385,1999,1.0083998441696167,0
3385,1800,0.5483418703079224,0
3385,90,0.703564465045929,0
3385,2078,0.5404900908470154,0
3385,515,0.35200047492980957,0
3385,1878,0.8095836639404297,0
3385,1348,0.8051002621650696,0
3385,867,0.5342482328414917,0
3385,1441,0.5599473118782043,0
3385,1689,1.394863486289978,0
3385,1507,2.0201785564422607,0
3385,463,0.5606029033660889,0
3385,1778,0.589722752571106,0
3385,267,0.34513384103775024,0
3385,600,1.7560557126998901,0
649,224,2.4283957481384277,1
649,528,0.6169927716255188,0
649,1229,0.6984545588493347,0
649,1485,0.35248637199401855,0
649,739,0.7137255072593689,0
649,1594,0.6749532222747803,0
649,1646,0.6906176209449768,0
649,1159,1.0887752771377563,0
649,1520,0.35484278202056885,0
649,1286,0.6084142923355103,0
649,450,0.3538852035999298,0
649,494,0.6007713079452515,0
649,900,0.6500865817070007,0
649,233,0.7192345857620239,0
649,40,2.127204418182373,0
649,1438,0.3319845199584961,0
649,1026,0.7162641286849976,0
649,1389,0.3480038046836853,0
649,612,0.34752488136291504,0
649,971,0.34423381090164185,0
1946,141,0.6297768354415894,1
1946,1191,0.34698694944381714,0
1946,1456,1.2524648904800415,0
1946,1658,3.682889461517334,0
1946,1484,0.32057085633277893,0
1946,483,2.2150328159332275,0
1946,1678,0.5966477990150452,0
1946,1988,0.3515968918800354,0
1946,135,0.7144806385040283,0
1946,934,0.6387138366699219,0
1946,754,0.8978771567344666,0
1946,1821,0.926511824131012,0
1946,1440,0.6339788436889648,0
1946,852,0.6296752095222473,0
1946,820,0.6147298216819763,0
1946,1108,0.6573185920715332,0
1946,1234,0.5500179529190063,0
1946,2054,0.6247789263725281,0
1946,2078,0.6218608021736145,0
1946,868,0.7142781615257263,0
3981,1413,0.3621051013469696,1
3981,787,0.7250621318817139,0
3981,1534,0.3636592626571655,0
3981,2049,0.6263982653617859,0
3981,95,0.5893237590789795,0
3981,1507,2.4555842876434326,0
3981,223,0.5617225170135498,0
3981,1955,0.37922173738479614,0
3981,2020,0.580402135848999,0
3981,1590,0.6944965720176697,0
3981,199,0.9110097885131836,0
3981,618,0.6548213362693787,0
3981,1508,0.8577864170074463,0
3981,531,0.39365893602371216,0
3981,259,0.6875895857810974,0
3981,1850,0.5993262529373169,0
3981,536,0.6361711621284485,0
3981,359,0.6644045114517212,0
3981,1086,0.7094858288764954,0
3981,2069,0.36392247676849365,0
809,1694,1.2533478736877441,1
809,2074,0.3779233694076538,0
809,287,0.7105117440223694,0
809,740,0.364597886800766,0
809,858,0.5513632297515869,0
809,2019,0.5496531128883362,0
809,2079,0.5705500841140747,0
809,1899,0.5248340368270874,0
809,9,0.3762497901916504,0
809,1340,0.5465738773345947,0
809,755,0.7213981747627258,0
809,2037,0.6946049928665161,0
809,769,0.620691180229187,0
809,1206,0.383269727230072,0
809,1251,0.5397760272026062,0
809,1569,0.3653274178504944,0
809,326,0.373658150434494,0
809,978,0.9043545126914978,0
809,961,0.5441573858261108,0
809,835,0.5668541193008423,0
2008,71,1.2422937154769897,1
2008,1582,0.6606642007827759,0
2008,1409,0.3833484649658203,0
2008,1268,1.0106855630874634,0
2008,1781,0.6589692234992981,0
2008,1938,0.3272472620010376,0
2008,912,0.6290301084518433,0
2008,855,0.35291552543640137,0
2008,1526,0.6480997800827026,0
2008,1062,0.6414978504180908,0
2008,601,0.32981565594673157,0
2008,466,0.6192455291748047,0
2008,965,1.9398852586746216,0
2008,1560,0.34874510765075684,0
2008,2005,0.6294004917144775,0
2008,1793,0.3392890691757202,0
2008,1112,0.6133081912994385,0
2008,1070,0.6745817065238953,0
2008,241,0.6471083164215088,0
2008,1541,0.660624086856842,0
2694,587,0.4037344455718994,1
2694,328,1.3366938829421997,0
2694,659,1.0832239389419556,0
2694,302,0.6650221943855286,0
2694,928,0.68928062915802,0
2694,205,0.667920708656311,0
2694,104,2.0260040760040283,0
2694,945,0.4012991487979889,0
2694,1457,0.9696528315544128,0
2694,738,0.7337042093276978,0
2694,1225,0.34657663106918335,0
2694,1035,0.9676950573921204,0
2694,155,0.6606044173240662,0
2694,1426,0.7452007532119751,0
2694,830,0.7034316062927246,0
2694,1440,0.6809379458427429,0
2694,1823,1.257175087928772,0
2694,1076,0.9770098924636841,0
2694,732,0.3747877776622772,0
2694,909,0.767790675163269,0
3327,172,0.34115156531333923,1
3327,533,1.779809832572937,0
3327,420,0.7223910689353943,0
3327,2071,0.6530187129974365,0
3327,1502,0.33431828022003174,0
3327,411,0.3276779055595398,0
3327,614,0.6441949009895325,0
3327,214,0.34206444025039673,0
3327,451,0.9943507313728333,0
3327,71,1.2646549940109253,0
3327,1295,0.6751320958137512,0
3327,1416,1.0024313926696777,0
3327,856,0.6714187860488892,0
3327,1387,0.3631267249584198,0
3327,541,1.0094265937805176,0
3327,528,0.6013475060462952,0
3327,1243,0.34530165791511536,0
3327,752,0.6484835743904114,0
3327,1380,0.6004452705383301,0
3327,592,0.6807475686073303,0
3268,1515,1.469194769859314,1
3268,384,0.3890325725078583,0
3268,1861,0.670831024646759,0
3268,1240,0.7062966823577881,0
3268,1983,1.0988121032714844,0
3268,1563,0.9370619654655457,0
3268,1930,0.627750813961029,0
3268,121,0.6999589800834656,0
3268,1648,0.3599072992801666,0
3268,1249,0.34623557329177856,0
3268,1753,0.7059836387634277,0
3268,1162,0.33462661504745483,0
3268,1627,0.7602022886276245,0
3268,612,0.36473748087882996,0
3268,1092,1.4184321165084839,0
3268,356,0.3699305057525635,0
3268,1048,1.310920238494873,0
3268,648,0.9228137135505676,0
3268,54,0.6471076011657715,0
3268,1,0.7028529644012451,0
2493,323,0.5807396769523621,1
2493,482,1.0601797103881836,0
2493,1081,0.3701326251029968,0
2493,95,0.5470658540725708,0
2493,675,0.6209043264389038,0
2493,157,0.5795973539352417,0
2493,2048,0.3953610956668854,0
2493,368,0.6038124561309814,0
2493,1310,0.9881731867790222,0
2493,87,0.4247848093509674,0
2493,362,0.8093124628067017,0
2493,1099,0.7915635108947754,0
2493,573,0.564323365688324,0
2493,1949,0.8618216514587402,0
2493,1062,0.5597835779190063,0
2493,1986,2.4646174907684326,0
2493,968,0.7587063312530518,0
2493,1794,0.41852372884750366,0
2493,1619,0.3492964506149292,0
2493,1554,0.6127704381942749,0
1039,952,0.7108425498008728,1
1039,1779,0.6973140835762024,0
1039,1653,0.727692723274231,0
1039,651,1.082778811454773,0
1039,1745,0.36571699380874634,0
1039,270,0.33672380447387695,0
1039,309,0.6835607886314392,0
1039,245,0.7218396067619324,0
1039,272,0.653221607208252,0
1039,1580,1.01384699344635,0
1039,2074,0.39122503995895386,0
1039,504,1.0011584758758545,0
1039,1332,1.0062146186828613,0
1039,1156,0.6186675429344177,0
1039,1355,1.3300820589065552,0
1039,376,0.3705675005912781,0
1039,930,1.3157366514205933,0
1039,1879,0.6573435068130493,0
1039,1192,0.7076079845428467,0
1039,349,1.0529365539550781,0
711,2028,0.9558388590812683,1
711,2059,0.3118186891078949,0
711,1770,0.7173126935958862,0
711,768,0.6744053959846497,0
711,294,0.36418211460113525,0
711,1624,0.37687617540359497,0
711,1569,0.3678726553916931,0
711,1750,0.704592764377594,0
711,1341,0.9279464483261108,0
711,375,0.9529861211776733,0
711,593,0.37885209918022156,0
711,1721,0.9843142628669739,0
711,947,0.6631609797477722,0
711,329,0.3693610727787018,0
711,301,0.9453265070915222,0
711,250,0.749631404876709,0
711,2071,0.6516879200935364,0
711,750,0.5865991115570068,0
711,982,0.38580721616744995,0
711,1268,0.9381200671195984,0
3118,1134,1.0179483890533447,1
3118,1468,0.7252373099327087,0
3118,1512,0.6392531394958496,0
3118,1321,0.6435860395431519,0
3118,29,0.37567347288131714,0
3118,494,0.5824369788169861,0
3118,380,0.3736823499202728,0
3118,645,0.6456617116928101,0
3118,1441,0.6864646673202515,0
3118,1143,0.3618714213371277,0
3118,777,0.6825020909309387,0
3118,508,2.0519001483917236,0
3118,1613,0.35767775774002075,0
3118,1827,0.38875114917755127,0
3118,89,0.35375040769577026,0
3118,181,0.6866921782493591,0
3118,1004,0.6750016808509827,0
3118,1783,1.007236361503601,0
3118,1332,0.9791114926338196,0
3118,2002,0.5976762175559998,0
2388,699,2.2619469165802,1
2388,347,0.36219722032546997,0
2388,1951,1.042849063873291,0
2388,564,0.7195516228675842,0
2388,1060,0.9824737310409546,0
2388,442,0.37304526567459106,0
2388,218,0.9846934080123901,0
2388,1380,0.646594226360321,0
2388,568,0.6688413023948669,0
2388,220,0.6418638229370117,0
2388,1262,0.7221825122833252,0
2388,1720,0.9926053285598755,0
2388,847,1.0311741828918457,0
2388,556,0.6593042016029358,0
2388,1599,0.354103684425354,0
2388,1272,1.4109541177749634,0
2388,572,1.8375365734100342,0
2388,1696,0.6600289940834045,0
2388,1805,0.6487352848052979,0
2388,894,0.6977916359901428,0
1887,743,1.0073227882385254,1
1887,918,0.9167471528053284,0
1887,1069,0.36157023906707764,0
1887,436,2.9381704330444336,0
1887,415,0.665052056312561,0
1887,1157,1.5894557237625122,0
1887,727,0.3726847171783447,0
1887,1637,0.6230165362358093,0
1887,721,0.6254353523254395,0
1887,1145,0.6456514000892639,0
1887,1261,0.6021740436553955,0
1887,1690,0.6174510717391968,0
1887,1860,1.454041838645935,0
1887,763,0.6221430897712708,0
1887,988,1.8199598789215088,0
1887,1306,0.5900788903236389,0
1887,1858,0.9644076228141785,0
1887,607,0.6428697109222412,0
1887,2021,0.6802834868431091,0
1887,157,0.6228914856910706,0
1720,612,0.3579446077346802,1
1720,290,0.6641592979431152,0
1720,191,0.6563278436660767,0
1720,276,0.6388086676597595,0
1720,1948,0.9379589557647705,0
1720,1427,0.6534522771835327,0
1720,1495,0.6341041326522827,0
1720,1686,1.2019116878509521,0
1720,706,0.727857232093811,0
1720,1165,0.6243851780891418,0
1720,1503,0.3311455249786377,0
1720,1007,0.6236168146133423,0
1720,393,0.725092887878418,0
1720,1643,2.42389178276062,0
1720,1619,0.322613000869751,0
1720,1715,0.9408440589904785,0
1720,934,0.6367961168289185,0
1720,1727,0.6342375874519348,0
1720,652,0.9816058874130249,0
1720,954,0.8936532735824585,0
1968,1122,1.2709500789642334,1
1968,1469,0.5238150358200073,0
1968,158,0.5825912952423096,0
1968,497,0.585222065448761,0
1968,1406,0.396694540977478,0
1968,1310,0.9416397213935852,0
1968,673,0.40349480509757996,0
1968,798,0.7614763379096985,0
1968,1261,0.5501171946525574,0
1968,563,0.3791976571083069,0
1968,1630,0.7576521635055542,0
1968,1264,0.5631865859031677,0
1968,1100,0.3861243724822998,0
1968,543,0.37285375595092773,0
1968,1412,0.4994892179965973,0
1968,1858,0.7946611642837524,0
1968,1459,0.5883605480194092,0
1968,1105,0.3881770372390747,0
1968,285,0.5755867958068848,0
1968,896,0.5747668743133545,0
384,1932,2.3761165142059326,1
384,32,0.5483617186546326,0
384,961,0.5464847683906555,0
384,1710,0.7222286462783813,0
384,1148,0.5208809971809387,0
384,366,0.7565358877182007,0
384,102,0.5651278495788574,0
384,1515,1.0594255924224854,0
384,1887,0.5588469505310059,0
384,503,0.5501319169998169,0
384,322,0.5343267917633057,0
384,1738,0.3618345558643341,0
384,1525,1.2060575485229492,0
384,2012,0.5488924384117126,0
384,1681,0.5643239617347717,0
384,526,0.5640512108802795,0
384,563,0.3533426821231842,0
384,1413,0.3398600220680237,0
384,1346,0.5215117931365967,0
384,1727,0.532770574092865,0
1404,1250,0.8825921416282654,1
1404,284,0.6675752401351929,0
1404,977,0.9018858671188354,0
1404,482,1.2228072881698608,0
1404,1561,1.224360466003418,0
1404,1419,0.6364003419876099,0
1404,1057,0.34727877378463745,0
1404,229,1.2985769510269165,0
1404,1226,0.36090755462646484,0
1404,738,0.6724144220352173,0
1404,1165,0.6168969869613647,0
1404,1071,0.5821986794471741,0
1404,162,0.6078246831893921,0
1404,769,0.7452580332756042,0
1404,666,0.6256625056266785,0
1404,935,0.6523767709732056,0
1404,1943,0.6040571928024292,0
1404,1763,0.3382115960121155,0
1404,1065,0.8984538912773132,0
1404,1507,2.5936954021453857,0
3538,827,0.3490917980670929,1
3538,1654,1.205877423286438,0
3538,564,0.624118983745575,0
3538,1961,0.6166141033172607,0
3538,80,0.9150542616844177,0
3538,1572,0.6195930242538452,0
3538,1064,0.6242474317550659,0
3538,1833,0.5876597762107849,0
3538,44,0.6112322211265564,0
3538,635,0.6186326146125793,0
3538,575,0.5832299590110779,0
3538,1824,0.31337404251098633,0
3538,396,0.5934563875198364,0
3538,1065,0.9100108742713928,0
3538,1831,0.642251193523407,0
3538,616,0.6967824101448059,0
3538,837,1.1086043119430542,0
3538,967,0.6191288828849792,0
3538,1415,0.6233847737312317,0
3538,1356,0.6407492160797119,0
839,1434,1.436145544052124,1
839,428,0.6113508939743042,0
839,1879,0.5910539031028748,0
839,190,0.6057660579681396,0
839,191,0.6307569742202759,0
839,1964,0.6120383739471436,0
839,1151,0.5952096581459045,0
839,1560,0.32555603981018066,0
839,462,0.9644410610198975,0
839,1608,0.9198865294456482,0
839,958,1.6005284786224365,0
839,1938,0.3245537281036377,0
839,2039,0.8866357803344727,0
839,1476,0.8406053781509399,0
839,776,0.342023104429245,0
839,682,0.6100900173187256,0
839,1909,0.6131769418716431,0
839,1000,0.8850935101509094,0
839,261,0.600014865398407,0
839,1836,0.8655588626861572,0
221,1374,0.3491019010543823,1
221,1384,0.501251220703125,0
221,1600,0.5346324443817139,0
221,1841,0.32048499584198,0
221,895,0.5823176503181458,0
221,729,0.3206268548965454,0
221,885,0.5615221261978149,0
221,579,0.9394316673278809,0
221,536,0.5489431023597717,0
221,516,0.5453716516494751,0
221,1174,0.5527712106704712,0
221,815,0.5538095235824585,0
221,1899,0.5192956328392029,0
221,75,0.3127298951148987,0
221,91,0.7392668128013611,0
221,388,0.5152632594108582,0
221,46,0.3133959174156189,0
221,159,1.218401551246643,0
221,979,0.5169544219970703,0
221,364,0.7182917594909668,0
212,421,0.3899434804916382,1
212,39,0.5710240602493286,0
212,267,0.3645097017288208,0
212,954,0.7271363735198975,0
212,793,0.3792685568332672,0
212,764,0.5491454601287842,0
212,1860,1.0667563676834106,0
212,1979,0.5566878914833069,0
212,1858,0.7673629522323608,0
212,289,0.5482247471809387,0
212,1076,0.7354851961135864,0
212,1343,0.5775968432426453,0
212,1939,0.5257130861282349,0
212,474,0.7215539813041687,0
212,33,0.8098266124725342,0
212,1711,0.4924079477787018,0
212,1809,0.731675922870636,0
212,1527,0.374233603477478,0
212,116,0.3766977787017822,0
212,1603,0.32553526759147644,0
3148,1759,0.5962396264076233,1
3148,1619,0.30651378631591797,0
3148,1842,0.7555049061775208,0
3148,595,1.1799895763397217,0
3148,511,1.3488376140594482,0
3148,521,0.35874179005622864,0
3148,63,0.5938018560409546,0
3148,318,0.5965734720230103,0
3148,1766,0.5783146619796753,0
3148,1634,0.5595269203186035,0
3148,748,0.559363067150116,0
3148,819,0.544467031955719,0
3148,1894,0.689918577671051,0
3148,1146,0.5418242812156677,0
3148,1992,0.5588311553001404,0
3148,1615,0.5733318328857422,0
3148,962,1.546093225479126,0
3148,993,0.7258814573287964,0
3148,652,0.8080374598503113,0
3148,1905,0.8211667537689209,0
3331,277,0.9321497678756714,1
3331,942,0.9710758924484253,0
3331,657,0.6649923324584961,0
3331,1348,0.9696846008300781,0
3331,837,1.140236496925354,0
3331,1081,0.35820087790489197,0
3331,511,1.573592185974121,0
3331,2062,5.761990070343018,0
3331,1383,0.7030276656150818,0
3331,321,0.6606838703155518,0
3331,1109,0.6049847602844238,0
3331,1142,0.674360454082489,0
3331,1889,0.6085951924324036,0
3331,305,0.602918267250061,0
3331,1093,0.37030723690986633,0
3331,66,0.6237542629241943,0
3331,1662,0.684831440448761,0
3331,895,0.7004727125167847,0
3331,1475,0.6403188705444336,0
3331,507,0.3792707920074463,0
693,1688,0.4230227470397949,1
693,594,1.7812259197235107,0
693,631,0.3978871703147888,0
693,424,0.7147966623306274,0
693,984,0.7062950134277344,0
693,988,1.9815964698791504,0
693,1147,1.0225507020950317,0
693,1073,0.3861634135246277,0
693,751,0.3959771394729614,0
693,245,0.7058426737785339,0
693,1716,0.36176151037216187,0
693,1058,0.9695745706558228,0
693,1822,1.8120522499084473,0
693,932,1.4891045093536377,0
693,1889,0.6568869948387146,0
693,1350,0.6662362813949585,0
693,2066,0.6823828816413879,0
693,21,0.4025704860687256,0
693,1089,0.7052671313285828,0
693,1853,1.6459569931030273,0
2285,1160,2.0613911151885986,1
2285,403,0.6624273657798767,0
2285,102,0.6553086638450623,0
2285,1916,0.3512829542160034,0
2285,1200,0.6563025116920471,0
2285,1658,3.4300127029418945,0
2285,1242,0.5997729301452637,0
2285,1580,0.9378894567489624,0
2285,810,0.4022785425186157,0
2285,411,0.33157825469970703,0
2285,1024,0.5984262228012085,0
2285,1918,1.012218713760376,0
2285,1260,0.7149043679237366,0
2285,325,1.2890883684158325,0
2285,1241,0.32535579800605774,0
2285,266,0.6536145210266113,0
2285,1788,0.6421645879745483,0
2285,632,0.6136730313301086,0
2285,882,0.7138844132423401,0
2285,864,0.652117908000946,0
2588,292,0.3553301692008972,1
2588,1084,0.6659035682678223,0
2588,1729,1.0505582094192505,0
2588,845,1.564406394958496,0
2588,1876,4.148612976074219,0
2588,1642,1.7530580759048462,0
2588,1234,0.5974446535110474,0
2588,1889,0.6515623331069946,0
2588,295,0.36381810903549194,0
2588,1255,1.3778984546661377,0
2588,628,1.640519618988037,0
2588,105,1.0413144826889038,0
2588,1666,1.0629746913909912,0
2588,1960,0.7096937298774719,0
2588,987,0.9539141654968262,0
2588,83,0.6843714714050293,0
2588,300,0.41669967770576477,0
2588,348,0.7127641439437866,0
2588,1321,0.6889433860778809,0
2588,1127,0.3852728009223938,0
453,1852,0.5753218531608582,1
453,1919,0.5051736235618591,0
453,834,0.9478331804275513,0
453,1200,0.5413938164710999,0
453,95,0.5041695237159729,0
453,1425,0.5256637334823608,0
453,1170,0.9611310362815857,0
453,1878,0.774395763874054,0
453,1092,0.9789610505104065,0
453,138,0.39474666118621826,0
453,1818,1.0617070198059082,0
453,897,0.3250018060207367,0
453,596,0.7985140085220337,0
453,110,0.38113337755203247,0
453,240,0.5462310314178467,0
453,1063,0.3212328553199768,0
453,904,0.5642167925834656,0
453,485,0.5984007716178894,0
453,1533,0.5130851864814758,0
453,1213,0.35546252131462097,0
913,511,1.6558098793029785,1
913,1446,0.6346808671951294,0
913,1582,0.6330984234809875,0
913,1365,1.2632843255996704,0
913,236,0.6345881223678589,0
913,278,0.332205206155777,0
913,1885,0.6423730254173279,0
913,4,0.6247143745422363,0
913,384,0.3714025318622589,0
913,1908,0.3341410756111145,0
913,338,0.6006613969802856,0
913,1854,0.35211414098739624,0
913,130,0.6558753252029419,0
913,320,0.5911593437194824,0
913,292,0.3178083300590515,0
913,1674,0.33734363317489624,0
913,973,0.601560115814209,0
913,498,0.6293931007385254,0
913,1084,0.5890229344367981,0
913,1931,0.6545828580856323,0
1965,1224,1.7754100561141968,1
1965,1570,0.6583564281463623,0
1965,1672,0.3161924481391907,0
1965,324,0.32793310284614563,0
1965,147,0.3374900817871094,0
1965,1965,0.8635087609291077,0
1965,1766,0.7074876427650452,0
1965,1944,0.31792208552360535,0
1965,666,0.6337876319885254,0
1965,425,0.3013504445552826,0
1965,1984,0.5735902190208435,0
1965,1283,0.3206574320793152,0
1965,1937,0.6458401679992676,0
1965,1025,0.5771170854568481,0
1965,1930,0.5794587135314941,0
1965,1333,0.9594398736953735,0
1965,42,0.6697654724121094,0
1965,1826,0.6571252346038818,0
1965,613,1.3211277723312378,0
1965,946,1.0013623237609863,0
1494,1195,0.39846768975257874,1
1494,35,0.6514831781387329,0
1494,1511,0.6810734868049622,0
1494,1424,0.6700531840324402,0
1494,1573,0.68674236536026,0
1494,2043,0.40590324997901917,0
1494,2041,0.6863112449645996,0
1494,1242,0.6285147070884705,0
1494,1009,0.8875364661216736,0
1494,869,0.6674119234085083,0
1494,527,0.6186871528625488,0
1494,1920,0.6748561263084412,0
1494,1731,0.7239576578140259,0
1494,376,0.3852512240409851,0
1494,238,1.1861846446990967,0
1494,215,0.629391074180603,0
1494,1214,1.5497933626174927,0
1494,1640,0.9703413844108582,0
1494,1336,0.7012405395507812,0
1494,625,0.6635843515396118,0
3651,901,0.34275031089782715,1
3651,507,0.3300004005432129,0
3651,1304,0.5701737999916077,0
3651,706,0.6047395467758179,0
3651,676,0.7285723686218262,0
3651,2060,0.7696897387504578,0
3651,2053,0.5560618042945862,0
3651,1726,0.5244454741477966,0
3651,543,0.33402219414711,0
3651,155,0.5022110939025879,0
3651,1722,0.548768162727356,0
3651,650,0.5349743962287903,0
3651,801,1.3490502834320068,0
3651,788,0.5342358350753784,0
3651,682,0.5426526069641113,0
3651,388,0.5143930912017822,0
3651,604,0.3254338800907135,0
3651,2063,0.3336506485939026,0
3651,903,1.004165530204773,0
3651,460,0.5192669630050659,0
3739,590,2.27783203125,1
3739,161,0.41396597027778625,0
3739,1132,0.9653478264808655,0
3739,385,0.7078824639320374,0
3739,1372,0.6370364427566528,0
3739,920,0.6651424169540405,0
3739,1889,0.6657957434654236,0
3739,1552,0.6709760427474976,0
3739,1687,0.7628297209739685,0
3739,330,2.6320133209228516,0
3739,1813,0.7412579655647278,0
3739,248,0.6734822988510132,0
3739,686,0.6387850642204285,0
3739,1987,0.6955087780952454,0
3739,1621,0.40252286195755005,0
3739,737,0.38056623935699463,0
3739,813,0.7515515685081482,0
3739,1943,0.6890895366668701,0
3739,377,1.095571517944336,0
3739,1433,1.0392775535583496,0
2626,1818,1.4303622245788574,1
2626,1732,1.216900110244751,0
2626,1169,0.9314869046211243,0
2626,940,0.6588271260261536,0
2626,341,0.3241115212440491,0
2626,1797,1.2628087997436523,0
2626,1998,0.5709766149520874,0
2626,101,1.9611141681671143,0
2626,1631,0.9433286786079407,0
2626,373,0.9506780505180359,0
2626,103,1.8719267845153809,0
2626,1121,0.9138053059577942,0
2626,930,1.2441835403442383,0
2626,60,0.6564687490463257,0
2626,1143,0.34437841176986694,0
2626,1431,0.5695306062698364,0
2626,562,0.6852751970291138,0
2626,1162,0.317776083946228,0
2626,966,0.6588965058326721,0
2626,1652,0.6206895112991333,0
1139,297,1.5486561059951782,1
1139,335,1.26789391040802,0
1139,1240,0.6972335577011108,0
1139,1722,0.6710593104362488,0
1139,1279,0.6124990582466125,0
1139,1420,0.6234573125839233,0
1139,963,0.6446989178657532,0
1139,507,0.3634755611419678,0
1139,1873,0.6250963807106018,0
1139,1014,1.067123293876648,0
1139,1057,0.3570995032787323,0
1139,1792,0.8935274481773376,0
1139,1662,0.6840612888336182,0
1139,1455,0.6301127076148987,0
1139,1118,0.38307395577430725,0
1139,977,0.9154740571975708,0
1139,945,0.3919125497341156,0
1139,265,0.6517137885093689,0
1139,588,0.35101228952407837,0
1139,1111,0.3675006031990051,0
82,1023,0.9685845971107483,1
82,1532,1.0707204341888428,0
82,121,0.6156084537506104,0
82,280,0.5622408390045166,0
82,535,0.5442905426025391,0
82,788,0.5879917144775391,0
82,515,0.40463802218437195,0
82,324,0.3987441062927246,0
82,1360,0.5816901326179504,0
82,976,0.9371745586395264,0
82,332,0.5818297266960144,0
82,663,0.5907728672027588,0
82,1264,0.6055358052253723,0
82,747,0.6056514978408813,0
82,711,0.7552779912948608,0
82,852,0.5673021078109741,0
82,149,2.346011161804199,0
82,1497,0.6161491274833679,0
82,382,0.4042026102542877,0
82,2046,0.5587535500526428,0
3713,1222,0.3145555257797241,1
3713,1750,0.6205806136131287,0
3713,110,0.3577062487602234,0
3713,894,0.5892680287361145,0
3713,1330,0.33935409784317017,0
3713,1440,0.5724294781684875,0
3713,943,0.5250460505485535,0
3713,1974,0.5868423581123352,0
3713,1772,0.5683560967445374,0
3713,1681,0.5704306364059448,0
3713,741,0.591256320476532,0
3713,1450,0.5536825656890869,0
3713,2001,0.3358675241470337,0
3713,1043,0.8140565752983093,0
3713,308,1.056279182434082,0
3713,652,0.8800257444381714,0
3713,1680,0.5583502650260925,0
3713,1237,0.34561222791671753,0
3713,768,0.589993417263031,0
3713,836,1.3109029531478882,0
2137,1675,0.6459728479385376,1
2137,925,0.35097870230674744,0
2137,756,1.346264362335205,0
2137,63,0.6744840145111084,0
2137,1252,0.3525458872318268,0
2137,1640,0.9428588151931763,0
2137,228,0.6659334897994995,0
2137,259,0.6920614242553711,0
2137,1280,0.6019268035888672,0
2137,1907,0.9507962465286255,0
2137,968,0.8636541962623596,0
2137,611,0.6695504784584045,0
2137,1631,0.9295857548713684,0
2137,1345,0.3652954697608948,0
2137,764,0.6628406643867493,0
2137,1638,0.6373724937438965,0
2137,1321,0.6205934286117554,0
2137,350,0.5860280990600586,0
2137,1597,1.1165274381637573,0
2137,1566,0.6182507276535034,0
3946,1433,0.9530006647109985,1
3946,95,0.6184394955635071,0
3946,794,0.6572986841201782,0
3946,1036,0.6696470975875854,0
3946,617,0.3572089374065399,0
3946,910,0.6283025145530701,0
3946,553,0.6019229292869568,0
3946,604,0.3554092049598694,0
3946,1376,0.6498159170150757,0
3946,995,1.9466619491577148,0
3946,792,0.9463897943496704,0
3946,939,0.37222397327423096,0
3946,1031,0.6128464937210083,0
3946,1225,0.3311680555343628,0
3946,355,0.385378360748291,0
3946,522,0.6531943678855896,0
3946,1600,0.6407292485237122,0
3946,1780,0.6227931976318359,0
3946,1162,0.345059871673584,0
3946,1426,0.7042266130447388,0
2038,1180,0.8278701305389404,1
2038,761,0.5581559538841248,0
2038,1854,0.39148616790771484,0
2038,1745,0.37011852860450745,0
2038,2034,0.7585383653640747,0
2038,53,0.3536216914653778,0
2038,1786,0.5424529314041138,0
2038,1507,1.9197572469711304,0
2038,61,0.5335655808448792,0
2038,1008,0.5789074897766113,0
2038,1940,0.5865414142608643,0
2038,979,0.5398885011672974,0
2038,902,0.37074002623558044,0
2038,589,0.35593703389167786,0
2038,922,0.5432236790657043,0
2038,997,0.5788038372993469,0
2038,1269,0.5752002000808716,0
2038,1527,0.35544222593307495,0
2038,439,1.562180995941162,0
2038,191,0.5728351473808289,0
10,1231,0.9642989039421082,1
10,1916,0.34644970297813416,0
10,1476,0.6988125443458557,0
10,1763,0.33302539587020874,0
10,369,1.3141437768936157,0
10,1902,0.34632039070129395,0
10,800,0.5513761639595032,0
10,964,0.37347638607025146,0
10,3,0.4958657920360565,0
10,1384,0.5060295462608337,0
10,766,0.36437666416168213,0
10,188,0.757908821105957,0
10,931,0.3028647303581238,0
10,1174,0.5610703229904175,0
10,407,1.0842446088790894,0
10,1589,1.002273440361023,0
10,2008,0.753103494644165,0
10,1053,1.0241048336029053,0
10,1548,0.9038848876953125,0
10,1439,0.5289390087127686,0
122,1719,0.7933304309844971,1
122,569,0.5676892995834351,0
122,1783,0.7957420349121094,0
122,928,0.5481115579605103,0
122,706,0.6142293810844421,0
122,619,0.5392253994941711,0
122,404,0.5090051293373108,0
122,773,0.6049609780311584,0
122,2074,0.37063419818878174,0
122,1057,0.3411821126937866,0
122,450,0.34977203607559204,0
122,2005,0.5202575325965881,0
122,198,0.5370298027992249,0
122,1961,0.5351933240890503,0
122,1116,0.5310370326042175,0
122,352,0.5529882907867432,0
122,434,0.5776556134223938,0
122,1433,0.7820076942443848,0
122,1579,0.7739497423171997,0
122,158,0.5843870043754578,0
2936,509,0.4016968011856079,1
2936,1391,0.7032461166381836,0
2936,405,0.643119215965271,0
2936,790,1.0034922361373901,0
2936,1018,0.41916143894195557,0
2936,976,1.1634941101074219,0
2936,1059,0.43936413526535034,0
2936,324,0.41408979892730713,0
2936,1998,0.6081377863883972,0
2936,704,0.6419042944908142,0
2936,1081,0.36484402418136597,0
2936,1728,1.2765533924102783,0
2936,1446,0.6592227816581726,0
2936,289,0.6701189875602722,0
2936,574,0.6544723510742188,0
2936,194,0.5941869616508484,0
2936,1325,0.9425120949745178,0
2936,1241,0.36335211992263794,0
2936,980,2.173879623413086,0
2936,237,1.550322413444519,0
291,1864,0.6513910889625549,1
291,1481,0.6149670481681824,0
291,227,0.3637307286262512,0
291,27,0.6700618267059326,0
291,120,1.2283000946044922,0
291,387,0.33411669731140137,0
291,1711,0.5694466233253479,0
291,1044,0.3504437208175659,0
291,404,0.6120294332504272,0
291,1991,0.619445264339447,0
291,787,0.7360410094261169,0
291,591,0.6311731338500977,0
291,1349,0.646602213382721,0
291,467,0.3444412350654602,0
291,1536,1.7034261226654053,0
291,1122,1.6244045495986938,0
291,607,0.6418964862823486,0
291,330,2.5417282581329346,0
291,17,0.6294080018997192,0
291,1659,0.6478838920593262,0
2405,615,0.3981053829193115,1
2405,1152,0.3643510341644287,0
2405,1297,0.6423392295837402,0
2405,1890,0.6751987934112549,0
2405,464,0.6797425746917725,0
2405,1019,1.2214457988739014,0
2405,1871,1.1760096549987793,0
2405,1924,0.3516673445701599,0
2405,1747,0.4275190234184265,0
2405,1957,0.6441429853439331,0
2405,1891,1.0105311870574951,0
2405,1524,0.706742525100708,0
2405,774,0.6735039353370667,0
2405,1807,0.6181460022926331,0
2405,1800,0.6573885679244995,0
2405,928,0.6522321701049805,0
2405,1211,0.6888036727905273,0
2405,289,0.6446897387504578,0
2405,2015,0.3736240863800049,0
2405,1007,0.6589516997337341,0
1732,1140,0.3427865505218506,1
1732,1284,0.625943124294281,0
1732,533,1.7033764123916626,0
1732,755,0.9579510688781738,0
1732,1361,0.9312283396720886,0
1732,212,1.4511209726333618,0
1732,1535,1.4078136682510376,0
1732,1275,0.3572964668273926,0
1732,2009,0.6379680633544922,0
1732,322,0.6359848976135254,0
1732,697,0.913974404335022,0
1732,335,1.3119618892669678,0
1732,1396,0.9380166530609131,0
1732,2057,0.714470386505127,0
1732,879,0.6208226084709167,0
1732,140,0.6701341867446899,0
1732,16,0.36676910519599915,0
1732,665,0.3724489212036133,0
1732,699,2.2536981105804443,0
1732,522,0.6421265602111816,0
1542,1434,1.1135350465774536,1
1542,1159,0.8165820837020874,0
1542,1699,0.5623044371604919,0
1542,447,0.7754068374633789,0
1542,1553,0.5557205080986023,0
1542,527,0.5173549652099609,0
1542,627,0.535021185874939,0
1542,1351,0.7227760553359985,0
1542,666,0.5698180198669434,0
1542,175,0.5930647850036621,0
1542,1558,0.35396769642829895,0
1542,1499,0.5718349814414978,0
1542,680,1.4209201335906982,0
1542,338,0.5271426439285278,0
1542,1888,0.5427992343902588,0
1542,610,0.36548566818237305,0
1542,1318,0.5712482333183289,0
1542,1140,0.37007951736450195,0
1542,642,0.5391599535942078,0
1542,1008,0.5666776895523071,0
1770,1489,0.6313005685806274,1
1770,115,0.6227558851242065,0
1770,72,0.6360751390457153,0
1770,2031,0.6356261968612671,0
1770,311,0.910625696182251,0
1770,1648,0.3498000502586365,0
1770,1296,0.3880021572113037,0
1770,308,1.1160045862197876,0
1770,1230,0.6472538709640503,0
1770,1284,0.5924184918403625,0
1770,1816,0.33894699811935425,0
1770,378,0.3538375496864319,0
1770,1359,1.3793315887451172,0
1770,1174,0.6335287690162659,0
1770,1235,0.6107069253921509,0
1770,1780,0.5862976312637329,0
1770,1390,0.5920076370239258,0
1770,1438,0.3355530798435211,0
1770,1063,0.326989084482193,0
1770,1575,0.6006250977516174,0
1952,1435,0.6455990672111511,1
1952,299,0.6605168581008911,0
1952,775,0.3651769459247589,0
1952,42,0.7014197111129761,0
1952,362,1.028732419013977,0
1952,1861,0.6872072219848633,0
1952,874,0.6767807602882385,0
1952,654,1.7091761827468872,0
1952,1196,0.626270592212677,0
1952,1954,0.3957175612449646,0
1952,1579,1.0201900005340576,0
1952,1806,3.5983402729034424,0
1952,1599,0.3472082316875458,0
1952,568,0.6658471822738647,0
1952,236,0.6925494074821472,0
1952,1549,1.227563738822937,0
1952,1225,0.32492300868034363,0
1952,2020,0.6117228865623474,0
1952,646,0.394034206867218,0
1952,1775,0.3975156843662262,0
2476,104,1.9600545167922974,1
2476,57,0.6836484670639038,0
2476,1035,0.9690829515457153,0
2476,284,0.7430738210678101,0
2476,714,0.776460587978363,0
2476,1452,0.45152920484542847,0
2476,1295,0.7046472430229187,0
2476,1480,0.6260972023010254,0
2476,1675,0.7044000625610352,0
2476,234,0.9329701066017151,0
2476,1325,0.9654935598373413,0
2476,731,0.6648366451263428,0
2476,313,0.3955043852329254,0
2476,862,0.6728197336196899,0
2476,1210,1.0263092517852783,0
2476,788,0.6974852085113525,0
2476,711,0.9516234397888184,0
2476,1239,0.7426087260246277,0
2476,1938,0.38340967893600464,0
2476,1204,0.40161368250846863,0
3193,732,0.37500274181365967,1
3193,474,0.9954264760017395,0
3193,1872,0.36822789907455444,0
3193,1953,1.2596569061279297,0
3193,1191,0.38724231719970703,0
3193,737,0.36682701110839844,0
3193,712,0.6164895296096802,0
3193,519,0.6723825335502625,0
3193,1812,0.7063974142074585,0
3193,924,1.059770941734314,0
3193,1217,0.6658661365509033,0
3193,126,0.6915398836135864,0
3193,152,1.0363613367080688,0
3193,2055,0.36774805188179016,0
3193,32,0.6980038285255432,0
3193,14,0.9632359147071838,0
3193,1634,0.7153226137161255,0
3193,757,0.6656908988952637,0
3193,726,0.6381655931472778,0
3193,1915,0.6944131851196289,0
2662,229,1.4368892908096313,1
2662,152,1.0749456882476807,0
2662,466,0.6610646843910217,0
2662,1946,1.3263554573059082,0
2662,1428,0.697822093963623,0
2662,1764,0.7389557361602783,0
2662,491,0.4116346836090088,0
2662,1708,0.9720802307128906,0
2662,1879,0.6991274952888489,0
2662,1,0.7344894409179688,0
2662,120,1.354746699333191,0
2662,1171,0.7574031352996826,0
2662,94,0.9672343134880066,0
2662,922,0.6742157936096191,0
2662,29,0.41099995374679565,0
2662,161,0.39733242988586426,0
2662,1348,1.074567198753357,0
2662,1573,0.7244370579719543,0
2662,1603,0.3643133044242859,0
2662,420,0.7864454984664917,0
2981,241,0.5726363062858582,1
2981,1886,0.6220298409461975,0
2981,435,0.6082357168197632,0
2981,124,0.3499435484409332,0
2981,2078,0.5950125455856323,0
2981,1914,0.8796730041503906,0
2981,1223,0.31624531745910645,0
2981,1987,0.6253799796104431,0
2981,22,0.6057060360908508,0
2981,1262,0.6502652764320374,0
2981,1158,0.6114780902862549,0
2981,587,0.35172510147094727,0
2981,1606,0.34165674448013306,0
2981,1316,0.6125754714012146,0
2981,86,0.9463208317756653,0
2981,814,0.6019817590713501,0
2981,2021,0.6443378329277039,0
2981,826,0.6089463829994202,0
2981,304,0.33835333585739136,0
2981,1705,1.0646748542785645,0
4016,554,0.36827918887138367,1
4016,1871,1.177403211593628,0
4016,622,0.351293683052063,0
4016,2039,0.9513469934463501,0
4016,1650,0.9950413107872009,0
4016,908,0.6094907522201538,0
4016,299,0.6097663044929504,0
4016,1251,0.6266281008720398,0
4016,205,0.6498737335205078,0
4016,1110,0.9863284230232239,0
4016,1057,0.35598331689834595,0
4016,438,0.7045217156410217,0
4016,125,0.6256916522979736,0
4016,752,0.6357570290565491,0
4016,1466,0.6843328475952148,0
4016,1362,0.6465124487876892,0
4016,1657,0.5952116847038269,0
4016,537,0.6757508516311646,0
4016,354,0.3844842314720154,0
4016,1252,0.360951691865921,0
2490,1924,0.3623455762863159,1
2490,1377,0.937390148639679,0
2490,824,0.9870791435241699,0
2490,1835,0.6141242980957031,0
2490,1109,0.6109347343444824,0
2490,579,1.1892656087875366,0
2490,318,0.7196682691574097,0
2490,190,0.6645937561988831,0
2490,907,0.6279893517494202,0
2490,196,0.39596492052078247,0
2490,353,0.6086241602897644,0
2490,1989,0.6572775840759277,0
2490,895,0.7052854299545288,0
2490,1338,0.586201012134552,0
2490,340,0.888205885887146,0
2490,1202,0.6129741072654724,0
2490,821,0.37836021184921265,0
2490,1075,0.40906277298927307,0
2490,1657,0.6137979030609131,0
2490,1193,0.37330782413482666,0
243,1658,2.665661573410034,1
243,385,0.5736587643623352,0
243,809,0.5373350381851196,0
243,116,0.37469345331192017,0
243,470,0.5456429719924927,0
243,2008,0.784824788570404,0
243,337,0.7231032848358154,0
243,1975,0.8140125274658203,0
243,581,0.5603122711181641,0
243,170,0.5725746750831604,0
243,1446,0.5631152987480164,0
243,1343,0.6109764575958252,0
243,1280,0.5475379228591919,0
243,1028,0.5708946585655212,0
243,1998,0.5217287540435791,0
243,1976,0.783968448638916,0
243,493,0.5823864936828613,0
243,227,0.36683979630470276,0
243,902,0.3653729259967804,0
243,2076,0.8496789336204529,0
2671,1820,0.6400051712989807,1
2671,1644,0.8811385035514832,0
2671,953,0.8812655806541443,0
2671,1321,0.6165711283683777,0
2671,1701,0.34246861934661865,0
2671,765,1.3146355152130127,0
2671,367,0.6514276266098022,0
2671,396,0.6032230257987976,0
2671,673,0.385081946849823,0
2671,1683,0.5735201239585876,0
2671,1795,1.194708228111267,0
2671,655,1.4926786422729492,0
2671,965,1.7329877614974976,0
2671,1280,0.605898380279541,0
2671,1004,0.6337651610374451,0
2671,1968,0.6078389286994934,0
2671,1749,0.6414488554000854,0
2671,99,0.3668995499610901,0
2671,1308,0.3731476664543152,0
2671,1482,0.6554092764854431,0
2193,356,0.36470574140548706,1
2193,951,0.35687679052352905,0
2193,296,0.3600975573062897,0
2193,1485,0.3617343306541443,0
2193,8,0.5927151441574097,0
2193,307,0.5430831909179688,0
2193,1878,0.7873441576957703,0
2193,150,0.5176330208778381,0
2193,764,0.538355827331543,0
2193,500,0.5730133056640625,0
2193,1396,0.7301122546195984,0
2193,1300,0.5182904601097107,0
2193,1355,0.9404323697090149,0
2193,1767,0.35731974244117737,0
2193,1866,0.731126070022583,0
2193,1925,0.5465513467788696,0
2193,1837,0.5528936982154846,0
2193,866,0.5530251264572144,0
2193,459,0.3305343985557556,0
2193,997,0.56013023853302,0
1614,1053,1.5035830736160278,1
1614,132,0.7228364944458008,0
1614,758,0.7014245986938477,0
1614,1235,0.6581838130950928,0
1614,733,1.1575121879577637,0
1614,779,0.6289030909538269,0
1614,365,0.7140896916389465,0
1614,1455,0.6476992964744568,0
1614,315,0.7071353197097778,0
1614,39,0.6819533705711365,0
1614,517,0.6724369525909424,0
1614,1939,0.6267176270484924,0
1614,1476,0.9233571290969849,0
1614,494,0.6040914058685303,0
1614,136,0.6256608366966248,0
1614,1645,0.6406263709068298,0
1614,285,0.7060105204582214,0
1614,640,1.2232308387756348,0
1614,1934,0.6837378144264221,0
1614,694,0.35505902767181396,0
2620,1075,0.3454415798187256,1
2620,686,0.563205361366272,0
2620,1552,0.5751369595527649,0
2620,1768,0.31748688220977783,0
2620,732,0.3309042453765869,0
2620,1987,0.6145200729370117,0
2620,676,0.8604125380516052,0
2620,1287,0.5781946778297424,0
2620,380,0.3448564410209656,0
2620,1945,0.34778085350990295,0
2620,1574,0.6127131581306458,0
2620,328,1.1793391704559326,0
2620,1898,0.6465743184089661,0
2620,1487,0.6324895620346069,0
2620,1266,0.6259474158287048,0
2620,221,0.6037832498550415,0
2620,1098,0.5583510994911194,0
2620,245,0.6430957317352295,0
2620,640,1.0759183168411255,0
2620,1666,0.9308750033378601,0
3047,1515,1.4712382555007935,1
3047,1306,0.5898106694221497,0
3047,1108,0.666472315788269,0
3047,622,0.36792051792144775,0
3047,1890,0.6643656492233276,0
3047,1333,0.9497342705726624,0
3047,1882,0.35869383811950684,0
3047,1612,0.6955112218856812,0
3047,1823,1.2457656860351562,0
3047,1977,0.6403998136520386,0
3047,1104,1.8375781774520874,0
3047,331,0.3981122374534607,0
3047,2015,0.36269909143447876,0
3047,1431,0.6010467410087585,0
3047,1320,0.7350638508796692,0
3047,889,0.6569935083389282,0
3047,955,0.6604338884353638,0
3047,1354,0.7576459646224976,0
3047,64,0.641395092010498,0
3047,2034,0.9855268001556396,0
3290,550,0.6840721964836121,1
3290,1636,1.5783631801605225,0
3290,777,0.6938597559928894,0
3290,1229,0.7149280309677124,0
3290,1356,0.6868363618850708,0
3290,1863,0.3759657144546509,0
3290,1501,0.7241466045379639,0
3290,347,0.35632872581481934,0
3290,132,0.7147724628448486,0
3290,1078,0.6790698170661926,0
3290,271,1.8620468378067017,0
3290,1879,0.664154589176178,0
3290,665,0.41997653245925903,0
3290,1992,0.6814180612564087,0
3290,891,0.7147612571716309,0
3290,31,0.7207285165786743,0
3290,1704,0.6318636536598206,0
3290,1658,3.7323389053344727,0
3290,589,0.3569461703300476,0
3290,1175,0.6818028092384338,0
3442,1052,0.3505287766456604,1
3442,2011,0.6785169839859009,0
3442,45,0.35726845264434814,0
3442,143,0.61839759349823,0
3442,832,0.3657224178314209,0
3442,675,0.6786772012710571,0
3442,1308,0.3521277904510498,0
3442,1465,0.6445154547691345,0
3442,1087,0.6641215085983276,0
3442,1580,0.9669378995895386,0
3442,310,0.7177947759628296,0
3442,1684,0.6306183934211731,0
3442,1019,1.2381397485733032,0
3442,123,1.3133143186569214,0
3442,285,0.6871022582054138,0
3442,68,0.7344951033592224,0
3442,798,0.9783704876899719,0
3442,40,1.9976106882095337,0
3442,462,1.0262280702590942,0
3442,691,0.6894581317901611,0
1289,90,0.7462561726570129,1
1289,1163,0.5707026720046997,0
1289,1395,0.5594650506973267,0
1289,1894,0.7325300574302673,0
1289,805,1.42605459690094,0
1289,1384,0.5509864687919617,0
1289,919,1.040352702140808,0
1289,1992,0.5856708884239197,0
1289,1733,0.6195434927940369,0
1289,1851,0.6299008727073669,0
1289,1578,1.730607271194458,0
1289,1452,0.4074799418449402,0
1289,1482,0.6058714389801025,0
1289,1232,1.1484724283218384,0
1289,1416,0.8417533040046692,0
1289,1837,0.59236079454422,0
1289,354,0.40850454568862915,0
1289,1261,0.5850164890289307,0
1289,1775,0.4315688908100128,0
1289,1029,0.5843584537506104,0
1583,13,1.5933700799942017,1
1583,847,0.9022908210754395,0
1583,469,1.5611993074417114,0
1583,908,0.5935234427452087,0
1583,545,0.6072021722793579,0
1583,1700,0.5759161114692688,0
1583,1652,0.6017717719078064,0
1583,1730,0.8614203333854675,0
1583,143,0.5952872037887573,0
1583,1854,0.3742032051086426,0
1583,1792,0.8169406652450562,0
1583,1126,0.5842023491859436,0
1583,2037,0.8387936949729919,0
1583,1457,0.838280975818634,0
1583,755,0.8645222187042236,0
1583,1929,0.6510939598083496,0
1583,946,0.8848850727081299,0
1583,568,0.5958498120307922,0
1583,1333,0.8546029925346375,0
1583,1888,0.6018292903900146,0
1904,1990,0.9323008060455322,1
1904,1746,0.7436479330062866,0
1904,1797,1.2837220430374146,0
1904,1399,1.5688515901565552,0
1904,356,0.37154796719551086,0
1904,1721,1.0004369020462036,0
1904,541,0.9602281451225281,0
1904,991,0.6784951686859131,0
1904,1329,0.946096658706665,0
1904,1286,0.6046436429023743,0
1904,764,0.6706318259239197,0
1904,115,0.666392982006073,0
1904,1055,0.9640474915504456,0
1904,1690,0.637473464012146,0
1904,26,0.6426849365234375,0
1904,2042,0.36386194825172424,0
1904,744,0.6076607704162598,0
1904,1364,0.9431922435760498,0
1904,1915,0.6686406135559082,0
1904,536,0.684139609336853,0
3422,329,0.3705909848213196,1
3422,540,0.9097663164138794,0
3422,1669,1.4751906394958496,0
3422,1796,0.9358900785446167,0
3422,703,0.5935385227203369,0
3422,65,0.6648395657539368,0
3422,58,0.6427893042564392,0
3422,284,0.6531803607940674,0
3422,1597,1.1002216339111328,0
3422,822,0.6149213910102844,0
3422,1506,0.33310115337371826,0
3422,697,0.9025123119354248,0
3422,484,0.3337489366531372,0
3422,609,0.3317146599292755,0
3422,454,0.5834618806838989,0
3422,1423,1.9538159370422363,0
3422,2051,1.5184564590454102,0
3422,1708,0.8433949947357178,0
3422,1925,0.6208348274230957,0
3422,1985,0.829483687877655,0
716,1273,1.5526187419891357,1
716,493,0.6678217053413391,0
716,1442,0.6878061890602112,0
716,637,1.6931732892990112,0
716,1517,0.5816627740859985,0
716,649,1.2762701511383057,0
716,1903,0.356067031621933,0
716,1351,0.8887003064155579,0
716,157,0.6216276288032532,0
716,1759,0.6910792589187622,0
716,259,0.708101212978363,0
716,987,0.8725380301475525,0
716,1502,0.35340577363967896,0
716,1993,0.3869876265525818,0
716,2004,0.9483314156532288,0
716,940,0.6534057259559631,0
716,966,0.698046863079071,0
716,1116,0.6243065595626831,0
716,55,1.1583795547485352,0
716,1876,3.780113697052002,0
3480,700,1.5177490711212158,1
3480,481,0.6056585311889648,0
3480,1108,0.5834987759590149,0
3480,458,0.5510087013244629,0
3480,1922,0.6142661571502686,0
3480,339,0.5411316752433777,0
3480,1932,2.549625873565674,0
3480,748,0.5768721103668213,0
3480,1928,0.9130176305770874,0
3480,1683,0.5302941799163818,0
3480,1726,0.5555399060249329,0
3480,609,0.3371891379356384,0
3480,1419,0.5913804769515991,0
3480,403,0.5983228087425232,0
3480,1417,0.36441129446029663,0
3480,767,0.3558736741542816,0
3480,1161,0.38475388288497925,0
3480,1313,1.0504062175750732,0
3480,917,0.6024653315544128,0
3480,1892,0.349989652633667,0
3678,1569,0.3709820806980133,1
3678,764,0.5657867789268494,0
3678,744,0.5301222801208496,0
3678,1098,0.5141385793685913,0
3678,1824,0.3226507902145386,0
3678,1944,0.36919349431991577,0
3678,934,0.5786973237991333,0
3678,338,0.5524328351020813,0
3678,414,0.5910394191741943,0
3678,622,0.3636544644832611,0
3678,1321,0.5607323050498962,0
3678,1703,1.900631308555603,0
3678,2020,0.5420547127723694,0
3678,156,0.572941780090332,0
3678,1618,0.5888363718986511,0
3678,1831,0.5891644954681396,0
3678,462,0.8366239666938782,0
3678,890,0.6224039196968079,0
3678,865,0.5606624484062195,0
3678,505,0.5284009575843811,0
1561,1545,1.2010273933410645,1
1561,1062,0.6281704902648926,0
1561,1073,0.3742697834968567,0
1561,854,0.38388359546661377,0
1561,801,1.8861074447631836,0
1561,1066,0.7084960341453552,0
1561,398,1.3812346458435059,0
1561,1419,0.6548433899879456,0
1561,339,0.633231520652771,0
1561,785,0.7291033267974854,0
1561,680,1.975388765335083,0
1561,1410,0.6850150227546692,0
1561,996,1.0044797658920288,0
1561,1004,0.6702949404716492,0
1561,1861,0.6577598452568054,0
1561,173,0.9931661486625671,0
1561,197,0.6913426518440247,0
1561,927,0.6422927975654602,0
1561,148,1.2977886199951172,0
1561,295,0.35056862235069275,0
2407,628,1.6362196207046509,1
2407,1783,1.0115362405776978,0
2407,1463,0.8744161128997803,0
2407,143,0.6324514150619507,0
2407,52,0.6491865515708923,0
2407,688,0.6685674786567688,0
2407,775,0.35109519958496094,0
2407,302,0.6504710912704468,0
2407,381,0.5865064263343811,0
2407,610,0.3707563877105713,0
2407,1088,1.201690435409546,0
2407,949,0.3686203956604004,0
2407,400,0.3677402436733246,0
2407,1033,0.6786143183708191,0
2407,115,0.6992624402046204,0
2407,72,0.6783685684204102,0
2407,714,0.729340136051178,0
2407,393,0.7697034478187561,0
2407,1967,0.3871752619743347,0
2407,57,0.6534382104873657,0
1677,1581,0.5543752312660217,1
1677,324,0.3889066278934479,0
1677,1686,0.9478020668029785,0
1677,823,0.9444006681442261,0
1677,1294,0.9569109678268433,0
1677,1690,0.5493050813674927,0
1677,649,1.023757815361023,0
1677,535,0.5511477589607239,0
1677,10,1.2630444765090942,0
1677,18,0.5411800742149353,0
1677,258,1.0493266582489014,0
1677,1758,0.41143834590911865,0
1677,236,0.5650181174278259,0
1677,1500,0.759403645992279,0
1677,1739,0.9690998196601868,0
1677,342,0.5833041667938232,0
1677,2048,0.36846643686294556,0
1677,1092,1.0163824558258057,0
1677,1138,0.6129735708236694,0
1677,1323,2.021355152130127,0
3896,1283,0.3785818815231323,1
3896,677,0.3679831027984619,0
3896,239,0.3723243772983551,0
3896,141,0.6685049533843994,0
3896,1191,0.3715338110923767,0
3896,871,0.6948209404945374,0
3896,1150,1.5468487739562988,0
3896,643,0.6855278611183167,0
3896,1043,0.9220590591430664,0
3896,202,1.7819180488586426,0
3896,335,1.302144169807434,0
3896,23,0.4018605351448059,0
3896,1447,1.672573447227478,0
3896,1995,1.9436315298080444,0
3896,76,0.6951661705970764,0
3896,199,0.9920188784599304,0
3896,1816,0.35625311732292175,0
3896,1786,0.6391898393630981,0
3896,454,0.596472442150116,0
3896,1837,0.667442262172699,0
3724,1208,0.3416845202445984,1
3724,974,0.6105138659477234,0
3724,1312,1.776214838027954,0
3724,764,0.6376082897186279,0
3724,646,0.3716588020324707,0
3724,1196,0.5877552628517151,0
3724,1192,0.669923722743988,0
3724,550,0.6355012655258179,0
3724,1314,0.6660261750221252,0
3724,834,1.2159411907196045,0
3724,457,0.6489351391792297,0
3724,1849,0.6274263858795166,0
3724,589,0.3568398356437683,0
3724,431,0.8336995840072632,0
3724,1441,0.6449124813079834,0
3724,1481,0.6122413277626038,0
3724,1492,0.6946182250976562,0
3724,377,0.9963509440422058,0
3724,1446,0.6197522878646851,0
3724,2003,0.38364753127098083,0
3519,1057,0.36140352487564087,1
3519,513,1.017393946647644,0
3519,1870,0.6305477619171143,0
3519,1324,0.34592294692993164,0
3519,1213,0.36299020051956177,0
3519,421,0.380689412355423,0
3519,2030,1.1889495849609375,0
3519,316,0.8847068548202515,0
3519,1557,0.6471222043037415,0
3519,1227,0.5963389277458191,0
3519,646,0.3839894235134125,0
3519,271,1.7763103246688843,0
3519,1533,0.6082913279533386,0
3519,1561,1.2709500789642334,0
3519,858,0.6719938516616821,0
3519,994,0.39050430059432983,0
3519,114,0.646145761013031,0
3519,83,0.6329743266105652,0
3519,1577,0.6999512314796448,0
3519,610,0.37410059571266174,0
3623,1488,0.3650439977645874,1
3623,466,0.6261155605316162,0
3623,2059,0.3419751524925232,0
3623,583,0.6771535873413086,0
3623,1686,1.173084020614624,0
3623,1132,0.8855514526367188,0
3623,582,0.657806932926178,0
3623,1661,0.7040136456489563,0
3623,1206,0.4129651188850403,0
3623,2034,0.927951991558075,0
3623,320,0.6282868385314941,0
3623,1533,0.62596595287323,0
3623,238,1.1040445566177368,0
3623,1996,0.6252740621566772,0
3623,1709,0.6436654329299927,0
3623,1061,0.6733384728431702,0
3623,97,1.5132925510406494,0
3623,2,0.40841758251190186,0
3623,1902,0.4081670939922333,0
3623,29,0.4112046957015991,0
1460,1871,1.1930186748504639,1
1460,1691,0.6946935057640076,0
1460,971,0.3840414881706238,0
1460,148,1.2739386558532715,0
1460,935,0.6833676099777222,0
1460,2007,0.3810673952102661,0
1460,1527,0.3849527835845947,0
1460,777,0.6663845181465149,0
1460,104,1.9229539632797241,0
1460,215,0.6114768385887146,0
1460,1219,0.6610679030418396,0
1460,1278,3.574167013168335,0
1460,1272,1.3494781255722046,0
1460,1108,0.6779244542121887,0
1460,1121,0.9708775877952576,0
1460,1510,0.6949891448020935,0
1460,1878,0.9871362447738647,0
1460,697,0.9679690003395081,0
1460,1157,1.6570621728897095,0
1460,1956,0.7056862711906433,0
1119,965,1.6078053712844849,1
1119,1070,0.6310666799545288,0
1119,809,0.5683198571205139,0
1119,1530,0.5892490148544312,0
1119,264,0.35405758023262024,0
1119,1856,0.6698538661003113,0
1119,1350,0.5907458662986755,0
1119,1550,0.6100968718528748,0
1119,365,0.6301133036613464,0
1119,1101,0.5966744422912598,0
1119,853,0.612800657749176,0
1119,304,0.3647570013999939,0
1119,879,0.5983957052230835,0
1119,1298,0.6026225686073303,0
1119,601,0.3546300530433655,0
1119,1503,0.35073667764663696,0
1119,1349,0.6352255344390869,0
1119,1216,0.6189789175987244,0
1119,383,0.6112335920333862,0
1119,161,0.37215787172317505,0
2786,1463,0.8500836491584778,1
2786,1409,0.45781129598617554,0
2786,987,0.8810227513313293,0
2786,2037,0.9086000919342041,0
2786,1090,0.6420074105262756,0
2786,2051,1.5187381505966187,0
2786,2016,0.6454651355743408,0
2786,1950,0.9894871115684509,0
2786,1126,0.6161960959434509,0
2786,1870,0.6492043733596802,0
2786,2019,0.6867826581001282,0
2786,1589,1.3243855237960815,0
2786,1251,0.6683831214904785,0
2786,307,0.666782557964325,0
2786,1788,0.6937934160232544,0
2786,1228,0.6495488882064819,0
2786,1491,0.6719191670417786,0
2786,1288,0.654458224773407,0
2786,437,0.8532381653785706,0
2786,1641,1.3639030456542969,0
1996,1265,0.6325336694717407,1
1996,1069,0.3664616644382477,0
1996,1749,0.6564285159111023,0
1996,1182,0.9744353890419006,0
1996,56,0.6485794186592102,0
1996,523,1.0016252994537354,0
1996,1966,0.6252622604370117,0
1996,1727,0.6348893046379089,0
1996,1981,0.9358674883842468,0
1996,494,0.5852952599525452,0
1996,1351,0.8790739178657532,0
1996,1382,0.6346626281738281,0
1996,1530,0.6170778274536133,0
1996,1177,0.6058164834976196,0
1996,279,0.6126692295074463,0
1996,80,0.9331174492835999,0
1996,434,0.6905020475387573,0
1996,400,0.36871516704559326,0
1996,2046,0.6313484907150269,0
1996,1360,0.6609423160552979,0
3038,698,0.6596261262893677,1
3038,904,0.7024051547050476,0
3038,1216,0.6483011245727539,0
3038,1728,1.267170786857605,0
3038,1989,0.6446134448051453,0
3038,1084,0.6180172562599182,0
3038,483,2.216586112976074,0
3038,1965,0.8606439828872681,0
3038,1670,0.6356873512268066,0
3038,1971,2.0896246433258057,0
3038,1788,0.663598895072937,0
3038,811,0.5975017547607422,0
3038,1243,0.3652213215827942,0
3038,1044,0.35412487387657166,0
3038,1011,1.4397237300872803,0
3038,2024,0.6646141409873962,0
3038,1691,0.6797813177108765,0
3038,1858,1.0141549110412598,0
3038,1988,0.3622211813926697,0
3038,1949,1.0043070316314697,0
2390,1281,0.33512935042381287,1
2390,1410,0.6675125956535339,0
2390,2044,1.5206165313720703,0
2390,2046,0.600135087966919,0
2390,308,1.221822738647461,0
2390,1415,0.65042644739151,0
2390,1820,0.6550813913345337,0
2390,1599,0.320921391248703,0
2390,2021,0.6938872933387756,0
2390,1316,0.6332625150680542,0
2390,1772,0.646353542804718,0
2390,384,0.3708840012550354,0
2390,1682,0.701844334602356,0
2390,760,1.951625943183899,0
2390,1713,1.1052007675170898,0
2390,13,1.8736293315887451,0
2390,1416,1.0073790550231934,0
2390,1533,0.6002048850059509,0
2390,1678,0.5918636918067932,0
2390,825,0.7176427841186523,0
3779,1737,0.36743712425231934,1
3779,1368,0.396085649728775,0
3779,957,0.5607031583786011,0
3779,79,0.8327587246894836,0
3779,633,1.0516225099563599,0
3779,1010,0.6140801906585693,0
3779,595,1.249711275100708,0
3779,571,0.6225103139877319,0
3779,1805,0.5790497064590454,0
3779,364,0.7627673745155334,0
3779,2032,0.6031374931335449,0
3779,1239,0.6152012944221497,0
3779,1531,0.40148717164993286,0
3779,1982,0.6241074204444885,0
3779,2052,0.5343437790870667,0
3779,368,0.5988044738769531,0
3779,1544,0.6097438335418701,0
3779,1116,0.575703501701355,0
3779,1888,0.5765283703804016,0
3779,131,0.5987762212753296,0
2559,1362,0.514153003692627,1
2559,629,0.35683953762054443,0
2559,1195,0.3421817123889923,0
2559,838,0.9522603750228882,0
2559,438,0.5631104707717896,0
2559,229,0.9888104796409607,0
2559,2038,1.4528071880340576,0
2559,450,0.34104010462760925,0
2559,1125,0.5565765500068665,0
2559,188,0.7385174632072449,0
2559,1518,1.2686975002288818,0
2559,1893,0.52903813123703,0
2559,487,0.5150988698005676,0
2559,372,0.31109368801116943,0
2559,292,0.31253567337989807,0
2559,331,0.3660820722579956,0
2559,779,0.5053596496582031,0
2559,1005,0.5759407877922058,0
2559,259,0.5861626267433167,0
2559,1859,0.7087241411209106,0
3059,1827,0.347895085811615,1
3059,2064,0.6080958247184753,0
3059,71,1.2773545980453491,0
3059,727,0.3411317467689514,0
3059,2019,0.664909839630127,0
3059,1441,0.6764904260635376,0
3059,1518,1.805086374282837,0
3059,1078,0.6576285362243652,0
3059,1161,0.36198890209198,0
3059,1232,1.3678734302520752,0
3059,690,1.276572346687317,0
3059,413,0.6014401316642761,0
3059,1393,1.965468406677246,0
3059,157,0.6154975295066833,0
3059,99,0.3385869860649109,0
3059,1655,0.6663658022880554,0
3059,998,0.6717474460601807,0
3059,565,0.9351494312286377,0
3059,265,0.6642621755599976,0
3059,1593,0.6582269668579102,0
1532,1449,0.38295450806617737,1
1532,297,1.4215151071548462,0
1532,1096,0.9814030528068542,0
1532,1786,0.6029890775680542,0
1532,389,0.6817289590835571,0
1532,1965,0.8155686259269714,0
1532,1701,0.33613213896751404,0
1532,1895,0.6520960927009583,0
1532,1404,0.6313049793243408,0
1532,726,0.6040451526641846,0
1532,1039,0.6423972249031067,0
1532,970,0.6122830510139465,0
1532,1177,0.5972525477409363,0
1532,1197,0.622478187084198,0
1532,1372,0.5790712237358093,0
1532,1898,0.6747246980667114,0
1532,1630,0.8959288597106934,0
1532,1240,0.6651346683502197,0
1532,1655,0.6493626832962036,0
1532,779,0.5937960147857666,0
2907,2061,0.3413945436477661,1
2907,742,0.4896025061607361,0
2907,564,0.5605362057685852,0
2907,1656,0.31598982214927673,0
2907,350,0.5048920512199402,0
2907,440,0.5212011337280273,0
2907,1644,0.7160755395889282,0
2907,1239,0.5675977468490601,0
2907,933,0.5843552947044373,0
2907,408,0.5880017280578613,0
2907,268,0.5593768358230591,0
2907,369,1.255980134010315,0
2907,1695,0.37572118639945984,0
2907,790,0.7599206566810608,0
2907,1176,0.373542845249176,0
2907,235,1.2909071445465088,0
2907,1221,0.541515588760376,0
2907,959,0.7895394563674927,0
2907,1352,0.5095362067222595,0
2907,646,0.38248389959335327,0
3602,2074,0.42275404930114746,1
3602,1975,1.0245311260223389,0
3602,317,0.7126708030700684,0
3602,301,0.9749867916107178,0
3602,851,0.6646597385406494,0
3602,1098,0.6045488715171814,0
3602,1075,0.41798287630081177,0
3602,1276,0.679481029510498,0
3602,1923,0.9467099905014038,0
3602,1737,0.3787508010864258,0
3602,1018,0.41307246685028076,0
3602,1128,0.38763242959976196,0
3602,655,1.611285924911499,0
3602,512,0.6980304718017578,0
3602,1063,0.38336339592933655,0
3602,1184,0.9675591588020325,0
3602,836,1.5206722021102905,0
3602,1369,0.930011510848999,0
3602,1822,1.777438759803772,0
3602,1926,0.6794250011444092,0
532,634,0.3892168402671814,1
532,878,0.3562435507774353,0
532,488,0.5884853601455688,0
532,2077,0.6056104898452759,0
532,513,0.8270635604858398,0
532,2010,0.38024914264678955,0
532,895,0.6163723468780518,0
532,918,0.7602567672729492,0
532,401,0.5959669947624207,0
532,986,0.8098352551460266,0
532,303,0.592233419418335,0
532,1614,0.5312390923500061,0
532,768,0.5872984528541565,0
532,263,0.5373985767364502,0
532,67,0.8341547250747681,0
532,380,0.37541091442108154,0
532,824,0.7956609725952148,0
532,853,0.5524402856826782,0
532,1688,0.39578163623809814,0
532,104,1.4113140106201172,0
1333,499,0.5403087139129639,1
1333,1957,0.5492733120918274,0
1333,1643,1.6406409740447998,0
1333,1480,0.5058865547180176,0
1333,501,0.7220170497894287,0
1333,1434,1.077429175376892,0
1333,590,1.5633810758590698,0
1333,387,0.33496299386024475,0
1333,1066,0.5735417604446411,0
1333,1383,0.5873586535453796,0
1333,500,0.5711157321929932,0
1333,496,0.5480208396911621,0
1333,610,0.36702725291252136,0
1333,2048,0.35786986351013184,0
1333,115,0.5447387099266052,0
1333,1300,0.523764431476593,0
1333,718,0.5875507593154907,0
1333,1751,0.3763277530670166,0
1333,932,1.0452470779418945,0
1333,2029,0.5411959886550903,0
2317,1806,3.358692169189453,1
2317,152,1.0082913637161255,0
2317,64,0.6784632205963135,0
2317,737,0.3489651679992676,0
2317,1157,1.6912894248962402,0
2317,655,1.58694326877594,0
2317,1155,0.669312059879303,0
2317,2060,1.0072702169418335,0
2317,574,0.6533488631248474,0
2317,1861,0.6569865942001343,0
2317,47,0.7561913728713989,0
2317,670,0.6519789099693298,0
2317,2030,1.201245665550232,0
2317,665,0.4256168603897095,0
2317,1460,0.6079744696617126,0
2317,1486,0.6739166378974915,0
2317,480,0.3731357157230377,0
2317,346,0.34024545550346375,0
2317,630,0.3848693370819092,0
2317,361,0.6884488463401794,0
1551,1231,0.9413217902183533,1
1551,490,0.5887991786003113,0
1551,1833,0.5492753982543945,0
1551,240,0.578648567199707,0
1551,658,0.7535852789878845,0
1551,546,0.5410903096199036,0
1551,2010,0.38392752408981323,0
1551,935,0.5878582000732422,0
1551,385,0.564524233341217,0
1551,1494,0.7396025657653809,0
1551,1694,1.3658808469772339,0
1551,101,1.3896182775497437,0
1551,122,1.110076904296875,0
1551,1260,0.6236282587051392,0
1551,1814,0.5410842895507812,0
1551,1532,1.1005305051803589,0
1551,1055,0.7830324172973633,0
1551,2069,0.36177366971969604,0
1551,1807,0.5598105788230896,0
1551,25,0.5694603323936462,0
4131,1059,0.43836188316345215,1
4131,1907,1.0235966444015503,0
4131,133,0.3698694705963135,0
4131,1539,0.6711154580116272,0
4131,1247,0.39996588230133057,0
4131,524,0.387641578912735,0
4131,1829,4.386709213256836,0
4131,1620,3.8147504329681396,0
4131,162,0.6778883934020996,0
4131,723,0.3900308609008789,0
4131,1216,0.6843271255493164,0
4131,1305,0.40747231245040894,0
4131,1802,1.496999979019165,0
4131,405,0.6726544499397278,0
4131,681,0.6445085406303406,0
4131,312,0.703720211982727,0
4131,580,0.6120038032531738,0
4131,1056,0.7627027034759521,0
4131,469,1.9492543935775757,0
4131,742,0.6183372139930725,0
4127,524,0.3548031449317932,1
4127,865,0.6325673460960388,0
4127,1469,0.5940757393836975,0
4127,1045,0.6635653972625732,0
4127,1831,0.6565927267074585,0
4127,371,0.35495907068252563,0
4127,1918,0.9793691635131836,0
4127,1704,0.6071675419807434,0
4127,1540,0.3986942172050476,0
4127,1170,1.2625375986099243,0
4127,345,4.603158950805664,0
4127,349,0.962844967842102,0
4127,397,0.6844656467437744,0
4127,1955,0.38245803117752075,0
4127,1998,0.5839237570762634,0
4127,1982,0.6807596683502197,0
4127,1175,0.6335881352424622,0
4127,1506,0.3411948084831238,0
4127,1513,1.2881697416305542,0
4127,458,0.6205686330795288,0
1873,1102,0.634941041469574,1
1873,1574,0.6517866253852844,0
1873,991,0.6635158658027649,0
1873,285,0.6764591932296753,0
1873,1007,0.641697347164154,0
1873,2025,0.6368314027786255,0
1873,150,0.6158009171485901,0
1873,1589,1.2796274423599243,0
1873,569,0.6834897994995117,0
1873,1135,0.6503382921218872,0
1873,505,0.6062787175178528,0
1873,541,0.9306133389472961,0
1873,664,0.6187827587127686,0
1873,1160,1.9908685684204102,0
1873,682,0.6610912680625916,0
1873,371,0.3741655647754669,0
1873,302,0.64585280418396,0
1873,1880,0.664344072341919,0
1873,745,0.9893208146095276,0
1873,770,0.3906833529472351,0
2618,1534,0.3525584936141968,1
2618,2038,2.11041522026062,0
2618,567,1.6180708408355713,0
2618,1382,0.6654225587844849,0
2618,1503,0.3319270610809326,0
2618,519,0.6594759821891785,0
2618,746,0.6322461366653442,0
2618,804,0.6160457730293274,0
2618,1934,0.6748200058937073,0
2618,59,0.9772022366523743,0
2618,447,0.9626432061195374,0
2618,2059,0.31663385033607483,0
2618,1822,1.752924919128418,0
2618,525,0.6722188591957092,0
2618,1690,0.6362017393112183,0
2618,628,1.5258467197418213,0
2618,561,0.3746439516544342,0
2618,1102,0.6409124135971069,0
2618,1800,0.6607628464698792,0
2618,1526,0.6314947009086609,0
245,1273,1.192137360572815,1
245,842,0.5318949818611145,0
245,553,0.530309796333313,0
245,761,0.5431336760520935,0
245,1659,0.5670914649963379,0
245,115,0.5441831350326538,0
245,158,0.5865362286567688,0
245,352,0.5537316203117371,0
245,1957,0.5401967763900757,0
245,461,0.7351920008659363,0
245,370,0.5333226919174194,0
245,614,0.5294259190559387,0
245,54,0.5624493360519409,0
245,1906,0.34371620416641235,0
245,1982,0.5676796436309814,0
245,1873,0.5224871039390564,0
245,1788,0.546424925327301,0
245,936,0.7834833860397339,0
245,602,0.5293686389923096,0
245,738,0.6066238880157471,0
161,1938,0.3265380263328552,1
161,384,0.39155465364456177,0
161,1267,0.6824222803115845,0
161,389,0.6891974210739136,0
161,1697,0.681443452835083,0
161,28,0.37882208824157715,0
161,1071,0.6275379657745361,0
161,794,0.6560953855514526,0
161,941,0.6270029544830322,0
161,671,0.9419192671775818,0
161,983,1.308835506439209,0
161,1239,0.6644508242607117,0
161,1634,0.6894636154174805,0
161,1457,0.929237961769104,0
161,1501,0.6964515447616577,0
161,951,0.3530682623386383,0
161,289,0.620740532875061,0
161,939,0.34557586908340454,0
161,109,0.35093510150909424,0
161,1510,0.684516429901123,0
804,500,0.656181812286377,1
804,210,0.8863375186920166,0
804,1977,0.6284456253051758,0
804,1075,0.3636453449726105,0
804,3,0.5927554368972778,0
804,1753,0.6666960716247559,0
804,1526,0.5984866619110107,0
804,739,0.6960379481315613,0
804,561,0.34830906987190247,0
804,1591,0.5962433815002441,0
804,1677,0.33446940779685974,0
804,250,0.7451031804084778,0
804,521,0.35425347089767456,0
804,1101,0.581704318523407,0
804,356,0.36191999912261963,0
804,482,1.2893928289413452,0
804,1072,0.5550825595855713,0
804,1962,0.30341464281082153,0
804,1539,0.6272279024124146,0
804,1552,0.6056775450706482,0
2267,1629,0.40401461720466614,1
2267,1070,0.7153006792068481,0
2267,133,0.3785938024520874,0
2267,1147,1.0057876110076904,0
2267,1638,0.686542809009552,0
2267,335,1.3799606561660767,0
2267,1949,1.078581690788269,0
2267,345,5.042463302612305,0
2267,721,0.6893801093101501,0
2267,1901,1.0211695432662964,0
2267,480,0.3797011077404022,0
2267,1082,1.397672414779663,0
2267,20,0.9596570134162903,0
2267,1501,0.7366530895233154,0
2267,819,0.6845030784606934,0
2267,1983,1.1559494733810425,0
2267,34,0.6705518364906311,0
2267,2013,1.0126854181289673,0
2267,715,0.7488473057746887,0
2267,558,0.4239802062511444,0
2081,39,0.7039675116539001,1
2081,1851,0.7554405331611633,0
2081,651,1.0911561250686646,0
2081,238,1.2245277166366577,0
2081,1460,0.6021561622619629,0
2081,1862,0.7116519212722778,0
2081,1613,0.38253626227378845,0
2081,384,0.4106564521789551,0
2081,1396,0.9727838635444641,0
2081,947,0.6911448836326599,0
2081,677,0.3658348619937897,0
2081,1250,0.9255481958389282,0
2081,1566,0.664307177066803,0
2081,803,1.378212571144104,0
2081,52,0.6713172793388367,0
2081,1011,1.5303651094436646,0
2081,1777,1.3344230651855469,0
2081,403,0.7160663604736328,0
2081,631,0.386508047580719,0
2081,1611,0.35919249057769775,0
1762,245,0.6909075379371643,1
1762,166,0.39178717136383057,0
1762,1197,0.6245408058166504,0
1762,1895,0.6439337730407715,0
1762,479,0.5917531251907349,0
1762,1401,0.6247729659080505,0
1762,484,0.36630645394325256,0
1762,1915,0.6428453326225281,0
1762,1642,1.4799866676330566,0
1762,725,0.38389039039611816,0
1762,450,0.365311861038208,0
1762,572,1.6150873899459839,0
1762,1312,1.6401561498641968,0
1762,1938,0.34836435317993164,0
1762,605,0.6900983452796936,0
1762,680,1.8877547979354858,0
1762,179,0.9036383032798767,0
1762,1086,0.67682945728302,0
1762,1355,1.203014612197876,0
1762,1772,0.6219280362129211,0
3060,1650,1.0259780883789062,1
3060,2044,1.5374290943145752,0
3060,1047,0.39434507489204407,0
3060,1780,0.6578368544578552,0
3060,1367,0.42268648743629456,0
3060,256,1.707553744316101,0
3060,1687,0.7465687394142151,0
3060,1478,0.5902490019798279,0
3060,1698,0.38969355821609497,0
3060,203,0.7571083903312683,0
3060,1173,1.0250910520553589,0
3060,376,0.3989672362804413,0
3060,670,0.6527805924415588,0
3060,1550,0.6708981990814209,0
3060,1459,0.7331975102424622,0
3060,1027,0.6440229415893555,0
3060,1436,0.6440308690071106,0
3060,626,0.6881874203681946,0
3060,229,1.4019746780395508,0
3060,485,0.7622824311256409,0
1280,2025,0.6675081253051758,1
1280,800,0.6836156845092773,0
1280,1586,0.9241836071014404,0
1280,1034,0.8909685611724854,0
1280,1339,1.0319570302963257,0
1280,533,1.6136823892593384,0
1280,474,0.9706392884254456,0
1280,484,0.3642541170120239,0
1280,945,0.4066314101219177,0
1280,317,0.6656443476676941,0
1280,252,0.3796344995498657,0
1280,1251,0.6662682294845581,0
1280,1335,0.6163302063941956,0
1280,851,0.6291377544403076,0
1280,132,0.7005025148391724,0
1280,152,0.9944968819618225,0
1280,1227,0.6007703542709351,0
1280,868,0.7389896512031555,0
1280,1217,0.634282648563385,0
1280,460,0.6490934491157532,0
1328,967,0.571797251701355,1
1328,259,0.6183969974517822,0
1328,349,0.8024320602416992,0
1328,1615,0.6001602411270142,0
1328,638,0.5453248620033264,0
1328,608,0.5230072736740112,0
1328,1148,0.5388795733451843,0
1328,542,0.5848190188407898,0
1328,1938,0.3477417528629303,0
1328,1209,0.5387822389602661,0
1328,774,0.5814732313156128,0
1328,410,0.8282058835029602,0
1328,227,0.363459050655365,0
1328,2028,0.7910590767860413,0
1328,271,1.3736071586608887,0
1328,1983,0.8763702511787415,0
1328,1350,0.5387936234474182,0
1328,1465,0.5629828572273254,0
1328,138,0.4099125266075134,0
1328,1528,1.0645511150360107,0
1340,1703,2.4014298915863037,1
1340,1803,0.37428224086761475,0
1340,2017,0.6484038829803467,0
1340,559,0.6134985685348511,0
1340,1821,0.9045121669769287,0
1340,647,0.9112894535064697,0
1340,878,0.35117167234420776,0
1340,782,0.6494998931884766,0
1340,173,0.9537815451622009,0
1340,393,0.7320541739463806,0
1340,1284,0.6087294220924377,0
1340,843,0.4026499092578888,0
1340,1482,0.6538150906562805,0
1340,1290,0.3697659373283386,0
1340,1567,1.4943994283676147,0
1340,244,0.6567756533622742,0
1340,1929,0.6790815591812134,0
1340,1871,1.1497764587402344,0
1340,156,0.661690354347229,0
1340,501,0.8940249085426331,0
2508,983,1.4021687507629395,1
2508,1961,0.6359317302703857,0
2508,1850,0.6267994046211243,0
2508,1326,0.6934842467308044,0
2508,255,0.6570183038711548,0
2508,2003,0.3967944383621216,0
2508,455,1.6017507314682007,0
2508,769,0.791063129901886,0
2508,83,0.6397023797035217,0
2508,207,0.663780927658081,0
2508,663,0.6963738203048706,0
2508,1742,0.644448459148407,0
2508,1659,0.6527575254440308,0
2508,1788,0.6760318875312805,0
2508,1803,0.3716861605644226,0
2508,125,0.635676920413971,0
2508,1498,0.6415197849273682,0
2508,1548,1.2178339958190918,0
2508,1279,0.6364260315895081,0
2508,420,0.7319008708000183,0
1966,1044,0.3332774043083191,1
1966,1738,0.36876505613327026,0
1966,668,0.306316614151001,0
1966,449,0.9732075333595276,0
1966,131,0.6716007590293884,0
1966,1941,0.6994126439094543,0
1966,1851,0.7547599673271179,0
1966,1620,3.9789857864379883,0
1966,1305,0.357128769159317,0
1966,319,0.6457868814468384,0
1966,1324,0.33807435631752014,0
1966,1431,0.613027811050415,0
1966,1611,0.33918076753616333,0
1966,609,0.34999415278434753,0
1966,1879,0.6666210293769836,0
1966,162,0.6726006269454956,0
1966,1944,0.35877859592437744,0
1966,100,0.6791363954544067,0
1966,2005,0.6237437129020691,0
1966,1964,0.71448814868927,0
3577,507,0.3657710552215576,1
3577,1782,0.5490130186080933,0
3577,1185,0.5105974078178406,0
3577,1584,0.5759522914886475,0
3577,1143,0.3773685097694397,0
3577,1867,1.1606935262680054,0
3577,339,0.518498420715332,0
3577,1230,0.582539975643158,0
3577,1654,0.9365819096565247,0
3577,150,0.5277641415596008,0
3577,1023,0.9523579478263855,0
3577,1277,0.762143075466156,0
3577,1077,0.7160028219223022,0
3577,1818,1.0743948221206665,0
3577,556,0.5294064879417419,0
3577,145,0.5366939306259155,0
3577,1543,0.5911228060722351,0
3577,967,0.5477969646453857,0
3577,1537,0.3528067469596863,0
3577,151,1.5938700437545776,0
2622,267,0.3670795261859894,1
2622,27,0.6359660625457764,0
2622,744,0.581705629825592,0
2622,305,0.5583220720291138,0
2622,1998,0.5741932988166809,0
2622,1236,0.8769392371177673,0
2622,1407,0.908001184463501,0
2622,712,0.5710061192512512,0
2622,1305,0.3413980007171631,0
2622,1452,0.3588683605194092,0
2622,665,0.3827945291996002,0
2622,1657,0.5677597522735596,0
2622,658,0.9251968264579773,0
2622,1891,0.9705799221992493,0
2622,1845,0.900862991809845,0
2622,1690,0.6084765791893005,0
2622,1130,0.6193726062774658,0
2622,190,0.6340113878250122,0
2622,531,0.35690319538116455,0
2622,1798,0.6405301690101624,0
184,1719,0.7951737642288208,1
184,1763,0.3543378710746765,0
184,797,0.3587169051170349,0
184,2054,0.5458296537399292,0
184,587,0.3671390116214752,0
184,179,0.7882461547851562,0
184,265,0.5633151531219482,0
184,1063,0.33217915892601013,0
184,750,0.5069683790206909,0
184,236,0.5618773102760315,0
184,1995,1.4552866220474243,0
184,526,0.5691356658935547,0
184,371,0.3418329656124115,0
184,809,0.5180609822273254,0
184,1412,0.5007165670394897,0
184,1106,0.5401474833488464,0
184,1230,0.584755539894104,0
184,304,0.3555777966976166,0
184,672,0.3499106168746948,0
184,1678,0.5357092022895813,0
3219,653,0.3807327151298523,1
3219,540,1.029732584953308,0
3219,606,0.708981990814209,0
3219,1977,0.665292501449585,0
3219,1072,0.5865439772605896,0
3219,505,0.6584100723266602,0
3219,344,0.3723090887069702,0
3219,1215,0.681786298751831,0
3219,11,0.37160152196884155,0
3219,446,0.36400824785232544,0
3219,818,1.0070194005966187,0
3219,1609,0.7091590166091919,0
3219,407,1.4510977268218994,0
3219,1816,0.37609627842903137,0
3219,1841,0.38860630989074707,0
3219,140,0.7149839997291565,0
3219,928,0.6862399578094482,0
3219,489,0.42193472385406494,0
3219,1264,0.7140994071960449,0
3219,53,0.3766554594039917,0
3825,854,0.3815802335739136,1
3825,827,0.36758387088775635,0
3825,2009,0.5779485106468201,0
3825,422,0.5902433395385742,0
3825,1431,0.5609479546546936,0
3825,517,0.5806790590286255,0
3825,1105,0.392660915851593,0
3825,2052,0.5382375121116638,0
3825,1196,0.5383312702178955,0
3825,2012,0.5876662135124207,0
3825,441,0.5337708592414856,0
3825,297,1.2681070566177368,0
3825,1688,0.4010709524154663,0
3825,544,0.5651745796203613,0
3825,957,0.5621086359024048,0
3825,681,0.5449180603027344,0
3825,214,0.37821483612060547,0
3825,1630,0.8349648714065552,0
3825,1311,0.38902392983436584,0
3825,871,0.6245408654212952,0
172,1697,0.6295892000198364,1
172,280,0.5813831686973572,0
172,148,1.0376615524291992,0
172,821,0.373744934797287,0
172,710,0.5802834033966064,0
172,632,0.5848318338394165,0
172,1471,0.6081973910331726,0
172,532,0.6337037086486816,0
172,831,0.9803948402404785,0
172,41,0.8492445945739746,0
172,1324,0.3621350824832916,0
172,677,0.3703106641769409,0
172,791,0.5745333433151245,0
172,456,0.6365637183189392,0
172,933,0.6155692934989929,0
172,1813,0.6216681003570557,0
172,2048,0.3806387484073639,0
172,1780,0.565831184387207,0
172,1371,0.6031126976013184,0
172,58,0.607567310333252,0
2194,1916,0.3620198369026184,1
2194,1680,0.6149845719337463,0
2194,269,0.7278090715408325,0
2194,303,0.6696368455886841,0
2194,2002,0.6137643456459045,0
2194,1619,0.32006552815437317,0
2194,129,0.3669295608997345,0
2194,1010,0.6589530110359192,0
2194,47,0.7223049402236938,0
2194,1141,0.6409170031547546,0
2194,248,0.6198700070381165,0
2194,1344,0.6633885502815247,0
2194,1719,0.9686743021011353,0
2194,438,0.6852831244468689,0
2194,1612,0.6744385957717896,0
2194,946,0.9567760229110718,0
2194,778,1.4338889122009277,0
2194,1928,1.1012498140335083,0
2194,777,0.6655494570732117,0
2194,1590,0.7166496515274048,0
313,159,1.5187798738479614,1
313,1016,0.6142069101333618,0
313,1495,0.651972234249115,0
313,507,0.3785613775253296,0
313,1785,0.6374571919441223,0
313,1458,0.5961976647377014,0
313,1872,0.36503514647483826,0
313,673,0.4141744077205658,0
313,472,0.9715367555618286,0
313,893,0.38028383255004883,0
313,1635,0.40292373299598694,0
313,1155,0.6650214195251465,0
313,734,0.6487331986427307,0
313,1909,0.6505837440490723,0
313,239,0.37877196073532104,0
313,241,0.6418067216873169,0
313,297,1.4812699556350708,0
313,1857,0.6145156621932983,0
313,1963,0.892524003982544,0
313,1841,0.3831024169921875,0
3403,902,0.33533787727355957,1
3403,1921,0.36837321519851685,0
3403,594,1.770585298538208,0
3403,1443,0.6456208825111389,0
3403,847,1.0151931047439575,0
3403,892,0.6349692940711975,0
3403,332,0.6833900809288025,0
3403,1155,0.6800233125686646,0
3403,569,0.7126210331916809,0
3403,75,0.3283679485321045,0
3403,1015,0.6528434753417969,0
3403,1262,0.6869660019874573,0
3403,88,0.6587437391281128,0
3403,1926,0.6682488322257996,0
3403,2037,0.9407325983047485,0
3403,1249,0.3362663984298706,0
3403,100,0.6568190455436707,0
3403,2039,0.9661613702774048,0
3403,1568,0.36945945024490356,0
3403,766,0.35594552755355835,0
3499,169,0.41491183638572693,1
3499,893,0.37177425622940063,0
3499,368,0.5823649764060974,0
3499,1776,0.601393461227417,0
3499,2019,0.5735107064247131,0
3499,1149,0.3721776008605957,0
3499,326,0.388042688369751,0
3499,930,0.9687423706054688,0
3499,833,0.5714297294616699,0
3499,802,0.6163374185562134,0
3499,260,0.41249167919158936,0
3499,484,0.37657877802848816,0
3499,178,0.35424160957336426,0
3499,433,1.0253915786743164,0
3499,388,0.5553484559059143,0
3499,874,0.5641281008720398,0
3499,727,0.37429651618003845,0
3499,676,0.7407528162002563,0
3499,1060,0.7730481028556824,0
3499,761,0.5505812168121338,0
1142,1548,0.9308293461799622,1
1142,1319,0.3628707528114319,0
1142,612,0.35776495933532715,0
1142,1536,1.3133373260498047,0
1142,1268,0.7650818228721619,0
1142,1084,0.5125300884246826,0
1142,310,0.5949439406394958,0
1142,1931,0.56097412109375,0
1142,1093,0.3448995351791382,0
1142,462,0.8021409511566162,0
1142,1168,0.725659191608429,0
1142,370,0.5342791676521301,0
1142,383,0.5457544922828674,0
1142,406,0.5591980814933777,0
1142,634,0.36440107226371765,0
1142,1784,0.5337865352630615,0
1142,437,0.6905067563056946,0
1142,483,1.559136986732483,0
1142,1498,0.532528281211853,0
1142,283,0.5518550872802734,0
41,766,0.39026719331741333,1
41,658,0.7714776396751404,0
41,46,0.3542511463165283,0
41,1064,0.5549341440200806,0
41,1323,2.015778064727783,0
41,1333,0.7288362383842468,0
41,237,1.1935046911239624,0
41,153,1.123134970664978,0
41,2071,0.551734209060669,0
41,501,0.7535142302513123,0
41,1582,0.5563543438911438,0
41,1330,0.390415221452713,0
41,81,0.5934726595878601,0
41,715,0.583894670009613,0
41,1420,0.5294442772865295,0
41,291,0.5500128269195557,0
41,1500,0.7489312887191772,0
41,1837,0.5675707459449768,0
41,1888,0.548936665058136,0
41,1959,0.5673741102218628,0
2600,2060,0.9285153746604919,1
2600,285,0.6569846868515015,0
2600,1331,0.36647695302963257,0
2600,618,0.6459242701530457,0
2600,712,0.5770390629768372,0
2600,2021,0.6721954345703125,0
2600,782,0.6639691591262817,0
2600,1100,0.3877487778663635,0
2600,804,0.5984271764755249,0
2600,891,0.6661022305488586,0
2600,1867,1.4447098970413208,0
2600,257,0.9515746235847473,0
2600,1124,3.2266924381256104,0
2600,1515,1.3536733388900757,0
2600,1409,0.40290310978889465,0
2600,1293,0.35010695457458496,0
2600,1291,0.644970178604126,0
2600,322,0.6116869449615479,0
2600,1740,0.3627167344093323,0
2600,211,0.684431791305542,0
258,1822,1.221829891204834,1
258,654,1.1429052352905273,0
258,857,0.3457305431365967,0
258,833,0.5588781237602234,0
258,132,0.5752158761024475,0
258,490,0.5688618421554565,0
258,94,0.6902118921279907,0
258,478,0.5442155599594116,0
258,1462,0.5434368848800659,0
258,301,0.7379595637321472,0
258,1804,0.5667544603347778,0
258,593,0.37034833431243896,0
258,41,0.7791675329208374,0
258,701,0.3576694130897522,0
258,92,0.5646921396255493,0
258,1573,0.5559983849525452,0
258,1261,0.5194540619850159,0
258,931,0.32193511724472046,0
258,1574,0.5494424700737,0
258,451,0.7516368627548218,0
1086,1942,1.3695846796035767,1
1086,1635,0.36630135774612427,0
1086,1645,0.5605868697166443,0
1086,1586,0.7460707426071167,0
1086,1370,0.7255743741989136,0
1086,236,0.5542208552360535,0
1086,486,0.3943632245063782,0
1086,1753,0.5933179259300232,0
1086,339,0.5336189270019531,0
1086,1848,0.778654158115387,0
1086,767,0.3650982081890106,0
1086,1008,0.5721173286437988,0
1086,929,0.5752196907997131,0
1086,1810,0.6265614628791809,0
1086,301,0.768659234046936,0
1086,1593,0.5666654109954834,0
1086,939,0.37255072593688965,0
1086,1210,0.7996402978897095,0
1086,819,0.5565568804740906,0
1086,1754,0.3825957179069519,0
1003,949,0.4140223562717438,1
1003,754,0.7865414023399353,0
1003,1832,1.010661005973816,0
1003,1005,0.6507945656776428,0
1003,39,0.6185394525527954,0
1003,1149,0.3851170241832733,0
1003,1039,0.6155133247375488,0
1003,1470,0.6046906113624573,0
1003,1147,0.8341654539108276,0
1003,1928,0.9685449004173279,0
1003,1099,0.7981287240982056,0
1003,308,0.984829306602478,0
1003,163,0.5836545825004578,0
1003,161,0.4000541567802429,0
1003,335,1.0457688570022583,0
1003,513,0.8840240240097046,0
1003,92,0.6192835569381714,0
1003,1755,0.5788280963897705,0
1003,565,0.7845079302787781,0
1003,1208,0.3771418333053589,0
4106,1386,0.7003656625747681,1
4106,612,0.3497362732887268,0
4106,967,0.6373019814491272,0
4106,1901,0.9133949279785156,0
4106,1445,1.7434054613113403,0
4106,1808,1.214526891708374,0
4106,1620,3.5404460430145264,0
4106,9,0.35100337862968445,0
4106,722,0.649447500705719,0
4106,1339,1.0087616443634033,0
4106,1761,0.6537063717842102,0
4106,639,1.2840763330459595,0
4106,314,0.35815852880477905,0
4106,1184,0.9373728036880493,0
4106,980,2.1784894466400146,0
4106,277,0.940833330154419,0
4106,1888,0.6164032220840454,0
4106,1444,0.6472235321998596,0
4106,1487,0.6703703999519348,0
4106,576,0.6689892411231995,0
892,1632,2.0214877128601074,1
892,1031,0.5476316213607788,0
892,757,0.5718455910682678,0
892,1172,0.42844098806381226,0
892,1168,0.7749074697494507,0
892,259,0.6324584484100342,0
892,60,0.6066993474960327,0
892,1842,0.7730659246444702,0
892,120,1.0184571743011475,0
892,1623,0.5507630705833435,0
892,436,2.301966905593872,0
892,2061,0.372310996055603,0
892,478,0.5737517476081848,0
892,1823,0.9566143751144409,0
892,452,0.5782317519187927,0
892,1697,0.6120124459266663,0
892,906,0.3637177050113678,0
892,1215,0.5590469241142273,0
892,257,0.8202645182609558,0
892,940,0.5906656980514526,0
153,1203,0.756054162979126,1
153,774,0.5855040550231934,0
153,24,0.5463579893112183,0
153,1900,0.5784717202186584,0
153,567,1.1861293315887451,0
153,1339,0.8364827632904053,0
153,860,0.5450456142425537,0
153,169,0.39198625087738037,0
153,560,0.589206337928772,0
153,981,0.5648192763328552,0
153,1275,0.4001365900039673,0
153,1095,0.5478216409683228,0
153,1115,0.5631440877914429,0
153,622,0.3672991991043091,0
153,73,0.5473238229751587,0
153,1531,0.37948107719421387,0
153,533,1.235994815826416,0
153,313,0.35310226678848267,0
153,396,0.5428587198257446,0
153,108,0.5454409122467041,0
695,719,1.9089475870132446,1
695,915,1.018551230430603,0
695,776,0.4248034954071045,0
695,1828,1.1426827907562256,0
695,303,0.7094501852989197,0
695,2075,0.4301324784755707,0
695,281,0.38198089599609375,0
695,121,0.7136843204498291,0
695,636,0.6457775235176086,0
695,255,0.6875359416007996,0
695,828,0.7332150340080261,0
695,1230,0.7054942846298218,0
695,1645,0.6580893993377686,0
695,1703,2.4877357482910156,0
695,685,0.6697811484336853,0
695,1830,0.678764283657074,0
695,1066,0.7303417325019836,0
695,1624,0.430112361907959,0
695,708,0.6879732012748718,0
695,0,0.70015949010849,0
3406,1756,0.37513595819473267,1
3406,116,0.3801753520965576,0
3406,940,0.7304073572158813,0
3406,2040,1.067195177078247,0
3406,775,0.3621792495250702,0
3406,68,0.7775256633758545,0
3406,1001,0.3469737768173218,0
3406,377,1.1257609128952026,0
3406,426,2.0505990982055664,0
3406,1375,0.7807696461677551,0
3406,348,0.7176518440246582,0
3406,1845,1.0225669145584106,0
3406,304,0.3570190668106079,0
3406,1252,0.3694628179073334,0
3406,923,3.2086637020111084,0
3406,1940,0.7324015498161316,0
3406,994,0.3862800896167755,0
3406,1601,0.7476465702056885,0
3406,1432,0.7289537787437439,0
3406,33,1.122134804725647,0
2787,312,0.6651000380516052,1
2787,2016,0.6275147199630737,0
2787,1705,1.1357202529907227,0
2787,778,1.4755645990371704,0
2787,1579,0.9601161479949951,0
2787,1020,1.1852138042449951,0
2787,33,1.0631227493286133,0
2787,145,0.6198210716247559,0
2787,1320,0.7278721928596497,0
2787,455,1.5725001096725464,0
2787,1157,1.670468807220459,0
2787,1578,2.131288528442383,0
2787,1496,0.6672626733779907,0
2787,1497,0.7012032866477966,0
2787,949,0.3869851231575012,0
2787,1804,0.6925175189971924,0
2787,47,0.7296116948127747,0
2787,2026,0.9642052054405212,0
2787,1084,0.6197025775909424,0
2787,1730,0.9539212584495544,0
1869,1381,0.9671198129653931,1
1869,2080,0.6786378026008606,0
1869,2052,0.6291795969009399,0
1869,1682,0.7507826089859009,0
1869,439,2.2668747901916504,0
1869,1870,0.6599900722503662,0
1869,1245,1.0464409589767456,0
1869,115,0.6941905617713928,0
1869,740,0.39193466305732727,0
1869,906,0.3904033899307251,0
1869,1816,0.37878525257110596,0
1869,1199,0.40085509419441223,0
1869,479,0.6410430669784546,0
1869,576,0.7449198961257935,0
1869,252,0.4009776711463928,0
1869,1750,0.7425659894943237,0
1869,1116,0.662388801574707,0
1869,1235,0.6916375756263733,0
1869,506,0.7184526920318604,0
1869,1495,0.6529420018196106,0
1185,1792,0.9051784873008728,1
1185,1882,0.38833996653556824,0
1185,311,0.9807493686676025,0
1185,2061,0.38014501333236694,0
1185,343,0.3785704970359802,0
1185,1238,0.6861580610275269,0
1185,166,0.40453410148620605,0
1185,1859,0.9215536713600159,0
1185,155,0.6318020820617676,0
1185,1290,0.38936787843704224,0
1185,1242,0.6131841540336609,0
1185,1806,3.1662333011627197,0
1185,1891,1.0122393369674683,0
1185,100,0.665846049785614,0
1185,1170,1.2639732360839844,0
1185,1565,0.6759063601493835,0
1185,232,0.41103968024253845,0
1185,1113,0.6479883790016174,0
1185,603,0.3637595772743225,0
1185,57,0.6483147740364075,0
3221,1305,0.40174126625061035,1
3221,1885,0.6705919504165649,0
3221,1433,0.993950366973877,0
3221,187,0.6843308806419373,0
3221,649,1.3294615745544434,0
3221,1252,0.39052972197532654,0
3221,490,0.7138797640800476,0
3221,883,1.3810784816741943,0
3221,85,0.618871808052063,0
3221,299,0.6646069288253784,0
3221,931,0.34615302085876465,0
3221,1198,0.9748173952102661,0
3221,1820,0.6846938133239746,0
3221,726,0.6423459649085999,0
3221,2033,0.6633565425872803,0
3221,809,0.6169833540916443,0
3221,517,0.6843141317367554,0
3221,1508,0.9459142684936523,0
3221,1288,0.6753487586975098,0
3221,1628,0.6640142202377319,0
2014,1256,0.3604990839958191,1
2014,1344,0.6618437170982361,0
2014,1948,0.9713287949562073,0
2014,1162,0.3353894054889679,0
2014,759,0.6296122074127197,0
2014,927,0.6371110081672668,0
2014,1565,0.6633116006851196,0
2014,439,2.254392147064209,0
2014,1079,0.7233003973960876,0
2014,1102,0.6349636912345886,0
2014,1000,0.9282216429710388,0
2014,1330,0.37018901109695435,0
2014,501,0.9405338764190674,0
2014,2075,0.35475391149520874,0
2014,690,1.234948754310608,0
2014,1297,0.6552620530128479,0
2014,1873,0.6398612260818481,0
2014,431,0.873968780040741,0
2014,1244,0.6616623997688293,0
2014,934,0.6440500020980835,0
2854,2067,0.6747967004776001,1
2854,1432,0.716317892074585,0
2854,2011,0.6897270679473877,0
2854,814,0.6443448066711426,0
2854,1540,0.40857866406440735,0
2854,649,1.3282232284545898,0
2854,884,0.6518549919128418,0
2854,636,0.626555323600769,0
2854,715,0.7173405289649963,0
2854,851,0.6320111155509949,0
2854,2030,1.2081265449523926,0
2854,544,0.6443628072738647,0
2854,56,0.6636117696762085,0
2854,1196,0.6273534297943115,0
2854,281,0.33398938179016113,0
2854,1994,0.6898826360702515,0
2854,16,0.39230191707611084,0
2854,1009,0.9185317158699036,0
2854,1948,1.020627498626709,0
2854,1634,0.6930897235870361,0
3005,1815,0.3584306240081787,1
3005,188,0.9663888216018677,0
3005,914,1.4814765453338623,0
3005,1889,0.6195387840270996,0
3005,837,1.1431816816329956,0
3005,192,0.6490404009819031,0
3005,1151,0.6383705139160156,0
3005,485,0.7466044425964355,0
3005,30,0.3972640633583069,0
3005,239,0.3555561304092407,0
3005,1234,0.5755409598350525,0
3005,824,0.9774129986763,0
3005,159,1.5619560480117798,0
3005,1165,0.6473444700241089,0
3005,1264,0.6719337701797485,0
3005,1685,0.3975079655647278,0
3005,422,0.6697214245796204,0
3005,1327,0.9806134700775146,0
3005,2064,0.6204310059547424,0
3005,34,0.6223365664482117,0
3903,372,0.3495825231075287,1
3903,794,0.698557436466217,0
3903,1173,1.026450753211975,0
3903,811,0.6252539753913879,0
3903,1209,0.656930148601532,0
3903,1806,3.395275354385376,0
3903,1201,0.7196248769760132,0
3903,894,0.6948055624961853,0
3903,1098,0.6056813597679138,0
3903,1883,0.6769455075263977,0
3903,1046,0.6810994744300842,0
3903,1370,0.9445269703865051,0
3903,1502,0.3650246262550354,0
3903,657,0.6792498826980591,0
3903,979,0.6469991207122803,0
3903,1985,0.8990744352340698,0
3903,373,0.9870105981826782,0
3903,746,0.6224989295005798,0
3903,891,0.7243610620498657,0
3903,459,0.3468206524848938,0
871,436,3.1531200408935547,1
871,415,0.6872185468673706,0
871,680,1.9794219732284546,0
871,858,0.6993570327758789,0
871,2010,0.39204734563827515,0
871,1945,0.38605988025665283,0
871,776,0.386126309633255,0
871,145,0.6427181363105774,0
871,1365,1.2634987831115723,0
871,33,1.080604910850525,0
871,2015,0.3673427104949951,0
871,3,0.6124410033226013,0
871,53,0.3593128025531769,0
871,1766,0.7213162779808044,0
871,830,0.6930696964263916,0
871,386,0.4133129119873047,0
871,604,0.3774431049823761,0
871,1177,0.6482694149017334,0
871,2080,0.6684648394584656,0
871,382,0.3928993344306946,0
1021,82,0.5238942503929138,1
1021,609,0.32569387555122375,0
1021,871,0.573815643787384,0
1021,761,0.5396626591682434,0
1021,279,0.5269859433174133,0
1021,234,0.7204355001449585,0
1021,1112,0.5051714181900024,0
1021,1428,0.5329554080963135,0
1021,1691,0.560711681842804,0
1021,252,0.33772993087768555,0
1021,23,0.3586713969707489,0
1021,84,0.5582294464111328,0
1021,398,1.046130895614624,0
1021,1269,0.5553040504455566,0
1021,1001,0.3255773186683655,0
1021,1238,0.5613475441932678,0
1021,1092,1.0222676992416382,0
1021,763,0.5430128574371338,0
1021,1826,0.556192934513092,0
1021,91,0.7472631931304932,0
2597,1011,1.4844379425048828,1
2597,1065,0.9595840573310852,0
2597,1547,1.6754486560821533,0
2597,983,1.3826273679733276,0
2597,270,0.3347598910331726,0
2597,541,0.9965903759002686,0
2597,363,0.35355687141418457,0
2597,481,0.6751214265823364,0
2597,1559,1.9625238180160522,0
2597,600,2.370779275894165,0
2597,937,0.3453986346721649,0
2597,1298,0.6396281719207764,0
2597,1654,1.274951696395874,0
2597,1857,0.6194166541099548,0
2597,52,0.6453585624694824,0
2597,2006,0.6710114479064941,0
2597,1428,0.6348443031311035,0
2597,338,0.6099255681037903,0
2597,830,0.6764402985572815,0
2597,1405,1.4622268676757812,0
311,1571,0.8214831948280334,1
311,435,0.6440553069114685,0
311,1544,0.6621361374855042,0
311,1637,0.6312381625175476,0
311,2021,0.6794528961181641,0
311,1420,0.6193267107009888,0
311,469,1.7339693307876587,0
311,1362,0.639573872089386,0
311,1834,0.6593170762062073,0
311,1875,0.36802059412002563,0
311,1046,0.6326952576637268,0
311,1257,1.436813473701477,0
311,1872,0.3513472080230713,0
311,385,0.673090398311615,0
311,664,0.6238670945167542,0
311,1173,0.9503118991851807,0
311,806,0.7230265140533447,0
311,1559,1.868622899055481,0
311,813,0.6878593564033508,0
311,815,0.6628419160842896,0
1034,250,0.7568461894989014,1
1034,457,0.6617926359176636,0
1034,1344,0.6454059481620789,0
1034,1085,0.3676314949989319,0
1034,455,1.5734009742736816,0
1034,1781,0.6317536234855652,0
1034,1674,0.36715638637542725,0
1034,760,1.8802506923675537,0
1034,209,0.3294396996498108,0
1034,399,0.6553041338920593,0
1034,511,1.6533912420272827,0
1034,430,0.624660849571228,0
1034,639,1.2988871335983276,0
1034,462,1.0099024772644043,0
1034,188,0.9479857683181763,0
1034,417,1.61473548412323,0
1034,1801,0.6212655305862427,0
1034,917,0.714984655380249,0
1034,856,0.6435736417770386,0
1034,517,0.6539486050605774,0
43,1399,1.0934993028640747,1
43,315,0.5522570013999939,0
43,1031,0.5157703757286072,0
43,2003,0.37913137674331665,0
43,465,0.32433003187179565,0
43,689,0.7351406216621399,0
43,1445,1.2170188426971436,0
43,1570,0.5375733375549316,0
43,1688,0.39183706045150757,0
43,1095,0.5122365951538086,0
43,757,0.5252653956413269,0
43,261,0.5231520533561707,0
43,1428,0.5293545722961426,0
43,896,0.5738480687141418,0
43,1018,0.3661874532699585,0
43,562,0.5818461179733276,0
43,664,0.5147374868392944,0
43,86,0.7552803754806519,0
43,48,0.54216468334198,0
43,604,0.3492324650287628,0
3932,646,0.4123150706291199,1
3932,877,0.6016416549682617,0
3932,398,1.3637375831604004,0
3932,464,0.6904743909835815,0
3932,1936,2.0592479705810547,0
3932,1143,0.39024224877357483,0
3932,766,0.41601261496543884,0
3932,215,0.6202934980392456,0
3932,1456,1.2202143669128418,0
3932,1168,0.9123380184173584,0
3932,853,0.6404944062232971,0
3932,1693,1.146061658859253,0
3932,1657,0.607629120349884,0
3932,897,0.3716570734977722,0
3932,74,1.2310469150543213,0
3932,1637,0.6341673135757446,0
3932,1062,0.6333736181259155,0
3932,837,1.143284797668457,0
3932,1821,0.9316724538803101,0
3932,1889,0.6159216165542603,0
739,1111,0.343456506729126,1
739,153,1.1608766317367554,0
739,1369,0.7440496683120728,0
739,1211,0.5776512622833252,0
739,1433,0.794264554977417,0
739,879,0.5564921498298645,0
739,554,0.3575529158115387,0
739,288,0.5892494916915894,0
739,1261,0.5382547378540039,0
739,1429,0.33073535561561584,0
739,1167,0.549140453338623,0
739,752,0.5592495203018188,0
739,905,0.33160701394081116,0
739,529,1.252158761024475,0
739,685,0.5319894552230835,0
739,67,0.8513035774230957,0
739,1219,0.5710544586181641,0
739,1664,1.5671212673187256,0
739,712,0.5235588550567627,0
739,532,0.5937382578849792,0
1037,1714,0.9263887405395508,1
1037,1101,0.6031959652900696,0
1037,788,0.6228381991386414,0
1037,1997,0.6089176535606384,0
1037,1338,0.5613569021224976,0
1037,78,1.20989191532135,0
1037,740,0.372855007648468,0
1037,501,0.8846286535263062,0
1037,816,0.8937227725982666,0
1037,1464,0.5987664461135864,0
1037,1023,1.217578411102295,0
1037,730,0.6048072576522827,0
1037,1773,0.6402553915977478,0
1037,324,0.3688356876373291,0
1037,1250,0.8706297278404236,0
1037,117,1.2020224332809448,0
1037,81,0.6576141715049744,0
1037,1234,0.5484718680381775,0
1037,995,1.8529083728790283,0
1037,1104,1.6839020252227783,0
672,644,0.338051974773407,1
672,1885,0.5392150282859802,0
672,338,0.5153444409370422,0
672,877,0.5006104111671448,0
672,917,0.5871533155441284,0
672,907,0.5124085545539856,0
672,1052,0.3375987708568573,0
672,1905,0.7976752519607544,0
672,1297,0.5290982127189636,0
672,1227,0.497191458940506,0
672,1027,0.5222206115722656,0
672,1330,0.3688073754310608,0
672,1948,0.7846863865852356,0
672,1360,0.5485492944717407,0
672,814,0.5226359963417053,0
672,1387,0.3349252939224243,0
672,731,0.5195953845977783,0
672,497,0.5719785094261169,0
672,1613,0.33608174324035645,0
672,1657,0.5127034187316895,0
3379,1875,0.3754681646823883,1
3379,1135,0.6658926606178284,0
3379,300,0.4126453697681427,0
3379,1227,0.6151915192604065,0
3379,87,0.3974015414714813,0
3379,1346,0.6172358989715576,0
3379,692,0.724899172782898,0
3379,1553,0.6791773438453674,0
3379,1260,0.7400427460670471,0
3379,74,1.2271850109100342,0
3379,1015,0.6647260189056396,0
3379,1772,0.6679656505584717,0
3379,69,0.33301836252212524,0
3379,1652,0.639581024646759,0
3379,1793,0.3730132579803467,0
3379,189,0.6320134401321411,0
3379,1712,1.2777806520462036,0
3379,1308,0.38541626930236816,0
3379,1006,1.7812739610671997,0
3379,109,0.38861051201820374,0
1228,1516,2.0158321857452393,1
1228,1279,0.6206194758415222,0
1228,1420,0.6259449124336243,0
1228,587,0.3752557337284088,0
1228,871,0.6894844174385071,0
1228,1335,0.6018315553665161,0
1228,791,0.6309512853622437,0
1228,1330,0.3797747790813446,0
1228,1223,0.3282334506511688,0
1228,1641,1.4182376861572266,0
1228,462,1.0189660787582397,0
1228,1657,0.6048162579536438,0
1228,1824,0.32330843806266785,0
1228,453,0.6320031881332397,0
1228,728,0.6067357063293457,0
1228,1807,0.6218279004096985,0
1228,1852,0.6903094053268433,0
1228,1935,0.6490052342414856,0
1228,816,0.9207847714424133,0
1228,2055,0.33473068475723267,0
2471,278,0.3898921012878418,1
2471,84,0.6398691534996033,0
2471,942,0.9257621765136719,0
2471,1396,0.8327335715293884,0
2471,1032,0.616366446018219,0
2471,1373,1.4233801364898682,0
2471,2079,0.6437253952026367,0
2471,1534,0.4050379991531372,0
2471,480,0.4072185754776001,0
2471,512,0.6396893262863159,0
2471,693,0.667076051235199,0
2471,1715,0.8704389929771423,0
2471,421,0.4395725727081299,0
2471,1204,0.40003231167793274,0
2471,1084,0.6067097783088684,0
2471,1750,0.6847500205039978,0
2471,1312,1.6100891828536987,0
2471,704,0.6058701872825623,0
2471,1578,1.7725112438201904,0
2471,1205,0.92974853515625,0
622,480,0.34971684217453003,1
622,1823,0.8785659074783325,0
622,1950,0.7628769874572754,0
622,706,0.5923361778259277,0
622,80,0.7349466681480408,0
622,1415,0.5122276544570923,0
622,111,0.5538125038146973,0
622,87,0.35981571674346924,0
622,447,0.7563354969024658,0
622,1724,0.5175053477287292,0
622,1238,0.5425099730491638,0
622,1189,0.5290157794952393,0
622,227,0.36667534708976746,0
622,160,0.527080237865448,0
622,1684,0.5240444540977478,0
622,1201,0.5655112266540527,0
622,991,0.5614789724349976,0
622,1840,0.35300102829933167,0
622,567,1.139699101448059,0
622,510,0.31116747856140137,0
4142,247,0.42127522826194763,1
4142,998,0.6952681541442871,0
4142,605,0.7248958349227905,0
4142,133,0.35148757696151733,0
4142,967,0.6325357556343079,0
4142,930,1.2001583576202393,0
4142,1240,0.6983594298362732,0
4142,899,0.646023690700531,0
4142,1266,0.6543737053871155,0
4142,1729,0.9766519069671631,0
4142,631,0.39663031697273254,0
4142,642,0.6330405473709106,0
4142,48,0.6462042331695557,0
4142,2025,0.6412801742553711,0
4142,92,0.6561812162399292,0
4142,252,0.37379246950149536,0
4142,1653,0.6810512542724609,0
4142,1930,0.6123441457748413,0
4142,1908,0.3683147728443146,0
4142,1942,1.8106566667556763,0
1506,760,1.855464220046997,1
1506,468,0.670282781124115,0
1506,174,0.6530089378356934,0
1506,921,1.4940866231918335,0
1506,89,0.35128694772720337,0
1506,1233,0.3421362042427063,0
1506,13,1.8212896585464478,0
1506,1689,1.798593521118164,0
1506,803,1.2949740886688232,0
1506,46,0.34793299436569214,0
1506,1206,0.37061944603919983,0
1506,1647,0.37917864322662354,0
1506,1102,0.6371593475341797,0
1506,510,0.3119540214538574,0
1506,2017,0.6516438126564026,0
1506,896,0.6926373839378357,0
1506,415,0.6608096957206726,0
1506,2041,0.6608977317810059,0
1506,528,0.6047874689102173,0
1506,14,0.9156097173690796,0
362,1767,0.37873703241348267,1
362,1378,0.6928471326828003,0
362,1536,1.7094037532806396,0
362,1850,0.6302273273468018,0
362,157,0.617996335029602,0
362,2066,0.6472893357276917,0
362,1161,0.4038960933685303,0
362,133,0.357989639043808,0
362,686,0.626616358757019,0
362,518,0.659359872341156,0
362,1238,0.6699540615081787,0
362,1231,1.2354849576950073,0
362,1856,0.673496425151825,0
362,885,0.6748624444007874,0
362,1549,1.1254894733428955,0
362,817,0.37539976835250854,0
362,1207,0.6371220350265503,0
362,953,0.8913151621818542,0
362,1079,0.7150867581367493,0
362,1321,0.6341813206672668,0
768,905,0.3350669741630554,1
768,1139,0.6617478132247925,0
768,1346,0.6148049831390381,0
768,140,0.6733781099319458,0
768,1663,1.6963497400283813,0
768,180,0.6423521041870117,0
768,576,0.6800387501716614,0
768,1640,0.9825264811515808,0
768,1623,0.6102926135063171,0
768,1359,1.5388219356536865,0
768,1842,0.9298521876335144,0
768,639,1.3328062295913696,0
768,1133,0.6596494317054749,0
768,43,0.3601682782173157,0
768,808,0.8809967637062073,0
768,16,0.3737196922302246,0
768,1151,0.6587605476379395,0
768,1088,1.1905969381332397,0
768,535,0.6121038198471069,0
768,1022,0.692680299282074,0
2293,799,0.6705730557441711,1
2293,1148,0.5973588824272156,0
2293,46,0.362230509519577,0
2293,221,0.6519827842712402,0
2293,1591,0.6203976273536682,0
2293,1911,0.8340513706207275,0
2293,1919,0.6214947700500488,0
2293,1216,0.6297652721405029,0
2293,1844,2.723684310913086,0
2293,1839,0.6457985043525696,0
2293,1191,0.3736364245414734,0
2293,1725,0.9036412239074707,0
2293,291,0.6308696866035461,0
2293,744,0.5939511656761169,0
2293,1166,0.6358398795127869,0
2293,1743,0.6289092302322388,0
2293,1807,0.6194344758987427,0
2293,429,0.3771791458129883,0
2293,381,0.6019325852394104,0
2293,795,0.6794512271881104,0
457,552,1.2630966901779175,1
457,1532,1.40721595287323,0
457,1912,0.6386362910270691,0
457,1547,1.5884895324707031,0
457,406,0.6436559557914734,0
457,404,0.6098611354827881,0
457,1106,0.6224459409713745,0
457,1143,0.3675868809223175,0
457,73,0.6283472180366516,0
457,1597,1.1135371923446655,0
457,1845,0.9288240075111389,0
457,869,0.6647127270698547,0
457,1240,0.7032210230827332,0
457,858,0.6587378978729248,0
457,1879,0.621364951133728,0
457,79,0.9932547807693481,0
457,799,0.6776198148727417,0
457,207,0.6652134656906128,0
457,1891,0.9971858859062195,0
457,1500,0.9217531681060791,0
455,1719,0.7796224355697632,1
455,235,1.3122758865356445,0
455,530,0.7143781185150146,0
455,175,0.6030925512313843,0
455,701,0.3443278968334198,0
455,130,0.5611699223518372,0
455,770,0.3758454918861389,0
455,1065,0.7506852149963379,0
455,1059,0.3913130760192871,0
455,1240,0.5798681378364563,0
455,400,0.363018661737442,0
455,828,0.5743800401687622,0
455,1503,0.3366900086402893,0
455,546,0.5289382934570312,0
455,1819,0.5461980104446411,0
455,128,0.3364063501358032,0
455,1879,0.541382908821106,0
455,996,0.7699136137962341,0
455,1109,0.5126502513885498,0
455,779,0.5198996663093567,0
1994,1869,0.6415168642997742,1
1994,1570,0.6403428316116333,0
1994,1937,0.631303608417511,0
1994,83,0.6357100605964661,0
1994,1255,1.2648296356201172,0
1994,637,1.7174153327941895,0
1994,1167,0.6524620056152344,0
1994,1745,0.3601228594779968,0
1994,29,0.3628530502319336,0
1994,1691,0.6636428236961365,0
1994,1435,0.6227982640266418,0
1994,1882,0.3539382219314575,0
1994,49,1.6799248456954956,0
1994,310,0.6912916302680969,0
1994,1291,0.659056544303894,0
1994,850,1.4809386730194092,0
1994,899,0.6308677196502686,0
1994,1689,1.7917015552520752,0
1994,1794,0.35676777362823486,0
1994,1114,0.861770749092102,0
3102,2059,0.30212655663490295,1
3102,179,0.9619553089141846,0
3102,1370,0.9095553755760193,0
3102,1825,1.1322662830352783,0
3102,1013,0.9736443758010864,0
3102,1815,0.348470538854599,0
3102,1890,0.6538870334625244,0
3102,169,0.3747634291648865,0
3102,1869,0.646364688873291,0
3102,11,0.3513560891151428,0
3102,1308,0.3479735851287842,0
3102,1829,4.18872594833374,0
3102,1257,1.5006757974624634,0
3102,905,0.3286741375923157,0
3102,609,0.3372049927711487,0
3102,1579,0.9669145345687866,0
3102,1493,0.989811360836029,0
3102,1056,0.6831505298614502,0
3102,272,0.6145219802856445,0
3102,1880,0.6812105178833008,0
3486,2068,2.024130344390869,1
3486,2060,0.9979859590530396,0
3486,815,0.6926364898681641,0
3486,677,0.3515113294124603,0
3486,1388,0.9585757255554199,0
3486,536,0.6719784140586853,0
3486,1470,0.6458228826522827,0
3486,1032,0.6400915384292603,0
3486,1999,1.263737440109253,0
3486,1642,1.651220679283142,0
3486,1537,0.3459842801094055,0
3486,385,0.6816883087158203,0
3486,1799,1.0079213380813599,0
3486,1329,0.9536669254302979,0
3486,1577,0.7098694443702698,0
3486,1602,0.6406458020210266,0
3486,371,0.3547644019126892,0
3486,1779,0.6945767998695374,0
3486,121,0.6879649758338928,0
3486,568,0.6481822729110718,0
1212,1322,0.9289541244506836,1
1212,1128,0.3550858497619629,0
1212,900,0.6290701031684875,0
1212,587,0.37909871339797974,0
1212,980,2.0510094165802,0
1212,636,0.6048269271850586,0
1212,1795,1.221009373664856,0
1212,359,0.6664417386054993,0
1212,193,1.171210527420044,0
1212,1296,0.39234936237335205,0
1212,1353,0.6852913498878479,0
1212,739,0.6728799939155579,0
1212,2058,0.7054423689842224,0
1212,410,1.0305103063583374,0
1212,1069,0.3459146320819855,0
1212,833,0.6454018950462341,0
1212,1118,0.3700091540813446,0
1212,378,0.36115753650665283,0
1212,1537,0.36139944195747375,0
1212,648,0.8915905952453613,0
2039,1180,0.8467445969581604,1
2039,57,0.5606662631034851,0
2039,859,0.5556482076644897,0
2039,1831,0.5752385258674622,0
2039,2074,0.3816511332988739,0
2039,1495,0.5281014442443848,0
2039,923,2.119499921798706,0
2039,977,0.7363016605377197,0
2039,567,1.1914547681808472,0
2039,1178,0.9887043237686157,0
2039,723,0.3517982065677643,0
2039,526,0.5871802568435669,0
2039,1708,0.7180386185646057,0
2039,770,0.38098281621932983,0
2039,1451,0.764988362789154,0
2039,706,0.6352236866950989,0
2039,578,0.5743110179901123,0
2039,1719,0.812721312046051,0
2039,1592,0.5532748699188232,0
2039,1401,0.5509138107299805,0
2444,1398,0.6485521793365479,1
2444,1712,1.2549000978469849,0
2444,560,0.6936204433441162,0
2444,976,1.1205251216888428,0
2444,2049,0.6439136266708374,0
2444,1685,0.40178847312927246,0
2444,1125,0.7127974033355713,0
2444,1653,0.6965968608856201,0
2444,1757,2.1785528659820557,0
2444,734,0.6322893500328064,0
2444,1025,0.5883809924125671,0
2444,59,0.9405332803726196,0
2444,1339,1.0106630325317383,0
2444,896,0.7028118968009949,0
2444,519,0.64998459815979,0
2444,179,0.9342908263206482,0
2444,709,0.6188201904296875,0
2444,372,0.3478863537311554,0
2444,1798,0.6631431579589844,0
2444,394,0.6358699202537537,0
137,766,0.37144768238067627,1
137,72,0.5997940301895142,0
137,1788,0.5697917938232422,0
137,437,0.723853588104248,0
137,31,0.6026044487953186,0
137,1927,0.8617224097251892,0
137,1327,0.8178471922874451,0
137,404,0.5277813076972961,0
137,116,0.3614879250526428,0
137,200,0.6080917716026306,0
137,609,0.3361857533454895,0
137,1711,0.5148622393608093,0
137,1040,0.31836286187171936,0
137,722,0.573466420173645,0
137,899,0.5618385076522827,0
137,403,0.5839605331420898,0
137,635,0.5716295838356018,0
137,1679,0.5527960062026978,0
137,1476,0.7409176826477051,0
137,876,0.5729926824569702,0
3719,1630,0.8810931444168091,1
3719,729,0.3555123805999756,0
3719,1035,0.8542954325675964,0
3719,1347,1.00405752658844,0
3719,946,0.8769106268882751,0
3719,1416,0.89472895860672,0
3719,1262,0.6346836090087891,0
3719,281,0.3275666832923889,0
3719,922,0.590031623840332,0
3719,359,0.6315658092498779,0
3719,1865,0.6224198341369629,0
3719,146,0.8443248271942139,0
3719,822,0.6124834418296814,0
3719,1411,0.6173046827316284,0
3719,1358,0.5697221755981445,0
3719,1327,0.8719609975814819,0
3719,695,0.6180937886238098,0
3719,1544,0.6327857375144958,0
3719,701,0.34499138593673706,0
3719,1912,0.6148223280906677,0
337,27,0.5790326595306396,1
337,817,0.3498786389827728,0
337,1071,0.5316221117973328,0
337,1967,0.3731842041015625,0
337,1351,0.7440226078033447,0
337,1853,1.1955592632293701,0
337,1210,0.8342686891555786,0
337,1187,0.5379496812820435,0
337,2042,0.36114269495010376,0
337,1404,0.566437304019928,0
337,1639,0.5356865525245667,0
337,886,0.568777322769165,0
337,1253,0.5751370787620544,0
337,869,0.5656650066375732,0
337,197,0.5904753804206848,0
337,2055,0.3447021543979645,0
337,1954,0.36514168977737427,0
337,1207,0.5646876096725464,0
337,1861,0.5621696710586548,0
337,1526,0.519145131111145,0
3958,109,0.3503788709640503,1
3958,953,0.8691731691360474,0
3958,900,0.6159114837646484,0
3958,1965,0.8371925354003906,0
3958,499,0.5980188250541687,0
3958,1602,0.6288981437683105,0
3958,428,0.6330076456069946,0
3958,2055,0.3321361541748047,0
3958,1695,0.3611019253730774,0
3958,1263,0.6560378074645996,0
3958,1726,0.6223975419998169,0
3958,1599,0.32912713289260864,0
3958,1023,1.2900664806365967,0
3958,929,0.6191884875297546,0
3958,1730,0.8974856734275818,0
3958,2023,0.7153208255767822,0
3958,429,0.35113847255706787,0
3958,1617,1.1962116956710815,0
3958,1020,1.1308465003967285,0
3958,2067,0.6335316896438599,0
4086,1204,0.31291452050209045,1
4086,298,0.6539825797080994,0
4086,1491,0.6417630314826965,0
4086,1457,0.9269657731056213,0
4086,437,0.901458203792572,0
4086,276,0.6393238306045532,0
4086,1254,0.647951602935791,0
4086,761,0.6276999711990356,0
4086,1067,0.9420568943023682,0
4086,2050,0.9450672268867493,0
4086,984,0.657013475894928,0
4086,192,0.6242693662643433,0
4086,1904,0.8595462441444397,0
4086,986,1.0448896884918213,0
4086,911,0.6556501388549805,0
4086,608,0.5780339241027832,0
4086,1146,0.6364406943321228,0
4086,1910,0.31015944480895996,0
4086,1664,2.253462076187134,0
4086,1033,0.6509888768196106,0
3537,1085,0.3347831070423126,1
3537,545,0.6217617392539978,0
3537,2019,0.6448519229888916,0
3537,1265,0.6324175596237183,0
3537,1846,1.4455928802490234,0
3537,1655,0.6504443287849426,0
3537,1418,0.6438273191452026,0
3537,1125,0.6837129592895508,0
3537,576,0.6702625751495361,0
3537,2077,0.6964830160140991,0
3537,698,0.6412511467933655,0
3537,1876,3.8212432861328125,0
3537,1968,0.6026127934455872,0
3537,1808,1.2104942798614502,0
3537,381,0.5721273422241211,0
3537,823,1.1694658994674683,0
3537,1475,0.6468178033828735,0
3537,564,0.6525948643684387,0
3537,1993,0.3449523150920868,0
3537,252,0.33071428537368774,0
90,1006,1.30988347530365,1
90,1759,0.6598425507545471,0
90,2005,0.5865737199783325,0
90,1059,0.46980077028274536,0
90,1930,0.5943403840065002,0
90,1194,0.6206607222557068,0
90,1330,0.4626438319683075,0
90,105,0.8613979816436768,0
90,1822,1.3613063097000122,0
90,20,0.793120801448822,0
90,287,0.7782021164894104,0
90,919,1.029833197593689,0
90,2020,0.5787209272384644,0
90,1856,0.6546569466590881,0
90,154,0.6228231191635132,0
90,1607,0.8665792346000671,0
90,1472,1.0161598920822144,0
90,1307,0.6116500496864319,0
90,87,0.4431714415550232,0
90,1851,0.6506925225257874,0
2134,1403,0.5481039881706238,1
2134,634,0.357204407453537,0
2134,1707,0.968034565448761,0
2134,525,0.6384671330451965,0
2134,748,0.6208197474479675,0
2134,278,0.3309229016304016,0
2134,826,0.6255804896354675,0
2134,1587,0.33755600452423096,0
2134,1021,1.105656385421753,0
2134,1785,0.5849118828773499,0
2134,1382,0.6199446320533752,0
2134,747,0.641488254070282,0
2134,548,0.6115007400512695,0
2134,1664,1.9595171213150024,0
2134,1852,0.6588060259819031,0
2134,391,0.3424054980278015,0
2134,982,0.3518436849117279,0
2134,811,0.565011739730835,0
2134,633,1.2121765613555908,0
2134,393,0.6909762024879456,0
2432,624,2.208881378173828,1
2432,1327,0.9874988794326782,0
2432,335,1.3347135782241821,0
2432,1505,0.3705402612686157,0
2432,416,0.6909828782081604,0
2432,762,0.8785036206245422,0
2432,62,0.3399627208709717,0
2432,21,0.38828033208847046,0
2432,1992,0.6740369200706482,0
2432,348,0.6630136370658875,0
2432,568,0.629603922367096,0
2432,646,0.3771424889564514,0
2432,1652,0.6386208534240723,0
2432,606,0.6706966161727905,0
2432,1271,0.7136735320091248,0
2432,1047,0.35871875286102295,0
2432,669,0.6311030983924866,0
2432,1203,0.9432708024978638,0
2432,1332,0.959397554397583,0
2432,1364,0.9412338137626648,0
391,1397,1.08134126663208,1
391,1281,0.3730071187019348,0
391,432,0.7229486107826233,0
391,237,1.6090967655181885,0
391,591,0.6635924577713013,0
391,847,1.041463017463684,0
391,1544,0.7110894322395325,0
391,816,0.9659838080406189,0
391,480,0.3670594394207001,0
391,1521,1.5383363962173462,0
391,2002,0.6585035920143127,0
391,1248,0.99756920337677,0
391,581,0.6755690574645996,0
391,159,1.6257944107055664,0
391,1625,0.39630842208862305,0
391,775,0.3752461075782776,0
391,1408,0.615261435508728,0
391,1498,0.6450297236442566,0
391,750,0.6021719574928284,0
391,250,0.7798513770103455,0
1313,980,1.4420053958892822,1
1313,1396,0.7030004858970642,0
1313,1914,0.6866764426231384,0
1313,121,0.5612208247184753,0
1313,881,0.5361027121543884,0
1313,1234,0.4822934567928314,0
1313,2002,0.5106784105300903,0
1313,1494,0.683525800704956,0
1313,1510,0.5488146543502808,0
1313,1669,1.0993419885635376,0
1313,942,0.7383521795272827,0
1313,210,0.6862053275108337,0
1313,615,0.3679579794406891,0
1313,151,1.4991375207901,0
1313,1785,0.514706015586853,0
1313,946,0.7323408722877502,0
1313,342,0.5355507135391235,0
1313,2026,0.7436920404434204,0
1313,321,0.5356982350349426,0
1313,71,0.9222235083580017,0
1341,1728,0.9673093557357788,1
1341,1255,0.9803444147109985,0
1341,1385,0.8159818649291992,0
1341,958,1.227112054824829,0
1341,1846,1.1293531656265259,0
1341,621,0.9999685883522034,0
1341,895,0.6137131452560425,0
1341,752,0.5564628839492798,0
1341,670,0.5528561472892761,0
1341,993,0.7266407012939453,0
1341,1906,0.3563651144504547,0
1341,612,0.3682330548763275,0
1341,51,0.3589327931404114,0
1341,1617,0.9648938179016113,0
1341,582,0.5733352303504944,0
1341,2007,0.3517678678035736,0
1341,382,0.3831060230731964,0
1341,1011,1.087852954864502,0
1341,361,0.5670843124389648,0
1341,429,0.3648226857185364,0
3177,138,0.44767045974731445,1
3177,1917,1.6396143436431885,0
3177,246,0.6379299163818359,0
3177,209,0.37187623977661133,0
3177,1382,0.6037747859954834,0
3177,433,1.133033275604248,0
3177,65,0.6505810618400574,0
3177,1128,0.39558911323547363,0
3177,652,0.8822482824325562,0
3177,315,0.6327231526374817,0
3177,725,0.4305655360221863,0
3177,1139,0.6291888952255249,0
3177,335,1.0770056247711182,0
3177,1302,0.8267184495925903,0
3177,534,0.6127179861068726,0
3177,1378,0.6332930326461792,0
3177,859,0.6299528479576111,0
3177,22,0.5951322317123413,0
3177,1912,0.6052055358886719,0
3177,1998,0.5513342618942261,0
3299,183,0.6544540524482727,1
3299,1307,0.7110831141471863,0
3299,1535,1.4112006425857544,0
3299,1983,1.111385464668274,0
3299,1635,0.3848471939563751,0
3299,1106,0.6400631666183472,0
3299,978,1.2529202699661255,0
3299,1304,0.7474146485328674,0
3299,1513,1.3008663654327393,0
3299,2022,0.432096928358078,0
3299,477,0.67930668592453,0
3299,303,0.7000422477722168,0
3299,1161,0.41162922978401184,0
3299,1366,0.672714114189148,0
3299,3,0.6165425181388855,0
3299,1545,1.2263004779815674,0
3299,2005,0.6327505111694336,0
3299,1328,0.7232790589332581,0
3299,1220,0.6965945363044739,0
3299,1240,0.7294718027114868,0
1472,614,0.6482717394828796,1
1472,1037,0.7189322710037231,0
1472,413,0.6282020807266235,0
1472,1659,0.6841307282447815,0
1472,1406,0.39415615797042847,0
1472,520,0.7007127404212952,0
1472,1690,0.6615055203437805,0
1472,658,1.010758876800537,0
1472,1461,0.6590500473976135,0
1472,1809,1.020134449005127,0
1472,1622,0.9621298909187317,0
1472,335,1.358662486076355,0
1472,329,0.38549965620040894,0
1472,1259,0.9954391717910767,0
1472,830,0.6873744130134583,0
1472,1919,0.6455823183059692,0
1472,583,0.7149151563644409,0
1472,779,0.6327834725379944,0
1472,894,0.6887847781181335,0
1472,162,0.6598929166793823,0
2114,1828,1.114628553390503,1
2114,1381,0.9125314950942993,0
2114,1773,0.6712866425514221,0
2114,1686,1.1880367994308472,0
2114,1107,1.2760933637619019,0
2114,341,0.38483601808547974,0
2114,1411,0.6561533808708191,0
2114,1575,0.632220983505249,0
2114,1492,0.7211209535598755,0
2114,2051,1.4991068840026855,0
2114,1695,0.40989869832992554,0
2114,1690,0.6263179779052734,0
2114,1065,0.9395345449447632,0
2114,806,0.7188749313354492,0
2114,1810,0.7277163863182068,0
2114,489,0.40712928771972656,0
2114,1025,0.5973706245422363,0
2114,1885,0.6586184501647949,0
2114,1364,0.9291946887969971,0
2114,512,0.6599565148353577,0
1871,1627,0.7466627955436707,1
1871,156,0.6981147527694702,0
1871,652,1.0291125774383545,0
1871,699,2.2331438064575195,0
1871,1111,0.37388354539871216,0
1871,721,0.6613567471504211,0
1871,1721,1.018579125404358,0
1871,863,1.2103843688964844,0
1871,1081,0.34144431352615356,0
1871,1719,0.9900369048118591,0
1871,1931,0.6983091831207275,0
1871,1545,1.2396836280822754,0
1871,2024,0.6916210055351257,0
1871,836,1.4965592622756958,0
1871,215,0.617744505405426,0
1871,50,0.6526326537132263,0
1871,686,0.6258524656295776,0
1871,193,1.273165225982666,0
1871,2078,0.6524580121040344,0
1871,1321,0.6473879218101501,0
1288,968,0.7314078211784363,1
1288,1931,0.606122612953186,0
1288,655,1.2056663036346436,0
1288,891,0.5950816869735718,0
1288,1081,0.3524656593799591,0
1288,122,1.1272962093353271,0
1288,1792,0.7376154661178589,0
1288,1184,0.7645301818847656,0
1288,1093,0.35277196764945984,0
1288,1447,1.2415680885314941,0
1288,1920,0.5554255843162537,0
1288,492,0.3696884512901306,0
1288,195,0.5593191981315613,0
1288,598,0.7999212145805359,0
1288,886,0.612006425857544,0
1288,675,0.6014569997787476,0
1288,1851,0.6068341135978699,0
1288,1176,0.40456023812294006,0
1288,586,0.786562442779541,0
1288,1965,0.7419567108154297,0
1861,345,4.412968635559082,1
1861,2034,0.9545072913169861,0
1861,1563,0.8821509480476379,0
1861,1422,0.41056495904922485,0
1861,1926,0.66794353723526,0
1861,537,0.7118802070617676,0
1861,1404,0.6546372771263123,0
1861,939,0.402319073677063,0
1861,1053,1.3331905603408813,0
1861,1754,0.39357057213783264,0
1861,1518,1.6658756732940674,0
1861,2050,0.909584105014801,0
1861,181,0.6961528062820435,0
1861,195,0.6615156531333923,0
1861,331,0.4278227686882019,0
1861,8,0.7296038269996643,0
1861,328,1.240022897720337,0
1861,103,1.777976632118225,0
1861,1415,0.6455154418945312,0
1861,1896,0.6933414340019226,0
689,339,0.5155410170555115,1
689,890,0.5834681391716003,0
689,1585,0.3427092730998993,0
689,707,0.3531227707862854,0
689,134,0.4808650016784668,0
689,197,0.5630844831466675,0
689,1850,0.5207818150520325,0
689,633,0.9891220927238464,0
689,943,0.49526888132095337,0
689,549,0.5431851148605347,0
689,1225,0.3099116086959839,0
689,1938,0.31652510166168213,0
689,1531,0.3514010012149811,0
689,1731,0.5679700374603271,0
689,1332,0.7696483135223389,0
689,792,0.7482600212097168,0
689,1838,0.5460802912712097,0
689,591,0.5445014238357544,0
689,1452,0.3665643036365509,0
689,1751,0.35480958223342896,0
961,1476,0.7046915292739868,1
961,1324,0.35440772771835327,0
961,1999,0.9393475651741028,0
961,540,0.8030146360397339,0
961,1,0.5755637288093567,0
961,878,0.3501873314380646,0
961,418,0.5416731834411621,0
961,1438,0.36055076122283936,0
961,1663,1.2170720100402832,0
961,1860,1.091784119606018,0
961,1855,0.5894246101379395,0
961,1986,2.438599109649658,0
961,1274,0.5980268120765686,0
961,1994,0.5809173583984375,0
961,809,0.5179192423820496,0
961,393,0.6190894842147827,0
961,952,0.6147437691688538,0
961,1396,0.7318146824836731,0
961,1051,0.5778552889823914,0
961,461,0.7642562985420227,0
36,1172,0.4028809070587158,1
36,861,1.6031838655471802,0
36,1070,0.6628158688545227,0
36,1993,0.3520720303058624,0
36,776,0.3577330708503723,0
36,620,0.37166261672973633,0
36,1025,0.5682081580162048,0
36,92,0.6539146900177002,0
36,1586,0.8768176436424255,0
36,619,0.6516099572181702,0
36,87,0.3783368468284607,0
36,1717,0.316704660654068,0
36,167,0.6364107728004456,0
36,953,0.9179805517196655,0
36,1391,0.6923006176948547,0
36,24,0.6155092120170593,0
36,1464,0.6261062026023865,0
36,1338,0.5665382742881775,0
36,994,0.3840329647064209,0
36,587,0.36119407415390015,0
290,174,0.6810118556022644,1
290,878,0.35270169377326965,0
290,1714,1.0393415689468384,0
290,1981,0.9931882619857788,0
290,758,0.6954270005226135,0
290,409,0.6701324582099915,0
290,1988,0.36770620942115784,0
290,1236,0.9777109026908875,0
290,424,0.721384584903717,0
290,94,0.9331194758415222,0
290,952,0.7109163403511047,0
290,755,1.0041906833648682,0
290,2037,0.9598104357719421,0
290,231,1.4181082248687744,0
290,1601,0.7191422581672668,0
290,770,0.37738901376724243,0
290,1097,0.680118203163147,0
290,1810,0.7423760890960693,0
290,429,0.36890262365341187,0
290,1244,0.7023881673812866,0
1559,805,1.6342658996582031,1
1559,279,0.6233271360397339,0
1559,761,0.6429171562194824,0
1559,1941,0.6752485632896423,0
1559,788,0.6552331447601318,0
1559,1441,0.6791942715644836,0
1559,1684,0.6560498476028442,0
1559,1164,0.930453896522522,0
1559,1933,0.5981840491294861,0
1559,1841,0.39117953181266785,0
1559,2041,0.6738434433937073,0
1559,1750,0.7152240872383118,0
1559,1779,0.6857709884643555,0
1559,1829,3.83096981048584,0
1559,1182,0.9836418032646179,0
1559,327,0.36449259519577026,0
1559,1926,0.6474536061286926,0
1559,1024,0.6135467886924744,0
1559,1489,0.6588512659072876,0
1559,140,0.673235297203064,0
3192,638,0.6161081194877625,1
3192,1852,0.6869641542434692,0
3192,895,0.6905017495155334,0
3192,1999,1.2520686388015747,0
3192,1795,1.2366243600845337,0
3192,1566,0.6156611442565918,0
3192,1588,0.38831526041030884,0
3192,1807,0.6382874846458435,0
3192,950,0.33810916543006897,0
3192,548,0.6365228295326233,0
3192,2062,6.129411220550537,0
3192,1600,0.6477176547050476,0
3192,1688,0.3915010988712311,0
3192,325,1.3213353157043457,0
3192,1517,0.5778157114982605,0
3192,1762,1.6007143259048462,0
3192,1317,0.6460050940513611,0
3192,1656,0.3268483579158783,0
3192,2024,0.6782158017158508,0
3192,1012,0.3678547441959381,0
1198,989,1.1609480381011963,1
1198,618,0.5953496098518372,0
1198,1510,0.584398627281189,0
1198,851,0.5419551730155945,0
1198,2019,0.5621852874755859,0
1198,2025,0.5580787658691406,0
1198,2066,0.5575816035270691,0
1198,1612,0.5923577547073364,0
1198,1755,0.5429926514625549,0
1198,1440,0.5649198293685913,0
1198,60,0.6070695519447327,0
1198,1116,0.5398901700973511,0
1198,805,1.3121647834777832,0
1198,612,0.3666987419128418,0
1198,70,0.5318769216537476,0
1198,1496,0.5753951668739319,0
1198,325,0.9973432421684265,0
1198,672,0.3452804684638977,0
1198,1670,0.574612021446228,0
1198,1055,0.7947654128074646,0
2023,445,0.6598050594329834,1
2023,1150,1.5438508987426758,0
2023,325,1.320142388343811,0
2023,456,0.6998913288116455,0
2023,2002,0.6247047185897827,0
2023,700,1.8975833654403687,0
2023,1046,0.6673527359962463,0
2023,52,0.6433323621749878,0
2023,11,0.3565784990787506,0
2023,420,0.7337779998779297,0
2023,328,1.301276445388794,0
2023,1449,0.38073527812957764,0
2023,409,0.6410083770751953,0
2023,1208,0.35845625400543213,0
2023,363,0.3714635968208313,0
2023,1968,0.6312621831893921,0
2023,1649,0.6798532605171204,0
2023,1872,0.33901408314704895,0
2023,1420,0.6409069895744324,0
2023,1702,0.6383128762245178,0
1725,1252,0.3821311593055725,1
1725,656,0.3754526376724243,0
1725,1241,0.355243057012558,0
1725,379,0.3791259527206421,0
1725,307,0.6650506854057312,0
1725,811,0.5881461501121521,0
1725,423,0.6751417517662048,0
1725,1253,0.6580635905265808,0
1725,292,0.35648417472839355,0
1725,1895,0.6724608540534973,0
1725,870,0.3952751159667969,0
1725,1677,0.35369762778282166,0
1725,437,0.8554996252059937,0
1725,173,0.9811639785766602,0
1725,863,1.1505889892578125,0
1725,2036,1.5224236249923706,0
1725,1699,0.6738701462745667,0
1725,122,1.4629460573196411,0
1725,1403,0.618558943271637,0
1725,1280,0.6490154266357422,0
1356,417,1.7394769191741943,1
1356,1097,0.676019012928009,0
1356,723,0.3581503629684448,0
1356,1888,0.6533879637718201,0
1356,86,1.0358476638793945,0
1356,1829,4.241130828857422,0
1356,434,0.7256678938865662,0
1356,2077,0.7468109726905823,0
1356,1008,0.7058147192001343,0
1356,1777,1.3043767213821411,0
1356,1547,1.73019540309906,0
1356,1541,0.6847997903823853,0
1356,1538,0.6375823616981506,0
1356,352,0.6766278147697449,0
1356,1615,0.6757729053497314,0
1356,2052,0.6125227212905884,0
1356,1663,1.756062388420105,0
1356,17,0.665473997592926,0
1356,1897,0.6743447780609131,0
1356,1222,0.371543288230896,0
3818,9,0.392630934715271,1
3818,860,0.6683325171470642,0
3818,778,1.5786792039871216,0
3818,1876,4.390976428985596,0
3818,198,0.7053107023239136,0
3818,428,0.6994332075119019,0
3818,1930,0.6674509644508362,0
3818,154,0.6918476819992065,0
3818,534,0.7053788900375366,0
3818,392,0.39685794711112976,0
3818,1318,0.7492687702178955,0
3818,1369,1.005335807800293,0
3818,221,0.7139742970466614,0
3818,511,1.8659781217575073,0
3818,173,1.0740866661071777,0
3818,1873,0.6878392100334167,0
3818,1188,0.7299157381057739,0
3818,1416,1.0750356912612915,0
3818,1619,0.3334588408470154,0
3818,1461,0.7018728256225586,0
4148,439,2.235710859298706,1
4148,100,0.6637284755706787,0
4148,655,1.5877501964569092,0
4148,1651,0.6258884072303772,0
4148,1707,1.0467562675476074,0
4148,1500,0.9501216411590576,0
4148,2054,0.6524630188941956,0
4148,28,0.4049205780029297,0
4148,1725,0.9123005867004395,0
4148,611,0.6839784979820251,0
4148,1126,0.5976943373680115,0
4148,1507,2.7109556198120117,0
4148,1670,0.6564317941665649,0
4148,867,0.643865168094635,0
4148,896,0.7082983255386353,0
4148,1259,0.9533627033233643,0
4148,1880,0.6772884130477905,0
4148,323,0.640859842300415,0
4148,418,0.6346732378005981,0
4148,818,0.9485210180282593,0
4085,1794,0.37804970145225525,1
4085,153,1.165813684463501,0
4085,2039,0.7828263640403748,0
4085,175,0.60466468334198,0
4085,1463,0.7007526755332947,0
4085,506,0.6051185131072998,0
4085,656,0.3525868058204651,0
4085,517,0.5687232613563538,0
4085,1495,0.5536149740219116,0
4085,18,0.5560042858123779,0
4085,600,1.7271111011505127,0
4085,311,0.7969161868095398,0
4085,1879,0.570838451385498,0
4085,2001,0.3813506066799164,0
4085,607,0.5635508894920349,0
4085,201,0.35339194536209106,0
4085,405,0.5551767945289612,0
4085,651,0.8344758749008179,0
4085,1181,0.5807303786277771,0
4085,1793,0.3529336452484131,0
3250,486,0.39280757308006287,1
3250,1516,2.0252747535705566,0
3250,1489,0.665666937828064,0
3250,1317,0.678466260433197,0
3250,1866,0.8986110091209412,0
3250,1732,1.2583959102630615,0
3250,1761,0.6779467463493347,0
3250,1575,0.6520699858665466,0
3250,1168,0.9253196120262146,0
3250,1839,0.6636154055595398,0
3250,2043,0.39212554693222046,0
3250,79,1.0241472721099854,0
3250,118,0.6051672697067261,0
3250,511,1.700201153755188,0
3250,0,0.6708264350891113,0
3250,1222,0.3701159954071045,0
3250,392,0.3918374180793762,0
3250,1302,0.9130787253379822,0
3250,31,0.696295976638794,0
3250,2002,0.6218034029006958,0
714,445,0.5509596467018127,1
714,1003,0.3458864390850067,0
714,504,0.7475072145462036,0
714,1297,0.5293906331062317,0
714,1347,0.8387696743011475,0
714,1991,0.5146992802619934,0
714,1346,0.5103475451469421,0
714,1889,0.532934308052063,0
714,146,0.7222295999526978,0
714,699,1.5274938344955444,0
714,1696,0.5361554026603699,0
714,167,0.5245388746261597,0
714,1073,0.3460971713066101,0
714,94,0.6995798349380493,0
714,1472,0.9149620532989502,0
714,1239,0.5721089243888855,0
714,1494,0.6996644735336304,0
714,852,0.5261504054069519,0
714,452,0.5376492142677307,0
714,821,0.3418772220611572,0
2657,1941,0.6288530230522156,1
2657,649,1.2368770837783813,0
2657,1476,0.8146448135375977,0
2657,410,0.993294894695282,0
2657,1426,0.6620545983314514,0
2657,1163,0.6044681072235107,0
2657,1764,0.6367192268371582,0
2657,1652,0.6007139086723328,0
2657,933,0.6418197154998779,0
2657,791,0.5952597856521606,0
2657,987,0.8318610787391663,0
2657,1646,0.6134272217750549,0
2657,1197,0.6068239212036133,0
2657,728,0.5780640244483948,0
2657,479,0.5838190317153931,0
2657,1103,0.35742104053497314,0
2657,1399,1.4795153141021729,0
2657,1915,0.6193544864654541,0
2657,1863,0.3239171802997589,0
2657,736,0.5898403525352478,0
1534,1387,0.4005449712276459,1
1534,1833,0.6440156102180481,0
1534,1694,1.8859790563583374,0
1534,90,0.9122214317321777,0
1534,922,0.6625224947929382,0
1534,1805,0.6605338454246521,0
1534,1072,0.601925790309906,0
1534,259,0.7452799081802368,0
1534,689,1.0066925287246704,0
1534,705,0.3979458212852478,0
1534,1640,1.0093994140625,0
1534,1568,0.4058951735496521,0
1534,2005,0.6403415203094482,0
1534,1671,2.688962936401367,0
1534,1338,0.6119773983955383,0
1534,342,0.6953445672988892,0
1534,94,0.9343973398208618,0
1534,1924,0.3326765298843384,0
1534,1460,0.6136355996131897,0
1534,1129,0.34576645493507385,0
1705,10,1.6111881732940674,1
1705,1640,0.9394768476486206,0
1705,1878,0.9549806118011475,0
1705,2019,0.6491490006446838,0
1705,492,0.3463629186153412,0
1705,36,0.6793205142021179,0
1705,503,0.6394294500350952,0
1705,540,0.9296131730079651,0
1705,395,0.9042001366615295,0
1705,3,0.5875526070594788,0
1705,939,0.3514784574508667,0
1705,720,0.9097593426704407,0
1705,859,0.6311525106430054,0
1705,314,0.37392720580101013,0
1705,865,0.6201662421226501,0
1705,1353,0.7047430872917175,0
1705,1202,0.5967994928359985,0
1705,1348,0.9691005349159241,0
1705,234,0.8808996081352234,0
1705,1349,0.6200287938117981,0
3058,53,0.34362122416496277,1
3058,1972,1.3888157606124878,0
3058,502,0.7093014121055603,0
3058,1551,0.6717755794525146,0
3058,1356,0.667441725730896,0
3058,598,1.0111684799194336,0
3058,2035,0.6682968735694885,0
3058,1630,0.9498066902160645,0
3058,816,0.9167907238006592,0
3058,1598,0.62457275390625,0
3058,1544,0.6748744249343872,0
3058,1825,1.0989978313446045,0
3058,1565,0.6794079542160034,0
3058,933,0.6559413075447083,0
3058,529,1.5970526933670044,0
3058,1798,0.6497117877006531,0
3058,1387,0.3726922571659088,0
3058,1345,0.36966249346733093,0
3058,129,0.3645394444465637,0
3058,1070,0.6755746603012085,0
3426,376,0.3551486134529114,1
3426,1762,1.6867929697036743,0
3426,227,0.36253100633621216,0
3426,1,0.696592390537262,0
3426,1764,0.6883015632629395,0
3426,1893,0.6407391428947449,0
3426,41,1.071829915046692,0
3426,1452,0.3605583906173706,0
3426,1275,0.37105032801628113,0
3426,1612,0.6875749230384827,0
3426,1474,0.9597769975662231,0
3426,1495,0.6327498555183411,0
3426,744,0.6211821436882019,0
3426,425,0.336728036403656,0
3426,284,0.70353764295578,0
3426,593,0.36095714569091797,0
3426,1696,0.6337505578994751,0
3426,1279,0.6242185235023499,0
3426,984,0.6696049571037292,0
3426,1714,0.9856990575790405,0
2901,1716,0.35499119758605957,1
2901,1791,0.37866994738578796,0
2901,1049,0.6811966896057129,0
2901,169,0.3969269096851349,0
2901,1569,0.3671170175075531,0
2901,1726,0.6454209089279175,0
2901,793,0.3683614730834961,0
2901,1393,1.9881470203399658,0
2901,995,2.081587076187134,0
2901,998,0.712820291519165,0
2901,1433,0.9967826008796692,0
2901,1237,0.4044472575187683,0
2901,1339,1.0694047212600708,0
2901,701,0.35159415006637573,0
2901,198,0.645322859287262,0
2901,1447,1.678845763206482,0
2901,1717,0.33798617124557495,0
2901,1979,0.6692597270011902,0
2901,1070,0.68392014503479,0
2901,1819,0.6422415375709534,0
113,737,0.32931917905807495,1
113,1524,0.6052220463752747,0
113,749,0.5639821887016296,0
113,482,1.0378302335739136,0
113,592,0.5649616122245789,0
113,797,0.37362539768218994,0
113,483,1.6237833499908447,0
113,1568,0.3971203863620758,0
113,1986,2.549701452255249,0
113,951,0.35919684171676636,0
113,1836,0.7522038817405701,0
113,719,1.4449793100357056,0
113,196,0.3631223440170288,0
113,1474,0.7408258318901062,0
113,2001,0.37189599871635437,0
113,1022,0.5907056331634521,0
113,703,0.5469769239425659,0
113,902,0.3548951745033264,0
113,1374,0.3773270845413208,0
113,1737,0.3437448740005493,0
1675,345,4.265228271484375,1
1675,174,0.6438977122306824,0
1675,210,0.8562405109405518,0
1675,945,0.39363759756088257,0
1675,1331,0.3831331133842468,0
1675,1137,1.4796229600906372,0
1675,813,0.676250159740448,0
1675,1120,1.1360564231872559,0
1675,40,1.7437012195587158,0
1675,1671,2.29457426071167,0
1675,830,0.6507589817047119,0
1675,1691,0.6398105621337891,0
1675,1558,0.35268163681030273,0
1675,1753,0.6742801070213318,0
1675,117,1.2304819822311401,0
1675,1696,0.6252289414405823,0
1675,1694,1.6993727684020996,0
1675,299,0.6131942272186279,0
1675,944,0.6444960236549377,0
1675,489,0.3895913362503052,0
3693,1902,0.40250515937805176,1
3693,1723,1.7914372682571411,0
3693,786,0.5479938387870789,0
3693,416,0.6099035739898682,0
3693,572,1.3326832056045532,0
3693,1509,0.8697714805603027,0
3693,1661,0.6156888008117676,0
3693,518,0.585557222366333,0
3693,2074,0.40890294313430786,0
3693,864,0.5954121947288513,0
3693,484,0.3662569522857666,0
3693,1256,0.4042307734489441,0
3693,1804,0.6213823556900024,0
3693,1343,0.6306431293487549,0
3693,245,0.6215388178825378,0
3693,109,0.39671897888183594,0
3693,1979,0.5875231623649597,0
3693,1761,0.6132622361183167,0
3693,1426,0.6272182464599609,0
3693,1513,1.0280234813690186,0
3966,1642,1.5492265224456787,1
3966,1723,2.2987184524536133,0
3966,755,0.92287677526474,0
3966,499,0.6061643362045288,0
3966,960,1.3669297695159912,0
3966,1514,0.6417685151100159,0
3966,709,0.5995634198188782,0
3966,1176,0.37716418504714966,0
3966,1368,0.36791327595710754,0
3966,689,0.9106571078300476,0
3966,85,0.6095260977745056,0
3966,2050,0.8887996673583984,0
3966,39,0.6387917399406433,0
3966,705,0.38373881578445435,0
3966,992,0.8967532515525818,0
3966,1222,0.36388981342315674,0
3966,430,0.6275460720062256,0
3966,158,0.6897907853126526,0
3966,117,1.2163066864013672,0
3966,44,0.6348021626472473,0
2152,2062,5.601163387298584,1
2152,1737,0.34862372279167175,0
2152,1111,0.37724366784095764,0
2152,1250,0.8638405203819275,0
2152,1603,0.34797507524490356,0
2152,593,0.3864080309867859,0
2152,1017,0.5924111008644104,0
2152,1491,0.6192439794540405,0
2152,1932,2.9747462272644043,0
2152,1764,0.6559543609619141,0
2152,1292,0.6197486519813538,0
2152,1256,0.3812604546546936,0
2152,953,0.8693110346794128,0
2152,600,2.073960304260254,0
2152,361,0.631384551525116,0
2152,964,0.40368613600730896,0
2152,1208,0.35225623846054077,0
2152,7,0.6355335712432861,0
2152,1853,1.4236688613891602,0
2152,1260,0.6958206295967102,0
2456,543,0.42838966846466064,1
2456,1528,1.3769276142120361,0
2456,1025,0.6294183135032654,0
2456,1310,1.2919210195541382,0
2456,1808,1.3006585836410522,0
2456,1057,0.4017889201641083,0
2456,254,0.7176663875579834,0
2456,1866,0.9869788885116577,0
2456,832,0.42981767654418945,0
2456,1874,0.6757311820983887,0
2456,666,0.7132003307342529,0
2456,80,1.0317881107330322,0
2456,792,1.033190131187439,0
2456,1475,0.7220232486724854,0
2456,133,0.39126136898994446,0
2456,530,0.9626275300979614,0
2456,979,0.6854791045188904,0
2456,517,0.7034367918968201,0
2456,227,0.40122681856155396,0
2456,69,0.37106168270111084,0
3452,142,0.37931928038597107,1
3452,507,0.3682898283004761,0
3452,1377,0.8215693831443787,0
3452,330,2.0168819427490234,0
3452,1772,0.6108583807945251,0
3452,150,0.5622360110282898,0
3452,1973,0.3982328176498413,0
3452,1528,1.1105543375015259,0
3452,1051,0.6295322179794312,0
3452,1773,0.5894675254821777,0
3452,832,0.39028093218803406,0
3452,1383,0.6380631327629089,0
3452,1140,0.38217636942863464,0
3452,1480,0.5489429235458374,0
3452,1317,0.607851505279541,0
3452,1548,0.9854098558425903,0
3452,54,0.5965030193328857,0
3452,338,0.5579729676246643,0
3452,1007,0.5905853509902954,0
3452,1643,1.92093026638031,0
159,1258,0.6150703430175781,1
159,1727,0.560181200504303,0
159,1442,0.6252267360687256,0
159,1570,0.5712272524833679,0
159,1707,0.8280578255653381,0
159,1481,0.5679915547370911,0
159,706,0.6481916904449463,0
159,1823,0.9528527855873108,0
159,1673,0.6184448599815369,0
159,1686,0.9724081754684448,0
159,209,0.3395485579967499,0
159,1277,0.8086691498756409,0
159,1032,0.5605242848396301,0
159,1981,0.7839323878288269,0
159,1679,0.5755500793457031,0
159,831,0.9708701372146606,0
159,1584,0.5765843987464905,0
159,1108,0.5715548396110535,0
159,1926,0.5552783608436584,0
159,1578,1.6241114139556885,0
3501,1831,0.6766729354858398,1
3501,1005,0.7345988750457764,0
3501,1662,0.7318576574325562,0
3501,84,0.687795877456665,0
3501,226,0.396544873714447,0
3501,884,0.6614671945571899,0
3501,1427,0.6769512295722961,0
3501,1150,1.59224271774292,0
3501,944,0.6807039976119995,0
3501,759,0.6322768926620483,0
3501,631,0.38828369975090027,0
3501,555,0.35989677906036377,0
3501,405,0.6386390924453735,0
3501,65,0.7366787195205688,0
3501,653,0.3603993356227875,0
3501,1826,0.6836445927619934,0
3501,837,1.2181192636489868,0
3501,537,0.7226177453994751,0
3501,1208,0.34523481130599976,0
3501,1147,0.9925636053085327,0
49,1067,0.7716569900512695,1
49,1712,1.0139122009277344,0
49,68,0.6710388660430908,0
49,1740,0.40277889370918274,0
49,1126,0.5648637413978577,0
49,1799,0.8588681817054749,0
49,867,0.5821384787559509,0
49,71,1.0324716567993164,0
49,676,0.7737312316894531,0
49,1728,1.0059840679168701,0
49,552,0.9864280223846436,0
49,1821,0.7853935956954956,0
49,23,0.4171817898750305,0
49,1583,0.6026906967163086,0
49,517,0.5977690815925598,0
49,769,0.6928406953811646,0
49,1551,0.5894298553466797,0
49,1642,1.2658474445343018,0
49,472,0.8213227987289429,0
49,1847,0.5327047109603882,0
416,725,0.36224639415740967,1
416,1218,2.0199310779571533,0
416,1281,0.3373996615409851,0
416,892,0.6119174361228943,0
416,461,0.9066019058227539,0
416,1460,0.570244312286377,0
416,1007,0.6172059774398804,0
416,1883,0.6340899467468262,0
416,811,0.5703245401382446,0
416,1784,0.6334360241889954,0
416,1645,0.6215709447860718,0
416,263,0.6289734244346619,0
416,1064,0.6345785856246948,0
416,65,0.6686432361602783,0
416,453,0.6082666516304016,0
416,617,0.3458934426307678,0
416,125,0.6045291423797607,0
416,109,0.3662635087966919,0
416,1888,0.608214795589447,0
416,1944,0.33767443895339966,0
785,1081,0.36822664737701416,1
785,1715,0.8584348559379578,0
785,687,1.1936362981796265,0
785,868,0.6941567063331604,0
785,48,0.6266187429428101,0
785,1250,0.8068984150886536,0
785,812,0.6936591267585754,0
785,1585,0.407035231590271,0
785,615,0.40547454357147217,0
785,527,0.5695887207984924,0
785,1934,0.6177024841308594,0
785,545,0.6179916262626648,0
785,2067,0.6223793029785156,0
785,2016,0.6004952192306519,0
785,761,0.5999779105186462,0
785,1475,0.617192268371582,0
785,1287,0.594909131526947,0
785,1456,1.089329719543457,0
785,313,0.3655087947845459,0
785,169,0.42690929770469666,0
3103,1963,0.9382868409156799,1
3103,1622,0.9171629548072815,0
3103,1238,0.6938674449920654,0
3103,1789,0.6854208707809448,0
3103,1730,0.9705514311790466,0
3103,672,0.3801109194755554,0
3103,1986,3.3455708026885986,0
3103,1994,0.7042161226272583,0
3103,600,2.2781429290771484,0
3103,1966,0.6491652727127075,0
3103,829,0.6785189509391785,0
3103,1239,0.716067910194397,0
3103,1378,0.6915711760520935,0
3103,1202,0.6342287659645081,0
3103,1279,0.6472200155258179,0
3103,1258,0.732208251953125,0
3103,497,0.7164947390556335,0
3103,1274,0.7365259528160095,0
3103,1243,0.4001251459121704,0
3103,978,1.2182754278182983,0
1531,853,0.5510603189468384,1
1531,74,0.9762716889381409,0
1531,61,0.5270599126815796,0
1531,204,0.5714427828788757,0
1531,514,0.5904086232185364,0
1531,22,0.5350608825683594,0
1531,894,0.5777492523193359,0
1531,1651,0.5439220070838928,0
1531,304,0.3457447290420532,0
1531,1646,0.5753945708274841,0
1531,1859,0.7378737926483154,0
1531,1580,0.7713373899459839,0
1531,1322,0.7920820713043213,0
1531,271,1.3717447519302368,0
1531,1173,0.7894852161407471,0
1531,795,0.5932941436767578,0
1531,1762,1.2353041172027588,0
1531,1421,0.5474404096603394,0
1531,31,0.5952281355857849,0
1531,723,0.34090352058410645,0
3916,1741,0.6372064352035522,1
3916,542,0.6789627075195312,0
3916,750,0.5811476111412048,0
3916,298,0.6428180932998657,0
3916,412,0.3555126488208771,0
3916,83,0.6367850303649902,0
3916,1076,0.9002485871315002,0
3916,720,0.9155203104019165,0
3916,850,1.4695541858673096,0
3916,1579,0.9145565032958984,0
3916,1220,0.6640066504478455,0
3916,134,0.5601168870925903,0
3916,747,0.6668992638587952,0
3916,1069,0.37339556217193604,0
3916,1771,0.6873528957366943,0
3916,1064,0.6386798620223999,0
3916,184,0.6038059592247009,0
3916,1329,0.8994989395141602,0
3916,365,0.658222496509552,0
3916,952,0.6943827271461487,0
3267,207,0.7432778477668762,1
3267,1817,0.382584810256958,0
3267,1953,1.3516794443130493,0
3267,734,0.695236325263977,0
3267,110,0.45244312286376953,0
3267,965,1.9289911985397339,0
3267,1172,0.47164982557296753,0
3267,863,1.2150242328643799,0
3267,982,0.4328802824020386,0
3267,1475,0.7262068390846252,0
3267,732,0.3882150650024414,0
3267,530,0.9607366919517517,0
3267,135,0.7888960242271423,0
3267,1665,0.7167593240737915,0
3267,1346,0.663857638835907,0
3267,580,0.6079984903335571,0
3267,2061,0.39105796813964844,0
3267,1320,0.7752737998962402,0
3267,1978,1.113552451133728,0
3267,598,1.0912824869155884,0
1466,2056,0.39486852288246155,1
1466,1167,0.6004587411880493,0
1466,1281,0.39104607701301575,0
1466,1012,0.3846546709537506,0
1466,78,1.060963749885559,0
1466,510,0.34345754981040955,0
1466,1319,0.4042099714279175,0
1466,1395,0.5514751672744751,0
1466,861,1.2550945281982422,0
1466,1879,0.6051045656204224,0
1466,918,0.8157588839530945,0
1466,990,0.44412100315093994,0
1466,296,0.39783596992492676,0
1466,1857,0.5733965635299683,0
1466,1455,0.5864274501800537,0
1466,133,0.37314629554748535,0
1466,509,0.40963083505630493,0
1466,1487,0.6330118775367737,0
1466,706,0.6946539282798767,0
1466,1328,0.6333678960800171,0
3238,149,3.421762466430664,1
3238,1604,0.36963528394699097,0
3238,1208,0.3302465081214905,0
3238,1433,0.9600551128387451,0
3238,597,0.34817564487457275,0
3238,1552,0.6076554656028748,0
3238,565,0.9305890202522278,0
3238,932,1.3942029476165771,0
3238,150,0.5965961217880249,0
3238,491,0.3350147008895874,0
3238,18,0.6438269019126892,0
3238,711,0.9141464829444885,0
3238,726,0.5917930006980896,0
3238,2024,0.6605214476585388,0
3238,168,0.6512613296508789,0
3238,923,2.923535108566284,0
3238,648,0.8779047131538391,0
3238,968,0.8531601428985596,0
3238,925,0.3333236873149872,0
3238,1527,0.3321896195411682,0
2082,400,0.3468262255191803,1
2082,568,0.559318482875824,0
2082,304,0.34208786487579346,0
2082,98,0.5448928475379944,0
2082,1608,0.7730690836906433,0
2082,1846,1.181460976600647,0
2082,593,0.37859731912612915,0
2082,1665,0.5872289538383484,0
2082,54,0.5651527047157288,0
2082,1891,0.8535803556442261,0
2082,770,0.3664129376411438,0
2082,2007,0.3644460141658783,0
2082,843,0.3869045078754425,0
2082,273,0.5572394132614136,0
2082,1655,0.5761102437973022,0
2082,1920,0.5517112612724304,0
2082,847,0.8104762434959412,0
2082,984,0.5870438814163208,0
2082,1071,0.5123014450073242,0
2082,135,0.6193088293075562,0
2048,612,0.35593611001968384,1
2048,1723,2.6412618160247803,0
2048,268,0.6895281672477722,0
2048,1769,0.3725425601005554,0
2048,1278,3.976752996444702,0
2048,679,0.6977884769439697,0
2048,1762,1.7151421308517456,0
2048,966,0.6982024312019348,0
2048,1474,1.0054503679275513,0
2048,943,0.5823894143104553,0
2048,1789,0.6797993779182434,0
2048,697,0.99419105052948,0
2048,507,0.33736318349838257,0
2048,84,0.6976849436759949,0
2048,118,0.5999361276626587,0
2048,1961,0.6469793319702148,0
2048,922,0.657541036605835,0
2048,128,0.32767146825790405,0
2048,336,0.6498254537582397,0
2048,983,1.3370047807693481,0
3620,1158,0.6215959787368774,1
3620,609,0.3526442050933838,0
3620,1242,0.5884939432144165,0
3620,1921,0.39132827520370483,0
3620,642,0.6295021176338196,0
3620,1703,2.454582452774048,0
3620,169,0.3962595462799072,0
3620,679,0.6552084684371948,0
3620,1018,0.3743021488189697,0
3620,1254,0.6295702457427979,0
3620,1276,0.630971372127533,0
3620,608,0.5719118118286133,0
3620,744,0.5918921232223511,0
3620,1328,0.6736124157905579,0
3620,446,0.33401554822921753,0
3620,873,0.3522781729698181,0
3620,1717,0.334867000579834,0
3620,157,0.6137452125549316,0
3620,364,0.8697301149368286,0
3620,526,0.6652083396911621,0
264,533,1.5279499292373657,1
264,1155,0.6377619504928589,0
264,2067,0.6280251145362854,0
264,1916,0.375210165977478,0
264,731,0.6017156839370728,0
264,720,0.8888065218925476,0
264,693,0.6624708771705627,0
264,1917,1.8937662839889526,0
264,1345,0.3815326988697052,0
264,29,0.3919687271118164,0
264,1484,0.35088616609573364,0
264,26,0.6373456716537476,0
264,1645,0.6287168860435486,0
264,1153,0.6457880139350891,0
264,992,0.8887118697166443,0
264,1699,0.6312977075576782,0
264,1229,0.6919263005256653,0
264,1296,0.4114876985549927,0
264,41,0.9756612181663513,0
264,1611,0.36241286993026733,0
370,1597,1.137550950050354,1
370,741,0.6504292488098145,0
370,1538,0.6100437641143799,0
370,2056,0.36239880323410034,0
370,666,0.6411715149879456,0
370,1544,0.6787832975387573,0
370,900,0.623741090297699,0
370,305,0.6001225709915161,0
370,125,0.6116557121276855,0
370,281,0.32448622584342957,0
370,1524,0.7109668254852295,0
370,1705,1.1184982061386108,0
370,932,1.3685964345932007,0
370,47,0.7135422825813293,0
370,962,1.9739350080490112,0
370,1127,0.3536413013935089,0
370,422,0.6383206248283386,0
370,2068,1.878166913986206,0
370,1562,0.6654393672943115,0
370,132,0.6820631623268127,0
2685,16,0.38465815782546997,1
2685,772,0.40764176845550537,0
2685,407,1.4217244386672974,0
2685,931,0.3290521800518036,0
2685,1712,1.2304728031158447,0
2685,1755,0.6306455731391907,0
2685,1919,0.6160224080085754,0
2685,668,0.33084020018577576,0
2685,1085,0.3849850594997406,0
2685,793,0.36754417419433594,0
2685,103,1.817669153213501,0
2685,1069,0.35225608944892883,0
2685,362,0.9718760251998901,0
2685,2014,0.35871246457099915,0
2685,817,0.37207871675491333,0
2685,987,0.8887545466423035,0
2685,741,0.6712236404418945,0
2685,277,0.9432754516601562,0
2685,2034,0.9688259959220886,0
2685,109,0.37996014952659607,0
477,702,1.3755086660385132,1
477,1898,0.5960978269577026,0
477,508,1.6006869077682495,0
477,1955,0.3626765012741089,0
477,1574,0.5526580214500427,0
477,2007,0.3376578390598297,0
477,481,0.5892167687416077,0
477,1647,0.35848015546798706,0
477,530,0.7446897029876709,0
477,1330,0.3685007095336914,0
477,1006,1.3477556705474854,0
477,1820,0.5687158703804016,0
477,1423,1.6054513454437256,0
477,170,0.5690304636955261,0
477,1029,0.551844596862793,0
477,204,0.5730281472206116,0
477,1206,0.3749404549598694,0
477,226,0.3706287145614624,0
477,207,0.5611578822135925,0
477,1601,0.5678231120109558,0
1780,1705,0.8977280855178833,1
1780,1066,0.5901715159416199,0
1780,1121,0.7821985483169556,0
1780,862,0.5566325187683105,0
1780,114,0.5552932024002075,0
1780,229,1.0271590948104858,0
1780,733,0.8699087500572205,0
1780,317,0.5835123062133789,0
1780,738,0.6179796457290649,0
1780,2015,0.35843873023986816,0
1780,656,0.3626440167427063,0
1780,311,0.798164427280426,0
1780,1636,1.16539466381073,0
1780,718,0.6258424520492554,0
1780,1845,0.7701503038406372,0
1780,572,1.290135145187378,0
1780,1567,1.1895966529846191,0
1780,205,0.5656169056892395,0
1780,1670,0.5554980039596558,0
1780,163,0.5426320433616638,0
1719,304,0.31024739146232605,1
1719,1216,0.5274335145950317,0
1719,444,0.5528689622879028,0
1719,271,1.2967886924743652,0
1719,498,0.5245076417922974,0
1719,1158,0.5249462127685547,0
1719,1677,0.3173433542251587,0
1719,800,0.5290648937225342,0
1719,1428,0.5152992606163025,0
1719,1015,0.527731716632843,0
1719,162,0.5233103632926941,0
1719,1388,0.7477017641067505,0
1719,1314,0.553850531578064,0
1719,745,0.7651388645172119,0
1719,730,0.489242285490036,0
1719,118,0.4849663972854614,0
1719,956,0.7607753276824951,0
1719,487,0.4975859820842743,0
1719,1586,0.6971423029899597,0
1719,1016,0.5083215832710266,0
4096,1649,0.671933650970459,1
4096,460,0.6324649453163147,0
4096,1300,0.6097572445869446,0
4096,1826,0.6643142104148865,0
4096,1372,0.6060174107551575,0
4096,1206,0.36803141236305237,0
4096,832,0.37559816241264343,0
4096,692,0.6966832876205444,0
4096,1496,0.6479564905166626,0
4096,1129,0.34092235565185547,0
4096,997,0.6604903340339661,0
4096,1995,1.933686375617981,0
4096,1363,0.6498224139213562,0
4096,1918,1.0176081657409668,0
4096,92,0.6582484245300293,0
4096,1510,0.6705925464630127,0
4096,899,0.649541437625885,0
4096,2053,0.6582839488983154,0
4096,894,0.6651018857955933,0
4096,1756,0.35893699526786804,0
4005,270,0.3404250741004944,1
4005,1720,0.7482470273971558,0
4005,330,1.9253430366516113,0
4005,110,0.3901054859161377,0
4005,1347,0.8985844254493713,0
4005,1346,0.5378324389457703,0
4005,568,0.5658959746360779,0
4005,264,0.33374571800231934,0
4005,1865,0.5553070306777954,0
4005,1569,0.3605339527130127,0
4005,1409,0.40011683106422424,0
4005,896,0.6089423894882202,0
4005,172,0.3662480115890503,0
4005,1315,0.38931941986083984,0
4005,1355,0.9794413447380066,0
4005,1312,1.4027272462844849,0
4005,1277,0.7818202376365662,0
4005,1798,0.5932724475860596,0
4005,811,0.5190638899803162,0
4005,1445,1.340553879737854,0
540,13,1.7547940015792847,1
540,1443,0.648833155632019,0
540,1585,0.3908708095550537,0
540,914,1.479249358177185,0
540,1415,0.6302399635314941,0
540,759,0.6226692795753479,0
540,140,0.6701087355613708,0
540,1160,2.0880556106567383,0
540,1557,0.6414546966552734,0
540,973,0.6383377909660339,0
540,1744,0.9046323299407959,0
540,1682,0.7081883549690247,0
540,113,0.5960115790367126,0
540,838,1.2553938627243042,0
540,469,1.7359657287597656,0
540,840,0.6793349981307983,0
540,703,0.6258825063705444,0
540,1731,0.7051334381103516,0
540,1315,0.4133352041244507,0
540,1181,0.662781834602356,0
949,1502,0.36654841899871826,1
949,1963,0.8931096792221069,0
949,732,0.3684799075126648,0
949,1617,1.2495087385177612,0
949,2018,0.40276220440864563,0
949,655,1.5845550298690796,0
949,1167,0.6683179140090942,0
949,1747,0.41790610551834106,0
949,544,0.6249028444290161,0
949,1939,0.6205321550369263,0
949,334,0.6787169575691223,0
949,1370,0.9076576828956604,0
949,1862,0.6533969044685364,0
949,593,0.3812950849533081,0
949,834,1.279626488685608,0
949,773,0.7097225785255432,0
949,1581,0.6442849040031433,0
949,803,1.3045321702957153,0
949,1919,0.6216311454772949,0
949,1845,0.9364332556724548,0
2986,241,0.6226773262023926,1
2986,1162,0.36366236209869385,0
2986,729,0.3744170665740967,0
2986,639,1.2087775468826294,0
2986,677,0.37436074018478394,0
2986,274,0.6364307403564453,0
2986,545,0.6223804950714111,0
2986,2061,0.3714904487133026,0
2986,1929,0.674847424030304,0
2986,1878,0.9348143339157104,0
2986,1966,0.6057270765304565,0
2986,2049,0.6244370937347412,0
2986,1855,0.6827718615531921,0
2986,673,0.40367043018341064,0
2986,675,0.6664915680885315,0
2986,1165,0.620578408241272,0
2986,231,1.2272844314575195,0
2986,357,0.5905108451843262,0
2986,686,0.6001518368721008,0
2986,727,0.37411361932754517,0
427,1170,1.0078543424606323,1
427,2025,0.5365254282951355,0
427,1748,0.5281218886375427,0
427,986,0.813888430595398,0
427,1203,0.7407798767089844,0
427,630,0.3679981827735901,0
427,521,0.3613841235637665,0
427,1006,1.2875021696090698,0
427,79,0.7747811079025269,0
427,2006,0.5622944831848145,0
427,918,0.7842087149620056,0
427,1688,0.37696829438209534,0
427,1246,0.5272966623306274,0
427,915,0.8077994585037231,0
427,1665,0.5787677764892578,0
427,1587,0.33499062061309814,0
427,987,0.7216216325759888,0
427,1249,0.34667766094207764,0
427,355,0.36494648456573486,0
427,1033,0.573214590549469,0
1384,826,0.6384172439575195,1
1384,2029,0.6278282999992371,0
1384,335,1.2521929740905762,0
1384,938,0.8250365853309631,0
1384,881,0.6301088929176331,0
1384,1937,0.615493893623352,0
1384,1825,1.0557641983032227,0
1384,1744,0.8633099794387817,0
1384,578,0.6403611898422241,0
1384,360,0.6187834143638611,0
1384,764,0.6327135562896729,0
1384,1259,0.9029315710067749,0
1384,349,0.9488913416862488,0
1384,1903,0.3324074149131775,0
1384,540,0.9214124083518982,0
1384,1118,0.3501764237880707,0
1384,248,0.5853894352912903,0
1384,26,0.6120830178260803,0
1384,1054,0.6091544032096863,0
1384,752,0.6097031235694885,0
628,437,0.9208260178565979,1
628,1224,1.7503803968429565,0
628,446,0.3667415380477905,0
628,357,0.6470058560371399,0
628,1495,0.6577580571174622,0
628,663,0.7158293724060059,0
628,208,1.6550624370574951,0
628,550,0.6864315271377563,0
628,574,0.6695210337638855,0
628,1958,0.6958492398262024,0
628,21,0.40626245737075806,0
628,1873,0.6686453223228455,0
628,1871,1.2486516237258911,0
628,2052,0.6083500385284424,0
628,1500,0.9839473962783813,0
628,274,0.6879791021347046,0
628,20,0.9542039036750793,0
628,1996,0.6546475291252136,0
628,190,0.6850631237030029,0
628,768,0.6934659481048584,0
2316,817,0.38765832781791687,1
2316,898,0.6849811673164368,0
2316,56,0.6596505641937256,0
2316,242,0.6231397986412048,0
2316,1630,1.0008819103240967,0
2316,1258,0.747502863407135,0
2316,1401,0.6593114137649536,0
2316,1444,0.6832217574119568,0
2316,1254,0.6681330800056458,0
2316,1574,0.6646135449409485,0
2316,1257,1.53080153465271,0
2316,437,0.8825599551200867,0
2316,970,0.6679304242134094,0
2316,1064,0.674058198928833,0
2316,2006,0.687393307685852,0
2316,1357,0.423066645860672,0
2316,653,0.3715151250362396,0
2316,1386,0.7546851634979248,0
2316,815,0.7165796756744385,0
2316,125,0.6449680328369141,0
2263,1448,0.3627122640609741,1
2263,1260,0.7125728130340576,0
2263,2019,0.6609898209571838,0
2263,1332,0.9304715394973755,0
2263,1031,0.5984328985214233,0
2263,1485,0.36834844946861267,0
2263,641,0.6687402725219727,0
2263,1318,0.6693091988563538,0
2263,438,0.6859153509140015,0
2263,28,0.4047185778617859,0
2263,1965,0.8343193531036377,0
2263,536,0.6746472716331482,0
2263,1745,0.362295925617218,0
2263,1794,0.38297468423843384,0
2263,943,0.5854012370109558,0
2263,234,0.8821718692779541,0
2263,1606,0.3706054091453552,0
2263,897,0.36065736413002014,0
2263,1943,0.6199535727500916,0
2263,1623,0.5964720845222473,0
3257,519,0.6119321584701538,1
3257,1325,0.9166440963745117,0
3257,856,0.6337529420852661,0
3257,687,1.2535302639007568,0
3257,684,0.35125061869621277,0
3257,1437,1.1186070442199707,0
3257,69,0.3210517168045044,0
3257,757,0.5988268852233887,0
3257,1729,0.9684902429580688,0
3257,514,0.6532222628593445,0
3257,1270,0.6716532707214355,0
3257,1074,0.6555477380752563,0
3257,1431,0.582374095916748,0
3257,981,0.6249262690544128,0
3257,972,0.665217399597168,0
3257,9,0.3576948642730713,0
3257,991,0.6438384056091309,0
3257,957,0.5914290547370911,0
3257,1773,0.6395807862281799,0
3257,1516,1.8372044563293457,0
2305,767,0.3705176115036011,1
2305,941,0.5348007678985596,0
2305,332,0.5917264223098755,0
2305,64,0.5460529923439026,0
2305,455,1.205165147781372,0
2305,665,0.40874767303466797,0
2305,119,0.3745534420013428,0
2305,185,0.5385094285011292,0
2305,977,0.755973219871521,0
2305,1237,0.4013671576976776,0
2305,638,0.561758816242218,0
2305,1589,1.0461105108261108,0
2305,1342,0.5811541676521301,0
2305,381,0.5249176025390625,0
2305,377,0.8576408624649048,0
2305,204,0.5714630484580994,0
2305,352,0.5772926807403564,0
2305,239,0.360429972410202,0
2305,548,0.5789790153503418,0
2305,2069,0.3548429608345032,0
1976,101,2.0415096282958984,1
1976,1442,0.7530089020729065,0
1976,810,0.429196834564209,0
1976,2024,0.6948071122169495,0
1976,1070,0.7058262825012207,0
1976,1127,0.382261723279953,0
1976,1438,0.3592897653579712,0
1976,933,0.7087461948394775,0
1976,1582,0.6935966610908508,0
1976,803,1.3889278173446655,0
1976,1415,0.6892530918121338,0
1976,1515,1.496832251548767,0
1976,481,0.7311909198760986,0
1976,724,0.6449920535087585,0
1976,348,0.7089629769325256,0
1976,619,0.6974866390228271,0
1976,1468,0.7609108686447144,0
1976,349,1.060625433921814,0
1976,1028,0.706404447555542,0
1976,830,0.7018381357192993,0
2342,671,0.9369966983795166,1
2342,1174,0.6670247912406921,0
2342,917,0.7004164457321167,0
2342,1626,0.5855147242546082,0
2342,127,0.6206557750701904,0
2342,718,0.692194402217865,0
2342,1897,0.6508730053901672,0
2342,1192,0.6698468923568726,0
2342,309,0.6531846523284912,0
2342,2044,1.4204307794570923,0
2342,871,0.6907877922058105,0
2342,348,0.6718347668647766,0
2342,1871,1.1754648685455322,0
2342,1907,0.9465504884719849,0
2342,1209,0.6190680265426636,0
2342,1624,0.366904616355896,0
2342,107,0.6850642561912537,0
2342,1891,1.0078006982803345,0
2342,227,0.37336185574531555,0
2342,1132,0.8998785614967346,0
3614,1906,0.36731693148612976,1
3614,1030,0.611587405204773,0
3614,1712,1.1798428297042847,0
3614,1893,0.6471123099327087,0
3614,146,0.9284600019454956,0
3614,876,0.6830540299415588,0
3614,1262,0.68199622631073,0
3614,969,0.6994431018829346,0
3614,902,0.3730556070804596,0
3614,1542,0.6346439123153687,0
3614,141,0.6479112505912781,0
3614,1526,0.6181552410125732,0
3614,40,1.7531884908676147,0
3614,327,0.3517756760120392,0
3614,1981,0.9056697487831116,0
3614,187,0.6433018445968628,0
3614,1736,0.6609570384025574,0
3614,1564,1.5490601062774658,0
3614,150,0.6026783585548401,0
3614,1791,0.38804489374160767,0
2426,668,0.3290606141090393,1
2426,1705,1.121849775314331,0
2426,1256,0.38209593296051025,0
2426,962,1.9993714094161987,0
2426,1241,0.34617650508880615,0
2426,1639,0.6151140928268433,0
2426,1551,0.6856375336647034,0
2426,2053,0.674071192741394,0
2426,88,0.6522799134254456,0
2426,1569,0.367515504360199,0
2426,1371,0.6795158386230469,0
2426,1805,0.6421725153923035,0
2426,114,0.6642978191375732,0
2426,679,0.678871750831604,0
2426,1757,2.2432234287261963,0
2426,872,0.6350987553596497,0
2426,1804,0.6908907890319824,0
2426,669,0.6242855191230774,0
2426,206,0.6526734232902527,0
2426,1942,1.8912163972854614,0
2459,1057,0.3236643970012665,1
2459,1471,0.6250455379486084,0
2459,1142,0.6323665380477905,0
2459,765,1.327011227607727,0
2459,1697,0.6506142020225525,0
2459,472,0.9336079359054565,0
2459,703,0.5955522060394287,0
2459,336,0.6160903573036194,0
2459,273,0.6051159501075745,0
2459,1120,1.1590371131896973,0
2459,1328,0.6580620408058167,0
2459,1780,0.5750147700309753,0
2459,1146,0.5979403853416443,0
2459,600,2.2355592250823975,0
2459,1258,0.6830073595046997,0
2459,189,0.5731257200241089,0
2459,1803,0.3358548879623413,0
2459,888,1.08944833278656,0
2459,1150,1.483912467956543,0
2459,389,0.6404297351837158,0
3436,1630,0.8985808491706848,1
3436,1091,0.5980448126792908,0
3436,1711,0.5510311722755432,0
3436,1387,0.3671224117279053,0
3436,1470,0.6291842460632324,0
3436,1979,0.6270097494125366,0
3436,1668,0.6275289058685303,0
3436,830,0.6363564729690552,0
3436,402,0.6096248030662537,0
3436,1180,0.9903041124343872,0
3436,262,1.1403392553329468,0
3436,1100,0.3782041668891907,0
3436,984,0.6352689862251282,0
3436,298,0.6305387616157532,0
3436,725,0.3670775294303894,0
3436,1826,0.6216266751289368,0
3436,147,0.38145071268081665,0
3436,688,0.625636637210846,0
3436,1364,0.8887447118759155,0
3436,1000,0.8741810321807861,0
3528,547,0.38091808557510376,1
3528,141,0.5936452150344849,0
3528,1206,0.3815056085586548,0
3528,292,0.34289953112602234,0
3528,1111,0.35453951358795166,0
3528,991,0.5968764424324036,0
3528,325,1.089563250541687,0
3528,46,0.34064948558807373,0
3528,22,0.5577394962310791,0
3528,1999,1.038925051689148,0
3528,949,0.38543933629989624,0
3528,453,0.5663714408874512,0
3528,1537,0.3498609662055969,0
3528,1668,0.5731120109558105,0
3528,568,0.584614634513855,0
3528,1717,0.33500033617019653,0
3528,1356,0.5996755361557007,0
3528,450,0.3736919164657593,0
3528,1300,0.5618495941162109,0
3528,1095,0.5663816332817078,0
3884,705,0.3581731915473938,1
3884,1261,0.5679643750190735,0
3884,1295,0.637191891670227,0
3884,295,0.32755184173583984,0
3884,1402,0.6070789098739624,0
3884,568,0.5999394655227661,0
3884,1360,0.6127980947494507,0
3884,199,0.927631676197052,0
3884,8,0.6824662685394287,0
3884,2006,0.6209582686424255,0
3884,783,0.6114287376403809,0
3884,197,0.6306232213973999,0
3884,1081,0.3155970573425293,0
3884,1508,0.8568542003631592,0
3884,1623,0.558387815952301,0
3884,108,0.5985705256462097,0
3884,756,1.2857609987258911,0
3884,639,1.2130532264709473,0
3884,1584,0.6218240857124329,0
3884,469,1.6668049097061157,0
2723,1092,0.9777407646179199,1
2723,668,0.3045365512371063,0
2723,348,0.53387451171875,0
2723,1599,0.32620158791542053,0
2723,1471,0.5306710600852966,0
2723,1382,0.5106804370880127,0
2723,116,0.3457764983177185,0
2723,1184,0.7157151699066162,0
2723,1621,0.32673367857933044,0
2723,1474,0.6973571181297302,0
2723,1219,0.5313469767570496,0
2723,2041,0.5429967045783997,0
2723,101,1.3390194177627563,0
2723,1843,1.065282940864563,0
2723,601,0.3201335668563843,0
2723,963,0.5262304544448853,0
2723,228,0.5500791072845459,0
2723,1430,0.5638940334320068,0
2723,1564,1.13829505443573,0
2723,1632,1.855885624885559,0
110,655,1.2140432596206665,1
110,440,0.5340403914451599,0
110,2016,0.532978355884552,0
110,1768,0.3095771074295044,0
110,1105,0.35602542757987976,0
110,354,0.35279417037963867,0
110,1001,0.31092017889022827,0
110,261,0.5389237999916077,0
110,791,0.5216350555419922,0
110,843,0.3677310347557068,0
110,646,0.35355332493782043,0
110,413,0.494403600692749,0
110,1461,0.5388777256011963,0
110,1806,2.4672951698303223,0
110,2010,0.33958762884140015,0
110,1602,0.5375024676322937,0
110,1805,0.5341276526451111,0
110,768,0.5602940917015076,0
110,859,0.5364783406257629,0
110,1454,0.32379260659217834,0
188,104,1.9897202253341675,1
188,1584,0.7044771909713745,0
188,485,0.7737224698066711,0
188,828,0.7362096309661865,0
188,1474,0.9430921673774719,0
188,1222,0.3924306035041809,0
188,1428,0.66013503074646,0
188,397,0.7338420748710632,0
188,1587,0.3816646337509155,0
188,1974,0.7029603123664856,0
188,367,0.7012741565704346,0
188,1148,0.6428807377815247,0
188,1419,0.6704084277153015,0
188,1327,0.9949401021003723,0
188,1294,1.2360968589782715,0
188,1182,1.0346448421478271,0
188,987,0.9198229908943176,0
188,239,0.3861570358276367,0
188,1787,1.136612057685852,0
188,716,0.6695075631141663,0
1168,409,0.634292483329773,1
1168,1418,0.6494228839874268,0
1168,140,0.6538344621658325,0
1168,768,0.6460863947868347,0
1168,170,0.6215614676475525,0
1168,2025,0.6369751691818237,0
1168,1520,0.36899301409721375,0
1168,1755,0.6297118067741394,0
1168,606,0.6533360481262207,0
1168,1089,0.654295027256012,0
1168,332,0.6649296879768372,0
1168,912,0.6140594482421875,0
1168,1410,0.6662865877151489,0
1168,1185,0.5935120582580566,0
1168,727,0.34443747997283936,0
1168,1440,0.642699658870697,0
1168,2072,0.589053213596344,0
1168,1580,0.9586746692657471,0
1168,411,0.328437477350235,0
1168,1893,0.6214760541915894,0
764,1956,0.5867569446563721,1
764,1922,0.6052364706993103,0
764,448,0.5989189147949219,0
764,1570,0.5610825419425964,0
764,1100,0.3961051106452942,0
764,890,0.6068223714828491,0
764,1680,0.5425905585289001,0
764,1945,0.3733776807785034,0
764,884,0.5538706183433533,0
764,771,0.5182774662971497,0
764,1795,0.9573597311973572,0
764,1380,0.541881799697876,0
764,1831,0.5628908276557922,0
764,1442,0.6001598834991455,0
764,548,0.5784769058227539,0
764,947,0.5600114464759827,0
764,826,0.5679236650466919,0
764,203,0.5996767282485962,0
764,958,1.183056116104126,0
764,675,0.5936405062675476,0
681,970,0.5762702822685242,1
681,653,0.38064613938331604,0
681,1692,0.578458309173584,0
681,1349,0.598339855670929,0
681,668,0.33784088492393494,0
681,299,0.5597462058067322,0
681,222,0.5766412019729614,0
681,1855,0.6030371785163879,0
681,2080,0.5759299397468567,0
681,248,0.5593559741973877,0
681,1301,0.5813804864883423,0
681,665,0.4394371509552002,0
681,1169,0.8058741092681885,0
681,1546,0.5873765349388123,0
681,386,0.4132571518421173,0
681,444,0.6172720789909363,0
681,1263,0.6077797412872314,0
681,994,0.41813716292381287,0
681,701,0.36261695623397827,0
681,1302,0.7723374962806702,0
1685,1373,1.7836170196533203,1
1685,407,1.565692663192749,0
1685,1988,0.38168638944625854,0
1685,33,1.1329213380813599,0
1685,1507,3.030893564224243,0
1685,1130,0.6900497674942017,0
1685,234,0.9997603893280029,0
1685,1521,1.6514812707901,0
1685,1349,0.7125021815299988,0
1685,1739,1.369005560874939,0
1685,6,0.3922479748725891,0
1685,1615,0.7239959239959717,0
1685,1841,0.3818356394767761,0
1685,2016,0.6774178147315979,0
1685,841,2.296254873275757,0
1685,286,0.6875279545783997,0
1685,36,0.7587693333625793,0
1685,713,0.633592963218689,0
1685,1420,0.6772751808166504,0
1685,947,0.7107704877853394,0
1225,567,1.4875304698944092,1
1225,2020,0.5606575012207031,0
1225,1831,0.6138606667518616,0
1225,1457,0.8516329526901245,0
1225,519,0.6116102337837219,0
1225,558,0.3707725405693054,0
1225,1825,1.0231796503067017,0
1225,1940,0.6320738792419434,0
1225,403,0.6517196893692017,0
1225,762,0.823049008846283,0
1225,1988,0.3413636088371277,0
1225,1447,1.5491456985473633,0
1225,1724,0.6104846596717834,0
1225,542,0.6302585601806641,0
1225,1821,0.8690609335899353,0
1225,386,0.36955389380455017,0
1225,1015,0.6141514182090759,0
1225,844,0.6110551953315735,0
1225,220,0.585623025894165,0
1225,11,0.3480836749076843,0
1848,1509,1.0628728866577148,1
1848,877,0.6112728118896484,0
1848,78,1.2831871509552002,0
1848,2033,0.6425788402557373,0
1848,1800,0.6689098477363586,0
1848,392,0.40256497263908386,0
1848,167,0.633337140083313,0
1848,2071,0.6459826827049255,0
1848,1644,0.9301287531852722,0
1848,1617,1.2610876560211182,0
1848,85,0.6042202711105347,0
1848,1790,0.9531123042106628,0
1848,81,0.6769993305206299,0
1848,198,0.6666422486305237,0
1848,1319,0.37495511770248413,0
1848,612,0.3772609233856201,0
1848,1028,0.6573912501335144,0
1848,1346,0.6152780055999756,0
1848,731,0.6174997091293335,0
1848,1710,0.9034799933433533,0
3419,1647,0.36542680859565735,1
3419,1653,0.7023880481719971,0
3419,720,0.9603027105331421,0
3419,1061,0.6773746013641357,0
3419,1104,1.8957730531692505,0
3419,1842,0.9738892912864685,0
3419,77,0.3904516100883484,0
3419,47,0.7637144327163696,0
3419,1022,0.6971673369407654,0
3419,1041,0.9063393473625183,0
3419,1823,1.2504308223724365,0
3419,1378,0.7125349044799805,0
3419,1896,0.6953362226486206,0
3419,847,0.9981452226638794,0
3419,1804,0.7070573568344116,0
3419,649,1.3498079776763916,0
3419,1196,0.6212784647941589,0
3419,165,0.6720380783081055,0
3419,494,0.5750913023948669,0
3419,115,0.6802842617034912,0
3157,925,0.3256937563419342,1
3157,1544,0.6357638239860535,0
3157,1894,0.8357754349708557,0
3157,1075,0.3466604948043823,0
3157,1315,0.36027616262435913,0
3157,218,0.8998010754585266,0
3157,1752,0.6441243886947632,0
3157,311,0.9535860419273376,0
3157,1233,0.3213711977005005,0
3157,673,0.35140687227249146,0
3157,1344,0.6365150809288025,0
3157,1098,0.5793903470039368,0
3157,358,0.6488065719604492,0
3157,1010,0.6245796084403992,0
3157,1281,0.32622385025024414,0
3157,1105,0.3490076959133148,0
3157,1716,0.3210160732269287,0
3157,1135,0.6293759346008301,0
3157,1604,0.37154772877693176,0
3157,1249,0.3265983462333679,0
1079,566,0.3823832869529724,1
1079,1044,0.3587801456451416,0
1079,875,0.665428638458252,0
1079,592,0.7058034539222717,0
1079,760,1.9551548957824707,0
1079,1730,0.9740989208221436,0
1079,294,0.3817840814590454,0
1079,1775,0.41586732864379883,0
1079,966,0.7277697324752808,0
1079,761,0.6644731163978577,0
1079,485,0.7531655430793762,0
1079,1013,1.0314395427703857,0
1079,1503,0.3511066436767578,0
1079,719,1.9982057809829712,0
1079,1291,0.7030014991760254,0
1079,359,0.7357081174850464,0
1079,998,0.7217157483100891,0
1079,565,0.9628542065620422,0
1079,327,0.3615037202835083,0
1079,1934,0.6864885091781616,0
585,989,1.2108430862426758,1
585,741,0.5906809568405151,0
585,1799,0.8863850235939026,0
585,364,0.7442753314971924,0
585,1263,0.6275054812431335,0
585,423,0.5882116556167603,0
585,1237,0.44269442558288574,0
585,2007,0.36658230423927307,0
585,1798,0.6261892318725586,0
585,30,0.42736679315567017,0
585,1713,0.8831934928894043,0
585,353,0.5477073192596436,0
585,13,1.3529139757156372,0
585,82,0.5658363103866577,0
585,751,0.42733168601989746,0
585,646,0.4067390561103821,0
585,1732,1.0124753713607788,0
585,1199,0.4122485816478729,0
585,1165,0.5879876017570496,0
585,1422,0.39012426137924194,0
2059,1951,1.0122206211090088,1
2059,2054,0.6551790833473206,0
2059,435,0.6561337113380432,0
2059,1949,1.0588858127593994,0
2059,662,0.6602012515068054,0
2059,1802,1.3994892835617065,0
2059,763,0.6600024700164795,0
2059,986,1.0650917291641235,0
2059,505,0.6029467582702637,0
2059,1577,0.7162463665008545,0
2059,133,0.34323951601982117,0
2059,1385,1.0910791158676147,0
2059,1742,0.6724110245704651,0
2059,39,0.6789060235023499,0
2059,1927,1.0817924737930298,0
2059,426,1.8924998044967651,0
2059,917,0.730596125125885,0
2059,256,1.712320327758789,0
2059,785,0.7305701375007629,0
2059,775,0.35896116495132446,0
1213,1846,1.3649146556854248,1
1213,67,1.0014452934265137,0
1213,1762,1.5330710411071777,0
1213,1624,0.4101974368095398,0
1213,1089,0.6774612665176392,0
1213,1562,0.6600796580314636,0
1213,579,1.1416937112808228,0
1213,1944,0.37672388553619385,0
1213,1955,0.4192521274089813,0
1213,920,0.6246434450149536,0
1213,195,0.6401190161705017,0
1213,1083,0.40855205059051514,0
1213,184,0.6231289505958557,0
1213,930,1.2281253337860107,0
1213,725,0.4056463837623596,0
1213,218,0.9243445992469788,0
1213,1726,0.65010005235672,0
1213,2028,0.972841203212738,0
1213,1909,0.687329113483429,0
1213,248,0.6382089257240295,0
2932,1103,0.4276179075241089,1
2932,1166,0.6583647727966309,0
2932,1122,1.576406717300415,0
2932,565,0.9342945218086243,0
2932,571,0.6947895884513855,0
2932,170,0.6622446179389954,0
2932,928,0.643185555934906,0
2932,1442,0.7111115455627441,0
2932,582,0.6504344344139099,0
2932,577,0.4019331932067871,0
2932,81,0.6864529252052307,0
2932,716,0.6565157175064087,0
2932,2034,0.9433566331863403,0
2932,1606,0.3981357514858246,0
2932,1418,0.6699014902114868,0
2932,226,0.4254755973815918,0
2932,418,0.6481851935386658,0
2932,1070,0.6683837175369263,0
2932,1156,0.6092541217803955,0
2932,1037,0.7266401052474976,0
381,229,1.082403302192688,1
381,995,1.5110650062561035,0
381,76,0.5969693660736084,0
381,2045,0.5909252762794495,0
381,830,0.576248824596405,0
381,1985,0.7253648638725281,0
381,1214,1.2154748439788818,0
381,347,0.3538338840007782,0
381,1294,0.9814873933792114,0
381,348,0.5662872791290283,0
381,1055,0.7997910976409912,0
381,86,0.8320133686065674,0
381,632,0.5561721324920654,0
381,1635,0.3589392900466919,0
381,413,0.5383179783821106,0
381,646,0.3725099563598633,0
381,1548,0.9580292701721191,0
381,1311,0.37897834181785583,0
381,94,0.7370166778564453,0
381,1104,1.5006788969039917,0
3089,511,1.7992228269577026,1
3089,1236,0.9768949747085571,0
3089,409,0.6711273193359375,0
3089,163,0.6596971154212952,0
3089,55,1.2598716020584106,0
3089,2025,0.6739416718482971,0
3089,1669,1.6950223445892334,0
3089,992,0.9759401679039001,0
3089,241,0.6770581007003784,0
3089,1557,0.6707819104194641,0
3089,1706,0.3872806429862976,0
3089,1975,1.0410709381103516,0
3089,1738,0.38036784529685974,0
3089,2038,2.1839606761932373,0
3089,1980,1.3585686683654785,0
3089,2061,0.36922386288642883,0
3089,1350,0.6551015973091125,0
3089,619,0.695198118686676,0
3089,1607,1.0472705364227295,0
3089,2043,0.3905084729194641,0
777,202,1.7154550552368164,1
777,825,0.6996991634368896,0
777,1868,1.1630533933639526,0
777,537,0.6612369418144226,0
777,1495,0.6229316592216492,0
777,884,0.6300503611564636,0
777,971,0.36479806900024414,0
777,715,0.6740810871124268,0
777,469,1.6744561195373535,0
777,889,0.6367054581642151,0
777,190,0.650747537612915,0
777,201,0.3557870388031006,0
777,1855,0.6918150782585144,0
777,589,0.34527915716171265,0
777,934,0.6407901048660278,0
777,1722,0.676628828048706,0
777,702,1.7429982423782349,0
777,1314,0.6675640344619751,0
777,551,0.5755948424339294,0
777,1698,0.3581448495388031,0
1473,919,1.2789098024368286,1
1473,1203,0.9434781670570374,0
1473,1432,0.6934840679168701,0
1473,1277,0.9729913473129272,0
1473,647,0.9430238008499146,0
1473,314,0.37361687421798706,0
1473,579,1.2256510257720947,0
1473,860,0.6373680233955383,0
1473,1417,0.3717889189720154,0
1473,350,0.5746607184410095,0
1473,1089,0.6688878536224365,0
1473,611,0.6801625490188599,0
1473,1577,0.7082995772361755,0
1473,744,0.6114001870155334,0
1473,889,0.6508070230484009,0
1473,268,0.6691263914108276,0
1473,913,1.2747273445129395,0
1473,1205,1.0375689268112183,0
1473,351,0.3592399060726166,0
1473,1979,0.6716426610946655,0
3888,603,0.3513762950897217,1
3888,1081,0.3442222476005554,0
3888,1641,1.3511128425598145,0
3888,1745,0.37268248200416565,0
3888,505,0.5956524014472961,0
3888,827,0.3674239218235016,0
3888,1247,0.3590267300605774,0
3888,1855,0.6876710653305054,0
3888,1373,1.5286883115768433,0
3888,1887,0.6219183802604675,0
3888,980,2.1022603511810303,0
3888,861,1.5234051942825317,0
3888,341,0.36733776330947876,0
3888,2053,0.6376377940177917,0
3888,1215,0.6357225179672241,0
3888,1028,0.6460318565368652,0
3888,733,1.050196647644043,0
3888,1698,0.35660314559936523,0
3888,1129,0.3483547866344452,0
3888,1411,0.6553682088851929,0
1152,717,0.820711612701416,1
1152,21,0.3997378647327423,0
1152,221,0.679315447807312,0
1152,499,0.6412481069564819,0
1152,1420,0.630370557308197,0
1152,14,0.9088782072067261,0
1152,713,0.5938580632209778,0
1152,2075,0.4055156707763672,0
1152,671,0.9407629370689392,0
1152,1671,2.411360025405884,0
1152,53,0.36731356382369995,0
1152,1513,1.2252893447875977,0
1152,1195,0.4001058340072632,0
1152,1218,2.0409936904907227,0
1152,1844,2.8746886253356934,0
1152,774,0.6742513179779053,0
1152,34,0.6236971616744995,0
1152,1767,0.3793332278728485,0
1152,1132,0.8998169898986816,0
1152,15,0.6355409622192383,0
903,30,0.37814295291900635,1
903,1665,0.6224119067192078,0
903,1947,0.5409583449363708,0
903,1400,1.3799365758895874,0
903,121,0.6430867314338684,0
903,1956,0.6475324034690857,0
903,697,0.8504047989845276,0
903,1242,0.561008095741272,0
903,322,0.5916417241096497,0
903,176,1.3826316595077515,0
903,1841,0.3501574397087097,0
903,297,1.4197781085968018,0
903,675,0.6279539465904236,0
903,632,0.5770826935768127,0
903,956,0.8902618288993835,0
903,1763,0.34549474716186523,0
903,2037,0.8300355672836304,0
903,783,0.6134795546531677,0
903,642,0.5835672616958618,0
903,1002,1.1460245847702026,0
4064,515,0.38776811957359314,1
4064,1705,1.122719645500183,0
4064,1050,0.8917154669761658,0
4064,714,0.7281728982925415,0
4064,97,1.5547188520431519,0
4064,1944,0.376650333404541,0
4064,1091,0.6364586353302002,0
4064,846,0.6698176860809326,0
4064,451,0.941827654838562,0
4064,1411,0.6675611734390259,0
4064,1361,0.8887048959732056,0
4064,1702,0.6312304735183716,0
4064,1214,1.4526909589767456,0
4064,1559,1.8438600301742554,0
4064,470,0.61778324842453,0
4064,1065,0.9302078485488892,0
4064,995,1.8695108890533447,0
4064,1113,0.6375719904899597,0
4064,1339,1.0105395317077637,0
4064,858,0.6712955236434937,0
3516,1914,0.8595982193946838,1
3516,48,0.6078855395317078,0
3516,1635,0.35314953327178955,0
3516,3,0.5599057078361511,0
3516,1431,0.560364305973053,0
3516,1758,0.40516483783721924,0
3516,985,0.8255714178085327,0
3516,793,0.36137381196022034,0
3516,1267,0.6155993342399597,0
3516,1963,0.8397641181945801,0
3516,1446,0.6060648560523987,0
3516,978,1.104055404663086,0
3516,1551,0.6290664672851562,0
3516,591,0.6017547845840454,0
3516,774,0.6181636452674866,0
3516,1731,0.6485755443572998,0
3516,858,0.6188212633132935,0
3516,1030,0.5856727361679077,0
3516,1563,0.8203274607658386,0
3516,1216,0.5963557362556458,0
1017,656,0.336346298456192,1
1017,540,0.7572567462921143,0
1017,1503,0.33269593119621277,0
1017,1382,0.5346167683601379,0
1017,545,0.5340114831924438,0
1017,1996,0.5102700591087341,0
1017,206,0.5432531833648682,0
1017,1179,0.515580415725708,0
1017,83,0.5195470452308655,0
1017,1915,0.5310342311859131,0
1017,992,0.7162368893623352,0
1017,178,0.3386341631412506,0
1017,166,0.3645380735397339,0
1017,1713,0.7871166467666626,0
1017,735,0.5441487431526184,0
1017,291,0.5179146528244019,0
1017,573,0.5112202763557434,0
1017,1693,0.8730900883674622,0
1017,71,0.9253379702568054,0
1017,516,0.5300554633140564,0
1115,1520,0.3533793091773987,1
1115,890,0.6834755539894104,0
1115,630,0.35040444135665894,0
1115,1557,0.6483021974563599,0
1115,1486,0.6482768654823303,0
1115,1898,0.6913051009178162,0
1115,1055,0.9471922516822815,0
1115,1429,0.32901307940483093,0
1115,552,1.2916533946990967,0
1115,346,0.3047639727592468,0
1115,1978,1.0272293090820312,0
1115,60,0.6666604280471802,0
1115,289,0.6212495565414429,0
1115,75,0.32997411489486694,0
1115,1626,0.5941534638404846,0
1115,879,0.6290483474731445,0
1115,1942,1.9183660745620728,0
1115,866,0.6371249556541443,0
1115,1357,0.3689323663711548,0
1115,1407,0.9575453996658325,0
3160,1745,0.3664827346801758,1
3160,372,0.3369007408618927,0
3160,1329,0.906143069267273,0
3160,1902,0.38151031732559204,0
3160,812,0.6867706179618835,0
3160,1232,1.3490560054779053,0
3160,1716,0.35320645570755005,0
3160,1503,0.33972489833831787,0
3160,554,0.37256258726119995,0
3160,538,0.6587863564491272,0
3160,586,0.9346639513969421,0
3160,1533,0.617867648601532,0
3160,1574,0.6548482179641724,0
3160,276,0.653448224067688,0
3160,426,1.7634382247924805,0
3160,998,0.6912757754325867,0
3160,712,0.584470272064209,0
3160,509,0.37862926721572876,0
3160,1906,0.3549332618713379,0
3160,1834,0.6393582224845886,0
1036,1571,0.6932638883590698,1
1036,855,0.37411707639694214,0
1036,618,0.5937073230743408,0
1036,781,0.5601212382316589,0
1036,93,0.568101167678833,0
1036,282,0.7597722411155701,0
1036,1576,0.3702874779701233,0
1036,1773,0.5771124958992004,0
1036,1493,0.7922406196594238,0
1036,191,0.5701479911804199,0
1036,2047,0.5699908137321472,0
1036,548,0.5829858779907227,0
1036,1107,1.0363900661468506,0
1036,1267,0.5738474130630493,0
1036,1985,0.7176108956336975,0
1036,1728,0.9897440075874329,0
1036,1059,0.40177470445632935,0
1036,1251,0.5722882151603699,0
1036,1798,0.5927823185920715,0
1036,1631,0.7530767321586609,0
2650,863,1.0097041130065918,1
2650,975,0.4100986421108246,0
2650,1428,0.6135476231575012,0
2650,1960,0.6359707713127136,0
2650,1975,0.8817496299743652,0
2650,1105,0.41968825459480286,0
2650,951,0.40792256593704224,0
2650,1579,0.824950635433197,0
2650,914,1.2206270694732666,0
2650,965,1.4870779514312744,0
2650,1097,0.6068206429481506,0
2650,1623,0.5760369896888733,0
2650,144,0.5946641564369202,0
2650,207,0.6486383080482483,0
2650,426,1.493695855140686,0
2650,1180,0.9406440258026123,0
2650,77,0.4372149407863617,0
2650,2016,0.5859030485153198,0
2650,1187,0.5876009464263916,0
2650,1027,0.5823500752449036,0
1900,1559,2.2059593200683594,1
1900,40,2.0904457569122314,0
1900,1970,0.7326181530952454,0
1900,108,0.6769075989723206,0
1900,736,0.683742344379425,0
1900,948,1.6474356651306152,0
1900,2009,0.6872223615646362,0
1900,532,0.7487006187438965,0
1900,111,0.7421448230743408,0
1900,1848,1.0743603706359863,0
1900,787,0.7984808683395386,0
1900,1976,1.0605823993682861,0
1900,778,1.5934958457946777,0
1900,1890,0.6899908781051636,0
1900,764,0.7314374446868896,0
1900,1787,1.2261191606521606,0
1900,940,0.7430701851844788,0
1900,947,0.7060189247131348,0
1900,1583,0.6955792903900146,0
1900,1193,0.3556223511695862,0
617,400,0.3403346538543701,1
617,130,0.5578378438949585,0
617,1137,1.1900876760482788,0
617,1882,0.34246671199798584,0
617,546,0.5081247091293335,0
617,1107,1.0022733211517334,0
617,1751,0.3584211766719818,0
617,2042,0.34753111004829407,0
617,1923,0.7382267117500305,0
617,615,0.36482828855514526,0
617,1177,0.5362498760223389,0
617,1336,0.5709059238433838,0
617,1621,0.34917622804641724,0
617,1899,0.5267828702926636,0
617,1695,0.36331701278686523,0
617,1973,0.3644128739833832,0
617,362,0.7812831401824951,0
617,345,3.318716526031494,0
617,760,1.3588266372680664,0
617,1008,0.5652720332145691,0
820,1403,0.5905417203903198,1
820,55,1.1359810829162598,0
820,762,0.8672412633895874,0
820,852,0.6456186771392822,0
820,495,0.6645665168762207,0
820,691,0.7034377455711365,0
820,498,0.6388442516326904,0
820,148,1.223597526550293,0
820,1825,1.0689013004302979,0
820,1854,0.39882469177246094,0
820,864,0.6457402110099792,0
820,435,0.6443246603012085,0
820,1444,0.6510447859764099,0
820,1630,0.939399003982544,0
820,1202,0.6014614105224609,0
820,855,0.3757286071777344,0
820,2066,0.6507313847541809,0
820,1442,0.6937187910079956,0
820,868,0.7060789465904236,0
820,1130,0.6226279139518738,0
205,1136,0.6626655459403992,1
205,817,0.3852144777774811,0
205,1171,0.7006185054779053,0
205,1818,1.3607544898986816,0
205,1973,0.41379860043525696,0
205,276,0.6655066013336182,0
205,373,0.909294068813324,0
205,1111,0.38962802290916443,0
205,1017,0.6064131259918213,0
205,484,0.3575005531311035,0
205,1625,0.4163215458393097,0
205,164,0.7214819192886353,0
205,1562,0.6741422414779663,0
205,1234,0.5822066068649292,0
205,285,0.6938731074333191,0
205,1332,0.9267762899398804,0
205,394,0.6255964636802673,0
205,1918,0.9697654247283936,0
205,1174,0.6631963849067688,0
205,139,1.547980546951294,0
821,1278,3.796003818511963,1
821,974,0.6489665508270264,0
821,117,1.3151580095291138,0
821,989,1.5195869207382202,0
821,1647,0.38006412982940674,0
821,1564,1.6250203847885132,0
821,1211,0.6759224534034729,0
821,1571,0.8461898565292358,0
821,1146,0.6588646769523621,0
821,959,1.0635300874710083,0
821,1611,0.342102587223053,0
821,509,0.38440296053886414,0
821,811,0.6104112267494202,0
821,2064,0.6341690421104431,0
821,979,0.6305395364761353,0
821,491,0.3811004161834717,0
821,910,0.6530039310455322,0
821,1548,1.2168492078781128,0
821,1849,0.6848263740539551,0
821,1092,1.4080939292907715,0
738,13,1.2637269496917725,1
738,756,0.9900965094566345,0
738,863,0.9010463356971741,0
738,435,0.5508493185043335,0
738,318,0.5749169588088989,0
738,246,0.5577894449234009,0
738,757,0.5370317697525024,0
738,1162,0.3343527913093567,0
738,1596,0.5643390417098999,0
738,1199,0.3698766529560089,0
738,2039,0.7417424321174622,0
738,483,1.559401512145996,0
738,527,0.5079132318496704,0
738,1553,0.5489340424537659,0
738,1461,0.5417883396148682,0
738,1578,1.5558953285217285,0
738,1348,0.7669347524642944,0
738,155,0.5225698947906494,0
738,1077,0.7135049104690552,0
738,1154,0.3696877360343933,0
1920,1877,4.008898735046387,1
1920,1762,1.2477073669433594,0
1920,896,0.5962422490119934,0
1920,457,0.593140721321106,0
1920,1087,0.5718716382980347,0
1920,1161,0.3812825381755829,0
1920,35,0.5628470182418823,0
1920,1337,0.6176355481147766,0
1920,1736,0.5678672790527344,0
1920,1158,0.5601643323898315,0
1920,2050,0.7478679418563843,0
1920,1824,0.31987839937210083,0
1920,759,0.5544679760932922,0
1920,959,0.8511848449707031,0
1920,681,0.5231636762619019,0
1920,1884,0.8523607850074768,0
1920,1011,1.144834041595459,0
1920,1387,0.3757760524749756,0
1920,231,1.0608198642730713,0
1920,536,0.5823367238044739,0
984,1725,0.8969216346740723,1
984,1196,0.5810053944587708,0
984,1269,0.655616044998169,0
984,1928,1.0813288688659668,0
984,1888,0.6406545042991638,0
984,560,0.6792200207710266,0
984,783,0.6392593383789062,0
984,1221,0.6444212794303894,0
984,1658,3.530381917953491,0
984,1163,0.6156318783760071,0
984,1091,0.5975204706192017,0
984,2012,0.6495429873466492,0
984,624,2.124535083770752,0
984,170,0.6310480237007141,0
984,1111,0.3359941244125366,0
984,167,0.6136197447776794,0
984,1781,0.6308322548866272,0
984,1789,0.6554272174835205,0
984,1464,0.5976948738098145,0
984,857,0.32670319080352783,0
1426,1367,0.3722684979438782,1
1426,642,0.6348779201507568,0
1426,865,0.6613795161247253,0
1426,873,0.33604586124420166,0
1426,1410,0.6961671113967896,0
1426,155,0.625784158706665,0
1426,336,0.6656954288482666,0
1426,401,0.6903969645500183,0
1426,99,0.3580052852630615,0
1426,565,0.976771891117096,0
1426,1269,0.6866676211357117,0
1426,2026,1.008324146270752,0
1426,1381,0.949683666229248,0
1426,1045,0.68010014295578,0
1426,1518,1.7964353561401367,0
1426,301,0.9942882061004639,0
1426,696,0.9413595199584961,0
1426,2067,0.6514603495597839,0
1426,1070,0.6732000708580017,0
1426,1535,1.4511940479278564,0
2102,239,0.34843796491622925,1
2102,688,0.6192294359207153,0
2102,1509,0.970809817314148,0
2102,1362,0.5958438515663147,0
2102,553,0.5944398641586304,0
2102,141,0.5897825360298157,0
2102,1206,0.3570219874382019,0
2102,1145,0.5938847661018372,0
2102,214,0.3605126142501831,0
2102,101,1.6948070526123047,0
2102,421,0.37777698040008545,0
2102,1985,0.8014082312583923,0
2102,563,0.3682689666748047,0
2102,1877,4.584105014801025,0
2102,560,0.6282612681388855,0
2102,1897,0.575690507888794,0
2102,1960,0.6203258633613586,0
2102,1640,0.8536795377731323,0
2102,695,0.6248756051063538,0
2102,217,0.5892101526260376,0
2845,2001,0.3628540337085724,1
2845,821,0.33581972122192383,0
2845,434,0.5668748617172241,0
2845,1716,0.3333594501018524,0
2845,1282,0.5814782381057739,0
2845,676,0.7160659432411194,0
2845,444,0.5528268814086914,0
2845,1701,0.3240926265716553,0
2845,1314,0.5688928961753845,0
2845,502,0.5805625915527344,0
2845,1073,0.35066092014312744,0
2845,1036,0.5468844175338745,0
2845,1155,0.537662148475647,0
2845,873,0.33172863721847534,0
2845,2049,0.5355427861213684,0
2845,1730,0.7190650701522827,0
2845,1679,0.5172876715660095,0
2845,1868,0.894325315952301,0
2845,139,1.2491607666015625,0
2845,1965,0.6758195757865906,0
3109,1698,0.3693327307701111,1
3109,969,0.7458321452140808,0
3109,855,0.3708767294883728,0
3109,1432,0.7354873418807983,0
3109,54,0.6698804497718811,0
3109,1420,0.6615346074104309,0
3109,1306,0.6200104355812073,0
3109,522,0.6748712062835693,0
3109,745,1.0853146314620972,0
3109,995,2.1783053874969482,0
3109,1738,0.37909600138664246,0
3109,23,0.3812166154384613,0
3109,1985,0.9502122402191162,0
3109,665,0.40573641657829285,0
3109,1453,0.7010522484779358,0
3109,1094,0.7100609540939331,0
3109,1158,0.6641207933425903,0
3109,941,0.6510775089263916,0
3109,2065,0.6842520833015442,0
3109,1791,0.37886297702789307,0
2637,1944,0.3796260952949524,1
2637,917,0.7716984152793884,0
2637,1191,0.3733298182487488,0
2637,637,1.925438404083252,0
2637,532,0.7386682033538818,0
2637,1825,1.2228033542633057,0
2637,1640,1.0429307222366333,0
2637,1293,0.3567482829093933,0
2637,886,0.731099009513855,0
2637,179,1.037472128868103,0
2637,1970,0.7433064579963684,0
2637,204,0.7124938368797302,0
2637,592,0.7352232336997986,0
2637,1108,0.7131473422050476,0
2637,974,0.6879667639732361,0
2637,741,0.7212782502174377,0
2637,1382,0.6927913427352905,0
2637,55,1.2711971998214722,0
2637,411,0.3610844612121582,0
2637,530,0.9920649528503418,0
2808,384,0.3995281159877777,1
2808,17,0.6521908044815063,0
2808,328,1.3240491151809692,0
2808,1115,0.6500251293182373,0
2808,922,0.6491966247558594,0
2808,495,0.6893907189369202,0
2808,1239,0.6733089089393616,0
2808,1352,0.6348320245742798,0
2808,1611,0.3455333709716797,0
2808,636,0.6193726062774658,0
2808,1092,1.4020754098892212,0
2808,1522,0.9221283793449402,0
2808,1261,0.6146710515022278,0
2808,703,0.6288799047470093,0
2808,1810,0.7230942845344543,0
2808,1877,5.709425926208496,0
2808,1216,0.6599915623664856,0
2808,695,0.6886622309684753,0
2808,995,2.1151342391967773,0
2808,2030,1.2050061225891113,0
4002,577,0.34670424461364746,1
4002,858,0.6282920837402344,0
4002,1264,0.6235913634300232,0
4002,1649,0.6239411234855652,0
4002,1671,2.3288967609405518,0
4002,1818,1.3277497291564941,0
4002,1044,0.32158905267715454,0
4002,92,0.6261312365531921,0
4002,180,0.5807049870491028,0
4002,14,0.8684754371643066,0
4002,1379,1.2343711853027344,0
4002,248,0.5927305817604065,0
4002,91,0.8517512083053589,0
4002,1998,0.554463803768158,0
4002,1284,0.5874346494674683,0
4002,158,0.6544881463050842,0
4002,1907,0.9084444046020508,0
4002,1576,0.3418731391429901,0
4002,1573,0.6146697998046875,0
4002,1911,0.7712624669075012,0
495,344,0.3662180006504059,1
495,87,0.38722431659698486,0
495,1138,0.6033141613006592,0
495,943,0.5253173112869263,0
495,458,0.541196882724762,0
495,289,0.5678402185440063,0
495,2044,1.0615010261535645,0
495,1260,0.6348402500152588,0
495,1556,0.518458366394043,0
495,309,0.5654606819152832,0
495,1469,0.5368592739105225,0
495,1001,0.34638071060180664,0
495,2000,0.8419153094291687,0
495,298,0.5857380032539368,0
495,1760,1.0945920944213867,0
495,1737,0.34196197986602783,0
495,1575,0.5392055511474609,0
495,1253,0.571240246295929,0
495,925,0.35748130083084106,0
495,845,1.1121470928192139,0
3792,1018,0.36911576986312866,1
3792,674,0.633815348148346,0
3792,1755,0.6544342637062073,0
3792,521,0.3620505928993225,0
3792,971,0.3617457151412964,0
3792,1141,0.6519002914428711,0
3792,1767,0.36070847511291504,0
3792,1071,0.6362266540527344,0
3792,1305,0.3657161593437195,0
3792,923,3.0713531970977783,0
3792,567,1.6487770080566406,0
3792,1706,0.3690831661224365,0
3792,626,0.6905174851417542,0
3792,175,0.7120559811592102,0
3792,1261,0.6116883158683777,0
3792,52,0.6623995900154114,0
3792,765,1.4102916717529297,0
3792,196,0.35992974042892456,0
3792,446,0.3326435387134552,0
3792,1007,0.6714009046554565,0
696,993,0.7681969404220581,1
696,1566,0.5741382241249084,0
696,663,0.585338830947876,0
696,889,0.5897760391235352,0
696,1353,0.6507595181465149,0
696,725,0.393818199634552,0
696,1730,0.803094744682312,0
696,459,0.3471886217594147,0
696,555,0.36850249767303467,0
696,391,0.38646361231803894,0
696,157,0.5647686123847961,0
696,1154,0.3904731273651123,0
696,851,0.5640869736671448,0
696,1997,0.5684759616851807,0
696,205,0.5656189918518066,0
696,572,1.3509917259216309,0
696,1336,0.6231598854064941,0
696,1236,0.7963228821754456,0
696,214,0.38408154249191284,0
696,1250,0.7941904664039612,0
1187,174,0.6517019867897034,1
1187,930,1.2467511892318726,0
1187,1001,0.3423810303211212,0
1187,40,1.8568283319473267,0
1187,1714,0.9730251431465149,0
1187,1508,0.9213787317276001,0
1187,1747,0.4072715640068054,0
1187,812,0.7131883502006531,0
1187,113,0.6028288006782532,0
1187,1214,1.5633082389831543,0
1187,552,1.2758969068527222,0
1187,1552,0.6354600787162781,0
1187,1318,0.6908395886421204,0
1187,72,0.6529538631439209,0
1187,272,0.6376200318336487,0
1187,269,0.73904949426651,0
1187,956,1.0077154636383057,0
1187,1319,0.35938626527786255,0
1187,1444,0.6598548293113708,0
1187,986,1.0120787620544434,0
3064,1803,0.3762572109699249,1
3064,59,0.8978571891784668,0
3064,281,0.34807300567626953,0
3064,330,2.3921308517456055,0
3064,1335,0.5946154594421387,0
3064,1008,0.6525053977966309,0
3064,1263,0.6618795990943909,0
3064,798,0.8953073024749756,0
3064,1933,0.5847359299659729,0
3064,1353,0.6870899200439453,0
3064,1005,0.6931199431419373,0
3064,1208,0.34465324878692627,0
3064,1441,0.636498749256134,0
3064,804,0.60597825050354,0
3064,2032,0.6391717791557312,0
3064,1019,1.1510534286499023,0
3064,826,0.6458627581596375,0
3064,1235,0.631804347038269,0
3064,1693,1.164420247077942,0
3064,1972,1.2710227966308594,0
1382,235,1.8172838687896729,1
1382,306,0.6598483324050903,0
1382,119,0.3690689206123352,0
1382,1486,0.6746631860733032,0
1382,482,1.3170729875564575,0
1382,230,0.6775407791137695,0
1382,1947,0.6039929389953613,0
1382,864,0.6650698184967041,0
1382,1819,0.6417550444602966,0
1382,1634,0.6992791295051575,0
1382,1635,0.3646251857280731,0
1382,2051,1.6113868951797485,0
1382,1331,0.3736000657081604,0
1382,1185,0.6080658435821533,0
1382,20,0.9344200491905212,0
1382,1232,1.4213138818740845,0
1382,1638,0.6618223190307617,0
1382,382,0.391019344329834,0
1382,494,0.5872191786766052,0
1382,1525,1.624955415725708,0
1434,624,2.097022294998169,1
1434,604,0.3341303765773773,0
1434,807,0.6740566492080688,0
1434,363,0.3405248522758484,0
1434,563,0.35303443670272827,0
1434,986,0.9827700853347778,0
1434,1616,0.6796364784240723,0
1434,259,0.6753990650177002,0
1434,1881,0.8714150786399841,0
1434,1780,0.5929303765296936,0
1434,591,0.601699709892273,0
1434,411,0.3243721127510071,0
1434,79,0.9408295750617981,0
1434,481,0.6457929015159607,0
1434,1688,0.3673083186149597,0
1434,1332,0.9235614538192749,0
1434,1429,0.3219575881958008,0
1434,1808,1.1688936948776245,0
1434,976,1.1231993436813354,0
1434,1168,0.8747789859771729,0
1969,1954,0.4229409396648407,1
1969,1436,0.6251683831214905,0
1969,1486,0.6696687936782837,0
1969,77,0.42955726385116577,0
1969,1728,1.2238389253616333,0
1969,796,0.6717547178268433,0
1969,1555,0.6755464673042297,0
1969,512,0.6670292019844055,0
1969,439,2.097703218460083,0
1969,1381,0.8932976722717285,0
1969,377,0.9948036074638367,0
1969,1684,0.6395906805992126,0
1969,1831,0.6821607947349548,0
1969,1075,0.4129646122455597,0
1969,132,0.696860671043396,0
1969,1266,0.6805974841117859,0
1969,2021,0.6794840097427368,0
1969,236,0.6624206304550171,0
1969,1971,1.9600011110305786,0
1969,86,0.9641970992088318,0
3353,1825,1.048475742340088,1
3353,400,0.36990591883659363,0
3353,1826,0.6503035426139832,0
3353,92,0.6566689014434814,0
3353,158,0.6813369989395142,0
3353,1792,0.8656325936317444,0
3353,601,0.36141669750213623,0
3353,356,0.3808598220348358,0
3353,54,0.6461966037750244,0
3353,1057,0.3658861517906189,0
3353,448,0.6884399056434631,0
3353,841,1.9578979015350342,0
3353,971,0.3775646686553955,0
3353,193,1.1549025774002075,0
3353,1171,0.6807209849357605,0
3353,178,0.3635382652282715,0
3353,238,1.117051601409912,0
3353,1607,0.9693623185157776,0
3353,711,0.8910681009292603,0
3353,1327,0.9451630115509033,0
572,1168,0.9829902648925781,1
572,849,0.6520811319351196,0
572,540,1.0904526710510254,0
572,84,0.7008512020111084,0
572,1328,0.7302241325378418,0
572,724,0.6150999665260315,0
572,432,0.7028586268424988,0
572,694,0.3520039916038513,0
572,1803,0.35996708273887634,0
572,1124,3.897120475769043,0
572,995,2.2357287406921387,0
572,1167,0.6791346073150635,0
572,824,1.0555838346481323,0
572,515,0.3597358465194702,0
572,1508,0.9772984981536865,0
572,526,0.7272486090660095,0
572,768,0.7065561413764954,0
572,1682,0.7616331577301025,0
572,1037,0.7320805191993713,0
572,962,2.2907304763793945,0
546,202,1.41060209274292,1
546,1224,1.30218505859375,0
546,430,0.5638903975486755,0
546,1675,0.583554744720459,0
546,378,0.35711508989334106,0
546,1106,0.5454612374305725,0
546,1953,1.0323066711425781,0
546,641,0.5856310725212097,0
546,1005,0.6231979727745056,0
546,1152,0.3420744240283966,0
546,574,0.5635834336280823,0
546,401,0.6000968813896179,0
546,1720,0.7753150463104248,0
546,826,0.5729448199272156,0
546,1284,0.5500293374061584,0
546,968,0.742887020111084,0
546,1664,1.6075525283813477,0
546,1494,0.7591321468353271,0
546,25,0.5699643492698669,0
546,1438,0.3420007824897766,0
3070,590,2.1303584575653076,1
3070,1329,0.8756079077720642,0
3070,40,1.7012794017791748,0
3070,519,0.6247747540473938,0
3070,1989,0.6197147369384766,0
3070,943,0.5756206512451172,0
3070,1317,0.6406704187393188,0
3070,136,0.5929869413375854,0
3070,1139,0.6382046937942505,0
3070,1210,0.9553935527801514,0
3070,700,1.7461909055709839,0
3070,816,0.9072870016098022,0
3070,2070,0.6290175914764404,0
3070,1014,1.01364266872406,0
3070,5,0.3661383390426636,0
3070,315,0.6700915098190308,0
3070,1771,0.6453297734260559,0
3070,724,0.5967808961868286,0
3070,1580,0.9228388071060181,0
3070,601,0.35874366760253906,0
22,120,0.9907901287078857,1
22,1956,0.6003766655921936,0
22,1908,0.36408567428588867,0
22,354,0.39642778038978577,0
22,761,0.5556098818778992,0
22,1628,0.5621809363365173,0
22,1636,1.1473406553268433,0
22,1444,0.5944668054580688,0
22,1772,0.5730926394462585,0
22,1396,0.739946722984314,0
22,1713,0.8619106411933899,0
22,39,0.5719822645187378,0
22,14,0.7479445338249207,0
22,1179,0.5449820160865784,0
22,1307,0.5809269547462463,0
22,2049,0.5603684186935425,0
22,352,0.5691567659378052,0
22,222,0.5753186345100403,0
22,306,0.5572034120559692,0
22,956,0.798815131187439,0
3976,1816,0.37122470140457153,1
3976,1155,0.6778948307037354,0
3976,1362,0.6510711312294006,0
3976,1712,1.2506335973739624,0
3976,162,0.6553650498390198,0
3976,624,2.148122787475586,0
3976,1182,1.0035635232925415,0
3976,928,0.6635364890098572,0
3976,758,0.6970926523208618,0
3976,1910,0.35711318254470825,0
3976,1229,0.7199110388755798,0
3976,768,0.6864800453186035,0
3976,385,0.6854739785194397,0
3976,38,0.37640684843063354,0
3976,1442,0.7241837382316589,0
3976,1251,0.6607928276062012,0
3976,378,0.39960381388664246,0
3976,1846,1.4811372756958008,0
3976,1545,1.1990751028060913,0
3976,1638,0.6517888903617859,0
3747,281,0.34509310126304626,1
3747,417,1.675917625427246,0
3747,268,0.6814177632331848,0
3747,1820,0.6646315455436707,0
3747,339,0.6154472231864929,0
3747,863,1.2027366161346436,0
3747,261,0.6748319268226624,0
3747,1805,0.6541566252708435,0
3747,1019,1.2730634212493896,0
3747,1029,0.6349931955337524,0
3747,1481,0.6401703357696533,0
3747,1631,0.9888935089111328,0
3747,1596,0.7099462747573853,0
3747,715,0.7114385366439819,0
3747,1124,3.5148513317108154,0
3747,1718,0.6789880990982056,0
3747,1288,0.6461386680603027,0
3747,1958,0.6860125064849854,0
3747,2036,1.6053075790405273,0
3747,49,1.7381107807159424,0
3397,464,0.6556501388549805,1
3397,1868,1.1336032152175903,0
3397,1401,0.6425473093986511,0
3397,1604,0.40254122018814087,0
3397,1960,0.6428994536399841,0
3397,291,0.5928857922554016,0
3397,1514,0.6392651200294495,0
3397,232,0.38739538192749023,0
3397,566,0.37039270997047424,0
3397,56,0.6115529537200928,0
3397,340,0.8648210763931274,0
3397,230,0.6549182534217834,0
3397,1615,0.6563796401023865,0
3397,1398,0.6217713952064514,0
3397,951,0.36840009689331055,0
3397,814,0.611831784248352,0
3397,1613,0.3688303232192993,0
3397,973,0.632011353969574,0
3397,1789,0.6619275212287903,0
3397,1696,0.63201504945755,0
95,1323,1.8978736400604248,1
95,1916,0.37455135583877563,0
95,336,0.5660344958305359,0
95,1796,0.7457348108291626,0
95,650,0.5490216016769409,0
95,1567,1.123561978340149,0
95,566,0.37615326046943665,0
95,735,0.5598945021629333,0
95,106,0.8979997038841248,0
95,893,0.36472925543785095,0
95,1913,0.8829991817474365,0
95,242,0.5374472737312317,0
95,1338,0.5012826919555664,0
95,1817,0.35534653067588806,0
95,497,0.5731694102287292,0
95,30,0.4021180272102356,0
95,1809,0.7539643049240112,0
95,1227,0.5010484457015991,0
95,894,0.5688686370849609,0
95,966,0.6003720164299011,0
3420,28,0.39050427079200745,1
3420,1740,0.3663920760154724,0
3420,736,0.6074775457382202,0
3420,812,0.6881284117698669,0
3420,1939,0.5998735427856445,0
3420,934,0.6390787959098816,0
3420,1857,0.5963426828384399,0
3420,901,0.35562238097190857,0
3420,823,1.1585867404937744,0
3420,405,0.6273012757301331,0
3420,1476,0.8394783139228821,0
3420,1310,1.1679185628890991,0
3420,678,0.6773476004600525,0
3420,1772,0.634993314743042,0
3420,403,0.663246750831604,0
3420,1837,0.6480192542076111,0
3420,254,0.6422555446624756,0
3420,274,0.6603807806968689,0
3420,919,1.2266216278076172,0
3420,282,0.9213319420814514,0
1657,1323,2.871721029281616,1
1657,1446,0.6734245419502258,0
1657,694,0.3585185408592224,0
1657,1755,0.6422557830810547,0
1657,908,0.6139472723007202,0
1657,811,0.6007928252220154,0
1657,121,0.6903619766235352,0
1657,1144,0.6464676260948181,0
1657,665,0.3924936354160309,0
1657,932,1.4516880512237549,0
1657,1306,0.6012171506881714,0
1657,1850,0.6455799341201782,0
1657,824,0.9895370602607727,0
1657,15,0.6329042315483093,0
1657,905,0.3415541350841522,0
1657,101,1.9874792098999023,0
1657,1522,0.9067651033401489,0
1657,1658,3.735384464263916,0
1657,1951,0.9976272583007812,0
1657,809,0.5922202467918396,0
3146,425,0.32455843687057495,1
3146,1323,2.877244234085083,0
3146,61,0.5995282530784607,0
3146,17,0.617878258228302,0
3146,75,0.3249486982822418,0
3146,1816,0.3274914622306824,0
3146,1658,3.6460366249084473,0
3146,1926,0.6479811668395996,0
3146,73,0.640215277671814,0
3146,705,0.356179416179657,0
3146,1925,0.6487658619880676,0
3146,1075,0.34887591004371643,0
3146,878,0.33356523513793945,0
3146,1365,1.2644128799438477,0
3146,97,1.5901463031768799,0
3146,645,0.6472153067588806,0
3146,430,0.6223705410957336,0
3146,49,1.6898415088653564,0
3146,753,0.5735533833503723,0
3146,1010,0.6400786638259888,0
915,2051,1.5685193538665771,1
915,1177,0.6465447545051575,0
915,521,0.3912060260772705,0
915,2044,1.455625295639038,0
915,937,0.35981547832489014,0
915,1828,1.1355063915252686,0
915,1081,0.35214853286743164,0
915,741,0.673465371131897,0
915,1559,1.9437040090560913,0
915,1281,0.3733232021331787,0
915,862,0.6437366604804993,0
915,1794,0.39049291610717773,0
915,1818,1.4220843315124512,0
915,17,0.6538323760032654,0
915,395,0.9343964457511902,0
915,342,0.6920260787010193,0
915,60,0.6958014965057373,0
915,1506,0.3586364686489105,0
915,831,1.2001625299453735,0
915,69,0.3349079489707947,0
552,466,0.6377993822097778,1
552,1989,0.6645581126213074,0
552,645,0.6860275864601135,0
552,418,0.647840678691864,0
552,1674,0.3887777030467987,0
552,653,0.3821573257446289,0
552,621,1.319047212600708,0
552,1919,0.6267428994178772,0
552,1892,0.376585453748703,0
552,182,1.2070748805999756,0
552,1110,1.015371561050415,0
552,366,0.9451007843017578,0
552,194,0.58989417552948,0
552,234,0.9174540042877197,0
552,1719,0.9902353882789612,0
552,1823,1.2117681503295898,0
552,410,1.0449703931808472,0
552,1495,0.6428911685943604,0
552,255,0.662178635597229,0
552,525,0.700709342956543,0
3736,450,0.4073726534843445,1
3736,1702,0.6686806678771973,0
3736,1053,1.3637800216674805,0
3736,1539,0.651980996131897,0
3736,442,0.40082746744155884,0
3736,794,0.6951767206192017,0
3736,652,1.013941764831543,0
3736,713,0.6037430167198181,0
3736,499,0.6711339354515076,0
3736,9,0.4116511642932892,0
3736,1936,2.1051676273345947,0
3736,836,1.500806212425232,0
3736,1297,0.6563398241996765,0
3736,518,0.6814630031585693,0
3736,399,0.6577606797218323,0
3736,1666,1.0147696733474731,0
3736,456,0.726206362247467,0
3736,966,0.7235188484191895,0
3736,1867,1.5347857475280762,0
3736,1301,0.6765058636665344,0
3756,723,0.360404908657074,1
3756,615,0.37888747453689575,0
3756,39,0.6794087290763855,0
3756,38,0.33992406725883484,0
3756,516,0.6541557908058167,0
3756,1732,1.208480715751648,0
3756,1797,1.2612665891647339,0
3756,997,0.6662958264350891,0
3756,1601,0.6858770847320557,0
3756,532,0.6806700825691223,0
3756,172,0.3601912260055542,0
3756,406,0.6669734716415405,0
3756,1985,0.8593384623527527,0
3756,1634,0.6622361540794373,0
3756,818,0.94118732213974,0
3756,1023,1.3033947944641113,0
3756,1126,0.5910577774047852,0
3756,181,0.6663686633110046,0
3756,162,0.6354016661643982,0
3756,1533,0.6119404435157776,0
2814,29,0.4080381989479065,1
2814,1878,1.0011844635009766,0
2814,1780,0.6332152485847473,0
2814,1198,0.9857160449028015,0
2814,1248,0.9787904024124146,0
2814,1345,0.38862520456314087,0
2814,317,0.6760519742965698,0
2814,1383,0.721045732498169,0
2814,1083,0.40876033902168274,0
2814,98,0.6317616105079651,0
2814,445,0.668527364730835,0
2814,430,0.6685234308242798,0
2814,1255,1.2884323596954346,0
2814,247,0.4395855963230133,0
2814,736,0.6588175892829895,0
2814,653,0.38081151247024536,0
2814,1339,1.0389931201934814,0
2814,2013,0.9645861387252808,0
2814,758,0.67982017993927,0
2814,1797,1.2536307573318481,0
3665,1154,0.37635815143585205,1
3665,582,0.6015857458114624,0
3665,1371,0.6020087003707886,0
3665,1937,0.5999658107757568,0
3665,1615,0.6061965823173523,0
3665,1857,0.5734447240829468,0
3665,654,1.3593933582305908,0
3665,1376,0.5896044373512268,0
3665,747,0.6109686493873596,0
3665,811,0.5364336967468262,0
3665,1543,0.6318780183792114,0
3665,263,0.5746826529502869,0
3665,113,0.5590958595275879,0
3665,380,0.3750528395175934,0
3665,266,0.6063997149467468,0
3665,1944,0.3529789447784424,0
3665,1981,0.8097281455993652,0
3665,1831,0.5971153974533081,0
3665,944,0.5982595086097717,0
3665,1427,0.5829269289970398,0
3563,1599,0.3751305937767029,1
3563,704,0.6310975551605225,0
3563,611,0.6789305806159973,0
3563,1081,0.36435240507125854,0
3563,882,0.7396931052207947,0
3563,2038,2.0069985389709473,0
3563,248,0.6358736753463745,0
3563,179,0.9720616936683655,0
3563,223,0.6199328303337097,0
3563,1947,0.6046510934829712,0
3563,12,0.9974071383476257,0
3563,1328,0.7126381397247314,0
3563,1804,0.6965749859809875,0
3563,1220,0.6912785172462463,0
3563,1723,2.3682851791381836,0
3563,1917,2.0028274059295654,0
3563,1550,0.6470223665237427,0
3563,494,0.5928823351860046,0
3563,2071,0.6548995971679688,0
3563,1437,1.1779661178588867,0
211,1712,0.982093334197998,1
211,93,0.5735819339752197,0
211,1384,0.5469355583190918,0
211,1237,0.41397374868392944,0
211,61,0.5498136281967163,0
211,514,0.6083188652992249,0
211,1847,0.542068362236023,0
211,274,0.6013089418411255,0
211,694,0.38910627365112305,0
211,1692,0.5632609128952026,0
211,520,0.5936284065246582,0
211,1435,0.5709553956985474,0
211,550,0.566332995891571,0
211,979,0.5586313009262085,0
211,180,0.5541476011276245,0
211,1591,0.553796112537384,0
211,596,0.8436397314071655,0
211,2028,0.815611720085144,0
211,1032,0.5594863295555115,0
211,168,0.576621413230896,0
2757,1844,2.9481310844421387,1
2757,242,0.6496567726135254,0
2757,829,0.7080791592597961,0
2757,2023,0.7930953502655029,0
2757,38,0.39677345752716064,0
2757,1441,0.7263420224189758,0
2757,817,0.4113791584968567,0
2757,239,0.39309507608413696,0
2757,1353,0.7709326148033142,0
2757,574,0.6854115724563599,0
2757,1126,0.624028205871582,0
2757,567,1.6357707977294922,0
2757,1361,0.947497546672821,0
2757,373,1.0058166980743408,0
2757,393,0.7922115325927734,0
2757,2080,0.6973156332969666,0
2757,1461,0.6702322363853455,0
2757,1045,0.7230119109153748,0
2757,591,0.679250955581665,0
2757,1120,1.2105765342712402,0
4159,1999,0.9278971552848816,1
4159,1613,0.35656899213790894,0
4159,1440,0.540736973285675,0
4159,71,0.9484648704528809,0
4159,284,0.5715824961662292,0
4159,679,0.5460848808288574,0
4159,1910,0.3318375051021576,0
4159,311,0.7490493059158325,0
4159,832,0.3667639493942261,0
4159,1519,2.2957816123962402,0
4159,1294,0.9027594327926636,0
4159,708,0.5638323426246643,0
4159,1920,0.5276674628257751,0
4159,1741,0.5447012782096863,0
4159,274,0.5649034380912781,0
4159,1427,0.5433028936386108,0
4159,1036,0.554791271686554,0
4159,62,0.330101877450943,0
4159,1728,0.9309020042419434,0
4159,1375,0.586557149887085,0
1694,281,0.34002965688705444,1
1694,1639,0.6053763628005981,0
1694,452,0.6287370920181274,0
1694,2031,0.6490607261657715,0
1694,1016,0.609292209148407,0
1694,2024,0.6701016426086426,0
1694,671,0.9128027558326721,0
1694,1577,0.6919237375259399,0
1694,2021,0.6698452234268188,0
1694,1594,0.6495947241783142,0
1694,753,0.5563420653343201,0
1694,970,0.6059438586235046,0
1694,1554,0.6563094854354858,0
1694,1470,0.6349941492080688,0
1694,579,1.1459240913391113,0
1694,667,0.6142505407333374,0
1694,84,0.6546682119369507,0
1694,1747,0.3999464511871338,0
1694,955,0.6302387118339539,0
1694,1637,0.6071368455886841,0
3293,1548,0.940886914730072,1
3293,970,0.5699378848075867,0
3293,1110,0.8014758825302124,0
3293,1298,0.5628864169120789,0
3293,848,0.5454726219177246,0
3293,354,0.4023570418357849,0
3293,1337,0.6314831376075745,0
3293,1138,0.6161571741104126,0
3293,1267,0.5785847306251526,0
3293,1686,0.9518908262252808,0
3293,1719,0.8065460324287415,0
3293,148,0.99931401014328,0
3293,1843,1.1228437423706055,0
3293,1073,0.38029664754867554,0
3293,984,0.590455174446106,0
3293,709,0.546339750289917,0
3293,720,0.7566249370574951,0
3293,544,0.5357576608657837,0
3293,1820,0.5762780904769897,0
3293,2027,0.5942032933235168,0
1781,1160,2.161350965499878,1
1781,1200,0.6339014768600464,0
1781,693,0.6841153502464294,0
1781,1835,0.6213068962097168,0
1781,956,0.9775902032852173,0
1781,300,0.361456960439682,0
1781,1440,0.6372022032737732,0
1781,1422,0.3508185148239136,0
1781,1205,1.0230194330215454,0
1781,1616,0.7090358138084412,0
1781,1161,0.36690348386764526,0
1781,1426,0.7110484838485718,0
1781,396,0.5883650779724121,0
1781,953,0.9021846055984497,0
1781,399,0.634472668170929,0
1781,1336,0.6470774412155151,0
1781,482,1.2796058654785156,0
1781,1378,0.6896663904190063,0
1781,562,0.7012605667114258,0
1781,2071,0.6332405209541321,0
417,643,0.6389214396476746,1
417,1005,0.6682690978050232,0
417,74,1.1380503177642822,0
417,34,0.5948963761329651,0
417,1129,0.3223503828048706,0
417,351,0.34424513578414917,0
417,745,0.9531071186065674,0
417,24,0.6112480759620667,0
417,994,0.35457712411880493,0
417,1377,0.88527512550354,0
417,402,0.6012386083602905,0
417,2062,5.826801776885986,0
417,1819,0.5910936594009399,0
417,464,0.6387039422988892,0
417,2014,0.33465349674224854,0
417,746,0.595566987991333,0
417,217,0.5932963490486145,0
417,359,0.6510179042816162,0
417,1970,0.6475800275802612,0
417,1131,0.6389690041542053,0
1847,1823,0.967299222946167,1
1847,490,0.5815203785896301,0
1847,1503,0.31213730573654175,0
1847,974,0.5490725040435791,0
1847,673,0.3681800365447998,0
1847,1997,0.5381327271461487,0
1847,1481,0.5590143799781799,0
1847,527,0.5231130123138428,0
1847,661,1.2490580081939697,0
1847,1417,0.347434401512146,0
1847,1136,0.5821999907493591,0
1847,77,0.35926172137260437,0
1847,1116,0.5460674166679382,0
1847,396,0.5320375561714172,0
1847,80,0.8008917570114136,0
1847,713,0.5241042971611023,0
1847,696,0.7106292843818665,0
1847,1260,0.6151561737060547,0
1847,1160,1.681790828704834,0
1847,936,0.8147580623626709,0
2332,847,0.9834784865379333,1
2332,520,0.685182511806488,0
2332,1219,0.6672587990760803,0
2332,1837,0.6724753379821777,0
2332,0,0.6831771731376648,0
2332,308,1.2105772495269775,0
2332,425,0.35793983936309814,0
2332,1736,0.6757006049156189,0
2332,1665,0.6826281547546387,0
2332,1264,0.6957911849021912,0
2332,1189,0.6534234285354614,0
2332,1078,0.6725179553031921,0
2332,1608,0.963280975818634,0
2332,1067,0.9798696041107178,0
2332,1142,0.682758092880249,0
2332,1400,1.5607373714447021,0
2332,221,0.6825423836708069,0
2332,1070,0.689963698387146,0
2332,1275,0.3971428871154785,0
2332,1040,0.3386705815792084,0
1155,147,0.37962841987609863,1
1155,10,1.216030240058899,0
1155,461,0.7329325675964355,0
1155,1818,1.0529242753982544,0
1155,553,0.524839460849762,0
1155,1841,0.35488754510879517,0
1155,1263,0.5591389536857605,0
1155,1373,1.1274056434631348,0
1155,1125,0.5712095499038696,0
1155,1195,0.3697231411933899,0
1155,743,0.772348940372467,0
1155,407,1.005379319190979,0
1155,1553,0.5465381741523743,0
1155,569,0.5697990655899048,0
1155,1910,0.3358005881309509,0
1155,2026,0.7449641227722168,0
1155,1199,0.3619595170021057,0
1155,431,0.7008151412010193,0
1155,1126,0.5067261457443237,0
1155,241,0.5161957740783691,0
6,1429,0.3366084098815918,1
6,870,0.36255383491516113,0
6,476,0.3646847605705261,0
6,950,0.32479923963546753,0
6,2042,0.3551139235496521,0
6,1173,1.0088070631027222,0
6,105,1.0116229057312012,0
6,112,1.3375275135040283,0
6,277,1.0006163120269775,0
6,672,0.34417301416397095,0
6,1387,0.37440189719200134,0
6,432,0.6914553642272949,0
6,290,0.6848715543746948,0
6,1240,0.7275596857070923,0
6,1859,0.9807923436164856,0
6,1198,1.0072418451309204,0
6,1042,0.6455968022346497,0
6,570,0.6695991158485413,0
6,727,0.3457513451576233,0
6,1949,1.0509288311004639,0
1893,255,0.6293094754219055,1
1893,231,1.3018226623535156,0
1893,100,0.6266834139823914,0
1893,1431,0.5719877481460571,0
1893,885,0.6530126929283142,0
1893,1405,1.397251009941101,0
1893,1840,0.3554633855819702,0
1893,257,0.9486377239227295,0
1893,306,0.6120105385780334,0
1893,1424,0.6344839930534363,0
1893,354,0.37154847383499146,0
1893,1082,1.261579155921936,0
1893,1344,0.6412266492843628,0
1893,38,0.3300962448120117,0
1893,1940,0.6490482091903687,0
1893,445,0.6235272884368896,0
1893,1025,0.5577695965766907,0
1893,314,0.36000946164131165,0
1893,777,0.6461560130119324,0
1893,797,0.3531651794910431,0
1738,379,0.37448158860206604,1
1738,1685,0.4059256613254547,0
1738,2028,0.8004277348518372,0
1738,1353,0.6150336265563965,0
1738,1625,0.4019167423248291,0
1738,332,0.5787492394447327,0
1738,137,0.5730153322219849,0
1738,279,0.5515597462654114,0
1738,1326,0.5894173979759216,0
1738,1828,0.9022611379623413,0
1738,2061,0.36824190616607666,0
1738,950,0.3417200446128845,0
1738,1968,0.5596824884414673,0
1738,191,0.5775362849235535,0
1738,1272,1.0623177289962769,0
1738,1310,0.9528351426124573,0
1738,997,0.5890902876853943,0
1738,1927,0.8383185267448425,0
1738,49,1.3141522407531738,0
1738,1060,0.8011699318885803,0
1949,1063,0.35481929779052734,1
1949,643,0.7014943957328796,0
1949,109,0.4013859033584595,0
1949,1215,0.65576171875,0
1949,1505,0.3988218903541565,0
1949,25,0.6585846543312073,0
1949,1092,1.3400547504425049,0
1949,2045,0.6938738822937012,0
1949,1390,0.6567593812942505,0
1949,1914,0.9340474605560303,0
1949,1309,0.4159816801548004,0
1949,672,0.38033798336982727,0
1949,741,0.6771628856658936,0
1949,2,0.3976268172264099,0
1949,746,0.6338005065917969,0
1949,1251,0.6650024652481079,0
1949,2047,0.674494743347168,0
1949,1900,0.6968863606452942,0
1949,204,0.6836276054382324,0
1949,17,0.660038948059082,0
670,1754,0.36258184909820557,1
670,712,0.5987393856048584,0
670,609,0.3459608554840088,0
670,1102,0.6515881419181824,0
670,1614,0.6285789608955383,0
670,1130,0.6392260193824768,0
670,1813,0.7071264982223511,0
670,1935,0.6622955799102783,0
670,1103,0.40661174058914185,0
670,1636,1.5181211233139038,0
670,2046,0.6224393844604492,0
670,57,0.6387851238250732,0
670,137,0.6589906811714172,0
670,1832,1.2074120044708252,0
670,750,0.5806438326835632,0
670,1585,0.38753873109817505,0
670,1481,0.630816638469696,0
670,1218,2.08441424369812,0
670,1780,0.6242595314979553,0
670,1590,0.7520161867141724,0
3992,622,0.35563230514526367,1
3992,10,1.7654187679290771,0
3992,1147,0.9918878674507141,0
3992,1533,0.6233668327331543,0
3992,584,0.696638822555542,0
3992,1479,0.6731641888618469,0
3992,1709,0.6530683636665344,0
3992,2077,0.7503882050514221,0
3992,692,0.7385010719299316,0
3992,2055,0.3486907184123993,0
3992,1552,0.6324812173843384,0
3992,1369,0.9435890316963196,0
3992,1579,0.9711589217185974,0
3992,1721,1.0199036598205566,0
3992,1910,0.3438320755958557,0
3992,2051,1.6548806428909302,0
3992,1712,1.2719043493270874,0
3992,183,0.632535994052887,0
3992,2075,0.38624346256256104,0
3992,1868,1.2475117444992065,0
3080,481,0.724690854549408,1
3080,1865,0.6600768566131592,0
3080,1111,0.39125046133995056,0
3080,61,0.6241365671157837,0
3080,388,0.6198302507400513,0
3080,650,0.6651708483695984,0
3080,1510,0.6937931776046753,0
3080,1257,1.5074913501739502,0
3080,197,0.7076022624969482,0
3080,632,0.6382640600204468,0
3080,470,0.6338816285133362,0
3080,393,0.7577590942382812,0
3080,1251,0.6653356552124023,0
3080,169,0.4189375638961792,0
3080,1653,0.7062117457389832,0
3080,1409,0.40687131881713867,0
3080,1328,0.7133218050003052,0
3080,2020,0.6252596974372864,0
3080,1795,1.2940239906311035,0
3080,647,0.9788429141044617,0
713,599,0.6173549294471741,1
713,1887,0.5767380595207214,0
713,1986,2.568603038787842,0
713,134,0.5142593383789062,0
713,1155,0.5814765691757202,0
713,688,0.5916764140129089,0
713,75,0.36253419518470764,0
713,692,0.6348028182983398,0
713,705,0.3990243077278137,0
713,342,0.5768364071846008,0
713,1899,0.5414474606513977,0
713,546,0.5556274652481079,0
713,297,1.2043581008911133,0
713,1752,0.6047970056533813,0
713,469,1.336637258529663,0
713,1923,0.7600616216659546,0
713,1638,0.5683994293212891,0
713,849,0.5554975867271423,0
713,1280,0.5590022206306458,0
713,929,0.6072856783866882,0
4022,1290,0.33556246757507324,1
4022,693,0.6639993190765381,0
4022,662,0.6207253932952881,0
4022,1723,2.363229751586914,0
4022,885,0.6457117795944214,0
4022,552,1.2518693208694458,0
4022,1802,1.3281898498535156,0
4022,212,1.3244264125823975,0
4022,1050,0.8228448629379272,0
4022,308,1.1582269668579102,0
4022,1537,0.3347831964492798,0
4022,986,0.9798073172569275,0
4022,951,0.3365507125854492,0
4022,243,0.6236494183540344,0
4022,540,0.9213759899139404,0
4022,2021,0.6467368602752686,0
4022,738,0.6510498523712158,0
4022,1265,0.6237655282020569,0
4022,1381,0.8788496255874634,0
4022,1967,0.3522123694419861,0
3531,75,0.3572094142436981,1
3531,1967,0.3865877389907837,0
3531,1546,0.6367200016975403,0
3531,886,0.6708104014396667,0
3531,393,0.7331693768501282,0
3531,856,0.6450358033180237,0
3531,441,0.5886496305465698,0
3531,1031,0.6083490252494812,0
3531,735,0.6479934453964233,0
3531,525,0.6690694093704224,0
3531,738,0.694936215877533,0
3531,1372,0.589791476726532,0
3531,993,0.885080873966217,0
3531,2071,0.6382506489753723,0
3531,1289,0.6511769890785217,0
3531,592,0.6609182953834534,0
3531,547,0.3967275321483612,0
3531,259,0.7025499939918518,0
3531,1925,0.6459398865699768,0
3531,686,0.592067539691925,0
855,2060,0.827476441860199,1
855,402,0.553263247013092,0
855,859,0.5683596134185791,0
855,938,0.7114301919937134,0
855,609,0.3559286594390869,0
855,1002,1.019784927368164,0
855,1519,2.5753228664398193,0
855,604,0.35850685834884644,0
855,863,0.9671404957771301,0
855,820,0.55558180809021,0
855,1698,0.3626229166984558,0
855,495,0.5901334285736084,0
855,522,0.5728499889373779,0
855,34,0.5453550219535828,0
855,494,0.5126836895942688,0
855,869,0.5746244788169861,0
855,1878,0.8415036797523499,0
855,430,0.575219452381134,0
855,1303,0.5757589340209961,0
855,1820,0.5812892913818359,0
2427,1537,0.38975512981414795,1
2427,2017,0.6695439219474792,0
2427,1362,0.6564082503318787,0
2427,1237,0.41387200355529785,0
2427,2077,0.7571205496788025,0
2427,244,0.7067775130271912,0
2427,882,0.7805414199829102,0
2427,844,0.675058126449585,0
2427,1636,1.54568350315094,0
2427,733,1.127079963684082,0
2427,689,1.0093430280685425,0
2427,1851,0.7307294607162476,0
2427,202,1.8289000988006592,0
2427,1278,3.8366830348968506,0
2427,842,0.6343982219696045,0
2427,165,0.6845096349716187,0
2427,1715,0.9788840413093567,0
2427,1710,0.9138295650482178,0
2427,2045,0.6970154643058777,0
2427,2016,0.6618450284004211,0
613,841,1.3942036628723145,1
613,202,1.2572840452194214,0
613,1148,0.5135374069213867,0
613,293,0.5218914151191711,0
613,1224,1.1516027450561523,0
613,1640,0.7267957925796509,0
613,1768,0.3451596200466156,0
613,1410,0.573045551776886,0
613,1444,0.5644981861114502,0
613,401,0.5808992385864258,0
613,619,0.528071403503418,0
613,1209,0.5138406753540039,0
613,147,0.3908931612968445,0
613,1590,0.5794814825057983,0
613,1408,0.5188036561012268,0
613,1453,0.5631977319717407,0
613,1800,0.5436035394668579,0
613,384,0.40481340885162354,0
613,990,0.4177148938179016,0
613,1554,0.552195131778717,0
1689,229,1.3470218181610107,1
1689,1725,0.9287235736846924,0
1689,1937,0.6569315791130066,0
1689,1429,0.352078378200531,0
1689,1848,0.9744248390197754,0
1689,326,0.37293052673339844,0
1689,537,0.7122546434402466,0
1689,1779,0.6755950450897217,0
1689,161,0.36849457025527954,0
1689,122,1.5109164714813232,0
1689,907,0.6192287802696228,0
1689,63,0.692963719367981,0
1689,1529,0.6865622997283936,0
1689,1885,0.6647444367408752,0
1689,271,1.7917869091033936,0
1689,42,0.6745259165763855,0
1689,1134,0.9968224763870239,0
1689,2033,0.6383020281791687,0
1689,1056,0.7033119201660156,0
1689,1339,1.037772536277771,0
404,36,0.5878949165344238,1
404,308,0.9352055191993713,0
404,286,0.5362604260444641,0
404,45,0.3422703742980957,0
404,553,0.51655513048172,0
404,1605,0.6018292307853699,0
404,1105,0.34600698947906494,0
404,1051,0.5768423080444336,0
404,1651,0.5210134387016296,0
404,1699,0.5438855886459351,0
404,1988,0.3333998918533325,0
404,968,0.7072972655296326,0
404,543,0.33656829595565796,0
404,383,0.5212868452072144,0
404,588,0.32282382249832153,0
404,1501,0.5859362483024597,0
404,565,0.737138032913208,0
404,672,0.3377610445022583,0
404,271,1.3701120615005493,0
404,259,0.6030641794204712,0
3659,196,0.33212950825691223,1
3659,953,0.8291333317756653,0
3659,673,0.3651984930038452,0
3659,531,0.368060827255249,0
3659,272,0.5835774540901184,0
3659,1769,0.3681338131427765,0
3659,829,0.6044046878814697,0
3659,2056,0.34655827283859253,0
3659,1022,0.6341466903686523,0
3659,2016,0.5807081460952759,0
3659,1448,0.35184311866760254,0
3659,1862,0.6100609302520752,0
3659,1027,0.5667269229888916,0
3659,903,1.2115521430969238,0
3659,2072,0.5440710783004761,0
3659,50,0.5847157835960388,0
3659,1564,1.475242257118225,0
3659,781,0.5794482231140137,0
3659,1059,0.37316271662712097,0
3659,1758,0.3762374818325043,0
2966,531,0.4081292152404785,1
2966,539,1.009311556816101,0
2966,1129,0.34770140051841736,0
2966,900,0.6425309777259827,0
2966,1334,0.615928053855896,0
2966,1508,0.8897393345832825,0
2966,1625,0.4050872325897217,0
2966,963,0.6444354057312012,0
2966,1474,0.9179356694221497,0
2966,247,0.4152156114578247,0
2966,1972,1.2954330444335938,0
2966,1617,1.198516845703125,0
2966,1164,0.9206982254981995,0
2966,103,1.760129451751709,0
2966,752,0.6321088075637817,0
2966,192,0.6462775468826294,0
2966,1368,0.3813812732696533,0
2966,869,0.6321396827697754,0
2966,1486,0.6431570053100586,0
2966,478,0.6684080362319946,0
4157,1435,0.6290003657341003,1
4157,1046,0.6473895907402039,0
4157,139,1.620866060256958,0
4157,1939,0.6073905825614929,0
4157,790,0.9852548837661743,0
4157,1151,0.6423725485801697,0
4157,1320,0.7036647200584412,0
4157,830,0.6662551164627075,0
4157,1201,0.6834458112716675,0
4157,874,0.6450758576393127,0
4157,1080,0.6699008941650391,0
4157,1369,0.9091891050338745,0
4157,727,0.36618953943252563,0
4157,1682,0.6963821053504944,0
4157,231,1.2791054248809814,0
4157,773,0.6967170238494873,0
4157,700,1.805040955543518,0
4157,923,2.762315034866333,0
4157,253,0.6368640065193176,0
4157,1125,0.713363766670227,0
3356,1231,1.3440749645233154,1
3356,1923,0.9808778166770935,0
3356,1214,1.656353235244751,0
3356,265,0.7049760222434998,0
3356,1901,0.9816113710403442,0
3356,1394,0.7143135070800781,0
3356,403,0.7278732657432556,0
3356,1955,0.39959996938705444,0
3356,1029,0.6617452502250671,0
3356,1640,1.0091089010238647,0
3356,365,0.7053946852684021,0
3356,289,0.6700323224067688,0
3356,643,0.7398293614387512,0
3356,1590,0.765807569026947,0
3356,457,0.7204998731613159,0
3356,511,1.7714906930923462,0
3356,1344,0.7019304037094116,0
3356,40,1.9420932531356812,0
3356,710,0.6909390091896057,0
3356,50,0.6646207571029663,0
2126,2003,0.41099226474761963,1
2126,2018,0.40637338161468506,0
2126,919,1.0125412940979004,0
2126,1090,0.5498374700546265,0
2126,1643,1.832882046699524,0
2126,1672,0.3717012405395508,0
2126,1961,0.5593619346618652,0
2126,1931,0.6061729788780212,0
2126,1661,0.6280344128608704,0
2126,780,0.7489410042762756,0
2126,77,0.3922523856163025,0
2126,1245,0.8423818349838257,0
2126,494,0.5112538933753967,0
2126,478,0.5776466727256775,0
2126,1060,0.8018820285797119,0
2126,307,0.561025857925415,0
2126,1246,0.5758191347122192,0
2126,1151,0.5881678462028503,0
2126,751,0.39069050550460815,0
2126,1006,1.3089085817337036,0
472,176,1.5499036312103271,1
472,1777,1.2549896240234375,0
472,865,0.654672384262085,0
472,513,1.0578151941299438,0
472,1393,1.9310309886932373,0
472,1477,0.37314897775650024,0
472,66,0.6436278223991394,0
472,380,0.38414138555526733,0
472,1248,0.9914693832397461,0
472,320,0.6389188766479492,0
472,1913,1.1841636896133423,0
472,366,0.9428565502166748,0
472,1435,0.6347625255584717,0
472,1887,0.6400071978569031,0
472,1224,1.6831468343734741,0
472,102,0.6632671356201172,0
472,1238,0.685468316078186,0
472,1412,0.5983968377113342,0
472,1023,1.307746410369873,0
472,189,0.6224155426025391,0
3029,1654,1.1909959316253662,1
3029,245,0.6598424315452576,0
3029,502,0.6722264289855957,0
3029,581,0.6032809615135193,0
3029,1702,0.593245804309845,0
3029,780,0.8625662922859192,0
3029,1032,0.6087981462478638,0
3029,1073,0.36328035593032837,0
3029,173,0.9416473507881165,0
3029,892,0.6074526309967041,0
3029,1676,0.5980626344680786,0
3029,1764,0.6429216265678406,0
3029,1950,0.9376240372657776,0
3029,1071,0.5881174206733704,0
3029,98,0.5937538743019104,0
3029,577,0.35484758019447327,0
3029,1513,1.2589794397354126,0
3029,427,1.5310333967208862,0
3029,448,0.6744582653045654,0
3029,1988,0.34755784273147583,0
637,219,0.39287471771240234,1
637,1804,0.7189096808433533,0
637,1924,0.3607591688632965,0
637,1580,0.9817719459533691,0
637,155,0.614136815071106,0
637,804,0.6481549143791199,0
637,735,0.7137638926506042,0
637,1292,0.6510857939720154,0
637,1473,4.451599597930908,0
637,1861,0.6812252402305603,0
637,355,0.4077606797218323,0
637,475,1.3303030729293823,0
637,263,0.6643017530441284,0
637,1966,0.6394621133804321,0
637,1543,0.7117297053337097,0
637,1106,0.6432773470878601,0
637,1247,0.40028902888298035,0
637,1132,0.9514631032943726,0
637,172,0.40096089243888855,0
637,1218,2.135068655014038,0
1241,945,0.3344573974609375,1
1241,606,0.5054991841316223,0
1241,2067,0.4997199773788452,0
1241,1927,0.7611474394798279,0
1241,275,0.3112565279006958,0
1241,938,0.6506302952766418,0
1241,1658,2.463292121887207,0
1241,686,0.48061999678611755,0
1241,171,0.7660070061683655,0
1241,1509,0.755142867565155,0
1241,183,0.47568657994270325,0
1241,1179,0.4795662462711334,0
1241,1342,0.5150501132011414,0
1241,1597,0.8477736711502075,0
1241,1576,0.31182509660720825,0
1241,106,0.8506477475166321,0
1241,1469,0.4726133942604065,0
1241,973,0.49333325028419495,0
1241,854,0.31839942932128906,0
1241,1432,0.5027210712432861,0
3335,1285,0.3736463785171509,1
3335,1092,0.974936842918396,0
3335,529,1.152068018913269,0
3335,470,0.5157544016838074,0
3335,1141,0.5468508005142212,0
3335,742,0.4909689724445343,0
3335,1046,0.5406180620193481,0
3335,1672,0.35145825147628784,0
3335,852,0.5248110890388489,0
3335,74,0.9293065667152405,0
3335,1207,0.5327403545379639,0
3335,1263,0.5648102164268494,0
3335,181,0.5646974444389343,0
3335,828,0.5729735493659973,0
3335,1254,0.5278372764587402,0
3335,1977,0.5392984747886658,0
3335,406,0.5511839985847473,0
3335,1828,0.8531627655029297,0
3335,1851,0.5744778513908386,0
3335,1010,0.5619507431983948,0
3104,387,0.323923259973526,1
3104,1594,0.6547297835350037,0
3104,1926,0.6555275321006775,0
3104,958,1.6796808242797852,0
3104,1362,0.6321264505386353,0
3104,1825,1.1012223958969116,0
3104,730,0.6082339882850647,0
3104,1448,0.3585575222969055,0
3104,1154,0.36896371841430664,0
3104,625,0.6405409574508667,0
3104,1782,0.6157925128936768,0
3104,234,0.914795458316803,0
3104,346,0.31253379583358765,0
3104,1541,0.6531229019165039,0
3104,1851,0.6972174048423767,0
3104,536,0.6706163287162781,0
3104,1416,0.9633520841598511,0
3104,713,0.6055537462234497,0
3104,533,1.6296344995498657,0
3104,395,0.9387862086296082,0
1205,591,0.6192755103111267,1
1205,1273,1.4466561079025269,0
1205,529,1.4594619274139404,0
1205,1491,0.5998605489730835,0
1205,1075,0.3731371760368347,0
1205,2027,0.6292216777801514,0
1205,1332,0.9125266671180725,0
1205,73,0.5892615914344788,0
1205,515,0.3837156593799591,0
1205,1791,0.36719435453414917,0
1205,1231,1.1746392250061035,0
1205,12,0.9230363965034485,0
1205,351,0.34577780961990356,0
1205,1088,1.0954575538635254,0
1205,232,0.3652976155281067,0
1205,35,0.5965825915336609,0
1205,136,0.5746400356292725,0
1205,1980,1.182033658027649,0
1205,2073,2.1199982166290283,0
1205,363,0.3470214009284973,0
2206,911,0.5434178113937378,1
2206,463,0.5266735553741455,0
2206,1923,0.7132372856140137,0
2206,1908,0.3477604389190674,0
2206,1562,0.5343748331069946,0
2206,40,1.3029778003692627,0
2206,96,0.5470433235168457,0
2206,360,0.5498055219650269,0
2206,744,0.5055419206619263,0
2206,1100,0.37434178590774536,0
2206,7,0.5423307418823242,0
2206,524,0.3461000323295593,0
2206,1886,0.5375750660896301,0
2206,1866,0.7016630172729492,0
2206,395,0.7227277755737305,0
2206,923,2.009969472885132,0
2206,1534,0.3468385934829712,0
2206,1328,0.5775685906410217,0
2206,354,0.3747559189796448,0
2206,608,0.5000683665275574,0
1849,113,0.6125797629356384,1
1849,403,0.710706889629364,0
1849,1983,1.1186991930007935,0
1849,1243,0.37745746970176697,0
1849,510,0.3277704119682312,0
1849,1488,0.34970995783805847,0
1849,1007,0.6689030528068542,0
1849,297,1.5985119342803955,0
1849,393,0.7897440791130066,0
1849,697,0.9399000406265259,0
1849,1635,0.3680359721183777,0
1849,2054,0.6672276258468628,0
1849,1923,0.9398410320281982,0
1849,235,1.8135936260223389,0
1849,944,0.6836757063865662,0
1849,1045,0.7021557688713074,0
1849,652,1.0298348665237427,0
1849,1812,0.7262684106826782,0
1849,655,1.5692505836486816,0
1849,1510,0.6905739307403564,0
3055,848,0.5896477699279785,1
3055,1635,0.32711243629455566,0
3055,297,1.4841067790985107,0
3055,1605,0.665429949760437,0
3055,1061,0.639524519443512,0
3055,1603,0.31422531604766846,0
3055,2004,0.9178892970085144,0
3055,824,0.9043043255805969,0
3055,1513,1.2755188941955566,0
3055,1969,0.6388646364212036,0
3055,1833,0.5780370235443115,0
3055,452,0.606598436832428,0
3055,1404,0.5955017805099487,0
3055,1782,0.573039174079895,0
3055,472,0.95725017786026,0
3055,231,1.276163101196289,0
3055,335,1.233324408531189,0
3055,1494,0.8953934907913208,0
3055,658,0.9247785806655884,0
3055,1968,0.6115805506706238,0
1629,1575,0.6308730840682983,1
1629,1423,2.0550293922424316,0
1629,2071,0.6381646990776062,0
1629,1760,1.5323199033737183,0
1629,1535,1.4050538539886475,0
1629,1971,2.1377313137054443,0
1629,1089,0.6607409715652466,0
1629,1805,0.6224223971366882,0
1629,913,1.264974594116211,0
1629,1920,0.642275869846344,0
1629,1447,1.6869258880615234,0
1629,846,0.6486947536468506,0
1629,109,0.3545428514480591,0
1629,1442,0.6629238128662109,0
1629,832,0.3513644337654114,0
1629,1839,0.6631602048873901,0
1629,1591,0.5950124859809875,0
1629,1100,0.35920605063438416,0
1629,1422,0.35262519121170044,0
1629,115,0.6690996289253235,0
3849,85,0.598642885684967,1
3849,2067,0.6517500877380371,0
3849,1007,0.6486087441444397,0
3849,2029,0.6349286437034607,0
3849,371,0.35334664583206177,0
3849,897,0.3455906808376312,0
3849,1919,0.6063970923423767,0
3849,883,1.3530964851379395,0
3849,779,0.6154776215553284,0
3849,1013,0.9739635586738586,0
3849,58,0.6811084151268005,0
3849,311,0.99296635389328,0
3849,773,0.6945799589157104,0
3849,888,1.146525502204895,0
3849,978,1.2012046575546265,0
3849,274,0.6612251996994019,0
3849,1586,0.8982930183410645,0
3849,1132,0.9173474311828613,0
3849,1280,0.6281803846359253,0
3849,1135,0.6564100384712219,0
3666,1143,0.3596392869949341,1
3666,730,0.5285872220993042,0
3666,1215,0.5291060209274292,0
3666,1135,0.5453929901123047,0
3666,1387,0.35048985481262207,0
3666,2056,0.34955912828445435,0
3666,411,0.318297415971756,0
3666,1254,0.5477410554885864,0
3666,734,0.5433650612831116,0
3666,420,0.6074174046516418,0
3666,1422,0.35621947050094604,0
3666,110,0.3824622631072998,0
3666,252,0.34216833114624023,0
3666,1341,0.7218665480613708,0
3666,1296,0.3699609339237213,0
3666,638,0.5348923206329346,0
3666,625,0.5438245534896851,0
3666,441,0.4975297152996063,0
3666,959,0.83917635679245,0
3666,76,0.568393886089325,0
3334,990,0.41892412304878235,1
3334,2011,0.5793153643608093,0
3334,1866,0.7488036155700684,0
3334,130,0.5853015780448914,0
3334,1737,0.3642258644104004,0
3334,304,0.3665851652622223,0
3334,236,0.5642073750495911,0
3334,197,0.613897442817688,0
3334,282,0.7625151872634888,0
3334,1017,0.5459257364273071,0
3334,131,0.5817489624023438,0
3334,135,0.6094421148300171,0
3334,35,0.5585839152336121,0
3334,48,0.5912978053092957,0
3334,1741,0.5759376883506775,0
3334,1941,0.5888214111328125,0
3334,879,0.5710854530334473,0
3334,1268,0.8021877408027649,0
3334,176,1.1336907148361206,0
3334,950,0.3407701849937439,0
3802,672,0.3757995367050171,1
3802,1036,0.6072794198989868,0
3802,1172,0.43487662076950073,0
3802,1029,0.5710744261741638,0
3802,1313,1.0783345699310303,0
3802,1873,0.5730556845664978,0
3802,1294,1.0008256435394287,0
3802,623,0.5661099553108215,0
3802,1884,0.8922113180160522,0
3802,1182,0.8516879081726074,0
3802,1213,0.36580488085746765,0
3802,1279,0.5613564252853394,0
3802,1209,0.5583881139755249,0
3802,512,0.5924589037895203,0
3802,161,0.3777429461479187,0
3802,1625,0.4038504958152771,0
3802,196,0.38996660709381104,0
3802,645,0.601046085357666,0
3802,1818,1.1830880641937256,0
3802,538,0.5995187163352966,0
3668,740,0.3532693684101105,1
3668,1684,0.6358553171157837,0
3668,1217,0.5967501997947693,0
3668,1236,0.8983618021011353,0
3668,1318,0.6758366227149963,0
3668,1661,0.6730141043663025,0
3668,1607,0.9483008980751038,0
3668,1719,0.9177567362785339,0
3668,57,0.6288212537765503,0
3668,210,0.8793519139289856,0
3668,296,0.3631429672241211,0
3668,1033,0.6659274697303772,0
3668,842,0.59292072057724,0
3668,571,0.6525111198425293,0
3668,1365,1.1937532424926758,0
3668,2011,0.657539427280426,0
3668,1258,0.6674127578735352,0
3668,342,0.654407262802124,0
3668,1879,0.6093037724494934,0
3668,1864,0.6429029107093811,0
1791,1721,0.962751030921936,1
1791,1334,0.6342107057571411,0
1791,69,0.31473392248153687,0
1791,1945,0.352341890335083,0
1791,787,0.6904013156890869,0
1791,1167,0.6496004462242126,0
1791,622,0.34563279151916504,0
1791,894,0.6431645750999451,0
1791,557,0.35652637481689453,0
1791,613,1.2105765342712402,0
1791,461,0.8781863451004028,0
1791,1493,0.922576367855072,0
1791,1513,1.283958077430725,0
1791,1999,1.2093636989593506,0
1791,1430,0.6586216688156128,0
1791,1235,0.586704671382904,0
1791,2059,0.3130617141723633,0
1791,338,0.6025056838989258,0
1791,1143,0.3607823848724365,0
1791,683,0.5821885466575623,0
2028,1844,2.8509175777435303,1
2028,809,0.5745252370834351,0
2028,1624,0.3457249402999878,0
2028,1328,0.6518023014068604,0
2028,1542,0.6341807842254639,0
2028,1003,0.3396528363227844,0
2028,2045,0.636394739151001,0
2028,1198,0.925320029258728,0
2028,753,0.5501135587692261,0
2028,509,0.3504061698913574,0
2028,1286,0.5778594613075256,0
2028,1357,0.37066128849983215,0
2028,659,1.0102124214172363,0
2028,62,0.31601089239120483,0
2028,38,0.32832595705986023,0
2028,1345,0.34179386496543884,0
2028,533,1.6280757188796997,0
2028,1368,0.3381054997444153,0
2028,168,0.661382794380188,0
2028,1250,0.872020959854126,0
2509,345,4.797962665557861,1
2509,403,0.692947268486023,0
2509,988,1.9169803857803345,0
2509,304,0.34721148014068604,0
2509,1667,1.2402691841125488,0
2509,2023,0.7493470311164856,0
2509,229,1.3590202331542969,0
2509,667,0.633395254611969,0
2509,799,0.6844348311424255,0
2509,1341,0.9414679408073425,0
2509,110,0.38817113637924194,0
2509,1870,0.618194043636322,0
2509,1048,1.2836664915084839,0
2509,1322,0.9641164541244507,0
2509,605,0.7326640486717224,0
2509,1830,0.6380844116210938,0
2509,1623,0.6032613515853882,0
2509,1413,0.35552144050598145,0
2509,676,0.9408389925956726,0
2509,445,0.6558800935745239,0
2857,1913,0.9416128396987915,1
2857,1043,0.7460949420928955,0
2857,527,0.5167322754859924,0
2857,2013,0.7790155410766602,0
2857,609,0.30321285128593445,0
2857,648,0.7293744087219238,0
2857,745,0.8171160221099854,0
2857,1430,0.5834399461746216,0
2857,1569,0.3343849182128906,0
2857,717,0.6884239912033081,0
2857,1891,0.8255113363265991,0
2857,1127,0.32284581661224365,0
2857,788,0.5451624393463135,0
2857,862,0.5307582020759583,0
2857,1177,0.5379652380943298,0
2857,151,1.6820940971374512,0
2857,100,0.5395477414131165,0
2857,1326,0.5555610656738281,0
2857,209,0.3082629442214966,0
2857,668,0.31283700466156006,0
3202,1193,0.326382577419281,1
3202,188,0.9520078897476196,0
3202,1789,0.639493465423584,0
3202,680,1.975028395652771,0
3202,567,1.620741844177246,0
3202,1218,2.1274921894073486,0
3202,614,0.6190754771232605,0
3202,1934,0.6554821133613586,0
3202,1785,0.5946322679519653,0
3202,1600,0.643962025642395,0
3202,642,0.6232540011405945,0
3202,168,0.659318745136261,0
3202,683,0.5996622443199158,0
3202,943,0.5698757767677307,0
3202,404,0.6082427501678467,0
3202,394,0.633529007434845,0
3202,144,0.6156944632530212,0
3202,1393,1.8774031400680542,0
3202,209,0.3187413215637207,0
3202,1375,0.7089102864265442,0
4140,530,0.8599405884742737,1
4140,304,0.3588395118713379,0
4140,893,0.35689395666122437,0
4140,1900,0.6576781868934631,0
4140,1799,0.9055749177932739,0
4140,440,0.6215795278549194,0
4140,1065,0.8746918439865112,0
4140,1159,0.9458408355712891,0
4140,1656,0.3321651220321655,0
4140,971,0.37324100732803345,0
4140,1647,0.3762260675430298,0
4140,737,0.3414638042449951,0
4140,503,0.6278561949729919,0
4140,449,0.8884539604187012,0
4140,2009,0.5948168635368347,0
4140,288,0.6590328812599182,0
4140,2067,0.6346703171730042,0
4140,773,0.6711098551750183,0
4140,1942,1.6849002838134766,0
4140,308,1.076997995376587,0
3427,1441,0.6613166332244873,1
3427,137,0.6446607708930969,0
3427,441,0.604100227355957,0
3427,1430,0.6918713450431824,0
3427,5,0.3446546494960785,0
3427,701,0.3323410153388977,0
3427,1614,0.6304267048835754,0
3427,491,0.34340083599090576,0
3427,1163,0.6219125986099243,0
3427,1897,0.6406185626983643,0
3427,1434,1.521519660949707,0
3427,1941,0.653120219707489,0
3427,24,0.6245982646942139,0
3427,53,0.3329569697380066,0
3427,2071,0.6429112553596497,0
3427,1969,0.6684941053390503,0
3427,556,0.6189389228820801,0
3427,1113,0.6371734738349915,0
3427,1651,0.6075231432914734,0
3427,1544,0.688220202922821,0
259,1006,1.265460729598999,1
259,398,1.0623242855072021,0
259,344,0.36729559302330017,0
259,132,0.5996056795120239,0
259,1506,0.3595917820930481,0
259,545,0.5659055709838867,0
259,268,0.5870457291603088,0
259,419,0.3331226110458374,0
259,807,0.6407406330108643,0
259,448,0.6084458827972412,0
259,1859,0.7351104617118835,0
259,1849,0.5860608220100403,0
259,1715,0.7780196070671082,0
259,1474,0.7500920295715332,0
259,1284,0.5509855151176453,0
259,948,1.1273434162139893,0
259,1662,0.5777879953384399,0
259,2036,1.1775398254394531,0
259,1076,0.7577617764472961,0
259,318,0.6074185371398926,0
3681,351,0.37907159328460693,1
3681,178,0.3573962152004242,0
3681,386,0.4055851697921753,0
3681,37,0.39046511054039,0
3681,181,0.6917230486869812,0
3681,58,0.6997471451759338,0
3681,1112,0.6125320196151733,0
3681,1725,0.9543398022651672,0
3681,1771,0.6871431469917297,0
3681,137,0.6585330963134766,0
3681,960,1.43867826461792,0
3681,427,1.6746748685836792,0
3681,1522,0.9181705117225647,0
3681,2049,0.6640865802764893,0
3681,1190,0.6843302249908447,0
3681,538,0.6955275535583496,0
3681,34,0.6456198692321777,0
3681,481,0.714493989944458,0
3681,899,0.6677889227867126,0
3681,373,0.9560332298278809,0
1110,948,1.194593071937561,1
1110,277,0.7909949421882629,0
1110,1576,0.369268536567688,0
1110,1971,1.6270437240600586,0
1110,2031,0.6051653623580933,0
1110,1263,0.6045427322387695,0
1110,210,0.7768285274505615,0
1110,1804,0.6204391717910767,0
1110,1870,0.5672900676727295,0
1110,784,0.614031970500946,0
1110,320,0.5650594234466553,0
1110,865,0.5703198909759521,0
1110,1174,0.5909732580184937,0
1110,207,0.6080414652824402,0
1110,1866,0.7838876247406006,0
1110,1352,0.5601902008056641,0
1110,2029,0.5822360515594482,0
1110,1240,0.6210026144981384,0
1110,221,0.6084304451942444,0
1110,1975,0.8324219584465027,0
1908,455,1.5859524011611938,1
1908,969,0.6951567530632019,0
1908,1352,0.6081407070159912,0
1908,1336,0.6455333232879639,0
1908,354,0.36459439992904663,0
1908,1043,0.8728811740875244,0
1908,1664,2.0897111892700195,0
1908,1405,1.4080097675323486,0
1908,1299,0.6940760612487793,0
1908,202,1.7260490655899048,0
1908,750,0.5541877746582031,0
1908,1165,0.6179322600364685,0
1908,1301,0.6340811848640442,0
1908,1803,0.3550352156162262,0
1908,1716,0.34087544679641724,0
1908,2067,0.6467552781105042,0
1908,1340,0.6576676964759827,0
1908,1518,1.7690116167068481,0
1908,1360,0.6405397057533264,0
1908,1377,0.9025659561157227,0
1160,1846,1.5781158208847046,1
1160,478,0.6816471219062805,0
1160,272,0.6467668414115906,0
1160,1473,4.492062568664551,0
1160,1542,0.690962016582489,0
1160,775,0.3679063320159912,0
1160,1026,0.7267151474952698,0
1160,569,0.7136403322219849,0
1160,1212,0.6130384802818298,0
1160,1403,0.6077160835266113,0
1160,216,0.7348767518997192,0
1160,2056,0.3682714104652405,0
1160,973,0.6512243151664734,0
1160,384,0.4111288785934448,0
1160,1872,0.3499520719051361,0
1160,1308,0.37960687279701233,0
1160,1332,0.9856467843055725,0
1160,653,0.3604496121406555,0
1160,1499,0.6949131488800049,0
1160,429,0.3705179989337921,0
2378,1725,0.8522511124610901,1
2378,1266,0.6298694014549255,0
2378,902,0.3188326358795166,0
2378,891,0.6166094541549683,0
2378,1207,0.5908973813056946,0
2378,1489,0.6087203621864319,0
2378,547,0.3508196473121643,0
2378,1342,0.5855796337127686,0
2378,1238,0.6025218963623047,0
2378,1286,0.562594473361969,0
2378,331,0.3463316559791565,0
2378,578,0.6153984069824219,0
2378,442,0.3397464156150818,0
2378,1808,1.1164448261260986,0
2378,484,0.32276540994644165,0
2378,1502,0.3271627426147461,0
2378,1094,0.6182339787483215,0
2378,420,0.6520538926124573,0
2378,532,0.6211432218551636,0
2378,1178,1.174598217010498,0
46,1877,3.4935994148254395,1
46,1537,0.3395080268383026,0
46,1261,0.5088170766830444,0
46,1064,0.51954185962677,0
46,1390,0.5131707191467285,0
46,1972,0.9529477953910828,0
46,759,0.5137667059898376,0
46,1862,0.5278470516204834,0
46,230,0.5443820357322693,0
46,144,0.5221632122993469,0
46,1629,0.3540242910385132,0
46,189,0.5058121681213379,0
46,123,0.940811812877655,0
46,399,0.5332553386688232,0
46,168,0.532075822353363,0
46,554,0.3478644788265228,0
46,1929,0.564987301826477,0
46,1936,1.450968623161316,0
46,7,0.5371543169021606,0
46,822,0.5347184538841248,0
2828,1674,0.3716714680194855,1
2828,1089,0.6631454229354858,0
2828,203,0.7023490071296692,0
2828,1117,0.7095592021942139,0
2828,2057,0.7035490870475769,0
2828,1247,0.36759090423583984,0
2828,863,1.1192933320999146,0
2828,1576,0.3592209219932556,0
2828,488,0.6564506888389587,0
2828,1279,0.6106269955635071,0
2828,1523,0.6034274101257324,0
2828,1596,0.7029863595962524,0
2828,1878,0.9905025362968445,0
2828,1557,0.6338834166526794,0
2828,1495,0.6117474436759949,0
2828,639,1.239438533782959,0
2828,1587,0.35419487953186035,0
2828,140,0.6526011824607849,0
2828,313,0.36181706190109253,0
2828,1465,0.62253338098526,0
1054,570,0.6787400841712952,1
1054,1878,1.0142959356307983,0
1054,1207,0.6566345691680908,0
1054,1735,0.6648602485656738,0
1054,1479,0.6691462993621826,0
1054,2046,0.617552638053894,0
1054,1436,0.6140061020851135,0
1054,614,0.6500978469848633,0
1054,1709,0.6255152225494385,0
1054,536,0.6923247575759888,0
1054,1055,0.9950118660926819,0
1054,575,0.6043199896812439,0
1054,1739,1.2667545080184937,0
1054,190,0.6675740480422974,0
1054,1720,0.9505278468132019,0
1054,1024,0.618063747882843,0
1054,1301,0.6477568745613098,0
1054,2002,0.6191971898078918,0
1054,655,1.6193134784698486,0
1054,1596,0.6977024078369141,0
2940,1379,1.3118375539779663,1
2940,41,1.0337190628051758,0
2940,457,0.6765214204788208,0
2940,1503,0.3555431067943573,0
2940,1829,3.9235446453094482,0
2940,195,0.6446273326873779,0
2940,1277,0.9484274387359619,0
2940,1971,2.041724443435669,0
2940,1874,0.6597691178321838,0
2940,1362,0.6388561725616455,0
2940,1996,0.6334933042526245,0
2940,1908,0.3875466585159302,0
2940,1598,0.6656919121742249,0
2940,1337,0.7378964424133301,0
2940,1553,0.6611171960830688,0
2940,126,0.6819742321968079,0
2940,1731,0.7050078511238098,0
2940,839,0.641146183013916,0
2940,640,1.1613237857818604,0
2940,1862,0.6751769781112671,0
2725,684,0.3625679612159729,1
2725,1998,0.5914943218231201,0
2725,1969,0.671856701374054,0
2725,1273,1.5598121881484985,0
2725,217,0.6344909071922302,0
2725,1882,0.3733491897583008,0
2725,441,0.6084477305412292,0
2725,1508,0.9256918430328369,0
2725,1602,0.6848666667938232,0
2725,707,0.39409440755844116,0
2725,1555,0.6720679402351379,0
2725,779,0.6074530482292175,0
2725,323,0.6437484622001648,0
2725,1203,0.9458540081977844,0
2725,1207,0.6605609059333801,0
2725,1665,0.6666563749313354,0
2725,1742,0.6482675075531006,0
2725,1300,0.6209020614624023,0
2725,1175,0.6619757413864136,0
2725,924,1.0211070775985718,0
1618,1635,0.39295896887779236,1
1618,1688,0.4431954324245453,0
1618,731,0.6785368919372559,0
1618,472,1.0098156929016113,0
1618,519,0.6949301362037659,0
1618,1963,0.98093581199646,0
1618,385,0.7088994979858398,0
1618,2031,0.7143173813819885,0
1618,1416,1.0342165231704712,0
1618,888,1.2093842029571533,0
1618,964,0.447613924741745,0
1618,54,0.6848236322402954,0
1618,269,0.7958725094795227,0
1618,1207,0.69195556640625,0
1618,453,0.6813315749168396,0
1618,2018,0.44207632541656494,0
1618,1469,0.6490725874900818,0
1618,730,0.6661619544029236,0
1618,1427,0.7131502032279968,0
1618,86,1.0711743831634521,0
4121,48,0.625040590763092,1
4121,565,0.9102824926376343,0
4121,491,0.33376848697662354,0
4121,1891,0.9952568411827087,0
4121,571,0.6659342050552368,0
4121,722,0.6488295197486877,0
4121,900,0.6146385073661804,0
4121,1278,3.758064031600952,0
4121,1513,1.291430115699768,0
4121,492,0.3213464915752411,0
4121,2068,1.9024362564086914,0
4121,193,1.2480093240737915,0
4121,267,0.3531891405582428,0
4121,926,0.6625915169715881,0
4121,2003,0.3604269027709961,0
4121,195,0.6212537288665771,0
4121,261,0.623284637928009,0
4121,141,0.6279423236846924,0
4121,1598,0.6299617886543274,0
4121,423,0.6594651341438293,0
2886,1535,1.4801902770996094,1
2886,110,0.4096081852912903,0
2886,1724,0.670313835144043,0
2886,2067,0.6655111908912659,0
2886,315,0.7103126049041748,0
2886,768,0.7044083476066589,0
2886,1797,1.3321906328201294,0
2886,1717,0.3478086590766907,0
2886,880,1.04098641872406,0
2886,1477,0.3778280019760132,0
2886,1410,0.7115159034729004,0
2886,508,2.1333730220794678,0
2886,1534,0.3820907771587372,0
2886,332,0.7096970677375793,0
2886,1123,1.215530514717102,0
2886,434,0.7318710684776306,0
2886,1364,0.9867081046104431,0
2886,532,0.7265911102294922,0
2886,2018,0.41523876786231995,0
2886,1415,0.6650287508964539,0
1348,849,0.6020317077636719,1
1348,1760,1.4237613677978516,0
1348,680,1.7875105142593384,0
1348,1874,0.6057159900665283,0
1348,1565,0.6332231163978577,0
1348,15,0.6118593215942383,0
1348,135,0.6824038624763489,0
1348,720,0.8866683840751648,0
1348,293,0.596736490726471,0
1348,427,1.5427138805389404,0
1348,1199,0.3701811134815216,0
1348,1669,1.5140447616577148,0
1348,1247,0.35602444410324097,0
1348,9,0.3719651997089386,0
1348,414,0.6446416974067688,0
1348,168,0.649610161781311,0
1348,234,0.8663767576217651,0
1348,1594,0.6475992798805237,0
1348,1662,0.6674791574478149,0
1348,1684,0.6194437742233276,0
1179,645,0.6047666668891907,1
1179,143,0.5984170436859131,0
1179,136,0.5803111791610718,0
1179,814,0.5860880613327026,0
1179,499,0.6027969121932983,0
1179,1277,0.8576471209526062,0
1179,821,0.3773921728134155,0
1179,707,0.4077974557876587,0
1179,2025,0.5863178968429565,0
1179,1993,0.4088709354400635,0
1179,1366,0.5902126431465149,0
1179,1392,1.1220574378967285,0
1179,167,0.5655478239059448,0
1179,1648,0.37572774291038513,0
1179,2014,0.36246824264526367,0
1179,1397,0.9065052270889282,0
1179,1813,0.6320276856422424,0
1179,381,0.5529710650444031,0
1179,1180,0.949348509311676,0
1179,862,0.5967475175857544,0
2800,702,1.8578201532363892,1
2800,175,0.7172502875328064,0
2800,1938,0.3539128303527832,0
2800,403,0.7095321416854858,0
2800,1325,0.9705655574798584,0
2800,716,0.6594297289848328,0
2800,731,0.6278135776519775,0
2800,1900,0.7171353697776794,0
2800,1820,0.6692870259284973,0
2800,2045,0.6929411888122559,0
2800,1180,1.0843782424926758,0
2800,1773,0.6657362580299377,0
2800,915,1.0204949378967285,0
2800,58,0.7029675841331482,0
2800,30,0.40115630626678467,0
2800,604,0.35648876428604126,0
2800,1234,0.5723084807395935,0
2800,1785,0.635773777961731,0
2800,605,0.7476664185523987,0
2800,669,0.6399730443954468,0
2818,133,0.3403973877429962,1
2818,1842,0.9382586479187012,0
2818,1369,0.9506322145462036,0
2818,1746,0.7311069369316101,0
2818,1953,1.250449776649475,0
2818,900,0.6522461175918579,0
2818,250,0.7616053819656372,0
2818,72,0.6615844964981079,0
2818,1948,1.010044813156128,0
2818,1801,0.6234955787658691,0
2818,1773,0.6630634069442749,0
2818,848,0.6208160519599915,0
2818,676,0.9723507761955261,0
2818,411,0.33151736855506897,0
2818,851,0.6169461607933044,0
2818,86,0.9923735857009888,0
2818,1263,0.6921336650848389,0
2818,657,0.6570669412612915,0
2818,140,0.6763997077941895,0
2818,1912,0.6612301468849182,0
596,1400,1.4189417362213135,1
596,442,0.3614186942577362,0
596,1707,0.9311457872390747,0
596,861,1.4519295692443848,0
596,994,0.3640139698982239,0
596,41,0.9701147079467773,0
596,1610,1.4787768125534058,0
596,1682,0.6617847681045532,0
596,1592,0.599664568901062,0
596,1080,0.636357843875885,0
596,946,0.9007960557937622,0
596,110,0.38930174708366394,0
596,654,1.4541538953781128,0
596,810,0.3764094114303589,0
596,1659,0.5968831777572632,0
596,1914,0.860863983631134,0
596,1213,0.33345699310302734,0
596,502,0.6572316884994507,0
596,1921,0.35845598578453064,0
596,982,0.36037135124206543,0
2521,1001,0.32918983697891235,1
2521,372,0.3254556357860565,0
2521,1323,2.680763006210327,0
2521,2055,0.33206409215927124,0
2521,208,1.5392818450927734,0
2521,1876,3.7927873134613037,0
2521,1333,0.9012266397476196,0
2521,1305,0.3524453639984131,0
2521,234,0.8765023350715637,0
2521,2034,0.9561308026313782,0
2521,336,0.6042644381523132,0
2521,1575,0.622003972530365,0
2521,447,0.9263158440589905,0
2521,641,0.6348949670791626,0
2521,497,0.6435235142707825,0
2521,1392,1.3065416812896729,0
2521,1158,0.6482856869697571,0
2521,145,0.5995548963546753,0
2521,783,0.6196361184120178,0
2521,1678,0.5804442763328552,0
1080,1466,0.6838977336883545,1
1080,1691,0.6932138204574585,0
1080,296,0.38359272480010986,0
1080,900,0.6513352990150452,0
1080,982,0.3985099792480469,0
1080,1717,0.34422585368156433,0
1080,406,0.6878846883773804,0
1080,1299,0.7073142528533936,0
1080,274,0.6810134649276733,0
1080,1356,0.688555121421814,0
1080,1163,0.6521443128585815,0
1080,343,0.37100428342819214,0
1080,1000,0.9538092017173767,0
1080,1018,0.39348316192626953,0
1080,1347,1.1409480571746826,0
1080,1254,0.6669818758964539,0
1080,889,0.6616894006729126,0
1080,1465,0.6595349311828613,0
1080,746,0.6066504716873169,0
1080,1064,0.6662520170211792,0
982,959,1.0433118343353271,1
982,1887,0.6252236366271973,0
982,130,0.651226818561554,0
982,161,0.3562203347682953,0
982,155,0.6115710735321045,0
982,1155,0.640873372554779,0
982,2017,0.6376509070396423,0
982,343,0.3541315793991089,0
982,128,0.3408465087413788,0
982,1748,0.6120352745056152,0
982,217,0.6195714473724365,0
982,1232,1.3716236352920532,0
982,2025,0.6395248174667358,0
982,1511,0.638396680355072,0
982,831,1.2272130250930786,0
982,1501,0.6978676319122314,0
982,402,0.6356599926948547,0
982,1031,0.6024522185325623,0
982,1423,2.0425314903259277,0
982,1620,3.6070895195007324,0
3019,842,0.6035120487213135,1
3019,265,0.6521176099777222,0
3019,325,1.3101369142532349,0
3019,1047,0.34731799364089966,0
3019,1455,0.6113424301147461,0
3019,1234,0.5557960271835327,0
3019,1289,0.6260194182395935,0
3019,415,0.6534241437911987,0
3019,267,0.35543277859687805,0
3019,911,0.6797699928283691,0
3019,1000,0.9260839819908142,0
3019,895,0.6678588390350342,0
3019,756,1.382211446762085,0
3019,1237,0.37973207235336304,0
3019,868,0.710445761680603,0
3019,1231,1.244877815246582,0
3019,1885,0.639262855052948,0
3019,1071,0.6125730872154236,0
3019,603,0.3274763524532318,0
3019,1628,0.6253660321235657,0
3641,1803,0.37886887788772583,1
3641,410,1.0588433742523193,0
3641,104,1.951250433921814,0
3641,1874,0.6539883017539978,0
3641,1881,0.9232960939407349,0
3641,779,0.6178157925605774,0
3641,784,0.7086606621742249,0
3641,1818,1.410784363746643,0
3641,136,0.6099595427513123,0
3641,2079,0.6667688488960266,0
3641,1155,0.6709317564964294,0
3641,743,1.032808542251587,0
3641,1541,0.6678013205528259,0
3641,1560,0.37531358003616333,0
3641,583,0.6909239888191223,0
3641,786,0.6021751165390015,0
3641,1410,0.6970484256744385,0
3641,1092,1.3528790473937988,0
3641,90,0.8624132871627808,0
3641,389,0.7097954750061035,0
955,905,0.34093087911605835,1
955,796,0.56914883852005,0
955,216,0.6081340909004211,0
955,1830,0.5493583083152771,0
955,613,0.9778808951377869,0
955,1749,0.5632485747337341,0
955,404,0.5362125039100647,0
955,1343,0.5900211334228516,0
955,2003,0.39313289523124695,0
955,1771,0.5749781131744385,0
955,266,0.5694594383239746,0
955,883,1.0261867046356201,0
955,344,0.35051238536834717,0
955,733,0.8528686761856079,0
955,94,0.7185102701187134,0
955,1103,0.3954259753227234,0
955,708,0.5788238048553467,0
955,1383,0.597611665725708,0
955,1268,0.7889783382415771,0
955,1333,0.7602940797805786,0
551,1568,0.40765252709388733,1
551,1048,0.976497232913971,0
551,1915,0.5736929178237915,0
551,1530,0.540271520614624,0
551,727,0.3638368248939514,0
551,2027,0.5889021754264832,0
551,103,1.3695359230041504,0
551,1564,1.201079249382019,0
551,1047,0.37128257751464844,0
551,1218,1.5488805770874023,0
551,1977,0.5531623363494873,0
551,254,0.5716853141784668,0
551,1245,0.7914831042289734,0
551,1574,0.5545589327812195,0
551,368,0.5833518505096436,0
551,1956,0.5908303260803223,0
551,1580,0.7778721451759338,0
551,159,1.1706337928771973,0
551,77,0.39964330196380615,0
551,1652,0.5513252019882202,0
1088,1907,1.0207099914550781,1
1088,108,0.6551939249038696,0
1088,638,0.6645113229751587,0
1088,1633,0.6688225865364075,0
1088,64,0.6805379390716553,0
1088,1776,0.7382163405418396,0
1088,1819,0.6560634970664978,0
1088,844,0.6621930599212646,0
1088,14,0.975633978843689,0
1088,1072,0.5797650218009949,0
1088,1067,0.9773625731468201,0
1088,87,0.39358407258987427,0
1088,678,0.7361336946487427,0
1088,417,1.7167198657989502,0
1088,653,0.3712935447692871,0
1088,1862,0.7063435912132263,0
1088,2038,2.131805896759033,0
1088,1232,1.4467052221298218,0
1088,574,0.6684333086013794,0
1088,810,0.4197157621383667,0
20,1549,0.9440581798553467,1
20,1131,0.5639763474464417,0
20,896,0.5815021395683289,0
20,1672,0.33597707748413086,0
20,731,0.539833664894104,0
20,1401,0.5491628646850586,0
20,2052,0.5043203830718994,0
20,333,0.5343184471130371,0
20,1284,0.5244824886322021,0
20,997,0.5789461135864258,0
20,77,0.3726149797439575,0
20,1920,0.5404039025306702,0
20,1347,0.8808573484420776,0
20,1204,0.3410724401473999,0
20,122,1.1518077850341797,0
20,1126,0.5213809013366699,0
20,37,0.3662474751472473,0
20,2078,0.5448527336120605,0
20,845,1.1395241022109985,0
20,1017,0.521847128868103,0
1169,1224,1.7114042043685913,1
1169,115,0.6755861639976501,0
1169,1653,0.7004092931747437,0
1169,1480,0.6106749773025513,0
1169,1196,0.6074969172477722,0
1169,1589,1.404174566268921,0
1169,1082,1.4070289134979248,0
1169,1243,0.3458740711212158,0
1169,1483,0.6524441242218018,0
1169,1328,0.7042595744132996,0
1169,1392,1.3972578048706055,0
1169,902,0.3408001959323883,0
1169,1907,0.9965676069259644,0
1169,612,0.351029634475708,0
1169,326,0.35051849484443665,0
1169,1307,0.6842515468597412,0
1169,766,0.3666499853134155,0
1169,886,0.6879087686538696,0
1169,1720,0.9616129994392395,0
1169,477,0.662799060344696,0
3557,1359,1.3819829225540161,1
3557,337,0.8301635980606079,0
3557,109,0.3773154020309448,0
3557,1357,0.4118996262550354,0
3557,1432,0.6678795218467712,0
3557,1330,0.4041881263256073,0
3557,1103,0.4004678726196289,0
3557,139,1.5852298736572266,0
3557,1295,0.6441415548324585,0
3557,1870,0.6077607870101929,0
3557,1786,0.6275357007980347,0
3557,399,0.6280344724655151,0
3557,2018,0.4104359745979309,0
3557,640,1.108764410018921,0
3557,383,0.6144513487815857,0
3557,1202,0.5955657958984375,0
3557,1856,0.6762807369232178,0
3557,1753,0.6831448078155518,0
3557,350,0.5815500617027283,0
3557,1510,0.6591234803199768,0
2046,1694,1.417982578277588,1
2046,1880,0.6207727193832397,0
2046,287,0.7814037799835205,0
2046,1497,0.6382138729095459,0
2046,418,0.5926002860069275,0
2046,1287,0.5813732743263245,0
2046,608,0.5385759472846985,0
2046,702,1.3922951221466064,0
2046,1882,0.3944207727909088,0
2046,1374,0.41070792078971863,0
2046,1931,0.6157895922660828,0
2046,571,0.6211733818054199,0
2046,153,1.1738704442977905,0
2046,1921,0.4139963388442993,0
2046,686,0.5496993660926819,0
2046,1725,0.7822793126106262,0
2046,1345,0.389080286026001,0
2046,520,0.6075548529624939,0
2046,2023,0.658885657787323,0
2046,743,0.8563219308853149,0
3478,950,0.32419639825820923,1
3478,162,0.5594974756240845,0
3478,1984,0.5310965776443481,0
3478,669,0.5520895719528198,0
3478,647,0.7865210771560669,0
3478,1057,0.3528691232204437,0
3478,1144,0.5476241111755371,0
3478,1757,1.771927833557129,0
3478,1775,0.3920745551586151,0
3478,1391,0.5876268744468689,0
3478,689,0.8062085509300232,0
3478,1116,0.5449061393737793,0
3478,455,1.2352447509765625,0
3478,549,0.5617956519126892,0
3478,2074,0.36508768796920776,0
3478,44,0.5986177921295166,0
3478,709,0.547119677066803,0
3478,375,0.8146546483039856,0
3478,2009,0.5662484765052795,0
3478,1701,0.33408063650131226,0
4151,214,0.36526528000831604,1
4151,1900,0.6466379761695862,0
4151,206,0.6185763478279114,0
4151,864,0.6254627704620361,0
4151,1592,0.6184622645378113,0
4151,102,0.6454558968544006,0
4151,4,0.6309768557548523,0
4151,1357,0.3835185766220093,0
4151,168,0.6359602212905884,0
4151,1041,0.8326541781425476,0
4151,1868,1.1095552444458008,0
4151,865,0.6382139921188354,0
4151,2080,0.624508261680603,0
4151,1558,0.339219868183136,0
4151,1602,0.6158656477928162,0
4151,304,0.33809494972229004,0
4151,1608,0.8762468099594116,0
4151,2031,0.6415765285491943,0
4151,870,0.3656998872756958,0
4151,685,0.6179675459861755,0
1546,355,0.3916192352771759,1
1546,867,0.5701307058334351,0
1546,1767,0.37716197967529297,0
1546,1001,0.3581043481826782,0
1546,723,0.3701356053352356,0
1546,83,0.5589914917945862,0
1546,738,0.6356736421585083,0
1546,2001,0.39714494347572327,0
1546,1544,0.5994068384170532,0
1546,1983,0.8706308603286743,0
1546,156,0.588422954082489,0
1546,1004,0.5699000358581543,0
1546,1656,0.3428477644920349,0
1546,783,0.5974489450454712,0
1546,112,0.9491906762123108,0
1546,1075,0.38374951481819153,0
1546,1717,0.3459033966064453,0
1546,1474,0.7434877157211304,0
1546,1730,0.7751182913780212,0
1546,830,0.5870523452758789,0
2867,161,0.3781117796897888,1
2867,1864,0.669863760471344,0
2867,75,0.3701931834220886,0
2867,1840,0.39336952567100525,0
2867,416,0.7075709700584412,0
2867,292,0.350011944770813,0
2867,1813,0.7175678014755249,0
2867,652,1.0066629648208618,0
2867,901,0.39892762899398804,0
2867,694,0.3810352385044098,0
2867,724,0.603322446346283,0
2867,749,0.6626079678535461,0
2867,816,0.9622556567192078,0
2867,1420,0.6560853123664856,0
2867,1118,0.4030523896217346,0
2867,769,0.8299381136894226,0
2867,220,0.6408014893531799,0
2867,912,0.6621613502502441,0
2867,699,2.1184399127960205,0
2867,995,1.9637229442596436,0
3611,772,0.3654300570487976,1
3611,907,0.6044859290122986,0
3611,328,1.2579164505004883,0
3611,274,0.6300615668296814,0
3611,854,0.33234745264053345,0
3611,862,0.593414843082428,0
3611,61,0.5954486131668091,0
3611,383,0.6152189373970032,0
3611,1366,0.6119734048843384,0
3611,1105,0.3490382432937622,0
3611,1505,0.33889126777648926,0
3611,587,0.3437466621398926,0
3611,1240,0.671244204044342,0
3611,1688,0.35921040177345276,0
3611,1187,0.5861741304397583,0
3611,706,0.7137636542320251,0
3611,922,0.6079745292663574,0
3611,1518,1.720071792602539,0
3611,1216,0.616803765296936,0
3611,743,0.9900808334350586,0
2240,1540,0.37091124057769775,1
2240,170,0.5994051694869995,0
2240,621,1.26287841796875,0
2240,2051,1.5643543004989624,0
2240,231,1.2798771858215332,0
2240,1988,0.3261251747608185,0
2240,1599,0.34248512983322144,0
2240,1842,0.8722336292266846,0
2240,1090,0.6135697960853577,0
2240,404,0.5901147127151489,0
2240,796,0.6304657459259033,0
2240,1483,0.6116958260536194,0
2240,393,0.684231698513031,0
2240,789,1.7228543758392334,0
2240,2004,0.9009931087493896,0
2240,148,1.1899118423461914,0
2240,1825,1.0822031497955322,0
2240,1007,0.6231080293655396,0
2240,2031,0.6172094345092773,0
2240,1344,0.6387141346931458,0
3803,343,0.39445388317108154,1
3803,851,0.6405832767486572,0
3803,2038,1.9730041027069092,0
3803,842,0.6260360479354858,0
3803,1767,0.3949832320213318,0
3803,1929,0.7118584513664246,0
3803,1629,0.41943931579589844,0
3803,940,0.6937100291252136,0
3803,1386,0.745677649974823,0
3803,1026,0.740841269493103,0
3803,260,0.4469694495201111,0
3803,29,0.41692736744880676,0
3803,479,0.6355759501457214,0
3803,263,0.6710218787193298,0
3803,1402,0.6644123792648315,0
3803,1548,1.16446053981781,0
3803,930,1.2305296659469604,0
3803,374,0.7163090109825134,0
3803,1310,1.1963903903961182,0
3803,577,0.4117555618286133,0
1670,1904,0.7220892906188965,1
1670,1986,2.527360439300537,0
1670,815,0.585410475730896,0
1670,246,0.5835952162742615,0
1670,1932,2.3800384998321533,0
1670,1301,0.5693283081054688,0
1670,530,0.7503628730773926,0
1670,2008,0.7716559171676636,0
1670,1847,0.5272895693778992,0
1670,1839,0.5890328884124756,0
1670,695,0.5735621452331543,0
1670,1050,0.7287462949752808,0
1670,164,0.6141191720962524,0
1670,217,0.5397213697433472,0
1670,395,0.7773950099945068,0
1670,1478,0.5043861269950867,0
1670,1639,0.545779824256897,0
1670,1816,0.3618512451648712,0
1670,166,0.38861972093582153,0
1670,1963,0.7671125531196594,0
3766,6,0.3806740939617157,1
3766,357,0.598971426486969,0
3766,768,0.6541275978088379,0
3766,1308,0.36833158135414124,0
3766,1910,0.3425839841365814,0
3766,1682,0.7141295671463013,0
3766,1117,0.6866683959960938,0
3766,1136,0.6702924966812134,0
3766,450,0.3681701421737671,0
3766,1040,0.3337233066558838,0
3766,1019,1.237246036529541,0
3766,232,0.38464927673339844,0
3766,806,0.7230406403541565,0
3766,1092,1.3351134061813354,0
3766,1004,0.6550970077514648,0
3766,1658,3.6450324058532715,0
3766,1190,0.6653708815574646,0
3766,1542,0.6660060882568359,0
3766,1714,0.9720598459243774,0
3766,828,0.6946364641189575,0
2689,1613,0.3620681166648865,1
2689,283,0.6325989961624146,0
2689,1667,1.1411502361297607,0
2689,2009,0.6069467663764954,0
2689,960,1.2751997709274292,0
2689,1431,0.5785078406333923,0
2689,1874,0.5983883142471313,0
2689,549,0.6317564249038696,0
2689,1625,0.3859158754348755,0
2689,326,0.3638980984687805,0
2689,927,0.6113897562026978,0
2689,372,0.3394227623939514,0
2689,393,0.7078487277030945,0
2689,21,0.38709038496017456,0
2689,1412,0.5504376888275146,0
2689,521,0.3647511303424835,0
2689,1885,0.620000958442688,0
2689,494,0.5416398644447327,0
2689,1743,0.6066165566444397,0
2689,1981,0.8709043264389038,0
1302,743,1.0100394487380981,1
1302,408,0.7054913640022278,0
1302,573,0.6504042744636536,0
1302,628,1.4788906574249268,0
1302,605,0.7520728707313538,0
1302,1173,0.9623811841011047,0
1302,1343,0.6953880190849304,0
1302,341,0.40000593662261963,0
1302,1147,0.9354844689369202,0
1302,478,0.6650967597961426,0
1302,1505,0.4019847512245178,0
1302,2053,0.6736147403717041,0
1302,275,0.3835412859916687,0
1302,1509,1.0464568138122559,0
1302,1200,0.6599884033203125,0
1302,1089,0.675605058670044,0
1302,111,0.6840006113052368,0
1302,15,0.640965461730957,0
1302,1213,0.38334572315216064,0
1302,448,0.7027976512908936,0
3511,380,0.39102470874786377,1
3511,1775,0.4044491946697235,0
3511,1174,0.6794224977493286,0
3511,948,1.4623817205429077,0
3511,1151,0.6349754929542542,0
3511,1588,0.38987433910369873,0
3511,902,0.36570820212364197,0
3511,140,0.6751144528388977,0
3511,1612,0.7017186880111694,0
3511,1726,0.6513476967811584,0
3511,1974,0.6737335324287415,0
3511,1227,0.6177615523338318,0
3511,1047,0.366499662399292,0
3511,997,0.6681306958198547,0
3511,970,0.6290667057037354,0
3511,1614,0.6427116394042969,0
3511,998,0.7013440728187561,0
3511,717,0.8087133169174194,0
3511,1292,0.645471453666687,0
3511,1239,0.6680405735969543,0
3907,1603,0.3382784128189087,1
3907,1112,0.5763974189758301,0
3907,1031,0.5912826061248779,0
3907,713,0.5752926468849182,0
3907,1464,0.5934388637542725,0
3907,1720,0.8844963312149048,0
3907,406,0.6346973180770874,0
3907,1823,1.1297049522399902,0
3907,481,0.6739851832389832,0
3907,1580,0.8954697251319885,0
3907,508,1.9063756465911865,0
3907,93,0.6141782999038696,0
3907,1574,0.655250608921051,0
3907,729,0.35364389419555664,0
3907,867,0.6131508946418762,0
3907,1157,1.5787502527236938,0
3907,1517,0.5610747337341309,0
3907,1549,1.1061652898788452,0
3907,644,0.36045193672180176,0
3907,1248,0.9241284132003784,0
1425,823,0.927886962890625,1
1425,103,1.3990917205810547,0
1425,1543,0.5908370018005371,0
1425,1044,0.3322814404964447,0
1425,555,0.3562505841255188,0
1425,629,0.37140947580337524,0
1425,1324,0.3446016311645508,0
1425,212,1.112260103225708,0
1425,585,0.5482481718063354,0
1425,113,0.5202176570892334,0
1425,958,1.2649884223937988,0
1425,482,1.0068659782409668,0
1425,1608,0.7721139788627625,0
1425,1725,0.7513805031776428,0
1425,378,0.3544065058231354,0
1425,1616,0.615830659866333,0
1425,1926,0.5446581840515137,0
1425,451,0.7826781272888184,0
1425,1280,0.529469907283783,0
1425,970,0.5377382636070251,0
50,224,1.6520063877105713,1
50,1110,0.8189589977264404,0
50,1474,0.7443135976791382,0
50,1313,1.0172572135925293,0
50,1867,1.1900477409362793,0
50,1971,1.5458111763000488,0
50,665,0.4123445153236389,0
50,1840,0.3650067150592804,0
50,1365,0.9713947772979736,0
50,1452,0.3898531496524811,0
50,1910,0.33871594071388245,0
50,66,0.5532838106155396,0
50,970,0.5485435128211975,0
50,369,1.3448514938354492,0
50,832,0.377987265586853,0
50,1885,0.5732275247573853,0
50,1921,0.3840928375720978,0
50,818,0.775945246219635,0
50,1550,0.5389074683189392,0
50,962,1.5321260690689087,0
2095,1832,1.1705785989761353,1
2095,455,1.551425576210022,0
2095,679,0.6635639071464539,0
2095,2012,0.6507971286773682,0
2095,1359,1.4757767915725708,0
2095,1506,0.3439744710922241,0
2095,1788,0.6518131494522095,0
2095,597,0.36903655529022217,0
2095,1428,0.6246418356895447,0
2095,982,0.393412709236145,0
2095,1255,1.247515320777893,0
2095,1366,0.6358789801597595,0
2095,1798,0.6835821270942688,0
2095,252,0.3677559792995453,0
2095,146,0.9128580689430237,0
2095,1696,0.637931764125824,0
2095,2059,0.3248484134674072,0
2095,1321,0.6401793956756592,0
2095,334,0.6722251176834106,0
2095,624,2.0928730964660645,0
615,1168,0.9262664318084717,1
615,80,1.0080349445343018,0
615,1700,0.6190268993377686,0
615,889,0.6725137233734131,0
615,129,0.3693385422229767,0
615,1003,0.3521909713745117,0
615,1114,0.8890549540519714,0
615,1570,0.6680186986923218,0
615,17,0.6563228964805603,0
615,1718,0.6787689328193665,0
615,910,0.6698645353317261,0
615,1805,0.6647588610649109,0
615,1797,1.2954373359680176,0
615,208,1.63946533203125,0
615,1621,0.35746440291404724,0
615,257,1.0107237100601196,0
615,40,1.9706037044525146,0
615,789,1.8819764852523804,0
615,1256,0.3716254234313965,0
615,64,0.6656934022903442,0
985,1315,0.3781836926937103,1
985,1759,0.6729652285575867,0
985,585,0.6267046332359314,0
985,1798,0.6363357901573181,0
985,1211,0.6551162004470825,0
985,742,0.557356595993042,0
985,1691,0.6452658772468567,0
985,1448,0.34254908561706543,0
985,1748,0.625960111618042,0
985,216,0.7081634402275085,0
985,752,0.6406424641609192,0
985,997,0.6535030603408813,0
985,956,0.9791139364242554,0
985,364,0.8577910661697388,0
985,40,1.9631869792938232,0
985,1132,0.9304741621017456,0
985,603,0.33290138840675354,0
985,1221,0.6539769768714905,0
985,1114,0.8705232739448547,0
985,506,0.6892584562301636,0
1673,297,1.6037592887878418,1
1673,1424,0.7104567885398865,0
1673,1995,1.9444119930267334,0
1673,1731,0.745680034160614,0
1673,307,0.7356358170509338,0
1673,1240,0.7762613892555237,0
1673,1235,0.6691598892211914,0
1673,1762,1.6769095659255981,0
1673,1220,0.6900746822357178,0
1673,43,0.4020744860172272,0
1673,675,0.7216806411743164,0
1673,502,0.7691265940666199,0
1673,1836,0.949423611164093,0
1673,1423,2.1705944538116455,0
1673,63,0.7538427114486694,0
1673,1794,0.402798056602478,0
1673,944,0.7126094698905945,0
1673,1952,2.6000993251800537,0
1673,1436,0.6598659157752991,0
1673,2064,0.659407913684845,0
1802,1012,0.35615456104278564,1
1802,1782,0.5561192035675049,0
1802,790,0.8257108926773071,0
1802,606,0.5765110850334167,0
1802,166,0.37667250633239746,0
1802,402,0.5693969130516052,0
1802,1051,0.6074281930923462,0
1802,193,1.0120859146118164,0
1802,6,0.3674136996269226,0
1802,1342,0.591514527797699,0
1802,704,0.5558919310569763,0
1802,523,0.8647757768630981,0
1802,461,0.7899877429008484,0
1802,413,0.5441962480545044,0
1802,1003,0.35653823614120483,0
1802,1776,0.616186261177063,0
1802,1408,0.5415069460868835,0
1802,277,0.7918285131454468,0
1802,722,0.5852751135826111,0
1802,1699,0.5736643075942993,0
607,1721,0.9943191409111023,1
607,1533,0.6240039467811584,0
607,1218,2.062269687652588,0
607,1079,0.7183701992034912,0
607,1530,0.6175593137741089,0
607,1775,0.38926029205322266,0
607,115,0.6617199778556824,0
607,662,0.6508010625839233,0
607,409,0.6399834156036377,0
607,42,0.659687876701355,0
607,214,0.3712325692176819,0
607,1803,0.38155174255371094,0
607,1556,0.5970392227172852,0
607,599,0.715548574924469,0
607,1220,0.6602786183357239,0
607,446,0.3514757752418518,0
607,223,0.606092095375061,0
607,52,0.6405823230743408,0
607,936,0.9813117384910583,0
607,1225,0.3188436031341553,0
2331,447,0.9754565954208374,1
2331,109,0.38477903604507446,0
2331,996,0.9691417813301086,0
2331,1925,0.6555405855178833,0
2331,434,0.6957617998123169,0
2331,1265,0.6576857566833496,0
2331,1566,0.6477352380752563,0
2331,978,1.2024182081222534,0
2331,1108,0.6659137606620789,0
2331,1929,0.7096924185752869,0
2331,682,0.6704716682434082,0
2331,180,0.6294901967048645,0
2331,665,0.4280140995979309,0
2331,1178,1.2853493690490723,0
2331,169,0.41149449348449707,0
2331,532,0.6954073905944824,0
2331,1271,0.7163738012313843,0
2331,2006,0.6738880276679993,0
2331,803,1.2893481254577637,0
2331,441,0.6014929413795471,0
59,995,1.499098300933838,1
59,1909,0.5632709860801697,0
59,1766,0.5801382064819336,0
59,171,0.8363229036331177,0
59,632,0.5262410640716553,0
59,818,0.7768615484237671,0
59,44,0.5838602781295776,0
59,647,0.7705466747283936,0
59,1442,0.5831254720687866,0
59,1502,0.3369761109352112,0
59,1412,0.4992198944091797,0
59,1130,0.538913369178772,0
59,1998,0.49799126386642456,0
59,1214,1.2253241539001465,0
59,1608,0.7727118134498596,0
59,832,0.35764890909194946,0
59,55,0.9329512119293213,0
59,1928,0.8768808841705322,0
59,1525,1.2077544927597046,0
59,515,0.36003607511520386,0
2308,1322,0.92529296875,1
2308,4,0.6225300431251526,0
2308,1493,0.9024933576583862,0
2308,1213,0.35665178298950195,0
2308,1383,0.6892218589782715,0
2308,1513,1.1742761135101318,0
2308,1673,0.6772341132164001,0
2308,1059,0.3947467803955078,0
2308,356,0.3627281188964844,0
2308,531,0.3892527222633362,0
2308,942,0.9453039765357971,0
2308,950,0.3399738073348999,0
2308,723,0.36227431893348694,0
2308,448,0.6771947145462036,0
2308,1929,0.681792140007019,0
2308,840,0.6401844620704651,0
2308,281,0.34121090173721313,0
2308,2,0.38573673367500305,0
2308,555,0.3619934320449829,0
2308,1951,0.9255961775779724,0
2514,986,0.996290922164917,1
2514,1691,0.6506215929985046,0
2514,1673,0.6799531579017639,0
2514,902,0.344846248626709,0
2514,1245,0.9974105358123779,0
2514,278,0.33884966373443604,0
2514,2011,0.6818318367004395,0
2514,858,0.6655935049057007,0
2514,176,1.467057466506958,0
2514,1055,0.9725902080535889,0
2514,247,0.38888072967529297,0
2514,81,0.6834138035774231,0
2514,983,1.230079174041748,0
2514,600,2.3106560707092285,0
2514,1785,0.6184174418449402,0
2514,1568,0.3819422125816345,0
2514,2065,0.6744754314422607,0
2514,1392,1.3068909645080566,0
2514,1404,0.6217706799507141,0
2514,119,0.34596437215805054,0
1977,426,1.3661679029464722,1
1977,562,0.5804555416107178,0
1977,799,0.5643031001091003,0
1977,347,0.3434532880783081,0
1977,209,0.32195499539375305,0
1977,146,0.7274372577667236,0
1977,815,0.5515490770339966,0
1977,1857,0.5185509920120239,0
1977,1525,1.152251958847046,0
1977,511,1.2790534496307373,0
1977,1015,0.5423369407653809,0
1977,387,0.34061214327812195,0
1977,355,0.3533709943294525,0
1977,429,0.35859423875808716,0
1977,958,1.1733393669128418,0
1977,397,0.5700975060462952,0
1977,1388,0.7467936277389526,0
1977,1197,0.5431755185127258,0
1977,445,0.5291518568992615,0
1977,670,0.5318053960800171,0
1562,1723,3.03879976272583,1
1562,316,1.0978187322616577,0
1562,84,0.7946574687957764,0
1562,724,0.6927487850189209,0
1562,1363,0.7515589594841003,0
1562,1963,1.0914174318313599,0
1562,726,0.7435041069984436,0
1562,920,0.7362754940986633,0
1562,1671,3.175722360610962,0
1562,981,0.764305591583252,0
1562,1646,0.7878719568252563,0
1562,959,1.2614281177520752,0
1562,1216,0.7696779370307922,0
1562,1028,0.778033435344696,0
1562,188,1.159694790840149,0
1562,1166,0.7788833975791931,0
1562,1625,0.4392232298851013,0
1562,1788,0.7730722427368164,0
1562,1022,0.8148816823959351,0
1562,1554,0.8025828003883362,0
