movie_local,target_local,score,label
2852,2852,0.3471599221229553,1
2852,2029,0.35809457302093506,0
2852,1446,0.3435799479484558,0
2852,3210,0.34368830919265747,0
2852,101,0.34053343534469604,0
2852,203,0.360399067401886,0
2852,2819,0.363386332988739,0
2852,3127,0.34581422805786133,0
2852,1279,0.33622199296951294,0
2852,4166,0.3519531488418579,0
2852,3305,0.3482952415943146,0
2852,3765,0.35265451669692993,0
2852,2949,0.35567593574523926,0
2852,2316,0.34713733196258545,0
2852,567,0.3727399706840515,0
2852,771,0.41319793462753296,0
2852,2569,0.3498837649822235,0
2852,749,0.37451738119125366,0
2852,2258,0.36941659450531006,0
2852,1090,0.3936530351638794,0
1674,1674,0.3794398903846741,1
1674,2725,0.3455341160297394,0
1674,2403,0.33188849687576294,0
1674,2539,0.38892024755477905,0
1674,1746,0.3531080484390259,0
1674,956,0.38015398383140564,0
1674,3225,0.3447464108467102,0
1674,1256,0.3367525041103363,0
1674,3514,0.3516063094139099,0
1674,2097,0.3370920419692993,0
1674,823,0.34390050172805786,0
1674,3242,0.33681970834732056,0
1674,2206,0.3579379916191101,0
1674,3931,0.33913537859916687,0
1674,3715,0.3386980891227722,0
1674,2891,0.35445332527160645,0
1674,2511,0.3511528968811035,0
1674,3605,0.3370818793773651,0
1674,62,0.34578266739845276,0
1674,2581,0.375728577375412,0
2613,2613,0.34626710414886475,1
2613,2695,0.3437608778476715,0
2613,691,0.35759058594703674,0
2613,3134,0.3493692874908447,0
2613,2679,0.35575491189956665,0
2613,2846,0.3528312146663666,0
2613,960,0.3498191833496094,0
2613,3971,0.34369730949401855,0
2613,24,0.3493368625640869,0
2613,2896,0.35734620690345764,0
2613,164,0.3673684000968933,0
2613,1460,0.3466285467147827,0
2613,2567,0.38931649923324585,0
2613,2765,0.3426000475883484,0
2613,267,0.3432729244232178,0
2613,806,0.3874490261077881,0
2613,1075,0.3535167872905731,0
2613,3933,0.3501622974872589,0
2613,2509,0.33476144075393677,0
2613,2342,0.34801018238067627,0
2715,2715,0.34463098645210266,1
2715,1759,0.34948259592056274,0
2715,3669,0.34661224484443665,0
2715,1788,0.3424926996231079,0
2715,278,0.3726012706756592,0
2715,683,0.3597290515899658,0
2715,1325,0.3491820693016052,0
2715,1870,0.3736047148704529,0
2715,1229,0.37572628259658813,0
2715,2642,0.3465915024280548,0
2715,979,0.352042555809021,0
2715,3103,0.35092687606811523,0
2715,2665,0.3462134301662445,0
2715,3307,0.34509068727493286,0
2715,864,0.3503230810165405,0
2715,3989,0.3426831364631653,0
2715,1609,0.33820733428001404,0
2715,2564,0.368115097284317,0
2715,1416,0.36560529470443726,0
2715,1429,0.34394341707229614,0
2019,2019,0.35417473316192627,1
2019,690,0.37435242533683777,0
2019,1170,0.3502737879753113,0
2019,1150,0.3548600971698761,0
2019,63,0.38336509466171265,0
2019,2822,0.35129255056381226,0
2019,3261,0.3643398880958557,0
2019,4126,0.3465314507484436,0
2019,3935,0.3463388681411743,0
2019,3975,0.348219633102417,0
2019,3375,0.35062575340270996,0
2019,1231,0.38302767276763916,0
2019,158,0.3953734338283539,0
2019,3954,0.34908267855644226,0
2019,3078,0.35653379559516907,0
2019,2585,0.351554274559021,0
2019,700,0.37636858224868774,0
2019,3186,0.34654340147972107,0
2019,3652,0.3942286968231201,0
2019,3391,0.397291898727417,0
141,141,0.3502534031867981,1
141,3846,0.3436632752418518,0
141,1072,0.34525325894355774,0
141,2298,0.3667897582054138,0
141,3936,0.3447331190109253,0
141,505,0.36717286705970764,0
141,148,0.3523557484149933,0
141,3748,0.3531813621520996,0
141,2820,0.34403419494628906,0
141,3295,0.37789186835289,0
141,185,0.3669416904449463,0
141,1957,0.3487786054611206,0
141,3351,0.34818321466445923,0
141,2489,0.3977438807487488,0
141,3799,0.34722721576690674,0
141,3823,0.3606376349925995,0
141,3325,0.3462545871734619,0
141,2080,0.3591698408126831,0
141,4123,0.33857792615890503,0
141,13,0.3481166958808899,0
1550,1550,0.3659917414188385,1
1550,1498,0.35852164030075073,0
1550,3665,0.33681362867355347,0
1550,305,0.3419111967086792,0
1550,1748,0.37300851941108704,0
1550,4045,0.34155380725860596,0
1550,3798,0.35357069969177246,0
1550,1816,0.3533692955970764,0
1550,1307,0.3971175253391266,0
1550,3402,0.3498916029930115,0
1550,2745,0.34238821268081665,0
1550,916,0.3766216039657593,0
1550,975,0.3468102812767029,0
1550,1545,0.3412582278251648,0
1550,761,0.34870508313179016,0
1550,344,0.36955225467681885,0
1550,3353,0.36262375116348267,0
1550,1925,0.3414280414581299,0
1550,216,0.33569246530532837,0
1550,13,0.345170259475708,0
621,621,0.3476855754852295,1
621,3015,0.35914868116378784,0
621,2329,0.3442102074623108,0
621,649,0.37000080943107605,0
621,3738,0.3411848545074463,0
621,4106,0.3401666283607483,0
621,697,0.3656955361366272,0
621,2526,0.36338427662849426,0
621,3081,0.33601850271224976,0
621,1688,0.3449566960334778,0
621,2353,0.3402649462223053,0
621,2252,0.3483937978744507,0
621,3240,0.34553906321525574,0
621,339,0.3413240909576416,0
621,2631,0.36964476108551025,0
621,3227,0.3394303321838379,0
621,3430,0.3371272683143616,0
621,314,0.3621818423271179,0
621,2741,0.33984464406967163,0
621,1798,0.33915770053863525,0
1076,1076,0.3516175150871277,1
1076,1401,0.34625309705734253,0
1076,349,0.3515697717666626,0
1076,3269,0.35066771507263184,0
1076,1681,0.35066497325897217,0
1076,3279,0.3488697409629822,0
1076,908,0.3545169532299042,0
1076,2439,0.35257309675216675,0
1076,4009,0.34446021914482117,0
1076,2837,0.35002565383911133,0
1076,89,0.35300880670547485,0
1076,3029,0.3519901633262634,0
1076,449,0.36389970779418945,0
1076,1988,0.34709614515304565,0
1076,1299,0.34853559732437134,0
1076,3520,0.347413033246994,0
1076,3803,0.3501550555229187,0
1076,3398,0.34444135427474976,0
1076,3604,0.3494740426540375,0
1076,324,0.36251434683799744,0
2045,2045,0.3585518002510071,1
2045,2470,0.35749757289886475,0
2045,1566,0.38672298192977905,0
2045,2845,0.35190045833587646,0
2045,145,0.36867043375968933,0
2045,3173,0.35342031717300415,0
2045,2980,0.3518165946006775,0
2045,512,0.3737766742706299,0
2045,1554,0.3538172245025635,0
2045,2605,0.3578155040740967,0
2045,2345,0.345159649848938,0
2045,2552,0.4001738429069519,0
2045,3154,0.35170233249664307,0
2045,3485,0.3625354766845703,0
2045,3190,0.35518479347229004,0
2045,3022,0.3765917122364044,0
2045,1757,0.35815829038619995,0
2045,2971,0.35186925530433655,0
2045,1923,0.3566954731941223,0
2045,3474,0.35491061210632324,0
2494,2494,0.3733712434768677,1
2494,1407,0.3452807068824768,0
2494,3545,0.3475106358528137,0
2494,356,0.35681936144828796,0
2494,518,0.35105836391448975,0
2494,1541,0.3599103093147278,0
2494,3975,0.34648072719573975,0
2494,1359,0.3496685028076172,0
2494,3046,0.35378003120422363,0
2494,2637,0.35346126556396484,0
2494,3766,0.3497481942176819,0
2494,1131,0.3436509370803833,0
2494,1659,0.3540862500667572,0
2494,1583,0.36571282148361206,0
2494,3322,0.35286417603492737,0
2494,362,0.3645268678665161,0
2494,3270,0.3550560474395752,0
2494,2116,0.37962764501571655,0
2494,4051,0.34855198860168457,0
2494,116,0.367362380027771,0
1056,1056,0.35017263889312744,1
1056,1141,0.34778812527656555,0
1056,720,0.3465210199356079,0
1056,297,0.365860253572464,0
1056,327,0.33777934312820435,0
1056,2133,0.3529819846153259,0
1056,927,0.351268470287323,0
1056,1449,0.340478777885437,0
1056,3122,0.3414660096168518,0
1056,2266,0.3541676104068756,0
1056,3151,0.34550586342811584,0
1056,944,0.3464187979698181,0
1056,948,0.3505672812461853,0
1056,1563,0.3470742702484131,0
1056,1615,0.34318578243255615,0
1056,420,0.3620653748512268,0
1056,2363,0.3538224697113037,0
1056,3343,0.3620886206626892,0
1056,1394,0.34952297806739807,0
1056,2166,0.3486582636833191,0
2615,2615,0.3483709990978241,1
2615,770,0.3543931245803833,0
2615,311,0.34933802485466003,0
2615,1657,0.37651172280311584,0
2615,3039,0.35182687640190125,0
2615,169,0.35054051876068115,0
2615,1940,0.35771146416664124,0
2615,2222,0.3636553883552551,0
2615,3414,0.34730780124664307,0
2615,179,0.35135185718536377,0
2615,219,0.3730263113975525,0
2615,4056,0.35067495703697205,0
2615,32,0.3526466488838196,0
2615,1163,0.34431222081184387,0
2615,146,0.37055641412734985,0
2615,919,0.3639271855354309,0
2615,1015,0.3546329140663147,0
2615,478,0.3698810935020447,0
2615,2031,0.35396307706832886,0
2615,1771,0.35708165168762207,0
3297,3297,0.3465929925441742,1
3297,345,0.3787956237792969,0
3297,2190,0.34557607769966125,0
3297,325,0.3534930944442749,0
3297,3169,0.34172746539115906,0
3297,2397,0.36974984407424927,0
3297,3697,0.35324519872665405,0
3297,544,0.3410071134567261,0
3297,1217,0.34735918045043945,0
3297,698,0.36576738953590393,0
3297,783,0.371967613697052,0
3297,1525,0.3384704291820526,0
3297,279,0.3490613102912903,0
3297,2866,0.36264568567276,0
3297,1630,0.3488985002040863,0
3297,969,0.36853694915771484,0
3297,1722,0.34613949060440063,0
3297,2623,0.34088900685310364,0
3297,722,0.34412047266960144,0
3297,3627,0.34843170642852783,0
369,369,0.34426242113113403,1
369,421,0.3451530933380127,0
369,3009,0.34027746319770813,0
369,877,0.3460621237754822,0
369,1581,0.34423375129699707,0
369,485,0.3722825050354004,0
369,691,0.3484802544116974,0
369,84,0.36416858434677124,0
369,3223,0.34011292457580566,0
369,3083,0.34271034598350525,0
369,1735,0.33855095505714417,0
369,1113,0.35962027311325073,0
369,650,0.3713226914405823,0
369,2581,0.36517333984375,0
369,1304,0.3407224118709564,0
369,1461,0.35127073526382446,0
369,2687,0.3399468660354614,0
369,1391,0.3435691297054291,0
369,3841,0.34065860509872437,0
369,3151,0.3398987948894501,0
443,443,0.3662659525871277,1
443,368,0.35149869322776794,0
443,3547,0.3518619239330292,0
443,3920,0.3659907579421997,0
443,2943,0.35168057680130005,0
443,1393,0.35837310552597046,0
443,914,0.34700995683670044,0
443,1760,0.35240715742111206,0
443,3028,0.3481229245662689,0
443,3112,0.3838413953781128,0
443,263,0.35297462344169617,0
443,585,0.35486748814582825,0
443,3882,0.35143059492111206,0
443,2369,0.37562742829322815,0
443,2267,0.35484588146209717,0
443,884,0.34717193245887756,0
443,1203,0.3503071069717407,0
443,1356,0.3655770421028137,0
443,3609,0.356688916683197,0
443,3975,0.3464745283126831,0
1637,1637,0.3443385362625122,1
1637,3159,0.3629824221134186,0
1637,1247,0.34488582611083984,0
1637,1809,0.3652949035167694,0
1637,3442,0.3413209915161133,0
1637,2055,0.34327250719070435,0
1637,1893,0.34354281425476074,0
1637,1572,0.3632079064846039,0
1637,621,0.34839779138565063,0
1637,2054,0.34038323163986206,0
1637,793,0.34539151191711426,0
1637,3596,0.3430793881416321,0
1637,478,0.36207807064056396,0
1637,2925,0.33583760261535645,0
1637,3257,0.3567166328430176,0
1637,2104,0.3611831068992615,0
1637,608,0.3511926531791687,0
1637,1706,0.39560988545417786,0
1637,3200,0.34248173236846924,0
1637,619,0.3681754767894745,0
3840,3840,0.3447217345237732,1
3840,878,0.3674173653125763,0
3840,2582,0.35774117708206177,0
3840,3172,0.3409540057182312,0
3840,3099,0.35248667001724243,0
3840,563,0.35526469349861145,0
3840,3986,0.33705538511276245,0
3840,3730,0.3432595133781433,0
3840,428,0.38533711433410645,0
3840,3369,0.3473392426967621,0
3840,518,0.34783273935317993,0
3840,165,0.3774588704109192,0
3840,3544,0.3463444113731384,0
3840,3276,0.342924028635025,0
3840,1262,0.3534030020236969,0
3840,2748,0.3464861512184143,0
3840,187,0.35732579231262207,0
3840,2221,0.34388643503189087,0
3840,2678,0.3466682732105255,0
3840,3977,0.3470126986503601,0
2720,2720,0.3722332715988159,1
2720,3878,0.3480769395828247,0
2720,1227,0.36021119356155396,0
2720,3481,0.3502005338668823,0
2720,1693,0.3460453152656555,0
2720,3995,0.3508584499359131,0
2720,488,0.3489081859588623,0
2720,2215,0.3560320734977722,0
2720,2866,0.3658994138240814,0
2720,1411,0.3502349555492401,0
2720,2876,0.3623046875,0
2720,1442,0.36476415395736694,0
2720,1254,0.34578996896743774,0
2720,200,0.35688501596450806,0
2720,2401,0.35142678022384644,0
2720,2820,0.3446906805038452,0
2720,1014,0.3779013752937317,0
2720,3993,0.3412144184112549,0
2720,2188,0.39711451530456543,0
2720,1162,0.3507107198238373,0
2776,2776,0.34040015935897827,1
2776,1538,0.39583611488342285,0
2776,1697,0.3535929024219513,0
2776,1230,0.3463682532310486,0
2776,3530,0.3421364426612854,0
2776,748,0.3520921766757965,0
2776,1747,0.39165952801704407,0
2776,2813,0.3640577793121338,0
2776,701,0.37779700756073,0
2776,3586,0.34344977140426636,0
2776,2182,0.34151023626327515,0
2776,3950,0.35326090455055237,0
2776,1077,0.3463062644004822,0
2776,2191,0.34475117921829224,0
2776,1792,0.3695395886898041,0
2776,1685,0.3440363109111786,0
2776,731,0.34685805439949036,0
2776,2049,0.36233851313591003,0
2776,2540,0.33988961577415466,0
2776,658,0.39242273569107056,0
145,145,0.364801824092865,1
145,3121,0.3508487343788147,0
145,350,0.38003331422805786,0
145,839,0.3660608232021332,0
145,1824,0.35154247283935547,0
145,1613,0.34397098422050476,0
145,1219,0.34909749031066895,0
145,534,0.3694300651550293,0
145,3512,0.3501496911048889,0
145,2955,0.35588696599006653,0
145,1795,0.35154908895492554,0
145,3261,0.360865980386734,0
145,3809,0.3509029448032379,0
145,3025,0.34840860962867737,0
145,3715,0.34741339087486267,0
145,37,0.3686808943748474,0
145,470,0.37721651792526245,0
145,734,0.366402804851532,0
145,859,0.34727632999420166,0
145,183,0.34801310300827026,0
999,999,0.35373181104660034,1
999,2182,0.3491131067276001,0
999,2953,0.352679044008255,0
999,1959,0.3524116277694702,0
999,2225,0.3759923577308655,0
999,3023,0.37780871987342834,0
999,2287,0.3573050796985626,0
999,1572,0.38600316643714905,0
999,499,0.3727959990501404,0
999,424,0.3923396170139313,0
999,3541,0.3472234904766083,0
999,167,0.3553391993045807,0
999,4099,0.3532565236091614,0
999,960,0.356356680393219,0
999,3994,0.35553380846977234,0
999,3778,0.35318395495414734,0
999,3260,0.36382561922073364,0
999,2628,0.3622255325317383,0
999,890,0.35988086462020874,0
999,1556,0.36434680223464966,0
1975,1975,0.3577805161476135,1
1975,659,0.3456348776817322,0
1975,393,0.3805448114871979,0
1975,7,0.35950013995170593,0
1975,1333,0.35455477237701416,0
1975,2701,0.3779020309448242,0
1975,581,0.38181883096694946,0
1975,621,0.3618727922439575,0
1975,3289,0.3633997440338135,0
1975,847,0.3503885865211487,0
1975,1297,0.3714869022369385,0
1975,2860,0.3535166382789612,0
1975,1942,0.34785014390945435,0
1975,626,0.39523372054100037,0
1975,2819,0.36970409750938416,0
1975,2792,0.35170650482177734,0
1975,1247,0.35626623034477234,0
1975,122,0.3762718439102173,0
1975,347,0.3667149543762207,0
1975,1102,0.36387699842453003,0
30,30,0.34598198533058167,1
30,240,0.3685528039932251,0
30,2208,0.3593038022518158,0
30,1919,0.3353655934333801,0
30,3353,0.36181938648223877,0
30,291,0.3558416962623596,0
30,1534,0.3558460474014282,0
30,1967,0.3610585927963257,0
30,3048,0.34230008721351624,0
30,1922,0.3435857892036438,0
30,2031,0.3479294776916504,0
30,621,0.35125190019607544,0
30,1054,0.3649679720401764,0
30,3340,0.3476497530937195,0
30,2400,0.3447099030017853,0
30,1193,0.3497365117073059,0
30,3524,0.3769943118095398,0
30,2039,0.3419325053691864,0
30,2369,0.36265426874160767,0
30,613,0.3458474278450012,0
144,144,0.34314823150634766,1
144,1790,0.3454301059246063,0
144,2837,0.34579354524612427,0
144,3019,0.34532684087753296,0
144,2441,0.3502296805381775,0
144,987,0.35064733028411865,0
144,3187,0.3402944803237915,0
144,2831,0.34620219469070435,0
144,2492,0.3539259135723114,0
144,3933,0.34674230217933655,0
144,1530,0.3436320424079895,0
144,2022,0.35442090034484863,0
144,4173,0.3430887758731842,0
144,4063,0.34851425886154175,0
144,2784,0.3487699627876282,0
144,4150,0.3446997106075287,0
144,3380,0.3471353352069855,0
144,3671,0.3403123617172241,0
144,3323,0.34167686104774475,0
144,1744,0.3396244943141937,0
3119,3119,0.3385486602783203,1
3119,3852,0.34983956813812256,0
3119,594,0.3534608483314514,0
3119,2810,0.3666539788246155,0
3119,2357,0.3374366760253906,0
3119,3619,0.340895414352417,0
3119,2599,0.3608052134513855,0
3119,3967,0.35381028056144714,0
3119,1460,0.3427364230155945,0
3119,1449,0.33560991287231445,0
3119,3412,0.3462080657482147,0
3119,1483,0.3371102213859558,0
3119,1656,0.35574543476104736,0
3119,2965,0.3476826846599579,0
3119,1429,0.3423866033554077,0
3119,2980,0.3405381441116333,0
3119,3300,0.344760537147522,0
3119,968,0.3588697910308838,0
3119,4048,0.35926106572151184,0
3119,896,0.3471207916736603,0
3975,3975,0.34689098596572876,1
3975,3566,0.34669047594070435,0
3975,1220,0.358729749917984,0
3975,353,0.35763928294181824,0
3975,1914,0.3455357551574707,0
3975,697,0.372945636510849,0
3975,4039,0.345354288816452,0
3975,716,0.3637811541557312,0
3975,2079,0.35711437463760376,0
3975,4014,0.35054415464401245,0
3975,899,0.37399643659591675,0
3975,2299,0.3400548994541168,0
3975,1366,0.36181777715682983,0
3975,799,0.3472488224506378,0
3975,2966,0.3480173647403717,0
3975,1340,0.3604949712753296,0
3975,2122,0.344272255897522,0
3975,143,0.3514029383659363,0
3975,2708,0.35258519649505615,0
3975,3170,0.3446093797683716,0
2340,2340,0.3486242890357971,1
2340,3076,0.3526153564453125,0
2340,2804,0.3471797704696655,0
2340,3975,0.3489515781402588,0
2340,816,0.36474335193634033,0
2340,2843,0.3495829701423645,0
2340,3735,0.35058069229125977,0
2340,3513,0.3474024534225464,0
2340,648,0.3733399510383606,0
2340,2643,0.35677897930145264,0
2340,3501,0.34919217228889465,0
2340,3830,0.35278046131134033,0
2340,938,0.3595924377441406,0
2340,1031,0.3815358579158783,0
2340,3853,0.3583068251609802,0
2340,3011,0.3513542115688324,0
2340,2618,0.35770469903945923,0
2340,3638,0.3534619212150574,0
2340,678,0.3543461859226227,0
2340,872,0.37555786967277527,0
1919,1919,0.3385273218154907,1
1919,3065,0.34317803382873535,0
1919,2639,0.368245929479599,0
1919,362,0.3628414571285248,0
1919,4163,0.3445899486541748,0
1919,1595,0.3748449981212616,0
1919,1275,0.35788142681121826,0
1919,943,0.354336678981781,0
1919,2573,0.34541285037994385,0
1919,2373,0.34940779209136963,0
1919,3217,0.3445858061313629,0
1919,3650,0.3447378873825073,0
1919,1098,0.34893131256103516,0
1919,208,0.35699981451034546,0
1919,3121,0.34841156005859375,0
1919,1783,0.3527876138687134,0
1919,529,0.36492082476615906,0
1919,510,0.3432760238647461,0
1919,507,0.3495821952819824,0
1919,47,0.34038078784942627,0
2412,2412,0.34772631525993347,1
2412,2521,0.33526211977005005,0
2412,341,0.36036407947540283,0
2412,3936,0.34037280082702637,0
2412,3209,0.3438921272754669,0
2412,3488,0.34791168570518494,0
2412,1909,0.34940093755722046,0
2412,3484,0.34076008200645447,0
2412,794,0.3501817584037781,0
2412,4100,0.3438612222671509,0
2412,2908,0.34403857588768005,0
2412,480,0.374738484621048,0
2412,4120,0.34691333770751953,0
2412,760,0.3620949685573578,0
2412,141,0.34621065855026245,0
2412,3157,0.34368932247161865,0
2412,199,0.37542426586151123,0
2412,3568,0.34148868918418884,0
2412,3809,0.3449992537498474,0
2412,2502,0.34875184297561646,0
2100,2100,0.34568265080451965,1
2100,941,0.3686532974243164,0
2100,2408,0.34409457445144653,0
2100,386,0.35241490602493286,0
2100,1677,0.3683512806892395,0
2100,2268,0.3789278566837311,0
2100,2346,0.3687264919281006,0
2100,3455,0.3455595374107361,0
2100,1610,0.3541988730430603,0
2100,2896,0.3541963994503021,0
2100,1597,0.34348222613334656,0
2100,212,0.3418828248977661,0
2100,1744,0.3397318720817566,0
2100,3385,0.342689573764801,0
2100,3696,0.36554867029190063,0
2100,3352,0.34252291917800903,0
2100,837,0.3671298027038574,0
2100,3553,0.3503212332725525,0
2100,3124,0.34540826082229614,0
2100,3244,0.34447094798088074,0
3571,3571,0.346550852060318,1
3571,545,0.38292109966278076,0
3571,2928,0.34758657217025757,0
3571,1669,0.3770124316215515,0
3571,3584,0.35098206996917725,0
3571,4099,0.349504679441452,0
3571,3366,0.3491707146167755,0
3571,3712,0.35652610659599304,0
3571,2793,0.3573901653289795,0
3571,331,0.3551294207572937,0
3571,214,0.3874095380306244,0
3571,957,0.3501442074775696,0
3571,3564,0.3535325527191162,0
3571,2510,0.4030856788158417,0
3571,1262,0.3587479293346405,0
3571,3049,0.35510337352752686,0
3571,2933,0.36991041898727417,0
3571,3167,0.35286709666252136,0
3571,1069,0.34832894802093506,0
3571,2417,0.3469547629356384,0
933,933,0.35164570808410645,1
933,4106,0.34119829535484314,0
933,175,0.35877782106399536,0
933,2767,0.3429596424102783,0
933,3651,0.34792661666870117,0
933,3217,0.3398981988430023,0
933,1765,0.33917927742004395,0
933,1850,0.345414936542511,0
933,570,0.3568381071090698,0
933,3372,0.3461560308933258,0
933,462,0.3357163965702057,0
933,3972,0.3414694666862488,0
933,981,0.3596673905849457,0
933,4095,0.34269076585769653,0
933,3092,0.3436475992202759,0
933,2713,0.34898290038108826,0
933,548,0.3532378077507019,0
933,912,0.34552064538002014,0
933,2352,0.3491954207420349,0
933,2925,0.3370906710624695,0
3475,3475,0.34106719493865967,1
3475,2660,0.34195101261138916,0
3475,1922,0.3384425938129425,0
3475,403,0.3722117245197296,0
3475,1850,0.3425685465335846,0
3475,2091,0.3321758508682251,0
3475,4154,0.3409478962421417,0
3475,1172,0.344566285610199,0
3475,56,0.3678484261035919,0
3475,3945,0.3378436863422394,0
3475,3356,0.34126073122024536,0
3475,367,0.34955668449401855,0
3475,393,0.36747244000434875,0
3475,1599,0.34609532356262207,0
3475,1006,0.34156203269958496,0
3475,4102,0.34205085039138794,0
3475,2222,0.35636454820632935,0
3475,3891,0.3396090865135193,0
3475,3057,0.3430584669113159,0
3475,2711,0.36090922355651855,0
888,888,0.40118515491485596,1
888,2133,0.3533681333065033,0
888,3450,0.34375622868537903,0
888,1195,0.34542572498321533,0
888,3679,0.344875305891037,0
888,2364,0.3582252264022827,0
888,1446,0.3465615510940552,0
888,364,0.34805649518966675,0
888,244,0.37949061393737793,0
888,1147,0.34728920459747314,0
888,2662,0.3469148576259613,0
888,2688,0.3436046242713928,0
888,891,0.3895995318889618,0
888,1913,0.35078367590904236,0
888,190,0.3917296528816223,0
888,2747,0.35076314210891724,0
888,2640,0.34643566608428955,0
888,424,0.38673722743988037,0
888,2590,0.35451966524124146,0
888,3015,0.37284114956855774,0
2916,2916,0.3448777198791504,1
2916,2225,0.3621368408203125,0
2916,4023,0.345861554145813,0
2916,576,0.34292900562286377,0
2916,2275,0.3512481153011322,0
2916,134,0.3497641682624817,0
2916,3684,0.348265141248703,0
2916,3499,0.34263667464256287,0
2916,1360,0.37300583720207214,0
2916,2061,0.3489852845668793,0
2916,2233,0.36863744258880615,0
2916,3812,0.34180694818496704,0
2916,82,0.3451377749443054,0
2916,693,0.3488848805427551,0
2916,1123,0.34693121910095215,0
2916,135,0.3689884543418884,0
2916,2388,0.3790093660354614,0
2916,2222,0.3595295548439026,0
2916,47,0.33903056383132935,0
2916,3025,0.3436410129070282,0
3855,3855,0.3669436275959015,1
3855,2876,0.35691583156585693,0
3855,3537,0.33721768856048584,0
3855,1002,0.3434867560863495,0
3855,2131,0.3436698317527771,0
3855,1916,0.34404683113098145,0
3855,2192,0.34660112857818604,0
3855,341,0.3602285087108612,0
3855,3921,0.3396447002887726,0
3855,585,0.34981903433799744,0
3855,669,0.3473058044910431,0
3855,2189,0.3520442843437195,0
3855,2329,0.3468363285064697,0
3855,297,0.3621031939983368,0
3855,3388,0.35006123781204224,0
3855,663,0.3460187017917633,0
3855,1918,0.35573020577430725,0
3855,1266,0.3530173897743225,0
3855,316,0.3681564927101135,0
3855,4002,0.34780627489089966,0
1051,1051,0.3897688090801239,1
1051,621,0.35552310943603516,0
1051,3023,0.3709622025489807,0
1051,2449,0.3499319553375244,0
1051,99,0.3740363121032715,0
1051,2779,0.35896944999694824,0
1051,1092,0.3458721339702606,0
1051,208,0.3612060844898224,0
1051,1073,0.3519977033138275,0
1051,3526,0.34201115369796753,0
1051,546,0.3436635136604309,0
1051,2902,0.3613905906677246,0
1051,3279,0.3477587401866913,0
1051,2304,0.34316909313201904,0
1051,259,0.3969305753707886,0
1051,1216,0.3540685772895813,0
1051,1930,0.3500467836856842,0
1051,3412,0.35069510340690613,0
1051,3807,0.3513088822364807,0
1051,1429,0.34748756885528564,0
295,295,0.35649800300598145,1
295,844,0.3778964877128601,0
295,1079,0.3791842460632324,0
295,798,0.3532349467277527,0
295,2248,0.3521619439125061,0
295,1485,0.372641384601593,0
295,1891,0.34955576062202454,0
295,615,0.36321237683296204,0
295,3407,0.35096609592437744,0
295,3137,0.3697510063648224,0
295,4128,0.3545967638492584,0
295,2636,0.35069090127944946,0
295,3846,0.3466477394104004,0
295,1644,0.3566238284111023,0
295,461,0.38676917552948,0
295,1736,0.3623462915420532,0
295,123,0.35405439138412476,0
295,3758,0.3464020788669586,0
295,1032,0.36024975776672363,0
295,1561,0.3683640956878662,0
3702,3702,0.3419799208641052,1
3702,234,0.3362278342247009,0
3702,2374,0.35787826776504517,0
3702,3032,0.383159875869751,0
3702,3212,0.350253164768219,0
3702,2803,0.3433508276939392,0
3702,962,0.34156978130340576,0
3702,3597,0.35085535049438477,0
3702,2135,0.3478880822658539,0
3702,517,0.38521379232406616,0
3702,2362,0.34369954466819763,0
3702,1807,0.3731529414653778,0
3702,3306,0.3713415861129761,0
3702,2665,0.3503055274486542,0
3702,507,0.35111203789711,0
3702,2174,0.34606945514678955,0
3702,768,0.35868439078330994,0
3702,2750,0.3573671579360962,0
3702,3082,0.3761448264122009,0
3702,576,0.3440592885017395,0
3074,3074,0.35918354988098145,1
3074,1184,0.362064003944397,0
3074,2700,0.3656909465789795,0
3074,1443,0.3560488224029541,0
3074,105,0.37233197689056396,0
3074,2783,0.3556991219520569,0
3074,2171,0.3838083744049072,0
3074,1201,0.35470330715179443,0
3074,2688,0.34711599349975586,0
3074,3514,0.3595697581768036,0
3074,1006,0.35503655672073364,0
3074,1961,0.3555157780647278,0
3074,3644,0.36037206649780273,0
3074,1684,0.3449305295944214,0
3074,3391,0.38431400060653687,0
3074,3643,0.34960609674453735,0
3074,2702,0.3641851544380188,0
3074,2187,0.35446521639823914,0
3074,2224,0.3536430597305298,0
3074,1859,0.36503973603248596,0
4007,4007,0.33892369270324707,1
4007,2629,0.3562883138656616,0
4007,3619,0.34786370396614075,0
4007,2295,0.35015183687210083,0
4007,3375,0.3481872081756592,0
4007,1475,0.3527507781982422,0
4007,69,0.38135358691215515,0
4007,3959,0.35286930203437805,0
4007,823,0.3529837727546692,0
4007,1112,0.3564881682395935,0
4007,578,0.3766220808029175,0
4007,3466,0.3519923686981201,0
4007,106,0.34718719124794006,0
4007,3403,0.34530237317085266,0
4007,2203,0.34639471769332886,0
4007,2922,0.3735767602920532,0
4007,2432,0.36071503162384033,0
4007,2654,0.34951239824295044,0
4007,71,0.36755871772766113,0
4007,491,0.36486929655075073,0
606,606,0.34380432963371277,1
606,4113,0.3452770709991455,0
606,1762,0.3481638729572296,0
606,811,0.3659152686595917,0
606,3299,0.3479498624801636,0
606,3275,0.35380712151527405,0
606,4061,0.3485724925994873,0
606,3447,0.35249489545822144,0
606,3184,0.3584873080253601,0
606,3053,0.36035317182540894,0
606,319,0.36348050832748413,0
606,1050,0.35946935415267944,0
606,1152,0.3550572097301483,0
606,2872,0.34403932094573975,0
606,1512,0.3626313805580139,0
606,485,0.37690702080726624,0
606,3982,0.34827256202697754,0
606,283,0.36528611183166504,0
606,2142,0.33872634172439575,0
606,111,0.3630935847759247,0
1932,1932,0.35576727986335754,1
1932,168,0.37062811851501465,0
1932,3794,0.3448145389556885,0
1932,3665,0.3427063226699829,0
1932,1256,0.3455297350883484,0
1932,1652,0.35985565185546875,0
1932,4025,0.35605937242507935,0
1932,1991,0.355649471282959,0
1932,4106,0.3485780358314514,0
1932,1370,0.35464078187942505,0
1932,196,0.34659096598625183,0
1932,178,0.36848312616348267,0
1932,3297,0.3505880534648895,0
1932,1190,0.3549467921257019,0
1932,1638,0.3606888949871063,0
1932,3444,0.3491712808609009,0
1932,3536,0.3541325330734253,0
1932,704,0.3664427399635315,0
1932,514,0.35005027055740356,0
1932,143,0.35289138555526733,0
3205,3205,0.35723239183425903,1
3205,3480,0.3378484845161438,0
3205,3292,0.34362971782684326,0
3205,1650,0.36639678478240967,0
3205,1830,0.3553009331226349,0
3205,1878,0.3502258062362671,0
3205,1825,0.3456678092479706,0
3205,1971,0.36350229382514954,0
3205,3110,0.3465566635131836,0
3205,1145,0.424482524394989,0
3205,2351,0.3543804883956909,0
3205,3238,0.34450727701187134,0
3205,3691,0.3481994867324829,0
3205,3420,0.3458262085914612,0
3205,3433,0.35302650928497314,0
3205,105,0.3696664571762085,0
3205,926,0.3699811100959778,0
3205,3003,0.34548258781433105,0
3205,120,0.3478730022907257,0
3205,3520,0.3437855541706085,0
16,16,0.37693655490875244,1
16,4005,0.34240835905075073,0
16,3695,0.3413790464401245,0
16,1616,0.35254979133605957,0
16,871,0.3443893790245056,0
16,3019,0.3435710072517395,0
16,1050,0.3575859069824219,0
16,875,0.34230828285217285,0
16,1060,0.35360997915267944,0
16,3042,0.3615250587463379,0
16,4131,0.3450961112976074,0
16,368,0.34587037563323975,0
16,3970,0.3488207757472992,0
16,725,0.35943955183029175,0
16,102,0.3675886392593384,0
16,3910,0.3530862033367157,0
16,841,0.3607427477836609,0
16,3389,0.34167587757110596,0
16,2563,0.33881813287734985,0
16,295,0.34830570220947266,0
54,54,0.34476613998413086,1
54,2531,0.34750720858573914,0
54,2748,0.340495228767395,0
54,3168,0.35076189041137695,0
54,1179,0.33891162276268005,0
54,2536,0.3403205871582031,0
54,2301,0.3591623306274414,0
54,2842,0.34104248881340027,0
54,1729,0.34301114082336426,0
54,3976,0.34100544452667236,0
54,235,0.3567323386669159,0
54,1646,0.34254688024520874,0
54,2993,0.3428608179092407,0
54,3124,0.3397742211818695,0
54,4036,0.3389686048030853,0
54,454,0.3482667803764343,0
54,4080,0.334209680557251,0
54,2430,0.3405275344848633,0
54,1629,0.3585665822029114,0
54,4049,0.3393426537513733,0
3969,3969,0.3595162630081177,1
3969,238,0.3942992687225342,0
3969,2786,0.36379700899124146,0
3969,939,0.39666542410850525,0
3969,960,0.3538670241832733,0
3969,3832,0.3479998707771301,0
3969,3428,0.338933527469635,0
3969,1698,0.35950714349746704,0
3969,811,0.3817843198776245,0
3969,4008,0.3591114282608032,0
3969,1124,0.3545072674751282,0
3969,2430,0.35162925720214844,0
3969,1194,0.35638758540153503,0
3969,1767,0.34815070033073425,0
3969,1252,0.34376490116119385,0
3969,4073,0.35035866498947144,0
3969,3486,0.3561127185821533,0
3969,1969,0.3478686809539795,0
3969,3720,0.35021156072616577,0
3969,1876,0.35654664039611816,0
3224,3224,0.35130882263183594,1
3224,1464,0.37241652607917786,0
3224,644,0.35440683364868164,0
3224,3683,0.35471922159194946,0
3224,3495,0.35012686252593994,0
3224,3535,0.3451097905635834,0
3224,1741,0.3690577447414398,0
3224,1561,0.363955557346344,0
3224,2477,0.34957265853881836,0
3224,1278,0.38839513063430786,0
3224,117,0.37516477704048157,0
3224,2547,0.34729474782943726,0
3224,2485,0.3707396686077118,0
3224,2060,0.35079944133758545,0
3224,2016,0.35391655564308167,0
3224,478,0.36778724193573,0
3224,3517,0.3628358244895935,0
3224,758,0.3758891820907593,0
3224,2638,0.3486718237400055,0
3224,3000,0.348563015460968,0
1567,1567,0.34691518545150757,1
1567,3504,0.3586495518684387,0
1567,1269,0.3480091094970703,0
1567,965,0.3585515022277832,0
1567,1671,0.3512294888496399,0
1567,2981,0.34093934297561646,0
1567,3007,0.3477073907852173,0
1567,786,0.347792387008667,0
1567,1652,0.35689812898635864,0
1567,309,0.3540877103805542,0
1567,2066,0.3554098308086395,0
1567,676,0.34752461314201355,0
1567,1170,0.34760773181915283,0
1567,912,0.35013240575790405,0
1567,1426,0.3670017123222351,0
1567,975,0.34984737634658813,0
1567,1486,0.34360742568969727,0
1567,3844,0.3418586850166321,0
1567,756,0.34519803524017334,0
1567,1986,0.3633410334587097,0
3919,3919,0.34596920013427734,1
3919,3352,0.3435586392879486,0
3919,2577,0.3495948314666748,0
3919,3210,0.34417903423309326,0
3919,603,0.36142656207084656,0
3919,3368,0.3485485315322876,0
3919,105,0.36602067947387695,0
3919,141,0.34889039397239685,0
3919,1133,0.3714219033718109,0
3919,2595,0.3628270626068115,0
3919,1051,0.3751923441886902,0
3919,3898,0.35329240560531616,0
3919,2884,0.34770774841308594,0
3919,2862,0.3460623025894165,0
3919,878,0.3614678978919983,0
3919,3780,0.34136271476745605,0
3919,226,0.35876935720443726,0
3919,1994,0.3520907461643219,0
3919,3508,0.3432552218437195,0
3919,3839,0.34413307905197144,0
178,178,0.3606797456741333,1
178,2132,0.34293532371520996,0
178,1605,0.3573532700538635,0
178,1143,0.3549197316169739,0
178,2258,0.3588067889213562,0
178,3604,0.34252870082855225,0
178,3309,0.34055089950561523,0
178,1171,0.3474021852016449,0
178,2018,0.35581064224243164,0
178,1410,0.35218504071235657,0
178,3549,0.347825825214386,0
178,30,0.34406232833862305,0
178,3620,0.3442234992980957,0
178,3253,0.3408885598182678,0
178,1717,0.3492105007171631,0
178,933,0.35117068886756897,0
178,2744,0.35027748346328735,0
178,58,0.34916096925735474,0
178,3033,0.3368719816207886,0
178,2507,0.3479602336883545,0
420,420,0.36181366443634033,1
420,2078,0.3470481038093567,0
420,3573,0.34891194105148315,0
420,2983,0.3451085388660431,0
420,1553,0.347356379032135,0
420,1969,0.3458402752876282,0
420,3724,0.3421657383441925,0
420,3417,0.35420113801956177,0
420,725,0.3627888858318329,0
420,261,0.3501189351081848,0
420,1315,0.36865460872650146,0
420,3896,0.34940463304519653,0
420,1492,0.3667389750480652,0
420,3669,0.3503650426864624,0
420,1827,0.3482932448387146,0
420,666,0.3589184284210205,0
420,58,0.3545808494091034,0
420,3437,0.3509579300880432,0
420,3980,0.3457556366920471,0
420,2313,0.3457019329071045,0
1736,1736,0.3600464463233948,1
1736,3006,0.3562776744365692,0
1736,2791,0.3581897020339966,0
1736,2305,0.3481411337852478,0
1736,1959,0.35042452812194824,0
1736,2529,0.34609246253967285,0
1736,1352,0.3565831780433655,0
1736,1833,0.3557787537574768,0
1736,224,0.36815154552459717,0
1736,1176,0.35341596603393555,0
1736,1215,0.370830237865448,0
1736,4059,0.3521556854248047,0
1736,3654,0.36751216650009155,0
1736,2141,0.35689300298690796,0
1736,356,0.3584290146827698,0
1736,90,0.3815997838973999,0
1736,3849,0.3545493483543396,0
1736,1272,0.34595465660095215,0
1736,1219,0.34929898381233215,0
1736,3150,0.34517592191696167,0
2446,2446,0.3482149839401245,1
2446,2484,0.3480023145675659,0
2446,4089,0.3409695029258728,0
2446,1353,0.3426766097545624,0
2446,816,0.3548920750617981,0
2446,2827,0.34098130464553833,0
2446,0,0.3543703258037567,0
2446,1008,0.34507232904434204,0
2446,629,0.3655128479003906,0
2446,3201,0.3420167863368988,0
2446,3780,0.3390680253505707,0
2446,994,0.35115522146224976,0
2446,3116,0.3596537113189697,0
2446,2662,0.3428097367286682,0
2446,787,0.3488950729370117,0
2446,3752,0.34517520666122437,0
2446,3697,0.3540031909942627,0
2446,351,0.3464660048484802,0
2446,4094,0.34862929582595825,0
2446,3434,0.34035414457321167,0
3179,3179,0.35240066051483154,1
3179,3570,0.34721046686172485,0
3179,3242,0.3464760184288025,0
3179,3138,0.36349183320999146,0
3179,702,0.3568549156188965,0
3179,2089,0.35485655069351196,0
3179,3071,0.35397255420684814,0
3179,766,0.348217248916626,0
3179,1079,0.3859109878540039,0
3179,3619,0.3492470383644104,0
3179,3434,0.34854960441589355,0
3179,2911,0.35310569405555725,0
3179,1963,0.344921737909317,0
3179,300,0.35004737973213196,0
3179,877,0.35738256573677063,0
3179,2174,0.3486013412475586,0
3179,1187,0.35183092951774597,0
3179,104,0.38888657093048096,0
3179,3530,0.3473014235496521,0
3179,910,0.35005706548690796,0
1368,1368,0.3514423966407776,1
1368,3173,0.34808963537216187,0
1368,829,0.35353127121925354,0
1368,3648,0.3483560085296631,0
1368,3105,0.3536871671676636,0
1368,2820,0.34415680170059204,0
1368,1290,0.3483438491821289,0
1368,668,0.35304734110832214,0
1368,1664,0.3516697287559509,0
1368,420,0.36224520206451416,0
1368,2251,0.3506098687648773,0
1368,2426,0.34974366426467896,0
1368,2578,0.3501817584037781,0
1368,3983,0.35234183073043823,0
1368,3675,0.37198522686958313,0
1368,3088,0.34561479091644287,0
1368,726,0.3470374345779419,0
1368,117,0.3739294409751892,0
1368,2817,0.34877246618270874,0
1368,3114,0.3538867235183716,0
1327,1327,0.3725329041481018,1
1327,111,0.37441563606262207,0
1327,372,0.3668805956840515,0
1327,89,0.35580551624298096,0
1327,2895,0.3473000228404999,0
1327,2600,0.3518008887767792,0
1327,291,0.36445432901382446,0
1327,3213,0.346849262714386,0
1327,2956,0.35352277755737305,0
1327,1574,0.38174551725387573,0
1327,2423,0.38148239254951477,0
1327,2383,0.3504798114299774,0
1327,3735,0.34875035285949707,0
1327,3318,0.35538047552108765,0
1327,777,0.3933175802230835,0
1327,12,0.3844720125198364,0
1327,1296,0.35394951701164246,0
1327,3475,0.35235297679901123,0
1327,3156,0.3554481863975525,0
1327,179,0.351828932762146,0
1882,1882,0.3430715799331665,1
1882,2837,0.3453403115272522,0
1882,1153,0.3390621542930603,0
1882,3183,0.3597561717033386,0
1882,3353,0.36317574977874756,0
1882,3447,0.35143059492111206,0
1882,2624,0.3488847017288208,0
1882,3301,0.33751606941223145,0
1882,762,0.3653644919395447,0
1882,263,0.34702953696250916,0
1882,3729,0.3453739285469055,0
1882,1969,0.3437541723251343,0
1882,2043,0.3416588604450226,0
1882,186,0.3406536877155304,0
1882,2211,0.3484621047973633,0
1882,1904,0.34844011068344116,0
1882,345,0.37761765718460083,0
1882,1652,0.3536723852157593,0
1882,3958,0.3423210382461548,0
1882,1045,0.3576999306678772,0
3306,3306,0.3700215220451355,1
3306,436,0.35014984011650085,0
3306,2532,0.3642379641532898,0
3306,1583,0.3699808716773987,0
3306,433,0.34430038928985596,0
3306,905,0.37220335006713867,0
3306,404,0.3956518769264221,0
3306,2977,0.35019558668136597,0
3306,337,0.37492799758911133,0
3306,240,0.37793391942977905,0
3306,1096,0.34031587839126587,0
3306,2752,0.3575885593891144,0
3306,885,0.377257764339447,0
3306,3994,0.3480878472328186,0
3306,967,0.3382026255130768,0
3306,227,0.3383309543132782,0
3306,2036,0.42794662714004517,0
3306,2816,0.34388530254364014,0
3306,1847,0.3538161516189575,0
3306,2210,0.33660197257995605,0
2841,2841,0.35581180453300476,1
2841,3470,0.3453657627105713,0
2841,3310,0.37445348501205444,0
2841,1365,0.38036179542541504,0
2841,3479,0.3501758277416229,0
2841,66,0.35156911611557007,0
2841,394,0.36340761184692383,0
2841,2085,0.34377023577690125,0
2841,580,0.3820284605026245,0
2841,650,0.37873148918151855,0
2841,2915,0.34545695781707764,0
2841,829,0.3546004593372345,0
2841,1772,0.3442029356956482,0
2841,856,0.37629297375679016,0
2841,2863,0.3514498472213745,0
2841,399,0.3669355511665344,0
2841,3653,0.3498784601688385,0
2841,1269,0.34897083044052124,0
2841,675,0.3865034580230713,0
2841,307,0.3661723732948303,0
508,508,0.35844868421554565,1
508,2908,0.34992629289627075,0
508,3161,0.34970736503601074,0
508,3925,0.34221041202545166,0
508,3980,0.34720033407211304,0
508,3260,0.35722652077674866,0
508,649,0.3775465190410614,0
508,2444,0.34669697284698486,0
508,1500,0.3538658022880554,0
508,869,0.36001473665237427,0
508,3534,0.3490874171257019,0
508,128,0.34802860021591187,0
508,1944,0.3561592102050781,0
508,2336,0.361680269241333,0
508,1022,0.37446749210357666,0
508,1770,0.34601932764053345,0
508,2969,0.3524753749370575,0
508,3524,0.3820146918296814,0
508,3753,0.34969523549079895,0
508,2035,0.35102415084838867,0
3612,3612,0.3468817472457886,1
3612,2285,0.3513723611831665,0
3612,4016,0.339995414018631,0
3612,280,0.3380507230758667,0
3612,3044,0.3433806598186493,0
3612,2775,0.3604044020175934,0
3612,2466,0.36486512422561646,0
3612,3376,0.3439320921897888,0
3612,1962,0.3718301057815552,0
3612,153,0.34250569343566895,0
3612,1064,0.3427997827529907,0
3612,1976,0.3592974841594696,0
3612,2916,0.34283754229545593,0
3612,1478,0.33743977546691895,0
3612,3501,0.34149599075317383,0
3612,3405,0.35022038221359253,0
3612,3827,0.33942165970802307,0
3612,452,0.3436184227466583,0
3612,2854,0.34877532720565796,0
3612,3445,0.34149324893951416,0
962,962,0.34526294469833374,1
962,609,0.36504024267196655,0
962,2080,0.35908326506614685,0
962,2406,0.3495248556137085,0
962,80,0.3513598144054413,0
962,2598,0.3616141080856323,0
962,720,0.3480641841888428,0
962,1700,0.3560416102409363,0
962,574,0.36920198798179626,0
962,923,0.3549111783504486,0
962,83,0.35855042934417725,0
962,297,0.36785051226615906,0
962,1721,0.3427976965904236,0
962,1542,0.34772831201553345,0
962,2593,0.3684843182563782,0
962,1038,0.35053616762161255,0
962,1422,0.37633031606674194,0
962,2479,0.36070317029953003,0
962,126,0.3509913682937622,0
962,2481,0.34970319271087646,0
3637,3637,0.3392786979675293,1
3637,4176,0.34529584646224976,0
3637,1911,0.3750343918800354,0
3637,3670,0.35168832540512085,0
3637,1570,0.3824489712715149,0
3637,915,0.34993669390678406,0
3637,2371,0.35635679960250854,0
3637,1799,0.34507301449775696,0
3637,3332,0.348088800907135,0
3637,1749,0.3715534508228302,0
3637,3221,0.3390834927558899,0
3637,1447,0.38037362694740295,0
3637,992,0.36637043952941895,0
3637,738,0.3460191488265991,0
3637,3413,0.3470200300216675,0
3637,2997,0.3402498960494995,0
3637,468,0.35982024669647217,0
3637,1132,0.35179293155670166,0
3637,4160,0.341474711894989,0
3637,255,0.37743765115737915,0
3432,3432,0.35357165336608887,1
3432,1201,0.3520185649394989,0
3432,1249,0.3480134606361389,0
3432,1427,0.3847372531890869,0
3432,108,0.34704846143722534,0
3432,2906,0.3484092056751251,0
3432,3184,0.3608148694038391,0
3432,1759,0.35548797249794006,0
3432,2349,0.3576096296310425,0
3432,3972,0.3478734493255615,0
3432,647,0.35318300127983093,0
3432,2787,0.35367175936698914,0
3432,71,0.3618011474609375,0
3432,1671,0.3536454141139984,0
3432,759,0.35340362787246704,0
3432,3428,0.33900725841522217,0
3432,4046,0.35385948419570923,0
3432,3663,0.3720330595970154,0
3432,3657,0.34839850664138794,0
3432,1228,0.350261926651001,0
3021,3021,0.3498692512512207,1
3021,3874,0.3578733801841736,0
3021,3929,0.35490742325782776,0
3021,2847,0.3459494113922119,0
3021,274,0.3550851345062256,0
3021,1146,0.3556920886039734,0
3021,3185,0.34993046522140503,0
3021,813,0.35552695393562317,0
3021,537,0.36671125888824463,0
3021,1268,0.3516250252723694,0
3021,1016,0.35609084367752075,0
3021,136,0.3718487024307251,0
3021,1044,0.36678948998451233,0
3021,1810,0.3703404664993286,0
3021,180,0.3518930971622467,0
3021,1017,0.3528045415878296,0
3021,2893,0.35317540168762207,0
3021,2779,0.36348655819892883,0
3021,328,0.37774020433425903,0
3021,2,0.3587624430656433,0
2524,2524,0.34703442454338074,1
2524,2548,0.3548656105995178,0
2524,4101,0.34732329845428467,0
2524,2297,0.3731856346130371,0
2524,2777,0.3482211232185364,0
2524,1312,0.3695265054702759,0
2524,3439,0.342708945274353,0
2524,2593,0.36448734998703003,0
2524,2629,0.3503767251968384,0
2524,333,0.35152190923690796,0
2524,3292,0.3425954580307007,0
2524,1461,0.3551185727119446,0
2524,789,0.35139381885528564,0
2524,2809,0.3578528165817261,0
2524,2371,0.35156282782554626,0
2524,614,0.37243831157684326,0
2524,3881,0.34976518154144287,0
2524,1233,0.3821679353713989,0
2524,164,0.36160707473754883,0
2524,1979,0.338689386844635,0
4025,4025,0.3524438142776489,1
4025,3885,0.35037803649902344,0
4025,1585,0.4223400056362152,0
4025,229,0.3909478485584259,0
4025,1773,0.3585355877876282,0
4025,935,0.34073323011398315,0
4025,371,0.3523715138435364,0
4025,1375,0.3612571954727173,0
4025,752,0.3883324861526489,0
4025,62,0.3503968417644501,0
4025,1586,0.34779852628707886,0
4025,3903,0.34310510754585266,0
4025,798,0.3470793664455414,0
4025,1465,0.3557516038417816,0
4025,2346,0.37700551748275757,0
4025,569,0.34544843435287476,0
4025,2957,0.3565414547920227,0
4025,1982,0.35085010528564453,0
4025,155,0.35787320137023926,0
4025,147,0.38769781589508057,0
3326,3326,0.3659188747406006,1
3326,3485,0.35648536682128906,0
3326,2916,0.3458002805709839,0
3326,1322,0.37760621309280396,0
3326,204,0.3669643998146057,0
3326,4175,0.3448895514011383,0
3326,1112,0.3540642559528351,0
3326,2660,0.3509591519832611,0
3326,2896,0.3574794828891754,0
3326,2292,0.345853328704834,0
3326,2094,0.3478463590145111,0
3326,335,0.3861822187900543,0
3326,3793,0.3532521724700928,0
3326,2004,0.3472616374492645,0
3326,3679,0.34321367740631104,0
3326,2164,0.3434373140335083,0
3326,2261,0.3532457649707794,0
3326,3982,0.3524833023548126,0
3326,960,0.3500714898109436,0
3326,552,0.3545154333114624,0
155,155,0.3485509157180786,1
155,2631,0.3715078830718994,0
155,2798,0.35516923666000366,0
155,2762,0.3481728434562683,0
155,3918,0.347284197807312,0
155,3188,0.34456172585487366,0
155,3418,0.34250974655151367,0
155,275,0.34262359142303467,0
155,1465,0.3501555323600769,0
155,2060,0.34552860260009766,0
155,3023,0.3582984507083893,0
155,844,0.3703617453575134,0
155,2347,0.34222689270973206,0
155,1429,0.34413087368011475,0
155,4070,0.34743309020996094,0
155,332,0.33714765310287476,0
155,1032,0.34937724471092224,0
155,3791,0.3368794620037079,0
155,3620,0.345602810382843,0
155,3302,0.34688711166381836,0
578,578,0.36853671073913574,1
578,3267,0.36860790848731995,0
578,1268,0.350910484790802,0
578,2481,0.35155248641967773,0
578,3788,0.35138827562332153,0
578,3643,0.3482685387134552,0
578,3376,0.3516104817390442,0
578,1394,0.3523673415184021,0
578,2500,0.34523552656173706,0
578,2257,0.35264381766319275,0
578,1618,0.350024938583374,0
578,1814,0.37316450476646423,0
578,868,0.35912513732910156,0
578,2347,0.35000813007354736,0
578,1842,0.3514534533023834,0
578,950,0.3696413040161133,0
578,2087,0.36819061636924744,0
578,4094,0.3547196388244629,0
578,597,0.3606146574020386,0
578,787,0.3547266125679016,0
1315,1315,0.37015438079833984,1
1315,617,0.3486805260181427,0
1315,3942,0.3544330596923828,0
1315,1572,0.37079498171806335,0
1315,3188,0.3508049249649048,0
1315,64,0.35169851779937744,0
1315,746,0.3738144040107727,0
1315,2866,0.367730975151062,0
1315,489,0.3592063784599304,0
1315,559,0.3499445915222168,0
1315,432,0.3621978163719177,0
1315,3712,0.3546135723590851,0
1315,4146,0.3455723524093628,0
1315,2998,0.3851884603500366,0
1315,941,0.3727189302444458,0
1315,2328,0.35048574209213257,0
1315,2535,0.36787405610084534,0
1315,1691,0.34600216150283813,0
1315,17,0.3699806332588196,0
1315,1802,0.35335326194763184,0
4178,4178,0.3446897268295288,1
4178,777,0.3923681974411011,0
4178,1862,0.34413066506385803,0
4178,1064,0.34614890813827515,0
4178,1131,0.3413901925086975,0
4178,848,0.3798673748970032,0
4178,1211,0.35221922397613525,0
4178,1998,0.3615685701370239,0
4178,306,0.37455785274505615,0
4178,1230,0.3489018380641937,0
4178,221,0.35343044996261597,0
4178,2641,0.34755536913871765,0
4178,3664,0.3415648639202118,0
4178,332,0.34066468477249146,0
4178,1376,0.38317400217056274,0
4178,3771,0.3464771509170532,0
4178,3631,0.3416646122932434,0
4178,1251,0.365139901638031,0
4178,68,0.36325541138648987,0
4178,1187,0.34859752655029297,0
2341,2341,0.3450075685977936,1
2341,2386,0.3482532799243927,0
2341,1579,0.3648826777935028,0
2341,2354,0.34798622131347656,0
2341,3630,0.3508923649787903,0
2341,511,0.35028553009033203,0
2341,302,0.37373173236846924,0
2341,1126,0.34314092993736267,0
2341,3753,0.3470318615436554,0
2341,2805,0.3473314046859741,0
2341,3709,0.3434687852859497,0
2341,3992,0.3425252437591553,0
2341,3723,0.35332757234573364,0
2341,909,0.36113905906677246,0
2341,2207,0.34518542885780334,0
2341,1519,0.3502674698829651,0
2341,3273,0.34701889753341675,0
2341,1292,0.3552839756011963,0
2341,3306,0.36284661293029785,0
2341,2295,0.3453168570995331,0
3788,3788,0.35987207293510437,1
3788,1794,0.3558070957660675,0
3788,318,0.39453625679016113,0
3788,3732,0.35514408349990845,0
3788,1704,0.43565014004707336,0
3788,1875,0.36563926935195923,0
3788,477,0.36375612020492554,0
3788,687,0.37590259313583374,0
3788,3447,0.36784911155700684,0
3788,1438,0.3818973898887634,0
3788,195,0.3694577217102051,0
3788,1319,0.36897119879722595,0
3788,558,0.3625885844230652,0
3788,1498,0.3784177899360657,0
3788,2593,0.38601553440093994,0
3788,3043,0.361417293548584,0
3788,3868,0.35995614528656006,0
3788,2712,0.3645519018173218,0
3788,3453,0.3582744598388672,0
3788,1291,0.3548097610473633,0
1964,1964,0.33983343839645386,1
1964,4122,0.34647709131240845,0
1964,2575,0.3795929551124573,0
1964,2246,0.3558919429779053,0
1964,844,0.3808057904243469,0
1964,407,0.3414798974990845,0
1964,2042,0.3357813358306885,0
1964,2200,0.34723296761512756,0
1964,1597,0.3408799171447754,0
1964,1541,0.3593031167984009,0
1964,3411,0.34752845764160156,0
1964,570,0.3631359338760376,0
1964,3384,0.34129947423934937,0
1964,266,0.3433089256286621,0
1964,4097,0.3474298119544983,0
1964,3108,0.34903842210769653,0
1964,1623,0.3447042405605316,0
1964,1507,0.3463857173919678,0
1964,1504,0.3645835518836975,0
1964,1256,0.33938419818878174,0
3664,3664,0.3421117067337036,1
3664,1082,0.3670675456523895,0
3664,1240,0.3671613335609436,0
3664,1635,0.3548136353492737,0
3664,3237,0.36421284079551697,0
3664,65,0.3660421669483185,0
3664,434,0.3655749559402466,0
3664,4098,0.3454135060310364,0
3664,3652,0.3754205107688904,0
3664,1649,0.3501126766204834,0
3664,3667,0.3421577215194702,0
3664,2262,0.37695205211639404,0
3664,1924,0.34256815910339355,0
3664,949,0.3451862931251526,0
3664,4111,0.34621816873550415,0
3664,642,0.35450199246406555,0
3664,3041,0.35306116938591003,0
3664,1508,0.35303443670272827,0
3664,2135,0.34683412313461304,0
3664,1572,0.36752739548683167,0
910,910,0.34381723403930664,1
910,2153,0.33909615874290466,0
910,3873,0.35207730531692505,0
910,2435,0.34137290716171265,0
910,1533,0.34898096323013306,0
910,313,0.3529164493083954,0
910,2050,0.35906878113746643,0
910,3348,0.348204106092453,0
910,2747,0.3472907841205597,0
910,2063,0.34544092416763306,0
910,676,0.34410417079925537,0
910,719,0.3679949641227722,0
910,1343,0.34884458780288696,0
910,3766,0.3455345630645752,0
910,2401,0.34621742367744446,0
910,478,0.3719286024570465,0
910,3974,0.3489963412284851,0
910,1788,0.34482771158218384,0
910,1101,0.35828763246536255,0
910,3306,0.3682762384414673,0
121,121,0.3722245991230011,1
121,739,0.3652992248535156,0
121,2273,0.3510946035385132,0
121,1895,0.3615676462650299,0
121,610,0.3734666705131531,0
121,1470,0.3484034538269043,0
121,1197,0.39510366320610046,0
121,2554,0.3482750654220581,0
121,3987,0.3623797297477722,0
121,3079,0.3638290762901306,0
121,2402,0.36073213815689087,0
121,3366,0.3476404547691345,0
121,703,0.357904851436615,0
121,4052,0.3498111367225647,0
121,2106,0.35186678171157837,0
121,419,0.353976845741272,0
121,1473,0.3582116663455963,0
121,2994,0.36122164130210876,0
121,2504,0.3459377884864807,0
121,3280,0.3540434241294861,0
3377,3377,0.3453536033630371,1
3377,1598,0.34970372915267944,0
3377,553,0.39922958612442017,0
3377,3977,0.353473424911499,0
3377,666,0.3603951930999756,0
3377,360,0.3534618020057678,0
3377,1990,0.35355108976364136,0
3377,2225,0.3659042716026306,0
3377,748,0.35360994935035706,0
3377,175,0.3661743998527527,0
3377,3466,0.3536401093006134,0
3377,3373,0.3509497046470642,0
3377,840,0.3598873019218445,0
3377,3454,0.3471924066543579,0
3377,2679,0.35625752806663513,0
3377,4002,0.3543657660484314,0
3377,3436,0.3543086647987366,0
3377,1634,0.36970338225364685,0
3377,752,0.37711960077285767,0
3377,1925,0.34746208786964417,0
3120,3120,0.3455772399902344,1
3120,2153,0.3370760679244995,0
3120,1172,0.3481075167655945,0
3120,3697,0.3518728017807007,0
3120,305,0.3405628800392151,0
3120,1272,0.3378954529762268,0
3120,3874,0.349170982837677,0
3120,94,0.37592488527297974,0
3120,693,0.3457186222076416,0
3120,1206,0.38422664999961853,0
3120,2318,0.39892545342445374,0
3120,2170,0.371795654296875,0
3120,169,0.3438037633895874,0
3120,3798,0.3523624539375305,0
3120,4156,0.3382449746131897,0
3120,1502,0.3471837043762207,0
3120,1894,0.35900306701660156,0
3120,2632,0.3383721709251404,0
3120,1964,0.33939188718795776,0
3120,2700,0.3560743033885956,0
895,895,0.34820011258125305,1
895,2904,0.35219162702560425,0
895,416,0.35121503472328186,0
895,1905,0.3561165928840637,0
895,4174,0.3448787033557892,0
895,1406,0.350022554397583,0
895,4006,0.35020482540130615,0
895,505,0.36828333139419556,0
895,1230,0.34995007514953613,0
895,2549,0.3695896863937378,0
895,405,0.38110634684562683,0
895,1176,0.35086193680763245,0
895,2564,0.3738539218902588,0
895,1875,0.35552963614463806,0
895,4036,0.3499118685722351,0
895,2693,0.3530104160308838,0
895,3429,0.35784733295440674,0
895,3971,0.3470083475112915,0
895,209,0.3573932945728302,0
895,3595,0.35191041231155396,0
2104,2104,0.36833828687667847,1
2104,2317,0.3448651432991028,0
2104,2964,0.3503504991531372,0
2104,1588,0.35241758823394775,0
2104,3046,0.35267767310142517,0
2104,3356,0.35032957792282104,0
2104,3923,0.34745973348617554,0
2104,1730,0.3452618718147278,0
2104,1087,0.34846001863479614,0
2104,1579,0.3680535852909088,0
2104,583,0.3511776924133301,0
2104,2619,0.3519783020019531,0
2104,1562,0.3584829270839691,0
2104,2046,0.3536643981933594,0
2104,4092,0.3479365110397339,0
2104,1298,0.3686826527118683,0
2104,683,0.36450183391571045,0
2104,4128,0.3492739200592041,0
2104,2691,0.35344499349594116,0
2104,1110,0.34481436014175415,0
3321,3321,0.3531361222267151,1
3321,154,0.37977176904678345,0
3321,624,0.371099054813385,0
3321,1262,0.35640329122543335,0
3321,3668,0.3620966970920563,0
3321,3596,0.34942883253097534,0
3321,560,0.36004579067230225,0
3321,1608,0.34170976281166077,0
3321,3236,0.34938064217567444,0
3321,1886,0.3462350368499756,0
3321,3367,0.36878153681755066,0
3321,3538,0.35118335485458374,0
3321,3607,0.3490065038204193,0
3321,2678,0.34972256422042847,0
3321,1813,0.3585978150367737,0
3321,814,0.36313575506210327,0
3321,765,0.36257338523864746,0
3321,505,0.3733062148094177,0
3321,2600,0.34841370582580566,0
3321,3569,0.3520008623600006,0
2315,2315,0.3727036416530609,1
2315,1791,0.35501110553741455,0
2315,397,0.390169233083725,0
2315,1120,0.3428780138492584,0
2315,862,0.35576945543289185,0
2315,2549,0.3695645332336426,0
2315,1344,0.34809431433677673,0
2315,103,0.35825085639953613,0
2315,2814,0.3530614674091339,0
2315,2983,0.34224453568458557,0
2315,56,0.3757355213165283,0
2315,2911,0.34859341382980347,0
2315,1941,0.3534604609012604,0
2315,1584,0.3783917725086212,0
2315,3234,0.3468170166015625,0
2315,1636,0.35748782753944397,0
2315,3961,0.3527434766292572,0
2315,1451,0.37234732508659363,0
2315,2795,0.35457515716552734,0
2315,182,0.3481481373310089,0
1055,1055,0.3482258915901184,1
1055,3531,0.3570014238357544,0
1055,2064,0.3532642722129822,0
1055,181,0.3593566417694092,0
1055,4056,0.34970638155937195,0
1055,2942,0.3509739637374878,0
1055,1995,0.36200547218322754,0
1055,1282,0.37957555055618286,0
1055,3767,0.3500634431838989,0
1055,1815,0.363211989402771,0
1055,789,0.3551725447177887,0
1055,3431,0.3559039831161499,0
1055,3021,0.34675273299217224,0
1055,763,0.3716803789138794,0
1055,2885,0.35209521651268005,0
1055,1653,0.36184951663017273,0
1055,3853,0.35525399446487427,0
1055,1547,0.36946213245391846,0
1055,1109,0.35297635197639465,0
1055,3868,0.35010844469070435,0
709,709,0.33889418840408325,1
709,2395,0.354216992855072,0
709,3799,0.339022159576416,0
709,692,0.3384477496147156,0
709,2371,0.3506161570549011,0
709,1804,0.3374407887458801,0
709,2856,0.3459335267543793,0
709,607,0.3372134566307068,0
709,2249,0.33749568462371826,0
709,286,0.3477494716644287,0
709,1761,0.3404541611671448,0
709,3352,0.33528023958206177,0
709,274,0.34399646520614624,0
709,249,0.38589584827423096,0
709,1436,0.36649101972579956,0
709,2789,0.37126266956329346,0
709,2818,0.33882835507392883,0
709,3986,0.3315894901752472,0
709,2562,0.35142654180526733,0
709,1327,0.36198532581329346,0
504,504,0.35514122247695923,1
504,2378,0.34610360860824585,0
504,127,0.3398987054824829,0
504,1651,0.3587600588798523,0
504,629,0.3741302490234375,0
504,3486,0.3491542935371399,0
504,3673,0.3539048731327057,0
504,307,0.37002694606781006,0
504,2684,0.3566720485687256,0
504,688,0.3366319239139557,0
504,2692,0.36054283380508423,0
504,423,0.3647605776786804,0
504,524,0.34451860189437866,0
504,2131,0.3433484435081482,0
504,532,0.3491971492767334,0
504,2449,0.34724581241607666,0
504,2053,0.38331758975982666,0
504,700,0.3692510426044464,0
504,2042,0.33537915349006653,0
504,2821,0.3477630019187927,0
3111,3111,0.341072142124176,1
3111,2886,0.3410848379135132,0
3111,3269,0.34543025493621826,0
3111,4102,0.3468974232673645,0
3111,1093,0.3501279056072235,0
3111,2638,0.34247320890426636,0
3111,206,0.3415723145008087,0
3111,1751,0.3656167984008789,0
3111,1463,0.3709561824798584,0
3111,2266,0.3464106321334839,0
3111,21,0.3682442903518677,0
3111,3507,0.3482435941696167,0
3111,2604,0.3460582196712494,0
3111,2125,0.35318541526794434,0
3111,2543,0.37366342544555664,0
3111,2382,0.36464107036590576,0
3111,553,0.4154141843318939,0
3111,316,0.37512755393981934,0
3111,3201,0.34023183584213257,0
3111,3497,0.34223195910453796,0
3688,3688,0.3529849648475647,1
3688,1612,0.3614268898963928,0
3688,974,0.3570031523704529,0
3688,112,0.35283535718917847,0
3688,3094,0.34949007630348206,0
3688,12,0.37283027172088623,0
3688,2129,0.3556538224220276,0
3688,479,0.37476956844329834,0
3688,110,0.35619160532951355,0
3688,2244,0.3654467463493347,0
3688,2926,0.34603434801101685,0
3688,3913,0.34770822525024414,0
3688,1,0.3842218220233917,0
3688,3674,0.34887683391571045,0
3688,3242,0.3460768163204193,0
3688,1095,0.35186895728111267,0
3688,2091,0.34504449367523193,0
3688,3627,0.35266900062561035,0
3688,680,0.3690035343170166,0
3688,1167,0.3564159870147705,0
3791,3791,0.3443995714187622,1
3791,2656,0.3465611934661865,0
3791,1587,0.3539145290851593,0
3791,3266,0.352020800113678,0
3791,4131,0.35232776403427124,0
3791,2422,0.34966495633125305,0
3791,2300,0.3778621554374695,0
3791,3664,0.3471984267234802,0
3791,309,0.3584432005882263,0
3791,2408,0.34965261816978455,0
3791,1018,0.35517576336860657,0
3791,822,0.34754639863967896,0
3791,2633,0.34824955463409424,0
3791,2297,0.38068336248397827,0
3791,3510,0.34818553924560547,0
3791,1223,0.3621671795845032,0
3791,24,0.35475674271583557,0
3791,861,0.3501255512237549,0
3791,3523,0.34304317831993103,0
3791,2107,0.3547363877296448,0
1889,1889,0.3932102918624878,1
1889,4041,0.35020697116851807,0
1889,1196,0.342879056930542,0
1889,186,0.34616780281066895,0
1889,3252,0.3885643482208252,0
1889,217,0.352353572845459,0
1889,3243,0.3547282814979553,0
1889,816,0.3634641170501709,0
1889,3622,0.35386037826538086,0
1889,3308,0.35441485047340393,0
1889,3651,0.3559281826019287,0
1889,624,0.3731662929058075,0
1889,2382,0.372701495885849,0
1889,3824,0.3557514548301697,0
1889,634,0.35171276330947876,0
1889,257,0.34621044993400574,0
1889,3844,0.3438588082790375,0
1889,2603,0.342332661151886,0
1889,1977,0.3716088533401489,0
1889,1702,0.3519292175769806,0
3576,3576,0.37853533029556274,1
3576,2724,0.35565197467803955,0
3576,3302,0.35714614391326904,0
3576,183,0.3522684872150421,0
3576,2814,0.3561016023159027,0
3576,959,0.35815709829330444,0
3576,2927,0.3632205128669739,0
3576,564,0.35531699657440186,0
3576,1763,0.3564463257789612,0
3576,1244,0.3616958260536194,0
3576,2947,0.3548721671104431,0
3576,1936,0.3533509373664856,0
3576,3434,0.34906500577926636,0
3576,3420,0.35408520698547363,0
3576,440,0.3640279769897461,0
3576,2005,0.35937967896461487,0
3576,2016,0.358633816242218,0
3576,1708,0.3703807592391968,0
3576,131,0.35678762197494507,0
3576,2551,0.34711819887161255,0
1427,1427,0.39664340019226074,1
1427,1108,0.3661826252937317,0
1427,3620,0.3519839644432068,0
1427,2452,0.42061924934387207,0
1427,3679,0.3451266586780548,0
1427,1164,0.3580024242401123,0
1427,2428,0.3621176481246948,0
1427,3806,0.3450307250022888,0
1427,627,0.42643481492996216,0
1427,3387,0.3610568046569824,0
1427,3684,0.3505624234676361,0
1427,1148,0.3556461036205292,0
1427,647,0.3519604802131653,0
1427,3407,0.34670042991638184,0
1427,2847,0.3429005742073059,0
1427,846,0.3511759042739868,0
1427,582,0.3445056974887848,0
1427,1444,0.352082222700119,0
1427,1585,0.42427128553390503,0
1427,3026,0.3532279133796692,0
1163,1163,0.3411616086959839,1
1163,3135,0.3529144525527954,0
1163,173,0.36773136258125305,0
1163,293,0.3495050072669983,0
1163,2160,0.34751057624816895,0
1163,1077,0.34613221883773804,0
1163,1594,0.3460806608200073,0
1163,1162,0.3483694791793823,0
1163,91,0.34156033396720886,0
1163,2098,0.3429989218711853,0
1163,3249,0.35255661606788635,0
1163,998,0.34733638167381287,0
1163,452,0.34502512216567993,0
1163,34,0.3382772207260132,0
1163,4009,0.34140849113464355,0
1163,1246,0.3647266626358032,0
1163,2442,0.36026889085769653,0
1163,1135,0.3597419261932373,0
1163,2547,0.34541353583335876,0
1163,3484,0.343575656414032,0
1846,1846,0.3472285270690918,1
1846,54,0.35670197010040283,0
1846,1782,0.3503805994987488,0
1846,3458,0.38099509477615356,0
1846,713,0.37459656596183777,0
1846,1456,0.34883221983909607,0
1846,2294,0.34895217418670654,0
1846,3814,0.38797032833099365,0
1846,1,0.3940623998641968,0
1846,2478,0.3629174828529358,0
1846,2479,0.36431562900543213,0
1846,1640,0.4277634024620056,0
1846,1826,0.338623046875,0
1846,3524,0.3924703001976013,0
1846,785,0.35773640871047974,0
1846,3970,0.35425955057144165,0
1846,2079,0.3611782193183899,0
1846,2477,0.35054469108581543,0
1846,1352,0.3564673066139221,0
1846,1778,0.351540744304657,0
2743,2743,0.34335553646087646,1
2743,2634,0.34760674834251404,0
2743,3675,0.3670576512813568,0
2743,1105,0.36176860332489014,0
2743,860,0.36510446667671204,0
2743,3917,0.3471221923828125,0
2743,2899,0.3465363383293152,0
2743,3262,0.3416959047317505,0
2743,3158,0.3580859303474426,0
2743,2094,0.34385842084884644,0
2743,455,0.3660340905189514,0
2743,3557,0.34379783272743225,0
2743,351,0.3455304205417633,0
2743,3520,0.34166890382766724,0
2743,4011,0.34267234802246094,0
2743,3921,0.33971184492111206,0
2743,2862,0.34302371740341187,0
2743,2694,0.34089571237564087,0
2743,1811,0.3435091972351074,0
2743,2043,0.340597540140152,0
4031,4031,0.3435952961444855,1
4031,1619,0.3875412940979004,0
4031,1785,0.35108646750450134,0
4031,4062,0.34633588790893555,0
4031,3402,0.3506178855895996,0
4031,3279,0.3467486798763275,0
4031,1736,0.3550248146057129,0
4031,435,0.3477780222892761,0
4031,3584,0.34627074003219604,0
4031,1673,0.3835713863372803,0
4031,1850,0.34876781702041626,0
4031,2706,0.33938196301460266,0
4031,3674,0.3438539505004883,0
4031,1783,0.35487979650497437,0
4031,1559,0.3450051248073578,0
4031,855,0.37135565280914307,0
4031,1054,0.3719346821308136,0
4031,3963,0.3515705466270447,0
4031,2772,0.3467142581939697,0
4031,3007,0.34397220611572266,0
873,873,0.3503401279449463,1
873,3370,0.35475990176200867,0
873,515,0.35719576478004456,0
873,3104,0.35477203130722046,0
873,1659,0.3567658066749573,0
873,2117,0.3555995225906372,0
873,1256,0.34616538882255554,0
873,594,0.363405704498291,0
873,4093,0.3516121804714203,0
873,547,0.3620815873146057,0
873,1016,0.3559627830982208,0
873,2826,0.35774391889572144,0
873,528,0.3629215359687805,0
873,1923,0.35550230741500854,0
873,404,0.3881460428237915,0
873,587,0.38100019097328186,0
873,469,0.3532019853591919,0
873,50,0.3495572507381439,0
873,2920,0.34586822986602783,0
873,2793,0.3564991354942322,0
2956,2956,0.3489804267883301,1
2956,661,0.3601316213607788,0
2956,3370,0.3503403663635254,0
2956,3378,0.35279038548469543,0
2956,3153,0.3464060425758362,0
2956,1615,0.34184157848358154,0
2956,2843,0.34373435378074646,0
2956,866,0.37536948919296265,0
2956,293,0.3497621715068817,0
2956,1784,0.34050628542900085,0
2956,3050,0.3436681032180786,0
2956,2411,0.3500496745109558,0
2956,1091,0.3501626253128052,0
2956,2449,0.3491082787513733,0
2956,2169,0.34607449173927307,0
2956,769,0.3500708341598511,0
2956,3656,0.3411935865879059,0
2956,113,0.3501506447792053,0
2956,3237,0.3635350465774536,0
2956,3889,0.342667818069458,0
1521,1521,0.34767770767211914,1
1521,3060,0.344402939081192,0
1521,4120,0.35192960500717163,0
1521,1099,0.34408533573150635,0
1521,2166,0.35086601972579956,0
1521,2592,0.35253769159317017,0
1521,3936,0.3446086645126343,0
1521,721,0.3609926998615265,0
1521,696,0.42626070976257324,0
1521,2763,0.35039830207824707,0
1521,1381,0.3580617308616638,0
1521,2942,0.3516957759857178,0
1521,2497,0.3624073266983032,0
1521,672,0.35741305351257324,0
1521,3508,0.34509068727493286,0
1521,507,0.35246145725250244,0
1521,2416,0.3503011465072632,0
1521,3410,0.3483527600765228,0
1521,1913,0.351298063993454,0
1521,2164,0.34523361921310425,0
2925,2925,0.3353073000907898,1
2925,3093,0.3461255431175232,0
2925,1550,0.37007448077201843,0
2925,1960,0.3618013858795166,0
2925,1126,0.3408338129520416,0
2925,4171,0.33719319105148315,0
2925,2657,0.3349415063858032,0
2925,2313,0.3405253291130066,0
2925,1731,0.35703450441360474,0
2925,3460,0.35628217458724976,0
2925,706,0.3747658133506775,0
2925,606,0.33969828486442566,0
2925,3130,0.34437990188598633,0
2925,1286,0.3585382103919983,0
2925,1154,0.3559859097003937,0
2925,1297,0.35993683338165283,0
2925,1477,0.3782218098640442,0
2925,3685,0.33926379680633545,0
2925,3832,0.3390384316444397,0
2925,1352,0.34905844926834106,0
2783,2783,0.3559492826461792,1
2783,1304,0.3528135418891907,0
2783,3178,0.35259056091308594,0
2783,1479,0.353596031665802,0
2783,2995,0.3520343005657196,0
2783,3323,0.3486971855163574,0
2783,1301,0.3559306859970093,0
2783,662,0.3526152968406677,0
2783,336,0.36127468943595886,0
2783,1331,0.35760754346847534,0
2783,3871,0.34734153747558594,0
2783,2735,0.34684622287750244,0
2783,768,0.36297860741615295,0
2783,3430,0.34974753856658936,0
2783,1504,0.3729128837585449,0
2783,2211,0.35694217681884766,0
2783,22,0.38813599944114685,0
2783,3574,0.35969504714012146,0
2783,1087,0.3528548777103424,0
2783,3452,0.3567006289958954,0
3955,3955,0.3559275269508362,1
3955,3881,0.36071884632110596,0
3955,958,0.35876309871673584,0
3955,1722,0.35490497946739197,0
3955,2916,0.3539898693561554,0
3955,2838,0.37322282791137695,0
3955,3027,0.35520434379577637,0
3955,292,0.35754507780075073,0
3955,2580,0.3537353277206421,0
3955,2396,0.35637855529785156,0
3955,751,0.35293594002723694,0
3955,1024,0.36995232105255127,0
3955,1772,0.3504132032394409,0
3955,1550,0.3759123682975769,0
3955,273,0.377400666475296,0
3955,394,0.3698081970214844,0
3955,1832,0.3696335256099701,0
3955,5,0.3855954706668854,0
3955,673,0.3526068925857544,0
3955,31,0.3586498498916626,0
1234,1234,0.3444729447364807,1
1234,2818,0.3443155884742737,0
1234,2902,0.3568735122680664,0
1234,1900,0.34455427527427673,0
1234,2136,0.34352338314056396,0
1234,444,0.35132309794425964,0
1234,2663,0.36494243144989014,0
1234,2929,0.34095001220703125,0
1234,487,0.35099029541015625,0
1234,1515,0.3518391251564026,0
1234,210,0.34221601486206055,0
1234,3699,0.3622680902481079,0
1234,1724,0.3609845042228699,0
1234,2422,0.3437288999557495,0
1234,3945,0.3457178473472595,0
1234,23,0.3651002049446106,0
1234,1540,0.3480135202407837,0
1234,1723,0.3595055937767029,0
1234,1385,0.3438601493835449,0
1234,1434,0.3571998178958893,0
112,112,0.35410916805267334,1
112,240,0.3770866394042969,0
112,764,0.3468799591064453,0
112,3014,0.35002195835113525,0
112,3760,0.34748032689094543,0
112,3716,0.3498761057853699,0
112,321,0.361121267080307,0
112,1582,0.3508664667606354,0
112,3224,0.35344910621643066,0
112,1613,0.34536927938461304,0
112,1088,0.3506149351596832,0
112,2165,0.35000789165496826,0
112,1922,0.3495544493198395,0
112,2796,0.37811875343322754,0
112,2166,0.3522024154663086,0
112,894,0.3720487952232361,0
112,1561,0.36846792697906494,0
112,546,0.3479872941970825,0
112,794,0.3569142520427704,0
112,3065,0.3471457064151764,0
3826,3826,0.3486219644546509,1
3826,3573,0.34954777359962463,0
3826,2473,0.3805791735649109,0
3826,2646,0.3489980697631836,0
3826,3558,0.35011065006256104,0
3826,2868,0.34333372116088867,0
3826,2094,0.3493843078613281,0
3826,390,0.3721868395805359,0
3826,3500,0.34262779355049133,0
3826,2629,0.35447385907173157,0
3826,2272,0.3529704213142395,0
3826,377,0.3718341588973999,0
3826,2411,0.35290953516960144,0
3826,3924,0.3473052382469177,0
3826,3788,0.34972870349884033,0
3826,2124,0.3606962263584137,0
3826,3086,0.3471944332122803,0
3826,3435,0.3486819267272949,0
3826,2254,0.35206088423728943,0
3826,2286,0.3610515594482422,0
4123,4123,0.3349749743938446,1
4123,1928,0.34701329469680786,0
4123,270,0.34552961587905884,0
4123,2526,0.36499297618865967,0
4123,2760,0.34422507882118225,0
4123,635,0.3389999270439148,0
4123,2038,0.3460267186164856,0
4123,3216,0.3439164161682129,0
4123,653,0.36694326996803284,0
4123,3666,0.33607327938079834,0
4123,1339,0.33855104446411133,0
4123,4134,0.3447261154651642,0
4123,2407,0.3670186698436737,0
4123,2455,0.3433821201324463,0
4123,3199,0.339878112077713,0
4123,1912,0.3454613983631134,0
4123,39,0.3430860638618469,0
4123,1647,0.35220983624458313,0
4123,1141,0.34225940704345703,0
4123,174,0.3397352695465088,0
208,208,0.3600236773490906,1
208,3404,0.3681047558784485,0
208,1964,0.3462342619895935,0
208,405,0.38121598958969116,0
208,3097,0.3560731112957001,0
208,2844,0.34348994493484497,0
208,1695,0.3519352078437805,0
208,341,0.36605459451675415,0
208,194,0.3561208248138428,0
208,3525,0.3554995059967041,0
208,3433,0.35561826825141907,0
208,4090,0.3448032736778259,0
208,2762,0.3567092716693878,0
208,1351,0.3566988706588745,0
208,3535,0.345770001411438,0
208,3796,0.3464840352535248,0
208,3341,0.3534797132015228,0
208,3547,0.350765585899353,0
208,953,0.357138991355896,0
208,3804,0.3479377031326294,0
3605,3605,0.34443575143814087,1
3605,2074,0.36023029685020447,0
3605,3338,0.340564489364624,0
3605,1396,0.3668695092201233,0
3605,2015,0.3501546382904053,0
3605,3296,0.3456786274909973,0
3605,1973,0.34878188371658325,0
3605,1940,0.3544465899467468,0
3605,2032,0.3596947491168976,0
3605,1721,0.3402976989746094,0
3605,2583,0.35242587327957153,0
3605,3287,0.3516876995563507,0
3605,1131,0.34178289771080017,0
3605,1497,0.3516092598438263,0
3605,1540,0.3511018753051758,0
3605,2413,0.3453507423400879,0
3605,3176,0.34566986560821533,0
3605,1578,0.34612569212913513,0
3605,452,0.34600830078125,0
3605,2613,0.3456863760948181,0
3667,3667,0.3394568860530853,1
3667,1627,0.3524687886238098,0
3667,1575,0.3623102903366089,0
3667,4098,0.3435449004173279,0
3667,2770,0.34400665760040283,0
3667,418,0.34294962882995605,0
3667,45,0.34991201758384705,0
3667,3982,0.3482547104358673,0
3667,2138,0.3782753348350525,0
3667,2605,0.3491055965423584,0
3667,3437,0.34784483909606934,0
3667,822,0.34185731410980225,0
3667,3292,0.3431715667247772,0
3667,1128,0.34327247738838196,0
3667,2320,0.35025784373283386,0
3667,3021,0.34276434779167175,0
3667,75,0.36433398723602295,0
3667,4044,0.34451186656951904,0
3667,420,0.3590032458305359,0
3667,2646,0.3448082208633423,0
2844,2844,0.3392624258995056,1
2844,1052,0.3497501313686371,0
2844,3956,0.3491407036781311,0
2844,962,0.34058263897895813,0
2844,2807,0.3879622220993042,0
2844,4093,0.345024436712265,0
2844,1592,0.34835439920425415,0
2844,677,0.34078776836395264,0
2844,2638,0.345961332321167,0
2844,481,0.3445934057235718,0
2844,498,0.3545214533805847,0
2844,3169,0.34038496017456055,0
2844,617,0.3453086018562317,0
2844,1002,0.3473880887031555,0
2844,2252,0.35556304454803467,0
2844,2857,0.3483291566371918,0
2844,2091,0.33994555473327637,0
2844,3566,0.3423781394958496,0
2844,596,0.33995872735977173,0
2844,1175,0.34828364849090576,0
2578,2578,0.35141679644584656,1
2578,2429,0.3543126881122589,0
2578,424,0.3761378526687622,0
2578,3880,0.360501229763031,0
2578,3588,0.34776732325553894,0
2578,1114,0.3536667227745056,0
2578,3532,0.36076730489730835,0
2578,1009,0.3757575452327728,0
2578,678,0.3513023853302002,0
2578,2773,0.3670230507850647,0
2578,1809,0.37333086133003235,0
2578,3541,0.3456081449985504,0
2578,716,0.3637864887714386,0
2578,2251,0.35090458393096924,0
2578,925,0.35084807872772217,0
2578,3470,0.3454836308956146,0
2578,1893,0.3503705561161041,0
2578,3535,0.3451579213142395,0
2578,3984,0.3473954200744629,0
2578,588,0.366794228553772,0
314,314,0.36356937885284424,1
314,731,0.3431329131126404,0
314,4026,0.35157322883605957,0
314,1159,0.35856717824935913,0
314,399,0.36081206798553467,0
314,1087,0.34291815757751465,0
314,2317,0.3399186432361603,0
314,3181,0.34164437651634216,0
314,3455,0.3434787690639496,0
314,2216,0.35371363162994385,0
314,1497,0.3475020229816437,0
314,864,0.3492279350757599,0
314,923,0.34714555740356445,0
314,143,0.34531623125076294,0
314,3024,0.3496427536010742,0
314,1208,0.3470616340637207,0
314,403,0.36689507961273193,0
314,50,0.34084805846214294,0
314,3141,0.35284411907196045,0
314,330,0.37339648604393005,0
1750,1750,0.3469884395599365,1
1750,1511,0.3528553247451782,0
1750,1354,0.36489030718803406,0
1750,956,0.37400346994400024,0
1750,1744,0.34259629249572754,0
1750,3524,0.38221848011016846,0
1750,2354,0.3517521023750305,0
1750,74,0.34829282760620117,0
1750,1227,0.3619411587715149,0
1750,2154,0.3550954759120941,0
1750,750,0.3544692397117615,0
1750,1575,0.3673481345176697,0
1750,234,0.3395313322544098,0
1750,1056,0.3516905903816223,0
1750,4009,0.3444933295249939,0
1750,3165,0.3617943525314331,0
1750,4086,0.34802302718162537,0
1750,601,0.36873847246170044,0
1750,1356,0.35913288593292236,0
1750,3224,0.35138577222824097,0
3923,3923,0.3448132574558258,1
3923,1512,0.3614617884159088,0
3923,2248,0.3453131914138794,0
3923,2736,0.34376704692840576,0
3923,215,0.361816942691803,0
3923,2052,0.3665849268436432,0
3923,3838,0.3407740592956543,0
3923,1629,0.3631482720375061,0
3923,1168,0.3395878076553345,0
3923,3066,0.35664090514183044,0
3923,1095,0.3478737473487854,0
3923,2429,0.3499574065208435,0
3923,2873,0.33961594104766846,0
3923,922,0.37264615297317505,0
3923,569,0.3453183174133301,0
3923,1848,0.3594115376472473,0
3923,3034,0.3502952754497528,0
3923,3780,0.33946356177330017,0
3923,1013,0.3512267470359802,0
3923,45,0.34998202323913574,0
3732,3732,0.3420625627040863,1
3732,452,0.3428429365158081,0
3732,218,0.34933334589004517,0
3732,1422,0.3705526888370514,0
3732,59,0.3640829920768738,0
3732,1290,0.34441232681274414,0
3732,1951,0.3493788540363312,0
3732,1407,0.3398566246032715,0
3732,1446,0.34195905923843384,0
3732,743,0.3645581007003784,0
3732,3142,0.3479195237159729,0
3732,2529,0.3396020531654358,0
3732,2973,0.352226197719574,0
3732,1520,0.3727220296859741,0
3732,3269,0.3447495698928833,0
3732,803,0.3567705750465393,0
3732,2693,0.3470180034637451,0
3732,843,0.3680642247200012,0
3732,4152,0.33993610739707947,0
3732,3506,0.35089045763015747,0
1414,1414,0.3356721103191376,1
1414,3294,0.336276113986969,0
1414,4134,0.34034860134124756,0
1414,2755,0.34756091237068176,0
1414,4121,0.3354981541633606,0
1414,489,0.3471814692020416,0
1414,473,0.3513100743293762,0
1414,3392,0.33390799164772034,0
1414,2863,0.3405267298221588,0
1414,1895,0.34690961241722107,0
1414,1505,0.3681066632270813,0
1414,3014,0.33677229285240173,0
1414,3057,0.3411615490913391,0
1414,3878,0.33783355355262756,0
1414,379,0.3586583733558655,0
1414,1399,0.3736410439014435,0
1414,1793,0.34040409326553345,0
1414,628,0.33910492062568665,0
1414,3442,0.3382335603237152,0
1414,2611,0.3425763249397278,0
3130,3130,0.3410285711288452,1
3130,1899,0.35362839698791504,0
3130,881,0.3532719612121582,0
3130,2860,0.34049999713897705,0
3130,4029,0.3340863585472107,0
3130,1301,0.3417283892631531,0
3130,2254,0.3414123058319092,0
3130,483,0.3416249752044678,0
3130,3865,0.33278679847717285,0
3130,831,0.3468521237373352,0
3130,3658,0.3516097962856293,0
3130,3166,0.3349439203739166,0
3130,1299,0.33821287751197815,0
3130,1852,0.3351899981498718,0
3130,833,0.380022794008255,0
3130,2339,0.34716925024986267,0
3130,1734,0.3406715393066406,0
3130,891,0.3793204426765442,0
3130,182,0.33926817774772644,0
3130,3812,0.33408883213996887,0
3777,3777,0.34412819147109985,1
3777,3116,0.3584439754486084,0
3777,4107,0.34315162897109985,0
3777,685,0.3729179799556732,0
3777,1017,0.3440420925617218,0
3777,3893,0.3376232087612152,0
3777,942,0.3434889316558838,0
3777,1697,0.3466525077819824,0
3777,3440,0.33864355087280273,0
3777,3723,0.3501547574996948,0
3777,4142,0.34264910221099854,0
3777,358,0.3586578369140625,0
3777,1743,0.35162675380706787,0
3777,3654,0.3589175045490265,0
3777,1168,0.3365998864173889,0
3777,1112,0.34883612394332886,0
3777,3545,0.33954188227653503,0
3777,1682,0.34623563289642334,0
3777,1799,0.34226688742637634,0
3777,1476,0.34001317620277405,0
3542,3542,0.3502805829048157,1
3542,1671,0.35024070739746094,0
3542,3920,0.3562413156032562,0
3542,3639,0.3384575843811035,0
3542,504,0.35410213470458984,0
3542,3050,0.3434476852416992,0
3542,1333,0.34816408157348633,0
3542,2768,0.3382921814918518,0
3542,903,0.36674556136131287,0
3542,3156,0.34965503215789795,0
3542,3637,0.34090155363082886,0
3542,214,0.3725380003452301,0
3542,2849,0.36377525329589844,0
3542,1899,0.35622161626815796,0
3542,1940,0.35393649339675903,0
3542,702,0.3523704409599304,0
3542,3537,0.33949631452560425,0
3542,2893,0.3481127619743347,0
3542,2411,0.35066425800323486,0
3542,2524,0.34759819507598877,0
2004,2004,0.344143271446228,1
2004,1486,0.33897483348846436,0
2004,1290,0.3442484140396118,0
2004,4103,0.34734928607940674,0
2004,1798,0.33999621868133545,0
2004,3883,0.342303603887558,0
2004,3054,0.3452034890651703,0
2004,597,0.35822123289108276,0
2004,3442,0.34273362159729004,0
2004,2526,0.3763962984085083,0
2004,2384,0.3477173447608948,0
2004,2117,0.35291147232055664,0
2004,2731,0.34766528010368347,0
2004,2515,0.3626081347465515,0
2004,2877,0.35478097200393677,0
2004,2870,0.3421196937561035,0
2004,305,0.3419867157936096,0
2004,1451,0.368215411901474,0
2004,2899,0.3469589948654175,0
2004,181,0.3559647500514984,0
2557,2557,0.34975677728652954,1
2557,267,0.3397623896598816,0
2557,2274,0.3511870205402374,0
2557,2107,0.34637391567230225,0
2557,1099,0.33881863951683044,0
2557,3175,0.34261053800582886,0
2557,2644,0.36601391434669495,0
2557,1923,0.347577303647995,0
2557,363,0.3661448359489441,0
2557,2119,0.3460231423377991,0
2557,1306,0.3595062494277954,0
2557,307,0.3607354462146759,0
2557,2543,0.36539995670318604,0
2557,2175,0.34528160095214844,0
2557,505,0.3610383868217468,0
2557,1599,0.34641844034194946,0
2557,3966,0.33972203731536865,0
2557,3312,0.34174567461013794,0
2557,1697,0.3480466902256012,0
2557,3065,0.3392573595046997,0
3768,3768,0.34486135840415955,1
3768,3110,0.3464311957359314,0
3768,2157,0.355318546295166,0
3768,1664,0.35311728715896606,0
3768,3639,0.33540481328964233,0
3768,2140,0.34212273359298706,0
3768,4047,0.3436378836631775,0
3768,3230,0.34688249230384827,0
3768,1243,0.35592177510261536,0
3768,3457,0.35057157278060913,0
3768,2957,0.3557606339454651,0
3768,3435,0.343401163816452,0
3768,1126,0.34409594535827637,0
3768,3566,0.3422093987464905,0
3768,3539,0.3579421639442444,0
3768,3481,0.34769511222839355,0
3768,2807,0.38720276951789856,0
3768,3631,0.3386727273464203,0
3768,3344,0.34597325325012207,0
3768,3088,0.34194302558898926,0
3957,3957,0.34497660398483276,1
3957,4034,0.35050731897354126,0
3957,2302,0.3499176502227783,0
3957,1084,0.3695000410079956,0
3957,3293,0.34899434447288513,0
3957,4042,0.3468191623687744,0
3957,555,0.34903302788734436,0
3957,2046,0.35818126797676086,0
3957,4124,0.35301828384399414,0
3957,115,0.39492517709732056,0
3957,1203,0.3505043387413025,0
3957,2339,0.3585663437843323,0
3957,3705,0.3564414381980896,0
3957,1633,0.36041343212127686,0
3957,924,0.37526828050613403,0
3957,2833,0.35302314162254333,0
3957,3215,0.3764794170856476,0
3957,3865,0.34369298815727234,0
3957,81,0.35983142256736755,0
3957,4004,0.35023921728134155,0
4113,4113,0.3457656800746918,1
4113,3849,0.3487190008163452,0
4113,3731,0.34576401114463806,0
4113,2034,0.34762197732925415,0
4113,3044,0.344016432762146,0
4113,1132,0.350506991147995,0
4113,1430,0.3453654944896698,0
4113,1718,0.3438255190849304,0
4113,168,0.36531752347946167,0
4113,3016,0.3556753695011139,0
4113,2980,0.3436233401298523,0
4113,3732,0.3429681062698364,0
4113,385,0.36636024713516235,0
4113,639,0.3731034994125366,0
4113,2,0.35142117738723755,0
4113,1250,0.3498292565345764,0
4113,3428,0.33477890491485596,0
4113,4,0.34200605750083923,0
4113,944,0.34433460235595703,0
4113,183,0.3455895185470581,0
2122,2122,0.34101516008377075,1
2122,2330,0.3590547442436218,0
2122,3944,0.3459242284297943,0
2122,516,0.3652753531932831,0
2122,4166,0.3490673899650574,0
2122,2456,0.3658173680305481,0
2122,1378,0.35083168745040894,0
2122,1993,0.3449670970439911,0
2122,1035,0.3624342083930969,0
2122,1739,0.36213093996047974,0
2122,85,0.36904120445251465,0
2122,3347,0.34551823139190674,0
2122,498,0.3510446548461914,0
2122,4070,0.3478323519229889,0
2122,1231,0.3667104244232178,0
2122,847,0.3431583046913147,0
2122,2210,0.33732834458351135,0
2122,492,0.36066800355911255,0
2122,3478,0.34793543815612793,0
2122,547,0.35493674874305725,0
3859,3859,0.349603533744812,1
3859,2819,0.367313414812088,0
3859,3676,0.3532337248325348,0
3859,2640,0.34713947772979736,0
3859,2310,0.3481868803501129,0
3859,1082,0.3794662356376648,0
3859,2475,0.35266873240470886,0
3859,3551,0.3548317551612854,0
3859,2793,0.3572113811969757,0
3859,3454,0.3476899564266205,0
3859,1475,0.35363245010375977,0
3859,1554,0.35179340839385986,0
3859,3843,0.3463839888572693,0
3859,1641,0.425300270318985,0
3859,43,0.3721248507499695,0
3859,1488,0.3488607406616211,0
3859,585,0.35536670684814453,0
3859,538,0.35708189010620117,0
3859,3467,0.350188285112381,0
3859,92,0.3583502769470215,0
3743,3743,0.3499394655227661,1
3743,3920,0.35713595151901245,0
3743,1504,0.3622742295265198,0
3743,3122,0.3406277298927307,0
3743,3064,0.3409119248390198,0
3743,728,0.3484843969345093,0
3743,3569,0.349297434091568,0
3743,374,0.34504881501197815,0
3743,812,0.3710443377494812,0
3743,237,0.35095664858818054,0
3743,3477,0.35433316230773926,0
3743,1788,0.34564483165740967,0
3743,2179,0.3483697772026062,0
3743,25,0.3409707546234131,0
3743,1490,0.34219786524772644,0
3743,562,0.371052086353302,0
3743,2556,0.34664663672447205,0
3743,1417,0.3427850604057312,0
3743,1414,0.34316790103912354,0
3743,3589,0.34945109486579895,0
200,200,0.3486640751361847,1
200,2658,0.3441735804080963,0
200,1050,0.3532640039920807,0
200,1460,0.3413737714290619,0
200,1428,0.35309529304504395,0
200,2296,0.34444671869277954,0
200,1930,0.3428184688091278,0
200,1577,0.35060426592826843,0
200,1457,0.33892375230789185,0
200,2773,0.35719034075737,0
200,224,0.35785147547721863,0
200,2995,0.34075820446014404,0
200,3949,0.34891456365585327,0
200,46,0.3682655692100525,0
200,494,0.33900460600852966,0
200,477,0.3445907235145569,0
200,895,0.3385671377182007,0
200,12,0.363684743642807,0
200,1427,0.3758259415626526,0
200,1144,0.36245226860046387,0
3110,3110,0.3450962007045746,1
3110,2309,0.34896397590637207,0
3110,3990,0.341305136680603,0
3110,1597,0.3402355909347534,0
3110,1987,0.3405175805091858,0
3110,2178,0.3477150797843933,0
3110,3760,0.34009289741516113,0
3110,2831,0.34427914023399353,0
3110,4027,0.3472616672515869,0
3110,1436,0.3710272014141083,0
3110,1191,0.33706486225128174,0
3110,4054,0.34929585456848145,0
3110,3302,0.34687602519989014,0
3110,3250,0.3437163233757019,0
3110,1546,0.3434082567691803,0
3110,3263,0.35183608531951904,0
3110,3993,0.3363659381866455,0
3110,963,0.342038094997406,0
3110,1359,0.3459048867225647,0
3110,3014,0.341928631067276,0
196,196,0.34730851650238037,1
196,1746,0.35893216729164124,0
196,3863,0.3589787781238556,0
196,1638,0.36027956008911133,0
196,3603,0.35385170578956604,0
196,2426,0.3527875542640686,0
196,2071,0.36879271268844604,0
196,726,0.3493273854255676,0
196,1467,0.35080060362815857,0
196,3419,0.33668917417526245,0
196,2308,0.34852007031440735,0
196,1656,0.36594241857528687,0
196,3253,0.34914159774780273,0
196,1110,0.3482034504413605,0
196,2572,0.34888601303100586,0
196,3078,0.3565571904182434,0
196,3216,0.3531304895877838,0
196,126,0.3531374931335449,0
196,3864,0.34824633598327637,0
196,366,0.3619750738143921,0
3171,3171,0.34953463077545166,1
3171,1892,0.3610135018825531,0
3171,3017,0.3700599670410156,0
3171,3448,0.34402480721473694,0
3171,286,0.3558732867240906,0
3171,4047,0.34572094678878784,0
3171,3246,0.34906286001205444,0
3171,3299,0.35236525535583496,0
3171,2367,0.34937572479248047,0
3171,2794,0.3721296787261963,0
3171,2012,0.3438071310520172,0
3171,4102,0.35083574056625366,0
3171,1795,0.3496689796447754,0
3171,1660,0.34305641055107117,0
3171,3276,0.3457009196281433,0
3171,3553,0.3533066511154175,0
3171,1606,0.3491474986076355,0
3171,1695,0.3485593795776367,0
3171,15,0.35943180322647095,0
3171,945,0.33884406089782715,0
3874,3874,0.352033793926239,1
3874,3527,0.345317006111145,0
3874,757,0.3508031368255615,0
3874,1819,0.3783915638923645,0
3874,2122,0.34166219830513,0
3874,2936,0.34112805128097534,0
3874,3055,0.3483467102050781,0
3874,3594,0.3471669852733612,0
3874,126,0.3488776683807373,0
3874,1513,0.34450480341911316,0
3874,175,0.3664311170578003,0
3874,3424,0.34566739201545715,0
3874,2422,0.34519755840301514,0
3874,49,0.3447446823120117,0
3874,3465,0.361808717250824,0
3874,2840,0.3461451828479767,0
3874,2014,0.35723721981048584,0
3874,2343,0.3490957021713257,0
3874,3767,0.3477436602115631,0
3874,2141,0.3519989550113678,0
560,560,0.3567708134651184,1
560,1962,0.3710278868675232,0
560,1684,0.3352569341659546,0
560,1757,0.3485530614852905,0
560,3598,0.3510328531265259,0
560,58,0.35111814737319946,0
560,569,0.34108442068099976,0
560,2248,0.34358271956443787,0
560,879,0.34170180559158325,0
560,2438,0.3402024507522583,0
560,1334,0.3621293604373932,0
560,2402,0.35793834924697876,0
560,3028,0.3413917124271393,0
560,350,0.38618203997612,0
560,1544,0.33811068534851074,0
560,3239,0.348314106464386,0
560,2512,0.34651121497154236,0
560,4177,0.34845298528671265,0
560,347,0.35759294033050537,0
560,1779,0.3611556887626648,0
240,240,0.36998286843299866,1
240,2985,0.34154295921325684,0
240,1511,0.34892770648002625,0
240,1496,0.35146552324295044,0
240,633,0.37357765436172485,0
240,4111,0.34536993503570557,0
240,2736,0.34382984042167664,0
240,2414,0.3407900631427765,0
240,2691,0.3513333797454834,0
240,289,0.34830981492996216,0
240,1733,0.3438190817832947,0
240,1538,0.3811768591403961,0
240,2705,0.35252177715301514,0
240,3400,0.3531004786491394,0
240,1257,0.3531656265258789,0
240,2168,0.34463244676589966,0
240,1987,0.3414858281612396,0
240,1856,0.3491750955581665,0
240,1044,0.36039644479751587,0
240,3979,0.34157973527908325,0
4047,4047,0.347840815782547,1
4047,2822,0.34934788942337036,0
4047,51,0.3676403760910034,0
4047,3657,0.3489494323730469,0
4047,2044,0.3526836037635803,0
4047,3024,0.35753872990608215,0
4047,969,0.3837795555591583,0
4047,3323,0.3454098701477051,0
4047,3296,0.34745344519615173,0
4047,227,0.3418694734573364,0
4047,512,0.37620115280151367,0
4047,3721,0.35192883014678955,0
4047,1783,0.3589831590652466,0
4047,4179,0.35047346353530884,0
4047,323,0.3757942020893097,0
4047,3791,0.3424350619316101,0
4047,3512,0.34847867488861084,0
4047,3834,0.3790518641471863,0
4047,3792,0.36594411730766296,0
4047,2652,0.35855433344841003,0
1423,1423,0.3564239740371704,1
1423,2534,0.35120272636413574,0
1423,3986,0.3480648398399353,0
1423,1851,0.35528236627578735,0
1423,1680,0.37826627492904663,0
1423,2137,0.3538157045841217,0
1423,1307,0.4074055552482605,0
1423,66,0.3571738004684448,0
1423,253,0.3726568818092346,0
1423,2794,0.3723108470439911,0
1423,1015,0.35958975553512573,0
1423,967,0.34818074107170105,0
1423,513,0.36113640666007996,0
1423,37,0.3729281425476074,0
1423,3101,0.36181098222732544,0
1423,3062,0.34874582290649414,0
1423,1340,0.3655462861061096,0
1423,3150,0.3487853705883026,0
1423,297,0.37326696515083313,0
1423,3438,0.3559751808643341,0
2276,2276,0.33884286880493164,1
2276,279,0.3413323163986206,0
2276,2249,0.33734220266342163,0
2276,1493,0.3502098321914673,0
2276,190,0.36827558279037476,0
2276,3182,0.3568459153175354,0
2276,1028,0.34023135900497437,0
2276,3893,0.3333197832107544,0
2276,1433,0.33771249651908875,0
2276,3922,0.34215205907821655,0
2276,74,0.33758509159088135,0
2276,3080,0.3410625755786896,0
2276,688,0.3309857249259949,0
2276,2846,0.34330248832702637,0
2276,987,0.34263816475868225,0
2276,2394,0.3426746726036072,0
2276,1901,0.3504391312599182,0
2276,529,0.3558284044265747,0
2276,3983,0.3434332013130188,0
2276,464,0.3434378504753113,0
928,928,0.3772253394126892,1
928,3076,0.34893661737442017,0
928,3727,0.35883545875549316,0
928,1529,0.3743765354156494,0
928,2827,0.3439106047153473,0
928,1657,0.3761301636695862,0
928,391,0.35199448466300964,0
928,2388,0.3819209337234497,0
928,2909,0.35108911991119385,0
928,207,0.37447649240493774,0
928,923,0.3516922891139984,0
928,4042,0.34458184242248535,0
928,1703,0.3703092336654663,0
928,259,0.3859540820121765,0
928,2581,0.37191498279571533,0
928,4031,0.3455106317996979,0
928,3230,0.34954506158828735,0
928,1467,0.34818845987319946,0
928,3239,0.35483402013778687,0
928,1227,0.3603357672691345,0
29,29,0.3686084747314453,1
29,670,0.3411017656326294,0
29,2100,0.34083622694015503,0
29,1576,0.36625605821609497,0
29,1350,0.3412408232688904,0
29,167,0.3413824141025543,0
29,3739,0.36290043592453003,0
29,1035,0.35864418745040894,0
29,134,0.34416088461875916,0
29,4105,0.33661532402038574,0
29,3117,0.3402934670448303,0
29,1219,0.33927392959594727,0
29,2810,0.365184485912323,0
29,1163,0.3348623812198639,0
29,1699,0.3382750153541565,0
29,2936,0.3372271955013275,0
29,326,0.34105056524276733,0
29,2300,0.36630311608314514,0
29,2824,0.33421462774276733,0
29,1877,0.3628077507019043,0
3936,3936,0.34317028522491455,1
3936,4173,0.3441693186759949,0
3936,2168,0.3462223708629608,0
3936,2262,0.3905084431171417,0
3936,3069,0.3467905521392822,0
3936,541,0.38621610403060913,0
3936,3835,0.35319000482559204,0
3936,2115,0.345314621925354,0
3936,1323,0.35006463527679443,0
3936,1470,0.3461012542247772,0
3936,2699,0.3834933042526245,0
3936,1295,0.3527517318725586,0
3936,3743,0.3510251045227051,0
3936,330,0.38863879442214966,0
3936,3511,0.3500496745109558,0
3936,1944,0.35768747329711914,0
3936,1356,0.3625606894493103,0
3936,3520,0.34518352150917053,0
3936,596,0.34130656719207764,0
3936,4002,0.3514665365219116,0
556,556,0.36059319972991943,1
556,484,0.35329774022102356,0
556,41,0.352197527885437,0
556,819,0.36444151401519775,0
556,1678,0.34187349677085876,0
556,577,0.35721537470817566,0
556,61,0.3731115460395813,0
556,1398,0.35382452607154846,0
556,3392,0.3436613380908966,0
556,76,0.37100133299827576,0
556,1803,0.34734469652175903,0
556,3265,0.36339670419692993,0
556,2863,0.3496377170085907,0
556,916,0.3785930275917053,0
556,624,0.3652455508708954,0
556,4072,0.348710834980011,0
556,2298,0.36623615026474,0
556,2211,0.3515849709510803,0
556,1812,0.3741542398929596,0
556,547,0.3588453531265259,0
328,328,0.3792377710342407,1
328,760,0.3733561635017395,0
328,125,0.35090023279190063,0
328,2416,0.34736573696136475,0
328,2532,0.36462098360061646,0
328,437,0.3480715751647949,0
328,1494,0.3491382598876953,0
328,1029,0.34337344765663147,0
328,3686,0.3693086504936218,0
328,2429,0.3522227108478546,0
328,2934,0.34549692273139954,0
328,2273,0.3480229675769806,0
328,2087,0.36929571628570557,0
328,595,0.3514249920845032,0
328,2608,0.3489311933517456,0
328,1890,0.3464150130748749,0
328,1352,0.3530997037887573,0
328,1936,0.3465675115585327,0
328,3733,0.34733226895332336,0
328,1419,0.36044424772262573,0
1156,1156,0.35882651805877686,1
1156,2503,0.3472288250923157,0
1156,2992,0.3531075119972229,0
1156,1263,0.3646656274795532,0
1156,294,0.34543415904045105,0
1156,2292,0.34285417199134827,0
1156,2502,0.34904682636260986,0
1156,2727,0.37273159623146057,0
1156,285,0.3453996181488037,0
1156,2402,0.35495126247406006,0
1156,421,0.34815865755081177,0
1156,1170,0.3439484238624573,0
1156,3400,0.3516446650028229,0
1156,3320,0.3688582181930542,0
1156,1080,0.35475775599479675,0
1156,2963,0.338201105594635,0
1156,1293,0.3437606394290924,0
1156,2853,0.3396511971950531,0
1156,2610,0.34447646141052246,0
1156,2568,0.34698572754859924,0
4099,4099,0.34022486209869385,1
4099,2599,0.3602636456489563,0
4099,1647,0.3513071537017822,0
4099,1694,0.34299322962760925,0
4099,2174,0.3395577073097229,0
4099,3968,0.33899036049842834,0
4099,4062,0.3434596657752991,0
4099,706,0.3656134009361267,0
4099,2950,0.34581899642944336,0
4099,2055,0.34196099638938904,0
4099,3428,0.33110934495925903,0
4099,2673,0.34348130226135254,0
4099,1688,0.3461695611476898,0
4099,2640,0.3395240604877472,0
4099,55,0.351222962141037,0
4099,2561,0.34692129492759705,0
4099,1361,0.3398207724094391,0
4099,3141,0.35158199071884155,0
4099,2670,0.364274799823761,0
4099,3715,0.33889058232307434,0
1821,1821,0.35912156105041504,1
1821,1464,0.37924444675445557,0
1821,666,0.35716962814331055,0
1821,2864,0.35466551780700684,0
1821,4146,0.34008896350860596,0
1821,785,0.3522343635559082,0
1821,3054,0.34624606370925903,0
1821,941,0.3750668466091156,0
1821,2414,0.34050053358078003,0
1821,2395,0.3587712049484253,0
1821,187,0.3574511408805847,0
1821,2557,0.3526833653450012,0
1821,771,0.412447988986969,0
1821,788,0.3562529683113098,0
1821,1782,0.3456193208694458,0
1821,2507,0.3513239622116089,0
1821,966,0.3938896954059601,0
1821,2962,0.3456819951534271,0
1821,2633,0.34014439582824707,0
1821,3430,0.3421032130718231,0
436,436,0.3570653796195984,1
436,1151,0.3538508415222168,0
436,2321,0.37041860818862915,0
436,3993,0.3452214002609253,0
436,3397,0.35322827100753784,0
436,2410,0.3441583216190338,0
436,2259,0.3575068712234497,0
436,2460,0.3643046021461487,0
436,2714,0.3549879789352417,0
436,481,0.3513307273387909,0
436,1513,0.35030803084373474,0
436,2163,0.3570544123649597,0
436,1718,0.35179805755615234,0
436,1273,0.3594311773777008,0
436,1482,0.35470861196517944,0
436,989,0.3604719042778015,0
436,1319,0.3579150438308716,0
436,1339,0.347786009311676,0
436,4085,0.36046165227890015,0
436,2704,0.3709511160850525,0
964,964,0.3566438555717468,1
964,3134,0.34658730030059814,0
964,3394,0.3435324430465698,0
964,3180,0.3487434685230255,0
964,2772,0.3458433747291565,0
964,2854,0.3481423854827881,0
964,3281,0.3433695435523987,0
964,3292,0.343522310256958,0
964,3162,0.339159220457077,0
964,2368,0.3476274311542511,0
964,3195,0.3478321433067322,0
964,2116,0.3747987747192383,0
964,3680,0.3450121283531189,0
964,2692,0.3553785979747772,0
964,516,0.36477604508399963,0
964,2635,0.34875643253326416,0
964,1602,0.34431445598602295,0
964,700,0.36140337586402893,0
964,3566,0.34119561314582825,0
964,3196,0.3446515202522278,0
1727,1727,0.36237770318984985,1
1727,2849,0.37303343415260315,0
1727,592,0.37719035148620605,0
1727,3356,0.34930723905563354,0
1727,1424,0.37445205450057983,0
1727,1072,0.3431202471256256,0
1727,1874,0.34692439436912537,0
1727,1825,0.34583956003189087,0
1727,1391,0.34823280572891235,0
1727,1714,0.34965670108795166,0
1727,1868,0.34654396772384644,0
1727,2261,0.35260647535324097,0
1727,3145,0.35011783242225647,0
1727,563,0.35658782720565796,0
1727,2557,0.35522258281707764,0
1727,310,0.38689127564430237,0
1727,436,0.3502458930015564,0
1727,1540,0.3496531546115875,0
1727,4103,0.3487350344657898,0
1727,2652,0.35557234287261963,0
948,948,0.34416860342025757,1
948,652,0.37235453724861145,0
948,4132,0.3493477404117584,0
948,1641,0.42202651500701904,0
948,614,0.38521021604537964,0
948,2170,0.3849722743034363,0
948,2528,0.35891813039779663,0
948,3379,0.34506839513778687,0
948,3585,0.3348630666732788,0
948,3746,0.349590003490448,0
948,1106,0.3731235861778259,0
948,3863,0.35207509994506836,0
948,1915,0.3624189794063568,0
948,3663,0.3780052065849304,0
948,3373,0.34307336807250977,0
948,2783,0.34745076298713684,0
948,2299,0.33377721905708313,0
948,4126,0.3390156030654907,0
948,2956,0.34710144996643066,0
948,55,0.3577493727207184,0
1081,1081,0.3829643428325653,1
1081,3769,0.34083297848701477,0
1081,1111,0.3470402657985687,0
1081,2719,0.34717682003974915,0
1081,3797,0.3479832112789154,0
1081,443,0.36086565256118774,0
1081,2648,0.35292714834213257,0
1081,233,0.37467581033706665,0
1081,1534,0.35855764150619507,0
1081,3209,0.3431229591369629,0
1081,1859,0.36247074604034424,0
1081,3578,0.3396570682525635,0
1081,423,0.36496666073799133,0
1081,2646,0.3465953469276428,0
1081,3400,0.3559707701206207,0
1081,3371,0.3557438850402832,0
1081,1886,0.3440714478492737,0
1081,3848,0.33607974648475647,0
1081,872,0.368567556142807,0
1081,3922,0.34942299127578735,0
1211,1211,0.3484019637107849,1
1211,1296,0.3479766249656677,0
1211,3825,0.339407742023468,0
1211,476,0.346125066280365,0
1211,1227,0.35688847303390503,0
1211,1516,0.3654963970184326,0
1211,2090,0.35263651609420776,0
1211,2377,0.35548529028892517,0
1211,4058,0.34715211391448975,0
1211,2606,0.34974849224090576,0
1211,3945,0.34448134899139404,0
1211,1356,0.35543209314346313,0
1211,2071,0.36108747124671936,0
1211,3521,0.3415162265300751,0
1211,1135,0.3587929606437683,0
1211,3276,0.34279847145080566,0
1211,3950,0.3518620431423187,0
1211,2385,0.34255847334861755,0
1211,1253,0.3407553434371948,0
1211,3013,0.35480010509490967,0
2051,2051,0.3449721932411194,1
2051,2391,0.34577280282974243,0
2051,370,0.3497346043586731,0
2051,3949,0.3585125207901001,0
2051,556,0.3655025064945221,0
2051,1433,0.34402137994766235,0
2051,56,0.37463581562042236,0
2051,3630,0.35538536310195923,0
2051,4005,0.34371352195739746,0
2051,1092,0.34441372752189636,0
2051,3814,0.38514816761016846,0
2051,617,0.34502846002578735,0
2051,110,0.35291746258735657,0
2051,1559,0.34328705072402954,0
2051,3730,0.3440665602684021,0
2051,2020,0.3675192594528198,0
2051,146,0.3726843595504761,0
2051,4158,0.3387608528137207,0
2051,3782,0.3541148006916046,0
2051,160,0.35729870200157166,0
1207,1207,0.3398340046405792,1
1207,1167,0.35191333293914795,0
1207,2252,0.3510286509990692,0
1207,2882,0.33802980184555054,0
1207,2260,0.3523803651332855,0
1207,2035,0.34323617815971375,0
1207,2309,0.3481704592704773,0
1207,3707,0.34399619698524475,0
1207,3620,0.3454103469848633,0
1207,3025,0.3383522629737854,0
1207,3875,0.34565335512161255,0
1207,317,0.3486163020133972,0
1207,2607,0.35066846013069153,0
1207,1169,0.35067516565322876,0
1207,1627,0.3525383770465851,0
1207,1779,0.36130934953689575,0
1207,3851,0.3461098372936249,0
1207,1044,0.36564645171165466,0
1207,1142,0.3523899018764496,0
1207,2244,0.36455926299095154,0
1683,1683,0.33746081590652466,1
1683,3753,0.3339534103870392,0
1683,3502,0.3411242663860321,0
1683,162,0.35364848375320435,0
1683,1631,0.3316742181777954,0
1683,3509,0.3359677493572235,0
1683,1649,0.3359033465385437,0
1683,1331,0.3371522128582001,0
1683,3036,0.33802592754364014,0
1683,1571,0.33426693081855774,0
1683,4099,0.3321741819381714,0
1683,1003,0.33809900283813477,0
1683,1224,0.33898866176605225,0
1683,372,0.34505748748779297,0
1683,2405,0.3336344361305237,0
1683,1375,0.34385114908218384,0
1683,294,0.33429980278015137,0
1683,127,0.32939743995666504,0
1683,3948,0.3329726457595825,0
1683,2114,0.3574081063270569,0
3007,3007,0.3441924750804901,1
3007,1445,0.34750890731811523,0
3007,2938,0.3898393511772156,0
3007,562,0.3770424723625183,0
3007,3945,0.34496358036994934,0
3007,1742,0.3496435284614563,0
3007,1859,0.3623208999633789,0
3007,1009,0.3823554515838623,0
3007,490,0.36069968342781067,0
3007,3424,0.3438825011253357,0
3007,351,0.34659406542778015,0
3007,172,0.35944926738739014,0
3007,1114,0.35023415088653564,0
3007,2754,0.3575640320777893,0
3007,2659,0.3501584529876709,0
3007,3634,0.351351261138916,0
3007,3752,0.34499406814575195,0
3007,357,0.3519214689731598,0
3007,3790,0.3472532331943512,0
3007,2161,0.34345871210098267,0
4023,4023,0.34737294912338257,1
4023,160,0.3545743227005005,0
4023,3020,0.3627263307571411,0
4023,3725,0.3503658175468445,0
4023,1433,0.34711867570877075,0
4023,3315,0.351246178150177,0
4023,730,0.3628627061843872,0
4023,2008,0.3472242057323456,0
4023,1482,0.3490803837776184,0
4023,3332,0.34896212816238403,0
4023,2434,0.3508049249649048,0
4023,1970,0.377555787563324,0
4023,1071,0.37045150995254517,0
4023,1082,0.3678439259529114,0
4023,3054,0.34712374210357666,0
4023,711,0.3464268445968628,0
4023,178,0.36563611030578613,0
4023,3919,0.3463458716869354,0
4023,891,0.37714672088623047,0
4023,3245,0.35179027915000916,0
2975,2975,0.33863961696624756,1
2975,2787,0.35084274411201477,0
2975,817,0.3394904136657715,0
2975,4120,0.34843435883522034,0
2975,225,0.35592955350875854,0
2975,954,0.34892213344573975,0
2975,2543,0.3671051561832428,0
2975,4014,0.34714025259017944,0
2975,463,0.3580564856529236,0
2975,1082,0.3656461834907532,0
2975,2804,0.34248796105384827,0
2975,1240,0.3659460246562958,0
2975,3091,0.348770409822464,0
2975,829,0.3513592481613159,0
2975,1715,0.3512004613876343,0
2975,203,0.3547741174697876,0
2975,2083,0.37536129355430603,0
2975,530,0.3488548696041107,0
2975,3293,0.3457338511943817,0
2975,1499,0.34886062145233154,0
48,48,0.3477036654949188,1
48,2234,0.3493276834487915,0
48,2026,0.3537907898426056,0
48,1083,0.3708024024963379,0
48,1661,0.3706836700439453,0
48,69,0.3734872341156006,0
48,3446,0.34504643082618713,0
48,1264,0.3451339602470398,0
48,285,0.3510749936103821,0
48,219,0.37324631214141846,0
48,852,0.3797520399093628,0
48,3552,0.3612365126609802,0
48,1522,0.35266271233558655,0
48,1301,0.3544849157333374,0
48,3585,0.3435406982898712,0
48,299,0.3787304759025574,0
48,1222,0.369922399520874,0
48,3668,0.36119788885116577,0
48,831,0.3576189875602722,0
48,1705,0.35052287578582764,0
3885,3885,0.3500884771347046,1
3885,409,0.36044639348983765,0
3885,3004,0.34348803758621216,0
3885,651,0.35254788398742676,0
3885,795,0.36312511563301086,0
3885,4151,0.3474021255970001,0
3885,2972,0.34612977504730225,0
3885,2855,0.35801607370376587,0
3885,3071,0.3493199646472931,0
3885,1205,0.3488180339336395,0
3885,4174,0.34111177921295166,0
3885,3232,0.3533021807670593,0
3885,2413,0.3435024321079254,0
3885,2469,0.34444135427474976,0
3885,2928,0.34304457902908325,0
3885,3410,0.34451472759246826,0
3885,1437,0.34411120414733887,0
3885,2305,0.34292080998420715,0
3885,1522,0.3479083776473999,0
3885,3879,0.34445953369140625,0
1944,1944,0.3583133816719055,1
1944,2582,0.3605615496635437,0
1944,3211,0.3704342246055603,0
1944,113,0.35454291105270386,0
1944,981,0.3678410053253174,0
1944,156,0.3817736804485321,0
1944,1972,0.3562064468860626,0
1944,542,0.37032610177993774,0
1944,1197,0.39569878578186035,0
1944,809,0.34714844822883606,0
1944,3170,0.3467961549758911,0
1944,3790,0.3545450270175934,0
1944,1292,0.3601298928260803,0
1944,3804,0.34820377826690674,0
1944,2841,0.35770538449287415,0
1944,478,0.3710024952888489,0
1944,2481,0.3519836962223053,0
1944,2796,0.3788701593875885,0
1944,595,0.3553229570388794,0
1944,1099,0.3472575545310974,0
1519,1519,0.3537321984767914,1
1519,2854,0.35224515199661255,0
1519,379,0.37545499205589294,0
1519,4090,0.3429223895072937,0
1519,3855,0.37784743309020996,0
1519,3512,0.3459886908531189,0
1519,3214,0.3814243972301483,0
1519,947,0.3795222043991089,0
1519,3682,0.35230815410614014,0
1519,546,0.34391048550605774,0
1519,2857,0.3489606976509094,0
1519,247,0.347249299287796,0
1519,2921,0.35190659761428833,0
1519,3143,0.3488104045391083,0
1519,485,0.38956892490386963,0
1519,536,0.3795091211795807,0
1519,617,0.346810907125473,0
1519,841,0.37037932872772217,0
1519,466,0.3798045217990875,0
1519,1239,0.3480876088142395,0
3000,3000,0.3501132130622864,1
3000,2316,0.3508486747741699,0
3000,3610,0.3528776168823242,0
3000,355,0.36207419633865356,0
3000,2725,0.35313206911087036,0
3000,1152,0.3594230115413666,0
3000,2531,0.3562602698802948,0
3000,1596,0.35630229115486145,0
3000,1676,0.35302072763442993,0
3000,2410,0.34027308225631714,0
3000,3919,0.34955692291259766,0
3000,694,0.3455526530742645,0
3000,1044,0.36340171098709106,0
3000,1779,0.3641798794269562,0
3000,2874,0.3471018671989441,0
3000,3072,0.3523700535297394,0
3000,1854,0.3500348925590515,0
3000,2913,0.3438475728034973,0
3000,2196,0.3562675714492798,0
3000,2457,0.34845343232154846,0
3794,3794,0.34280818700790405,1
3794,3864,0.3446703553199768,0
3794,99,0.3660503029823303,0
3794,2945,0.35532474517822266,0
3794,321,0.35759931802749634,0
3794,1365,0.378532350063324,0
3794,1579,0.36735597252845764,0
3794,1644,0.3511756360530853,0
3794,1778,0.35059380531311035,0
3794,1789,0.3515224754810333,0
3794,502,0.3609718680381775,0
3794,3117,0.34862035512924194,0
3794,1354,0.36373379826545715,0
3794,161,0.355028361082077,0
3794,1984,0.3486984074115753,0
3794,1035,0.36638036370277405,0
3794,2441,0.3522903621196747,0
3794,3646,0.3530605435371399,0
3794,2187,0.34974050521850586,0
3794,2604,0.35124239325523376,0
2262,2262,0.38089612126350403,1
2262,2860,0.35019779205322266,0
2262,1317,0.3526381254196167,0
2262,1721,0.3438429832458496,0
2262,2134,0.3483627140522003,0
2262,252,0.401264488697052,0
2262,1553,0.3501953184604645,0
2262,1742,0.3541441559791565,0
2262,2128,0.35267481207847595,0
2262,2405,0.35192227363586426,0
2262,433,0.348748117685318,0
2262,2636,0.3487147092819214,0
2262,1239,0.3516101837158203,0
2262,3243,0.35567551851272583,0
2262,2521,0.34250783920288086,0
2262,419,0.35543012619018555,0
2262,343,0.36925438046455383,0
2262,2963,0.3453691899776459,0
2262,2840,0.3504309356212616,0
2262,2877,0.3593524098396301,0
956,956,0.36577367782592773,1
956,161,0.34719663858413696,0
956,412,0.3477497100830078,0
956,2077,0.3417956233024597,0
956,2482,0.3452162444591522,0
956,27,0.3680185079574585,0
956,152,0.368563175201416,0
956,294,0.34105420112609863,0
956,2936,0.3353358805179596,0
956,3450,0.33375388383865356,0
956,3688,0.3428005278110504,0
956,2831,0.3394792973995209,0
956,2112,0.3399987816810608,0
956,1017,0.3411579728126526,0
956,2947,0.34152424335479736,0
956,3468,0.3483522832393646,0
956,3320,0.3652545213699341,0
956,1989,0.348010778427124,0
956,4011,0.3380758762359619,0
956,1084,0.35385966300964355,0
2036,2036,0.4328957796096802,1
2036,1287,0.39184632897377014,0
2036,1433,0.3458489775657654,0
2036,2274,0.3588153123855591,0
2036,713,0.37438198924064636,0
2036,1933,0.35937029123306274,0
2036,1040,0.3493551015853882,0
2036,197,0.34907060861587524,0
2036,3154,0.3452737331390381,0
2036,2396,0.3496682047843933,0
2036,2504,0.34418579936027527,0
2036,3712,0.3545498251914978,0
2036,4050,0.3413836658000946,0
2036,170,0.3884134590625763,0
2036,2564,0.38264334201812744,0
2036,517,0.3875795602798462,0
2036,1275,0.3633768856525421,0
2036,1500,0.3536033630371094,0
2036,1241,0.35710564255714417,0
2036,3423,0.3495185971260071,0
586,586,0.3808121383190155,1
586,978,0.3481796681880951,0
586,794,0.3544214367866516,0
586,1376,0.37223201990127563,0
586,3265,0.36358267068862915,0
586,318,0.3726643919944763,0
586,833,0.3783002495765686,0
586,3204,0.3417080342769623,0
586,277,0.3582876920700073,0
586,3078,0.3530345559120178,0
586,1037,0.3681851923465729,0
586,1275,0.3598940968513489,0
586,1717,0.3559242784976959,0
586,3258,0.34963932633399963,0
586,1654,0.3490791618824005,0
586,3985,0.34797829389572144,0
586,921,0.35899507999420166,0
586,4086,0.3475385904312134,0
586,2348,0.371846079826355,0
586,1993,0.35006043314933777,0
2904,2904,0.3523730933666229,1
2904,1992,0.35682153701782227,0
2904,879,0.3506264090538025,0
2904,1256,0.3453260660171509,0
2904,3453,0.3506225347518921,0
2904,441,0.34791675209999084,0
2904,2554,0.3504229187965393,0
2904,1300,0.3559783697128296,0
2904,347,0.3594501316547394,0
2904,2577,0.3531998097896576,0
2904,3411,0.353701651096344,0
2904,713,0.3675372004508972,0
2904,3961,0.35464391112327576,0
2904,3358,0.3788820803165436,0
2904,3469,0.3560762107372284,0
2904,3617,0.3497473895549774,0
2904,3936,0.3473861813545227,0
2904,2742,0.3679632246494293,0
2904,443,0.3630940020084381,0
2904,4118,0.35306334495544434,0
3032,3032,0.3784753978252411,1
3032,679,0.3486630916595459,0
3032,1401,0.3387153744697571,0
3032,1382,0.3377600312232971,0
3032,667,0.3879016637802124,0
3032,2136,0.3425043821334839,0
3032,3783,0.345344603061676,0
3032,1652,0.3558114767074585,0
3032,2285,0.350341260433197,0
3032,2214,0.33943700790405273,0
3032,2558,0.3430958390235901,0
3032,3438,0.3442703187465668,0
3032,1461,0.35472774505615234,0
3032,4089,0.338520348072052,0
3032,182,0.34366339445114136,0
3032,3036,0.34848570823669434,0
3032,994,0.35057777166366577,0
3032,2915,0.33902615308761597,0
3032,1906,0.33857518434524536,0
3032,1295,0.34877192974090576,0
3543,3543,0.3414191007614136,1
3543,935,0.3418163061141968,0
3543,254,0.35052424669265747,0
3543,562,0.3793926239013672,0
3543,2732,0.352083683013916,0
3543,1507,0.3492487072944641,0
3543,2749,0.34275755286216736,0
3543,901,0.3832174241542816,0
3543,3328,0.34993720054626465,0
3543,3161,0.34981149435043335,0
3543,2253,0.34420737624168396,0
3543,2511,0.3582179844379425,0
3543,3438,0.34905004501342773,0
3543,1226,0.37775957584381104,0
3543,2684,0.3611826002597809,0
3543,1599,0.35530000925064087,0
3543,1837,0.355629563331604,0
3543,1961,0.35344308614730835,0
3543,2811,0.3499939739704132,0
3543,2521,0.3392834961414337,0
1909,1909,0.3553016185760498,1
1909,1000,0.38052576780319214,0
1909,573,0.37343117594718933,0
1909,1107,0.37164944410324097,0
1909,202,0.3911736011505127,0
1909,3187,0.34332722425460815,0
1909,2878,0.3410300016403198,0
1909,2924,0.3458453118801117,0
1909,2454,0.3854674994945526,0
1909,4030,0.34412145614624023,0
1909,716,0.3689146041870117,0
1909,1643,0.3487841784954071,0
1909,2544,0.3514077961444855,0
1909,3229,0.3768993616104126,0
1909,1559,0.3470940887928009,0
1909,3386,0.35406693816185,0
1909,1988,0.34655770659446716,0
1909,694,0.3445471525192261,0
1909,582,0.3440910577774048,0
1909,248,0.3868286609649658,0
3151,3151,0.3418239951133728,1
3151,411,0.3800751566886902,0
3151,3576,0.3766945004463196,0
3151,413,0.35825294256210327,0
3151,2028,0.34626463055610657,0
3151,1573,0.33596181869506836,0
3151,2764,0.3430211544036865,0
3151,1371,0.33995765447616577,0
3151,2527,0.34872257709503174,0
3151,766,0.3400430679321289,0
3151,1664,0.35035693645477295,0
3151,767,0.3467346131801605,0
3151,3824,0.34763050079345703,0
3151,124,0.3598455488681793,0
3151,997,0.38334304094314575,0
3151,212,0.33611011505126953,0
3151,1300,0.3494684100151062,0
3151,442,0.34058678150177,0
3151,967,0.33464881777763367,0
3151,4019,0.34723877906799316,0
3990,3990,0.3468702435493469,1
3990,2645,0.4027538597583771,0
3990,2488,0.3698142468929291,0
3990,2447,0.35542744398117065,0
3990,1452,0.35728690028190613,0
3990,3742,0.3519691228866577,0
3990,4167,0.34520578384399414,0
3990,3587,0.34381771087646484,0
3990,1102,0.35900694131851196,0
3990,1239,0.34939175844192505,0
3990,3581,0.35274559259414673,0
3990,4053,0.3767436444759369,0
3990,2169,0.3486904501914978,0
3990,1505,0.37934207916259766,0
3990,2312,0.3490799069404602,0
3990,1776,0.3633260130882263,0
3990,2635,0.35349249839782715,0
3990,2737,0.3455188572406769,0
3990,3563,0.3419802784919739,0
3990,2961,0.35121169686317444,0
1783,1783,0.3549920916557312,1
1783,3926,0.3397231698036194,0
1783,2583,0.3530654013156891,0
1783,1695,0.34611213207244873,0
1783,1698,0.35272106528282166,0
1783,879,0.3442242741584778,0
1783,2471,0.34856024384498596,0
1783,2335,0.39661744236946106,0
1783,44,0.34989064931869507,0
1783,2013,0.3723605275154114,0
1783,3375,0.3451306223869324,0
1783,1687,0.3409269154071808,0
1783,453,0.35069894790649414,0
1783,2788,0.3484259247779846,0
1783,2446,0.3489413559436798,0
1783,3463,0.3405945897102356,0
1783,978,0.34488600492477417,0
1783,2442,0.3649482727050781,0
1783,3509,0.3488146960735321,0
1783,497,0.36589348316192627,0
666,666,0.3600611090660095,1
666,3188,0.350671648979187,0
666,1004,0.3502942621707916,0
666,4026,0.35803020000457764,0
666,2632,0.34533172845840454,0
666,3878,0.3488302230834961,0
666,2227,0.3620139956474304,0
666,1892,0.3597797751426697,0
666,3084,0.35439684987068176,0
666,1722,0.34952765703201294,0
666,2958,0.35460299253463745,0
666,1492,0.36736324429512024,0
666,1188,0.3587515950202942,0
666,2188,0.3975690007209778,0
666,1666,0.3457009792327881,0
666,95,0.3615083396434784,0
666,3512,0.34932687878608704,0
666,828,0.35694676637649536,0
666,3493,0.3481826186180115,0
666,3236,0.3504675328731537,0
2728,2728,0.34930112957954407,1
2728,596,0.3382633626461029,0
2728,3075,0.3420603275299072,0
2728,969,0.37888336181640625,0
2728,2088,0.3874668478965759,0
2728,1551,0.37974172830581665,0
2728,2039,0.3418698310852051,0
2728,1257,0.35209232568740845,0
2728,4055,0.33612728118896484,0
2728,2816,0.34204792976379395,0
2728,2202,0.34537333250045776,0
2728,2775,0.3606688678264618,0
2728,528,0.3576817512512207,0
2728,1783,0.354727566242218,0
2728,163,0.3630407452583313,0
2728,2584,0.34535324573516846,0
2728,1495,0.36760351061820984,0
2728,1058,0.34851109981536865,0
2728,642,0.35286661982536316,0
2728,2423,0.37508559226989746,0
779,779,0.35602304339408875,1
779,3774,0.3513934016227722,0
779,715,0.35991016030311584,0
779,1506,0.3530973494052887,0
779,3602,0.3428938388824463,0
779,3069,0.34909310936927795,0
779,2809,0.36123543977737427,0
779,3922,0.35397782921791077,0
779,3320,0.3744634687900543,0
779,2126,0.37919333577156067,0
779,456,0.3546670973300934,0
779,628,0.3499685525894165,0
779,1357,0.34926557540893555,0
779,4092,0.3491499125957489,0
779,435,0.3502044081687927,0
779,2810,0.37388837337493896,0
779,1998,0.3568466603755951,0
779,2903,0.3469567894935608,0
779,2103,0.3484748899936676,0
779,438,0.34849804639816284,0
2323,2323,0.34370124340057373,1
2323,738,0.348654568195343,0
2323,1347,0.35139530897140503,0
2323,1409,0.3582669496536255,0
2323,3186,0.34259557723999023,0
2323,2914,0.35866862535476685,0
2323,1195,0.3443465232849121,0
2323,2850,0.3487028181552887,0
2323,641,0.3766940236091614,0
2323,164,0.3694743514060974,0
2323,1929,0.3467313349246979,0
2323,121,0.3784715533256531,0
2323,258,0.38056182861328125,0
2323,3599,0.35927432775497437,0
2323,3238,0.34639912843704224,0
2323,3483,0.36618635058403015,0
2323,1490,0.3451669216156006,0
2323,3115,0.38013067841529846,0
2323,1299,0.34729281067848206,0
2323,1954,0.3729115128517151,0
1845,1845,0.3452429175376892,1
1845,3656,0.3437061011791229,0
1845,787,0.3528040647506714,0
1845,1843,0.3672415018081665,0
1845,3363,0.3536340296268463,0
1845,3018,0.3495016098022461,0
1845,1262,0.3570405840873718,0
1845,4066,0.3478640615940094,0
1845,2258,0.3655413091182709,0
1845,2129,0.3555662930011749,0
1845,266,0.3476043939590454,0
1845,1010,0.37116238474845886,0
1845,1698,0.35626474022865295,0
1845,762,0.37067657709121704,0
1845,2427,0.34095847606658936,0
1845,1236,0.3462599515914917,0
1845,112,0.35245031118392944,0
1845,323,0.36618852615356445,0
1845,617,0.34803006052970886,0
1845,2061,0.35174560546875,0
2944,2944,0.34254977107048035,1
2944,4118,0.35305410623550415,0
2944,4132,0.3547470271587372,0
2944,1210,0.3505881428718567,0
2944,4150,0.34874609112739563,0
2944,3713,0.35372501611709595,0
2944,541,0.37713202834129333,0
2944,2722,0.3575095534324646,0
2944,2142,0.3445127606391907,0
2944,2770,0.3491457402706146,0
2944,4157,0.351509690284729,0
2944,56,0.37139591574668884,0
2944,2690,0.3542652130126953,0
2944,543,0.35221436619758606,0
2944,2658,0.35468995571136475,0
2944,2477,0.3509719967842102,0
2944,1663,0.40697431564331055,0
2944,3957,0.3449839949607849,0
2944,175,0.36541563272476196,0
2944,3962,0.3494536280632019,0
1191,1191,0.3400803208351135,1
1191,2793,0.3540717661380768,0
1191,3507,0.3523193895816803,0
1191,1765,0.3430681824684143,0
1191,3072,0.34895649552345276,0
1191,3653,0.34912192821502686,0
1191,540,0.34192267060279846,0
1191,287,0.3756233751773834,0
1191,1528,0.35074910521507263,0
1191,2929,0.34216123819351196,0
1191,2188,0.4174731969833374,0
1191,2133,0.35112395882606506,0
1191,1409,0.357261598110199,0
1191,3809,0.34817764163017273,0
1191,1566,0.3930918574333191,0
1191,2391,0.34660017490386963,0
1191,280,0.3411574065685272,0
1191,1879,0.37484824657440186,0
1191,1082,0.3760271668434143,0
1191,1354,0.36610832810401917,0
4041,4041,0.3504039943218231,1
4041,2073,0.3905816376209259,0
4041,3645,0.3520839810371399,0
4041,3193,0.3498346209526062,0
4041,3714,0.35343796014785767,0
4041,1578,0.35075876116752625,0
4041,3135,0.359519898891449,0
4041,872,0.37424996495246887,0
4041,1294,0.35238105058670044,0
4041,3554,0.3468632996082306,0
4041,1133,0.38392922282218933,0
4041,2524,0.3533862829208374,0
4041,1942,0.3453923463821411,0
4041,3005,0.34953853487968445,0
4041,3128,0.3537234961986542,0
4041,763,0.3850669264793396,0
4041,3741,0.3746715188026428,0
4041,3300,0.3547947406768799,0
4041,2594,0.3634219765663147,0
4041,160,0.3626973032951355,0
1157,1157,0.3625686466693878,1
1157,595,0.35332298278808594,0
1157,3003,0.34774404764175415,0
1157,2176,0.3594595491886139,0
1157,299,0.38801121711730957,0
1157,2407,0.38404935598373413,0
1157,393,0.3775317668914795,0
1157,3982,0.3533802032470703,0
1157,1173,0.3467501997947693,0
1157,3674,0.3470238447189331,0
1157,767,0.35271912813186646,0
1157,3848,0.3389348089694977,0
1157,2618,0.3547162413597107,0
1157,1757,0.3533003330230713,0
1157,2594,0.36098867654800415,0
1157,2414,0.3436375856399536,0
1157,2659,0.3521064519882202,0
1157,3724,0.340997576713562,0
1157,2894,0.3508296608924866,0
1157,417,0.3835247755050659,0
1863,1863,0.3477303385734558,1
1863,2852,0.3506622314453125,0
1863,3304,0.3483165502548218,0
1863,3791,0.34179872274398804,0
1863,3266,0.3492060899734497,0
1863,328,0.38278627395629883,0
1863,2460,0.36377304792404175,0
1863,1448,0.3982642889022827,0
1863,1805,0.34729593992233276,0
1863,604,0.3787006139755249,0
1863,741,0.3440135419368744,0
1863,238,0.3919476270675659,0
1863,3634,0.35581013560295105,0
1863,1712,0.39413946866989136,0
1863,1362,0.38731709122657776,0
1863,2750,0.3601292371749878,0
1863,1816,0.35874420404434204,0
1863,3113,0.34919607639312744,0
1863,1929,0.3475523591041565,0
1863,2114,0.38637977838516235,0
4147,4147,0.3471015691757202,1
4147,1755,0.33621013164520264,0
4147,1860,0.36448585987091064,0
4147,1599,0.3483005166053772,0
4147,2661,0.34663277864456177,0
4147,1454,0.3557414710521698,0
4147,2485,0.36704427003860474,0
4147,4109,0.3456420600414276,0
4147,3697,0.35253554582595825,0
4147,958,0.34871500730514526,0
4147,610,0.3673175573348999,0
4147,3437,0.347522109746933,0
4147,1241,0.3525952100753784,0
4147,4074,0.3543137311935425,0
4147,2906,0.34410542249679565,0
4147,1696,0.3624532222747803,0
4147,3596,0.34681200981140137,0
4147,2696,0.33927974104881287,0
4147,3076,0.3461010456085205,0
4147,1487,0.39543187618255615,0
1068,1068,0.3620140552520752,1
1068,11,0.3761441111564636,0
1068,1927,0.35211023688316345,0
1068,2225,0.36238494515419006,0
1068,63,0.3696202039718628,0
1068,831,0.3534702658653259,0
1068,3631,0.3416072130203247,0
1068,1881,0.36588817834854126,0
1068,2935,0.35101747512817383,0
1068,1607,0.34325408935546875,0
1068,2833,0.34881967306137085,0
1068,3590,0.3440476953983307,0
1068,3097,0.3530307710170746,0
1068,3079,0.3601285219192505,0
1068,1051,0.37503641843795776,0
1068,249,0.37986451387405396,0
1068,2189,0.3541790246963501,0
1068,3675,0.37104302644729614,0
1068,3645,0.34785953164100647,0
1068,1744,0.3402056097984314,0
2027,2027,0.33886802196502686,1
2027,2734,0.33801859617233276,0
2027,2893,0.3449857532978058,0
2027,2264,0.3482517600059509,0
2027,2961,0.3451135754585266,0
2027,3133,0.35674458742141724,0
2027,3793,0.3482738733291626,0
2027,2836,0.3404606580734253,0
2027,3193,0.3436770439147949,0
2027,2220,0.3474574089050293,0
2027,3961,0.3480073809623718,0
2027,732,0.3622927665710449,0
2027,2251,0.3452560305595398,0
2027,1606,0.3446018695831299,0
2027,2240,0.3430846333503723,0
2027,1532,0.3955429792404175,0
2027,2854,0.3470725417137146,0
2027,1042,0.3450191617012024,0
2027,3217,0.3411901295185089,0
2027,3115,0.36657166481018066,0
1622,1622,0.37073904275894165,1
1622,337,0.3712422847747803,0
1622,3664,0.33647584915161133,0
1622,2437,0.3387601375579834,0
1622,2967,0.3728528320789337,0
1622,315,0.37264737486839294,0
1622,1963,0.336747407913208,0
1622,2798,0.35913339257240295,0
1622,1686,0.34607088565826416,0
1622,3941,0.38452374935150146,0
1622,1213,0.33434435725212097,0
1622,2499,0.3327540159225464,0
1622,2282,0.3553091287612915,0
1622,3121,0.34434428811073303,0
1622,4058,0.34415191411972046,0
1622,2893,0.3444148302078247,0
1622,2576,0.34981846809387207,0
1622,3288,0.3483947515487671,0
1622,735,0.3558023273944855,0
1622,551,0.36894938349723816,0
3902,3902,0.3426324725151062,1
3902,1145,0.400992751121521,0
3902,3450,0.34141653776168823,0
3902,232,0.3640400767326355,0
3902,2141,0.35170766711235046,0
3902,3152,0.34436023235321045,0
3902,2354,0.3491594195365906,0
3902,2068,0.36562681198120117,0
3902,2162,0.3471083343029022,0
3902,3905,0.34428566694259644,0
3902,1946,0.34469151496887207,0
3902,641,0.36746686697006226,0
3902,2250,0.3433995246887207,0
3902,2409,0.344701886177063,0
3902,934,0.3572954535484314,0
3902,2146,0.3474510610103607,0
3902,2628,0.35366103053092957,0
3902,3837,0.3996275067329407,0
3902,48,0.3444918990135193,0
3902,2222,0.36015594005584717,0
3914,3914,0.3442804217338562,1
3914,2306,0.35646724700927734,0
3914,1564,0.3464882969856262,0
3914,977,0.36245349049568176,0
3914,3485,0.3538626432418823,0
3914,3520,0.3418774902820587,0
3914,686,0.35262399911880493,0
3914,708,0.3470737934112549,0
3914,2361,0.3803207278251648,0
3914,3219,0.3471449017524719,0
3914,1352,0.3508847951889038,0
3914,2171,0.3888951539993286,0
3914,944,0.34214210510253906,0
3914,2421,0.34154212474823,0
3914,1511,0.3491145372390747,0
3914,3694,0.3429286479949951,0
3914,3047,0.34327107667922974,0
3914,2822,0.34461158514022827,0
3914,127,0.34035104513168335,0
3914,1338,0.3467787504196167,0
346,346,0.36292099952697754,1
346,2478,0.35327523946762085,0
346,3725,0.34904056787490845,0
346,1163,0.3391842842102051,0
346,1331,0.34790951013565063,0
346,2679,0.34939610958099365,0
346,323,0.36115384101867676,0
346,4145,0.3463178873062134,0
346,1606,0.34454473853111267,0
346,3523,0.33579644560813904,0
346,648,0.3599889576435089,0
346,161,0.3519704341888428,0
346,754,0.3780227601528168,0
346,3497,0.34356003999710083,0
346,4059,0.34525954723358154,0
346,2025,0.35824352502822876,0
346,2728,0.347398042678833,0
346,3598,0.351929247379303,0
346,4060,0.3465927541255951,0
346,1830,0.3537740707397461,0
2592,2592,0.3523062765598297,1
2592,674,0.3504125475883484,0
2592,3951,0.3471846580505371,0
2592,2867,0.3577997386455536,0
2592,3718,0.34807994961738586,0
2592,2629,0.35381394624710083,0
2592,4128,0.35125991702079773,0
2592,1191,0.34334680438041687,0
2592,555,0.34839487075805664,0
2592,1011,0.3573794960975647,0
2592,3678,0.3478536009788513,0
2592,3610,0.35328590869903564,0
2592,3445,0.3469979465007782,0
2592,2321,0.36731410026550293,0
2592,186,0.34598803520202637,0
2592,4172,0.3489398956298828,0
2592,3589,0.3520427346229553,0
2592,1339,0.3455921411514282,0
2592,2423,0.37164315581321716,0
2592,3362,0.3511506915092468,0
1114,1114,0.35086047649383545,1
1114,2161,0.344693124294281,0
1114,819,0.36294472217559814,0
1114,1851,0.34624797105789185,0
1114,837,0.36842453479766846,0
1114,2169,0.3458581864833832,0
1114,612,0.35020726919174194,0
1114,217,0.34698569774627686,0
1114,1978,0.3523412346839905,0
1114,3856,0.34733083844184875,0
1114,1524,0.3470115065574646,0
1114,3321,0.3526318669319153,0
1114,207,0.372943639755249,0
1114,1096,0.3423009216785431,0
1114,418,0.3446168303489685,0
1114,982,0.3654550313949585,0
1114,2988,0.3434341549873352,0
1114,2397,0.3701886534690857,0
1114,1231,0.36728784441947937,0
1114,2673,0.3488677144050598,0
4163,4163,0.3429791331291199,1
4163,132,0.3886975646018982,0
4163,2316,0.3477587103843689,0
4163,725,0.36888742446899414,0
4163,1417,0.341307669878006,0
4163,603,0.3673284351825714,0
4163,3324,0.3548605442047119,0
4163,548,0.3607468008995056,0
4163,4089,0.34185588359832764,0
4163,493,0.3549726605415344,0
4163,1716,0.3446391224861145,0
4163,4091,0.347220778465271,0
4163,1755,0.3380146622657776,0
4163,265,0.3730863928794861,0
4163,159,0.3593427538871765,0
4163,1706,0.421968936920166,0
4163,806,0.3860914707183838,0
4163,1270,0.3480333089828491,0
4163,1747,0.3909926414489746,0
4163,1027,0.3400060534477234,0
1741,1741,0.368367999792099,1
1741,291,0.3581591844558716,0
1741,693,0.34945639967918396,0
1741,717,0.34772828221321106,0
1741,3272,0.3506873846054077,0
1741,743,0.36779510974884033,0
1741,3150,0.3416653871536255,0
1741,2421,0.3471243679523468,0
1741,3290,0.34940534830093384,0
1741,1712,0.38022252917289734,0
1741,2367,0.3490768373012543,0
1741,3560,0.3430367410182953,0
1741,3466,0.3504083752632141,0
1741,4004,0.34850242733955383,0
1741,1134,0.3476654887199402,0
1741,3645,0.3491501808166504,0
1741,885,0.36998307704925537,0
1741,1574,0.3701871633529663,0
1741,1672,0.34819552302360535,0
1741,3684,0.3498424291610718,0
542,542,0.3585321307182312,1
542,813,0.3440040946006775,0
542,3262,0.33905160427093506,0
542,1177,0.3393729031085968,0
542,3621,0.34200066328048706,0
542,2234,0.3407719135284424,0
542,34,0.33235710859298706,0
542,759,0.3432369828224182,0
542,45,0.34565114974975586,0
542,192,0.34107017517089844,0
542,2427,0.3327198624610901,0
542,2259,0.34396499395370483,0
542,65,0.3599455654621124,0
542,1396,0.35954397916793823,0
542,3943,0.3307856619358063,0
542,414,0.35115188360214233,0
542,1730,0.3382752537727356,0
542,1775,0.3345121145248413,0
542,608,0.3491910398006439,0
542,2720,0.36518579721450806,0
973,973,0.3537052273750305,1
973,3437,0.3482156991958618,0
973,852,0.37522241473197937,0
973,504,0.35239550471305847,0
973,1827,0.34592437744140625,0
973,3029,0.347468763589859,0
973,2078,0.34474751353263855,0
973,1028,0.34921690821647644,0
973,3134,0.3478492498397827,0
973,3073,0.35115745663642883,0
973,2771,0.34659942984580994,0
973,1880,0.3532543182373047,0
973,2967,0.36709409952163696,0
973,843,0.3700637221336365,0
973,2497,0.3566892147064209,0
973,921,0.3563288450241089,0
973,2257,0.34645891189575195,0
973,1640,0.4017762541770935,0
973,323,0.36241763830184937,0
973,302,0.3735429346561432,0
422,422,0.37980538606643677,1
422,4146,0.33859992027282715,0
422,151,0.35157307982444763,0
422,3814,0.3822231590747833,0
422,874,0.37202370166778564,0
422,2250,0.33906131982803345,0
422,1080,0.35983139276504517,0
422,1705,0.34288525581359863,0
422,1944,0.3532942831516266,0
422,1581,0.3464237451553345,0
422,2730,0.34805533289909363,0
422,464,0.34790700674057007,0
422,28,0.3647000193595886,0
422,1859,0.36021995544433594,0
422,3685,0.34010398387908936,0
422,3143,0.34405529499053955,0
422,52,0.347933292388916,0
422,2227,0.35671427845954895,0
422,1285,0.37596163153648376,0
422,2140,0.3391125202178955,0
1464,1464,0.38070470094680786,1
1464,3794,0.339459627866745,0
1464,317,0.35183006525039673,0
1464,3406,0.3496743440628052,0
1464,1820,0.3455642759799957,0
1464,291,0.35967665910720825,0
1464,2625,0.345284104347229,0
1464,1255,0.3413371741771698,0
1464,3038,0.35230252146720886,0
1464,3983,0.35135453939437866,0
1464,2876,0.36060646176338196,0
1464,3110,0.3462567925453186,0
1464,2426,0.34733036160469055,0
1464,728,0.34728676080703735,0
1464,1396,0.37430500984191895,0
1464,72,0.3636325001716614,0
1464,231,0.3548293113708496,0
1464,2358,0.3496781289577484,0
1464,3790,0.3484908640384674,0
1464,2302,0.3451406955718994,0
1130,1130,0.36955440044403076,1
1130,582,0.33725228905677795,0
1130,2453,0.3464096188545227,0
1130,1596,0.3494361937046051,0
1130,1795,0.34463930130004883,0
1130,2962,0.34315186738967896,0
1130,1654,0.3448755443096161,0
1130,1308,0.3369404673576355,0
1130,2622,0.34638407826423645,0
1130,1559,0.34085071086883545,0
1130,1850,0.3459463119506836,0
1130,1470,0.34124940633773804,0
1130,348,0.38018494844436646,0
1130,1883,0.35907411575317383,0
1130,3418,0.34045708179473877,0
1130,2443,0.3618122935295105,0
1130,4,0.33858156204223633,0
1130,2950,0.34837979078292847,0
1130,2146,0.34346282482147217,0
1130,3440,0.33820486068725586,0
4174,4174,0.33994102478027344,1
4174,1818,0.3679988980293274,0
4174,2772,0.34715214371681213,0
4174,2175,0.3469676971435547,0
4174,2838,0.3641122281551361,0
4174,4161,0.3464219570159912,0
4174,2646,0.34509044885635376,0
4174,1985,0.3436279296875,0
4174,2845,0.34220796823501587,0
4174,2917,0.37345707416534424,0
4174,1253,0.3406260907649994,0
4174,3130,0.3467746675014496,0
4174,739,0.3591175079345703,0
4174,2776,0.3398272693157196,0
4174,2559,0.3493436574935913,0
4174,580,0.3780721426010132,0
4174,3362,0.34622448682785034,0
4174,3116,0.36042511463165283,0
4174,3334,0.34735071659088135,0
4174,2048,0.3429974913597107,0
986,986,0.35710829496383667,1
986,588,0.36641132831573486,0
986,243,0.3548392653465271,0
986,173,0.3697623014450073,0
986,1131,0.34284543991088867,0
986,785,0.355526328086853,0
986,3760,0.3448370695114136,0
986,111,0.3674550950527191,0
986,95,0.36079177260398865,0
986,274,0.3515245318412781,0
986,674,0.3503827154636383,0
986,3010,0.37898126244544983,0
986,2480,0.3527190685272217,0
986,2948,0.35025593638420105,0
986,434,0.3675105571746826,0
986,2315,0.3675808310508728,0
986,2676,0.35383135080337524,0
986,1839,0.3607116937637329,0
986,1164,0.35619989037513733,0
986,4026,0.3568341135978699,0
2158,2158,0.3420683443546295,1
2158,1450,0.3463864028453827,0
2158,56,0.36900681257247925,0
2158,954,0.35070326924324036,0
2158,3116,0.36244329810142517,0
2158,1391,0.3499707579612732,0
2158,2318,0.4032876491546631,0
2158,2834,0.3431183695793152,0
2158,3982,0.3500276803970337,0
2158,3377,0.3428420424461365,0
2158,3848,0.33953040838241577,0
2158,2696,0.3421986997127533,0
2158,1923,0.35119155049324036,0
2158,2859,0.3502345085144043,0
2158,976,0.35102567076683044,0
2158,2355,0.3552411198616028,0
2158,2931,0.352916955947876,0
2158,77,0.3516958951950073,0
2158,2652,0.3536207675933838,0
2158,1353,0.34616631269454956,0
3204,3204,0.33523106575012207,1
3204,2521,0.33433085680007935,0
3204,1295,0.3474259674549103,0
3204,2752,0.35056158900260925,0
3204,3437,0.3460769057273865,0
3204,266,0.3415853679180145,0
3204,3269,0.343302458524704,0
3204,197,0.3426213264465332,0
3204,14,0.35313308238983154,0
3204,3858,0.3443649411201477,0
3204,3038,0.3489834666252136,0
3204,120,0.3452005982398987,0
3204,2459,0.34065011143684387,0
3204,4045,0.33967146277427673,0
3204,838,0.3718721866607666,0
3204,2658,0.3471079468727112,0
3204,3770,0.34195077419281006,0
3204,2532,0.3561367392539978,0
3204,1462,0.3499408960342407,0
3204,2875,0.3478288948535919,0
677,677,0.3396497964859009,1
677,509,0.3487786054611206,0
677,3977,0.34610891342163086,0
677,1666,0.33976468443870544,0
677,242,0.37749576568603516,0
677,3337,0.3664425015449524,0
677,2432,0.34921181201934814,0
677,3988,0.3401009440422058,0
677,3795,0.3391725718975067,0
677,87,0.35645437240600586,0
677,1482,0.34488359093666077,0
677,495,0.3501643240451813,0
677,3104,0.34696102142333984,0
677,3637,0.33739328384399414,0
677,3381,0.34692761301994324,0
677,927,0.3448801636695862,0
677,970,0.34874361753463745,0
677,3432,0.34732794761657715,0
677,2847,0.337654173374176,0
677,3191,0.3459697663784027,0
3122,3122,0.33936965465545654,1
3122,549,0.36152082681655884,0
3122,2892,0.3495723605155945,0
3122,4078,0.34433096647262573,0
3122,2924,0.3438410758972168,0
3122,227,0.33893221616744995,0
3122,2748,0.346632719039917,0
3122,103,0.35389962792396545,0
3122,2664,0.35090330243110657,0
3122,1685,0.34517520666122437,0
3122,3257,0.3607114553451538,0
3122,443,0.35890400409698486,0
3122,2293,0.34939083456993103,0
3122,1022,0.3711189031600952,0
3122,1669,0.36536821722984314,0
3122,3547,0.34710168838500977,0
3122,3649,0.34393981099128723,0
3122,85,0.36959096789360046,0
3122,2872,0.34456971287727356,0
3122,3364,0.3455909490585327,0
3672,3672,0.34984874725341797,1
3672,1919,0.3388647437095642,0
3672,2300,0.38354694843292236,0
3672,1349,0.3487232029438019,0
3672,299,0.38766613602638245,0
3672,2318,0.4289189577102661,0
3672,492,0.371135413646698,0
3672,4144,0.34978869557380676,0
3672,2616,0.3770349621772766,0
3672,958,0.35294973850250244,0
3672,1484,0.35064589977264404,0
3672,2196,0.35557618737220764,0
3672,1487,0.4226495623588562,0
3672,442,0.3465787172317505,0
3672,2852,0.3503236770629883,0
3672,3734,0.344677209854126,0
3672,178,0.3755826950073242,0
3672,208,0.3638089895248413,0
3672,2853,0.3446916937828064,0
3672,1156,0.3700176179409027,0
3890,3890,0.34654319286346436,1
3890,884,0.3462730646133423,0
3890,3842,0.36964651942253113,0
3890,2266,0.3555198013782501,0
3890,2008,0.3491799235343933,0
3890,3807,0.3528042435646057,0
3890,1815,0.36579492688179016,0
3890,1386,0.36997780203819275,0
3890,2340,0.3470025360584259,0
3890,2196,0.3563852906227112,0
3890,1361,0.34854549169540405,0
3890,165,0.3729933500289917,0
3890,3232,0.35762351751327515,0
3890,1440,0.3542039394378662,0
3890,2970,0.37347760796546936,0
3890,2056,0.3527434468269348,0
3890,988,0.3455081880092621,0
3890,3184,0.3616294264793396,0
3890,183,0.34951385855674744,0
3890,1334,0.3635929822921753,0
1415,1415,0.3570656180381775,1
1415,2878,0.3342463970184326,0
1415,1139,0.34784984588623047,0
1415,2761,0.3432546854019165,0
1415,3216,0.34174245595932007,0
1415,2569,0.343289852142334,0
1415,1613,0.335364431142807,0
1415,2714,0.34170272946357727,0
1415,3891,0.3408741056919098,0
1415,4135,0.34136244654655457,0
1415,2954,0.35277873277664185,0
1415,668,0.34459054470062256,0
1415,2101,0.3437943458557129,0
1415,2671,0.3526538610458374,0
1415,1287,0.3702496886253357,0
1415,391,0.34373903274536133,0
1415,1618,0.33900120854377747,0
1415,3829,0.3447147607803345,0
1415,3968,0.33781003952026367,0
1415,2904,0.34222209453582764,0
268,268,0.37659627199172974,1
268,298,0.3604874610900879,0
268,2353,0.3455057144165039,0
268,750,0.3530460596084595,0
268,3135,0.3555452525615692,0
268,544,0.33981043100357056,0
268,1430,0.3471248149871826,0
268,3883,0.3441564440727234,0
268,2706,0.33944082260131836,0
268,401,0.38578304648399353,0
268,656,0.38562750816345215,0
268,545,0.37948453426361084,0
268,1706,0.42467984557151794,0
268,1547,0.3712438941001892,0
268,2322,0.3512182831764221,0
268,591,0.3506828248500824,0
268,2866,0.36906710267066956,0
268,2879,0.3564237952232361,0
268,1683,0.3509678840637207,0
268,730,0.36624616384506226,0
2760,2760,0.34582003951072693,1
2760,1107,0.3576745390892029,0
2760,2493,0.34294164180755615,0
2760,1909,0.3505684435367584,0
2760,2831,0.3442615270614624,0
2760,2046,0.34959930181503296,0
2760,1839,0.3546869456768036,0
2760,220,0.3422749638557434,0
2760,687,0.3558506369590759,0
2760,8,0.3493986129760742,0
2760,726,0.34245336055755615,0
2760,3275,0.35271409153938293,0
2760,573,0.36033257842063904,0
2760,3029,0.34594786167144775,0
2760,3222,0.3470674753189087,0
2760,1187,0.3443189859390259,0
2760,4103,0.3472343683242798,0
2760,3218,0.3504466414451599,0
2760,531,0.34656086564064026,0
2760,176,0.35994333028793335,0
2395,2395,0.3558589220046997,1
2395,2629,0.3468645215034485,0
2395,1044,0.36480632424354553,0
2395,2385,0.3378966152667999,0
2395,3922,0.3456763029098511,0
2395,3511,0.3438740670681,0
2395,4047,0.33905327320098877,0
2395,1414,0.3385516405105591,0
2395,1250,0.3490985929965973,0
2395,2437,0.3372696340084076,0
2395,394,0.3639887571334839,0
2395,2241,0.3390980064868927,0
2395,2703,0.34457260370254517,0
2395,4139,0.34023046493530273,0
2395,81,0.35181814432144165,0
2395,2215,0.34897148609161377,0
2395,2876,0.35531216859817505,0
2395,3423,0.3429291844367981,0
2395,2391,0.3410757780075073,0
2395,448,0.3590036630630493,0
254,254,0.3419378399848938,1
254,1651,0.35280442237854004,0
254,492,0.3582266867160797,0
254,2970,0.3649561107158661,0
254,3325,0.33965861797332764,0
254,474,0.34370672702789307,0
254,2118,0.3451695740222931,0
254,1669,0.36026641726493835,0
254,3306,0.35788190364837646,0
254,3600,0.3428269922733307,0
254,3662,0.3455553948879242,0
254,1402,0.34895214438438416,0
254,2588,0.34103792905807495,0
254,432,0.3529093861579895,0
254,2352,0.34775683283805847,0
254,469,0.34245380759239197,0
254,3399,0.3383750915527344,0
254,1717,0.34796756505966187,0
254,3769,0.3367275297641754,0
254,2814,0.34517163038253784,0
641,641,0.36213845014572144,1
641,301,0.35335731506347656,0
641,955,0.3392510414123535,0
641,2033,0.387189120054245,0
641,4056,0.34162962436676025,0
641,3046,0.3464301824569702,0
641,148,0.345126211643219,0
641,57,0.33986014127731323,0
641,2736,0.3397037088871002,0
641,885,0.36433812975883484,0
641,2905,0.35098451375961304,0
641,3320,0.36659741401672363,0
641,3371,0.35205453634262085,0
641,1682,0.34480130672454834,0
641,3883,0.33957213163375854,0
641,2639,0.36323609948158264,0
641,2183,0.3353845775127411,0
641,582,0.3368249535560608,0
641,2215,0.34865713119506836,0
641,3216,0.34290504455566406,0
2116,2116,0.3787643313407898,1
2116,3066,0.3599245250225067,0
2116,160,0.35463160276412964,0
2116,2964,0.3500927984714508,0
2116,1063,0.34114325046539307,0
2116,1268,0.34677308797836304,0
2116,1715,0.3542209565639496,0
2116,1442,0.36398452520370483,0
2116,2892,0.35035258531570435,0
2116,3117,0.3479040265083313,0
2116,1084,0.3624933958053589,0
2116,3275,0.356192022562027,0
2116,3096,0.3511340618133545,0
2116,2976,0.36587148904800415,0
2116,539,0.34096741676330566,0
2116,3858,0.34975719451904297,0
2116,2640,0.3450669050216675,0
2116,3886,0.3506268858909607,0
2116,1516,0.3689678907394409,0
2116,2130,0.3722802996635437,0
3649,3649,0.3382323682308197,1
3649,1850,0.3432411551475525,0
3649,1849,0.33265823125839233,0
3649,3188,0.3418523669242859,0
3649,2884,0.34108972549438477,0
3649,1499,0.3437066674232483,0
3649,3400,0.3485284447669983,0
3649,1000,0.36289626359939575,0
3649,1836,0.3600335121154785,0
3649,3245,0.34536683559417725,0
3649,171,0.37395066022872925,0
3649,1100,0.34260061383247375,0
3649,3392,0.3371737599372864,0
3649,2033,0.3871825039386749,0
3649,2056,0.34381985664367676,0
3649,4136,0.34806808829307556,0
3649,3149,0.34566617012023926,0
3649,3518,0.34129267930984497,0
3649,60,0.34371674060821533,0
3649,90,0.37189462780952454,0
547,547,0.35433685779571533,1
547,2253,0.3399135172367096,0
547,4106,0.3418067395687103,0
547,2419,0.3383253812789917,0
547,2445,0.34950345754623413,0
547,4057,0.3344772458076477,0
547,575,0.36331507563591003,0
547,2415,0.36000537872314453,0
547,4116,0.3445427417755127,0
547,1819,0.3666537404060364,0
547,1760,0.3463922142982483,0
547,1893,0.3455914855003357,0
547,602,0.3540537655353546,0
547,2609,0.34035351872444153,0
547,1687,0.34006983041763306,0
547,2693,0.3469058573246002,0
547,1680,0.36651116609573364,0
547,1000,0.3663325309753418,0
547,18,0.35207507014274597,0
547,1803,0.3421597182750702,0
282,282,0.3720741868019104,1
282,2119,0.35248997807502747,0
282,2679,0.35670462250709534,0
282,76,0.37895023822784424,0
282,2120,0.37582463026046753,0
282,99,0.37537333369255066,0
282,2929,0.3427428603172302,0
282,2964,0.35133692622184753,0
282,1699,0.34634730219841003,0
282,618,0.34968921542167664,0
282,2296,0.35381239652633667,0
282,1532,0.42362719774246216,0
282,456,0.35399192571640015,0
282,911,0.3575000762939453,0
282,3654,0.3712637424468994,0
282,2241,0.34650087356567383,0
282,2886,0.34638887643814087,0
282,943,0.3580710291862488,0
282,4035,0.3639005720615387,0
282,2188,0.419779896736145,0
3657,3657,0.33960360288619995,1
3657,2748,0.341158926486969,0
3657,2081,0.3399685025215149,0
3657,2476,0.3547075390815735,0
3657,2463,0.33383700251579285,0
3657,3752,0.3402389883995056,0
3657,1355,0.3441409766674042,0
3657,890,0.346065878868103,0
3657,102,0.36901721358299255,0
3657,3042,0.3598344922065735,0
3657,3051,0.3403173089027405,0
3657,3471,0.34593838453292847,0
3657,1424,0.36821115016937256,0
3657,3582,0.3370741009712219,0
3657,3441,0.35466283559799194,0
3657,3854,0.3357207179069519,0
3657,3171,0.34138137102127075,0
3657,902,0.3671383559703827,0
3657,407,0.3373503088951111,0
3657,1679,0.3449890613555908,0
2802,2802,0.3341553807258606,1
2802,2664,0.3426181375980377,0
2802,720,0.3370734453201294,0
2802,2714,0.3403695225715637,0
2802,3703,0.32882311940193176,0
2802,3107,0.33113521337509155,0
2802,2534,0.3351641893386841,0
2802,3083,0.34004631638526917,0
2802,696,0.3927445411682129,0
2802,2056,0.3413802981376648,0
2802,2416,0.33976101875305176,0
2802,381,0.35889777541160583,0
2802,617,0.33753344416618347,0
2802,1232,0.35426366329193115,0
2802,3684,0.3398750424385071,0
2802,3294,0.3354802131652832,0
2802,3767,0.3396547734737396,0
2802,2848,0.3390079140663147,0
2802,1462,0.3448924124240875,0
2802,989,0.34652888774871826,0
2675,2675,0.3920292854309082,1
2675,1243,0.36012229323387146,0
2675,2298,0.37734487652778625,0
2675,2914,0.3614506721496582,0
2675,395,0.359378457069397,0
2675,936,0.3878215253353119,0
2675,2694,0.34794294834136963,0
2675,1424,0.37777817249298096,0
2675,35,0.36561208963394165,0
2675,141,0.3525800108909607,0
2675,1802,0.35423627495765686,0
2675,414,0.3636680245399475,0
2675,185,0.374971479177475,0
2675,3084,0.35445788502693176,0
2675,712,0.37691575288772583,0
2675,2657,0.3417489528656006,0
2675,870,0.35996514558792114,0
2675,1840,0.37888234853744507,0
2675,1486,0.3444410264492035,0
2675,1161,0.35160762071609497,0
517,517,0.36821508407592773,1
517,3376,0.34109795093536377,0
517,1137,0.34465324878692627,0
517,832,0.3367242217063904,0
517,3431,0.34780922532081604,0
517,95,0.3527521789073944,0
517,54,0.34594079852104187,0
517,2199,0.33955928683280945,0
517,1055,0.34014636278152466,0
517,1891,0.33921143412590027,0
517,479,0.36551928520202637,0
517,836,0.35929006338119507,0
517,460,0.35623693466186523,0
517,3178,0.34058600664138794,0
517,3869,0.3461616635322571,0
517,4165,0.34418076276779175,0
517,3418,0.33924126625061035,0
517,68,0.3536818325519562,0
517,4030,0.3359878659248352,0
517,3328,0.34327417612075806,0
3561,3561,0.3539424538612366,1
3561,3927,0.3617945611476898,0
3561,1392,0.35138437151908875,0
3561,1499,0.3581776022911072,0
3561,280,0.3485832214355469,0
3561,3350,0.36793118715286255,0
3561,496,0.36899685859680176,0
3561,3591,0.35040032863616943,0
3561,2379,0.3720577657222748,0
3561,1316,0.3501006066799164,0
3561,2479,0.367342472076416,0
3561,2629,0.3607403337955475,0
3561,2546,0.3703443706035614,0
3561,3808,0.3599991500377655,0
3561,1440,0.3583013117313385,0
3561,1646,0.35638242959976196,0
3561,3121,0.35598719120025635,0
3561,2551,0.3495454788208008,0
3561,969,0.3776918053627014,0
3561,2671,0.3675583600997925,0
2404,2404,0.3558097779750824,1
2404,987,0.3559904992580414,0
2404,416,0.35241732001304626,0
2404,327,0.339263379573822,0
2404,2614,0.3568574786186218,0
2404,3983,0.3558114171028137,0
2404,2616,0.37897491455078125,0
2404,1721,0.34254395961761475,0
2404,915,0.354251503944397,0
2404,3731,0.3520229458808899,0
2404,1366,0.3651945888996124,0
2404,1273,0.35992252826690674,0
2404,1630,0.3549776077270508,0
2404,2924,0.34768086671829224,0
2404,2745,0.3494102954864502,0
2404,3903,0.3470374345779419,0
2404,763,0.3838878273963928,0
2404,2221,0.3501729667186737,0
2404,1823,0.34610313177108765,0
2404,4148,0.34419751167297363,0
3873,3873,0.35205045342445374,1
3873,3545,0.34323322772979736,0
3873,1468,0.3527442216873169,0
3873,3090,0.3478356897830963,0
3873,4115,0.3377923369407654,0
3873,3283,0.34139424562454224,0
3873,2902,0.35681474208831787,0
3873,2742,0.3639160990715027,0
3873,3081,0.34027522802352905,0
3873,179,0.3469909429550171,0
3873,1888,0.3475711941719055,0
3873,1211,0.34863221645355225,0
3873,1578,0.34443143010139465,0
3873,790,0.3511177599430084,0
3873,2918,0.3503371775150299,0
3873,3616,0.3451113700866699,0
3873,232,0.36220669746398926,0
3873,244,0.3676287829875946,0
3873,2986,0.36651188135147095,0
3873,3049,0.3472660481929779,0
2687,2687,0.35014551877975464,1
2687,3954,0.3502148389816284,0
2687,2866,0.37637338042259216,0
2687,2944,0.34473103284835815,0
2687,867,0.35876089334487915,0
2687,1766,0.3639231324195862,0
2687,2921,0.3582316040992737,0
2687,690,0.37518802285194397,0
2687,179,0.35437023639678955,0
2687,3385,0.34920868277549744,0
2687,827,0.3704642951488495,0
2687,639,0.3964069187641144,0
2687,1851,0.35164177417755127,0
2687,447,0.4041205048561096,0
2687,122,0.37769442796707153,0
2687,1680,0.38622552156448364,0
2687,3916,0.3564457595348358,0
2687,4064,0.3597695529460907,0
2687,494,0.35135653614997864,0
2687,3751,0.3458698093891144,0
1606,1606,0.3575018644332886,1
1606,2791,0.3651989698410034,0
1606,3294,0.35311710834503174,0
1606,1474,0.3617781400680542,0
1606,3354,0.36363524198532104,0
1606,1590,0.35838353633880615,0
1606,224,0.3753231167793274,0
1606,3204,0.34913668036460876,0
1606,2115,0.3542776107788086,0
1606,164,0.37494170665740967,0
1606,631,0.36106956005096436,0
1606,3017,0.37269628047943115,0
1606,1791,0.36152857542037964,0
1606,118,0.3620492219924927,0
1606,1202,0.3782501220703125,0
1606,3393,0.3661486804485321,0
1606,1055,0.3569098114967346,0
1606,2376,0.38215166330337524,0
1606,1555,0.36068272590637207,0
1606,4171,0.35179194808006287,0
302,302,0.3715279698371887,1
302,1372,0.35010015964508057,0
302,112,0.34659749269485474,0
302,1373,0.342475026845932,0
302,4070,0.3483988642692566,0
302,381,0.36454519629478455,0
302,2684,0.351305216550827,0
302,659,0.337679386138916,0
302,3088,0.34126102924346924,0
302,224,0.36107295751571655,0
302,1807,0.3630636930465698,0
302,561,0.3416844606399536,0
302,2759,0.3434699475765228,0
302,634,0.34496498107910156,0
302,4114,0.33902251720428467,0
302,2127,0.34254103899002075,0
302,3678,0.3422129452228546,0
302,2781,0.3448094129562378,0
302,114,0.36556923389434814,0
302,2011,0.35152050852775574,0
1755,1755,0.33627527952194214,1
1755,2895,0.34206730127334595,0
1755,4117,0.3371392488479614,0
1755,2827,0.34006643295288086,0
1755,122,0.36270201206207275,0
1755,3399,0.34128445386886597,0
1755,840,0.35349783301353455,0
1755,3849,0.3473881483078003,0
1755,2318,0.4003731608390808,0
1755,788,0.3528718054294586,0
1755,1137,0.34856367111206055,0
1755,3511,0.34504786133766174,0
1755,1344,0.3451541066169739,0
1755,2088,0.37538474798202515,0
1755,2129,0.35028916597366333,0
1755,424,0.3707530200481415,0
1755,3962,0.3438149094581604,0
1755,3704,0.3386843204498291,0
1755,2029,0.3534722328186035,0
1755,3460,0.3549063801765442,0
2784,2784,0.35134410858154297,1
2784,3577,0.3519059419631958,0
2784,3541,0.3450039029121399,0
2784,3278,0.3483104705810547,0
2784,2704,0.36644071340560913,0
2784,3611,0.34533146023750305,0
2784,28,0.3658333420753479,0
2784,3782,0.35693633556365967,0
2784,3086,0.3473203182220459,0
2784,1306,0.3652808666229248,0
2784,2366,0.36105576157569885,0
2784,4007,0.3386555314064026,0
2784,492,0.367390513420105,0
2784,2615,0.34828588366508484,0
2784,2715,0.34910744428634644,0
2784,1100,0.35194283723831177,0
2784,3732,0.3465694785118103,0
2784,1520,0.3782099485397339,0
2784,3579,0.3460613191127777,0
2784,1517,0.36324089765548706,0
127,127,0.3429604768753052,1
127,3179,0.34781503677368164,0
127,2958,0.3513416051864624,0
127,2534,0.34323060512542725,0
127,3288,0.3511546552181244,0
127,3822,0.34316691756248474,0
127,2878,0.33935320377349854,0
127,1802,0.3499491810798645,0
127,3644,0.35394051671028137,0
127,3598,0.35467976331710815,0
127,4038,0.34488141536712646,0
127,1377,0.3482424318790436,0
127,3377,0.342013955116272,0
127,2721,0.3486497402191162,0
127,4135,0.34807199239730835,0
127,1417,0.3423735797405243,0
127,3408,0.34902721643447876,0
127,2851,0.3454212546348572,0
127,713,0.36454516649246216,0
127,3550,0.3510218560695648,0
1087,1087,0.3462613821029663,1
1087,1534,0.35715749859809875,0
1087,673,0.3432345986366272,0
1087,268,0.36666175723075867,0
1087,881,0.3554490804672241,0
1087,2287,0.34705087542533875,0
1087,396,0.3553357720375061,0
1087,2439,0.34770581126213074,0
1087,539,0.33914119005203247,0
1087,2691,0.3513913154602051,0
1087,431,0.345612496137619,0
1087,3193,0.34606993198394775,0
1087,4132,0.35128259658813477,0
1087,2194,0.3484243154525757,0
1087,2613,0.34488847851753235,0
1087,466,0.3681124448776245,0
1087,552,0.3513145446777344,0
1087,3689,0.3377492129802704,0
1087,3739,0.36798813939094543,0
1087,3404,0.3632466793060303,0
34,34,0.3383110761642456,1
34,3874,0.3529336452484131,0
34,1015,0.3518799841403961,0
34,3445,0.34477734565734863,0
34,3820,0.3574705421924591,0
34,3061,0.37713348865509033,0
34,1882,0.3454499840736389,0
34,2818,0.3462125360965729,0
34,2262,0.3768155574798584,0
34,2003,0.3415262699127197,0
34,3515,0.34861326217651367,0
34,995,0.345517098903656,0
34,1881,0.365436315536499,0
34,1199,0.34946125745773315,0
34,1336,0.34756818413734436,0
34,648,0.36192846298217773,0
34,3157,0.3472902774810791,0
34,3618,0.3482576608657837,0
34,3462,0.34536266326904297,0
34,954,0.3514130413532257,0
1043,1043,0.34622594714164734,1
1043,2254,0.34470057487487793,0
1043,3869,0.34716349840164185,0
1043,1282,0.37215882539749146,0
1043,187,0.351280152797699,0
1043,2252,0.34763479232788086,0
1043,2321,0.3593951165676117,0
1043,2889,0.3367576599121094,0
1043,2310,0.33936503529548645,0
1043,365,0.3418585956096649,0
1043,1323,0.3416234850883484,0
1043,2781,0.34281614422798157,0
1043,906,0.3559523820877075,0
1043,2971,0.34037670493125916,0
1043,3512,0.34148672223091125,0
1043,1607,0.3377573490142822,0
1043,1066,0.3595839738845825,0
1043,3740,0.3479177951812744,0
1043,1901,0.3538879156112671,0
1043,146,0.3610369563102722,0
1482,1482,0.3530723750591278,1
1482,2120,0.37122389674186707,0
1482,1128,0.3503773510456085,0
1482,1126,0.3485422730445862,0
1482,387,0.3742689788341522,0
1482,1333,0.3529115915298462,0
1482,2164,0.3490605056285858,0
1482,3118,0.34941500425338745,0
1482,1801,0.35520023107528687,0
1482,885,0.37359488010406494,0
1482,1866,0.35372835397720337,0
1482,1663,0.4087218642234802,0
1482,2662,0.3496452569961548,0
1482,1561,0.36829042434692383,0
1482,4075,0.3533693552017212,0
1482,346,0.36888647079467773,0
1482,3941,0.382969468832016,0
1482,3998,0.36054134368896484,0
1482,1492,0.3700501024723053,0
1482,3651,0.3564792275428772,0
2680,2680,0.3498517572879791,1
2680,3769,0.3371073007583618,0
2680,1980,0.3362075686454773,0
2680,1117,0.3903771638870239,0
2680,3082,0.36969438195228577,0
2680,1539,0.4204898476600647,0
2680,3120,0.3440564274787903,0
2680,3782,0.35025250911712646,0
2680,2907,0.33484721183776855,0
2680,1159,0.36660823225975037,0
2680,1589,0.356496661901474,0
2680,4085,0.3532196879386902,0
2680,3872,0.3435627222061157,0
2680,3069,0.3396454453468323,0
2680,1854,0.34290698170661926,0
2680,2164,0.33764639496803284,0
2680,1625,0.3328089118003845,0
2680,3293,0.3407219350337982,0
2680,1915,0.35989391803741455,0
2680,568,0.37447893619537354,0
1917,1917,0.346587210893631,1
1917,279,0.35230422019958496,0
1917,3400,0.35632336139678955,0
1917,3326,0.3611227869987488,0
1917,2479,0.36058375239372253,0
1917,183,0.3476647734642029,0
1917,1615,0.3436027765274048,0
1917,4113,0.3485979735851288,0
1917,3719,0.34930482506752014,0
1917,2897,0.35540246963500977,0
1917,1459,0.3576616048812866,0
1917,663,0.3501923382282257,0
1917,4042,0.34593409299850464,0
1917,3204,0.34132689237594604,0
1917,1118,0.3759240508079529,0
1917,289,0.3518466353416443,0
1917,1164,0.3560830056667328,0
1917,2461,0.34438908100128174,0
1917,609,0.3637706935405731,0
1917,469,0.35059237480163574,0
1697,1697,0.34861111640930176,1
1697,1887,0.35343503952026367,0
1697,2635,0.3487444221973419,0
1697,4130,0.34859442710876465,0
1697,1714,0.34867241978645325,0
1697,620,0.3432046175003052,0
1697,2479,0.3567518889904022,0
1697,135,0.3681599497795105,0
1697,493,0.35183149576187134,0
1697,84,0.36829492449760437,0
1697,3973,0.3522179126739502,0
1697,1953,0.34007948637008667,0
1697,1149,0.39856988191604614,0
1697,2038,0.3483315408229828,0
1697,3004,0.3428269624710083,0
1697,1238,0.3430710434913635,0
1697,833,0.3744697570800781,0
1697,3845,0.3432987630367279,0
1697,4167,0.34043484926223755,0
1697,1700,0.35104402899742126,0
1772,1772,0.3458363711833954,1
1772,2909,0.3545340895652771,0
1772,2959,0.3520489037036896,0
1772,285,0.3516339957714081,0
1772,534,0.36936327815055847,0
1772,717,0.35172039270401,0
1772,3523,0.3430998921394348,0
1772,1143,0.3620019555091858,0
1772,1438,0.36719587445259094,0
1772,554,0.3576775789260864,0
1772,2076,0.3449476957321167,0
1772,2935,0.3547172546386719,0
1772,2210,0.3416271507740021,0
1772,335,0.3797076344490051,0
1772,1377,0.3530389070510864,0
1772,443,0.3638576865196228,0
1772,334,0.3612020015716553,0
1772,254,0.3502379357814789,0
1772,1077,0.35097843408584595,0
1772,603,0.3661562204360962,0
3336,3336,0.3369654417037964,1
3336,69,0.37428468465805054,0
3336,3873,0.35033056139945984,0
3336,2539,0.39108768105506897,0
3336,3267,0.36787891387939453,0
3336,1103,0.3425140976905823,0
3336,3051,0.34491291642189026,0
3336,2485,0.37323227524757385,0
3336,1573,0.3363799750804901,0
3336,4101,0.34468936920166016,0
3336,3727,0.3573259711265564,0
3336,4092,0.3445436656475067,0
3336,579,0.37897926568984985,0
3336,3224,0.3460913896560669,0
3336,2458,0.3372085690498352,0
3336,1704,0.41959089040756226,0
3336,2565,0.34538909792900085,0
3336,3772,0.3404839038848877,0
3336,3064,0.33661383390426636,0
3336,1929,0.3419549763202667,0
503,503,0.34447813034057617,1
503,564,0.3472650945186615,0
503,2890,0.3502355217933655,0
503,3573,0.3454321622848511,0
503,635,0.3402656614780426,0
503,128,0.3433011770248413,0
503,2280,0.35137683153152466,0
503,3750,0.35485178232192993,0
503,1264,0.3388683795928955,0
503,329,0.35305100679397583,0
503,1880,0.35292068123817444,0
503,1958,0.3411889970302582,0
503,1327,0.36077356338500977,0
503,703,0.3512410521507263,0
503,419,0.3486441373825073,0
503,3241,0.3374166190624237,0
503,2523,0.34735551476478577,0
503,3653,0.34486865997314453,0
503,66,0.34654828906059265,0
503,2871,0.37379616498947144,0
810,810,0.34257882833480835,1
810,3104,0.35495173931121826,0
810,1902,0.3491096496582031,0
810,1082,0.3807482123374939,0
810,2524,0.35295915603637695,0
810,3881,0.3559158742427826,0
810,1227,0.3668292760848999,0
810,715,0.3671095073223114,0
810,3734,0.34698736667633057,0
810,2123,0.35563957691192627,0
810,1497,0.35732144117355347,0
810,2908,0.35131123661994934,0
810,1996,0.36138683557510376,0
810,2866,0.37452268600463867,0
810,2845,0.34698686003685,0
810,28,0.3730311989784241,0
810,3703,0.34048163890838623,0
810,915,0.35505837202072144,0
810,4022,0.35339653491973877,0
810,823,0.35460036993026733,0
101,101,0.3389740586280823,1
101,1569,0.3447074294090271,0
101,1568,0.3432926535606384,0
101,2748,0.34599190950393677,0
101,2066,0.35294270515441895,0
101,3809,0.3456113040447235,0
101,627,0.3970872163772583,0
101,284,0.3700440526008606,0
101,1638,0.35433417558670044,0
101,1920,0.362937331199646,0
101,2508,0.3515251576900482,0
101,1208,0.3476153612136841,0
101,4067,0.3437051475048065,0
101,1460,0.3449564576148987,0
101,2815,0.3534472584724426,0
101,2408,0.3420764207839966,0
101,2335,0.380317360162735,0
101,1580,0.34825584292411804,0
101,954,0.34780794382095337,0
101,3487,0.3464897871017456,0
537,537,0.36143654584884644,1
537,1040,0.34729188680648804,0
537,3306,0.3646339178085327,0
537,1146,0.3505406975746155,0
537,2295,0.3453041911125183,0
537,824,0.35342147946357727,0
537,1486,0.34265321493148804,0
537,3372,0.35018235445022583,0
537,3254,0.34952908754348755,0
537,2439,0.3493594527244568,0
537,1332,0.3458659052848816,0
537,2592,0.34966927766799927,0
537,2986,0.368889182806015,0
537,3253,0.3451489806175232,0
537,1891,0.344642698764801,0
537,4124,0.3492891788482666,0
537,3655,0.3496747612953186,0
537,77,0.3510426878929138,0
537,2454,0.37231722474098206,0
537,580,0.3804691433906555,0
2138,2138,0.3807358741760254,1
2138,1447,0.37370771169662476,0
2138,857,0.36371910572052,0
2138,1611,0.36218440532684326,0
2138,909,0.3628215193748474,0
2138,1678,0.341869592666626,0
2138,3131,0.3570861220359802,0
2138,2798,0.35862022638320923,0
2138,2684,0.35447487235069275,0
2138,1384,0.3464882969856262,0
2138,670,0.34850114583969116,0
2138,3373,0.34802737832069397,0
2138,3833,0.352009654045105,0
2138,574,0.3671988248825073,0
2138,3538,0.35114866495132446,0
2138,106,0.3464338779449463,0
2138,2552,0.39501553773880005,0
2138,3222,0.35100340843200684,0
2138,1576,0.37299489974975586,0
2138,1876,0.3512619435787201,0
3760,3760,0.3421373963356018,1
3760,1430,0.3467353582382202,0
3760,2375,0.4237930178642273,0
3760,1465,0.35516732931137085,0
3760,1647,0.36029052734375,0
3760,891,0.3864585757255554,0
3760,3489,0.34502261877059937,0
3760,3177,0.34476977586746216,0
3760,142,0.35485315322875977,0
3760,3581,0.3496953845024109,0
3760,2767,0.34718602895736694,0
3760,2336,0.36588913202285767,0
3760,3408,0.34822148084640503,0
3760,307,0.3714871406555176,0
3760,3171,0.34791839122772217,0
3760,3660,0.35394537448883057,0
3760,3382,0.3409958779811859,0
3760,288,0.366532564163208,0
3760,2309,0.35079139471054077,0
3760,562,0.3774752616882324,0
1779,1779,0.3598542809486389,1
1779,3480,0.3391213119029999,0
1779,1970,0.37452375888824463,0
1779,2804,0.3418702185153961,0
1779,1130,0.36448055505752563,0
1779,1484,0.34725943207740784,0
1779,373,0.3500627279281616,0
1779,3889,0.34167397022247314,0
1779,942,0.3457590341567993,0
1779,208,0.35502806305885315,0
1779,3659,0.345294326543808,0
1779,1862,0.3416319489479065,0
1779,4002,0.3486182689666748,0
1779,1694,0.34643757343292236,0
1779,3278,0.3440103530883789,0
1779,156,0.37513458728790283,0
1779,2219,0.34807318449020386,0
1779,3095,0.3479224741458893,0
1779,1528,0.3491218686103821,0
1779,940,0.35822367668151855,0
4139,4139,0.3486790060997009,1
4139,4044,0.348741352558136,0
4139,1994,0.35444891452789307,0
4139,2473,0.3940964341163635,0
4139,2948,0.35270631313323975,0
4139,875,0.347933292388916,0
4139,1324,0.3642956614494324,0
4139,278,0.3899354338645935,0
4139,1921,0.3545740842819214,0
4139,2044,0.3527544438838959,0
4139,328,0.3828922510147095,0
4139,2425,0.38227516412734985,0
4139,4153,0.3621717095375061,0
4139,3173,0.3504078984260559,0
4139,4010,0.3542026877403259,0
4139,996,0.35098618268966675,0
4139,1221,0.3621770143508911,0
4139,2163,0.3543408513069153,0
4139,2551,0.3444095849990845,0
4139,3820,0.36033156514167786,0
1607,1607,0.33910679817199707,1
1607,2039,0.3400336503982544,0
1607,1107,0.3557204008102417,0
1607,3556,0.33893758058547974,0
1607,3744,0.33811819553375244,0
1607,3326,0.3555988669395447,0
1607,1764,0.3484284281730652,0
1607,2081,0.3428928852081299,0
1607,737,0.36109358072280884,0
1607,3783,0.3461313247680664,0
1607,931,0.3703410029411316,0
1607,1248,0.34419333934783936,0
1607,1780,0.3423495292663574,0
1607,3684,0.34448373317718506,0
1607,4090,0.33776575326919556,0
1607,2421,0.34057071805000305,0
1607,2931,0.3484107553958893,0
1607,3067,0.34486639499664307,0
1607,3892,0.34182193875312805,0
1607,264,0.36799919605255127,0
3689,3689,0.3389698266983032,1
3689,2194,0.34917834401130676,0
3689,1958,0.3425080180168152,0
3689,1304,0.34611448645591736,0
3689,1985,0.34512799978256226,0
3689,2043,0.3441789746284485,0
3689,457,0.3518030047416687,0
3689,3463,0.34295204281806946,0
3689,3010,0.376855731010437,0
3689,2342,0.3477094769477844,0
3689,2658,0.3506188988685608,0
3689,1082,0.36600273847579956,0
3689,1128,0.344989150762558,0
3689,3900,0.34047532081604004,0
3689,1203,0.34683799743652344,0
3689,3315,0.3496769666671753,0
3689,2975,0.3406274616718292,0
3689,2583,0.3517341613769531,0
3689,2330,0.36090511083602905,0
3689,2616,0.3664817214012146,0
2382,2382,0.3657951056957245,1
2382,3546,0.3528628945350647,0
2382,1266,0.3577384948730469,0
2382,1190,0.35451579093933105,0
2382,3189,0.35013189911842346,0
2382,1256,0.3447772264480591,0
2382,2711,0.36371558904647827,0
2382,643,0.37487006187438965,0
2382,3805,0.3635704517364502,0
2382,1871,0.3699168562889099,0
2382,410,0.3673250377178192,0
2382,135,0.3725026845932007,0
2382,3176,0.3472052216529846,0
2382,4061,0.35240989923477173,0
2382,2633,0.3458230197429657,0
2382,3593,0.3495987057685852,0
2382,2557,0.35605788230895996,0
2382,667,0.3797881603240967,0
2382,3378,0.35640978813171387,0
2382,3569,0.3523145914077759,0
623,623,0.3454706072807312,1
623,854,0.3756684362888336,0
623,427,0.3773653209209442,0
623,4131,0.3450712561607361,0
623,3852,0.3530992269515991,0
623,3487,0.34597569704055786,0
623,2198,0.3431595265865326,0
623,1079,0.3778305649757385,0
623,3582,0.34116727113723755,0
623,3670,0.34949791431427,0
623,2338,0.34316378831863403,0
623,3150,0.3388337790966034,0
623,1494,0.3466089963912964,0
623,3570,0.34033048152923584,0
623,63,0.37496837973594666,0
623,1873,0.3321879208087921,0
623,838,0.37956076860427856,0
623,1740,0.34302693605422974,0
623,1862,0.3399071991443634,0
623,512,0.36975759267807007,0
2612,2612,0.35333243012428284,1
2612,1527,0.3701120615005493,0
2612,393,0.3694167733192444,0
2612,548,0.3598775267601013,0
2612,146,0.3697427809238434,0
2612,2478,0.35848531126976013,0
2612,1855,0.3530540466308594,0
2612,1502,0.3533419668674469,0
2612,1376,0.3730754256248474,0
2612,3444,0.3471497595310211,0
2612,1685,0.3486940562725067,0
2612,104,0.377460777759552,0
2612,734,0.3649406135082245,0
2612,2073,0.37810617685317993,0
2612,440,0.36013907194137573,0
2612,2260,0.3569539785385132,0
2612,3107,0.3425025939941406,0
2612,2442,0.3628087043762207,0
2612,3647,0.3495576083660126,0
2612,2654,0.34839215874671936,0
3185,3185,0.34936243295669556,1
3185,3027,0.35114961862564087,0
3185,3425,0.34973472356796265,0
3185,2444,0.34789231419563293,0
3185,1067,0.35327503085136414,0
3185,3735,0.350480854511261,0
3185,1942,0.34588873386383057,0
3185,2424,0.34904927015304565,0
3185,533,0.38444483280181885,0
3185,3169,0.34647637605667114,0
3185,3720,0.35026901960372925,0
3185,1218,0.35182344913482666,0
3185,3579,0.3466634154319763,0
3185,2703,0.3535371422767639,0
3185,1496,0.3564468026161194,0
3185,811,0.3715328574180603,0
3185,2861,0.3519940972328186,0
3185,3268,0.34930479526519775,0
3185,565,0.3470228314399719,0
3185,4133,0.3470227122306824,0
3123,3123,0.3467075824737549,1
3123,3479,0.347506582736969,0
3123,1360,0.37315014004707336,0
3123,898,0.3588460683822632,0
3123,1167,0.3538225293159485,0
3123,55,0.3567710518836975,0
3123,2088,0.3774358630180359,0
3123,1686,0.3500719666481018,0
3123,1298,0.36642035841941833,0
3123,1404,0.35104900598526,0
3123,2395,0.3572377562522888,0
3123,3,0.34448835253715515,0
3123,3122,0.3401000499725342,0
3123,3311,0.34713608026504517,0
3123,2070,0.34994930028915405,0
3123,1929,0.34357500076293945,0
3123,3505,0.34624695777893066,0
3123,1700,0.35385680198669434,0
3123,2975,0.3391849100589752,0
3123,593,0.34566909074783325,0
1202,1202,0.36566978693008423,1
1202,1172,0.34996527433395386,0
1202,4131,0.34606432914733887,0
1202,2089,0.34729987382888794,0
1202,2639,0.36611610651016235,0
1202,562,0.36820894479751587,0
1202,3701,0.342747300863266,0
1202,964,0.35626110434532166,0
1202,1959,0.3439299464225769,0
1202,2419,0.33960863947868347,0
1202,2295,0.3436516225337982,0
1202,454,0.3528769612312317,0
1202,3446,0.3389599919319153,0
1202,151,0.3513911962509155,0
1202,916,0.3764786124229431,0
1202,3106,0.3760874271392822,0
1202,4176,0.3445441722869873,0
1202,3700,0.3428536653518677,0
1202,3610,0.3483635485172272,0
1202,1361,0.343451589345932,0
710,710,0.34898990392684937,1
710,923,0.3503282070159912,0
710,3701,0.3442275822162628,0
710,1600,0.3493953347206116,0
710,1060,0.3539240062236786,0
710,2180,0.3382059335708618,0
710,1505,0.3749937415122986,0
710,2339,0.35181260108947754,0
710,3944,0.34722673892974854,0
710,1954,0.36332860589027405,0
710,656,0.37519097328186035,0
710,1050,0.3585532307624817,0
710,3260,0.3536056876182556,0
710,2621,0.34776055812835693,0
710,3230,0.3474086821079254,0
710,2510,0.3831644058227539,0
710,1819,0.3693687319755554,0
710,414,0.3570946753025055,0
710,1511,0.3496195077896118,0
710,643,0.37109076976776123,0
977,977,0.36391395330429077,1
977,3310,0.3836592435836792,0
977,3156,0.3509765863418579,0
977,1587,0.34687918424606323,0
977,1042,0.3499208390712738,0
977,847,0.3440297245979309,0
977,2886,0.3452414870262146,0
977,1110,0.3428288400173187,0
977,1081,0.3841010630130768,0
977,1967,0.36931753158569336,0
977,3989,0.34571024775505066,0
977,2648,0.3535708785057068,0
977,3348,0.34930330514907837,0
977,771,0.41486307978630066,0
977,3620,0.3490397334098816,0
977,588,0.3701821565628052,0
977,2289,0.3496798872947693,0
977,3164,0.35744786262512207,0
977,2463,0.3399239778518677,0
977,2709,0.3435000479221344,0
2895,2895,0.34115496277809143,1
2895,3470,0.33960360288619995,0
2895,3055,0.34460583329200745,0
2895,4006,0.343616783618927,0
2895,980,0.33638423681259155,0
2895,648,0.3638158142566681,0
2895,119,0.35652390122413635,0
2895,2034,0.3484341502189636,0
2895,267,0.33855894207954407,0
2895,4107,0.3423343002796173,0
2895,3073,0.35297203063964844,0
2895,1343,0.3461844325065613,0
2895,1014,0.38290953636169434,0
2895,3443,0.34804999828338623,0
2895,3226,0.34728652238845825,0
2895,1363,0.34269410371780396,0
2895,1610,0.35291391611099243,0
2895,4146,0.3372892141342163,0
2895,1630,0.3465704321861267,0
2895,2332,0.3423771262168884,0
2218,2218,0.3507092297077179,1
2218,2331,0.34799548983573914,0
2218,4178,0.34641319513320923,0
2218,1890,0.34922659397125244,0
2218,616,0.37392014265060425,0
2218,4011,0.3494419455528259,0
2218,775,0.3551405072212219,0
2218,3895,0.3507119119167328,0
2218,1044,0.3642534017562866,0
2218,3175,0.3496432304382324,0
2218,2318,0.4065156579017639,0
2218,988,0.3462941646575928,0
2218,3270,0.3563839793205261,0
2218,2072,0.35103893280029297,0
2218,276,0.3613964319229126,0
2218,3051,0.35135751962661743,0
2218,560,0.3598001003265381,0
2218,1511,0.35369157791137695,0
2218,3118,0.3479451835155487,0
2218,1305,0.3511228859424591,0
2734,2734,0.3400016725063324,1
2734,4138,0.35149839520454407,0
2734,376,0.33980387449264526,0
2734,2117,0.35273948311805725,0
2734,2933,0.36023157835006714,0
2734,2606,0.35191112756729126,0
2734,3628,0.3582035303115845,0
2734,2755,0.3568607568740845,0
2734,52,0.3503141403198242,0
2734,539,0.3400256633758545,0
2734,3123,0.34730562567710876,0
2734,3770,0.3468668460845947,0
2734,853,0.35491862893104553,0
2734,139,0.36545562744140625,0
2734,3625,0.34672385454177856,0
2734,2548,0.3577244281768799,0
2734,1498,0.36115890741348267,0
2734,3312,0.3450734615325928,0
2734,532,0.35200148820877075,0
2734,3426,0.3460179567337036,0
1626,1626,0.3462127447128296,1
1626,2523,0.3467710018157959,0
1626,1803,0.34297889471054077,0
1626,20,0.34787625074386597,0
1626,2160,0.34543830156326294,0
1626,382,0.35309287905693054,0
1626,926,0.36174070835113525,0
1626,16,0.37713730335235596,0
1626,2514,0.3495945334434509,0
1626,1994,0.3492623567581177,0
1626,2449,0.34716758131980896,0
1626,2139,0.3475843667984009,0
1626,544,0.34027791023254395,0
1626,3058,0.35370659828186035,0
1626,3810,0.33825165033340454,0
1626,1341,0.34641242027282715,0
1626,1423,0.346879780292511,0
1626,1724,0.3618282079696655,0
1626,991,0.3556465208530426,0
1626,1593,0.34241563081741333,0
616,616,0.3683498501777649,1
616,1754,0.3453492522239685,0
616,3111,0.34272781014442444,0
616,346,0.3628332316875458,0
616,1092,0.3428606390953064,0
616,1869,0.337841272354126,0
616,367,0.3532571494579315,0
616,216,0.3352406620979309,0
616,3576,0.3695138692855835,0
616,3616,0.34407782554626465,0
616,3732,0.34195196628570557,0
616,4073,0.3436800241470337,0
616,1848,0.358278751373291,0
616,465,0.3564702868461609,0
616,3194,0.34366220235824585,0
616,684,0.3408207297325134,0
616,2653,0.3466208577156067,0
616,3654,0.3611432909965515,0
616,110,0.3503737151622772,0
616,2467,0.34482836723327637,0
4057,4057,0.3356515169143677,1
4057,3505,0.3421199917793274,0
4057,714,0.3683457374572754,0
4057,3955,0.34361469745635986,0
4057,432,0.3552054762840271,0
4057,1056,0.3448786735534668,0
4057,526,0.3654186725616455,0
4057,857,0.3576338589191437,0
4057,3832,0.34140992164611816,0
4057,1086,0.34089043736457825,0
4057,2957,0.3506694734096527,0
4057,951,0.36086925864219666,0
4057,3115,0.3660406172275543,0
4057,1182,0.34234675765037537,0
4057,3268,0.342170774936676,0
4057,1692,0.3611660599708557,0
4057,391,0.3472912907600403,0
4057,335,0.37092915177345276,0
4057,2881,0.35889992117881775,0
4057,2697,0.34272676706314087,0
3776,3776,0.33907821774482727,1
3776,3814,0.37099024653434753,0
3776,473,0.3571106195449829,0
3776,1330,0.3667046129703522,0
3776,2196,0.35086098313331604,0
3776,3874,0.3500378131866455,0
3776,1109,0.34938478469848633,0
3776,1236,0.3421931266784668,0
3776,2555,0.3462386727333069,0
3776,62,0.3486870527267456,0
3776,3073,0.35022860765457153,0
3776,549,0.36020874977111816,0
3776,26,0.375180721282959,0
3776,884,0.3417174816131592,0
3776,891,0.37368443608283997,0
3776,2382,0.36050117015838623,0
3776,1585,0.39483189582824707,0
3776,548,0.35509955883026123,0
3776,4063,0.34683430194854736,0
3776,441,0.34260696172714233,0
1803,1803,0.3377135992050171,1
1803,3665,0.3314964175224304,0
1803,3401,0.3451656401157379,0
1803,3356,0.3400779962539673,0
1803,2928,0.3350730538368225,0
1803,1466,0.3403562903404236,0
1803,3082,0.36086398363113403,0
1803,2722,0.34446465969085693,0
1803,3841,0.3372993469238281,0
1803,613,0.3392907381057739,0
1803,1651,0.3493698239326477,0
1803,1990,0.34075433015823364,0
1803,2279,0.34869393706321716,0
1803,2748,0.3384566307067871,0
1803,1620,0.3437279462814331,0
1803,3711,0.3392248749732971,0
1803,1749,0.3567407727241516,0
1803,2999,0.34679341316223145,0
1803,1811,0.33852148056030273,0
1803,3894,0.3402302861213684,0
74,74,0.3440544605255127,1
74,2509,0.3336038291454315,0
74,3420,0.34545430541038513,0
74,3429,0.3535715341567993,0
74,1334,0.3588583469390869,0
74,2973,0.353276789188385,0
74,4106,0.3439011573791504,0
74,3567,0.3478751480579376,0
74,2870,0.3434000015258789,0
74,868,0.35284191370010376,0
74,3627,0.34671783447265625,0
74,1548,0.35212618112564087,0
74,3081,0.3382948637008667,0
74,1642,0.3474723696708679,0
74,3136,0.34938082098960876,0
74,480,0.37700021266937256,0
74,1038,0.34438806772232056,0
74,985,0.33682242035865784,0
74,2542,0.344249963760376,0
74,39,0.3466302752494812,0
2399,2399,0.3520630896091461,1
2399,2721,0.35654038190841675,0
2399,1813,0.36619797348976135,0
2399,1838,0.37134745717048645,0
2399,1539,0.4316805303096771,0
2399,1279,0.34315910935401917,0
2399,3438,0.35454705357551575,0
2399,1847,0.36128365993499756,0
2399,2144,0.3691571354866028,0
2399,973,0.3647831380367279,0
2399,2062,0.38676953315734863,0
2399,1961,0.35820990800857544,0
2399,867,0.35939016938209534,0
2399,2161,0.351794958114624,0
2399,2410,0.3441348075866699,0
2399,1124,0.3569871187210083,0
2399,3204,0.3459557890892029,0
2399,179,0.35500961542129517,0
2399,3570,0.3497200310230255,0
2399,3582,0.35096439719200134,0
2403,2403,0.33658385276794434,1
2403,474,0.34883683919906616,0
2403,2926,0.3422566056251526,0
2403,1832,0.36722564697265625,0
2403,3316,0.34158122539520264,0
2403,1118,0.38293614983558655,0
2403,1618,0.3450954854488373,0
2403,1864,0.3417568802833557,0
2403,2906,0.34485453367233276,0
2403,3486,0.35087621212005615,0
2403,3798,0.3577526807785034,0
2403,3292,0.3438907265663147,0
2403,246,0.34627461433410645,0
2403,3034,0.3531591296195984,0
2403,437,0.34824851155281067,0
2403,761,0.353045791387558,0
2403,3162,0.33977964520454407,0
2403,2750,0.3556220233440399,0
2403,273,0.37701642513275146,0
2403,2549,0.3684643507003784,0
1520,1520,0.3778966963291168,1
1520,878,0.364128440618515,0
1520,3146,0.34049397706985474,0
1520,4144,0.35054612159729004,0
1520,342,0.3739541471004486,0
1520,86,0.3472585082054138,0
1520,2214,0.3441062569618225,0
1520,755,0.3642338216304779,0
1520,1073,0.3538939952850342,0
1520,2131,0.3485609292984009,0
1520,3984,0.34782156348228455,0
1520,1070,0.3683573305606842,0
1520,1685,0.3490048050880432,0
1520,1726,0.35191625356674194,0
1520,1448,0.385023295879364,0
1520,2002,0.35443973541259766,0
1520,914,0.3481494188308716,0
1520,3850,0.36758410930633545,0
1520,3087,0.3548160791397095,0
1520,2864,0.35561469197273254,0
1593,1593,0.3413139581680298,1
1593,1943,0.3501623868942261,0
1593,1831,0.4018770456314087,0
1593,1708,0.36122795939445496,0
1593,3154,0.3419150114059448,0
1593,1723,0.3577398955821991,0
1593,4009,0.338657021522522,0
1593,1503,0.33804434537887573,0
1593,3420,0.3442386984825134,0
1593,3750,0.3548043370246887,0
1593,3962,0.3422234058380127,0
1593,1956,0.3454554080963135,0
1593,2014,0.3518817722797394,0
1593,2600,0.3453432321548462,0
1593,1192,0.34454482793807983,0
1593,1462,0.35060542821884155,0
1593,1841,0.36550337076187134,0
1593,1551,0.36918365955352783,0
1593,1264,0.33780208230018616,0
1593,4105,0.3407902419567108,0
3749,3749,0.3508133292198181,1
3749,599,0.3535294532775879,0
3749,100,0.3863430619239807,0
3749,1134,0.3499128222465515,0
3749,1243,0.3590599000453949,0
3749,1692,0.37229102849960327,0
3749,1858,0.34913966059684753,0
3749,3656,0.34287670254707336,0
3749,90,0.39193227887153625,0
3749,1080,0.36538630723953247,0
3749,1774,0.36925700306892395,0
3749,3284,0.35006195306777954,0
3749,116,0.374479204416275,0
3749,1572,0.3803383708000183,0
3749,2605,0.35277432203292847,0
3749,3390,0.3490627110004425,0
3749,2506,0.34719228744506836,0
3749,389,0.39466506242752075,0
3749,1041,0.3559543490409851,0
3749,228,0.34885305166244507,0
1529,1529,0.3779951333999634,1
1529,4064,0.35092586278915405,0
1529,479,0.379830539226532,0
1529,929,0.3414870500564575,0
1529,273,0.37437373399734497,0
1529,1683,0.34803107380867004,0
1529,1869,0.33688196539878845,0
1529,3817,0.34259647130966187,0
1529,422,0.3800322115421295,0
1529,4170,0.3519277274608612,0
1529,2821,0.3476210832595825,0
1529,41,0.3497936427593231,0
1529,3772,0.34158533811569214,0
1529,2693,0.3469356894493103,0
1529,301,0.36142435669898987,0
1529,2551,0.3387147784233093,0
1529,2509,0.3311389088630676,0
1529,2413,0.34122443199157715,0
1529,3530,0.34031498432159424,0
1529,3612,0.3469078540802002,0
2233,2233,0.3784703016281128,1
2233,3370,0.3491781949996948,0
2233,735,0.3585318326950073,0
2233,2837,0.34396612644195557,0
2233,979,0.35450926423072815,0
2233,4155,0.3408140242099762,0
2233,3164,0.35564881563186646,0
2233,1914,0.344307541847229,0
2233,342,0.37937813997268677,0
2233,2244,0.36772093176841736,0
2233,3768,0.34482771158218384,0
2233,703,0.35215166211128235,0
2233,2279,0.36011549830436707,0
2233,3772,0.34273940324783325,0
2233,852,0.3848226070404053,0
2233,73,0.3559800386428833,0
2233,3299,0.3511417806148529,0
2233,2094,0.34702059626579285,0
2233,2482,0.3524380922317505,0
2233,2403,0.33561599254608154,0
1595,1595,0.3715207576751709,1
1595,575,0.36337900161743164,0
1595,3191,0.3467044234275818,0
1595,3263,0.348513126373291,0
1595,1337,0.34764307737350464,0
1595,3246,0.3453708291053772,0
1595,2138,0.3753443956375122,0
1595,3166,0.33952397108078003,0
1595,2036,0.400509774684906,0
1595,3712,0.3486727774143219,0
1595,1421,0.34165799617767334,0
1595,3289,0.35196104645729065,0
1595,2682,0.35564807057380676,0
1595,551,0.36158594489097595,0
1595,3299,0.34721463918685913,0
1595,3254,0.34672874212265015,0
1595,3512,0.3433818519115448,0
1595,267,0.3400779962539673,0
1595,3754,0.3465399146080017,0
1595,3249,0.3502156138420105,0
451,451,0.39458614587783813,1
451,1353,0.3463824987411499,0
451,2619,0.3518162965774536,0
451,1771,0.35463419556617737,0
451,2772,0.349119633436203,0
451,1379,0.34953612089157104,0
451,1511,0.3516594171524048,0
451,1738,0.3513140380382538,0
451,2994,0.3574712574481964,0
451,3609,0.35272645950317383,0
451,3656,0.3424644470214844,0
451,4034,0.34845656156539917,0
451,602,0.35849350690841675,0
451,3170,0.34388336539268494,0
451,1576,0.3735806345939636,0
451,2851,0.3470246493816376,0
451,1261,0.3593429625034332,0
451,3895,0.34815555810928345,0
451,195,0.35613226890563965,0
451,2924,0.3458062410354614,0
3435,3435,0.34773945808410645,1
3435,2984,0.3399686813354492,0
3435,1353,0.34635719656944275,0
3435,170,0.3743882179260254,0
3435,627,0.4010385274887085,0
3435,3054,0.34671616554260254,0
3435,150,0.34747564792633057,0
3435,563,0.35441991686820984,0
3435,3597,0.35136356949806213,0
3435,2108,0.3472217917442322,0
3435,670,0.34817445278167725,0
3435,1732,0.38294076919555664,0
3435,3934,0.3488271236419678,0
3435,1810,0.36561083793640137,0
3435,3990,0.3460613191127777,0
3435,1977,0.3615441918373108,0
3435,716,0.36221346259117126,0
3435,2442,0.36062073707580566,0
3435,648,0.36277979612350464,0
3435,3098,0.37790530920028687,0
1604,1604,0.3433482050895691,1
1604,2882,0.3407685160636902,0
1604,3372,0.3482172191143036,0
1604,1861,0.3542760908603668,0
1604,591,0.34807729721069336,0
1604,2765,0.3410247564315796,0
1604,4178,0.3409786820411682,0
1604,2620,0.35357391834259033,0
1604,2968,0.34691739082336426,0
1604,193,0.3751811683177948,0
1604,2046,0.35018444061279297,0
1604,1227,0.3567512035369873,0
1604,114,0.36772799491882324,0
1604,1790,0.34484466910362244,0
1604,2687,0.34338104724884033,0
1604,1891,0.34394165873527527,0
1604,30,0.3462674915790558,0
1604,1413,0.3751452565193176,0
1604,2706,0.33932793140411377,0
1604,146,0.3645753264427185,0
315,315,0.3825480341911316,1
315,3709,0.34843337535858154,0
315,2253,0.3474001884460449,0
315,2617,0.35528475046157837,0
315,3348,0.35365748405456543,0
315,3408,0.35351765155792236,0
315,2484,0.35508114099502563,0
315,1180,0.35170748829841614,0
315,759,0.35451722145080566,0
315,1827,0.35384297370910645,0
315,1857,0.35435524582862854,0
315,312,0.3471263349056244,0
315,2053,0.39056748151779175,0
315,2974,0.35379093885421753,0
315,254,0.352763831615448,0
315,1445,0.3550599217414856,0
315,3282,0.3475654721260071,0
315,1630,0.35515397787094116,0
315,2454,0.3875688910484314,0
315,958,0.3553159236907959,0
2115,2115,0.3430320620536804,1
2115,189,0.37430405616760254,0
2115,3334,0.34739360213279724,0
2115,1926,0.3700684905052185,0
2115,1935,0.34538787603378296,0
2115,2968,0.3481266498565674,0
2115,2809,0.35807961225509644,0
2115,1849,0.3370155990123749,0
2115,3753,0.34612002968788147,0
2115,584,0.36121511459350586,0
2115,243,0.3511435389518738,0
2115,2253,0.34130725264549255,0
2115,830,0.3672720789909363,0
2115,2705,0.35316067934036255,0
2115,2191,0.3436586558818817,0
2115,1753,0.3702597916126251,0
2115,2206,0.3559195399284363,0
2115,63,0.3677431344985962,0
2115,476,0.3469708561897278,0
2115,3768,0.3447510004043579,0
790,790,0.3536515235900879,1
790,139,0.36383217573165894,0
790,3560,0.3418063819408417,0
790,919,0.36075687408447266,0
790,709,0.34573930501937866,0
790,3698,0.34503448009490967,0
790,2143,0.3528212904930115,0
790,2412,0.3531047999858856,0
790,2881,0.3612057864665985,0
790,3438,0.3466188907623291,0
790,3937,0.3414992094039917,0
790,3806,0.343104749917984,0
790,485,0.3773219585418701,0
790,1926,0.371795117855072,0
790,245,0.3457237482070923,0
790,140,0.370727002620697,0
790,2417,0.34249192476272583,0
790,2795,0.3537788391113281,0
790,1074,0.3666459321975708,0
790,3380,0.34716784954071045,0
2697,2697,0.34071725606918335,1
2697,2890,0.34894129633903503,0
2697,3919,0.34127354621887207,0
2697,1214,0.35176730155944824,0
2697,2472,0.3417329788208008,0
2697,1708,0.36457008123397827,0
2697,1888,0.3436288833618164,0
2697,2230,0.349481463432312,0
2697,1744,0.3356420397758484,0
2697,2770,0.3400363326072693,0
2697,3373,0.3410787880420685,0
2697,175,0.3610369861125946,0
2697,2142,0.3348897099494934,0
2697,2015,0.3446793556213379,0
2697,401,0.379140168428421,0
2697,4088,0.34369081258773804,0
2697,833,0.38172394037246704,0
2697,2872,0.3406585454940796,0
2697,2716,0.34706181287765503,0
2697,1243,0.3520714044570923,0
2871,2871,0.3852226734161377,1
2871,1207,0.3517847955226898,0
2871,911,0.36440250277519226,0
2871,3051,0.3556303381919861,0
2871,3347,0.35625535249710083,0
2871,685,0.3845997452735901,0
2871,3531,0.36282461881637573,0
2871,2511,0.36550450325012207,0
2871,623,0.3577360212802887,0
2871,2427,0.34621280431747437,0
2871,1573,0.3485691547393799,0
2871,3572,0.3505682349205017,0
2871,2374,0.36270517110824585,0
2871,2542,0.35464251041412354,0
2871,2008,0.3546924591064453,0
2871,2765,0.35119467973709106,0
2871,1356,0.36510545015335083,0
2871,2650,0.35629743337631226,0
2871,3920,0.36462390422821045,0
2871,3655,0.358123779296875,0
2334,2334,0.34920263290405273,1
2334,3153,0.3457568287849426,0
2334,2923,0.3439521789550781,0
2334,1867,0.3386022448539734,0
2334,759,0.34811171889305115,0
2334,1829,0.3569295108318329,0
2334,3105,0.3500986099243164,0
2334,772,0.36023086309432983,0
2334,2837,0.3452187180519104,0
2334,520,0.34235402941703796,0
2334,4057,0.3367250859737396,0
2334,2828,0.3423626720905304,0
2334,704,0.3594669699668884,0
2334,1009,0.37117287516593933,0
2334,1408,0.37082672119140625,0
2334,195,0.35219359397888184,0
2334,535,0.3640478849411011,0
2334,2672,0.36521828174591064,0
2334,2191,0.34272921085357666,0
2334,3558,0.3437131643295288,0
2752,2752,0.3508378267288208,1
2752,1584,0.364145964384079,0
2752,2093,0.3558865189552307,0
2752,2843,0.3405894637107849,0
2752,2959,0.3449055552482605,0
2752,2188,0.39083895087242126,0
2752,3428,0.3324282765388489,0
2752,718,0.35813355445861816,0
2752,3878,0.34114331007003784,0
2752,405,0.3736388087272644,0
2752,1648,0.36218327283859253,0
2752,1919,0.3350865840911865,0
2752,3556,0.33985114097595215,0
2752,1742,0.34594982862472534,0
2752,543,0.34527719020843506,0
2752,1677,0.3646847605705261,0
2752,1039,0.36523815989494324,0
2752,3860,0.3421078622341156,0
2752,2225,0.357972651720047,0
2752,2465,0.3481293022632599,0
1027,1027,0.3400133550167084,1
1027,3172,0.34444788098335266,0
1027,1028,0.3500317335128784,0
1027,695,0.40044617652893066,0
1027,59,0.36681944131851196,0
1027,4170,0.3553110659122467,0
1027,1852,0.34417805075645447,0
1027,4113,0.34681281447410583,0
1027,3938,0.3441682457923889,0
1027,671,0.35437455773353577,0
1027,1819,0.36961203813552856,0
1027,4029,0.34247204661369324,0
1027,2852,0.3483780026435852,0
1027,224,0.3636407256126404,0
1027,677,0.3420250415802002,0
1027,1267,0.36966830492019653,0
1027,284,0.3728289008140564,0
1027,221,0.35133326053619385,0
1027,4171,0.3412068486213684,0
1027,3661,0.34629112482070923,0
224,224,0.36585915088653564,1
224,3973,0.3567020297050476,0
224,3186,0.34485137462615967,0
224,2694,0.3462211489677429,0
224,76,0.3710983395576477,0
224,1480,0.36268025636672974,0
224,710,0.3524828851222992,0
224,2425,0.37049156427383423,0
224,3235,0.35567808151245117,0
224,1996,0.35626164078712463,0
224,3087,0.354177325963974,0
224,4138,0.35275018215179443,0
224,2289,0.3527109622955322,0
224,2924,0.3458947539329529,0
224,459,0.36621588468551636,0
224,3393,0.3578243851661682,0
224,2352,0.35483330488204956,0
224,2438,0.3449947237968445,0
224,279,0.3523939251899719,0
224,1154,0.3579305410385132,0
1429,1429,0.3483135998249054,1
1429,3577,0.35284656286239624,0
1429,3733,0.348788857460022,0
1429,362,0.36524203419685364,0
1429,1807,0.36839351058006287,0
1429,4048,0.36596572399139404,0
1429,2448,0.34479770064353943,0
1429,3730,0.3477005362510681,0
1429,169,0.3497467041015625,0
1429,2121,0.34284311532974243,0
1429,2251,0.3499253988265991,0
1429,964,0.36063867807388306,0
1429,2597,0.3600917458534241,0
1429,3327,0.35327279567718506,0
1429,1134,0.3509652614593506,0
1429,270,0.3521443009376526,0
1429,1891,0.34727269411087036,0
1429,700,0.3650183379650116,0
1429,1724,0.3661342263221741,0
1429,3173,0.3492238521575928,0
3759,3759,0.34641045331954956,1
3759,2436,0.36719879508018494,0
3759,790,0.35296911001205444,0
3759,531,0.34926924109458923,0
3759,902,0.36624228954315186,0
3759,2838,0.36396902799606323,0
3759,1970,0.37527549266815186,0
3759,1739,0.36345577239990234,0
3759,1275,0.35690194368362427,0
3759,4,0.34328147768974304,0
3759,3834,0.3670411705970764,0
3759,670,0.34714359045028687,0
3759,18,0.35424745082855225,0
3759,3590,0.34416502714157104,0
3759,3755,0.34451764822006226,0
3759,3704,0.3408445715904236,0
3759,469,0.3486759066581726,0
3759,1664,0.35025376081466675,0
3759,3844,0.34088629484176636,0
3759,2527,0.35103484988212585,0
2461,2461,0.35343316197395325,1
2461,794,0.36302897334098816,0
2461,4141,0.3533644676208496,0
2461,967,0.34773799777030945,0
2461,617,0.3560892939567566,0
2461,3646,0.36545634269714355,0
2461,1490,0.35222944617271423,0
2461,304,0.36150428652763367,0
2461,2868,0.34826040267944336,0
2461,350,0.3988800048828125,0
2461,881,0.3703222870826721,0
2461,1395,0.3703165650367737,0
2461,3786,0.3861538767814636,0
2461,1876,0.3622550368309021,0
2461,1199,0.3605653941631317,0
2461,2887,0.35039836168289185,0
2461,2335,0.4078000783920288,0
2461,3557,0.35539504885673523,0
2461,207,0.3963298201560974,0
2461,603,0.3780812621116638,0
2798,2798,0.3610675036907196,1
2798,4076,0.3333168029785156,0
2798,1405,0.37647920846939087,0
2798,4021,0.3498684763908386,0
2798,685,0.3861472010612488,0
2798,697,0.3800579011440277,0
2798,3949,0.3577045798301697,0
2798,1724,0.36968034505844116,0
2798,2963,0.3392360210418701,0
2798,4103,0.3471904397010803,0
2798,95,0.35979777574539185,0
2798,1594,0.34290778636932373,0
2798,1920,0.374902606010437,0
2798,1188,0.3571454882621765,0
2798,416,0.3468044400215149,0
2798,1496,0.3540151119232178,0
2798,2470,0.3490567207336426,0
2798,1578,0.34547457098960876,0
2798,2512,0.3482494354248047,0
2798,3331,0.344279944896698,0
3258,3258,0.3476616144180298,1
3258,3534,0.34603533148765564,0
3258,540,0.3425638973712921,0
3258,2434,0.34986960887908936,0
3258,2551,0.343021959066391,0
3258,2300,0.3725072741508484,0
3258,3989,0.34569546580314636,0
3258,3157,0.346127986907959,0
3258,1928,0.35150855779647827,0
3258,2512,0.3506007194519043,0
3258,3905,0.34334641695022583,0
3258,1608,0.3400844931602478,0
3258,1878,0.34922662377357483,0
3258,3886,0.348941445350647,0
3258,3035,0.3636860251426697,0
3258,1155,0.3773574233055115,0
3258,3086,0.34675148129463196,0
3258,414,0.3581482172012329,0
3258,135,0.3683316111564636,0
3258,2069,0.342182457447052,0
4036,4036,0.3454362750053406,1
4036,3292,0.34298932552337646,0
4036,1479,0.3468700349330902,0
4036,3134,0.3469190299510956,0
4036,3184,0.3571007251739502,0
4036,2493,0.34423473477363586,0
4036,1991,0.35063493251800537,0
4036,366,0.35712742805480957,0
4036,2304,0.34176015853881836,0
4036,1756,0.35320040583610535,0
4036,685,0.3745797872543335,0
4036,4022,0.34739992022514343,0
4036,1706,0.39915692806243896,0
4036,2383,0.3463274836540222,0
4036,558,0.3483092784881592,0
4036,813,0.3486241102218628,0
4036,3011,0.3465977609157562,0
4036,3478,0.3492220342159271,0
4036,2428,0.3552849590778351,0
4036,715,0.3563929498195648,0
543,543,0.3524439334869385,1
543,1566,0.3829997181892395,0
543,1245,0.34429872035980225,0
543,1452,0.3570419251918793,0
543,4118,0.35277020931243896,0
543,3557,0.34914878010749817,0
543,1523,0.3490779995918274,0
543,558,0.3530060946941376,0
543,1879,0.3702675402164459,0
543,77,0.3538811206817627,0
543,2467,0.3499942421913147,0
543,3481,0.3522248864173889,0
543,3047,0.34851083159446716,0
543,3998,0.35913825035095215,0
543,346,0.3674621284008026,0
543,2583,0.35663527250289917,0
543,118,0.35532641410827637,0
543,3993,0.341977059841156,0
543,2957,0.3589222729206085,0
543,2982,0.34690195322036743,0
2012,2012,0.33599820733070374,1
2012,834,0.36381977796554565,0
2012,4070,0.3445037007331848,0
2012,982,0.35728999972343445,0
2012,629,0.35987037420272827,0
2012,338,0.3598148226737976,0
2012,514,0.3389395475387573,0
2012,3629,0.35076743364334106,0
2012,3452,0.3428489863872528,0
2012,1793,0.34098029136657715,0
2012,970,0.34582459926605225,0
2012,3234,0.33892959356307983,0
2012,3954,0.33725297451019287,0
2012,955,0.33784306049346924,0
2012,617,0.33885329961776733,0
2012,3925,0.3333953619003296,0
2012,2539,0.3740415871143341,0
2012,2073,0.3676164448261261,0
2012,2198,0.33837759494781494,0
2012,3071,0.3430810570716858,0
210,210,0.3397327661514282,1
210,3684,0.34418821334838867,0
210,4054,0.3487805724143982,0
210,2521,0.3353586792945862,0
210,2977,0.3477727472782135,0
210,3419,0.3309786915779114,0
210,493,0.3523779809474945,0
210,771,0.411324679851532,0
210,3804,0.34358957409858704,0
210,4164,0.34186887741088867,0
210,2155,0.3629825711250305,0
210,1268,0.34194958209991455,0
210,1541,0.3581494688987732,0
210,2966,0.3437754511833191,0
210,477,0.34909313917160034,0
210,2379,0.36372050642967224,0
210,3143,0.3441908657550812,0
210,3171,0.34530407190322876,0
210,143,0.3476020395755768,0
210,1734,0.3447573184967041,0
1680,1680,0.3824601471424103,1
1680,3154,0.34760743379592896,0
1680,2277,0.35747677087783813,0
1680,9,0.3815901577472687,0
1680,1343,0.3531723618507385,0
1680,1793,0.35085880756378174,0
1680,992,0.3706199824810028,0
1680,1727,0.3660723865032196,0
1680,2493,0.34849077463150024,0
1680,1803,0.3480134904384613,0
1680,2686,0.351258248090744,0
1680,436,0.35392099618911743,0
1680,308,0.3912709951400757,0
1680,2117,0.3573700487613678,0
1680,3374,0.34930741786956787,0
1680,2759,0.348935604095459,0
1680,1175,0.35117286443710327,0
1680,701,0.3817034959793091,0
1680,1833,0.35838693380355835,0
1680,2848,0.34897664189338684,0
3184,3184,0.3646678328514099,1
3184,4131,0.34891822934150696,0
3184,460,0.36704525351524353,0
3184,2951,0.3539598882198334,0
3184,3837,0.42425432801246643,0
3184,415,0.394237756729126,0
3184,1601,0.34815382957458496,0
3184,659,0.3414451479911804,0
3184,654,0.37420088052749634,0
3184,365,0.3494228720664978,0
3184,680,0.3750602900981903,0
3184,2844,0.3405104875564575,0
3184,1161,0.3502817749977112,0
3184,864,0.3563181161880493,0
3184,2640,0.3454957604408264,0
3184,2117,0.3556285500526428,0
3184,3868,0.3493232727050781,0
3184,2779,0.3607533574104309,0
3184,1657,0.38227641582489014,0
3184,1724,0.37149810791015625,0
2430,2430,0.34375178813934326,1
2430,1086,0.34032005071640015,0
2430,3456,0.34378522634506226,0
2430,989,0.35737344622612,0
2430,3736,0.34156370162963867,0
2430,325,0.35425060987472534,0
2430,2063,0.3448910117149353,0
2430,2043,0.3411428928375244,0
2430,1039,0.374966025352478,0
2430,2246,0.3565899729728699,0
2430,3026,0.34808409214019775,0
2430,3450,0.33937257528305054,0
2430,3752,0.3437516987323761,0
2430,3722,0.34076258540153503,0
2430,1116,0.3495836853981018,0
2430,975,0.34696170687675476,0
2430,1843,0.3696722090244293,0
2430,1547,0.36946552991867065,0
2430,2841,0.3511333167552948,0
2430,46,0.3834143579006195,0
1938,1938,0.34980344772338867,1
1938,688,0.33991938829421997,0
1938,3796,0.34578967094421387,0
1938,3526,0.343189537525177,0
1938,1007,0.3622201681137085,0
1938,796,0.3691839575767517,0
1938,3563,0.34157222509384155,0
1938,674,0.3529023230075836,0
1938,3006,0.3548796772956848,0
1938,3477,0.35723355412483215,0
1938,1643,0.347375750541687,0
1938,3642,0.3519122004508972,0
1938,2328,0.3506913185119629,0
1938,486,0.3824142813682556,0
1938,1268,0.3478611409664154,0
1938,3214,0.3823218047618866,0
1938,1742,0.3530251979827881,0
1938,2915,0.34437504410743713,0
1938,2782,0.34189411997795105,0
1938,2811,0.34976625442504883,0
365,365,0.3484284579753876,1
365,3166,0.34396249055862427,0
365,3432,0.3524671196937561,0
365,3351,0.3481990098953247,0
365,2624,0.35305705666542053,0
365,3421,0.34851446747779846,0
365,605,0.35439014434814453,0
365,3336,0.34239259362220764,0
365,634,0.3496669828891754,0
365,1700,0.3544447422027588,0
365,3977,0.35113513469696045,0
365,1356,0.358162522315979,0
365,2619,0.35221436619758606,0
365,635,0.34357738494873047,0
365,1456,0.3477884531021118,0
365,1234,0.3465408682823181,0
365,1642,0.35083046555519104,0
365,2207,0.3467883765697479,0
365,500,0.35123369097709656,0
365,3459,0.35344254970550537,0
2801,2801,0.34450840950012207,1
2801,3325,0.33878451585769653,0
2801,1888,0.34341728687286377,0
2801,3567,0.3428356945514679,0
2801,3845,0.3390350341796875,0
2801,3055,0.3415117859840393,0
2801,3819,0.33996888995170593,0
2801,763,0.3640238046646118,0
2801,3267,0.3578113615512848,0
2801,3937,0.335578978061676,0
2801,3980,0.3378867506980896,0
2801,3990,0.3386143147945404,0
2801,2696,0.33630308508872986,0
2801,4012,0.3362884819507599,0
2801,2581,0.363620400428772,0
2801,1266,0.3495689630508423,0
2801,782,0.3903656303882599,0
2801,3918,0.3447878658771515,0
2801,3961,0.34424614906311035,0
2801,95,0.3525344431400299,0
3438,3438,0.3449040353298187,1
3438,2810,0.36787736415863037,0
3438,4140,0.3472236096858978,0
3438,3430,0.3406316041946411,0
3438,2422,0.342210054397583,0
3438,1819,0.3668525815010071,0
3438,3683,0.3504359722137451,0
3438,1475,0.3464745283126831,0
3438,3828,0.34651750326156616,0
3438,1484,0.3451521396636963,0
3438,4133,0.3404064178466797,0
3438,1020,0.3433694541454315,0
3438,637,0.3444133400917053,0
3438,942,0.344892680644989,0
3438,3662,0.34782740473747253,0
3438,906,0.3584921061992645,0
3438,3692,0.3448374271392822,0
3438,704,0.36023980379104614,0
3438,2501,0.3525595963001251,0
3438,2483,0.3430333137512207,0
3770,3770,0.35311782360076904,1
3770,953,0.36110207438468933,0
3770,468,0.3654092252254486,0
3770,1733,0.3516288995742798,0
3770,1844,0.3745384216308594,0
3770,3032,0.380489706993103,0
3770,227,0.34595322608947754,0
3770,3870,0.3518432080745697,0
3770,1004,0.35393214225769043,0
3770,1617,0.35355138778686523,0
3770,1433,0.35298389196395874,0
3770,3277,0.3484349250793457,0
3770,3683,0.3601408004760742,0
3770,176,0.369570255279541,0
3770,832,0.34972506761550903,0
3770,1780,0.3529689610004425,0
3770,3467,0.353507399559021,0
3770,308,0.3806426525115967,0
3770,2055,0.35414138436317444,0
3770,602,0.36332085728645325,0
2711,2711,0.3612074553966522,1
2711,1226,0.36440762877464294,0
2711,840,0.3555726408958435,0
2711,3370,0.3488815426826477,0
2711,1864,0.34342285990715027,0
2711,4105,0.3422888517379761,0
2711,970,0.35187995433807373,0
2711,2312,0.3464115262031555,0
2711,925,0.34813588857650757,0
2711,1017,0.34693121910095215,0
2711,3290,0.34806734323501587,0
2711,3059,0.3568684756755829,0
2711,1908,0.3575053811073303,0
2711,599,0.3501105308532715,0
2711,2446,0.34901532530784607,0
2711,3980,0.3441064953804016,0
2711,1304,0.3456052541732788,0
2711,3357,0.34270358085632324,0
2711,1077,0.34613850712776184,0
2711,1344,0.3467651903629303,0
2602,2602,0.3441777229309082,1
2602,3553,0.3530215620994568,0
2602,1396,0.3743876814842224,0
2602,3808,0.35404857993125916,0
2602,3632,0.3497958183288574,0
2602,158,0.38970524072647095,0
2602,2902,0.3608025312423706,0
2602,801,0.34367960691452026,0
2602,2439,0.34931129217147827,0
2602,113,0.3503584861755371,0
2602,2581,0.38122421503067017,0
2602,1980,0.3417235016822815,0
2602,3905,0.34236425161361694,0
2602,2572,0.3427523076534271,0
2602,635,0.3419851064682007,0
2602,1726,0.3476215898990631,0
2602,2395,0.36042535305023193,0
2602,1295,0.35266512632369995,0
2602,3258,0.3476625084877014,0
2602,1256,0.34147441387176514,0
931,931,0.3831233084201813,1
931,3280,0.34677934646606445,0
931,2419,0.33627668023109436,0
931,4018,0.3451356291770935,0
931,2477,0.3437964916229248,0
931,4118,0.34378308057785034,0
931,3012,0.34599554538726807,0
931,29,0.3810773491859436,0
931,3317,0.33944863080978394,0
931,895,0.34079378843307495,0
931,2978,0.3432246744632721,0
931,1763,0.3473547697067261,0
931,190,0.3829859495162964,0
931,3437,0.3446807861328125,0
931,956,0.3805767893791199,0
931,3764,0.3390714228153229,0
931,3509,0.3465363383293152,0
931,2463,0.3360305726528168,0
931,2001,0.37447118759155273,0
931,996,0.34186625480651855,0
1597,1597,0.34518831968307495,1
1597,3435,0.3472919464111328,0
1597,2399,0.34781020879745483,0
1597,344,0.38459646701812744,0
1597,1084,0.36842942237854004,0
1597,359,0.34435713291168213,0
1597,2177,0.35905706882476807,0
1597,715,0.36527344584465027,0
1597,2991,0.3540482223033905,0
1597,369,0.3513808846473694,0
1597,1409,0.35965612530708313,0
1597,1290,0.34921255707740784,0
1597,1242,0.3558785319328308,0
1597,3263,0.3567439317703247,0
1597,2039,0.3462294340133667,0
1597,597,0.3635811507701874,0
1597,2539,0.3975437879562378,0
1597,3481,0.3511830270290375,0
1597,496,0.37031546235084534,0
1597,1143,0.3665153384208679,0
2741,2741,0.3387744426727295,1
2741,738,0.3385925590991974,0
2741,864,0.34615853428840637,0
2741,1324,0.34967613220214844,0
2741,1524,0.3408794403076172,0
2741,501,0.3384661078453064,0
2741,438,0.3379303812980652,0
2741,2169,0.3398934602737427,0
2741,2018,0.3525271713733673,0
2741,4010,0.3425472378730774,0
2741,1160,0.34788310527801514,0
2741,2915,0.3360411822795868,0
2741,1963,0.3346429467201233,0
2741,3814,0.36649346351623535,0
2741,1958,0.3361837863922119,0
2741,4064,0.3440471589565277,0
2741,120,0.34180498123168945,0
2741,2787,0.3440965414047241,0
2741,2681,0.34615615010261536,0
2741,1387,0.38404908776283264,0
2912,2912,0.3533676266670227,1
2912,3786,0.3718894124031067,0
2912,1783,0.35619843006134033,0
2912,1437,0.34947389364242554,0
2912,1534,0.3626381456851959,0
2912,2160,0.35280418395996094,0
2912,1344,0.3518245220184326,0
2912,701,0.37292879819869995,0
2912,2242,0.353676974773407,0
2912,2207,0.3500523567199707,0
2912,855,0.3696902394294739,0
2912,3657,0.34966275095939636,0
2912,2020,0.366843044757843,0
2912,688,0.34387439489364624,0
2912,243,0.35846221446990967,0
2912,4083,0.34918326139450073,0
2912,703,0.3582499921321869,0
2912,3787,0.3557676672935486,0
2912,3102,0.3501999080181122,0
2912,2894,0.3529391288757324,0
2649,2649,0.3749591112136841,1
2649,2353,0.34394633769989014,0
2649,10,0.34174075722694397,0
2649,1317,0.3455035090446472,0
2649,607,0.3417697548866272,0
2649,2382,0.36734601855278015,0
2649,2367,0.34641051292419434,0
2649,4108,0.3462786078453064,0
2649,3484,0.3413613736629486,0
2649,527,0.35078418254852295,0
2649,2449,0.3472241163253784,0
2649,3903,0.3404681086540222,0
2649,3537,0.3365456461906433,0
2649,3233,0.36342912912368774,0
2649,3637,0.33779752254486084,0
2649,1258,0.3475903868675232,0
2649,2256,0.3469512462615967,0
2649,3422,0.3397737145423889,0
2649,397,0.3887983560562134,0
2649,193,0.38742077350616455,0
3065,3065,0.342118501663208,1
3065,3072,0.3487999737262726,0
3065,3538,0.3511087894439697,0
3065,2891,0.36075425148010254,0
3065,1919,0.3374539315700531,0
3065,2042,0.33771586418151855,0
3065,3549,0.353439062833786,0
3065,3474,0.34746459126472473,0
3065,2624,0.3539365530014038,0
3065,1611,0.3664957880973816,0
3065,3792,0.3626784682273865,0
3065,241,0.34828150272369385,0
3065,891,0.3873496651649475,0
3065,731,0.3475934863090515,0
3065,658,0.39344608783721924,0
3065,1706,0.4232363998889923,0
3065,3468,0.3574112057685852,0
3065,297,0.3714621067047119,0
3065,2305,0.34403371810913086,0
3065,554,0.35967278480529785,0
225,225,0.3547457754611969,1
225,1923,0.3490505814552307,0
225,2893,0.34683090448379517,0
225,318,0.3698458969593048,0
225,1926,0.3703887462615967,0
225,1662,0.35056108236312866,0
225,265,0.3644745945930481,0
225,2832,0.33762162923812866,0
225,3290,0.3473888039588928,0
225,3279,0.34448373317718506,0
225,2311,0.34576430916786194,0
225,2874,0.34370267391204834,0
225,3034,0.3510439991950989,0
225,951,0.36385804414749146,0
225,2838,0.3646852374076843,0
225,920,0.3695347011089325,0
225,3501,0.3434625267982483,0
225,336,0.35081803798675537,0
225,379,0.3644997477531433,0
225,1689,0.4018566608428955,0
2554,2554,0.34189942479133606,1
2554,1581,0.3439607620239258,0
2554,3435,0.3402727544307709,0
2554,2091,0.33676183223724365,0
2554,2118,0.34618252515792847,0
2554,3270,0.3481481075286865,0
2554,3281,0.3391822874546051,0
2554,3706,0.3396192491054535,0
2554,2279,0.3526496887207031,0
2554,2704,0.357479989528656,0
2554,1450,0.34044352173805237,0
2554,3000,0.34205228090286255,0
2554,3099,0.3471689224243164,0
2554,566,0.34640055894851685,0
2554,3615,0.3391208052635193,0
2554,3209,0.34007278084754944,0
2554,1310,0.341995507478714,0
2554,1108,0.35328584909439087,0
2554,1428,0.3546344041824341,0
2554,4044,0.3401185870170593,0
2394,2394,0.3539436459541321,1
2394,854,0.37219199538230896,0
2394,625,0.35420671105384827,0
2394,441,0.3462589681148529,0
2394,3521,0.3454296290874481,0
2394,2098,0.34578222036361694,0
2394,1249,0.3471038043498993,0
2394,2615,0.34851694107055664,0
2394,4023,0.34928733110427856,0
2394,2690,0.3547954559326172,0
2394,52,0.3527442216873169,0
2394,3225,0.3527408838272095,0
2394,3356,0.3514825105667114,0
2394,3831,0.34337881207466125,0
2394,3601,0.3531806468963623,0
2394,1326,0.36559414863586426,0
2394,2189,0.35667282342910767,0
2394,458,0.3531879186630249,0
2394,294,0.3500445783138275,0
2394,1187,0.35065704584121704,0
1918,1918,0.3628920614719391,1
1918,1853,0.3445109724998474,0
1918,3529,0.3509264588356018,0
1918,1667,0.35879775881767273,0
1918,245,0.3465498089790344,0
1918,4136,0.35714876651763916,0
1918,480,0.3893652558326721,0
1918,2620,0.35912230610847473,0
1918,2474,0.3454933762550354,0
1918,2235,0.34904998540878296,0
1918,1388,0.3675810992717743,0
1918,2140,0.34325388073921204,0
1918,1036,0.36695241928100586,0
1918,3337,0.37868285179138184,0
1918,2008,0.34488075971603394,0
1918,3161,0.3481980264186859,0
1918,1173,0.34495407342910767,0
1918,2624,0.35380151867866516,0
1918,3004,0.3437819480895996,0
1918,1326,0.3704068660736084,0
2997,2997,0.34182465076446533,1
2997,3395,0.34775233268737793,0
2997,1862,0.3435932397842407,0
2997,1007,0.3629484176635742,0
2997,619,0.3820784389972687,0
2997,884,0.34434059262275696,0
2997,2899,0.35095375776290894,0
2997,3549,0.3539656102657318,0
2997,3710,0.3470984697341919,0
2997,4103,0.35083824396133423,0
2997,1836,0.3756656348705292,0
2997,4108,0.3503347933292389,0
2997,3227,0.34577518701553345,0
2997,2074,0.36774909496307373,0
2997,992,0.36902308464050293,0
2997,4144,0.3491687476634979,0
2997,765,0.36185893416404724,0
2997,3151,0.34651532769203186,0
2997,2816,0.3448386788368225,0
2997,644,0.35734644532203674,0
1448,1448,0.39362633228302,1
1448,5,0.3887932300567627,0
1448,2414,0.3403594195842743,0
1448,660,0.3897637724876404,0
1448,1996,0.35655105113983154,0
1448,3204,0.33833175897598267,0
1448,2872,0.34398096799850464,0
1448,4008,0.35182327032089233,0
1448,2173,0.35886016488075256,0
1448,1827,0.34798914194107056,0
1448,2172,0.35413140058517456,0
1448,661,0.3676242530345917,0
1448,3811,0.34287962317466736,0
1448,4018,0.3477170467376709,0
1448,2460,0.3583936095237732,0
1448,1218,0.3448392450809479,0
1448,316,0.3772880434989929,0
1448,3619,0.3438791334629059,0
1448,3492,0.3403913676738739,0
1448,559,0.3451312482357025,0
529,529,0.37694206833839417,1
529,2978,0.34872499108314514,0
529,2143,0.3562830984592438,0
529,1334,0.36886677145957947,0
529,4089,0.3445395529270172,0
529,375,0.36843425035476685,0
529,3636,0.3537498116493225,0
529,3774,0.352664053440094,0
529,3499,0.34680914878845215,0
529,2024,0.3516072928905487,0
529,3518,0.3493605852127075,0
529,804,0.36233460903167725,0
529,3426,0.3458220064640045,0
529,3195,0.3526616096496582,0
529,1596,0.35763728618621826,0
529,2516,0.34507763385772705,0
529,3953,0.37436726689338684,0
529,1806,0.3656773269176483,0
529,1814,0.3775481581687927,0
529,1473,0.35964435338974,0
1962,1962,0.38031578063964844,1
1962,430,0.37504199147224426,0
1962,2462,0.37244027853012085,0
1962,800,0.34562861919403076,0
1962,2027,0.3456686735153198,0
1962,3937,0.34771233797073364,0
1962,3669,0.3577954173088074,0
1962,4081,0.3473661243915558,0
1962,581,0.3829924464225769,0
1962,3583,0.3528093099594116,0
1962,2871,0.3916173577308655,0
1962,1567,0.35327890515327454,0
1962,911,0.3626977205276489,0
1962,868,0.36760786175727844,0
1962,390,0.38388967514038086,0
1962,1588,0.3574228882789612,0
1962,3084,0.35791105031967163,0
1962,1671,0.35827893018722534,0
1962,2037,0.3508705496788025,0
1962,1349,0.35308128595352173,0
3127,3127,0.3477066159248352,1
3127,519,0.35178446769714355,0
3127,3631,0.3412383794784546,0
3127,3264,0.34912025928497314,0
3127,610,0.3698429465293884,0
3127,3105,0.3528636693954468,0
3127,205,0.35883790254592896,0
3127,2,0.35310810804367065,0
3127,597,0.3570244312286377,0
3127,471,0.3933617174625397,0
3127,2545,0.34190088510513306,0
3127,410,0.36446696519851685,0
3127,3224,0.3488967716693878,0
3127,3965,0.34691476821899414,0
3127,3056,0.34650442004203796,0
3127,1189,0.3472311496734619,0
3127,2323,0.3430916666984558,0
3127,1637,0.3494965434074402,0
3127,2483,0.3462523818016052,0
3127,3628,0.35755589604377747,0
2647,2647,0.3596263825893402,1
2647,372,0.3657299876213074,0
2647,351,0.35007596015930176,0
2647,2413,0.34558263421058655,0
2647,2768,0.33860599994659424,0
2647,3836,0.34337884187698364,0
2647,2305,0.3447856307029724,0
2647,587,0.3911024034023285,0
2647,808,0.3920701742172241,0
2647,4032,0.3520016670227051,0
2647,1659,0.35655495524406433,0
2647,3112,0.38185015320777893,0
2647,670,0.34894514083862305,0
2647,3840,0.3484276235103607,0
2647,2834,0.34301409125328064,0
2647,1255,0.34399181604385376,0
2647,3474,0.3485397696495056,0
2647,2968,0.35075145959854126,0
2647,1918,0.363958477973938,0
2647,645,0.37410956621170044,0
2431,2431,0.35034918785095215,1
2431,2564,0.3874908685684204,0
2431,3953,0.37816399335861206,0
2431,606,0.3491891026496887,0
2431,265,0.3803256154060364,0
2431,495,0.3624945878982544,0
2431,2965,0.36022913455963135,0
2431,1596,0.36105719208717346,0
2431,696,0.432259738445282,0
2431,840,0.36593952775001526,0
2431,1791,0.36052703857421875,0
2431,2521,0.34291213750839233,0
2431,367,0.36497417092323303,0
2431,1825,0.3528609573841095,0
2431,3240,0.3583206236362457,0
2431,2649,0.3822258412837982,0
2431,3948,0.35409224033355713,0
2431,2354,0.35573551058769226,0
2431,2042,0.3431761860847473,0
2431,845,0.3998413681983948,0
2698,2698,0.34697580337524414,1
2698,2119,0.3472657799720764,0
2698,2084,0.34440016746520996,0
2698,878,0.36000901460647583,0
2698,1479,0.34536927938461304,0
2698,3189,0.3447774052619934,0
2698,3620,0.3455831706523895,0
2698,2019,0.3470756411552429,0
2698,3809,0.3459963798522949,0
2698,3186,0.34059038758277893,0
2698,21,0.3619937300682068,0
2698,777,0.37686046957969666,0
2698,2477,0.34572136402130127,0
2698,2083,0.37332433462142944,0
2698,1061,0.3667016327381134,0
2698,1964,0.34123146533966064,0
2698,1873,0.3346673250198364,0
2698,227,0.33775022625923157,0
2698,3706,0.343485951423645,0
2698,2822,0.3442686200141907,0
940,940,0.36739152669906616,1
940,1708,0.37146374583244324,0
940,2030,0.3541374206542969,0
940,2019,0.3509492576122284,0
940,2538,0.34483903646469116,0
940,2268,0.3943140208721161,0
940,1898,0.3717193007469177,0
940,1481,0.38459351658821106,0
940,828,0.35469576716423035,0
940,1758,0.3425154387950897,0
940,2263,0.38300037384033203,0
940,3226,0.35294872522354126,0
940,1288,0.35606417059898376,0
940,1645,0.35282033681869507,0
940,3536,0.35207077860832214,0
940,3811,0.3465695381164551,0
940,842,0.3634999394416809,0
940,939,0.3930424749851227,0
940,3487,0.350604385137558,0
940,3153,0.34935262799263,0
157,157,0.3514401316642761,1
157,1801,0.34900400042533875,0
157,526,0.36730125546455383,0
157,4008,0.3513227701187134,0
157,1045,0.3593466877937317,0
157,1409,0.35434406995773315,0
157,642,0.35354548692703247,0
157,331,0.349945068359375,0
157,2791,0.352396160364151,0
157,4123,0.3373039960861206,0
157,859,0.3433562219142914,0
157,2027,0.34057721495628357,0
157,114,0.36849820613861084,0
157,1519,0.3491169512271881,0
157,2384,0.34800875186920166,0
157,3845,0.34455418586730957,0
157,3251,0.34312766790390015,0
157,1046,0.3503432869911194,0
157,3564,0.3477877378463745,0
157,1121,0.3508511483669281,0
3361,3361,0.33480650186538696,1
3361,4137,0.3459942936897278,0
3361,937,0.35231104493141174,0
3361,2488,0.36745506525039673,0
3361,4029,0.3372209966182709,0
3361,2266,0.3454301953315735,0
3361,3822,0.3384002149105072,0
3361,3423,0.3432920575141907,0
3361,3976,0.3420323133468628,0
3361,174,0.3390876054763794,0
3361,1672,0.34214115142822266,0
3361,1321,0.3565562665462494,0
3361,2729,0.35362857580184937,0
3361,2578,0.3436702489852905,0
3361,2509,0.3306301236152649,0
3361,2093,0.35859012603759766,0
3361,3246,0.3431262671947479,0
3361,2583,0.3497551381587982,0
3361,2232,0.348813533782959,0
3361,3965,0.34121888875961304,0
655,655,0.3488127887248993,1
655,2325,0.3520180583000183,0
655,752,0.3771028518676758,0
655,2003,0.34357428550720215,0
655,628,0.3492252826690674,0
655,1736,0.3582466244697571,0
655,3679,0.3448978662490845,0
655,1945,0.3480200469493866,0
655,1366,0.36193451285362244,0
655,437,0.3491918742656708,0
655,3783,0.35258665680885315,0
655,4160,0.344806432723999,0
655,4124,0.35172897577285767,0
655,3248,0.35340628027915955,0
655,2772,0.35117554664611816,0
655,1268,0.34846577048301697,0
655,3458,0.3704403340816498,0
655,3722,0.34587687253952026,0
655,2104,0.3679926097393036,0
655,4153,0.3587423861026764,0
2688,2688,0.3486049473285675,1
2688,325,0.361061692237854,0
2688,1650,0.3698578178882599,0
2688,2890,0.35994455218315125,0
2688,2118,0.35775142908096313,0
2688,945,0.3477441072463989,0
2688,3020,0.3688012361526489,0
2688,2331,0.35127416253089905,0
2688,2953,0.35144031047821045,0
2688,3250,0.35553842782974243,0
2688,1381,0.3588480055332184,0
2688,2134,0.35092490911483765,0
2688,715,0.3637692928314209,0
2688,3095,0.3569909930229187,0
2688,206,0.3519138991832733,0
2688,2389,0.3461749851703644,0
2688,1272,0.34795868396759033,0
2688,1299,0.35257965326309204,0
2688,3231,0.3651077449321747,0
2688,1939,0.3617546558380127,0
400,400,0.35305410623550415,1
400,2632,0.3361329138278961,0
400,390,0.3629409074783325,0
400,3024,0.3466004431247711,0
400,2083,0.36946356296539307,0
400,1594,0.3398926258087158,0
400,2607,0.34711745381355286,0
400,1655,0.3424808979034424,0
400,2004,0.3418992757797241,0
400,1523,0.341003954410553,0
400,1915,0.3511509895324707,0
400,3857,0.34040194749832153,0
400,30,0.3416256606578827,0
400,2152,0.3529556393623352,0
400,503,0.3413864076137543,0
400,347,0.3504398763179779,0
400,897,0.3570345640182495,0
400,2432,0.3477311432361603,0
400,3188,0.3418118357658386,0
400,1974,0.3621191084384918,0
3022,3022,0.3763778805732727,1
3022,2064,0.350105881690979,0
3022,1122,0.3921072483062744,0
3022,610,0.379698246717453,0
3022,2631,0.384494423866272,0
3022,3132,0.3858601450920105,0
3022,2177,0.35561293363571167,0
3022,1433,0.34334683418273926,0
3022,1751,0.36831891536712646,0
3022,26,0.3901090621948242,0
3022,1963,0.3392218053340912,0
3022,1642,0.34964385628700256,0
3022,1819,0.37718868255615234,0
3022,1178,0.3502022325992584,0
3022,4165,0.3489447832107544,0
3022,2572,0.3412894010543823,0
3022,3189,0.3454972505569458,0
3022,3890,0.3421475291252136,0
3022,3163,0.35033315420150757,0
3022,2068,0.370582640171051,0
3596,3596,0.34998825192451477,1
3596,981,0.3642253279685974,0
3596,3356,0.349433034658432,0
3596,4008,0.353420615196228,0
3596,2173,0.35836514830589294,0
3596,3119,0.3440718650817871,0
3596,2983,0.3456132411956787,0
3596,2922,0.36395710706710815,0
3596,1954,0.36533501744270325,0
3596,1523,0.3478817045688629,0
3596,1695,0.35040754079818726,0
3596,1770,0.34468477964401245,0
3596,2118,0.3512515127658844,0
3596,889,0.34589648246765137,0
3596,674,0.3500058650970459,0
3596,548,0.358332097530365,0
3596,967,0.3412962555885315,0
3596,2624,0.35263529419898987,0
3596,3086,0.34724730253219604,0
3596,1075,0.3534073829650879,0
3775,3775,0.3551887273788452,1
3775,3498,0.3600124716758728,0
3775,1335,0.34943509101867676,0
3775,2445,0.3582252264022827,0
3775,246,0.3516230285167694,0
3775,3449,0.3544570207595825,0
3775,30,0.35324519872665405,0
3775,2933,0.36410558223724365,0
3775,2337,0.3493391275405884,0
3775,3714,0.35655444860458374,0
3775,3321,0.35821470618247986,0
3775,1754,0.35292989015579224,0
3775,4109,0.352755069732666,0
3775,3041,0.3593653440475464,0
3775,3500,0.3456189036369324,0
3775,2721,0.3536755442619324,0
3775,1529,0.3771178424358368,0
3775,826,0.36343035101890564,0
3775,307,0.36903977394104004,0
3775,3740,0.3579200804233551,0
3510,3510,0.33901551365852356,1
3510,2942,0.3460651636123657,0
3510,2595,0.3614811897277832,0
3510,1160,0.35385096073150635,0
3510,31,0.34835368394851685,0
3510,2840,0.34302350878715515,0
3510,383,0.35398104786872864,0
3510,241,0.3450964093208313,0
3510,381,0.37254559993743896,0
3510,1906,0.3387026786804199,0
3510,3443,0.34867432713508606,0
3510,1353,0.342673122882843,0
3510,1206,0.39708420634269714,0
3510,2393,0.37709081172943115,0
3510,623,0.3444781005382538,0
3510,1244,0.35400867462158203,0
3510,2243,0.345880389213562,0
3510,803,0.3629065752029419,0
3510,2688,0.33839285373687744,0
3510,122,0.36783379316329956,0
1891,1891,0.3399166166782379,1
1891,2359,0.35055577754974365,0
1891,3995,0.3460090458393097,0
1891,3058,0.3529316186904907,0
1891,2306,0.3548414707183838,0
1891,1675,0.35812124609947205,0
1891,1808,0.35107481479644775,0
1891,959,0.34912553429603577,0
1891,2915,0.33927130699157715,0
1891,2156,0.34606316685676575,0
1891,3688,0.34406477212905884,0
1891,448,0.3604673147201538,0
1891,4028,0.3437958359718323,0
1891,3462,0.34138044714927673,0
1891,960,0.34564465284347534,0
1891,2806,0.3568599820137024,0
1891,2838,0.3677980601787567,0
1891,3034,0.34997010231018066,0
1891,3396,0.33962416648864746,0
1891,4150,0.34367501735687256,0
2336,2336,0.3654477298259735,1
2336,579,0.3815101981163025,0
2336,3828,0.34658846259117126,0
2336,1566,0.39195069670677185,0
2336,2880,0.34619420766830444,0
2336,2417,0.3427093029022217,0
2336,1020,0.3447530269622803,0
2336,2,0.3542470335960388,0
2336,85,0.37850967049598694,0
2336,655,0.3451811671257019,0
2336,3258,0.34758660197257996,0
2336,3927,0.3525139093399048,0
2336,3851,0.34864747524261475,0
2336,2328,0.3470090329647064,0
2336,467,0.3774567246437073,0
2336,1582,0.344943106174469,0
2336,3437,0.3490608334541321,0
2336,2979,0.33924347162246704,0
2336,3195,0.349082350730896,0
2336,2860,0.34683528542518616,0
2674,2674,0.34029942750930786,1
2674,3001,0.35029077529907227,0
2674,3698,0.3451678156852722,0
2674,793,0.34901732206344604,0
2674,840,0.35402411222457886,0
2674,3867,0.35683968663215637,0
2674,775,0.350031316280365,0
2674,2416,0.3463626801967621,0
2674,2934,0.34412604570388794,0
2674,2984,0.3379553556442261,0
2674,3333,0.36961501836776733,0
2674,3717,0.37275421619415283,0
2674,3624,0.3386315107345581,0
2674,3958,0.343032568693161,0
2674,95,0.35756441950798035,0
2674,790,0.35131144523620605,0
2674,1919,0.33649152517318726,0
2674,177,0.3657459616661072,0
2674,1920,0.3626217246055603,0
2674,243,0.35215145349502563,0
307,307,0.3643566966056824,1
307,447,0.38397085666656494,0
307,3742,0.3489447236061096,0
307,1628,0.3747956454753876,0
307,1886,0.3450425863265991,0
307,1545,0.3440841734409332,0
307,420,0.3604423999786377,0
307,2676,0.3514247536659241,0
307,2467,0.3478633165359497,0
307,1995,0.35946905612945557,0
307,896,0.3521377444267273,0
307,3408,0.34928324818611145,0
307,3395,0.34711888432502747,0
307,4017,0.34640008211135864,0
307,3374,0.3466017246246338,0
307,2304,0.34298503398895264,0
307,3114,0.3523982763290405,0
307,2715,0.34764012694358826,0
307,1814,0.3686832785606384,0
307,1625,0.33830899000167847,0
1172,1172,0.358238160610199,1
1172,3313,0.35627686977386475,0
1172,2829,0.35578036308288574,0
1172,1794,0.35015392303466797,0
1172,2874,0.35048729181289673,0
1172,982,0.3698890805244446,0
1172,597,0.3609347939491272,0
1172,3343,0.3678413927555084,0
1172,283,0.3725820779800415,0
1172,1282,0.38417378067970276,0
1172,111,0.37143319845199585,0
1172,4026,0.3614550828933716,0
1172,2945,0.3587523400783539,0
1172,2349,0.35942792892456055,0
1172,835,0.3763895630836487,0
1172,2353,0.35145118832588196,0
1172,1711,0.3521946370601654,0
1172,1819,0.3752906322479248,0
1172,388,0.37514328956604004,0
1172,1008,0.3521226644515991,0
408,408,0.37309521436691284,1
408,945,0.3387942314147949,0
408,486,0.3828369975090027,0
408,2533,0.34711623191833496,0
408,737,0.3740810751914978,0
408,3823,0.3661108613014221,0
408,3312,0.3462718725204468,0
408,3241,0.3385067582130432,0
408,2779,0.35925447940826416,0
408,3152,0.34327104687690735,0
408,3149,0.3515625596046448,0
408,3751,0.34033316373825073,0
408,2883,0.344990074634552,0
408,872,0.37097597122192383,0
408,4177,0.3527049720287323,0
408,550,0.3421401381492615,0
408,493,0.3559781014919281,0
408,3053,0.36581262946128845,0
408,1932,0.3529071807861328,0
408,2021,0.38985931873321533,0
1947,1947,0.34720155596733093,1
1947,1655,0.3534267544746399,0
1947,706,0.3833063840866089,0
1947,3347,0.3513510823249817,0
1947,1950,0.35184186697006226,0
1947,2552,0.4214628338813782,0
1947,2629,0.35694822669029236,0
1947,132,0.3941802978515625,0
1947,176,0.3708914518356323,0
1947,2363,0.35594087839126587,0
1947,3679,0.3461359739303589,0
1947,69,0.3820488452911377,0
1947,4006,0.34991466999053955,0
1947,2833,0.35296469926834106,0
1947,3390,0.3510875403881073,0
1947,2377,0.36432015895843506,0
1947,9,0.38146090507507324,0
1947,239,0.35788363218307495,0
1947,3107,0.34088334441185,0
1947,2901,0.34394121170043945,0
842,842,0.35684049129486084,1
842,3505,0.34614038467407227,0
842,1229,0.3789348602294922,0
842,1429,0.34753912687301636,0
842,2790,0.3480534255504608,0
842,3285,0.3453758955001831,0
842,2264,0.3521115779876709,0
842,2506,0.34807366132736206,0
842,3003,0.34706082940101624,0
842,3926,0.3407728672027588,0
842,2847,0.3410869240760803,0
842,1266,0.35645121335983276,0
842,1067,0.3501625061035156,0
842,588,0.3648306131362915,0
842,3506,0.3536764681339264,0
842,1107,0.36164459586143494,0
842,963,0.3467123508453369,0
842,619,0.3727000653743744,0
842,2102,0.3434448540210724,0
842,3861,0.352422297000885,0
216,216,0.3399809002876282,1
216,2812,0.35706627368927,0
216,1686,0.3536825180053711,0
216,1901,0.3614491820335388,0
216,3925,0.3421489894390106,0
216,3911,0.35246598720550537,0
216,2790,0.3501908779144287,0
216,2645,0.40065568685531616,0
216,674,0.35270553827285767,0
216,2680,0.35574817657470703,0
216,2909,0.35250645875930786,0
216,1074,0.36921781301498413,0
216,700,0.36492419242858887,0
216,3672,0.34966033697128296,0
216,86,0.3466172516345978,0
216,141,0.35153836011886597,0
216,1073,0.35478734970092773,0
216,804,0.3602587580680847,0
216,2614,0.35368794202804565,0
216,2007,0.3523515462875366,0
3071,3071,0.3492906391620636,1
3071,2310,0.34263142943382263,0
3071,2596,0.3400143086910248,0
3071,3323,0.34053418040275574,0
3071,980,0.3376035690307617,0
3071,4049,0.3447088301181793,0
3071,3365,0.3544226288795471,0
3071,3042,0.3615148067474365,0
3071,3282,0.3421897292137146,0
3071,885,0.3679824471473694,0
3071,1210,0.34564194083213806,0
3071,2196,0.35216963291168213,0
3071,1960,0.3606009781360626,0
3071,638,0.35218220949172974,0
3071,2317,0.34223276376724243,0
3071,225,0.35492461919784546,0
3071,656,0.3752380609512329,0
3071,1905,0.35177430510520935,0
3071,84,0.36838433146476746,0
3071,1810,0.3635251820087433,0
3014,3014,0.3416599631309509,1
3014,715,0.36216723918914795,0
3014,3529,0.34884607791900635,0
3014,2167,0.3463011384010315,0
3014,1635,0.35393843054771423,0
3014,3913,0.34186649322509766,0
3014,599,0.34869349002838135,0
3014,38,0.36909380555152893,0
3014,1666,0.34046292304992676,0
3014,3140,0.34529542922973633,0
3014,2240,0.34369972348213196,0
3014,787,0.34956687688827515,0
3014,3810,0.3376634120941162,0
3014,3132,0.38546305894851685,0
3014,772,0.3665509819984436,0
3014,159,0.358072429895401,0
3014,2928,0.34228840470314026,0
3014,638,0.3528379797935486,0
3014,2864,0.3554595112800598,0
3014,4085,0.35549283027648926,0
2692,2692,0.3570101261138916,1
2692,612,0.35102778673171997,0
2692,904,0.3479628264904022,0
2692,1091,0.3509542942047119,0
2692,554,0.3539322018623352,0
2692,726,0.3454715609550476,0
2692,1494,0.3490210771560669,0
2692,2581,0.370014488697052,0
2692,4006,0.347251296043396,0
2692,1663,0.4037364721298218,0
2692,120,0.34955573081970215,0
2692,392,0.3758949041366577,0
2692,3187,0.34186333417892456,0
2692,2476,0.35374224185943604,0
2692,1047,0.34031668305397034,0
2692,1011,0.35454028844833374,0
2692,3606,0.3464205265045166,0
2692,983,0.36545246839523315,0
2692,2853,0.3423861265182495,0
2692,3803,0.34821540117263794,0
321,321,0.3564055562019348,1
321,4079,0.34687644243240356,0
321,140,0.37041306495666504,0
321,601,0.3659389317035675,0
321,1161,0.3482804596424103,0
321,482,0.3410734534263611,0
321,3968,0.3438946008682251,0
321,2511,0.35609668493270874,0
321,3844,0.3410431742668152,0
321,3218,0.35224485397338867,0
321,4117,0.3385027050971985,0
321,2353,0.3456423282623291,0
321,3344,0.3456701636314392,0
321,3197,0.34535250067710876,0
321,2301,0.3662850260734558,0
321,383,0.35431239008903503,0
321,764,0.34174033999443054,0
321,3576,0.3720490336418152,0
321,2947,0.3478207588195801,0
321,2797,0.34978973865509033,0
3242,3242,0.33634763956069946,1
3242,118,0.3460884392261505,0
3242,4125,0.3410092294216156,0
3242,3968,0.33931899070739746,0
3242,3774,0.34299424290657043,0
3242,2874,0.3388541340827942,0
3242,352,0.34305351972579956,0
3242,2957,0.34865692257881165,0
3242,3928,0.33861401677131653,0
3242,1190,0.34373968839645386,0
3242,1184,0.3491523861885071,0
3242,2349,0.34882885217666626,0
3242,1399,0.3766336441040039,0
3242,3347,0.34134426712989807,0
3242,2157,0.34679800271987915,0
3242,1231,0.3620869219303131,0
3242,4077,0.34147244691848755,0
3242,930,0.3494846820831299,0
3242,878,0.35421866178512573,0
3242,3260,0.34811368584632874,0
2212,2212,0.34916049242019653,1
2212,3591,0.34534984827041626,0
2212,737,0.36753758788108826,0
2212,2203,0.34703582525253296,0
2212,285,0.35046833753585815,0
2212,1787,0.3626168966293335,0
2212,3886,0.354525625705719,0
2212,820,0.34771668910980225,0
2212,3462,0.3482568860054016,0
2212,3592,0.3548620641231537,0
2212,417,0.37376096844673157,0
2212,1130,0.36725330352783203,0
2212,2088,0.38025230169296265,0
2212,805,0.36876147985458374,0
2212,8,0.35558003187179565,0
2212,455,0.372649610042572,0
2212,682,0.36392349004745483,0
2212,4020,0.3477604389190674,0
2212,1386,0.37050342559814453,0
2212,940,0.3623110353946686,0
3879,3879,0.34988588094711304,1
3879,2936,0.3451223373413086,0
3879,4074,0.35923564434051514,0
3879,478,0.36923325061798096,0
3879,4057,0.34140050411224365,0
3879,4165,0.3536745607852936,0
3879,4048,0.36718812584877014,0
3879,4173,0.3462926745414734,0
3879,1051,0.3778217136859894,0
3879,105,0.36910051107406616,0
3879,2423,0.3713724613189697,0
3879,1637,0.3518114984035492,0
3879,1951,0.3555721342563629,0
3879,861,0.3472740650177002,0
3879,3193,0.3499581813812256,0
3879,1283,0.3540876507759094,0
3879,1751,0.3643319606781006,0
3879,508,0.3589998781681061,0
3879,2033,0.3958262503147125,0
3879,692,0.34787970781326294,0
1527,1527,0.37901151180267334,1
1527,3207,0.3388150930404663,0
1527,351,0.3530914783477783,0
1527,3342,0.3527369201183319,0
1527,1584,0.3813692331314087,0
1527,386,0.3590278625488281,0
1527,2026,0.35494059324264526,0
1527,3704,0.3439353108406067,0
1527,1641,0.42637813091278076,0
1527,3601,0.3529028594493866,0
1527,1665,0.35306742787361145,0
1527,3593,0.35089296102523804,0
1527,3056,0.35115402936935425,0
1527,3855,0.3815231919288635,0
1527,2122,0.34546658396720886,0
1527,1050,0.3672463297843933,0
1527,4095,0.35148313641548157,0
1527,4091,0.35179686546325684,0
1527,3084,0.35540950298309326,0
1527,1052,0.3543936014175415,0
841,841,0.36607131361961365,1
841,475,0.38034576177597046,0
841,1254,0.3466602861881256,0
841,3784,0.36248987913131714,0
841,3058,0.3595696687698364,0
841,1579,0.3694121837615967,0
841,2738,0.39211776852607727,0
841,2499,0.34011518955230713,0
841,554,0.35817164182662964,0
841,2529,0.34362924098968506,0
841,1033,0.3691640794277191,0
841,2220,0.3548719584941864,0
841,2060,0.3523055911064148,0
841,1266,0.3572172224521637,0
841,1405,0.3717513978481293,0
841,4064,0.3540414571762085,0
841,1863,0.3491416573524475,0
841,3326,0.36301758885383606,0
841,1871,0.37027013301849365,0
841,1366,0.3631818890571594,0
3642,3642,0.34835928678512573,1
3642,3828,0.3449026942253113,0
3642,1747,0.39074161648750305,0
3642,3514,0.3554914593696594,0
3642,1006,0.3479711711406708,0
3642,826,0.3595483601093292,0
3642,1975,0.3506436347961426,0
3642,1750,0.3443978428840637,0
3642,686,0.35257506370544434,0
3642,4060,0.3470127582550049,0
3642,1821,0.3590167760848999,0
3642,447,0.39484378695487976,0
3642,3862,0.3406667709350586,0
3642,2679,0.3540818989276886,0
3642,3838,0.33752474188804626,0
3642,2892,0.3477526307106018,0
3642,2386,0.3497108519077301,0
3642,146,0.37217235565185547,0
3642,340,0.3438708782196045,0
3642,3070,0.33998697996139526,0
469,469,0.3428833484649658,1
469,1544,0.33742254972457886,0
469,4175,0.3392143249511719,0
469,3972,0.3395668566226959,0
469,2125,0.3496917486190796,0
469,537,0.35704588890075684,0
469,3244,0.33978956937789917,0
469,464,0.3465692400932312,0
469,2096,0.34666335582733154,0
469,880,0.3492353558540344,0
469,1048,0.3343857526779175,0
469,1169,0.34776735305786133,0
469,1533,0.345126748085022,0
469,1615,0.3370952904224396,0
469,815,0.3549480736255646,0
469,2467,0.3421797454357147,0
469,3887,0.3446241319179535,0
469,2958,0.3457115888595581,0
469,97,0.3625292181968689,0
469,139,0.360706627368927,0
752,752,0.37784579396247864,1
752,3826,0.349343478679657,0
752,274,0.3522566556930542,0
752,2396,0.35060709714889526,0
752,4127,0.352761447429657,0
752,2525,0.34839269518852234,0
752,3960,0.3443494439125061,0
752,2050,0.3598320186138153,0
752,2730,0.35418131947517395,0
752,2916,0.34895050525665283,0
752,2132,0.35032135248184204,0
752,1935,0.34934625029563904,0
752,3578,0.34470170736312866,0
752,295,0.35383155941963196,0
752,2133,0.35517579317092896,0
752,1850,0.3519323170185089,0
752,2734,0.3426624536514282,0
752,2231,0.35571956634521484,0
752,1979,0.3431723117828369,0
752,4034,0.35069432854652405,0
2159,2159,0.37221428751945496,1
2159,836,0.3636808693408966,0
2159,2317,0.3435988426208496,0
2159,3120,0.3474559783935547,0
2159,2172,0.3529109060764313,0
2159,3912,0.3410223126411438,0
2159,2071,0.361004501581192,0
2159,1209,0.3448370695114136,0
2159,2676,0.3499736785888672,0
2159,370,0.3477880358695984,0
2159,1837,0.35121458768844604,0
2159,3763,0.3565795421600342,0
2159,89,0.3486335873603821,0
2159,3707,0.34655672311782837,0
2159,2646,0.34482911229133606,0
2159,862,0.34952521324157715,0
2159,1489,0.3677504062652588,0
2159,2938,0.3777121603488922,0
2159,1487,0.396553635597229,0
2159,2566,0.3627679944038391,0
653,653,0.3860207796096802,1
653,1066,0.37608015537261963,0
653,2274,0.36247503757476807,0
653,3053,0.3717232942581177,0
653,3240,0.3572774827480316,0
653,1748,0.3901529312133789,0
653,3724,0.34455326199531555,0
653,3252,0.3890760540962219,0
653,2104,0.38038352131843567,0
653,2815,0.3633861839771271,0
653,3990,0.3494526147842407,0
653,4026,0.36035242676734924,0
653,968,0.37716060876846313,0
653,1221,0.36403682827949524,0
653,3958,0.34824231266975403,0
653,3582,0.34940385818481445,0
653,3186,0.3469097912311554,0
653,2496,0.3731520473957062,0
653,518,0.35404151678085327,0
653,802,0.36601167917251587,0
3497,3497,0.3460072875022888,1
3497,862,0.35008716583251953,0
3497,1452,0.35314685106277466,0
3497,1415,0.362500935792923,0
3497,2995,0.3459809422492981,0
3497,2796,0.3726557195186615,0
3497,2110,0.3548925220966339,0
3497,1626,0.3476282060146332,0
3497,1294,0.3482423722743988,0
3497,2099,0.3482510447502136,0
3497,956,0.37101221084594727,0
3497,2643,0.3511515259742737,0
3497,2846,0.35106390714645386,0
3497,2053,0.3706251084804535,0
3497,3097,0.350715696811676,0
3497,377,0.3688863515853882,0
3497,765,0.3569904863834381,0
3497,2754,0.3553040027618408,0
3497,2840,0.3453636169433594,0
3497,3323,0.34121382236480713,0
1573,1573,0.337102472782135,1
1573,2976,0.36067724227905273,0
1573,1028,0.3458402156829834,0
1573,1854,0.3436654508113861,0
1573,2251,0.34522271156311035,0
1573,2238,0.34051990509033203,0
1573,2892,0.34543848037719727,0
1573,3916,0.3465055823326111,0
1573,2348,0.3656906187534332,0
1573,274,0.3458518385887146,0
1573,218,0.3486422300338745,0
1573,63,0.36503127217292786,0
1573,1708,0.36003780364990234,0
1573,818,0.3436438739299774,0
1573,766,0.33912259340286255,0
1573,1974,0.36428484320640564,0
1573,726,0.34209340810775757,0
1573,1528,0.34687143564224243,0
1573,2146,0.344241201877594,0
1573,1880,0.35153353214263916,0
995,995,0.35233092308044434,1
995,3651,0.36006614565849304,0
995,1433,0.3533567786216736,0
995,1341,0.3572377562522888,0
995,1974,0.37665921449661255,0
995,1754,0.3557349145412445,0
995,2315,0.37257182598114014,0
995,1237,0.3531295657157898,0
995,824,0.36102837324142456,0
995,3483,0.3713098168373108,0
995,3157,0.3556950092315674,0
995,721,0.3638914227485657,0
995,1903,0.36320093274116516,0
995,2392,0.37786826491355896,0
995,1673,0.3811664581298828,0
995,2091,0.34855538606643677,0
995,1786,0.37526586651802063,0
995,3943,0.34297052025794983,0
995,1294,0.35750555992126465,0
995,897,0.3719651401042938,0
1465,1465,0.35786154866218567,1
1465,2868,0.3412792682647705,0
1465,3434,0.34625521302223206,0
1465,52,0.3535641133785248,0
1465,1773,0.3611217141151428,0
1465,1714,0.3519235849380493,0
1465,3647,0.3482019603252411,0
1465,4100,0.3490762710571289,0
1465,889,0.3467833697795868,0
1465,2469,0.34705182909965515,0
1465,2693,0.35152989625930786,0
1465,760,0.37548550963401794,0
1465,2960,0.3726764917373657,0
1465,712,0.3761042356491089,0
1465,1176,0.34936386346817017,0
1465,3564,0.35249432921409607,0
1465,1314,0.3731515407562256,0
1465,3865,0.3421800136566162,0
1465,1526,0.34328997135162354,0
1465,394,0.3710581064224243,0
2933,2933,0.36510005593299866,1
2933,3972,0.3504478633403778,0
2933,222,0.35291820764541626,0
2933,2451,0.3562455177307129,0
2933,3993,0.34486493468284607,0
2933,1409,0.3625791072845459,0
2933,1032,0.35915428400039673,0
2933,4140,0.3555554151535034,0
2933,605,0.3592974543571472,0
2933,478,0.3730017840862274,0
2933,864,0.3591102659702301,0
2933,2401,0.3558851480484009,0
2933,2036,0.41127946972846985,0
2933,1808,0.35927361249923706,0
2933,2615,0.351251482963562,0
2933,3870,0.3511013984680176,0
2933,803,0.36546772718429565,0
2933,1586,0.35422152280807495,0
2933,714,0.37859395146369934,0
2933,3314,0.3483591079711914,0
1931,1931,0.3553091287612915,1
1931,4071,0.35109660029411316,0
1931,295,0.3532428443431854,0
1931,2805,0.3490143418312073,0
1931,928,0.37723469734191895,0
1931,1465,0.3556106984615326,0
1931,3979,0.34563225507736206,0
1931,1677,0.3715985417366028,0
1931,515,0.35439035296440125,0
1931,92,0.35458678007125854,0
1931,3635,0.3592849373817444,0
1931,3602,0.3424725830554962,0
1931,2154,0.3545622229576111,0
1931,692,0.3468041718006134,0
1931,1599,0.352734237909317,0
1931,789,0.3558914363384247,0
1931,1006,0.3506312966346741,0
1931,3705,0.3543155789375305,0
1931,2338,0.3475766181945801,0
1931,281,0.36620375514030457,0
1399,1399,0.3965613842010498,1
1399,991,0.35940539836883545,0
1399,725,0.36947810649871826,0
1399,1239,0.34664180874824524,0
1399,807,0.37148770689964294,0
1399,1004,0.34564006328582764,0
1399,2171,0.39188188314437866,0
1399,1335,0.3431302011013031,0
1399,1513,0.3449035882949829,0
1399,130,0.3673597276210785,0
1399,2540,0.34034547209739685,0
1399,3218,0.3558650612831116,0
1399,3614,0.34443026781082153,0
1399,1609,0.3400699496269226,0
1399,2984,0.3393040597438812,0
1399,696,0.42477959394454956,0
1399,376,0.3390372395515442,0
1399,3451,0.34706562757492065,0
1399,2068,0.37227270007133484,0
1399,953,0.35883742570877075,0
3989,3989,0.3397880792617798,1
3989,827,0.35405585169792175,0
3989,3393,0.3488397002220154,0
3989,112,0.34387117624282837,0
3989,2979,0.33532774448394775,0
3989,2698,0.3431684970855713,0
3989,154,0.36407268047332764,0
3989,3917,0.3438815474510193,0
3989,1168,0.3353827893733978,0
3989,1335,0.33773279190063477,0
3989,2126,0.37032613158226013,0
3989,2420,0.34625521302223206,0
3989,3912,0.33652374148368835,0
3989,3268,0.33891844749450684,0
3989,3820,0.3495563566684723,0
3989,1711,0.34199607372283936,0
3989,633,0.36807817220687866,0
3989,793,0.34401175379753113,0
3989,1944,0.34801310300827026,0
3989,1328,0.33835503458976746,0
593,593,0.34613803029060364,1
593,2693,0.35012537240982056,0
593,2211,0.3517152667045593,0
593,1705,0.34698253870010376,0
593,1274,0.35006439685821533,0
593,347,0.3570212721824646,0
593,1081,0.3735959231853485,0
593,2671,0.3605726361274719,0
593,2449,0.34947848320007324,0
593,3649,0.3442706763744354,0
593,3725,0.35029536485671997,0
593,2302,0.34582290053367615,0
593,99,0.3655861020088196,0
593,1575,0.36489564180374146,0
593,1372,0.35362812876701355,0
593,1701,0.3727012574672699,0
593,3904,0.3506634831428528,0
593,1856,0.3504870533943176,0
593,1621,0.3469271659851074,0
593,1252,0.3391634225845337,0
91,91,0.342911958694458,1
91,1227,0.3599621057510376,0
91,845,0.38187462091445923,0
91,3120,0.3508148193359375,0
91,1213,0.34068363904953003,0
91,1955,0.37455862760543823,0
91,1533,0.35238468647003174,0
91,1780,0.34838277101516724,0
91,530,0.35147881507873535,0
91,1065,0.3602885603904724,0
91,3021,0.34602034091949463,0
91,3823,0.36046886444091797,0
91,4107,0.3495556116104126,0
91,1866,0.35070741176605225,0
91,431,0.34811151027679443,0
91,2658,0.3524380624294281,0
91,2081,0.34899038076400757,0
91,1195,0.3455677628517151,0
91,1412,0.363452672958374,0
91,2203,0.34475868940353394,0
1987,1987,0.3402903378009796,1
1987,267,0.34032195806503296,0
1987,2963,0.337596595287323,0
1987,2512,0.34713104367256165,0
1987,2235,0.34431391954421997,0
1987,1976,0.3552320897579193,0
1987,2868,0.33893877267837524,0
1987,1925,0.3400947153568268,0
1987,1708,0.36030399799346924,0
1987,3312,0.34190768003463745,0
1987,943,0.35105571150779724,0
1987,189,0.3745260238647461,0
1987,3925,0.33714479207992554,0
1987,382,0.35134392976760864,0
1987,2892,0.34628304839134216,0
1987,3361,0.33650484681129456,0
1987,3855,0.365361750125885,0
1987,2906,0.3417958915233612,0
1987,2989,0.3573129177093506,0
1987,1307,0.394771933555603,0
1216,1216,0.34582656621932983,1
1216,649,0.3697830140590668,0
1216,2573,0.3389410972595215,0
1216,10,0.338422954082489,0
1216,3886,0.34289467334747314,0
1216,1301,0.34451985359191895,0
1216,1314,0.35979530215263367,0
1216,4047,0.33910688757896423,0
1216,2230,0.3473544120788574,0
1216,3121,0.34214845299720764,0
1216,1873,0.3313837945461273,0
1216,4114,0.3359176218509674,0
1216,2918,0.3469178080558777,0
1216,3324,0.34789174795150757,0
1216,273,0.36462026834487915,0
1216,184,0.35719799995422363,0
1216,1241,0.34706467390060425,0
1216,54,0.3461449146270752,0
1216,1436,0.3595666289329529,0
1216,588,0.3577914834022522,0
2562,2562,0.3580873906612396,1
2562,2952,0.36796116828918457,0
2562,1422,0.37352868914604187,0
2562,913,0.35196661949157715,0
2562,2763,0.3491528034210205,0
2562,684,0.3440576195716858,0
2562,1587,0.34962746500968933,0
2562,1617,0.3468112349510193,0
2562,1110,0.3448118269443512,0
2562,2909,0.3517642021179199,0
2562,867,0.35378527641296387,0
2562,1741,0.36920881271362305,0
2562,3093,0.34980660676956177,0
2562,568,0.3716513514518738,0
2562,2413,0.34637752175331116,0
2562,3546,0.35125717520713806,0
2562,225,0.35800331830978394,0
2562,2452,0.39580559730529785,0
2562,2057,0.35115987062454224,0
2562,1089,0.36032286286354065,0
2861,2861,0.3523131012916565,1
2861,612,0.35488012433052063,0
2861,2046,0.3565042316913605,0
2861,2210,0.34292882680892944,0
2861,1843,0.3691943883895874,0
2861,3865,0.34455782175064087,0
2861,963,0.3502292335033417,0
2861,2829,0.3544248938560486,0
2861,2509,0.33964526653289795,0
2861,3174,0.35026460886001587,0
2861,1625,0.34160947799682617,0
2861,2364,0.3590218424797058,0
2861,980,0.3434126079082489,0
2861,3722,0.3482980728149414,0
2861,1034,0.3478308320045471,0
2861,3650,0.3484281897544861,0
2861,3832,0.3488573133945465,0
2861,3859,0.3512182831764221,0
2861,2185,0.36355137825012207,0
2861,2068,0.3700910210609436,0
3209,3209,0.3474074900150299,1
3209,1431,0.3625698685646057,0
3209,1099,0.3428814113140106,0
3209,876,0.34162187576293945,0
3209,1870,0.39044710993766785,0
3209,2024,0.3508622646331787,0
3209,929,0.34566938877105713,0
3209,2790,0.35077816247940063,0
3209,1297,0.36546945571899414,0
3209,4061,0.3525100350379944,0
3209,1258,0.35017895698547363,0
3209,1444,0.3516128361225128,0
3209,438,0.3452119529247284,0
3209,2953,0.3471827208995819,0
3209,1310,0.34855008125305176,0
3209,783,0.3857385516166687,0
3209,4023,0.3479761481285095,0
3209,2637,0.3542543947696686,0
3209,468,0.3631821870803833,0
3209,760,0.37542271614074707,0
1936,1936,0.34565243124961853,1
1936,1941,0.3511350750923157,0
1936,593,0.34436583518981934,0
1936,2051,0.34370648860931396,0
1936,2865,0.3477264642715454,0
1936,3279,0.34426483511924744,0
1936,1872,0.342276394367218,0
1936,1642,0.3477596938610077,0
1936,1001,0.37632477283477783,0
1936,3935,0.34149131178855896,0
1936,1796,0.37181001901626587,0
1936,405,0.3752651810646057,0
1936,3042,0.3609732687473297,0
1936,2943,0.34634891152381897,0
1936,3586,0.3427548408508301,0
1936,1722,0.34493371844291687,0
1936,4141,0.3435542583465576,0
1936,3750,0.3557293117046356,0
1936,74,0.3440806269645691,0
1936,629,0.3648817539215088,0
3977,3977,0.34793147444725037,1
3977,3875,0.34960100054740906,0
3977,195,0.35700613260269165,0
3977,2658,0.35319167375564575,0
3977,3269,0.34888699650764465,0
3977,3258,0.34800904989242554,0
3977,813,0.351146399974823,0
3977,1547,0.37171119451522827,0
3977,2853,0.3422461748123169,0
3977,1092,0.34614723920822144,0
3977,1860,0.3740513324737549,0
3977,3343,0.36324092745780945,0
3977,3747,0.34141746163368225,0
3977,2324,0.42042243480682373,0
3977,3930,0.3423451781272888,0
3977,4116,0.3468785881996155,0
3977,932,0.37169426679611206,0
3977,2615,0.34429508447647095,0
3977,751,0.3441546559333801,0
3977,3795,0.3421615958213806,0
3709,3709,0.34307950735092163,1
3709,2107,0.34974396228790283,0
3709,1071,0.36978447437286377,0
3709,1299,0.3458888530731201,0
3709,3691,0.3494088649749756,0
3709,1671,0.3509574830532074,0
3709,3472,0.3448539674282074,0
3709,3783,0.35048502683639526,0
3709,3333,0.3709263801574707,0
3709,3848,0.33840411901474,0
3709,2432,0.3524923324584961,0
3709,308,0.3741675615310669,0
3709,228,0.3473481833934784,0
3709,2106,0.34924814105033875,0
3709,2992,0.35519057512283325,0
3709,1645,0.3499143719673157,0
3709,1382,0.342507928609848,0
3709,3169,0.34279876947402954,0
3709,3757,0.34934914112091064,0
3709,1799,0.3454902470111847,0
3488,3488,0.35626277327537537,1
3488,399,0.3679544925689697,0
3488,1896,0.401336669921875,0
3488,3747,0.3468855023384094,0
3488,3063,0.361406147480011,0
3488,3338,0.34440213441848755,0
3488,3346,0.3500073552131653,0
3488,3497,0.35124537348747253,0
3488,2183,0.34566664695739746,0
3488,3264,0.35347872972488403,0
3488,489,0.36008748412132263,0
3488,1752,0.3602958917617798,0
3488,1694,0.35228434205055237,0
3488,3017,0.36750197410583496,0
3488,3432,0.3548383414745331,0
3488,1476,0.3492486774921417,0
3488,1029,0.3489384055137634,0
3488,5,0.38212352991104126,0
3488,1921,0.35358119010925293,0
3488,3565,0.3545500338077545,0
1776,1776,0.3710954487323761,1
1776,629,0.38060876727104187,0
1776,2560,0.35605818033218384,0
1776,3036,0.3554977774620056,0
1776,3032,0.38617023825645447,0
1776,1564,0.3523850440979004,0
1776,853,0.36062750220298767,0
1776,707,0.3641340732574463,0
1776,2653,0.35231152176856995,0
1776,2528,0.3640735149383545,0
1776,3460,0.3641407787799835,0
1776,445,0.3505701422691345,0
1776,3214,0.38487887382507324,0
1776,1047,0.34403833746910095,0
1776,863,0.3527454137802124,0
1776,2418,0.34911441802978516,0
1776,153,0.3492979407310486,0
1776,1968,0.34289973974227905,0
1776,2619,0.3536890149116516,0
1776,1212,0.39081716537475586,0
535,535,0.3617493808269501,1
535,763,0.36689919233322144,0
535,3897,0.35408473014831543,0
535,2011,0.3495944142341614,0
535,4080,0.3381517231464386,0
535,959,0.3479825258255005,0
535,1676,0.34681689739227295,0
535,2519,0.35939350724220276,0
535,1314,0.3615524470806122,0
535,1067,0.3458716869354248,0
535,2148,0.3922208845615387,0
535,2862,0.34210729598999023,0
535,2353,0.34159839153289795,0
535,2198,0.3415333032608032,0
535,591,0.34645265340805054,0
535,817,0.3379967212677002,0
535,755,0.3584645390510559,0
535,3011,0.34290504455566406,0
535,303,0.35054272413253784,0
535,1608,0.33824753761291504,0
887,887,0.34388285875320435,1
887,1681,0.3476545214653015,0
887,672,0.3547894358634949,0
887,741,0.34201014041900635,0
887,3251,0.34460681676864624,0
887,4086,0.34504300355911255,0
887,124,0.36011308431625366,0
887,156,0.3773360252380371,0
887,2218,0.34837058186531067,0
887,1815,0.362474262714386,0
887,3040,0.34620314836502075,0
887,1816,0.3556395471096039,0
887,2455,0.3486292064189911,0
887,2922,0.36327123641967773,0
887,3594,0.3484155237674713,0
887,2379,0.3635486662387848,0
887,1248,0.34917259216308594,0
887,3216,0.34875309467315674,0
887,1161,0.34830474853515625,0
887,1929,0.3441895842552185,0
2106,2106,0.3471193313598633,1
2106,3352,0.34225770831108093,0
2106,4130,0.34816622734069824,0
2106,3900,0.33954453468322754,0
2106,917,0.3467031717300415,0
2106,832,0.3413935899734497,0
2106,3508,0.340716153383255,0
2106,4172,0.344474732875824,0
2106,164,0.3605332374572754,0
2106,3875,0.3483985960483551,0
2106,3144,0.34750401973724365,0
2106,3249,0.3500346541404724,0
2106,635,0.3404608368873596,0
2106,718,0.36083608865737915,0
2106,376,0.3380069136619568,0
2106,4031,0.34221506118774414,0
2106,2893,0.34590283036231995,0
2106,1355,0.34848475456237793,0
2106,176,0.3608326315879822,0
2106,2026,0.34836345911026,0
2169,2169,0.34196868538856506,1
2169,3657,0.34018659591674805,0
2169,3971,0.33834752440452576,0
2169,3849,0.3463210463523865,0
2169,2228,0.3500217795372009,0
2169,3023,0.36635708808898926,0
2169,823,0.3449525833129883,0
2169,2537,0.34025925397872925,0
2169,3833,0.34533262252807617,0
2169,2663,0.36786699295043945,0
2169,59,0.3698393702507019,0
2169,2677,0.348208487033844,0
2169,3549,0.3481528162956238,0
2169,3233,0.35995474457740784,0
2169,2751,0.3433598279953003,0
2169,1464,0.3767893314361572,0
2169,3889,0.3386578857898712,0
2169,2519,0.3643941283226013,0
2169,1381,0.3503376245498657,0
2169,774,0.35173434019088745,0
3867,3867,0.3635978102684021,1
3867,3489,0.3467354476451874,0
3867,2525,0.34520286321640015,0
3867,1236,0.34290891885757446,0
3867,2620,0.3586376905441284,0
3867,1653,0.3660438656806946,0
3867,3671,0.3406069278717041,0
3867,978,0.34640416502952576,0
3867,1848,0.36673927307128906,0
3867,3919,0.3455924689769745,0
3867,375,0.36635658144950867,0
3867,128,0.3459938168525696,0
3867,422,0.38399505615234375,0
3867,3177,0.34616705775260925,0
3867,3507,0.3527134656906128,0
3867,3894,0.3492541015148163,0
3867,574,0.37399715185165405,0
3867,501,0.3460823595523834,0
3867,3390,0.3480241596698761,0
3867,2743,0.3455009460449219,0
3493,3493,0.3499351143836975,1
3493,1242,0.3567342162132263,0
3493,218,0.36007392406463623,0
3493,3942,0.3558295965194702,0
3493,3601,0.35144007205963135,0
3493,1028,0.3520771265029907,0
3493,1342,0.3485661745071411,0
3493,1218,0.34955164790153503,0
3493,2024,0.35264211893081665,0
3493,2193,0.35345393419265747,0
3493,1812,0.38934600353240967,0
3493,1205,0.354674369096756,0
3493,3681,0.35226649045944214,0
3493,403,0.38272207975387573,0
3493,1279,0.3396667242050171,0
3493,3285,0.34863460063934326,0
3493,3984,0.3473914861679077,0
3493,2159,0.38796427845954895,0
3493,3490,0.34350889921188354,0
3493,2057,0.35320284962654114,0
603,603,0.3667390048503876,1
603,1839,0.3608429431915283,0
603,2249,0.34202075004577637,0
603,81,0.35583925247192383,0
603,2448,0.3393988609313965,0
603,3722,0.34166571497917175,0
603,791,0.3448501229286194,0
603,4141,0.34219032526016235,0
603,110,0.35224753618240356,0
603,3435,0.34274524450302124,0
603,1887,0.35824623703956604,0
603,3270,0.35263633728027344,0
603,1922,0.3451969027519226,0
603,228,0.34590795636177063,0
603,3528,0.3452974855899811,0
603,1672,0.3456593155860901,0
603,3709,0.34236645698547363,0
603,3878,0.3436735272407532,0
603,587,0.38767844438552856,0
603,1243,0.355459064245224,0
2556,2556,0.3481343686580658,1
2556,1496,0.35584717988967896,0
2556,2316,0.3488917052745819,0
2556,1233,0.39911073446273804,0
2556,2656,0.34246712923049927,0
2556,3679,0.3435841202735901,0
2556,497,0.3680078983306885,0
2556,3302,0.3507799208164215,0
2556,4141,0.3445427119731903,0
2556,3539,0.36038947105407715,0
2556,2991,0.35269924998283386,0
2556,2183,0.34140199422836304,0
2556,1789,0.3519962728023529,0
2556,3727,0.362230509519577,0
2556,4107,0.3483049273490906,0
2556,2230,0.35597217082977295,0
2556,1651,0.3618682026863098,0
2556,660,0.3928987383842468,0
2556,3742,0.34760725498199463,0
2556,3691,0.3502064645290375,0
1638,1638,0.36206039786338806,1
1638,2628,0.35541096329689026,0
1638,839,0.3672229051589966,0
1638,3824,0.3518972396850586,0
1638,524,0.34660106897354126,0
1638,1624,0.34660235047340393,0
1638,1418,0.3615988492965698,0
1638,941,0.3775777816772461,0
1638,2484,0.3506035804748535,0
1638,2607,0.3547312021255493,0
1638,1070,0.37366750836372375,0
1638,1659,0.35551899671554565,0
1638,1928,0.3522164225578308,0
1638,3335,0.34491103887557983,0
1638,548,0.3610992729663849,0
1638,759,0.35081717371940613,0
1638,1907,0.37290671467781067,0
1638,2446,0.3508880138397217,0
1638,3809,0.3481617867946625,0
1638,3018,0.34842735528945923,0
246,246,0.3438572883605957,1
246,498,0.3502105474472046,0
246,372,0.35520124435424805,0
246,202,0.3735921084880829,0
246,1555,0.3474748432636261,0
246,554,0.3525310456752777,0
246,4117,0.3360285758972168,0
246,1917,0.3415380120277405,0
246,2770,0.34297946095466614,0
246,1769,0.3541051745414734,0
246,56,0.364632248878479,0
246,2716,0.3491511642932892,0
246,733,0.3579988181591034,0
246,3504,0.35437020659446716,0
246,284,0.3689783811569214,0
246,2489,0.39294588565826416,0
246,1256,0.339326411485672,0
246,2000,0.3440956473350525,0
246,2557,0.3504670262336731,0
246,3118,0.34179413318634033,0
1775,1775,0.33290180563926697,1
1775,3245,0.34782007336616516,0
1775,1176,0.34109944105148315,0
1775,494,0.3393861949443817,0
1775,3963,0.34562820196151733,0
1775,2848,0.34000155329704285,0
1775,594,0.35877132415771484,0
1775,2485,0.3703410029411316,0
1775,3501,0.337782084941864,0
1775,2305,0.33711153268814087,0
1775,2117,0.34829941391944885,0
1775,2419,0.33388203382492065,0
1775,518,0.34322690963745117,0
1775,292,0.34163522720336914,0
1775,188,0.33264100551605225,0
1775,2178,0.3438190817832947,0
1775,3905,0.33655962347984314,0
1775,1053,0.33551859855651855,0
1775,2307,0.33573591709136963,0
1775,3442,0.3391505479812622,0
4040,4040,0.34662097692489624,1
4040,340,0.3517136871814728,0
4040,605,0.3596004545688629,0
4040,3194,0.351080060005188,0
4040,2002,0.3575771450996399,0
4040,3640,0.35067349672317505,0
4040,66,0.35445478558540344,0
4040,2841,0.35993456840515137,0
4040,623,0.3546101450920105,0
4040,1880,0.36356183886528015,0
4040,122,0.3773626387119293,0
4040,2332,0.35332202911376953,0
4040,2778,0.3541640043258667,0
4040,1473,0.3632068634033203,0
4040,1291,0.3483106195926666,0
4040,3342,0.3547884225845337,0
4040,861,0.3504753112792969,0
4040,1159,0.376930296421051,0
4040,1283,0.35991156101226807,0
4040,1550,0.38162657618522644,0
3733,3733,0.34249168634414673,1
3733,1275,0.35534390807151794,0
3733,3623,0.3405531346797943,0
3733,2428,0.3546416759490967,0
3733,2237,0.341937392950058,0
3733,963,0.33897843956947327,0
3733,2864,0.35210028290748596,0
3733,1670,0.36240705847740173,0
3733,132,0.3858019709587097,0
3733,2817,0.3437833786010742,0
3733,2962,0.3425474166870117,0
3733,1840,0.3709067702293396,0
3733,2978,0.3416171371936798,0
3733,3302,0.3447696566581726,0
3733,2007,0.3447139859199524,0
3733,2358,0.34542107582092285,0
3733,2835,0.3429325222969055,0
3733,3332,0.3432573676109314,0
3733,1785,0.34729278087615967,0
3733,1859,0.35931044816970825,0
414,414,0.3573839068412781,1
414,3221,0.3393997550010681,0
414,1115,0.34231460094451904,0
414,230,0.37152108550071716,0
414,87,0.35930147767066956,0
414,815,0.3597046434879303,0
414,386,0.3534906804561615,0
414,653,0.371096134185791,0
414,385,0.36721765995025635,0
414,203,0.3560405671596527,0
414,1150,0.34913524985313416,0
414,3102,0.3444238305091858,0
414,1523,0.34471839666366577,0
414,1118,0.3736605942249298,0
414,1468,0.35390985012054443,0
414,4083,0.34378618001937866,0
414,2483,0.3459056317806244,0
414,535,0.3644518256187439,0
414,3386,0.3510100245475769,0
414,737,0.36452716588974,0
630,630,0.3460632562637329,1
630,3822,0.3480570912361145,0
630,1564,0.353013813495636,0
630,2678,0.35359442234039307,0
630,3417,0.3579186201095581,0
630,4159,0.354347825050354,0
630,3689,0.34291398525238037,0
630,1201,0.35395899415016174,0
630,12,0.37546247243881226,0
630,2091,0.3453797698020935,0
630,3834,0.37290969491004944,0
630,3625,0.3510715067386627,0
630,9,0.37346869707107544,0
630,3545,0.3474765717983246,0
630,1493,0.3650124669075012,0
630,307,0.3679656386375427,0
630,3894,0.3531452417373657,0
630,3004,0.3494885265827179,0
630,3145,0.35419195890426636,0
630,1714,0.35546594858169556,0
1718,1718,0.348797082901001,1
1718,45,0.3550189137458801,0
1718,1352,0.3557828664779663,0
1718,3643,0.34722989797592163,0
1718,1085,0.40329185128211975,0
1718,4123,0.34163403511047363,0
1718,1614,0.3443257212638855,0
1718,3202,0.35504305362701416,0
1718,3706,0.34900856018066406,0
1718,1359,0.3506697714328766,0
1718,736,0.37575384974479675,0
1718,2135,0.3500557541847229,0
1718,639,0.3780982494354248,0
1718,2680,0.355907678604126,0
1718,1174,0.35513508319854736,0
1718,2163,0.35403329133987427,0
1718,1172,0.3552826941013336,0
1718,1185,0.34650808572769165,0
1718,3411,0.35307538509368896,0
1718,4169,0.3482651114463806,0
2379,2379,0.36736980080604553,1
2379,284,0.3787422180175781,0
2379,3186,0.3427981436252594,0
2379,3511,0.3495650887489319,0
2379,1114,0.35223454236984253,0
2379,1032,0.35223913192749023,0
2379,930,0.3605128824710846,0
2379,2439,0.3492226302623749,0
2379,3269,0.3491781949996948,0
2379,301,0.36484017968177795,0
2379,1388,0.3682408928871155,0
2379,4080,0.34054329991340637,0
2379,1787,0.36354443430900574,0
2379,1096,0.34086161851882935,0
2379,2019,0.34943899512290955,0
2379,3103,0.3540835976600647,0
2379,2610,0.34760782122612,0
2379,2357,0.3415999412536621,0
2379,4128,0.34789028763771057,0
2379,559,0.34718266129493713,0
73,73,0.3494201898574829,1
73,3409,0.339367538690567,0
73,14,0.3511430025100708,0
73,592,0.36350715160369873,0
73,1976,0.35323211550712585,0
73,2556,0.34099340438842773,0
73,361,0.34109318256378174,0
73,2379,0.3568587601184845,0
73,240,0.36520010232925415,0
73,2833,0.34292465448379517,0
73,3467,0.34064963459968567,0
73,2405,0.34210914373397827,0
73,2454,0.3659256100654602,0
73,3949,0.3500942587852478,0
73,658,0.3750842213630676,0
73,2602,0.3394545018672943,0
73,1646,0.34313398599624634,0
73,3775,0.3435813784599304,0
73,2212,0.34065014123916626,0
73,2468,0.3426874876022339,0
898,898,0.3556288480758667,1
898,576,0.34089744091033936,0
898,1334,0.3579539656639099,0
898,241,0.34397342801094055,0
898,2642,0.3462623953819275,0
898,1603,0.3471669554710388,0
898,206,0.3422127962112427,0
898,3714,0.34731388092041016,0
898,524,0.3432440757751465,0
898,2220,0.3477310538291931,0
898,3904,0.34721285104751587,0
898,2300,0.3684759736061096,0
898,3046,0.3485715389251709,0
898,475,0.3737933337688446,0
898,3057,0.34746596217155457,0
898,2332,0.34425249695777893,0
898,1916,0.3432246446609497,0
898,2870,0.3426200747489929,0
898,719,0.35990118980407715,0
898,4039,0.33981502056121826,0
1014,1014,0.36943548917770386,1
1014,2630,0.34550634026527405,0
1014,1704,0.39244958758354187,0
1014,1883,0.3542937934398651,0
1014,3896,0.34288737177848816,0
1014,1753,0.3658512830734253,0
1014,1206,0.3819926679134369,0
1014,1758,0.33558547496795654,0
1014,2068,0.3597252368927002,0
1014,120,0.3432656526565552,0
1014,4081,0.33647599816322327,0
1014,2814,0.3444361090660095,0
1014,2524,0.3418666124343872,0
1014,1838,0.3516365885734558,0
1014,1097,0.3615100681781769,0
1014,4118,0.34340396523475647,0
1014,3034,0.3464689254760742,0
1014,616,0.36483481526374817,0
1014,18,0.3495439887046814,0
1014,602,0.35168319940567017,0
3385,3385,0.33511775732040405,1
3385,399,0.35650157928466797,0
3385,1737,0.3355410695075989,0
3385,1908,0.3504766821861267,0
3385,243,0.3451734185218811,0
3385,2291,0.3398202657699585,0
3385,3211,0.35778993368148804,0
3385,3249,0.3440583348274231,0
3385,640,0.33890849351882935,0
3385,1629,0.35733288526535034,0
3385,103,0.3461366295814514,0
3385,1055,0.3377279043197632,0
3385,2145,0.33574628829956055,0
3385,2761,0.34089627861976624,0
3385,3966,0.33475935459136963,0
3385,748,0.34205204248428345,0
3385,3219,0.3403592109680176,0
3385,3512,0.33717209100723267,0
3385,3140,0.33832812309265137,0
3385,3970,0.3412877023220062,0
649,649,0.3777950704097748,1
649,311,0.34795811772346497,0
649,1543,0.36301153898239136,0
649,261,0.3500691056251526,0
649,1020,0.34862473607063293,0
649,2239,0.3776412010192871,0
649,820,0.34637391567230225,0
649,907,0.34898877143859863,0
649,3674,0.3473338484764099,0
649,2838,0.3677471876144409,0
649,322,0.351563423871994,0
649,4048,0.36662542819976807,0
649,897,0.3660425543785095,0
649,38,0.36560291051864624,0
649,573,0.36647507548332214,0
649,2746,0.3492255210876465,0
649,3979,0.34519141912460327,0
649,2565,0.35193759202957153,0
649,863,0.35026198625564575,0
649,2419,0.3443356156349182,0
1946,1946,0.3450620770454407,1
1946,1623,0.3455786108970642,0
1946,1973,0.3468548059463501,0
1946,1214,0.3554460406303406,0
1946,1819,0.3778466284275055,0
1946,1133,0.3788086771965027,0
1946,2726,0.3578891158103943,0
1946,4046,0.3489389419555664,0
1946,1680,0.37835660576820374,0
1946,1848,0.36444810032844543,0
1946,3766,0.34541958570480347,0
1946,3097,0.3519740700721741,0
1946,2803,0.3399659991264343,0
1946,2715,0.3444523811340332,0
1946,4138,0.3484060764312744,0
1946,2198,0.3436225652694702,0
1946,1536,0.3429078459739685,0
1946,3489,0.3445037007331848,0
1946,3963,0.35072386264801025,0
1946,3655,0.3460008203983307,0
3981,3981,0.346327543258667,1
3981,2170,0.390359491109848,0
3981,3153,0.35086745023727417,0
3981,470,0.3857257068157196,0
3981,1221,0.3619104027748108,0
3981,3592,0.35469791293144226,0
3981,453,0.35483628511428833,0
3981,786,0.3497752845287323,0
3981,149,0.35094496607780457,0
3981,2579,0.36074545979499817,0
3981,3071,0.35353678464889526,0
3981,1567,0.3501410484313965,0
3981,193,0.3928699195384979,0
3981,3946,0.3465355634689331,0
3981,2284,0.35808104276657104,0
3981,2406,0.3498055934906006,0
3981,2929,0.34398868680000305,0
3981,2070,0.3545362651348114,0
3981,1682,0.35496723651885986,0
3981,448,0.3673008978366852,0
809,809,0.3372100591659546,1
809,2404,0.34433069825172424,0
809,2994,0.35054343938827515,0
809,1605,0.35594648122787476,0
809,4137,0.3460901379585266,0
809,456,0.3467766046524048,0
809,1980,0.33780986070632935,0
809,680,0.3595517575740814,0
809,1651,0.3527083992958069,0
809,2856,0.3463907241821289,0
809,719,0.35793575644493103,0
809,2444,0.3380444347858429,0
809,4049,0.3404473066329956,0
809,2075,0.3428768813610077,0
809,70,0.35388368368148804,0
809,3272,0.34554678201675415,0
809,2714,0.342085599899292,0
809,3807,0.3445926904678345,0
809,3644,0.347888708114624,0
809,1948,0.3453179597854614,0
2008,2008,0.34482985734939575,1
2008,39,0.3464577794075012,0
2008,547,0.35590308904647827,0
2008,3650,0.3426305055618286,0
2008,3123,0.34555137157440186,0
2008,2885,0.3488271236419678,0
2008,4144,0.3460337519645691,0
2008,520,0.3434576392173767,0
2008,3940,0.3442952036857605,0
2008,421,0.3494805693626404,0
2008,958,0.34889113903045654,0
2008,385,0.36693498492240906,0
2008,1883,0.358672171831131,0
2008,3365,0.353613018989563,0
2008,2652,0.3512329161167145,0
2008,356,0.3527599275112152,0
2008,3472,0.34307336807250977,0
2008,3185,0.34382522106170654,0
2008,151,0.3521784842014313,0
2008,2348,0.3684752583503723,0
2694,2694,0.341717004776001,1
2694,2099,0.3459746837615967,0
2694,3383,0.3444635272026062,0
2694,1238,0.3431931138038635,0
2694,3884,0.3468310534954071,0
2694,2962,0.34528252482414246,0
2694,2007,0.34697723388671875,0
2694,2422,0.34230202436447144,0
2694,3963,0.3493180572986603,0
2694,1662,0.3490779995918274,0
2694,2059,0.35530203580856323,0
2694,1757,0.348736971616745,0
2694,3276,0.34170788526535034,0
2694,2280,0.350966215133667,0
2694,2564,0.36697492003440857,0
2694,1813,0.352041095495224,0
2694,367,0.35205501317977905,0
2694,3686,0.35944604873657227,0
2694,3294,0.3414711654186249,0
2694,522,0.3516610562801361,0
3327,3327,0.3524792790412903,1
3327,3406,0.35064536333084106,0
3327,2822,0.3473796844482422,0
3327,1195,0.3456664979457855,0
3327,3948,0.3480284810066223,0
3327,1501,0.34278246760368347,0
3327,3995,0.3501107692718506,0
3327,1378,0.3545351028442383,0
3327,3140,0.34827569127082825,0
3327,177,0.3692483603954315,0
3327,3795,0.3436482846736908,0
3327,1535,0.3700978755950928,0
3327,3489,0.3490232825279236,0
3327,4020,0.34518009424209595,0
3327,2176,0.3562535047531128,0
3327,1910,0.3513561189174652,0
3327,2668,0.3483016788959503,0
3327,2989,0.3623298406600952,0
3327,1573,0.34193241596221924,0
3327,2286,0.35946837067604065,0
3268,3268,0.3508504033088684,1
3268,3190,0.35460764169692993,0
3268,3005,0.3521602749824524,0
3268,2024,0.35541144013404846,0
3268,182,0.35305294394493103,0
3268,2301,0.379221111536026,0
3268,1093,0.35911473631858826,0
3268,3668,0.3677147924900055,0
3268,3753,0.35257214307785034,0
3268,2916,0.3514968752861023,0
3268,937,0.3632660508155823,0
3268,3644,0.36264318227767944,0
3268,2851,0.3514252007007599,0
3268,2775,0.36896151304244995,0
3268,2525,0.34985172748565674,0
3268,154,0.38456398248672485,0
3268,1728,0.36984071135520935,0
3268,2062,0.3848991394042969,0
3268,3967,0.3677791357040405,0
3268,3183,0.3740502893924713,0
2493,2493,0.35103803873062134,1
2493,2008,0.35146817564964294,0
2493,984,0.3520684242248535,0
2493,1436,0.37094932794570923,0
2493,43,0.36783361434936523,0
2493,3572,0.3473598062992096,0
2493,1575,0.37111636996269226,0
2493,833,0.38266417384147644,0
2493,321,0.363558292388916,0
2493,962,0.3464389443397522,0
2493,2115,0.3493139147758484,0
2493,1676,0.35534733533859253,0
2493,2298,0.3711021840572357,0
2493,3919,0.35119348764419556,0
2493,863,0.3530452251434326,0
2493,1646,0.3539177477359772,0
2493,2966,0.35100865364074707,0
2493,2190,0.3519185781478882,0
2493,826,0.36373358964920044,0
2493,215,0.3703436255455017,0
1039,1039,0.36874139308929443,1
1039,1538,0.3811352849006653,0
1039,3358,0.37556666135787964,0
1039,2998,0.38203176856040955,0
1039,2392,0.37004953622817993,0
1039,2829,0.3491007089614868,0
1039,3971,0.34337300062179565,0
1039,2509,0.33520805835723877,0
1039,3922,0.35094892978668213,0
1039,652,0.3659988343715668,0
1039,3122,0.33971381187438965,0
1039,3763,0.35765671730041504,0
1039,3360,0.34364843368530273,0
1039,1636,0.3532645106315613,0
1039,1561,0.36365145444869995,0
1039,3491,0.3477957844734192,0
1039,3807,0.3488192558288574,0
1039,671,0.3524383008480072,0
1039,1676,0.35030630230903625,0
1039,514,0.3463008999824524,0
711,711,0.3373214900493622,1
711,2881,0.3605979084968567,0
711,823,0.34082505106925964,0
711,737,0.3638249635696411,0
711,1651,0.35205504298210144,0
711,641,0.3656718134880066,0
711,3965,0.3376331627368927,0
711,1336,0.3375651240348816,0
711,1127,0.3412504494190216,0
711,3117,0.3399645686149597,0
711,94,0.3833981156349182,0
711,3249,0.34584590792655945,0
711,1766,0.34828853607177734,0
711,2765,0.3338002562522888,0
711,2920,0.331809401512146,0
711,2154,0.3441155254840851,0
711,1313,0.3335195481777191,0
711,2692,0.3540447950363159,0
711,1447,0.3733053207397461,0
711,2379,0.35774651169776917,0
3118,3118,0.33844032883644104,1
3118,1226,0.37167447805404663,0
3118,556,0.36197084188461304,0
3118,3693,0.3396916389465332,0
3118,4102,0.34546583890914917,0
3118,3283,0.3382866680622101,0
3118,1925,0.33692851662635803,0
3118,2906,0.3403070569038391,0
3118,3344,0.34041059017181396,0
3118,3539,0.35363155603408813,0
3118,1750,0.3413020372390747,0
3118,1176,0.3423575758934021,0
3118,2333,0.333828866481781,0
3118,3466,0.3439124524593353,0
3118,2980,0.33907192945480347,0
3118,1342,0.3405440151691437,0
3118,840,0.35490909218788147,0
3118,3282,0.3385857343673706,0
3118,613,0.34168902039527893,0
3118,2193,0.34570741653442383,0
2388,2388,0.3890010416507721,1
2388,1355,0.34889131784439087,0
2388,1430,0.3448948562145233,0
2388,2026,0.3482849895954132,0
2388,188,0.33679354190826416,0
2388,377,0.37659260630607605,0
2388,720,0.3437727689743042,0
2388,74,0.34514856338500977,0
2388,1420,0.34677162766456604,0
2388,2420,0.3494721055030823,0
2388,990,0.3480806350708008,0
2388,2801,0.3494744896888733,0
2388,2965,0.35172897577285767,0
2388,480,0.387016624212265,0
2388,2728,0.34909844398498535,0
2388,65,0.3718760311603546,0
2388,3832,0.3406490683555603,0
2388,3190,0.3472493886947632,0
2388,4156,0.33872896432876587,0
2388,605,0.35068026185035706,0
1887,1887,0.3576778173446655,1
1887,2484,0.3515922427177429,0
1887,2106,0.3501870632171631,0
1887,655,0.34853705763816833,0
1887,3728,0.3444415330886841,0
1887,2230,0.35365036129951477,0
1887,17,0.3673538267612457,0
1887,2980,0.3464902341365814,0
1887,1672,0.3490029573440552,0
1887,2478,0.35651251673698425,0
1887,2603,0.3417224884033203,0
1887,174,0.3451364040374756,0
1887,3066,0.35954540967941284,0
1887,979,0.3568122386932373,0
1887,1868,0.3496699929237366,0
1887,3655,0.35121989250183105,0
1887,214,0.3735920190811157,0
1887,817,0.3418341875076294,0
1887,3846,0.3437671661376953,0
1887,811,0.3688155710697174,0
1720,1720,0.3547070622444153,1
1720,3459,0.35240960121154785,0
1720,1304,0.34655749797821045,0
1720,2969,0.35076332092285156,0
1720,4028,0.34774601459503174,0
1720,2844,0.3413568139076233,0
1720,2381,0.36103659868240356,0
1720,3943,0.33756211400032043,0
1720,2799,0.34926727414131165,0
1720,2384,0.3499506413936615,0
1720,3334,0.35094234347343445,0
1720,971,0.35497981309890747,0
1720,1971,0.36053359508514404,0
1720,3912,0.342760294675827,0
1720,3141,0.3578953742980957,0
1720,2744,0.35506200790405273,0
1720,3881,0.35191988945007324,0
1720,3266,0.3472793698310852,0
1720,47,0.3403344750404358,0
1720,1347,0.3495190739631653,0
1968,1968,0.34392040967941284,1
1968,2363,0.3551292419433594,0
1968,847,0.3481924533843994,0
1968,2449,0.3520759642124176,0
1968,3022,0.3720199465751648,0
1968,310,0.37872499227523804,0
1968,1908,0.360592782497406,0
1968,2713,0.3553961515426636,0
1968,3064,0.3431001305580139,0
1968,1864,0.34600499272346497,0
1968,346,0.36705756187438965,0
1968,447,0.3872371315956116,0
1968,3922,0.3534264862537384,0
1968,2569,0.35162144899368286,0
1968,635,0.34469011425971985,0
1968,4126,0.34510672092437744,0
1968,1071,0.3733598589897156,0
1968,1521,0.34788528084754944,0
1968,2450,0.3530353009700775,0
1968,1735,0.34729593992233276,0
384,384,0.3427523970603943,1
384,177,0.3641268312931061,0
384,3131,0.3530736565589905,0
384,74,0.3420292139053345,0
384,1780,0.34279143810272217,0
384,973,0.3513343036174774,0
384,4035,0.354329377412796,0
384,3048,0.34100717306137085,0
384,697,0.367024302482605,0
384,299,0.3700762987136841,0
384,562,0.3667973577976227,0
384,1103,0.3414672017097473,0
384,3171,0.34420329332351685,0
384,3807,0.3461238145828247,0
384,1666,0.33946627378463745,0
384,3859,0.3425320088863373,0
384,1600,0.3461931645870209,0
384,3465,0.3530532121658325,0
384,1907,0.3626858592033386,0
384,1899,0.35329559445381165,0
1404,1404,0.3540239632129669,1
1404,2449,0.3529793918132782,0
1404,2837,0.3504936099052429,0
1404,3431,0.3571365773677826,0
1404,3220,0.35107189416885376,0
1404,1031,0.37160295248031616,0
1404,3287,0.35506075620651245,0
1404,1932,0.355535089969635,0
1404,1876,0.35358351469039917,0
1404,3456,0.350856214761734,0
1404,3854,0.3458380699157715,0
1404,1611,0.36406534910202026,0
1404,1104,0.3760979175567627,0
1404,2715,0.35132724046707153,0
1404,2376,0.37478530406951904,0
1404,2504,0.34625282883644104,0
1404,183,0.349429726600647,0
1404,2104,0.3705543875694275,0
1404,2784,0.35141491889953613,0
1404,3715,0.3468087613582611,0
3538,3538,0.3555244505405426,1
3538,1796,0.37775182723999023,0
3538,730,0.3659725785255432,0
3538,776,0.37912681698799133,0
3538,3607,0.3505914807319641,0
3538,525,0.35356318950653076,0
3538,2022,0.3588358759880066,0
3538,866,0.3791957199573517,0
3538,734,0.36612826585769653,0
3538,1518,0.36497044563293457,0
3538,2923,0.3501608073711395,0
3538,4062,0.3540324568748474,0
3538,3117,0.3517359495162964,0
3538,1244,0.3595448136329651,0
3538,2913,0.345697283744812,0
3538,156,0.379597544670105,0
3538,1235,0.36187854409217834,0
3538,709,0.3501352071762085,0
3538,3994,0.3527258038520813,0
3538,896,0.35683178901672363,0
839,839,0.3680129051208496,1
839,3208,0.3503653407096863,0
839,1306,0.3719664514064789,0
839,3907,0.3345335125923157,0
839,920,0.3795129060745239,0
839,2632,0.33968228101730347,0
839,2348,0.3814622163772583,0
839,3223,0.34474706649780273,0
839,1070,0.37443554401397705,0
839,848,0.3786718547344208,0
839,1637,0.3506847620010376,0
839,1629,0.37089303135871887,0
839,1988,0.3448120355606079,0
839,2465,0.3532814383506775,0
839,1053,0.3422708213329315,0
839,477,0.35231655836105347,0
839,859,0.34316903352737427,0
839,2671,0.36644142866134644,0
839,4005,0.34503650665283203,0
839,2854,0.35173100233078003,0
221,221,0.3433971405029297,1
221,1136,0.3358996510505676,0
221,306,0.3573506772518158,0
221,3816,0.3466067314147949,0
221,1660,0.3350669741630554,0
221,1154,0.34846341609954834,0
221,3540,0.34528154134750366,0
221,871,0.3388901352882385,0
221,3453,0.3393954336643219,0
221,476,0.34030014276504517,0
221,3570,0.3354591131210327,0
221,2112,0.3386378288269043,0
221,147,0.3684021830558777,0
221,3608,0.33824533224105835,0
221,2826,0.3449861705303192,0
221,3778,0.3384835720062256,0
221,443,0.35073912143707275,0
221,445,0.33943796157836914,0
221,813,0.34158623218536377,0
221,3321,0.34493356943130493,0
212,212,0.33501970767974854,1
212,2677,0.34433460235595703,0
212,2666,0.3375781774520874,0
212,459,0.35606202483177185,0
212,1107,0.3524523377418518,0
212,3866,0.3409416675567627,0
212,2069,0.33611565828323364,0
212,3753,0.33947715163230896,0
212,18,0.34719735383987427,0
212,2734,0.33270013332366943,0
212,1999,0.3370239734649658,0
212,2619,0.34258732199668884,0
212,2266,0.34401649236679077,0
212,1719,0.3398386240005493,0
212,568,0.36236685514450073,0
212,2979,0.3335540294647217,0
212,3640,0.3378291130065918,0
212,1583,0.355598509311676,0
212,104,0.36583787202835083,0
212,1579,0.3588052988052368,0
3148,3148,0.3432724177837372,1
3148,3394,0.3415892720222473,0
3148,3268,0.3402978777885437,0
3148,2064,0.34542936086654663,0
3148,2509,0.33040592074394226,0
3148,641,0.3622799217700958,0
3148,353,0.35141170024871826,0
3148,3390,0.34336456656455994,0
3148,1392,0.33833587169647217,0
3148,3149,0.3464311957359314,0
3148,1690,0.34100133180618286,0
3148,3030,0.34753090143203735,0
3148,3969,0.3482825756072998,0
3148,2725,0.3457674980163574,0
3148,104,0.36923444271087646,0
3148,3519,0.3462545871734619,0
3148,2558,0.34156882762908936,0
3148,1857,0.34480082988739014,0
3148,525,0.34553229808807373,0
3148,1409,0.3504335284233093,0
3331,3331,0.3489280939102173,1
3331,4011,0.34685227274894714,0
3331,2439,0.351789265871048,0
3331,1766,0.35996127128601074,0
3331,2945,0.36032208800315857,0
3331,419,0.355675607919693,0
3331,2133,0.3539549708366394,0
3331,1478,0.3423406183719635,0
3331,4084,0.36543506383895874,0
3331,1247,0.3524821400642395,0
3331,36,0.377899706363678,0
3331,153,0.3484440743923187,0
3331,347,0.3636022210121155,0
3331,365,0.3500722646713257,0
3331,1720,0.3598131537437439,0
3331,3928,0.3464690148830414,0
3331,2334,0.35541123151779175,0
3331,3748,0.35439470410346985,0
3331,1816,0.3592696785926819,0
3331,1859,0.3665768802165985,0
693,693,0.3495091497898102,1
693,3503,0.34624946117401123,0
693,390,0.37255173921585083,0
693,199,0.3830534517765045,0
693,841,0.3660029172897339,0
693,307,0.3690171241760254,0
693,1714,0.3459014296531677,0
693,2176,0.3542199730873108,0
693,942,0.3463594913482666,0
693,1940,0.3528730869293213,0
693,1824,0.34828808903694153,0
693,1255,0.3390890955924988,0
693,466,0.37554818391799927,0
693,2984,0.33546900749206543,0
693,250,0.3419865369796753,0
693,2972,0.3449205160140991,0
693,3470,0.34030500054359436,0
693,3053,0.36225655674934387,0
693,1331,0.3478851616382599,0
693,3428,0.3318646550178528,0
2285,2285,0.3590209186077118,1
2285,3712,0.3567597568035126,0
2285,398,0.38222694396972656,0
2285,2818,0.34919703006744385,0
2285,1643,0.34987425804138184,0
2285,2499,0.3399374186992645,0
2285,1836,0.37823203206062317,0
2285,3764,0.3471677005290985,0
2285,1075,0.35638630390167236,0
2285,1765,0.34630337357521057,0
2285,307,0.3754875659942627,0
2285,693,0.3567323386669159,0
2285,1281,0.3359394073486328,0
2285,2168,0.34926852583885193,0
2285,1203,0.35113877058029175,0
2285,70,0.3715820908546448,0
2285,318,0.3859036862850189,0
2285,3252,0.3883530795574188,0
2285,1343,0.3549383282661438,0
2285,1200,0.3914337158203125,0
2588,2588,0.3513156473636627,1
2588,271,0.3660525381565094,0
2588,1261,0.36392149329185486,0
2588,3403,0.3488912582397461,0
2588,2027,0.34762462973594666,0
2588,1428,0.36422547698020935,0
2588,3699,0.3687576651573181,0
2588,1682,0.3554609417915344,0
2588,1390,0.3544560670852661,0
2588,3989,0.3526937663555145,0
2588,2137,0.3515779376029968,0
2588,630,0.3473145365715027,0
2588,1921,0.3552893400192261,0
2588,2654,0.35117456316947937,0
2588,3100,0.36687347292900085,0
2588,3598,0.36104702949523926,0
2588,54,0.35933735966682434,0
2588,2733,0.3776146173477173,0
2588,2926,0.34769925475120544,0
2588,497,0.3654298186302185,0
453,453,0.3512022793292999,1
453,3737,0.3443949222564697,0
453,1834,0.3578031659126282,0
453,3011,0.34715282917022705,0
453,1333,0.3488544821739197,0
453,1906,0.3453657627105713,0
453,1865,0.34900718927383423,0
453,2112,0.34675008058547974,0
453,1873,0.3366316556930542,0
453,1386,0.3673577308654785,0
453,3986,0.3395460247993469,0
453,2431,0.344775915145874,0
453,803,0.35943377017974854,0
453,3893,0.3415830135345459,0
453,2868,0.340472936630249,0
453,3298,0.3486528992652893,0
453,1548,0.35506588220596313,0
453,2753,0.3525983691215515,0
453,412,0.3568474054336548,0
453,3599,0.3548123240470886,0
913,913,0.3572509288787842,1
913,840,0.36381012201309204,0
913,1832,0.3711478114128113,0
913,183,0.34792909026145935,0
913,771,0.4181939959526062,0
913,677,0.3444026708602905,0
913,515,0.3579406142234802,0
913,591,0.35417938232421875,0
913,376,0.3419897258281708,0
913,1627,0.35947898030281067,0
913,3412,0.35358449816703796,0
913,78,0.35955214500427246,0
913,3059,0.3656023442745209,0
913,1921,0.3542196750640869,0
913,1285,0.3820243179798126,0
913,2781,0.35019776225090027,0
913,2101,0.3518688380718231,0
913,2524,0.35189709067344666,0
913,64,0.35180971026420593,0
913,4164,0.3482089638710022,0
1965,1965,0.3464459478855133,1
1965,680,0.36407172679901123,0
1965,1134,0.3465743958950043,0
1965,754,0.3784060478210449,0
1965,3534,0.34550052881240845,0
1965,2532,0.35887765884399414,0
1965,3759,0.34544941782951355,0
1965,3099,0.3511248826980591,0
1965,1436,0.3638206720352173,0
1965,1686,0.34901607036590576,0
1965,608,0.35503846406936646,0
1965,4172,0.3448905944824219,0
1965,2123,0.34875279664993286,0
1965,118,0.35066187381744385,0
1965,2888,0.34688544273376465,0
1965,563,0.35233205556869507,0
1965,2073,0.37383776903152466,0
1965,3839,0.34314075112342834,0
1965,104,0.3732755184173584,0
1965,37,0.36354225873947144,0
1494,1494,0.3548099994659424,1
1494,1456,0.3503551483154297,0
1494,4097,0.35448402166366577,0
1494,941,0.381786048412323,0
1494,305,0.3485831916332245,0
1494,955,0.34962552785873413,0
1494,333,0.36268678307533264,0
1494,4082,0.346831738948822,0
1494,3111,0.34891247749328613,0
1494,1559,0.35055798292160034,0
1494,2805,0.3520946502685547,0
1494,1158,0.35383957624435425,0
1494,896,0.36024582386016846,0
1494,2261,0.3572402894496918,0
1494,2014,0.36147522926330566,0
1494,1415,0.37630903720855713,0
1494,2192,0.3544265627861023,0
1494,297,0.3760318160057068,0
1494,400,0.3678566813468933,0
1494,549,0.37434840202331543,0
3651,3651,0.3493441939353943,1
3651,3057,0.3483958840370178,0
3651,3621,0.34525763988494873,0
3651,1093,0.34836700558662415,0
3651,3818,0.33997130393981934,0
3651,1064,0.3431044816970825,0
3651,3532,0.3558201193809509,0
3651,1795,0.34567826986312866,0
3651,962,0.33914291858673096,0
3651,1108,0.3570482134819031,0
3651,81,0.35207006335258484,0
3651,1502,0.348258912563324,0
3651,772,0.36115652322769165,0
3651,2046,0.3498435318470001,0
3651,1941,0.35101354122161865,0
3651,1360,0.3713393807411194,0
3651,60,0.34549811482429504,0
3651,2293,0.3467525243759155,0
3651,4111,0.34397298097610474,0
3651,1083,0.36563581228256226,0
3739,3739,0.3779776692390442,1
3739,3795,0.34127283096313477,0
3739,909,0.3640505075454712,0
3739,1990,0.3479921221733093,0
3739,946,0.3368636667728424,0
3739,3571,0.34180498123168945,0
3739,3251,0.3434522747993469,0
3739,1378,0.35605889558792114,0
3739,3735,0.34484609961509705,0
3739,3525,0.3508721590042114,0
3739,3234,0.3434109687805176,0
3739,2972,0.34714168310165405,0
3739,3392,0.3408856987953186,0
3739,3779,0.3392929434776306,0
3739,1701,0.3831479251384735,0
3739,2210,0.3363081216812134,0
3739,12,0.3794861435890198,0
3739,3614,0.3435274362564087,0
3739,2030,0.3522799015045166,0
3739,2338,0.34451866149902344,0
2626,2626,0.3443068563938141,1
2626,3858,0.3498338460922241,0
2626,55,0.3578287959098816,0
2626,3419,0.3348050117492676,0
2626,771,0.3937261700630188,0
2626,3818,0.34284496307373047,0
2626,1529,0.3727577328681946,0
2626,1414,0.34451526403427124,0
2626,2953,0.3458879590034485,0
2626,3024,0.3542160391807556,0
2626,1359,0.3484835624694824,0
2626,3810,0.34138423204421997,0
2626,434,0.3668011724948883,0
2626,3015,0.3664482831954956,0
2626,3409,0.34654009342193604,0
2626,121,0.36864179372787476,0
2626,1477,0.37261271476745605,0
2626,3420,0.34817489981651306,0
2626,2964,0.349875271320343,0
2626,3930,0.34364333748817444,0
1139,1139,0.35280561447143555,1
1139,4167,0.33705323934555054,0
1139,302,0.38058990240097046,0
1139,2692,0.35717910528182983,0
1139,2747,0.34343308210372925,0
1139,2919,0.36413198709487915,0
1139,2236,0.35409826040267944,0
1139,2834,0.3371583819389343,0
1139,2873,0.3349810540676117,0
1139,1966,0.35543376207351685,0
1139,3891,0.34192895889282227,0
1139,511,0.34568849205970764,0
1139,935,0.3357681334018707,0
1139,3690,0.34947896003723145,0
1139,2343,0.34434646368026733,0
1139,4020,0.33821356296539307,0
1139,1559,0.3398222327232361,0
1139,1321,0.3570263683795929,0
1139,1575,0.36426371335983276,0
1139,4007,0.33116793632507324,0
82,82,0.33880966901779175,1
82,1462,0.34619206190109253,0
82,2111,0.3660860061645508,0
82,4018,0.3428342640399933,0
82,109,0.34758520126342773,0
82,1927,0.3451855778694153,0
82,286,0.34764915704727173,0
82,3720,0.3386222720146179,0
82,3517,0.35581260919570923,0
82,1200,0.3689177632331848,0
82,284,0.3652239739894867,0
82,1421,0.33805057406425476,0
82,2895,0.33722180128097534,0
82,1375,0.3495912551879883,0
82,2340,0.3380466103553772,0
82,2145,0.33679163455963135,0
82,2137,0.3389829993247986,0
82,1517,0.35406118631362915,0
82,1057,0.34320443868637085,0
82,2833,0.34125980734825134,0
3713,3713,0.34936290979385376,1
3713,2908,0.34535151720046997,0
3713,2943,0.34751689434051514,0
3713,818,0.3471441864967346,0
3713,3378,0.35441717505455017,0
3713,5,0.3889515995979309,0
3713,2647,0.35589393973350525,0
3713,299,0.38399046659469604,0
3713,2586,0.34549659490585327,0
3713,511,0.3498888313770294,0
3713,3081,0.34015926718711853,0
3713,2306,0.35701286792755127,0
3713,3576,0.3800189197063446,0
3713,372,0.36275118589401245,0
3713,3651,0.3513783812522888,0
3713,3578,0.34034058451652527,0
3713,3627,0.34746843576431274,0
3713,4094,0.3482750356197357,0
3713,543,0.34900379180908203,0
3713,2211,0.3501782715320587,0
2137,2137,0.3472021222114563,1
2137,2623,0.34279099106788635,0
2137,2698,0.3497924208641052,0
2137,3440,0.3436775207519531,0
2137,1805,0.34607207775115967,0
2137,4111,0.34720760583877563,0
2137,3233,0.36605024337768555,0
2137,2595,0.3660488724708557,0
2137,183,0.3458687663078308,0
2137,4076,0.33517640829086304,0
2137,3062,0.34038862586021423,0
2137,1255,0.34331220388412476,0
2137,2552,0.4187960624694824,0
2137,1018,0.3493501543998718,0
2137,2653,0.3496180772781372,0
2137,3580,0.3703533411026001,0
2137,3320,0.3823103904724121,0
2137,887,0.34448421001434326,0
2137,2503,0.35219770669937134,0
2137,3619,0.34609341621398926,0
3946,3946,0.3473511338233948,1
3946,4029,0.3456922769546509,0
3946,2856,0.3562186360359192,0
3946,1677,0.38008129596710205,0
3946,349,0.35238805413246155,0
3946,717,0.3517659604549408,0
3946,3683,0.3602758049964905,0
3946,3842,0.3776949644088745,0
3946,1604,0.3484143614768982,0
3946,896,0.3581424355506897,0
3946,359,0.3455623686313629,0
3946,1521,0.34959715604782104,0
3946,129,0.37666720151901245,0
3946,3144,0.35224562883377075,0
3946,3750,0.3640645146369934,0
3946,1885,0.3621485233306885,0
3946,3493,0.3497105836868286,0
3946,1795,0.3524323105812073,0
3946,245,0.3506498336791992,0
3946,422,0.3868559002876282,0
2038,2038,0.3516698181629181,1
2038,3409,0.3463674783706665,0
2038,3767,0.3490986227989197,0
2038,1426,0.3656676113605499,0
2038,2643,0.3525811433792114,0
2038,2027,0.3416387140750885,0
2038,3912,0.3431520164012909,0
2038,570,0.3610498905181885,0
2038,3740,0.3539993166923523,0
2038,3495,0.3495182991027832,0
2038,1179,0.34456735849380493,0
2038,3681,0.34965965151786804,0
2038,1109,0.35183295607566833,0
2038,4011,0.3462766706943512,0
2038,2363,0.35317426919937134,0
2038,4066,0.3467332720756531,0
2038,621,0.3538046181201935,0
2038,1963,0.3416315019130707,0
2038,769,0.3507033586502075,0
2038,3054,0.3475571870803833,0
10,10,0.3438718914985657,1
10,2598,0.3590580224990845,0
10,2147,0.3476800322532654,0
10,1357,0.3463681638240814,0
10,1332,0.3460683226585388,0
10,1020,0.3459365963935852,0
10,29,0.3758601248264313,0
10,2528,0.3568192720413208,0
10,3496,0.33989644050598145,0
10,1342,0.34595996141433716,0
10,3253,0.3445203900337219,0
10,1608,0.34100407361984253,0
10,1245,0.3412497043609619,0
10,377,0.3692508935928345,0
10,1364,0.35288310050964355,0
10,1823,0.3428443372249603,0
10,3613,0.3528430163860321,0
10,1203,0.34652310609817505,0
10,1535,0.3694288730621338,0
10,2177,0.3526303768157959,0
122,122,0.3601343035697937,1
122,1816,0.3507344722747803,0
122,3007,0.34199345111846924,0
122,3365,0.35140442848205566,0
122,4100,0.342380166053772,0
122,2934,0.34199851751327515,0
122,2628,0.3488565683364868,0
122,612,0.34695374965667725,0
122,3316,0.3373137414455414,0
122,1480,0.35725513100624084,0
122,2490,0.33455565571784973,0
122,260,0.3464183807373047,0
122,1158,0.34594637155532837,0
122,2075,0.34478628635406494,0
122,2672,0.36320382356643677,0
122,418,0.3412058353424072,0
122,2885,0.3457626700401306,0
122,3726,0.3514949679374695,0
122,2293,0.34522876143455505,0
122,3704,0.33653658628463745,0
2936,2936,0.33977100253105164,1
2936,3321,0.3494812846183777,0
2936,3781,0.341946005821228,0
2936,895,0.3432645797729492,0
2936,1280,0.38722947239875793,0
2936,55,0.357730507850647,0
2936,3104,0.34844714403152466,0
2936,1969,0.3414737582206726,0
2936,4057,0.33564668893814087,0
2936,242,0.3926815390586853,0
2936,1316,0.340961217880249,0
2936,3289,0.3539397120475769,0
2936,872,0.36806660890579224,0
2936,2825,0.3448391556739807,0
2936,2173,0.358953595161438,0
2936,840,0.3586730360984802,0
2936,2296,0.3494313955307007,0
2936,666,0.3563026785850525,0
2936,1661,0.3698468804359436,0
2936,873,0.34640729427337646,0
291,291,0.35841184854507446,1
291,2482,0.3534250259399414,0
291,2214,0.34208929538726807,0
291,1921,0.350269615650177,0
291,3384,0.34424519538879395,0
291,628,0.34833991527557373,0
291,2250,0.3439491093158722,0
291,145,0.36277568340301514,0
291,2007,0.3511876165866852,0
291,2039,0.34500646591186523,0
291,901,0.37197932600975037,0
291,1948,0.351737380027771,0
291,1738,0.35080021619796753,0
291,1935,0.3474885821342468,0
291,3540,0.3535391688346863,0
291,3822,0.34487587213516235,0
291,2880,0.34680336713790894,0
291,2629,0.3525826632976532,0
291,484,0.35292381048202515,0
291,3273,0.3487483859062195,0
2405,2405,0.35104507207870483,1
2405,1872,0.3470190465450287,0
2405,4080,0.34364455938339233,0
2405,2372,0.3466791808605194,0
2405,3276,0.34823882579803467,0
2405,2583,0.3579683303833008,0
2405,1081,0.3876466751098633,0
2405,4139,0.3484486937522888,0
2405,1562,0.36197221279144287,0
2405,3762,0.3488394618034363,0
2405,2302,0.35006648302078247,0
2405,1139,0.36040008068084717,0
2405,3742,0.35046178102493286,0
2405,1780,0.3500972390174866,0
2405,3066,0.3651463985443115,0
2405,1494,0.35338401794433594,0
2405,638,0.3595724105834961,0
2405,730,0.37046074867248535,0
2405,2728,0.35445907711982727,0
2405,253,0.37569403648376465,0
1732,1732,0.3947994112968445,1
1732,2644,0.38258668780326843,0
1732,3115,0.3797219395637512,0
1732,596,0.34136730432510376,0
1732,3044,0.3470968008041382,0
1732,3578,0.3416018486022949,0
1732,204,0.3678341507911682,0
1732,489,0.36030158400535583,0
1732,2928,0.34487593173980713,0
1732,1615,0.3416130542755127,0
1732,964,0.3615586757659912,0
1732,3558,0.34851107001304626,0
1732,1271,0.37294426560401917,0
1732,3104,0.35096126794815063,0
1732,1503,0.34043294191360474,0
1732,2455,0.34848397970199585,0
1732,4005,0.34480494260787964,0
1732,869,0.3606342077255249,0
1732,40,0.3550183176994324,0
1732,4106,0.345078706741333,0
1542,1542,0.3439629077911377,1
1542,2287,0.3468549847602844,0
1542,2360,0.3512016534805298,0
1542,2034,0.3489103615283966,0
1542,977,0.35657942295074463,0
1542,2575,0.36978864669799805,0
1542,2000,0.3470172882080078,0
1542,32,0.34789979457855225,0
1542,57,0.3437120318412781,0
1542,2392,0.3696524500846863,0
1542,2927,0.357674241065979,0
1542,2157,0.3516385555267334,0
1542,3689,0.3372959792613983,0
1542,3458,0.3676791489124298,0
1542,2586,0.34719571471214294,0
1542,275,0.3447223901748657,0
1542,2173,0.35833948850631714,0
1542,973,0.35469844937324524,0
1542,3003,0.3461477756500244,0
1542,2888,0.3472640812397003,0
1770,1770,0.3333056569099426,1
1770,1735,0.3340635895729065,0
1770,2835,0.3391052484512329,0
1770,3898,0.34494367241859436,0
1770,2285,0.3453671932220459,0
1770,3479,0.33864450454711914,0
1770,1776,0.3588545620441437,0
1770,1074,0.36697012186050415,0
1770,1582,0.3366456627845764,0
1770,3891,0.33808189630508423,0
1770,2175,0.33950790762901306,0
1770,1933,0.34813958406448364,0
1770,2888,0.33894792199134827,0
1770,2091,0.33151838183403015,0
1770,1671,0.34262508153915405,0
1770,2887,0.33293384313583374,0
1770,2858,0.3465288281440735,0
1770,2364,0.34615302085876465,0
1770,2334,0.34403467178344727,0
1770,298,0.3517189919948578,0
1952,1952,0.34832334518432617,1
1952,2724,0.3513159453868866,0
1952,282,0.3719508647918701,0
1952,3942,0.35394373536109924,0
1952,1545,0.3433644771575928,0
1952,705,0.3479209840297699,0
1952,1654,0.35061317682266235,0
1952,2412,0.3562062382698059,0
1952,735,0.3614081144332886,0
1952,2215,0.3564409911632538,0
1952,4171,0.34222978353500366,0
1952,3799,0.34696823358535767,0
1952,1681,0.353007972240448,0
1952,1741,0.3774845600128174,0
1952,3719,0.34912875294685364,0
1952,2757,0.34511083364486694,0
1952,2631,0.38836735486984253,0
1952,3254,0.35161107778549194,0
1952,1622,0.3768380880355835,0
1952,3123,0.3474024534225464,0
2476,2476,0.36275678873062134,1
2476,2298,0.37643709778785706,0
2476,2627,0.35230177640914917,0
2476,2582,0.36206990480422974,0
2476,134,0.35264134407043457,0
2476,2910,0.35066890716552734,0
2476,37,0.37415239214897156,0
2476,2704,0.3719782829284668,0
2476,1463,0.3770174980163574,0
2476,4089,0.34417033195495605,0
2476,1104,0.3835489749908447,0
2476,3958,0.3458760380744934,0
2476,3104,0.352904736995697,0
2476,902,0.3765966296195984,0
2476,2367,0.3511378765106201,0
2476,1805,0.3474295139312744,0
2476,1931,0.3562272787094116,0
2476,1721,0.3415106534957886,0
2476,3575,0.3458561897277832,0
2476,389,0.3953040540218353,0
3193,3193,0.3450891971588135,1
3193,810,0.3370642066001892,0
3193,872,0.36032071709632874,0
3193,1528,0.3490951359272003,0
3193,424,0.3715422749519348,0
3193,1358,0.38238486647605896,0
3193,2291,0.3466632664203644,0
3193,1739,0.36123335361480713,0
3193,1840,0.36686718463897705,0
3193,1234,0.3438781499862671,0
3193,3130,0.3469100594520569,0
3193,1088,0.3445087671279907,0
3193,2634,0.3493233919143677,0
3193,3812,0.3412683606147766,0
3193,3032,0.3705190420150757,0
3193,369,0.3475293517112732,0
3193,2358,0.348258912563324,0
3193,1942,0.34035205841064453,0
3193,2168,0.3451869487762451,0
3193,2281,0.3421482741832733,0
2662,2662,0.3418503999710083,1
2662,2370,0.34228843450546265,0
2662,3391,0.38924556970596313,0
2662,3211,0.37366169691085815,0
2662,1891,0.340459406375885,0
2662,1241,0.35212981700897217,0
2662,3048,0.34207916259765625,0
2662,269,0.34570878744125366,0
2662,183,0.3427847921848297,0
2662,3726,0.3541271388530731,0
2662,1502,0.3472987711429596,0
2662,1993,0.346055805683136,0
2662,1103,0.34368351101875305,0
2662,2644,0.3792489767074585,0
2662,1902,0.34183648228645325,0
2662,1256,0.33937138319015503,0
2662,4136,0.35454750061035156,0
2662,4049,0.3435339331626892,0
2662,2434,0.3475280702114105,0
2662,335,0.38315948843955994,0
2981,2981,0.33518627285957336,1
2981,3480,0.33387163281440735,0
2981,1664,0.349449098110199,0
2981,3174,0.3418996334075928,0
2981,223,0.33872056007385254,0
2981,3860,0.3405100703239441,0
2981,335,0.38005268573760986,0
2981,3063,0.35660597681999207,0
2981,2865,0.34499165415763855,0
2981,2011,0.348419189453125,0
2981,1082,0.37088194489479065,0
2981,2359,0.3490898907184601,0
2981,309,0.3467327952384949,0
2981,355,0.35887444019317627,0
2981,1929,0.3405011296272278,0
2981,1451,0.36557120084762573,0
2981,3134,0.34362053871154785,0
2981,2585,0.34171992540359497,0
2981,3992,0.3379841446876526,0
2981,3734,0.33827489614486694,0
4016,4016,0.34477412700653076,1
4016,2853,0.34429872035980225,0
4016,211,0.3449242115020752,0
4016,2022,0.35791724920272827,0
4016,3049,0.3537653386592865,0
4016,3919,0.34765297174453735,0
4016,537,0.37045979499816895,0
4016,1641,0.4256017208099365,0
4016,1036,0.36910951137542725,0
4016,2821,0.35296082496643066,0
4016,364,0.3476397693157196,0
4016,398,0.3803778290748596,0
4016,2266,0.3532336354255676,0
4016,301,0.36611872911453247,0
4016,1312,0.3830035924911499,0
4016,3210,0.34595218300819397,0
4016,945,0.3403817415237427,0
4016,3343,0.3646489381790161,0
4016,123,0.3505505919456482,0
4016,823,0.35171371698379517,0
2490,2490,0.3344958424568176,1
2490,3229,0.37092775106430054,0
2490,4161,0.3443766236305237,0
2490,3717,0.38317161798477173,0
2490,2840,0.34215521812438965,0
2490,1694,0.34416645765304565,0
2490,2555,0.3445083200931549,0
2490,178,0.3702370822429657,0
2490,1842,0.3427146077156067,0
2490,3504,0.35719698667526245,0
2490,1191,0.33658576011657715,0
2490,335,0.3826797306537628,0
2490,296,0.34580349922180176,0
2490,3244,0.3407583236694336,0
2490,86,0.3405018746852875,0
2490,253,0.37022101879119873,0
2490,1173,0.34173402190208435,0
2490,610,0.3779259920120239,0
2490,633,0.3836183547973633,0
2490,1743,0.3542897701263428,0
243,243,0.3459169268608093,1
243,2423,0.36234694719314575,0
243,3847,0.33654531836509705,0
243,1167,0.34647420048713684,0
243,3508,0.33569297194480896,0
243,1756,0.34842395782470703,0
243,1663,0.39679354429244995,0
243,1055,0.33900612592697144,0
243,1834,0.3502982258796692,0
243,620,0.33935967087745667,0
243,410,0.3570419251918793,0
243,722,0.3378537595272064,0
243,1947,0.33754098415374756,0
243,2010,0.34989744424819946,0
243,3807,0.34379446506500244,0
243,3862,0.3371729850769043,0
243,3680,0.3403702974319458,0
243,1447,0.36620649695396423,0
243,2092,0.34414488077163696,0
243,4041,0.33949196338653564,0
2671,2671,0.37088680267333984,1
2671,2756,0.3574281334877014,0
2671,2574,0.3472657799720764,0
2671,229,0.3964179456233978,0
2671,2303,0.3740684688091278,0
2671,3840,0.3508043885231018,0
2671,1942,0.345950186252594,0
2671,3109,0.346701443195343,0
2671,4112,0.35159310698509216,0
2671,1256,0.3461410403251648,0
2671,3433,0.35875678062438965,0
2671,1994,0.3560408353805542,0
2671,3934,0.35338765382766724,0
2671,414,0.3647889494895935,0
2671,3829,0.35700759291648865,0
2671,1774,0.3722110390663147,0
2671,87,0.37040847539901733,0
2671,2802,0.34694766998291016,0
2671,3418,0.34947264194488525,0
2671,3624,0.34207940101623535,0
2193,2193,0.3451167345046997,1
2193,862,0.34796440601348877,0
2193,1475,0.34599682688713074,0
2193,837,0.3650102913379669,0
2193,1942,0.3391109108924866,0
2193,2369,0.3617258071899414,0
2193,850,0.3435298204421997,0
2193,716,0.35836872458457947,0
2193,880,0.3510018289089203,0
2193,3989,0.3424223065376282,0
2193,9,0.36528632044792175,0
2193,2660,0.34745997190475464,0
2193,2553,0.35997340083122253,0
2193,2719,0.3450843095779419,0
2193,330,0.37300291657447815,0
2193,874,0.3641347885131836,0
2193,3890,0.3405878245830536,0
2193,129,0.35970205068588257,0
2193,1801,0.34663423895835876,0
2193,3646,0.34964483976364136,0
1614,1614,0.3375891447067261,1
1614,1191,0.3375874161720276,0
1614,3372,0.34584805369377136,0
1614,1656,0.35698992013931274,0
1614,1952,0.34405699372291565,0
1614,2443,0.357776403427124,0
1614,784,0.34881114959716797,0
1614,524,0.34287968277931213,0
1614,187,0.35130175948143005,0
1614,293,0.34537017345428467,0
1614,2514,0.34879034757614136,0
1614,776,0.3719249665737152,0
1614,2216,0.3523799180984497,0
1614,3210,0.3410925269126892,0
1614,3873,0.3497183918952942,0
1614,747,0.3503727912902832,0
1614,522,0.3504902720451355,0
1614,2379,0.35920172929763794,0
1614,946,0.33598122000694275,0
1614,1688,0.3460419774055481,0
2620,2620,0.3677709400653839,1
2620,1679,0.3597138226032257,0
2620,3907,0.341927707195282,0
2620,3289,0.3659004867076874,0
2620,579,0.39295676350593567,0
2620,2180,0.3462960124015808,0
2620,2936,0.3491067886352539,0
2620,1750,0.35389959812164307,0
2620,1396,0.38289132714271545,0
2620,4045,0.3507436215877533,0
2620,3819,0.3530902564525604,0
2620,2806,0.36947938799858093,0
2620,795,0.3805726170539856,0
2620,1172,0.35996395349502563,0
2620,1067,0.3578869700431824,0
2620,2951,0.3608223497867584,0
2620,2888,0.3560904860496521,0
2620,3941,0.397680401802063,0
2620,591,0.35930097103118896,0
2620,2242,0.3571051359176636,0
3047,3047,0.34623298048973083,1
3047,652,0.37413835525512695,0
3047,1074,0.3757423758506775,0
3047,1391,0.34880656003952026,0
3047,975,0.349559485912323,0
3047,3471,0.35231471061706543,0
3047,1873,0.3355521559715271,0
3047,1578,0.34748464822769165,0
3047,2560,0.35301053524017334,0
3047,4082,0.34214603900909424,0
3047,1477,0.382327675819397,0
3047,1258,0.34894242882728577,0
3047,669,0.3510516285896301,0
3047,1461,0.3589343726634979,0
3047,3068,0.34688037633895874,0
3047,2938,0.39187997579574585,0
3047,1222,0.3737381100654602,0
3047,1766,0.35793083906173706,0
3047,1589,0.3617308735847473,0
3047,3855,0.3774653673171997,0
3290,3290,0.351856529712677,1
3290,970,0.3578665256500244,0
3290,2696,0.3442686200141907,0
3290,3785,0.3422606885433197,0
3290,766,0.34617727994918823,0
3290,4178,0.3453221321105957,0
3290,1245,0.3436052203178406,0
3290,1267,0.3813667297363281,0
3290,3596,0.35083192586898804,0
3290,1804,0.3469740152359009,0
3290,901,0.38425755500793457,0
3290,139,0.3775878846645355,0
3290,3463,0.34387707710266113,0
3290,43,0.371423602104187,0
3290,97,0.3784964084625244,0
3290,3680,0.3490679860115051,0
3290,265,0.37659284472465515,0
3290,3081,0.34257158637046814,0
3290,1756,0.3596041798591614,0
3290,1778,0.3516574501991272,0
3442,3442,0.3497462868690491,1
3442,847,0.3486042022705078,0
3442,145,0.37212151288986206,0
3442,3546,0.3532557785511017,0
3442,3615,0.34837502241134644,0
3442,2985,0.3462597131729126,0
3442,1099,0.34604355692863464,0
3442,2940,0.3684080243110657,0
3442,4157,0.35184383392333984,0
3442,782,0.4245641827583313,0
3442,956,0.38942933082580566,0
3442,913,0.3581835925579071,0
3442,4061,0.354750394821167,0
3442,2996,0.350434809923172,0
3442,2767,0.35184013843536377,0
3442,459,0.37255221605300903,0
3442,1289,0.35297784209251404,0
3442,1158,0.35325896739959717,0
3442,3424,0.350172221660614,0
3442,4158,0.34373360872268677,0
1289,1289,0.3484570384025574,1
1289,2449,0.3483225107192993,0
1289,1185,0.3421107828617096,0
1289,2568,0.3489208221435547,0
1289,2942,0.3480874001979828,0
1289,1812,0.3746252954006195,0
1289,959,0.3513057827949524,0
1289,3038,0.3525064289569855,0
1289,2868,0.3393867015838623,0
1289,1205,0.34928593039512634,0
1289,193,0.3779081106185913,0
1289,3427,0.3434872627258301,0
1289,1354,0.3615037798881531,0
1289,1065,0.3580511808395386,0
1289,983,0.36464351415634155,0
1289,1837,0.35204264521598816,0
1289,2026,0.3490731716156006,0
1289,1366,0.3593710660934448,0
1289,1176,0.3472900390625,0
1289,2859,0.34816774725914,0
1583,1583,0.3646518886089325,1
1583,3407,0.3456812798976898,0
1583,3143,0.3493605852127075,0
1583,3350,0.3602945804595947,0
1583,2216,0.3578992486000061,0
1583,3842,0.367997944355011,0
1583,1528,0.3517242968082428,0
1583,3336,0.3418063521385193,0
1583,947,0.37169694900512695,0
1583,3710,0.3451828360557556,0
1583,2658,0.3527560234069824,0
1583,156,0.3786228895187378,0
1583,2400,0.34708380699157715,0
1583,2272,0.35169717669487,0
1583,610,0.3709023594856262,0
1583,4086,0.3458377718925476,0
1583,828,0.35394150018692017,0
1583,1974,0.36989736557006836,0
1583,484,0.35312414169311523,0
1583,3215,0.3670610189437866,0
1904,1904,0.35417383909225464,1
1904,1427,0.38457202911376953,0
1904,3570,0.34637215733528137,0
1904,2500,0.3439426124095917,0
1904,664,0.35022497177124023,0
1904,1325,0.35496923327445984,0
1904,2135,0.35066425800323486,0
1904,1784,0.34410175681114197,0
1904,1812,0.37563061714172363,0
1904,2662,0.3478330075740814,0
1904,46,0.3776216208934784,0
1904,2905,0.35890886187553406,0
1904,1693,0.34753453731536865,0
1904,227,0.34274789690971375,0
1904,565,0.3464754521846771,0
1904,1643,0.3479226231575012,0
1904,3024,0.3561716675758362,0
1904,489,0.35881954431533813,0
1904,1770,0.34658730030059814,0
1904,81,0.3564506769180298,0
3422,3422,0.34371644258499146,1
3422,1102,0.3564651310443878,0
3422,1237,0.3461350202560425,0
3422,1815,0.36139559745788574,0
3422,882,0.37866201996803284,0
3422,70,0.36041420698165894,0
3422,753,0.3551928400993347,0
3422,3317,0.3425721526145935,0
3422,4137,0.3513193130493164,0
3422,530,0.3496279716491699,0
3422,2517,0.35234320163726807,0
3422,2551,0.34189990162849426,0
3422,2918,0.3526936173439026,0
3422,3448,0.3418924808502197,0
3422,468,0.35760828852653503,0
3422,3445,0.34472769498825073,0
3422,839,0.360360324382782,0
3422,1904,0.35102197527885437,0
3422,298,0.35685262084007263,0
3422,320,0.36553680896759033,0
716,716,0.36541616916656494,1
716,1829,0.3637111186981201,0
716,304,0.35138800740242004,0
716,3196,0.3455345332622528,0
716,3870,0.3435186743736267,0
716,1093,0.35277312994003296,0
716,2011,0.35239970684051514,0
716,2470,0.34888067841529846,0
716,1489,0.3777768611907959,0
716,2263,0.38085266947746277,0
716,1539,0.4219741225242615,0
716,2902,0.3609461486339569,0
716,3175,0.3451947271823883,0
716,393,0.3746597468852997,0
716,4169,0.3416845202445984,0
716,3213,0.34178397059440613,0
716,53,0.3675909638404846,0
716,2087,0.3692580461502075,0
716,2079,0.3574351668357849,0
716,2610,0.34630805253982544,0
3480,3480,0.33771127462387085,1
3480,2193,0.34669387340545654,0
3480,604,0.3622778654098511,0
3480,2980,0.3429291844367981,0
3480,2793,0.35053741931915283,0
3480,2321,0.362959623336792,0
3480,1985,0.3427736759185791,0
3480,1801,0.34806954860687256,0
3480,3788,0.3451898992061615,0
3480,1958,0.3407251238822937,0
3480,639,0.3736552298069,0
3480,669,0.3481040596961975,0
3480,1322,0.3674861788749695,0
3480,3367,0.3590475916862488,0
3480,2463,0.3394290506839752,0
3480,4022,0.3462301790714264,0
3480,2725,0.34890973567962646,0
3480,442,0.3432379961013794,0
3480,2663,0.3638046383857727,0
3480,3647,0.3446996510028839,0
3678,3678,0.3458111882209778,1
3678,1821,0.3575003445148468,0
3678,3714,0.3514334559440613,0
3678,1772,0.34282997250556946,0
3678,3115,0.37038862705230713,0
3678,1210,0.3482251763343811,0
3678,3118,0.34540724754333496,0
3678,3221,0.3414207696914673,0
3678,3258,0.3488178253173828,0
3678,3719,0.34729641675949097,0
3678,3754,0.3513241410255432,0
3678,1644,0.3510487973690033,0
3678,2277,0.35356640815734863,0
3678,2104,0.3676385283470154,0
3678,3646,0.3533591032028198,0
3678,3477,0.3548014760017395,0
3678,1302,0.3546176552772522,0
3678,2333,0.3409951627254486,0
3678,2823,0.34670424461364746,0
3678,1677,0.37008166313171387,0
1561,1561,0.3661649823188782,1
1561,1051,0.3792193830013275,0
1561,2918,0.35666143894195557,0
1561,1153,0.3450005054473877,0
1561,892,0.3509158492088318,0
1561,594,0.3620688319206238,0
1561,1290,0.3505953848361969,0
1561,2467,0.34997671842575073,0
1561,1488,0.3495893180370331,0
1561,1900,0.3492717146873474,0
1561,2166,0.35113269090652466,0
1561,1502,0.35425448417663574,0
1561,3539,0.35962820053100586,0
1561,1977,0.36371347308158875,0
1561,1054,0.3709242343902588,0
1561,468,0.36139050126075745,0
1561,2228,0.3555489778518677,0
1561,3639,0.34175676107406616,0
1561,224,0.36763590574264526,0
1561,2766,0.3544769287109375,0
2407,2407,0.3878248333930969,1
2407,312,0.3486013114452362,0
2407,1083,0.3828423321247101,0
2407,277,0.3643866181373596,0
2407,2296,0.35861992835998535,0
2407,2983,0.34832602739334106,0
2407,448,0.37045204639434814,0
2407,2382,0.37490788102149963,0
2407,3930,0.34918373823165894,0
2407,2279,0.3695739209651947,0
2407,316,0.38798466324806213,0
2407,3648,0.35398900508880615,0
2407,3917,0.35741177201271057,0
2407,930,0.36579227447509766,0
2407,151,0.36145296692848206,0
2407,2244,0.3745036721229553,0
2407,2525,0.3498581051826477,0
2407,2452,0.42328354716300964,0
2407,3971,0.3485821485519409,0
2407,3143,0.35579347610473633,0
1677,1677,0.3663825988769531,1
1677,3460,0.35597914457321167,0
1677,4110,0.350802481174469,0
1677,3864,0.34155744314193726,0
1677,3951,0.3419179916381836,0
1677,1154,0.35432717204093933,0
1677,1610,0.3531060218811035,0
1677,1353,0.34367862343788147,0
1677,3577,0.348945289850235,0
1677,432,0.35627973079681396,0
1677,3651,0.34990018606185913,0
1677,519,0.3496584892272949,0
1677,1848,0.3583952784538269,0
1677,596,0.3404470980167389,0
1677,700,0.3610352873802185,0
1677,803,0.3571317791938782,0
1677,188,0.33827123045921326,0
1677,2006,0.34287819266319275,0
1677,2155,0.35851532220840454,0
1677,1180,0.3458116054534912,0
3896,3896,0.3465266823768616,1
3896,540,0.33866578340530396,0
3896,1440,0.3507194221019745,0
3896,314,0.3739146888256073,0
3896,410,0.3667846918106079,0
3896,3556,0.34008166193962097,0
3896,2089,0.34814226627349854,0
3896,2601,0.3439440429210663,0
3896,1892,0.35777461528778076,0
3896,1417,0.3392834961414337,0
3896,2002,0.3494022786617279,0
3896,2693,0.34727591276168823,0
3896,667,0.388834148645401,0
3896,2236,0.35666942596435547,0
3896,1806,0.36097145080566406,0
3896,1508,0.3531511127948761,0
3896,904,0.34379810094833374,0
3896,334,0.35922059416770935,0
3896,3464,0.34480249881744385,0
3896,2473,0.3886096179485321,0
3724,3724,0.3369893729686737,1
3724,3841,0.3433224558830261,0
3724,1517,0.3648371696472168,0
3724,1820,0.34353846311569214,0
3724,3653,0.3460392355918884,0
3724,1900,0.3424239754676819,0
3724,2319,0.41701316833496094,0
3724,170,0.3820521831512451,0
3724,1217,0.34503453969955444,0
3724,3972,0.3436252176761627,0
3724,2911,0.34547239542007446,0
3724,1791,0.3513610363006592,0
3724,1963,0.33789491653442383,0
3724,1712,0.387520968914032,0
3724,429,0.3521507680416107,0
3724,2921,0.3481144309043884,0
3724,483,0.3468610942363739,0
3724,715,0.3607281744480133,0
3724,838,0.37931546568870544,0
3724,3056,0.3440759778022766,0
3519,3519,0.3537939786911011,1
3519,3366,0.3461668789386749,0
3519,195,0.35717952251434326,0
3519,607,0.34472131729125977,0
3519,3096,0.353134423494339,0
3519,3112,0.38050541281700134,0
3519,3106,0.3900218605995178,0
3519,3924,0.34644657373428345,0
3519,408,0.37277063727378845,0
3519,2777,0.3494253158569336,0
3519,1026,0.3699204921722412,0
3519,1163,0.34204161167144775,0
3519,3311,0.3485104441642761,0
3519,1679,0.3528916537761688,0
3519,2667,0.37872034311294556,0
3519,4170,0.3556056320667267,0
3519,1584,0.37905216217041016,0
3519,3157,0.34818077087402344,0
3519,2507,0.3545759320259094,0
3519,950,0.3723994791507721,0
3623,3623,0.3491814136505127,1
3623,2386,0.35353490710258484,0
3623,1970,0.38890087604522705,0
3623,3647,0.348867803812027,0
3623,650,0.3907445967197418,0
3623,2838,0.37455740571022034,0
3623,937,0.36040258407592773,0
3623,3816,0.3581996262073517,0
3623,1959,0.3480680584907532,0
3623,446,0.3756599724292755,0
3623,865,0.35722267627716064,0
3623,2658,0.3561035692691803,0
3623,1849,0.34110644459724426,0
3623,2758,0.36814212799072266,0
3623,3441,0.36386024951934814,0
3623,2012,0.3459969758987427,0
3623,3857,0.34804868698120117,0
3623,1113,0.37563979625701904,0
3623,2853,0.34517914056777954,0
3623,44,0.35510510206222534,0
1460,1460,0.34749990701675415,1
1460,1383,0.3638732433319092,0
1460,1369,0.34571975469589233,0
1460,378,0.3497791588306427,0
1460,3610,0.35023725032806396,0
1460,4128,0.3482867181301117,0
1460,3282,0.344208687543869,0
1460,3387,0.3560892641544342,0
1460,349,0.348373681306839,0
1460,543,0.3490006923675537,0
1460,3341,0.3499285578727722,0
1460,2675,0.37762781977653503,0
1460,1357,0.3469294309616089,0
1460,4023,0.3467034101486206,0
1460,350,0.37504029273986816,0
1460,1789,0.35005855560302734,0
1460,2345,0.33927977085113525,0
1460,1766,0.3551267981529236,0
1460,660,0.3774028420448303,0
1460,3015,0.3650766611099243,0
1119,1119,0.34460532665252686,1
1119,3370,0.34784024953842163,0
1119,1561,0.3639414310455322,0
1119,2315,0.36892223358154297,0
1119,2260,0.35424789786338806,0
1119,1041,0.3517042398452759,0
1119,3767,0.34595948457717896,0
1119,243,0.35210752487182617,0
1119,1263,0.374943345785141,0
1119,3041,0.3494841456413269,0
1119,3051,0.3459131717681885,0
1119,877,0.3498481512069702,0
1119,1966,0.3580603301525116,0
1119,623,0.34559255838394165,0
1119,3362,0.34671932458877563,0
1119,878,0.366403192281723,0
1119,3136,0.35026705265045166,0
1119,670,0.3442370891571045,0
1119,1740,0.34309321641921997,0
1119,2703,0.3476218283176422,0
2786,2786,0.3520060181617737,1
2786,3867,0.35495424270629883,0
2786,28,0.3592149019241333,0
2786,3380,0.344224750995636,0
2786,960,0.34484872221946716,0
2786,3177,0.34340935945510864,0
2786,3386,0.3477780520915985,0
2786,3395,0.3431170582771301,0
2786,1767,0.33967652916908264,0
2786,2237,0.3437373638153076,0
2786,379,0.3630480170249939,0
2786,1644,0.34659039974212646,0
2786,765,0.3543064594268799,0
2786,418,0.3422626554965973,0
2786,651,0.3500749170780182,0
2786,2984,0.3373495936393738,0
2786,2673,0.3457707166671753,0
2786,2636,0.3411896824836731,0
2786,2197,0.3688732087612152,0
2786,3004,0.34115681052207947,0
1996,1996,0.3517054319381714,1
1996,695,0.397594690322876,0
1996,80,0.3446860909461975,0
1996,4076,0.3336678445339203,0
1996,1880,0.3517921268939972,0
1996,1227,0.3540923595428467,0
1996,671,0.3495212197303772,0
1996,2078,0.3432212769985199,0
1996,226,0.3556813597679138,0
1996,288,0.35859835147857666,0
1996,3266,0.34355777502059937,0
1996,1702,0.34404727816581726,0
1996,3848,0.33562713861465454,0
1996,96,0.34151580929756165,0
1996,1760,0.3460253179073334,0
1996,3591,0.33940476179122925,0
1996,620,0.3424031734466553,0
1996,571,0.3493218421936035,0
1996,3032,0.3691624104976654,0
1996,2775,0.3549326956272125,0
3038,3038,0.3582543730735779,1
3038,1705,0.3527068793773651,0
3038,1098,0.35378608107566833,0
3038,321,0.3615158498287201,0
3038,1045,0.3653872609138489,0
3038,1708,0.36952483654022217,0
3038,1968,0.3458782136440277,0
3038,1086,0.34813374280929565,0
3038,1827,0.3518463373184204,0
3038,57,0.34959810972213745,0
3038,3141,0.36217546463012695,0
3038,1159,0.36732715368270874,0
3038,1805,0.35108399391174316,0
3038,1972,0.3569522500038147,0
3038,1576,0.37626612186431885,0
3038,237,0.35615187883377075,0
3038,2948,0.3534812927246094,0
3038,2841,0.3582879900932312,0
3038,1761,0.3515035808086395,0
3038,761,0.3550456762313843,0
2390,2390,0.3498064875602722,1
2390,1234,0.3446207046508789,0
2390,863,0.34833306074142456,0
2390,1299,0.34527719020843506,0
2390,403,0.37894490361213684,0
2390,1125,0.3447954058647156,0
2390,2441,0.3492966592311859,0
2390,2778,0.3480762541294098,0
2390,3231,0.3633216321468353,0
2390,3600,0.3482320308685303,0
2390,2749,0.3411962389945984,0
2390,1984,0.34623855352401733,0
2390,2768,0.3361411392688751,0
2390,2048,0.3436014950275421,0
2390,1761,0.34600377082824707,0
2390,3126,0.347086638212204,0
2390,1580,0.352506548166275,0
2390,535,0.37174633145332336,0
2390,4110,0.35174620151519775,0
2390,2842,0.3459770083427429,0
3779,3779,0.33018752932548523,1
3779,3047,0.33329617977142334,0
3779,3352,0.3307979106903076,0
3779,583,0.3382035493850708,0
3779,399,0.35254156589508057,0
3779,2841,0.3399067521095276,0
3779,658,0.3686322271823883,0
3779,2878,0.3281393051147461,0
3779,2787,0.33884096145629883,0
3779,1554,0.3353751599788666,0
3779,1053,0.3305613696575165,0
3779,1613,0.32870471477508545,0
3779,1860,0.3540171682834625,0
3779,2238,0.33182668685913086,0
3779,2258,0.3508617877960205,0
3779,1512,0.35043662786483765,0
3779,513,0.34064704179763794,0
3779,2282,0.34366166591644287,0
3779,2270,0.3419124484062195,0
3779,3011,0.3347237706184387,0
2559,2559,0.3503013551235199,1
2559,1369,0.34415996074676514,0
2559,1581,0.3485441505908966,0
2559,2551,0.33966344594955444,0
2559,35,0.35513836145401,0
2559,1377,0.34614109992980957,0
2559,2021,0.3739943504333496,0
2559,3574,0.350710928440094,0
2559,3759,0.3454449772834778,0
2559,3680,0.3456448018550873,0
2559,1341,0.3480542302131653,0
2559,3271,0.34673309326171875,0
2559,412,0.35422778129577637,0
2559,228,0.3462523818016052,0
2559,130,0.35802561044692993,0
2559,2474,0.34441113471984863,0
2559,44,0.34947913885116577,0
2559,1139,0.35193780064582825,0
2559,2195,0.34365367889404297,0
2559,1223,0.3555382788181305,0
3059,3059,0.3569788932800293,1
3059,3137,0.36197686195373535,0
3059,1580,0.3463590741157532,0
3059,2961,0.34458523988723755,0
3059,142,0.3502196669578552,0
3059,106,0.33981242775917053,0
3059,942,0.3447690010070801,0
3059,1,0.3859790861606598,0
3059,242,0.38840726017951965,0
3059,1515,0.3505612015724182,0
3059,3492,0.3371315002441406,0
3059,2406,0.34141772985458374,0
3059,246,0.3413877487182617,0
3059,1788,0.3421925902366638,0
3059,3613,0.3509538769721985,0
3059,1549,0.3363403081893921,0
3059,3333,0.37374722957611084,0
3059,23,0.36838480830192566,0
3059,2036,0.42267048358917236,0
3059,2532,0.3600747585296631,0
1532,1532,0.42578738927841187,1
1532,750,0.3573736250400543,0
1532,1096,0.34488263726234436,0
1532,387,0.3844027817249298,0
1532,794,0.35698163509368896,0
1532,2687,0.34764719009399414,0
1532,1412,0.3703713119029999,0
1532,2198,0.3495387136936188,0
1532,381,0.3803146779537201,0
1532,2678,0.35197895765304565,0
1532,2070,0.3544619679450989,0
1532,3552,0.364856481552124,0
1532,3688,0.35250771045684814,0
1532,2386,0.35422074794769287,0
1532,682,0.37188720703125,0
1532,3762,0.349172979593277,0
1532,1192,0.35142141580581665,0
1532,1915,0.3681683838367462,0
1532,1238,0.34824103116989136,0
1532,3962,0.3479292392730713,0
2907,2907,0.33457428216934204,1
2907,2990,0.3711899518966675,0
2907,603,0.354287326335907,0
2907,1540,0.34289175271987915,0
2907,385,0.36184456944465637,0
2907,2836,0.33628255128860474,0
2907,2356,0.35247063636779785,0
2907,419,0.3444572985172272,0
2907,805,0.35772448778152466,0
2907,659,0.33403539657592773,0
2907,4062,0.3419777452945709,0
2907,1056,0.34216102957725525,0
2907,1838,0.3507594168186188,0
2907,3558,0.34068435430526733,0
2907,3383,0.3402884900569916,0
2907,382,0.34902435541152954,0
2907,1187,0.34054726362228394,0
2907,3677,0.3447361886501312,0
2907,3665,0.3328458070755005,0
2907,3976,0.33973032236099243,0
3602,3602,0.3376263380050659,1
3602,2490,0.336273193359375,0
3602,3059,0.3611128330230713,0
3602,4123,0.33438748121261597,0
3602,1956,0.3486524820327759,0
3602,1465,0.3540360927581787,0
3602,3824,0.34979987144470215,0
3602,3981,0.34131860733032227,0
3602,3912,0.3408001959323883,0
3602,3170,0.3407760262489319,0
3602,2820,0.341140478849411,0
3602,3663,0.3778914213180542,0
3602,4084,0.36104804277420044,0
3602,2968,0.347736120223999,0
3602,1707,0.35020580887794495,0
3602,3284,0.3472609519958496,0
3602,3557,0.34404224157333374,0
3602,3789,0.345095694065094,0
3602,689,0.3362710773944855,0
3602,461,0.39314863085746765,0
532,532,0.3433645963668823,1
532,668,0.3430342674255371,0
532,2830,0.34062039852142334,0
532,3424,0.3383731544017792,0
532,360,0.34291553497314453,0
532,1495,0.35602807998657227,0
532,277,0.3476969599723816,0
532,1034,0.33462345600128174,0
532,3688,0.3419685661792755,0
532,3185,0.3376144766807556,0
532,995,0.3374289274215698,0
532,283,0.3595755398273468,0
532,2866,0.3558324873447418,0
532,2201,0.34580880403518677,0
532,1688,0.34437859058380127,0
532,2640,0.33737385272979736,0
532,4,0.33604490756988525,0
532,955,0.33806031942367554,0
532,2042,0.3314365744590759,0
532,2459,0.33731526136398315,0
1333,1333,0.3430211544036865,1
1333,1655,0.3431955575942993,0
1333,3020,0.3574283719062805,0
1333,3415,0.34397268295288086,0
1333,3813,0.3409584164619446,0
1333,3427,0.33952397108078003,0
1333,256,0.3450590968132019,0
1333,3964,0.3413940668106079,0
1333,1413,0.37329769134521484,0
1333,300,0.34126079082489014,0
1333,2960,0.35938382148742676,0
1333,959,0.34657591581344604,0
1333,3495,0.34412050247192383,0
1333,1684,0.33506613969802856,0
1333,1234,0.3411727547645569,0
1333,3955,0.3428572416305542,0
1333,2900,0.3547285795211792,0
1333,3627,0.3442362844944,0
1333,1981,0.34528273344039917,0
1333,388,0.36505988240242004,0
2317,2317,0.34343624114990234,1
2317,212,0.3410634696483612,0
2317,787,0.34800586104393005,0
2317,3979,0.3415672779083252,0
2317,3291,0.3843214809894562,0
2317,543,0.347130686044693,0
2317,2204,0.34803956747055054,0
2317,2887,0.3414522111415863,0
2317,4093,0.34530508518218994,0
2317,846,0.3465934991836548,0
2317,1305,0.34532031416893005,0
2317,967,0.3389975130558014,0
2317,1153,0.3396977186203003,0
2317,2046,0.34986695647239685,0
2317,3865,0.33950263261795044,0
2317,560,0.3554372191429138,0
2317,684,0.34219449758529663,0
2317,3966,0.3415076732635498,0
2317,3934,0.34588566422462463,0
2317,366,0.35677391290664673,0
1551,1551,0.36899334192276,1
1551,34,0.33522483706474304,0
1551,1199,0.3466273248195648,0
1551,3712,0.34878385066986084,0
1551,2944,0.3361494839191437,0
1551,2947,0.34500086307525635,0
1551,3868,0.34460029006004333,0
1551,2114,0.36576348543167114,0
1551,2304,0.3398738503456116,0
1551,1838,0.3549976050853729,0
1551,2171,0.3751729428768158,0
1551,1043,0.3484724760055542,0
1551,2218,0.34472113847732544,0
1551,2015,0.3470920920372009,0
1551,99,0.3622138500213623,0
1551,2653,0.3468852639198303,0
1551,2065,0.35317397117614746,0
1551,2812,0.3511323928833008,0
1551,3489,0.34399622678756714,0
1551,3482,0.34718185663223267,0
4131,4131,0.351878821849823,1
4131,950,0.36998987197875977,0
4131,2955,0.35709571838378906,0
4131,1557,0.36478400230407715,0
4131,2788,0.3554484248161316,0
4131,2243,0.3520812392234802,0
4131,3553,0.35745769739151,0
4131,813,0.3543121814727783,0
4131,2698,0.35475391149520874,0
4131,728,0.35212603211402893,0
4131,2842,0.35133060812950134,0
4131,1811,0.3518253266811371,0
4131,710,0.35436296463012695,0
4131,2537,0.3501970171928406,0
4131,1478,0.34650224447250366,0
4131,387,0.3751043677330017,0
4131,322,0.35398221015930176,0
4131,4125,0.3524758219718933,0
4131,2734,0.3450045585632324,0
4131,1592,0.35380518436431885,0
4127,4127,0.3543463349342346,1
4127,3521,0.3478281497955322,0
4127,2174,0.34960150718688965,0
4127,2707,0.37742406129837036,0
4127,2656,0.34649455547332764,0
4127,3791,0.34474658966064453,0
4127,3891,0.35224390029907227,0
4127,3355,0.34909147024154663,0
4127,1230,0.3510836362838745,0
4127,2166,0.35261431336402893,0
4127,2546,0.36642691493034363,0
4127,644,0.3583962321281433,0
4127,3115,0.37452223896980286,0
4127,4106,0.34973418712615967,0
4127,261,0.35342973470687866,0
4127,353,0.3609685003757477,0
4127,4155,0.34690847992897034,0
4127,3862,0.34955301880836487,0
4127,37,0.36931902170181274,0
4127,2922,0.3674255609512329,0
1873,1873,0.33653032779693604,1
1873,4006,0.3478338420391083,0
1873,2758,0.3592158555984497,0
1873,1282,0.3766404986381531,0
1873,1743,0.3549743890762329,0
1873,3514,0.3533233404159546,0
1873,2210,0.33919477462768555,0
1873,3340,0.3485450744628906,0
1873,1116,0.3524070084095001,0
1873,1938,0.34723055362701416,0
1873,3207,0.337543249130249,0
1873,1100,0.3482816219329834,0
1873,3849,0.34955117106437683,0
1873,2474,0.34593576192855835,0
1873,3971,0.34332382678985596,0
1873,4129,0.34596458077430725,0
1873,2351,0.3542613387107849,0
1873,2039,0.3437125086784363,0
1873,1632,0.35244065523147583,0
1873,3930,0.34239205718040466,0
2618,2618,0.35574236512184143,1
2618,1661,0.3688201606273651,0
2618,3907,0.33812421560287476,0
2618,553,0.3975789546966553,0
2618,1237,0.34871169924736023,0
2618,1776,0.36272019147872925,0
2618,2730,0.3527880012989044,0
2618,3071,0.35335540771484375,0
2618,994,0.35515597462654114,0
2618,372,0.36030644178390503,0
2618,1181,0.3579898178577423,0
2618,2157,0.35444602370262146,0
2618,2629,0.3546079695224762,0
2618,851,0.36554116010665894,0
2618,1368,0.35217297077178955,0
2618,1458,0.3508812189102173,0
2618,3718,0.3478696346282959,0
2618,11,0.37932664155960083,0
2618,1212,0.37549805641174316,0
2618,2260,0.35656750202178955,0
245,245,0.34477758407592773,1
245,3614,0.34282147884368896,0
245,2781,0.3455512225627899,0
245,1138,0.3516587018966675,0
245,2732,0.34756237268447876,0
245,2934,0.3440217971801758,0
245,2399,0.34383270144462585,0
245,1027,0.33834415674209595,0
245,2730,0.3478972911834717,0
245,359,0.3406932055950165,0
245,3387,0.35453855991363525,0
245,2817,0.34591102600097656,0
245,1241,0.351825475692749,0
245,1070,0.3642779290676117,0
245,2576,0.35048002004623413,0
245,860,0.36654752492904663,0
245,3900,0.3389993906021118,0
245,2542,0.34343892335891724,0
245,4039,0.340210497379303,0
245,4023,0.3440857231616974,0
161,161,0.35609138011932373,1
161,1728,0.36034107208251953,0
161,3654,0.36526012420654297,0
161,1744,0.34238678216934204,0
161,2276,0.3500818610191345,0
161,1646,0.3506923019886017,0
161,3148,0.3522035479545593,0
161,2520,0.3558497726917267,0
161,955,0.34836581349372864,0
161,3038,0.35475221276283264,0
161,4139,0.34759819507598877,0
161,1730,0.3458484709262848,0
161,2803,0.3438924551010132,0
161,815,0.36257898807525635,0
161,1011,0.35647350549697876,0
161,2717,0.35156816244125366,0
161,3084,0.3533269166946411,0
161,3592,0.35289466381073,0
161,3131,0.358137309551239,0
161,2376,0.37350228428840637,0
804,804,0.3583567142486572,1
804,2129,0.35264724493026733,0
804,620,0.34289804100990295,0
804,2022,0.3538065552711487,0
804,2640,0.34089529514312744,0
804,3042,0.3650379180908203,0
804,381,0.3740891218185425,0
804,1261,0.3616340458393097,0
804,1718,0.3433040678501129,0
804,3481,0.34648770093917847,0
804,3410,0.3438218832015991,0
804,1526,0.33939820528030396,0
804,3715,0.34162425994873047,0
804,3108,0.3494245111942291,0
804,3900,0.3396807909011841,0
804,1052,0.3487321138381958,0
804,3693,0.3433518409729004,0
804,2290,0.3449224829673767,0
804,270,0.34775200486183167,0
804,2486,0.3798835873603821,0
2267,2267,0.34931448101997375,1
2267,3212,0.3490278124809265,0
2267,3687,0.35266536474227905,0
2267,3148,0.3497310280799866,0
2267,2657,0.3405258059501648,0
2267,3129,0.36276888847351074,0
2267,2592,0.34934353828430176,0
2267,670,0.34810537099838257,0
2267,1844,0.3680245876312256,0
2267,2986,0.36900585889816284,0
2267,2962,0.3492411971092224,0
2267,1273,0.35378628969192505,0
2267,3965,0.3474293351173401,0
2267,3827,0.3427358865737915,0
2267,1860,0.36732685565948486,0
2267,2559,0.3517329692840576,0
2267,2201,0.3550441265106201,0
2267,119,0.3588198721408844,0
2267,1073,0.3518158197402954,0
2267,3390,0.3489547073841095,0
2081,2081,0.3478984832763672,1
2081,3797,0.350862056016922,0
2081,3200,0.34816116094589233,0
2081,1650,0.368679940700531,0
2081,2787,0.3528187572956085,0
2081,194,0.3544316291809082,0
2081,2630,0.3528991639614105,0
2081,1340,0.36428695917129517,0
2081,2047,0.3520074486732483,0
2081,526,0.3804187774658203,0
2081,1202,0.3798706829547882,0
2081,69,0.3792181611061096,0
2081,1205,0.3525580167770386,0
2081,2080,0.36148232221603394,0
2081,2329,0.35085129737854004,0
2081,653,0.38216304779052734,0
2081,1798,0.3436555564403534,0
2081,1052,0.3521413207054138,0
2081,709,0.34702715277671814,0
2081,412,0.35870999097824097,0
1762,1762,0.3557220995426178,1
1762,1534,0.36397770047187805,0
1762,1548,0.35996213555336,0
1762,390,0.3771900534629822,0
1762,3716,0.35169535875320435,0
1762,2205,0.35162538290023804,0
1762,2005,0.35890305042266846,0
1762,686,0.35692399740219116,0
1762,919,0.3667726516723633,0
1762,3182,0.3718320429325104,0
1762,394,0.3676655888557434,0
1762,2837,0.3528618812561035,0
1762,2488,0.37385293841362,0
1762,1362,0.37882000207901,0
1762,2318,0.40985119342803955,0
1762,1062,0.35989677906036377,0
1762,1103,0.35125064849853516,0
1762,3051,0.35358530282974243,0
1762,3449,0.35493189096450806,0
1762,3068,0.35098889470100403,0
3060,3060,0.3456186354160309,1
3060,3647,0.34955522418022156,0
3060,2455,0.35226207971572876,0
3060,135,0.3729403018951416,0
3060,1393,0.35657840967178345,0
3060,649,0.37828224897384644,0
3060,1961,0.3534800410270691,0
3060,2051,0.34858518838882446,0
3060,3756,0.3640015125274658,0
3060,1383,0.36724016070365906,0
3060,403,0.37370461225509644,0
3060,2335,0.38649699091911316,0
3060,58,0.3561001420021057,0
3060,1867,0.3427567183971405,0
3060,1426,0.3698572814464569,0
3060,1106,0.37232035398483276,0
3060,1003,0.3547573685646057,0
3060,2765,0.34604254364967346,0
3060,518,0.350999653339386,0
3060,929,0.3481234908103943,0
1280,1280,0.3756917119026184,1
1280,2973,0.35122498869895935,0
1280,3016,0.3542211353778839,0
1280,2691,0.34924134612083435,0
1280,331,0.3477102220058441,0
1280,3520,0.3411194682121277,0
1280,1949,0.34075063467025757,0
1280,146,0.3635583817958832,0
1280,892,0.3436298668384552,0
1280,4162,0.3424612283706665,0
1280,2040,0.3392665982246399,0
1280,4091,0.34461623430252075,0
1280,1579,0.3621056377887726,0
1280,1492,0.36075878143310547,0
1280,1228,0.34279775619506836,0
1280,621,0.35009151697158813,0
1280,1425,0.3592773377895355,0
1280,3117,0.34411585330963135,0
1280,3132,0.3714936673641205,0
1280,576,0.34106069803237915,0
1328,1328,0.34096193313598633,1
1328,2988,0.33981946110725403,0
1328,1684,0.33554893732070923,0
1328,707,0.3509436249732971,0
1328,1523,0.3425936996936798,0
1328,4081,0.33820077776908875,0
1328,1436,0.3610321879386902,0
1328,386,0.3502618074417114,0
1328,2024,0.34507596492767334,0
1328,737,0.36117643117904663,0
1328,4011,0.34126463532447815,0
1328,875,0.341238796710968,0
1328,3853,0.3488302230834961,0
1328,227,0.33614271879196167,0
1328,4090,0.3377550542354584,0
1328,2351,0.3514383137226105,0
1328,1232,0.35888054966926575,0
1328,1585,0.39332860708236694,0
1328,861,0.34092551469802856,0
1328,611,0.3411513566970825,0
1340,1340,0.3600102663040161,1
1340,1445,0.34490543603897095,0
1340,3133,0.36248403787612915,0
1340,1171,0.3488613963127136,0
1340,894,0.3747316300868988,0
1340,2983,0.3387475609779358,0
1340,3556,0.33940550684928894,0
1340,1375,0.35719263553619385,0
1340,261,0.3446158170700073,0
1340,145,0.36428895592689514,0
1340,2971,0.34232038259506226,0
1340,2032,0.3603370189666748,0
1340,1466,0.3468260169029236,0
1340,105,0.3653125762939453,0
1340,3330,0.34060823917388916,0
1340,3915,0.34203776717185974,0
1340,3345,0.34189823269844055,0
1340,33,0.3569120466709137,0
1340,581,0.3732633888721466,0
1340,2204,0.3467312753200531,0
2508,2508,0.35643261671066284,1
2508,672,0.35425376892089844,0
2508,3914,0.3467845320701599,0
2508,2851,0.34578609466552734,0
2508,2148,0.417542964220047,0
2508,3506,0.35408103466033936,0
2508,2839,0.3469310998916626,0
2508,1609,0.34039050340652466,0
2508,479,0.3837880492210388,0
2508,376,0.3395962715148926,0
2508,2041,0.34934496879577637,0
2508,1677,0.37606528401374817,0
2508,3674,0.3456811308860779,0
2508,622,0.35085582733154297,0
2508,341,0.36896026134490967,0
2508,985,0.3389996290206909,0
2508,2643,0.3517649173736572,0
2508,236,0.37831729650497437,0
2508,2145,0.34297242760658264,0
2508,403,0.38009095191955566,0
1966,1966,0.36542439460754395,1
1966,872,0.37062549591064453,0
1966,2829,0.357848584651947,0
1966,929,0.35297074913978577,0
1966,3443,0.36147037148475647,0
1966,4131,0.35600927472114563,0
1966,696,0.410756379365921,0
1966,2855,0.36706382036209106,0
1966,1848,0.3690860867500305,0
1966,132,0.38562721014022827,0
1966,836,0.37384897470474243,0
1966,479,0.3787217140197754,0
1966,1244,0.3639530837535858,0
1966,1575,0.37260323762893677,0
1966,1402,0.3641861081123352,0
1966,1071,0.3784307837486267,0
1966,3124,0.35540568828582764,0
1966,735,0.3642082214355469,0
1966,1724,0.370916485786438,0
1966,2099,0.3571133017539978,0
3577,3577,0.3531479835510254,1
3577,1924,0.3432113528251648,0
3577,1547,0.36926960945129395,0
3577,2022,0.3580034375190735,0
3577,2706,0.34435221552848816,0
3577,3179,0.3506523668766022,0
3577,3061,0.3809206783771515,0
3577,2787,0.3535063862800598,0
3577,516,0.3681260347366333,0
3577,1587,0.3512296974658966,0
3577,2238,0.3461349606513977,0
3577,928,0.37725830078125,0
3577,3937,0.34369096159935,0
3577,1586,0.3509465456008911,0
3577,1432,0.3646240830421448,0
3577,1030,0.3696404993534088,0
3577,1810,0.3678078055381775,0
3577,2924,0.3468835949897766,0
3577,3626,0.358423113822937,0
3577,2457,0.34822145104408264,0
2622,2622,0.3534747362136841,1
2622,570,0.3677479028701782,0
2622,1697,0.3556039333343506,0
2622,1106,0.37731218338012695,0
2622,1548,0.3569612205028534,0
2622,3218,0.35798799991607666,0
2622,2829,0.3532642424106598,0
2622,3663,0.3809956908226013,0
2622,1238,0.3471106290817261,0
2622,95,0.3637734055519104,0
2622,1448,0.39760202169418335,0
2622,719,0.3715548515319824,0
2622,97,0.37737733125686646,0
2622,1848,0.3678196668624878,0
2622,2598,0.36245018243789673,0
2622,2075,0.3508008122444153,0
2622,171,0.395121306180954,0
2622,3196,0.34849801659584045,0
2622,2529,0.34166204929351807,0
2622,3976,0.34928062558174133,0
184,184,0.3653228282928467,1
184,264,0.37621569633483887,0
184,1851,0.34954655170440674,0
184,2068,0.36922943592071533,0
184,4100,0.3509564995765686,0
184,691,0.3581674098968506,0
184,238,0.3825431764125824,0
184,205,0.3620898723602295,0
184,2016,0.356082022190094,0
184,2479,0.36231714487075806,0
184,1902,0.3473603427410126,0
184,693,0.35287535190582275,0
184,2830,0.35137683153152466,0
184,1978,0.3563688397407532,0
184,669,0.3540031313896179,0
184,3692,0.35095322132110596,0
184,1872,0.34650716185569763,0
184,2768,0.34062081575393677,0
184,907,0.3495275378227234,0
184,3542,0.35384219884872437,0
3219,3219,0.3490370512008667,1
3219,2685,0.3449751138687134,0
3219,1464,0.37049269676208496,0
3219,354,0.36781683564186096,0
3219,2879,0.3551759719848633,0
3219,2131,0.3453940749168396,0
3219,1,0.38093000650405884,0
3219,3496,0.34030359983444214,0
3219,4023,0.3462681770324707,0
3219,3237,0.3640346825122833,0
3219,3595,0.3470274806022644,0
3219,2388,0.37898123264312744,0
3219,595,0.35064971446990967,0
3219,3345,0.34680259227752686,0
3219,748,0.3499683141708374,0
3219,1560,0.34910932183265686,0
3219,2145,0.3436959981918335,0
3219,2722,0.353636234998703,0
3219,2516,0.34350281953811646,0
3219,2593,0.36545002460479736,0
3825,3825,0.33322131633758545,1
3825,2098,0.3349319100379944,0
3825,3875,0.34272027015686035,0
3825,3013,0.348293662071228,0
3825,1238,0.33746910095214844,0
3825,2529,0.33358949422836304,0
3825,2373,0.3410341739654541,0
3825,1010,0.36212268471717834,0
3825,4052,0.3391039967536926,0
3825,1517,0.3546825647354126,0
3825,3315,0.34180617332458496,0
3825,2657,0.33215147256851196,0
3825,3112,0.36374667286872864,0
3825,1062,0.34514474868774414,0
3825,4010,0.341625839471817,0
3825,563,0.3460027575492859,0
3825,1354,0.35393738746643066,0
3825,3293,0.3385949730873108,0
3825,3934,0.3413241505622864,0
3825,3330,0.33637237548828125,0
172,172,0.34952056407928467,1
172,205,0.35374709963798523,0
172,533,0.37512561678886414,0
172,2511,0.35046130418777466,0
172,1326,0.3571065366268158,0
172,1108,0.3531150817871094,0
172,322,0.3431869447231293,0
172,1306,0.35595250129699707,0
172,3878,0.3394818603992462,0
172,969,0.3647715449333191,0
172,508,0.35066044330596924,0
172,203,0.35097235441207886,0
172,2363,0.34600311517715454,0
172,928,0.36909276247024536,0
172,41,0.3451809883117676,0
172,2791,0.347692608833313,0
172,2327,0.3540095090866089,0
172,954,0.3446948528289795,0
172,363,0.36430948972702026,0
172,3132,0.3693851828575134,0
2194,2194,0.3452940583229065,1
2194,3577,0.34585466980934143,0
2194,280,0.3345978558063507,0
2194,3040,0.3391205668449402,0
2194,3579,0.3361245393753052,0
2194,273,0.3717259466648102,0
2194,3575,0.3378371596336365,0
2194,2780,0.34581708908081055,0
2194,973,0.35066694021224976,0
2194,987,0.34498465061187744,0
2194,2531,0.34845536947250366,0
2194,2751,0.341237336397171,0
2194,1917,0.3382858633995056,0
2194,1340,0.35744038224220276,0
2194,2874,0.339576780796051,0
2194,568,0.3727761209011078,0
2194,4057,0.32971954345703125,0
2194,3328,0.34116241335868835,0
2194,3756,0.3605760931968689,0
2194,1856,0.34781473875045776,0
313,313,0.353826642036438,1
313,2623,0.34396249055862427,0
313,4027,0.35185396671295166,0
313,265,0.3677483797073364,0
313,3983,0.3531111478805542,0
313,906,0.36413511633872986,0
313,3586,0.3467441201210022,0
313,3771,0.3485761880874634,0
313,479,0.37384164333343506,0
313,1325,0.35530775785446167,0
313,3665,0.3416980504989624,0
313,3985,0.34827977418899536,0
313,3708,0.3552408218383789,0
313,281,0.36596885323524475,0
313,445,0.34970343112945557,0
313,3610,0.3532866835594177,0
313,2318,0.4063650369644165,0
313,1678,0.3437269926071167,0
313,2520,0.3557944893836975,0
313,2151,0.3638406991958618,0
3403,3403,0.34275779128074646,1
3403,3546,0.34915828704833984,0
3403,51,0.36437684297561646,0
3403,4056,0.3469449281692505,0
3403,4034,0.34669679403305054,0
3403,3440,0.34260034561157227,0
3403,1601,0.34683895111083984,0
3403,266,0.3457542061805725,0
3403,4112,0.34714365005493164,0
3403,2097,0.3412485420703888,0
3403,157,0.35462915897369385,0
3403,2426,0.34816503524780273,0
3403,1797,0.3442249000072479,0
3403,3042,0.36837661266326904,0
3403,2385,0.34369587898254395,0
3403,3346,0.3456684350967407,0
3403,256,0.35157889127731323,0
3403,3747,0.3417739272117615,0
3403,2963,0.34086793661117554,0
3403,1863,0.3451254367828369,0
3499,3499,0.3422233760356903,1
3499,3868,0.3478237986564636,0
3499,3744,0.3417738676071167,0
3499,4084,0.3581708073616028,0
3499,1057,0.34928470849990845,0
3499,1665,0.3490729331970215,0
3499,2250,0.34264105558395386,0
3499,1696,0.3640725612640381,0
3499,4027,0.3494236469268799,0
3499,440,0.3574358820915222,0
3499,3902,0.342029333114624,0
3499,167,0.34730878472328186,0
3499,2053,0.3724748492240906,0
3499,3810,0.3394763469696045,0
3499,1636,0.35289308428764343,0
3499,4089,0.3431374728679657,0
3499,1859,0.35911789536476135,0
3499,1800,0.3455957770347595,0
3499,1474,0.35088199377059937,0
3499,652,0.36591362953186035,0
1142,1142,0.35684695839881897,1
1142,198,0.3644488453865051,0
1142,1906,0.34511488676071167,0
1142,1477,0.3730636239051819,0
1142,1100,0.35048210620880127,0
1142,69,0.37133777141571045,0
1142,2743,0.34785959124565125,0
1142,2759,0.34870654344558716,0
1142,2412,0.3539133369922638,0
1142,247,0.3482305109500885,0
1142,3086,0.34661900997161865,0
1142,1307,0.40073394775390625,0
1142,288,0.3643811345100403,0
1142,4055,0.3396519720554352,0
1142,2485,0.37073513865470886,0
1142,124,0.3612866997718811,0
1142,2624,0.35342442989349365,0
1142,4088,0.34831953048706055,0
1142,1627,0.35532891750335693,0
1142,2158,0.34187573194503784,0
41,41,0.3497835695743561,1
41,3374,0.346613347530365,0
41,584,0.3620279133319855,0
41,2718,0.34671705961227417,0
41,534,0.3655535578727722,0
41,865,0.35273879766464233,0
41,1445,0.3505329191684723,0
41,3009,0.3445075452327728,0
41,997,0.3726848363876343,0
41,1333,0.3467378616333008,0
41,1779,0.3601243495941162,0
41,4080,0.340221643447876,0
41,2581,0.3694440722465515,0
41,1831,0.4044163227081299,0
41,3562,0.34950512647628784,0
41,818,0.347657173871994,0
41,1793,0.34779298305511475,0
41,3579,0.34336668252944946,0
41,1632,0.3521745800971985,0
41,2504,0.3424961566925049,0
2600,2600,0.34334343671798706,1
2600,3737,0.3394722044467926,0
2600,3267,0.36677634716033936,0
2600,1499,0.34610551595687866,0
2600,2296,0.3479761779308319,0
2600,4075,0.34414875507354736,0
2600,3636,0.3473091125488281,0
2600,2888,0.3433016836643219,0
2600,304,0.3478569984436035,0
2600,26,0.38679802417755127,0
2600,4106,0.3408506512641907,0
2600,2830,0.34453296661376953,0
2600,2821,0.3467358946800232,0
2600,3041,0.3480687141418457,0
2600,3554,0.34009096026420593,0
2600,932,0.36731529235839844,0
2600,2864,0.35289841890335083,0
2600,3929,0.34544068574905396,0
2600,3604,0.3433348536491394,0
2600,3261,0.3550819158554077,0
258,258,0.36442428827285767,1
258,1758,0.3352135717868805,0
258,420,0.35337501764297485,0
258,3016,0.35031116008758545,0
258,684,0.33684834837913513,0
258,1184,0.348809152841568,0
258,2933,0.35292282700538635,0
258,3930,0.3361237943172455,0
258,187,0.3491755425930023,0
258,832,0.3364109992980957,0
258,718,0.3557318449020386,0
258,2444,0.3371317982673645,0
258,367,0.34800127148628235,0
258,2778,0.34079399704933167,0
258,351,0.34150996804237366,0
258,3485,0.3480006456375122,0
258,1655,0.3412032425403595,0
258,4169,0.33770138025283813,0
258,1081,0.3663814067840576,0
258,3776,0.33380234241485596,0
1086,1086,0.3460390567779541,1
1086,3031,0.3458161950111389,0
1086,2209,0.35487091541290283,0
1086,2776,0.3449387550354004,0
1086,317,0.3529852628707886,0
1086,372,0.36160969734191895,0
1086,942,0.3499605655670166,0
1086,1867,0.3424416184425354,0
1086,522,0.3587262034416199,0
1086,508,0.35987675189971924,0
1086,3971,0.34665676951408386,0
1086,2921,0.354800820350647,0
1086,1506,0.35390615463256836,0
1086,2199,0.34710177779197693,0
1086,2659,0.3519367575645447,0
1086,1015,0.35393399000167847,0
1086,81,0.35664987564086914,0
1086,3147,0.3502681255340576,0
1086,3547,0.3503727912902832,0
1086,1183,0.3545859754085541,0
1003,1003,0.3561994433403015,1
1003,485,0.38263779878616333,0
1003,3664,0.3461102545261383,0
1003,2075,0.35302072763442993,0
1003,2262,0.38078415393829346,0
1003,3719,0.3514455556869507,0
1003,4156,0.3455386161804199,0
1003,1160,0.35943731665611267,0
1003,3515,0.3524423837661743,0
1003,3783,0.35495296120643616,0
1003,1243,0.35680490732192993,0
1003,2950,0.3553379774093628,0
1003,113,0.35478711128234863,0
1003,2157,0.3574417531490326,0
1003,2609,0.3471945822238922,0
1003,349,0.35242724418640137,0
1003,3327,0.35599491000175476,0
1003,226,0.3625257611274719,0
1003,3662,0.355269193649292,0
1003,412,0.35968491435050964,0
4106,4106,0.3505106270313263,1
4106,3197,0.350719690322876,0
4106,3911,0.354706346988678,0
4106,2572,0.34909752011299133,0
4106,1600,0.3572286367416382,0
4106,2080,0.36624282598495483,0
4106,1369,0.35145169496536255,0
4106,1037,0.3792388439178467,0
4106,2432,0.3633800148963928,0
4106,241,0.3540779948234558,0
4106,2257,0.3543534278869629,0
4106,794,0.3595958352088928,0
4106,3254,0.3559512495994568,0
4106,4163,0.34894007444381714,0
4106,80,0.35376402735710144,0
4106,2979,0.34595900774002075,0
4106,3245,0.3608003854751587,0
4106,1691,0.34755101799964905,0
4106,1828,0.3820754885673523,0
4106,1845,0.34701067209243774,0
892,892,0.34452131390571594,1
892,2054,0.34412258863449097,0
892,2116,0.3751557469367981,0
892,3557,0.34416380524635315,0
892,1671,0.35016965866088867,0
892,3738,0.34549975395202637,0
892,1065,0.35642537474632263,0
892,2583,0.3519577085971832,0
892,3294,0.34199774265289307,0
892,3636,0.34976130723953247,0
892,4068,0.34726735949516296,0
892,2327,0.35870903730392456,0
892,4161,0.3462483286857605,0
892,49,0.343378484249115,0
892,1949,0.3433566689491272,0
892,3896,0.34679901599884033,0
892,1846,0.3440340757369995,0
892,3803,0.3447207510471344,0
892,3614,0.3432561159133911,0
892,1857,0.3485472798347473,0
153,153,0.3397364020347595,1
153,4120,0.3423808217048645,0
153,959,0.3445737361907959,0
153,3925,0.33358436822891235,0
153,1693,0.33814534544944763,0
153,1144,0.36247533559799194,0
153,596,0.3354837894439697,0
153,3617,0.3398355543613434,0
153,985,0.332794189453125,0
153,3268,0.33904314041137695,0
153,761,0.343819797039032,0
153,934,0.35162630677223206,0
153,4036,0.33969712257385254,0
153,3821,0.34497523307800293,0
153,4059,0.3407106399536133,0
153,1064,0.33922645449638367,0
153,1930,0.343232125043869,0
153,1812,0.3673204481601715,0
153,1672,0.34115245938301086,0
153,3646,0.3461184501647949,0
695,695,0.39676815271377563,1
695,3892,0.3403857946395874,0
695,4024,0.3426039516925812,0
695,872,0.35657066106796265,0
695,3799,0.34057629108428955,0
695,547,0.3522885739803314,0
695,1640,0.39719414710998535,0
695,3617,0.3414633870124817,0
695,910,0.3410734534263611,0
695,3335,0.34039580821990967,0
695,1190,0.3430561423301697,0
695,3937,0.33742818236351013,0
695,636,0.3410223722457886,0
695,1110,0.3389227092266083,0
695,1792,0.3594777286052704,0
695,2535,0.36016571521759033,0
695,1966,0.35223087668418884,0
695,1580,0.34658077359199524,0
695,2448,0.33874940872192383,0
695,1229,0.37178128957748413,0
3406,3406,0.3472598195075989,1
3406,3645,0.3463953137397766,0
3406,3140,0.34453797340393066,0
3406,3702,0.3394584059715271,0
3406,4128,0.3456052541732788,0
3406,2493,0.34321075677871704,0
3406,4015,0.3431527018547058,0
3406,484,0.34952855110168457,0
3406,3528,0.3459264039993286,0
3406,958,0.34833598136901855,0
3406,29,0.3728734254837036,0
3406,3211,0.36466294527053833,0
3406,2712,0.34825462102890015,0
3406,3878,0.3432736396789551,0
3406,2896,0.3516421318054199,0
3406,1378,0.3516075611114502,0
3406,3929,0.3477356433868408,0
3406,30,0.3460109233856201,0
3406,2771,0.34595757722854614,0
3406,1987,0.34118521213531494,0
2787,2787,0.36140215396881104,1
2787,630,0.3513595759868622,0
2787,3414,0.3537786602973938,0
2787,2347,0.3548884391784668,0
2787,240,0.38964658975601196,0
2787,891,0.3978523015975952,0
2787,2086,0.43889158964157104,0
2787,1073,0.36276087164878845,0
2787,3996,0.36543476581573486,0
2787,744,0.361470490694046,0
2787,286,0.36744362115859985,0
2787,2429,0.36260688304901123,0
2787,1205,0.36140012741088867,0
2787,451,0.42435479164123535,0
2787,1987,0.3515970706939697,0
2787,3327,0.36230432987213135,0
2787,3400,0.36696767807006836,0
2787,3780,0.3511146903038025,0
2787,1563,0.3552362322807312,0
2787,1010,0.38879650831222534,0
1869,1869,0.3379002511501312,1
1869,2705,0.3527081608772278,0
1869,1683,0.3504871129989624,0
1869,2239,0.3858955204486847,0
1869,866,0.3845725655555725,0
1869,787,0.3502063453197479,0
1869,3939,0.33725136518478394,0
1869,79,0.3472099304199219,0
1869,1493,0.36164140701293945,0
1869,1436,0.37254321575164795,0
1869,3857,0.3435988426208496,0
1869,3257,0.3691539466381073,0
1869,3392,0.34124618768692017,0
1869,1188,0.3590910732746124,0
1869,239,0.35340914130210876,0
1869,3353,0.37042203545570374,0
1869,1821,0.3601723313331604,0
1869,3838,0.33900827169418335,0
1869,529,0.3734551668167114,0
1869,2739,0.3445050120353699,0
1185,1185,0.3385683298110962,1
1185,2476,0.3578888177871704,0
1185,73,0.35260307788848877,0
1185,2528,0.3569256663322449,0
1185,2353,0.3418384790420532,0
1185,2040,0.33703508973121643,0
1185,1791,0.35044044256210327,0
1185,3000,0.3416669964790344,0
1185,2184,0.3370833992958069,0
1185,148,0.3489164113998413,0
1185,1438,0.3657264709472656,0
1185,3337,0.375771164894104,0
1185,1451,0.3670782744884491,0
1185,985,0.3351454436779022,0
1185,3425,0.3417726457118988,0
1185,2202,0.3421372175216675,0
1185,1129,0.3350692391395569,0
1185,3007,0.34095311164855957,0
1185,3486,0.34727755188941956,0
1185,2029,0.35463207960128784,0
3221,3221,0.342302531003952,1
3221,4075,0.349567711353302,0
3221,605,0.35424157977104187,0
3221,788,0.35773587226867676,0
3221,3945,0.34822845458984375,0
3221,3819,0.34814876317977905,0
3221,1676,0.3526156544685364,0
3221,1447,0.37454432249069214,0
3221,133,0.37295079231262207,0
3221,2585,0.34823399782180786,0
3221,1940,0.3558851480484009,0
3221,1419,0.35771167278289795,0
3221,2123,0.3514070510864258,0
3221,213,0.3446674346923828,0
3221,1068,0.3645539879798889,0
3221,469,0.34980976581573486,0
3221,1523,0.34812676906585693,0
3221,1770,0.3453461825847626,0
3221,2697,0.34802669286727905,0
3221,2110,0.3572295308113098,0
2014,2014,0.3482052683830261,1
2014,3028,0.3374728560447693,0
2014,1747,0.37020137906074524,0
2014,672,0.34569841623306274,0
2014,2152,0.35042983293533325,0
2014,3608,0.33799508213996887,0
2014,1078,0.3348264694213867,0
2014,376,0.33230963349342346,0
2014,3897,0.3498096466064453,0
2014,128,0.33761024475097656,0
2014,2652,0.3450392484664917,0
2014,638,0.34488725662231445,0
2014,4146,0.3348042964935303,0
2014,1407,0.3353942632675171,0
2014,1954,0.35629692673683167,0
2014,1910,0.34223252534866333,0
2014,541,0.3665153384208679,0
2014,3555,0.34021732211112976,0
2014,1568,0.3377768397331238,0
2014,2892,0.34143713116645813,0
2854,2854,0.35485148429870605,1
2854,3544,0.3498906195163727,0
2854,519,0.3553851842880249,0
2854,3393,0.36284613609313965,0
2854,2167,0.35182204842567444,0
2854,193,0.3916129171848297,0
2854,1081,0.3867475688457489,0
2854,1026,0.372008740901947,0
2854,711,0.35003000497817993,0
2854,3637,0.342762291431427,0
2854,3810,0.34227892756462097,0
2854,3899,0.3516988754272461,0
2854,325,0.36021897196769714,0
2854,1964,0.3449811339378357,0
2854,3441,0.36441969871520996,0
2854,1651,0.3642027974128723,0
2854,3283,0.3458782434463501,0
2854,1605,0.3703371286392212,0
2854,456,0.3554346263408661,0
2854,3994,0.3515373468399048,0
3005,3005,0.3451276421546936,1
3005,1082,0.36660632491111755,0
3005,3312,0.34522950649261475,0
3005,1976,0.35937607288360596,0
3005,2246,0.3546898365020752,0
3005,1034,0.34342771768569946,0
3005,2577,0.34895819425582886,0
3005,2740,0.35318228602409363,0
3005,2332,0.3478820323944092,0
3005,3311,0.34777146577835083,0
3005,4040,0.3415641486644745,0
3005,2050,0.35630926489830017,0
3005,1141,0.34682542085647583,0
3005,2340,0.3438565731048584,0
3005,4168,0.33831822872161865,0
3005,3071,0.35024121403694153,0
3005,2685,0.3446395993232727,0
3005,4103,0.3501354157924652,0
3005,1150,0.34979501366615295,0
3005,4134,0.34898003935813904,0
3903,3903,0.34078121185302734,1
3903,1719,0.34637153148651123,0
3903,2943,0.3453925848007202,0
3903,64,0.3470240831375122,0
3903,1256,0.3392491042613983,0
3903,2529,0.3384372591972351,0
3903,3910,0.35334888100624084,0
3903,2568,0.3465344309806824,0
3903,2385,0.3415631651878357,0
3903,1777,0.346468061208725,0
3903,3510,0.3388625383377075,0
3903,1429,0.34454619884490967,0
3903,2999,0.3595871329307556,0
3903,1883,0.3604716658592224,0
3903,1203,0.3437991142272949,0
3903,3552,0.3586375117301941,0
3903,2962,0.345048725605011,0
3903,256,0.3486948311328888,0
3903,2900,0.35893332958221436,0
3903,1025,0.365232914686203,0
871,871,0.3551226258277893,1
871,2309,0.3592407703399658,0
871,343,0.3802613615989685,0
871,1190,0.35764461755752563,0
871,3853,0.3615935444831848,0
871,2498,0.3630993664264679,0
871,1684,0.3458957076072693,0
871,2343,0.35809504985809326,0
871,2026,0.35870733857154846,0
871,4020,0.3519068956375122,0
871,4041,0.3538194000720978,0
871,1559,0.35348790884017944,0
871,3552,0.3688476085662842,0
871,2240,0.3533065915107727,0
871,3165,0.36910730600357056,0
871,326,0.3557572364807129,0
871,1611,0.3744642436504364,0
871,3279,0.35499316453933716,0
871,2536,0.354789674282074,0
871,923,0.35848164558410645,0
1021,1021,0.36894315481185913,1
1021,69,0.36462950706481934,0
1021,3045,0.33964550495147705,0
1021,228,0.3428973853588104,0
1021,2906,0.34167352318763733,0
1021,3782,0.350662499666214,0
1021,2762,0.34861212968826294,0
1021,3107,0.3352048397064209,0
1021,184,0.3576498031616211,0
1021,108,0.33904409408569336,0
1021,673,0.33945411443710327,0
1021,3149,0.3471296727657318,0
1021,1016,0.3466864824295044,0
1021,1790,0.3419083058834076,0
1021,2410,0.33424532413482666,0
1021,988,0.3382521867752075,0
1021,3123,0.3424585461616516,0
1021,753,0.3510356843471527,0
1021,3583,0.34198030829429626,0
1021,741,0.33686530590057373,0
2597,2597,0.358839213848114,1
2597,3378,0.35280072689056396,0
2597,27,0.38342833518981934,0
2597,1930,0.34693643450737,0
2597,384,0.34353673458099365,0
2597,1784,0.33831357955932617,0
2597,2550,0.3436926603317261,0
2597,3613,0.35243457555770874,0
2597,3772,0.3415801525115967,0
2597,2610,0.3444424271583557,0
2597,124,0.3612072467803955,0
2597,2140,0.34071722626686096,0
2597,1237,0.3436298966407776,0
2597,3559,0.34714651107788086,0
2597,1670,0.36475008726119995,0
2597,1112,0.3509748876094818,0
2597,2255,0.3487854301929474,0
2597,4142,0.34356388449668884,0
2597,1668,0.35565662384033203,0
2597,338,0.37246090173721313,0
311,311,0.3422345519065857,1
311,1204,0.3373110294342041,0
311,3851,0.34657394886016846,0
311,1618,0.3413103222846985,0
311,3987,0.354393869638443,0
311,2753,0.34739983081817627,0
311,312,0.33943814039230347,0
311,4124,0.3453211188316345,0
311,769,0.34506988525390625,0
311,1843,0.3609697222709656,0
311,999,0.3416835367679596,0
311,1800,0.34264492988586426,0
311,2989,0.3570401966571808,0
311,2547,0.3421180248260498,0
311,3220,0.34387102723121643,0
311,1795,0.3445167541503906,0
311,19,0.35024136304855347,0
311,1044,0.35762542486190796,0
311,4020,0.3400561809539795,0
311,524,0.34299159049987793,0
1034,1034,0.33909332752227783,1
1034,453,0.3494536876678467,0
1034,605,0.35168391466140747,0
1034,338,0.3741815686225891,0
1034,780,0.3633860945701599,0
1034,2767,0.3462192118167877,0
1034,2409,0.3428346812725067,0
1034,3472,0.34191665053367615,0
1034,908,0.3553788959980011,0
1034,1101,0.3587079346179962,0
1034,2906,0.34429940581321716,0
1034,906,0.3651271462440491,0
1034,2170,0.38535815477371216,0
1034,3144,0.3470722734928131,0
1034,2373,0.3487128019332886,0
1034,191,0.3537597954273224,0
1034,3049,0.3491363525390625,0
1034,2763,0.3465885519981384,0
1034,2284,0.3531765937805176,0
1034,577,0.3596922755241394,0
43,43,0.3628099262714386,1
43,829,0.3516470193862915,0
43,3,0.3455891013145447,0
43,3987,0.3589426279067993,0
43,3114,0.35222673416137695,0
43,3462,0.3439596891403198,0
43,3578,0.34124213457107544,0
43,2617,0.35108405351638794,0
43,4014,0.34834736585617065,0
43,1453,0.3492666184902191,0
43,3882,0.3474169373512268,0
43,920,0.37054991722106934,0
43,2960,0.3639025092124939,0
43,3159,0.36885538697242737,0
43,1463,0.3658733367919922,0
43,3880,0.356545090675354,0
43,75,0.36636409163475037,0
43,257,0.3423999547958374,0
43,612,0.35065126419067383,0
43,1414,0.3424098491668701,0
3932,3932,0.3413809835910797,1
3932,326,0.3455851972103119,0
3932,882,0.38878488540649414,0
3932,3809,0.34522512555122375,0
3932,939,0.38800370693206787,0
3932,2506,0.343467116355896,0
3932,30,0.3449338674545288,0
3932,2127,0.34172600507736206,0
3932,2990,0.38739174604415894,0
3932,494,0.34225133061408997,0
3932,3347,0.3448455333709717,0
3932,3910,0.3516930341720581,0
3932,3385,0.33975476026535034,0
3932,957,0.34335970878601074,0
3932,1123,0.34424471855163574,0
3932,377,0.3757842183113098,0
3932,3429,0.3572591543197632,0
3932,3334,0.34594422578811646,0
3932,3515,0.34380412101745605,0
3932,2189,0.3551907241344452,0
739,739,0.36004942655563354,1
739,3349,0.34013092517852783,0
739,1614,0.3393406867980957,0
739,1632,0.35214293003082275,0
739,2653,0.34836822748184204,0
739,4070,0.3501700758934021,0
739,3328,0.34829050302505493,0
739,307,0.36305123567581177,0
739,2598,0.357108473777771,0
739,1287,0.37510234117507935,0
739,3632,0.3489261865615845,0
739,1836,0.36525627970695496,0
739,3560,0.34182411432266235,0
739,1432,0.3606407642364502,0
739,2056,0.34857916831970215,0
739,2655,0.3442586362361908,0
739,3713,0.3492595851421356,0
739,100,0.3716689348220825,0
739,1082,0.36598193645477295,0
739,2680,0.35142335295677185,0
1037,1037,0.36746150255203247,1
1037,2601,0.34850478172302246,0
1037,1756,0.3553289473056793,0
1037,195,0.35589951276779175,0
1037,3622,0.3504699468612671,0
1037,1028,0.3509058356285095,0
1037,4141,0.34559378027915955,0
1037,326,0.34737297892570496,0
1037,285,0.34882473945617676,0
1037,2216,0.35779935121536255,0
1037,627,0.40125441551208496,0
1037,1448,0.38298773765563965,0
1037,2900,0.35958540439605713,0
1037,2424,0.3456195294857025,0
1037,2237,0.3476880192756653,0
1037,3566,0.34512919187545776,0
1037,2348,0.371079683303833,0
1037,3325,0.34637027978897095,0
1037,2148,0.3963436186313629,0
1037,1292,0.3556682765483856,0
672,672,0.34710413217544556,1
672,3844,0.3342568278312683,0
672,2163,0.3434980511665344,0
672,2491,0.3443763256072998,0
672,2242,0.3419007956981659,0
672,808,0.37091007828712463,0
672,3748,0.3441547751426697,0
672,3872,0.34242966771125793,0
672,2958,0.3439716100692749,0
672,1636,0.3466554284095764,0
672,3878,0.33906036615371704,0
672,4023,0.33919382095336914,0
672,3233,0.3529600501060486,0
672,3609,0.34503039717674255,0
672,1982,0.34296369552612305,0
672,2592,0.3424246311187744,0
672,3650,0.33697718381881714,0
672,1695,0.3406611979007721,0
672,437,0.3403639793395996,0
672,2970,0.36325231194496155,0
3379,3379,0.35187530517578125,1
3379,1220,0.3609205484390259,0
3379,930,0.35990002751350403,0
3379,4086,0.34971851110458374,0
3379,2008,0.350616455078125,0
3379,3193,0.3517957925796509,0
3379,3597,0.3557412326335907,0
3379,390,0.37468236684799194,0
3379,4140,0.35400015115737915,0
3379,3963,0.35729897022247314,0
3379,3329,0.3545472025871277,0
3379,3677,0.35580670833587646,0
3379,136,0.3701035976409912,0
3379,472,0.34333038330078125,0
3379,1737,0.3486846387386322,0
3379,3974,0.3553462624549866,0
3379,3042,0.3676146864891052,0
3379,1160,0.3603235185146332,0
3379,131,0.3551318645477295,0
3379,521,0.3556561768054962,0
1228,1228,0.35208454728126526,1
1228,3772,0.3491092324256897,0
1228,2129,0.36011141538619995,0
1228,403,0.38487333059310913,0
1228,3996,0.3594271242618561,0
1228,3472,0.34857940673828125,0
1228,3420,0.3516663610935211,0
1228,3103,0.35984063148498535,0
1228,3306,0.3764089345932007,0
1228,3627,0.35282909870147705,0
1228,1796,0.39234432578086853,0
1228,2779,0.363010972738266,0
1228,896,0.360134482383728,0
1228,3584,0.3522741198539734,0
1228,4103,0.3549070358276367,0
1228,752,0.39382192492485046,0
1228,1728,0.3690287470817566,0
1228,287,0.3810354471206665,0
1228,3652,0.39380085468292236,0
1228,2474,0.3510796129703522,0
2471,2471,0.3564491868019104,1
2471,4108,0.3538104295730591,0
2471,3945,0.3518562316894531,0
2471,2527,0.356834352016449,0
2471,1459,0.36141377687454224,0
2471,6,0.3469030261039734,0
2471,1213,0.34249767661094666,0
2471,1958,0.3479520082473755,0
2471,476,0.3534712493419647,0
2471,785,0.359472393989563,0
2471,2228,0.3573342561721802,0
2471,256,0.35597848892211914,0
2471,2280,0.35807275772094727,0
2471,3597,0.35594648122787476,0
2471,2648,0.3576699495315552,0
2471,3497,0.3510836958885193,0
2471,3926,0.34483802318573,0
2471,2999,0.36195993423461914,0
2471,2638,0.3525194525718689,0
2471,2580,0.350087970495224,0
622,622,0.34685343503952026,1
622,503,0.3440982699394226,0
622,2341,0.3438490033149719,0
622,3271,0.345892995595932,0
622,998,0.34434300661087036,0
622,1099,0.33993685245513916,0
622,569,0.34441784024238586,0
622,3439,0.34264910221099854,0
622,3942,0.34873417019844055,0
622,3258,0.34525012969970703,0
622,1998,0.3532972037792206,0
622,4109,0.3444095849990845,0
622,1593,0.34275850653648376,0
622,1584,0.36597970128059387,0
622,2594,0.3538980484008789,0
622,2421,0.3430648446083069,0
622,1868,0.3449977934360504,0
622,1360,0.3716471195220947,0
622,1227,0.3560217618942261,0
622,3719,0.34469687938690186,0
4142,4142,0.34954872727394104,1
4142,1560,0.3526451885700226,0
4142,1243,0.35619866847991943,0
4142,804,0.3601158857345581,0
4142,2179,0.3506101965904236,0
4142,2726,0.361450731754303,0
4142,1503,0.3443254828453064,0
4142,296,0.35207515954971313,0
4142,1825,0.35088032484054565,0
4142,4031,0.34736156463623047,0
4142,3736,0.3465753197669983,0
4142,3386,0.3546232283115387,0
4142,3114,0.35521793365478516,0
4142,2141,0.3551419973373413,0
4142,2767,0.3495525121688843,0
4142,1618,0.3488094210624695,0
4142,3154,0.3488476872444153,0
4142,3605,0.3474844992160797,0
4142,330,0.37886518239974976,0
4142,680,0.3686525523662567,0
1506,1506,0.3484829068183899,1
1506,2677,0.3510698676109314,0
1506,4015,0.34311729669570923,0
1506,2466,0.36100757122039795,0
1506,3282,0.3422035574913025,0
1506,2963,0.33906781673431396,0
1506,1096,0.34042301774024963,0
1506,904,0.345669150352478,0
1506,3318,0.3493930399417877,0
1506,2208,0.3607455790042877,0
1506,1483,0.3401813507080078,0
1506,2411,0.3486352562904358,0
1506,3995,0.346704363822937,0
1506,2890,0.3510677218437195,0
1506,3088,0.34272295236587524,0
1506,3697,0.35307377576828003,0
1506,211,0.3422369062900543,0
1506,2377,0.3558622896671295,0
1506,1961,0.3478655517101288,0
1506,1905,0.3517070412635803,0
362,362,0.3563724756240845,1
362,444,0.34662994742393494,0
362,3668,0.3517342507839203,0
362,4054,0.34593987464904785,0
362,3461,0.37575364112854004,0
362,4013,0.34088659286499023,0
362,36,0.36089423298835754,0
362,2007,0.34369921684265137,0
362,11,0.3710070848464966,0
362,751,0.33881911635398865,0
362,3119,0.33706969022750854,0
362,1285,0.36288589239120483,0
362,2365,0.344224214553833,0
362,3023,0.3564242422580719,0
362,1624,0.34047403931617737,0
362,1675,0.35322660207748413,0
362,1557,0.3549962639808655,0
362,1094,0.3747228980064392,0
362,165,0.3634168803691864,0
362,3628,0.3513411283493042,0
768,768,0.34805577993392944,1
768,2110,0.34859538078308105,0
768,3070,0.3354102075099945,0
768,1314,0.3583078384399414,0
768,3367,0.35537296533584595,0
768,1238,0.3388630151748657,0
768,269,0.34061598777770996,0
768,2313,0.3377927541732788,0
768,2128,0.3416544795036316,0
768,1602,0.33981797099113464,0
768,1468,0.3482322692871094,0
768,4121,0.33786943554878235,0
768,1827,0.34087565541267395,0
768,1988,0.337399959564209,0
768,3979,0.3366577625274658,0
768,3214,0.36468714475631714,0
768,4151,0.34198829531669617,0
768,1948,0.3441617488861084,0
768,1589,0.3491384983062744,0
768,1229,0.3708573579788208,0
2293,2293,0.3541108965873718,1
2293,3704,0.34482043981552124,0
2293,2,0.3567788600921631,0
2293,1868,0.352318674325943,0
2293,2550,0.34966766834259033,0
2293,3462,0.3489006757736206,0
2293,1271,0.368232786655426,0
2293,2124,0.3625079393386841,0
2293,2286,0.36354905366897583,0
2293,1891,0.348229318857193,0
2293,269,0.3513904809951782,0
2293,1916,0.3494815230369568,0
2293,3755,0.34824761748313904,0
2293,3021,0.34945183992385864,0
2293,3598,0.35916244983673096,0
2293,2264,0.35668331384658813,0
2293,1467,0.3501376807689667,0
2293,3410,0.35003334283828735,0
2293,3570,0.34601569175720215,0
2293,2115,0.3480958342552185,0
457,457,0.3519911468029022,1
457,2546,0.3618841767311096,0
457,679,0.3507181406021118,0
457,1579,0.36625465750694275,0
457,3912,0.3422224819660187,0
457,791,0.34631696343421936,0
457,72,0.3597154915332794,0
457,598,0.36872202157974243,0
457,1002,0.3463779389858246,0
457,2260,0.35419201850891113,0
457,3992,0.3431115746498108,0
457,2203,0.34388142824172974,0
457,1281,0.33499574661254883,0
457,2341,0.3458636701107025,0
457,1594,0.34570980072021484,0
457,3542,0.3505011200904846,0
457,2824,0.3401491940021515,0
457,419,0.351109117269516,0
457,1795,0.34832143783569336,0
457,3471,0.350450336933136,0
455,455,0.37017369270324707,1
455,3009,0.3438059091567993,0
455,2150,0.3426057696342468,0
455,3853,0.35205408930778503,0
455,1769,0.3567124009132385,0
455,2745,0.34373509883880615,0
455,1659,0.351279616355896,0
455,1895,0.356380432844162,0
455,1284,0.34789514541625977,0
455,3788,0.3470306992530823,0
455,1003,0.35106778144836426,0
455,3523,0.33800894021987915,0
455,1704,0.3995686173439026,0
455,662,0.34705591201782227,0
455,658,0.3815981447696686,0
455,1739,0.3626953363418579,0
455,2367,0.3480910062789917,0
455,196,0.34193146228790283,0
455,1239,0.34702157974243164,0
455,1174,0.3509565591812134,0
1994,1994,0.3478779196739197,1
1994,308,0.3711821436882019,0
1994,170,0.370144784450531,0
1994,2101,0.34614813327789307,0
1994,2003,0.33838188648223877,0
1994,322,0.34551987051963806,0
1994,2999,0.35238009691238403,0
1994,11,0.37324076890945435,0
1994,245,0.343555748462677,0
1994,1465,0.3490715026855469,0
1994,1071,0.3659414052963257,0
1994,1229,0.3737936019897461,0
1994,3267,0.36038658022880554,0
1994,3965,0.34279489517211914,0
1994,3009,0.34175926446914673,0
1994,348,0.3696240484714508,0
1994,168,0.36313825845718384,0
1994,4139,0.3415755033493042,0
1994,3033,0.33763423562049866,0
1994,3912,0.33851122856140137,0
3102,3102,0.3404541015625,1
3102,2190,0.3447228968143463,0
3102,349,0.347082257270813,0
3102,929,0.341693639755249,0
3102,3055,0.34594815969467163,0
3102,270,0.34759604930877686,0
3102,2283,0.3389344811439514,0
3102,4153,0.3552088737487793,0
3102,3898,0.35130804777145386,0
3102,1721,0.3373367190361023,0
3102,3626,0.35421645641326904,0
3102,231,0.35261157155036926,0
3102,2957,0.3536202311515808,0
3102,17,0.37160366773605347,0
3102,478,0.37116676568984985,0
3102,854,0.3754889965057373,0
3102,2721,0.3470955193042755,0
3102,2524,0.34643033146858215,0
3102,2564,0.3784441351890564,0
3102,3650,0.34062156081199646,0
3486,3486,0.3451351821422577,1
3486,2948,0.34282028675079346,0
3486,1771,0.35145309567451477,0
3486,1449,0.33352160453796387,0
3486,3197,0.33906543254852295,0
3486,369,0.3425127863883972,0
3486,1982,0.3457100987434387,0
3486,1016,0.34452974796295166,0
3486,3940,0.3397328853607178,0
3486,2396,0.3427395522594452,0
3486,2779,0.35202667117118835,0
3486,2835,0.34173327684402466,0
3486,1392,0.33702516555786133,0
3486,3563,0.334918737411499,0
3486,3226,0.34642255306243896,0
3486,343,0.3668020963668823,0
3486,28,0.3619614839553833,0
3486,2633,0.3363508880138397,0
3486,702,0.34582072496414185,0
3486,3896,0.3432063162326813,0
1212,1212,0.38820427656173706,1
1212,1444,0.3508538007736206,0
1212,759,0.3521806597709656,0
1212,2421,0.3444920480251312,0
1212,3061,0.3905867636203766,0
1212,4142,0.347616046667099,0
1212,3490,0.3418920040130615,0
1212,295,0.35179054737091064,0
1212,2258,0.371808260679245,0
1212,3291,0.4026784300804138,0
1212,3318,0.35212260484695435,0
1212,1437,0.3455292582511902,0
1212,186,0.34399527311325073,0
1212,3188,0.3478265702724457,0
1212,2999,0.3643382787704468,0
1212,3081,0.34121274948120117,0
1212,2233,0.3812670111656189,0
1212,3214,0.38173794746398926,0
1212,2993,0.34897103905677795,0
1212,2425,0.3797966241836548,0
2039,2039,0.3419187068939209,1
2039,3596,0.3456708788871765,0
2039,2532,0.3575649857521057,0
2039,2284,0.3511768877506256,0
2039,2935,0.348473459482193,0
2039,2519,0.3607901632785797,0
2039,1746,0.3514997959136963,0
2039,584,0.36085161566734314,0
2039,3157,0.3453149199485779,0
2039,3384,0.3405759334564209,0
2039,1549,0.34036386013031006,0
2039,1285,0.36600756645202637,0
2039,415,0.3773598074913025,0
2039,1406,0.3447919487953186,0
2039,1128,0.3427647352218628,0
2039,4176,0.344057559967041,0
2039,2821,0.34743452072143555,0
2039,574,0.3647814095020294,0
2039,2175,0.34653687477111816,0
2039,3373,0.34383678436279297,0
2444,2444,0.34691667556762695,1
2444,496,0.36307406425476074,0
2444,3909,0.3561810255050659,0
2444,1807,0.36779308319091797,0
2444,2138,0.38211363554000854,0
2444,124,0.3627326488494873,0
2444,3530,0.34631675481796265,0
2444,2434,0.3528136909008026,0
2444,2266,0.35512179136276245,0
2444,1377,0.35036033391952515,0
2444,3546,0.3522670567035675,0
2444,3751,0.34375762939453125,0
2444,1085,0.40363258123397827,0
2444,777,0.38072264194488525,0
2444,2088,0.38042861223220825,0
2444,1174,0.3549901843070984,0
2444,1493,0.36228251457214355,0
2444,880,0.35637855529785156,0
2444,3658,0.3597727417945862,0
2444,1413,0.3791550099849701,0
137,137,0.3544654846191406,1
137,450,0.36778801679611206,0
137,2972,0.3503490090370178,0
137,1103,0.34718436002731323,0
137,628,0.3491376042366028,0
137,1295,0.3534306287765503,0
137,2542,0.34799933433532715,0
137,594,0.3616882562637329,0
137,1504,0.36394551396369934,0
137,1773,0.35855627059936523,0
137,3664,0.34387362003326416,0
137,3909,0.3566868305206299,0
137,3605,0.3453977704048157,0
137,3965,0.3492411673069,0
137,526,0.3705351650714874,0
137,3344,0.34869176149368286,0
137,2198,0.3483404815196991,0
137,3682,0.35408347845077515,0
137,2263,0.3756958246231079,0
137,2341,0.3483601212501526,0
3719,3719,0.34681808948516846,1
3719,2348,0.3799594044685364,0
3719,1641,0.42199745774269104,0
3719,2877,0.356496125459671,0
3719,2601,0.345701664686203,0
3719,389,0.391277015209198,0
3719,3343,0.3622797727584839,0
3719,1956,0.34950923919677734,0
3719,66,0.3483133316040039,0
3719,3060,0.34130167961120605,0
3719,317,0.3516349494457245,0
3719,2811,0.3476344347000122,0
3719,4101,0.347814679145813,0
3719,3305,0.34821128845214844,0
3719,3494,0.35569655895233154,0
3719,2963,0.3397315740585327,0
3719,3233,0.36478525400161743,0
3719,2002,0.3514721989631653,0
3719,94,0.39222800731658936,0
3719,2310,0.34351813793182373,0
337,337,0.3555232882499695,1
337,3032,0.36279356479644775,0
337,2635,0.3403143286705017,0
337,2442,0.3487049341201782,0
337,1753,0.3609508275985718,0
337,2169,0.33695387840270996,0
337,271,0.34911590814590454,0
337,853,0.3441579043865204,0
337,1965,0.3382374048233032,0
337,4044,0.3352227210998535,0
337,3408,0.33816802501678467,0
337,136,0.355021595954895,0
337,3174,0.33652767539024353,0
337,837,0.3569774329662323,0
337,1252,0.3294684886932373,0
337,3072,0.33894845843315125,0
337,3939,0.32978346943855286,0
337,4161,0.33796489238739014,0
337,548,0.34720367193222046,0
337,3311,0.33737558126449585,0
3958,3958,0.3430863618850708,1
3958,3730,0.3445183038711548,0
3958,2640,0.34347397089004517,0
3958,154,0.3693307340145111,0
3958,3473,0.3432424068450928,0
3958,3636,0.3497472405433655,0
3958,1429,0.34539327025413513,0
3958,2738,0.38507500290870667,0
3958,1725,0.3532365560531616,0
3958,3889,0.341772198677063,0
3958,2150,0.34180957078933716,0
3958,1165,0.3464035987854004,0
3958,1909,0.35155585408210754,0
3958,3817,0.3437744677066803,0
3958,663,0.34713292121887207,0
3958,3921,0.3408021926879883,0
3958,963,0.3440583348274231,0
3958,3903,0.3443225026130676,0
3958,1020,0.34525585174560547,0
3958,959,0.35077354311943054,0
4086,4086,0.34473785758018494,1
4086,2181,0.3448001444339752,0
4086,145,0.3613263666629791,0
4086,575,0.3644804060459137,0
4086,2129,0.35175400972366333,0
4086,853,0.3535456955432892,0
4086,1941,0.35182327032089233,0
4086,754,0.378363698720932,0
4086,1760,0.3487316370010376,0
4086,1717,0.35270825028419495,0
4086,88,0.3575851023197174,0
4086,336,0.35169991850852966,0
4086,4071,0.3477098345756531,0
4086,606,0.3441507816314697,0
4086,1887,0.3553330898284912,0
4086,981,0.3620748817920685,0
4086,1862,0.34215104579925537,0
4086,1186,0.35485488176345825,0
4086,1928,0.3511609435081482,0
4086,1084,0.3606012463569641,0
3537,3537,0.339376300573349,1
3537,885,0.37996748089790344,0
3537,2364,0.35629498958587646,0
3537,1011,0.35856854915618896,0
3537,4109,0.3476273715496063,0
3537,1736,0.35807710886001587,0
3537,3451,0.34825965762138367,0
3537,3015,0.3717724084854126,0
3537,1093,0.3539835810661316,0
3537,3778,0.34657222032546997,0
3537,706,0.3807932734489441,0
3537,2866,0.37105152010917664,0
3537,2579,0.3584885597229004,0
3537,1988,0.34461477398872375,0
3537,381,0.3777678906917572,0
3537,3326,0.3664032220840454,0
3537,521,0.3553200364112854,0
3537,3011,0.3471224308013916,0
3537,905,0.37398797273635864,0
3537,3171,0.3501010239124298,0
90,90,0.37358999252319336,1
90,382,0.3524501323699951,0
90,3314,0.3380739092826843,0
90,2584,0.34301793575286865,0
90,1042,0.3434081971645355,0
90,1176,0.3446803689002991,0
90,2316,0.3443983495235443,0
90,4038,0.34236106276512146,0
90,1198,0.34293532371520996,0
90,512,0.3627462387084961,0
90,451,0.3893853425979614,0
90,2315,0.3621272146701813,0
90,254,0.3442644774913788,0
90,993,0.34740638732910156,0
90,2760,0.3445468544960022,0
90,1147,0.341251015663147,0
90,981,0.3595960736274719,0
90,3877,0.34930330514907837,0
90,3216,0.3442983031272888,0
90,2409,0.34081754088401794,0
2134,2134,0.34315037727355957,1
2134,3070,0.3397413492202759,0
2134,3897,0.3598499000072479,0
2134,3810,0.3381063938140869,0
2134,1176,0.3460453748703003,0
2134,1842,0.3453831672668457,0
2134,1521,0.34399470686912537,0
2134,751,0.34270888566970825,0
2134,1129,0.3377060890197754,0
2134,3569,0.34901174902915955,0
2134,2817,0.34701693058013916,0
2134,540,0.3399519920349121,0
2134,3805,0.36274194717407227,0
2134,3546,0.34748324751853943,0
2134,3698,0.343003511428833,0
2134,1540,0.3488331437110901,0
2134,3085,0.34892216324806213,0
2134,1265,0.3631705939769745,0
2134,514,0.3438016176223755,0
2134,740,0.3704805374145508,0
2432,2432,0.35091376304626465,1
2432,3607,0.3441089689731598,0
2432,1286,0.3565133810043335,0
2432,1547,0.3641537129878998,0
2432,2319,0.3967585563659668,0
2432,997,0.37251216173171997,0
2432,2042,0.3372650146484375,0
2432,1600,0.34883570671081543,0
2432,88,0.3564225733280182,0
2432,774,0.35365909337997437,0
2432,2654,0.3437654376029968,0
2432,3016,0.35549187660217285,0
2432,472,0.337478905916214,0
2432,552,0.349621444940567,0
2432,979,0.35250142216682434,0
2432,4128,0.3456050753593445,0
2432,1526,0.3397409915924072,0
2432,2436,0.3659568428993225,0
2432,1321,0.3587645888328552,0
2432,2169,0.3441506028175354,0
391,391,0.35078105330467224,1
391,2680,0.3531818985939026,0
391,3744,0.34209194779396057,0
391,3128,0.3473917245864868,0
391,1712,0.3783145248889923,0
391,3772,0.34494835138320923,0
391,2959,0.3489912450313568,0
391,1797,0.34542497992515564,0
391,1723,0.3606188893318176,0
391,2556,0.3471485376358032,0
391,3020,0.3618549704551697,0
391,3375,0.3442049026489258,0
391,4154,0.34835684299468994,0
391,2829,0.34898078441619873,0
391,2113,0.3515195846557617,0
391,3045,0.34370192885398865,0
391,978,0.3458138406276703,0
391,3356,0.3481771647930145,0
391,2817,0.3476986885070801,0
391,829,0.35218119621276855,0
1313,1313,0.34433746337890625,1
1313,3467,0.3474861681461334,0
1313,1656,0.36242416501045227,0
1313,2079,0.35494065284729004,0
1313,157,0.35411179065704346,0
1313,3149,0.3522460460662842,0
1313,3033,0.3415178656578064,0
1313,1694,0.3492354154586792,0
1313,3522,0.36713916063308716,0
1313,2563,0.3425157964229584,0
1313,709,0.3475574851036072,0
1313,1909,0.35390451550483704,0
1313,1267,0.3707241714000702,0
1313,436,0.35131245851516724,0
1313,127,0.3438278138637543,0
1313,1058,0.35296720266342163,0
1313,1806,0.3565501868724823,0
1313,675,0.38529253005981445,0
1313,916,0.3793221712112427,0
1313,1131,0.34126096963882446,0
1341,1341,0.35058099031448364,1
1341,3309,0.345650851726532,0
1341,1306,0.36320459842681885,0
1341,935,0.34281158447265625,0
1341,2393,0.3715877830982208,0
1341,2224,0.3485363721847534,0
1341,818,0.34967654943466187,0
1341,2578,0.349459707736969,0
1341,840,0.35673004388809204,0
1341,3761,0.34580326080322266,0
1341,2168,0.3476683795452118,0
1341,1931,0.3537200093269348,0
1341,4061,0.3505721688270569,0
1341,4007,0.33789387345314026,0
1341,1366,0.3610542416572571,0
1341,1933,0.35729143023490906,0
1341,71,0.36179569363594055,0
1341,2200,0.35169118642807007,0
1341,2245,0.352117121219635,0
1341,3333,0.3727841079235077,0
3177,3177,0.339981347322464,1
3177,2302,0.33992916345596313,0
3177,4144,0.3419961929321289,0
3177,3857,0.3392719626426697,0
3177,1311,0.3486070930957794,0
3177,2014,0.3496556878089905,0
3177,1221,0.34915250539779663,0
3177,1732,0.3755984902381897,0
3177,4077,0.34262311458587646,0
3177,1980,0.3368937373161316,0
3177,1696,0.3583258092403412,0
3177,1652,0.35095280408859253,0
3177,1063,0.33437561988830566,0
3177,2280,0.34739693999290466,0
3177,2258,0.35687926411628723,0
3177,2313,0.33884137868881226,0
3177,3409,0.3392084240913391,0
3177,1955,0.36683574318885803,0
3177,1330,0.3626323640346527,0
3177,2754,0.35013777017593384,0
3299,3299,0.3514655530452728,1
3299,526,0.3785046637058258,0
3299,1367,0.35456666350364685,0
3299,3047,0.34616410732269287,0
3299,2075,0.349083811044693,0
3299,3856,0.3490851819515228,0
3299,1743,0.3588101863861084,0
3299,1549,0.34175342321395874,0
3299,1295,0.35278040170669556,0
3299,279,0.35084980726242065,0
3299,2959,0.35062870383262634,0
3299,2314,0.354079008102417,0
3299,3361,0.33831414580345154,0
3299,2435,0.34268301725387573,0
3299,371,0.3531706929206848,0
3299,748,0.35356172919273376,0
3299,2750,0.3562981188297272,0
3299,1871,0.3757162094116211,0
3299,1586,0.34955090284347534,0
3299,4040,0.3410227298736572,0
1472,1472,0.36037033796310425,1
1472,1273,0.35534676909446716,0
1472,3171,0.3508567214012146,0
1472,217,0.3502742052078247,0
1472,1196,0.3437533974647522,0
1472,3749,0.34937846660614014,0
1472,2164,0.34639930725097656,0
1472,1079,0.37603312730789185,0
1472,3554,0.34610527753829956,0
1472,2625,0.3469000458717346,0
1472,163,0.3641239404678345,0
1472,3951,0.3469502627849579,0
1472,3039,0.35133856534957886,0
1472,2524,0.34979814291000366,0
1472,3647,0.34920734167099,0
1472,3891,0.3499700427055359,0
1472,837,0.37048330903053284,0
1472,1564,0.35140880942344666,0
1472,3357,0.34613579511642456,0
1472,971,0.35621190071105957,0
2114,2114,0.3685663342475891,1
2114,3553,0.35037463903427124,0
2114,3998,0.3544995188713074,0
2114,3698,0.344695508480072,0
2114,2685,0.34357452392578125,0
2114,414,0.3568428158760071,0
2114,1445,0.3478313386440277,0
2114,789,0.35213303565979004,0
2114,1948,0.34969082474708557,0
2114,1080,0.3569120466709137,0
2114,89,0.3492426872253418,0
2114,185,0.3631235361099243,0
2114,2553,0.36303001642227173,0
2114,1257,0.3521961569786072,0
2114,1192,0.3467954695224762,0
2114,1263,0.3667486011981964,0
2114,1878,0.3494858741760254,0
2114,3760,0.3426528573036194,0
2114,2354,0.3472217321395874,0
2114,2455,0.34606942534446716,0
1871,1871,0.38058656454086304,1
1871,325,0.36067482829093933,0
1871,3421,0.3524101972579956,0
1871,1966,0.36574411392211914,0
1871,1347,0.3540988564491272,0
1871,1823,0.34617748856544495,0
1871,3615,0.3480417728424072,0
1871,454,0.36328721046447754,0
1871,3446,0.3450199365615845,0
1871,1216,0.3579770028591156,0
1871,579,0.38949906826019287,0
1871,3784,0.3718503415584564,0
1871,651,0.3600498139858246,0
1871,2511,0.3612040579319,0
1871,526,0.38437312841415405,0
1871,4178,0.34706979990005493,0
1871,1435,0.36527445912361145,0
1871,696,0.43083274364471436,0
1871,3207,0.3386857211589813,0
1871,830,0.3823886513710022,0
1288,1288,0.3542211651802063,1
1288,4104,0.3484596610069275,0
1288,406,0.3731723725795746,0
1288,3459,0.35424119234085083,0
1288,303,0.35590070486068726,0
1288,74,0.34739410877227783,0
1288,1420,0.35261571407318115,0
1288,131,0.351934552192688,0
1288,3616,0.34873226284980774,0
1288,3571,0.3462790548801422,0
1288,557,0.34990525245666504,0
1288,2427,0.34060031175613403,0
1288,1048,0.34181904792785645,0
1288,2544,0.3503449857234955,0
1288,2508,0.3554466962814331,0
1288,278,0.37705308198928833,0
1288,258,0.37408751249313354,0
1288,1335,0.34628766775131226,0
1288,4089,0.3457891643047333,0
1288,1948,0.35353606939315796,0
1861,1861,0.35870352387428284,1
1861,2185,0.3593934178352356,0
1861,2659,0.35135576128959656,0
1861,523,0.38768619298934937,0
1861,1227,0.3616037666797638,0
1861,589,0.35154423117637634,0
1861,4114,0.3406534790992737,0
1861,1396,0.3740590810775757,0
1861,48,0.34522122144699097,0
1861,3737,0.34301164746284485,0
1861,214,0.383412629365921,0
1861,1975,0.35206249356269836,0
1861,124,0.3635792136192322,0
1861,3108,0.3506433367729187,0
1861,3721,0.34790679812431335,0
1861,2522,0.38444361090660095,0
1861,448,0.3640710115432739,0
1861,2263,0.3801371455192566,0
1861,1536,0.3436887562274933,0
1861,3751,0.33923402428627014,0
689,689,0.3374272584915161,1
689,2998,0.38123494386672974,0
689,2494,0.36941951513290405,0
689,3262,0.3443284034729004,0
689,4032,0.35162630677223206,0
689,2823,0.34518963098526,0
689,1774,0.36325180530548096,0
689,1723,0.36044174432754517,0
689,133,0.37065303325653076,0
689,1553,0.34550803899765015,0
689,188,0.33993372321128845,0
689,2632,0.341224730014801,0
689,2994,0.35630208253860474,0
689,2593,0.3658912479877472,0
689,2074,0.35966071486473083,0
689,1544,0.34213787317276,0
689,3889,0.3417622447013855,0
689,4146,0.3417697250843048,0
689,2046,0.3513653874397278,0
689,1593,0.34403395652770996,0
961,961,0.3613252341747284,1
961,2126,0.3778653144836426,0
961,2549,0.366838276386261,0
961,1445,0.35066646337509155,0
961,1803,0.3463795781135559,0
961,1736,0.35632380843162537,0
961,1729,0.3504590690135956,0
961,2968,0.3498227894306183,0
961,673,0.344562828540802,0
961,326,0.347727507352829,0
961,3107,0.3398556709289551,0
961,3531,0.3552311062812805,0
961,1392,0.3431377112865448,0
961,4154,0.35026073455810547,0
961,1409,0.3567902147769928,0
961,914,0.3463011384010315,0
961,761,0.350734680891037,0
961,744,0.3506178557872772,0
961,472,0.339557945728302,0
961,1202,0.3675704002380371,0
36,36,0.3708305358886719,1
36,2847,0.34492868185043335,0
36,345,0.3840349316596985,0
36,2813,0.36312466859817505,0
36,339,0.35189327597618103,0
36,1269,0.35175490379333496,0
36,2275,0.3553115129470825,0
36,2268,0.38250669836997986,0
36,3265,0.36596810817718506,0
36,1550,0.3709563612937927,0
36,221,0.3552677035331726,0
36,2703,0.35427215695381165,0
36,1607,0.3482946455478668,0
36,2375,0.40380406379699707,0
36,4096,0.35380834341049194,0
36,1907,0.37068551778793335,0
36,3135,0.3574613928794861,0
36,3328,0.35401633381843567,0
36,1501,0.34572187066078186,0
36,2446,0.3537605404853821,0
290,290,0.3462918698787689,1
290,2303,0.3675641417503357,0
290,4123,0.34264105558395386,0
290,2865,0.354026734828949,0
290,2717,0.3544341027736664,0
290,1642,0.3541663885116577,0
290,1933,0.36046934127807617,0
290,1308,0.3469569683074951,0
290,4075,0.35260525345802307,0
290,3200,0.35146552324295044,0
290,2578,0.3530632257461548,0
290,3645,0.35330432653427124,0
290,901,0.37572306394577026,0
290,2711,0.36540043354034424,0
290,2189,0.35786670446395874,0
290,1476,0.3493928015232086,0
290,491,0.3624021112918854,0
290,1619,0.37823182344436646,0
290,369,0.353787362575531,0
290,2948,0.3532295227050781,0
1559,1559,0.33863502740859985,1
1559,3776,0.33333927392959595,0
1559,71,0.35716167092323303,0
1559,2626,0.3366227149963379,0
1559,485,0.38175588846206665,0
1559,2246,0.35185420513153076,0
1559,1070,0.3665786385536194,0
1559,340,0.3389374017715454,0
1559,2672,0.3689650893211365,0
1559,3668,0.3543955683708191,0
1559,1112,0.34634479880332947,0
1559,1100,0.34275323152542114,0
1559,1329,0.332267165184021,0
1559,4101,0.3417464792728424,0
1559,1437,0.3368934392929077,0
1559,4115,0.33274713158607483,0
1559,1283,0.34860098361968994,0
1559,1697,0.34773290157318115,0
1559,331,0.3451686203479767,0
1559,2666,0.3381165564060211,0
3192,3192,0.34365153312683105,1
3192,3798,0.3596494793891907,0
3192,112,0.35392290353775024,0
3192,2543,0.38011735677719116,0
3192,1377,0.34705889225006104,0
3192,1413,0.39253702759742737,0
3192,93,0.3534252345561981,0
3192,2689,0.33850619196891785,0
3192,484,0.3548121452331543,0
3192,2540,0.34248077869415283,0
3192,2565,0.35125038027763367,0
3192,1508,0.3565276563167572,0
3192,4086,0.34408217668533325,0
3192,714,0.3839057683944702,0
3192,1447,0.38395002484321594,0
3192,1092,0.3471757769584656,0
3192,620,0.3462842106819153,0
3192,1422,0.3845820426940918,0
3192,726,0.34692102670669556,0
3192,4080,0.34269416332244873,0
1198,1198,0.33750712871551514,1
1198,2803,0.33326256275177,0
1198,686,0.3419090509414673,0
1198,3396,0.33383724093437195,0
1198,3384,0.3344190716743469,0
1198,1328,0.3352508544921875,0
1198,1060,0.3462600111961365,0
1198,4119,0.338590532541275,0
1198,602,0.3493243157863617,0
1198,1844,0.3602822422981262,0
1198,2232,0.3435633182525635,0
1198,1208,0.34166085720062256,0
1198,2030,0.34197670221328735,0
1198,827,0.35194647312164307,0
1198,1027,0.33143866062164307,0
1198,2323,0.3347196578979492,0
1198,1119,0.33951103687286377,0
1198,3531,0.34543177485466003,0
1198,3773,0.3392658233642578,0
1198,2818,0.3365926444530487,0
2023,2023,0.3458305597305298,1
2023,2115,0.34570053219795227,0
2023,240,0.3731220066547394,0
2023,3797,0.3497357964515686,0
2023,3875,0.3517303764820099,0
2023,506,0.34595784544944763,0
2023,2249,0.3457099497318268,0
2023,839,0.3616906702518463,0
2023,2600,0.3500324785709381,0
2023,226,0.3601411283016205,0
2023,4085,0.35546034574508667,0
2023,3306,0.364846408367157,0
2023,2269,0.34196969866752625,0
2023,2703,0.3516474962234497,0
2023,2529,0.34392207860946655,0
2023,4095,0.3487485647201538,0
2023,2679,0.35393959283828735,0
2023,1955,0.37480661273002625,0
2023,2502,0.35441166162490845,0
2023,2633,0.34427815675735474,0
1725,1725,0.3647040128707886,1
1725,2707,0.3806041479110718,0
1725,4044,0.35411620140075684,0
1725,2557,0.36060044169425964,0
1725,2340,0.3522149622440338,0
1725,955,0.35288873314857483,0
1725,1409,0.3650403320789337,0
1725,1187,0.3556148111820221,0
1725,1079,0.38210922479629517,0
1725,904,0.3558206558227539,0
1725,315,0.37497591972351074,0
1725,598,0.377865731716156,0
1725,1955,0.38102245330810547,0
1725,3548,0.35712185502052307,0
1725,564,0.3562926650047302,0
1725,3689,0.3461242914199829,0
1725,410,0.3729916214942932,0
1725,1974,0.3762226700782776,0
1725,3130,0.3578413128852844,0
1725,3950,0.36281633377075195,0
1356,1356,0.3616446852684021,1
1356,2669,0.344600111246109,0
1356,2927,0.3598366975784302,0
1356,2763,0.34739476442337036,0
1356,235,0.37066614627838135,0
1356,1405,0.3760617971420288,0
1356,797,0.36100271344184875,0
1356,2822,0.34568947553634644,0
1356,1474,0.3507365584373474,0
1356,2250,0.34210067987442017,0
1356,1184,0.3567033112049103,0
1356,2527,0.3524075746536255,0
1356,3384,0.3430578410625458,0
1356,29,0.3854842185974121,0
1356,3089,0.34970682859420776,0
1356,2748,0.3475482165813446,0
1356,766,0.3435731530189514,0
1356,2714,0.3471859395503998,0
1356,3928,0.34385448694229126,0
1356,1595,0.3845924139022827,0
3818,3818,0.33905285596847534,1
3818,2790,0.34435105323791504,0
3818,890,0.3470876216888428,0
3818,851,0.360039085149765,0
3818,1084,0.35799676179885864,0
3818,398,0.3671439290046692,0
3818,3879,0.3426937162876129,0
3818,2272,0.3477747142314911,0
3818,159,0.3535361886024475,0
3818,93,0.34739673137664795,0
3818,152,0.37189269065856934,0
3818,3871,0.33885839581489563,0
3818,3174,0.3427630066871643,0
3818,1025,0.3583104908466339,0
3818,1199,0.3458658456802368,0
3818,3969,0.35043084621429443,0
3818,3933,0.3436480462551117,0
3818,3822,0.3409349322319031,0
3818,3919,0.3424086570739746,0
3818,3095,0.3463272750377655,0
4148,4148,0.34015679359436035,1
4148,2472,0.34591391682624817,0
4148,1391,0.34690481424331665,0
4148,2130,0.37600943446159363,0
4148,3073,0.35563960671424866,0
4148,3137,0.3657892346382141,0
4148,4029,0.3409586548805237,0
4148,4048,0.3696348965167999,0
4148,1123,0.3460816442966461,0
4148,4114,0.3403705358505249,0
4148,3322,0.34912848472595215,0
4148,598,0.37422096729278564,0
4148,286,0.3524715304374695,0
4148,3461,0.39290326833724976,0
4148,3616,0.34531936049461365,0
4148,3575,0.3420340418815613,0
4148,480,0.3881075978279114,0
4148,2467,0.3474113643169403,0
4148,887,0.3432373106479645,0
4148,3765,0.3531339466571808,0
4085,4085,0.34770044684410095,1
4085,1590,0.3413991332054138,0
4085,770,0.3444940745830536,0
4085,1911,0.3630771040916443,0
4085,2642,0.3433426022529602,0
4085,2838,0.3597133457660675,0
4085,3065,0.33635997772216797,0
4085,3508,0.3370334208011627,0
4085,3030,0.3462362587451935,0
4085,1061,0.3621114492416382,0
4085,1281,0.3285191059112549,0
4085,2697,0.3402779698371887,0
4085,1579,0.360096275806427,0
4085,3017,0.35570091009140015,0
4085,2812,0.34815800189971924,0
4085,620,0.33909475803375244,0
4085,2221,0.33933907747268677,0
4085,1204,0.33380967378616333,0
4085,1903,0.3496367335319519,0
4085,3983,0.3448795676231384,0
3250,3250,0.34901267290115356,1
3250,2712,0.3512876033782959,0
3250,1135,0.36070358753204346,0
3250,2130,0.37204837799072266,0
3250,1299,0.34659963846206665,0
3250,818,0.348310261964798,0
3250,1607,0.345173180103302,0
3250,1190,0.3508106470108032,0
3250,819,0.3645315170288086,0
3250,1322,0.37011948227882385,0
3250,2853,0.34293293952941895,0
3250,525,0.3505207598209381,0
3250,1544,0.34402257204055786,0
3250,3960,0.34255170822143555,0
3250,703,0.3551980257034302,0
3250,1623,0.3498409390449524,0
3250,1626,0.34956955909729004,0
3250,1289,0.34967556595802307,0
3250,1702,0.34762489795684814,0
3250,2621,0.3497961163520813,0
714,714,0.3697139024734497,1
714,49,0.3422253727912903,0
714,1670,0.35941094160079956,0
714,3262,0.34222346544265747,0
714,1159,0.3602750301361084,0
714,355,0.35719138383865356,0
714,1191,0.3380817770957947,0
714,1752,0.35442087054252625,0
714,2876,0.35695940256118774,0
714,1307,0.39580684900283813,0
714,532,0.34839126467704773,0
714,3167,0.34605473279953003,0
714,3937,0.3389895260334015,0
714,2322,0.34719663858413696,0
714,2296,0.34797435998916626,0
714,3687,0.34936320781707764,0
714,2439,0.34538576006889343,0
714,4058,0.3455679416656494,0
714,1199,0.346635639667511,0
714,3845,0.3426055312156677,0
2657,2657,0.34094664454460144,1
2657,3776,0.3421880304813385,0
2657,1513,0.34772348403930664,0
2657,1762,0.35231611132621765,0
2657,622,0.35397663712501526,0
2657,1830,0.3605072498321533,0
2657,1355,0.354341596364975,0
2657,608,0.36045971512794495,0
2657,425,0.36436188220977783,0
2657,2248,0.3504844307899475,0
2657,1174,0.3551873564720154,0
2657,977,0.3672758936882019,0
2657,1487,0.42341312766075134,0
2657,2662,0.3475160002708435,0
2657,777,0.39368736743927,0
2657,659,0.34263354539871216,0
2657,1202,0.3811323046684265,0
2657,1615,0.344229519367218,0
2657,3886,0.3513636589050293,0
2657,2668,0.349936842918396,0
1534,1534,0.3630027770996094,1
1534,3550,0.3556489944458008,0
1534,2689,0.3426322340965271,0
1534,2048,0.349656343460083,0
1534,4038,0.3509243428707123,0
1534,3005,0.35080021619796753,0
1534,3736,0.3485327661037445,0
1534,691,0.35883378982543945,0
1534,2110,0.36047905683517456,0
1534,4053,0.379212886095047,0
1534,175,0.3673515021800995,0
1534,1216,0.3571787476539612,0
1534,2825,0.3526275157928467,0
1534,1490,0.3473091721534729,0
1534,191,0.3582026958465576,0
1534,4025,0.3576108515262604,0
1534,4120,0.3543164134025574,0
1534,1298,0.3708266615867615,0
1534,698,0.37244629859924316,0
1534,3360,0.3486254811286926,0
1705,1705,0.34636014699935913,1
1705,1703,0.3695274591445923,0
1705,2078,0.3466542363166809,0
1705,3356,0.34851348400115967,0
1705,2249,0.3445966839790344,0
1705,946,0.3380711078643799,0
1705,1963,0.3414936065673828,0
1705,254,0.34589987993240356,0
1705,148,0.35096776485443115,0
1705,594,0.3588636517524719,0
1705,1378,0.3525204360485077,0
1705,724,0.353898823261261,0
1705,268,0.3672310709953308,0
1705,4011,0.34558171033859253,0
1705,3158,0.3608778119087219,0
1705,1190,0.34830307960510254,0
1705,2904,0.3475450873374939,0
1705,1990,0.3496280014514923,0
1705,3010,0.3782288432121277,0
1705,1601,0.34778687357902527,0
3058,3058,0.3601193130016327,1
3058,4006,0.35078322887420654,0
3058,3654,0.36780309677124023,0
3058,2382,0.36601775884628296,0
3058,1927,0.35585761070251465,0
3058,1184,0.35977450013160706,0
3058,288,0.36566832661628723,0
3058,837,0.3723815083503723,0
3058,3473,0.34870609641075134,0
3058,1876,0.35477781295776367,0
3058,811,0.3713482618331909,0
3058,3402,0.3550696074962616,0
3058,1508,0.3570721745491028,0
3058,1695,0.352613240480423,0
3058,923,0.3542138338088989,0
3058,3120,0.3537120223045349,0
3058,985,0.3416581451892853,0
3058,2457,0.349426805973053,0
3058,2257,0.3513576090335846,0
3058,468,0.3623195290565491,0
3426,3426,0.3488099277019501,1
3426,4101,0.3534203767776489,0
3426,3682,0.356383353471756,0
3426,319,0.3784346878528595,0
3426,172,0.3649613559246063,0
3426,1418,0.365829199552536,0
3426,1716,0.34911829233169556,0
3426,1549,0.3459891080856323,0
3426,2256,0.3537508249282837,0
3426,1744,0.3448791801929474,0
3426,243,0.35932397842407227,0
3426,4110,0.3574395477771759,0
3426,3234,0.34952306747436523,0
3426,3260,0.36135536432266235,0
3426,3376,0.3505088686943054,0
3426,2879,0.36240720748901367,0
3426,2154,0.35785382986068726,0
3426,1958,0.34640634059906006,0
3426,2592,0.35513830184936523,0
3426,2049,0.36765962839126587,0
2901,2901,0.3451612591743469,1
2901,2573,0.3495362401008606,0
2901,2414,0.3467869162559509,0
2901,3216,0.35271674394607544,0
2901,2759,0.3520074486732483,0
2901,1940,0.3586463928222656,0
2901,3085,0.35533851385116577,0
2901,258,0.3763614892959595,0
2901,3904,0.35540658235549927,0
2901,4024,0.35095158219337463,0
2901,3050,0.3488905429840088,0
2901,1433,0.35035020112991333,0
2901,2028,0.3527976870536804,0
2901,1534,0.36242228746414185,0
2901,858,0.36239802837371826,0
2901,3503,0.3529914319515228,0
2901,1492,0.36929258704185486,0
2901,3953,0.368030846118927,0
2901,3434,0.3477216064929962,0
2901,180,0.35145464539527893,0
113,113,0.342770516872406,1
113,3957,0.3335229158401489,0
113,2920,0.3336355686187744,0
113,3012,0.3416193723678589,0
113,1116,0.3443983197212219,0
113,2195,0.33692634105682373,0
113,67,0.3538733720779419,0
113,3817,0.3371939957141876,0
113,945,0.3314777612686157,0
113,3,0.336499959230423,0
113,2117,0.34293898940086365,0
113,3952,0.3441084623336792,0
113,3812,0.33465081453323364,0
113,4066,0.33789899945259094,0
113,668,0.3428759276866913,0
113,1309,0.3409207761287689,0
113,4062,0.3401121497154236,0
113,3879,0.33871930837631226,0
113,476,0.3398854732513428,0
113,382,0.34773892164230347,0
1675,1675,0.36127713322639465,1
1675,529,0.3740517795085907,0
1675,257,0.34161415696144104,0
1675,2268,0.393047034740448,0
1675,2,0.3536420464515686,0
1675,385,0.3790079653263092,0
1675,3862,0.342501163482666,0
1675,3094,0.34351056814193726,0
1675,1833,0.3554435968399048,0
1675,2964,0.3491041958332062,0
1675,3236,0.34812015295028687,0
1675,3709,0.34324657917022705,0
1675,2229,0.3411749601364136,0
1675,100,0.38410329818725586,0
1675,1422,0.3836456537246704,0
1675,1618,0.34412848949432373,0
1675,2240,0.3444153070449829,0
1675,1247,0.348957896232605,0
1675,1923,0.35150933265686035,0
1675,2882,0.3413032293319702,0
3693,3693,0.3446217179298401,1
3693,3219,0.34944936633110046,0
3693,100,0.37324258685112,0
3693,1685,0.34638357162475586,0
3693,798,0.34690946340560913,0
3693,3281,0.34450459480285645,0
3693,3071,0.35035860538482666,0
3693,172,0.355090856552124,0
3693,490,0.35805630683898926,0
3693,2534,0.3431962728500366,0
3693,2358,0.34994742274284363,0
3693,1539,0.39851313829421997,0
3693,1928,0.3521344065666199,0
3693,3144,0.34893661737442017,0
3693,1759,0.3528640568256378,0
3693,486,0.36963939666748047,0
3693,3926,0.34019726514816284,0
3693,1432,0.362007737159729,0
3693,831,0.353885680437088,0
3693,2676,0.3522222638130188,0
3966,3966,0.34017544984817505,1
3966,2091,0.33892980217933655,0
3966,343,0.3618238568305969,0
3966,1155,0.3747382164001465,0
3966,3973,0.35200077295303345,0
3966,1194,0.34700167179107666,0
3966,1147,0.34240949153900146,0
3966,657,0.342549204826355,0
3966,1494,0.3448956608772278,0
3966,3697,0.35019755363464355,0
3966,564,0.34706801176071167,0
3966,3645,0.34443098306655884,0
3966,2869,0.34613358974456787,0
3966,2269,0.33742833137512207,0
3966,339,0.34357935190200806,0
3966,3492,0.3390495479106903,0
3966,300,0.34218063950538635,0
3966,148,0.3482474684715271,0
3966,3441,0.3535690903663635,0
3966,3547,0.34477826952934265,0
2152,2152,0.35978949069976807,1
2152,522,0.35603058338165283,0
2152,3739,0.36941176652908325,0
2152,1359,0.34861546754837036,0
2152,1784,0.3426883816719055,0
2152,3930,0.3436301648616791,0
2152,411,0.3736603856086731,0
2152,1571,0.3501085340976715,0
2152,884,0.3446069359779358,0
2152,302,0.37558209896087646,0
2152,801,0.34685924649238586,0
2152,3098,0.37814828753471375,0
2152,2434,0.351265013217926,0
2152,1344,0.3486294746398926,0
2152,2647,0.35742613673210144,0
2152,2801,0.3526877462863922,0
2152,538,0.35340189933776855,0
2152,3876,0.34599941968917847,0
2152,2125,0.35595613718032837,0
2152,590,0.3736140727996826,0
2456,2456,0.3822363317012787,1
2456,3797,0.3550681471824646,0
2456,3501,0.3498443365097046,0
2456,3467,0.352137953042984,0
2456,2777,0.35431578755378723,0
2456,3942,0.3578614592552185,0
2456,555,0.3503379821777344,0
2456,2635,0.3566283583641052,0
2456,1045,0.3714176416397095,0
2456,3779,0.345503568649292,0
2456,363,0.3849868178367615,0
2456,313,0.3606378734111786,0
2456,3972,0.3507842421531677,0
2456,360,0.3579437732696533,0
2456,3259,0.35993143916130066,0
2456,3609,0.3592132329940796,0
2456,3760,0.3477729856967926,0
2456,3,0.35255515575408936,0
2456,3485,0.3626280128955841,0
2456,1919,0.34225839376449585,0
3452,3452,0.3477829694747925,1
3452,2292,0.3435555100440979,0
3452,3384,0.3407147228717804,0
3452,895,0.34240540862083435,0
3452,3254,0.34718164801597595,0
3452,2291,0.3467000126838684,0
3452,3397,0.3435923159122467,0
3452,1062,0.3503112494945526,0
3452,3712,0.34939467906951904,0
3452,977,0.3552188277244568,0
3452,1014,0.3731689155101776,0
3452,2938,0.37656599283218384,0
3452,2950,0.34868448972702026,0
3452,48,0.3423579931259155,0
3452,3444,0.34214818477630615,0
3452,2466,0.3599240779876709,0
3452,1708,0.36186814308166504,0
3452,2833,0.34599509835243225,0
3452,2158,0.3382033705711365,0
3452,2246,0.3529963791370392,0
159,159,0.36129894852638245,1
159,1941,0.3590794801712036,0
159,514,0.3513827621936798,0
159,1554,0.35232579708099365,0
159,1810,0.3706216812133789,0
159,1884,0.353370726108551,0
159,2129,0.35791417956352234,0
159,1613,0.34561190009117126,0
159,2124,0.36470168828964233,0
159,2179,0.35320761799812317,0
159,3212,0.3538322150707245,0
159,2075,0.353887677192688,0
159,1993,0.35345494747161865,0
159,100,0.37856772541999817,0
159,440,0.36362552642822266,0
159,628,0.3523620665073395,0
159,1823,0.347788006067276,0
159,2658,0.3552830219268799,0
159,3198,0.3641834557056427,0
159,4109,0.35250455141067505,0
3501,3501,0.34174633026123047,1
3501,2119,0.34901225566864014,0
3501,933,0.3567847013473511,0
3501,3877,0.3512684106826782,0
3501,274,0.3481033444404602,0
3501,2132,0.34463852643966675,0
3501,2810,0.37930044531822205,0
3501,3179,0.3450062870979309,0
3501,2312,0.34327638149261475,0
3501,3965,0.34423571825027466,0
3501,259,0.3939365744590759,0
3501,3065,0.3389054834842682,0
3501,233,0.37353241443634033,0
3501,1821,0.3584686517715454,0
3501,2514,0.34906041622161865,0
3501,4112,0.344361275434494,0
3501,1121,0.3520752191543579,0
3501,3365,0.3534398674964905,0
3501,3863,0.35234129428863525,0
3501,1578,0.34482985734939575,0
49,49,0.34112027287483215,1
49,3584,0.3437802195549011,0
49,819,0.3602951169013977,0
49,2929,0.33834248781204224,0
49,3952,0.3476394712924957,0
49,3145,0.3448442816734314,0
49,2255,0.3474694788455963,0
49,4157,0.3446800112724304,0
49,3504,0.3533150553703308,0
49,1254,0.34059321880340576,0
49,792,0.34434205293655396,0
49,1051,0.37086784839630127,0
49,2882,0.33982184529304504,0
49,426,0.34500616788864136,0
49,1637,0.3460404872894287,0
49,1518,0.3561544716358185,0
49,2992,0.3515878915786743,0
49,3561,0.3419710397720337,0
49,4077,0.3447125554084778,0
49,3305,0.3446665108203888,0
416,416,0.35060542821884155,1
416,53,0.3694194555282593,0
416,1229,0.3913287818431854,0
416,2081,0.3487483859062195,0
416,3287,0.3540564477443695,0
416,3971,0.3449390232563019,0
416,419,0.35462668538093567,0
416,705,0.34811246395111084,0
416,1740,0.34796613454818726,0
416,3029,0.34974849224090576,0
416,3817,0.347089946269989,0
416,4077,0.3493870794773102,0
416,2302,0.34759169816970825,0
416,3368,0.35008135437965393,0
416,2078,0.3466312289237976,0
416,904,0.3485124111175537,0
416,2718,0.35084956884384155,0
416,4114,0.3426501750946045,0
416,3464,0.3488837778568268,0
416,3319,0.3485592007637024,0
785,785,0.3507223129272461,1
785,1877,0.3652944564819336,0
785,3871,0.33886030316352844,0
785,3203,0.3446519076824188,0
785,2085,0.33832138776779175,0
785,3415,0.3446519076824188,0
785,1931,0.34975823760032654,0
785,2825,0.344330757856369,0
785,3066,0.35500138998031616,0
785,2156,0.3458058834075928,0
785,1986,0.35924795269966125,0
785,2547,0.34295374155044556,0
785,942,0.3443564772605896,0
785,3669,0.3459413945674896,0
785,223,0.34268391132354736,0
785,3160,0.36811748147010803,0
785,3473,0.342027872800827,0
785,430,0.3584076464176178,0
785,2503,0.3472713828086853,0
785,2009,0.3480130732059479,0
3103,3103,0.35359326004981995,1
3103,1732,0.39264315366744995,0
3103,609,0.36672335863113403,0
3103,4066,0.34680086374282837,0
3103,2743,0.34510987997055054,0
3103,2433,0.34609004855155945,0
3103,1621,0.34715917706489563,0
3103,483,0.3494165539741516,0
3103,269,0.3482772707939148,0
3103,2987,0.35366183519363403,0
3103,3709,0.3431508541107178,0
3103,3300,0.35038578510284424,0
3103,286,0.3548924922943115,0
3103,177,0.3770580589771271,0
3103,3933,0.3490197956562042,0
3103,2407,0.3812394142150879,0
3103,4040,0.34066057205200195,0
3103,3623,0.3453657329082489,0
3103,3787,0.35020142793655396,0
3103,1858,0.3480103611946106,0
1531,1531,0.34312060475349426,1
1531,3302,0.34881484508514404,0
1531,1973,0.34637928009033203,0
1531,1443,0.34870272874832153,0
1531,787,0.3489946126937866,0
1531,220,0.3426077365875244,0
1531,2980,0.34284141659736633,0
1531,1376,0.3685290515422821,0
1531,3458,0.36662599444389343,0
1531,1616,0.3528454303741455,0
1531,3942,0.3494446873664856,0
1531,3941,0.3770156502723694,0
1531,4014,0.3465133011341095,0
1531,2262,0.37529081106185913,0
1531,1972,0.3509548306465149,0
1531,2706,0.33889278769493103,0
1531,139,0.3628509044647217,0
1531,979,0.3539350628852844,0
1531,1448,0.3799864649772644,0
1531,2248,0.34550240635871887,0
3916,3916,0.34759077429771423,1
3916,630,0.34027597308158875,0
3916,1831,0.42542558908462524,0
3916,258,0.3766992688179016,0
3916,4070,0.34846770763397217,0
3916,57,0.3429257869720459,0
3916,1985,0.3408701419830322,0
3916,1269,0.3436940312385559,0
3916,160,0.3558383584022522,0
3916,2584,0.3448629379272461,0
3916,3837,0.41980206966400146,0
3916,3249,0.35208046436309814,0
3916,748,0.35026824474334717,0
3916,1161,0.3458611071109772,0
3916,3167,0.34621939063072205,0
3916,1703,0.37448325753211975,0
3916,531,0.3481106162071228,0
3916,1217,0.3461252450942993,0
3916,3745,0.3613009750843048,0
3916,479,0.3806672692298889,0
3267,3267,0.3758705258369446,1
3267,980,0.34432631731033325,0
3267,1597,0.3475940227508545,0
3267,3609,0.35812750458717346,0
3267,970,0.3598059415817261,0
3267,643,0.3860495090484619,0
3267,2200,0.35378339886665344,0
3267,427,0.3854748010635376,0
3267,2002,0.3574432134628296,0
3267,1107,0.3733097314834595,0
3267,2646,0.35265928506851196,0
3267,2742,0.3775479197502136,0
3267,3149,0.3562667965888977,0
3267,297,0.37643319368362427,0
3267,2770,0.3500421643257141,0
3267,318,0.3865044414997101,0
3267,1207,0.34818002581596375,0
3267,632,0.35514241456985474,0
3267,269,0.3528921604156494,0
3267,1678,0.3460339307785034,0
1466,1466,0.3440797030925751,1
1466,2899,0.3451210856437683,0
1466,1574,0.36481916904449463,0
1466,2107,0.34544485807418823,0
1466,3335,0.340612530708313,0
1466,184,0.3575742542743683,0
1466,666,0.35270559787750244,0
1466,1757,0.34685462713241577,0
1466,583,0.3455745577812195,0
1466,2887,0.33759018778800964,0
1466,3123,0.34198665618896484,0
1466,861,0.33982551097869873,0
1466,1545,0.3385685086250305,0
1466,4172,0.3420165181159973,0
1466,2058,0.3348536789417267,0
1466,1238,0.3413575291633606,0
1466,2127,0.3405687212944031,0
1466,1880,0.3502483367919922,0
1466,682,0.3567294478416443,0
1466,769,0.3451949656009674,0
3238,3238,0.345695436000824,1
3238,3686,0.36322861909866333,0
3238,2496,0.3612402677536011,0
3238,966,0.38270848989486694,0
3238,934,0.3578605055809021,0
3238,2321,0.36489421129226685,0
3238,576,0.34435561299324036,0
3238,3106,0.3788513243198395,0
3238,1670,0.36221441626548767,0
3238,121,0.36762571334838867,0
3238,1204,0.34127479791641235,0
3238,1276,0.3504631817340851,0
3238,4111,0.34657230973243713,0
3238,1747,0.378719300031662,0
3238,1754,0.3480728566646576,0
3238,366,0.3588258922100067,0
3238,26,0.3783847689628601,0
3238,3003,0.34736379981040955,0
3238,2272,0.3515476584434509,0
3238,2383,0.3476402759552002,0
2082,2082,0.34532544016838074,1
2082,3327,0.3496711254119873,0
2082,3933,0.3454211950302124,0
2082,2520,0.3512554466724396,0
2082,664,0.3446158170700073,0
2082,1171,0.34930580854415894,0
2082,3364,0.3441865146160126,0
2082,825,0.3448186218738556,0
2082,569,0.3453449010848999,0
2082,3790,0.3474057912826538,0
2082,2326,0.3636048138141632,0
2082,3192,0.3414812684059143,0
2082,3797,0.34706681966781616,0
2082,2135,0.3447829782962799,0
2082,1408,0.3715824484825134,0
2082,2605,0.34915000200271606,0
2082,3442,0.34468817710876465,0
2082,3927,0.35101568698883057,0
2082,2808,0.3474528193473816,0
2082,3744,0.3405056893825531,0
2048,2048,0.34707367420196533,1
2048,279,0.3515154719352722,0
2048,3049,0.35109490156173706,0
2048,2125,0.3571797311306,0
2048,4051,0.34791696071624756,0
2048,1236,0.3466665744781494,0
2048,2281,0.34626156091690063,0
2048,461,0.38430720567703247,0
2048,3695,0.34736111760139465,0
2048,4118,0.3518916964530945,0
2048,1301,0.3521226942539215,0
2048,1493,0.3612922132015228,0
2048,3062,0.3417362570762634,0
2048,2702,0.35994717478752136,0
2048,1049,0.4013919532299042,0
2048,1838,0.35983651876449585,0
2048,951,0.36713194847106934,0
2048,1135,0.3619057536125183,0
2048,1242,0.3522595763206482,0
2048,3944,0.3501628041267395,0
3620,3620,0.34820839762687683,1
3620,3748,0.35027939081192017,0
3620,2920,0.3389430344104767,0
3620,341,0.36729055643081665,0
3620,3191,0.34839358925819397,0
3620,3415,0.3475315570831299,0
3620,3624,0.3372880816459656,0
3620,2818,0.3443252444267273,0
3620,517,0.3839876353740692,0
3620,425,0.3602100610733032,0
3620,2464,0.3418367803096771,0
3620,2486,0.382016658782959,0
3620,288,0.36656123399734497,0
3620,1471,0.38390931487083435,0
3620,249,0.3916966915130615,0
3620,2849,0.37096691131591797,0
3620,2871,0.38313162326812744,0
3620,3831,0.3396120071411133,0
3620,1208,0.35026800632476807,0
3620,3585,0.33680519461631775,0
264,264,0.3808123469352722,1
264,2949,0.3561055660247803,0
264,3877,0.35399895906448364,0
264,3456,0.3464260399341583,0
264,2959,0.35067498683929443,0
264,576,0.34392186999320984,0
264,65,0.3746775984764099,0
264,585,0.35125142335891724,0
264,1813,0.35790473222732544,0
264,1764,0.3540140390396118,0
264,1577,0.3587665855884552,0
264,3250,0.34639012813568115,0
264,2608,0.34901535511016846,0
264,1503,0.33955442905426025,0
264,1611,0.3659583330154419,0
264,3227,0.34386444091796875,0
264,1199,0.3505641520023346,0
264,3648,0.3466455340385437,0
264,1135,0.3684108555316925,0
264,2198,0.3456522822380066,0
370,370,0.35471343994140625,1
370,285,0.35320746898651123,0
370,2547,0.3513058125972748,0
370,2607,0.3580935597419739,0
370,3142,0.3566206097602844,0
370,661,0.3664625883102417,0
370,1974,0.37438178062438965,0
370,3477,0.3591947853565216,0
370,305,0.3500385880470276,0
370,263,0.3538355827331543,0
370,1844,0.3724326491355896,0
370,4147,0.35495811700820923,0
370,3917,0.35660362243652344,0
370,2079,0.35975944995880127,0
370,652,0.37178707122802734,0
370,3638,0.3534051775932312,0
370,1477,0.3773050904273987,0
370,3780,0.34593766927719116,0
370,2039,0.3497124910354614,0
370,3365,0.3612751364707947,0
2685,2685,0.33868908882141113,1
2685,1350,0.34333062171936035,0
2685,1557,0.36200040578842163,0
2685,2994,0.35253119468688965,0
2685,819,0.365862101316452,0
2685,2821,0.3468734323978424,0
2685,1686,0.34717121720314026,0
2685,2800,0.3459172248840332,0
2685,2107,0.34717699885368347,0
2685,3017,0.3651351034641266,0
2685,3131,0.3557145893573761,0
2685,292,0.3455561101436615,0
2685,2391,0.34390345215797424,0
2685,897,0.3626282215118408,0
2685,2243,0.345406174659729,0
2685,4080,0.33790677785873413,0
2685,785,0.3503939211368561,0
2685,1944,0.3523874878883362,0
2685,259,0.3926185369491577,0
2685,1829,0.3622124195098877,0
477,477,0.34260663390159607,1
477,686,0.3425504267215729,0
477,368,0.33930087089538574,0
477,1519,0.34232527017593384,0
477,3917,0.341322660446167,0
477,2525,0.33664470911026,0
477,4003,0.32965290546417236,0
477,2074,0.3514477014541626,0
477,3528,0.33891594409942627,0
477,2827,0.3340977430343628,0
477,3529,0.3411611318588257,0
477,4084,0.349908709526062,0
477,1872,0.3349190652370453,0
477,3646,0.34425994753837585,0
477,661,0.3521941006183624,0
477,2211,0.341962069272995,0
477,38,0.3542627692222595,0
477,2269,0.33219659328460693,0
477,3780,0.3337221145629883,0
477,2941,0.33637183904647827,0
1780,1780,0.34429460763931274,1
1780,4120,0.3470061421394348,0
1780,880,0.3519435524940491,0
1780,636,0.3427811563014984,0
1780,3515,0.3453812599182129,0
1780,3494,0.3535812795162201,0
1780,3017,0.36103278398513794,0
1780,1001,0.3756977319717407,0
1780,2969,0.3472307324409485,0
1780,281,0.36163240671157837,0
1780,1507,0.34526580572128296,0
1780,2043,0.34147465229034424,0
1780,2923,0.3441358208656311,0
1780,2000,0.34508633613586426,0
1780,1333,0.34545427560806274,0
1780,660,0.37592723965644836,0
1780,3508,0.3402644395828247,0
1780,32,0.34730273485183716,0
1780,2807,0.37396547198295593,0
1780,3354,0.35026490688323975,0
1719,1719,0.3422595262527466,1
1719,1298,0.36183464527130127,0
1719,2333,0.33555519580841064,0
1719,2293,0.3444330096244812,0
1719,2652,0.34781473875045776,0
1719,438,0.3396736979484558,0
1719,1980,0.3377886712551117,0
1719,1945,0.34117552638053894,0
1719,822,0.33747535943984985,0
1719,603,0.3561323881149292,0
1719,2387,0.3735221326351166,0
1719,3716,0.34076109528541565,0
1719,2332,0.34313851594924927,0
1719,4104,0.341796338558197,0
1719,282,0.3581511378288269,0
1719,2866,0.35880833864212036,0
1719,512,0.3622012734413147,0
1719,378,0.3453652858734131,0
1719,342,0.36630332469940186,0
1719,2735,0.3370922803878784,0
4096,4096,0.34205275774002075,1
4096,2842,0.3409404754638672,0
4096,874,0.37002742290496826,0
4096,2812,0.34880197048187256,0
4096,1972,0.34733814001083374,0
4096,2935,0.3444738984107971,0
4096,581,0.37210503220558167,0
4096,3725,0.3465234041213989,0
4096,3364,0.338650107383728,0
4096,3163,0.3459770679473877,0
4096,1225,0.3804863691329956,0
4096,3270,0.34908539056777954,0
4096,124,0.358365535736084,0
4096,3707,0.3424582779407501,0
4096,1215,0.3676412105560303,0
4096,2539,0.38966649770736694,0
4096,1129,0.3336178660392761,0
4096,4083,0.3381022810935974,0
4096,1476,0.3377840518951416,0
4096,281,0.365078330039978,0
4005,4005,0.34628766775131226,1
4005,3877,0.3542407751083374,0
4005,347,0.3576821982860565,0
4005,1273,0.3544185757637024,0
4005,2003,0.34329527616500854,0
4005,3103,0.3552645146846771,0
4005,1481,0.37303364276885986,0
4005,1786,0.36834508180618286,0
4005,3461,0.3825112581253052,0
4005,465,0.3589707314968109,0
4005,490,0.35879603028297424,0
4005,1760,0.35041332244873047,0
4005,591,0.3513857126235962,0
4005,1217,0.34838220477104187,0
4005,226,0.3591279983520508,0
4005,748,0.35139691829681396,0
4005,2827,0.343342661857605,0
4005,1522,0.3501085042953491,0
4005,1792,0.36514198780059814,0
4005,3407,0.3456794321537018,0
540,540,0.34205883741378784,1
540,881,0.3551288843154907,0
540,3297,0.34648460149765015,0
540,1408,0.3724972605705261,0
540,1831,0.40507441759109497,0
540,3939,0.3399979770183563,0
540,3021,0.3441007137298584,0
540,4163,0.34397026896476746,0
540,3434,0.3428790867328644,0
540,1944,0.3534872531890869,0
540,1134,0.3472035527229309,0
540,2579,0.3536109924316406,0
540,781,0.3686397969722748,0
540,847,0.3450433611869812,0
540,2202,0.34581220149993896,0
540,2303,0.3633229434490204,0
540,659,0.3410179018974304,0
540,1029,0.34399938583374023,0
540,3823,0.35865122079849243,0
540,3530,0.3435577154159546,0
949,949,0.34895581007003784,1
949,773,0.35136958956718445,0
949,2457,0.35094404220581055,0
949,1071,0.3738880753517151,0
949,3797,0.35245758295059204,0
949,3242,0.3476746380329132,0
949,4074,0.36163032054901123,0
949,71,0.3631947934627533,0
949,489,0.3603818416595459,0
949,2937,0.357663631439209,0
949,1744,0.3445192873477936,0
949,3032,0.3776412606239319,0
949,356,0.3586084246635437,0
949,1030,0.37082910537719727,0
949,2387,0.3826565146446228,0
949,1301,0.3546542227268219,0
949,3464,0.3495369255542755,0
949,2909,0.35430195927619934,0
949,2977,0.3541180491447449,0
949,2955,0.35592320561408997,0
2986,2986,0.36356544494628906,1
2986,2525,0.340970516204834,0
2986,464,0.34650158882141113,0
2986,622,0.34526652097702026,0
2986,3650,0.3411968946456909,0
2986,2857,0.34304359555244446,0
2986,3666,0.33599600195884705,0
2986,2247,0.36653897166252136,0
2986,959,0.34704363346099854,0
2986,1131,0.3371647298336029,0
2986,573,0.3580072522163391,0
2986,1527,0.36336323618888855,0
2986,2371,0.349028080701828,0
2986,2908,0.3429265320301056,0
2986,1766,0.35120639204978943,0
2986,2682,0.3544306457042694,0
2986,1771,0.3483271300792694,0
2986,814,0.35362929105758667,0
2986,3104,0.3451140522956848,0
2986,3727,0.3517029881477356,0
427,427,0.3708948493003845,1
427,2294,0.3448302745819092,0
427,2488,0.36672914028167725,0
427,3187,0.3404916524887085,0
427,3992,0.34216317534446716,0
427,980,0.33860352635383606,0
427,2799,0.34710174798965454,0
427,754,0.37907519936561584,0
427,3728,0.3418126106262207,0
427,2215,0.35308462381362915,0
427,1214,0.3539200723171234,0
427,295,0.3498959541320801,0
427,2470,0.3491302728652954,0
427,3351,0.34540051221847534,0
427,1969,0.34396931529045105,0
427,3279,0.3448922634124756,0
427,667,0.3761252462863922,0
427,3881,0.35065358877182007,0
427,858,0.3565950393676758,0
427,3799,0.34447985887527466,0
1384,1384,0.3468248248100281,1
1384,1193,0.3524501919746399,0
1384,2921,0.3506496548652649,0
1384,1501,0.3423272967338562,0
1384,1904,0.35078907012939453,0
1384,1126,0.3446611762046814,0
1384,798,0.34807562828063965,0
1384,4016,0.34364011883735657,0
1384,710,0.35080939531326294,0
1384,524,0.34827935695648193,0
1384,2998,0.3829098343849182,0
1384,400,0.35891133546829224,0
1384,1418,0.3568105697631836,0
1384,2773,0.3655446171760559,0
1384,1473,0.35585129261016846,0
1384,2381,0.36113813519477844,0
1384,1457,0.3461180031299591,0
1384,3508,0.3433378040790558,0
1384,2520,0.354235976934433,0
1384,1354,0.3623969554901123,0
628,628,0.3466046452522278,1
628,1547,0.3650199770927429,0
628,3780,0.3398549556732178,0
628,2168,0.3456827998161316,0
628,3627,0.3480862081050873,0
628,3535,0.34165430068969727,0
628,1969,0.34407851099967957,0
628,3414,0.3433997333049774,0
628,2018,0.35873061418533325,0
628,2909,0.3495996296405792,0
628,3853,0.3520977199077606,0
628,416,0.3460778594017029,0
628,2401,0.3486875295639038,0
628,2830,0.3473624587059021,0
628,2647,0.3551790118217468,0
628,2896,0.35364001989364624,0
628,3481,0.3476712703704834,0
628,1264,0.3402940630912781,0
628,3102,0.34411218762397766,0
628,2903,0.3431169390678406,0
2316,2316,0.3441166877746582,1
2316,62,0.347077339887619,0
2316,1013,0.35190701484680176,0
2316,3600,0.3445435166358948,0
2316,1672,0.3433592915534973,0
2316,1895,0.3540147840976715,0
2316,1205,0.3476194739341736,0
2316,1652,0.3552442789077759,0
2316,3948,0.3435404598712921,0
2316,133,0.3757457435131073,0
2316,2219,0.34996262192726135,0
2316,3424,0.3422205150127411,0
2316,3095,0.3464917838573456,0
2316,1064,0.3423793613910675,0
2316,1155,0.3864481747150421,0
2316,3360,0.33833569288253784,0
2316,2410,0.3340212106704712,0
2316,917,0.34579551219940186,0
2316,1221,0.35510003566741943,0
2316,111,0.36460748314857483,0
2263,2263,0.37317460775375366,1
2263,187,0.3563246428966522,0
2263,1243,0.3540733754634857,0
2263,2010,0.3565768897533417,0
2263,1899,0.35731241106987,0
2263,1061,0.3684321939945221,0
2263,2514,0.35281550884246826,0
2263,3603,0.34959352016448975,0
2263,3824,0.3510556221008301,0
2263,1090,0.3807985186576843,0
2263,991,0.35770565271377563,0
2263,2880,0.34654030203819275,0
2263,4,0.3437933325767517,0
2263,3136,0.35109376907348633,0
2263,222,0.34748217463493347,0
2263,3173,0.3463514447212219,0
2263,3199,0.3442944288253784,0
2263,3544,0.34827756881713867,0
2263,3371,0.3567073941230774,0
2263,4168,0.33875614404678345,0
3257,3257,0.37044650316238403,1
3257,2230,0.35514503717422485,0
3257,1441,0.426497220993042,0
3257,4071,0.34834814071655273,0
3257,380,0.3668164014816284,0
3257,1668,0.3585399389266968,0
3257,398,0.3785669505596161,0
3257,3445,0.34524744749069214,0
3257,3404,0.3722187578678131,0
3257,1690,0.34583616256713867,0
3257,2084,0.34757035970687866,0
3257,824,0.35374754667282104,0
3257,1454,0.3635854125022888,0
3257,1275,0.36136943101882935,0
3257,1166,0.34754684567451477,0
3257,2002,0.3523922264575958,0
3257,489,0.3605273962020874,0
3257,4012,0.34087780117988586,0
3257,2707,0.38263362646102905,0
3257,3552,0.36172986030578613,0
2305,2305,0.3493107557296753,1
2305,136,0.3712835907936096,0
2305,1496,0.357780396938324,0
2305,2698,0.35632532835006714,0
2305,248,0.3792341649532318,0
2305,767,0.3559071719646454,0
2305,1472,0.36457401514053345,0
2305,91,0.3465915322303772,0
2305,1030,0.3726707696914673,0
2305,3086,0.3504006266593933,0
2305,2670,0.37526315450668335,0
2305,3506,0.36033767461776733,0
2305,2963,0.345404714345932,0
2305,81,0.35921257734298706,0
2305,3974,0.35628214478492737,0
2305,2066,0.36088597774505615,0
2305,3637,0.34642183780670166,0
2305,3836,0.34693193435668945,0
2305,1069,0.34875625371932983,0
2305,1987,0.3479434549808502,0
1976,1976,0.358551025390625,1
1976,3287,0.35069984197616577,0
1976,2037,0.343370258808136,0
1976,2369,0.3633212447166443,0
1976,3529,0.3492162227630615,0
1976,408,0.36337384581565857,0
1976,1243,0.35257387161254883,0
1976,4023,0.34595155715942383,0
1976,2834,0.34100890159606934,0
1976,3379,0.3465993404388428,0
1976,1349,0.34619149565696716,0
1976,3706,0.34492337703704834,0
1976,151,0.35241687297821045,0
1976,998,0.3466508388519287,0
1976,2431,0.34248870611190796,0
1976,2678,0.34812790155410767,0
1976,315,0.3660809397697449,0
1976,1283,0.35064685344696045,0
1976,507,0.3480399250984192,0
1976,3991,0.3597099781036377,0
2342,2342,0.3466675877571106,1
2342,339,0.34715765714645386,0
2342,3825,0.3375905752182007,0
2342,1153,0.33923643827438354,0
2342,3581,0.3496144413948059,0
2342,1224,0.3540547788143158,0
2342,4167,0.3406441807746887,0
2342,1470,0.34400105476379395,0
2342,935,0.33879968523979187,0
2342,532,0.34972941875457764,0
2342,1961,0.3501172959804535,0
2342,362,0.3654061555862427,0
2342,135,0.37658607959747314,0
2342,1300,0.3517388105392456,0
2342,3348,0.34819290041923523,0
2342,204,0.3649795651435852,0
2342,883,0.34971049427986145,0
2342,2287,0.3481334149837494,0
2342,3107,0.3363000750541687,0
2342,4083,0.34242919087409973,0
3614,3614,0.34243929386138916,1
3614,3029,0.3442642390727997,0
3614,2377,0.35761362314224243,0
3614,2178,0.34710216522216797,0
3614,2851,0.3427160680294037,0
3614,2972,0.34542083740234375,0
3614,2481,0.3445354104042053,0
3614,40,0.35096144676208496,0
3614,1342,0.3427668511867523,0
3614,2668,0.34361201524734497,0
3614,802,0.35619163513183594,0
3614,862,0.3516383171081543,0
3614,933,0.35617494583129883,0
3614,1920,0.3717992901802063,0
3614,1256,0.33881938457489014,0
3614,4076,0.33152568340301514,0
3614,2274,0.35391587018966675,0
3614,368,0.3441627621650696,0
3614,2832,0.3363225758075714,0
3614,3561,0.3430473506450653,0
2426,2426,0.3449549078941345,1
2426,252,0.41676056385040283,0
2426,204,0.363264262676239,0
2426,936,0.3812863528728485,0
2426,3612,0.3463459610939026,0
2426,1927,0.34855666756629944,0
2426,2456,0.3740677535533905,0
2426,338,0.3724423050880432,0
2426,3126,0.34432196617126465,0
2426,3256,0.35554060339927673,0
2426,608,0.35481536388397217,0
2426,3524,0.3857305347919464,0
2426,2839,0.344329297542572,0
2426,4170,0.3516871929168701,0
2426,2884,0.34363681077957153,0
2426,266,0.34331414103507996,0
2426,3576,0.3760887384414673,0
2426,673,0.3406967520713806,0
2426,2940,0.3610042929649353,0
2426,34,0.3342280983924866,0
2459,2459,0.3382234573364258,1
2459,751,0.3390768766403198,0
2459,83,0.35339808464050293,0
2459,2701,0.3680340647697449,0
2459,232,0.3630155324935913,0
2459,854,0.3731711208820343,0
2459,1031,0.371896356344223,0
2459,63,0.37250077724456787,0
2459,1550,0.36983901262283325,0
2459,485,0.3839186131954193,0
2459,1913,0.34380245208740234,0
2459,2297,0.3786366581916809,0
2459,487,0.3481442332267761,0
2459,3795,0.3380211591720581,0
2459,2582,0.3548014461994171,0
2459,1137,0.34483474493026733,0
2459,2388,0.38623493909835815,0
2459,85,0.3743332624435425,0
2459,2392,0.3765918016433716,0
2459,4024,0.3415476083755493,0
3436,3436,0.34837639331817627,1
3436,1053,0.3406713008880615,0
3436,1042,0.3488270044326782,0
3436,1302,0.3575861155986786,0
3436,3306,0.36981937289237976,0
3436,1829,0.36363351345062256,0
3436,2856,0.35163864493370056,0
3436,2726,0.3585001826286316,0
3436,1828,0.37569692730903625,0
3436,3000,0.3452833294868469,0
3436,628,0.34620463848114014,0
3436,3065,0.3407415747642517,0
3436,3423,0.3471343517303467,0
3436,1874,0.3461844325065613,0
3436,3737,0.34259819984436035,0
3436,1909,0.35240742564201355,0
3436,2231,0.3529818058013916,0
3436,1038,0.3447958827018738,0
3436,2140,0.3415941596031189,0
3436,21,0.37158313393592834,0
3528,3528,0.345299631357193,1
3528,1499,0.3471410870552063,0
3528,46,0.37263768911361694,0
3528,3046,0.3489084243774414,0
3528,3864,0.3408343195915222,0
3528,265,0.3629472851753235,0
3528,1696,0.3622559607028961,0
3528,3348,0.34596437215805054,0
3528,703,0.35277873277664185,0
3528,2557,0.3505212664604187,0
3528,2595,0.3609262704849243,0
3528,2251,0.34608855843544006,0
3528,3043,0.34645211696624756,0
3528,3418,0.34226498007774353,0
3528,386,0.35198813676834106,0
3528,2793,0.3500433564186096,0
3528,2772,0.34656238555908203,0
3528,176,0.3589799404144287,0
3528,493,0.350564181804657,0
3528,4052,0.3438979387283325,0
3884,3884,0.35151106119155884,1
3884,247,0.3497302532196045,0
3884,1735,0.3462216854095459,0
3884,2667,0.3738301396369934,0
3884,2417,0.3454698920249939,0
3884,1971,0.36217957735061646,0
3884,1848,0.3627099096775055,0
3884,1171,0.3536878526210785,0
3884,4098,0.34727782011032104,0
3884,1243,0.35546132922172546,0
3884,3164,0.357377290725708,0
3884,4070,0.35420578718185425,0
3884,2097,0.3446298837661743,0
3884,1382,0.343502402305603,0
3884,3489,0.350162148475647,0
3884,1782,0.3500136733055115,0
3884,3968,0.34715574979782104,0
3884,4106,0.3470861315727234,0
3884,3661,0.3484138548374176,0
3884,771,0.39414238929748535,0
2723,2723,0.34702393412590027,1
2723,1867,0.3383522033691406,0
2723,3764,0.34165146946907043,0
2723,2817,0.34634560346603394,0
2723,669,0.3485735058784485,0
2723,3423,0.3465231657028198,0
2723,488,0.3459734320640564,0
2723,929,0.34324774146080017,0
2723,1922,0.3449617624282837,0
2723,511,0.3498412072658539,0
2723,4145,0.3481398820877075,0
2723,3534,0.3457767367362976,0
2723,229,0.37991565465927124,0
2723,352,0.34733399748802185,0
2723,3555,0.34724271297454834,0
2723,4135,0.34675854444503784,0
2723,444,0.3519774079322815,0
2723,3899,0.3480643033981323,0
2723,1901,0.3575928211212158,0
2723,662,0.34644579887390137,0
110,110,0.3445248305797577,1
110,2621,0.34029465913772583,0
110,1541,0.3489764630794525,0
110,3750,0.3491019308567047,0
110,3417,0.34490394592285156,0
110,1773,0.3485926389694214,0
110,760,0.3565347194671631,0
110,397,0.36783623695373535,0
110,3685,0.3368283212184906,0
110,2751,0.33941057324409485,0
110,989,0.3468497097492218,0
110,3210,0.3362981081008911,0
110,1038,0.33876463770866394,0
110,441,0.33604273200035095,0
110,68,0.35229581594467163,0
110,1926,0.362271249294281,0
110,3454,0.3357561230659485,0
110,4111,0.33836066722869873,0
110,2105,0.3373549282550812,0
110,2641,0.3386884927749634,0
188,188,0.33862853050231934,1
188,2781,0.3476436138153076,0
188,2703,0.3500434160232544,0
188,3043,0.3496510982513428,0
188,1663,0.42729219794273376,0
188,1453,0.3497151732444763,0
188,3148,0.34872156381607056,0
188,1941,0.3530300557613373,0
188,615,0.3614480197429657,0
188,1342,0.3459790050983429,0
188,2940,0.3648647367954254,0
188,595,0.3506523668766022,0
188,689,0.3370530605316162,0
188,466,0.3796856701374054,0
188,1882,0.34336912631988525,0
188,3753,0.3463023602962494,0
188,1948,0.3514861464500427,0
188,392,0.3866159915924072,0
188,2121,0.34041351079940796,0
188,183,0.34387391805648804,0
1168,1168,0.3437843322753906,1
1168,1686,0.35300344228744507,0
1168,3102,0.3473038077354431,0
1168,1815,0.3632849156856537,0
1168,4176,0.3489820957183838,0
1168,2507,0.35497283935546875,0
1168,1452,0.35585224628448486,0
1168,3038,0.35457414388656616,0
1168,1320,0.3551286458969116,0
1168,1363,0.35078150033950806,0
1168,3008,0.34510958194732666,0
1168,1101,0.35997840762138367,0
1168,788,0.358553409576416,0
1168,877,0.35309627652168274,0
1168,1277,0.3689897656440735,0
1168,3703,0.3391205370426178,0
1168,227,0.34236037731170654,0
1168,3907,0.3377472758293152,0
1168,3965,0.3484746813774109,0
1168,2846,0.3551158308982849,0
764,764,0.3441420793533325,1
764,4044,0.3478151559829712,0
764,3501,0.34718990325927734,0
764,3702,0.343392938375473,0
764,194,0.35561466217041016,0
764,1894,0.3647390604019165,0
764,401,0.37638676166534424,0
764,2978,0.3485150933265686,0
764,40,0.35364779829978943,0
764,1846,0.34776026010513306,0
764,2714,0.350251168012619,0
764,169,0.34869202971458435,0
764,2356,0.36093395948410034,0
764,2647,0.3604457974433899,0
764,3670,0.35329192876815796,0
764,3953,0.3658119738101959,0
764,1000,0.3707101345062256,0
764,2692,0.358489990234375,0
764,3610,0.3527565598487854,0
764,3326,0.3611525893211365,0
681,681,0.34723222255706787,1
681,2788,0.3456026315689087,0
681,3349,0.3374137878417969,0
681,835,0.3666916787624359,0
681,3821,0.34774282574653625,0
681,258,0.3664999008178711,0
681,3595,0.3436349630355835,0
681,3721,0.3449026942253113,0
681,3607,0.3423418402671814,0
681,4156,0.33709466457366943,0
681,986,0.35066336393356323,0
681,2493,0.3408225178718567,0
681,3506,0.3489721119403839,0
681,1665,0.34456539154052734,0
681,1661,0.36193162202835083,0
681,3311,0.3427218198776245,0
681,2283,0.33805859088897705,0
681,2322,0.3447835445404053,0
681,2604,0.3452262282371521,0
681,3158,0.3567184805870056,0
1685,1685,0.3486621379852295,1
1685,524,0.3501802682876587,0
1685,378,0.3553768992424011,0
1685,463,0.36859533190727234,0
1685,138,0.4081342816352844,0
1685,281,0.373680055141449,0
1685,3073,0.3591313660144806,0
1685,2614,0.35666149854660034,0
1685,1987,0.34531497955322266,0
1685,53,0.3706674873828888,0
1685,3272,0.3556404411792755,0
1685,3687,0.3571062684059143,0
1685,1460,0.3490889370441437,0
1685,3966,0.34466636180877686,0
1685,3076,0.35085076093673706,0
1685,2004,0.35092395544052124,0
1685,1706,0.42733997106552124,0
1685,3995,0.35230040550231934,0
1685,624,0.3726854920387268,0
1685,3769,0.34536170959472656,0
1225,1225,0.370464026927948,1
1225,1474,0.3488782048225403,0
1225,374,0.34369271993637085,0
1225,1287,0.3746166527271271,0
1225,4129,0.3437587320804596,0
1225,2661,0.34685665369033813,0
1225,1566,0.37727123498916626,0
1225,490,0.35583484172821045,0
1225,3,0.34294429421424866,0
1225,1417,0.3407786786556244,0
1225,921,0.3548485040664673,0
1225,257,0.3405017852783203,0
1225,4041,0.3442648947238922,0
1225,546,0.341909259557724,0
1225,594,0.35627925395965576,0
1225,181,0.35403692722320557,0
1225,3586,0.3422290086746216,0
1225,2751,0.3455291986465454,0
1225,522,0.3523387312889099,0
1225,1205,0.34829121828079224,0
1848,1848,0.3672512173652649,1
1848,4131,0.34882205724716187,0
1848,3182,0.37410056591033936,0
1848,2513,0.3418150544166565,0
1848,4022,0.35024434328079224,0
1848,2098,0.34387820959091187,0
1848,2924,0.34590253233909607,0
1848,2888,0.3498440980911255,0
1848,1293,0.34590691328048706,0
1848,1708,0.37234365940093994,0
1848,3745,0.36546844244003296,0
1848,1518,0.3671025037765503,0
1848,759,0.35163193941116333,0
1848,2113,0.3539825677871704,0
1848,444,0.3577828109264374,0
1848,137,0.3572852611541748,0
1848,53,0.3691851496696472,0
1848,1726,0.349766343832016,0
1848,308,0.39027929306030273,0
1848,2219,0.3553016185760498,0
3419,3419,0.33086004853248596,1
3419,2601,0.3436555862426758,0
3419,3603,0.34652793407440186,0
3419,2819,0.3616805076599121,0
3419,1345,0.3616323173046112,0
3419,2268,0.39003410935401917,0
3419,4095,0.3447774648666382,0
3419,723,0.3470522463321686,0
3419,697,0.3788032531738281,0
3419,3757,0.34738385677337646,0
3419,1400,0.3450920581817627,0
3419,611,0.3426781892776489,0
3419,4109,0.3434671461582184,0
3419,1758,0.3390906751155853,0
3419,241,0.34526777267456055,0
3419,880,0.35701560974121094,0
3419,2145,0.3398858308792114,0
3419,4124,0.3469373881816864,0
3419,2247,0.37763598561286926,0
3419,2500,0.33684027194976807,0
3157,3157,0.3519268035888672,1
3157,32,0.3565502166748047,0
3157,4050,0.34413638710975647,0
3157,351,0.35374829173088074,0
3157,2342,0.35233134031295776,0
3157,3519,0.35756200551986694,0
3157,2048,0.3492021858692169,0
3157,1893,0.3542884588241577,0
3157,1868,0.35179656744003296,0
3157,4120,0.3539750874042511,0
3157,3695,0.34779202938079834,0
3157,2513,0.3445897102355957,0
3157,3958,0.34786343574523926,0
3157,2468,0.35369008779525757,0
3157,709,0.3501926064491272,0
3157,954,0.3550689220428467,0
3157,1685,0.3498322665691376,0
3157,1782,0.35219672322273254,0
3157,388,0.38235294818878174,0
3157,655,0.3506823480129242,0
1079,1079,0.373412549495697,1
1079,1904,0.35024213790893555,0
1079,902,0.3670732080936432,0
1079,3197,0.3457295298576355,0
1079,3399,0.3436911106109619,0
1079,1471,0.3724496364593506,0
1079,426,0.3490036129951477,0
1079,2890,0.35221585631370544,0
1079,3080,0.349134624004364,0
1079,477,0.35161489248275757,0
1079,2795,0.3530564606189728,0
1079,3659,0.3466893434524536,0
1079,3526,0.3426007628440857,0
1079,132,0.3768734037876129,0
1079,1801,0.35012272000312805,0
1079,170,0.3735620975494385,0
1079,2761,0.3502916693687439,0
1079,373,0.35146239399909973,0
1079,2985,0.3431183099746704,0
1079,1197,0.3915485739707947,0
585,585,0.3524547517299652,1
585,2335,0.3851306438446045,0
585,391,0.35111087560653687,0
585,3979,0.34303390979766846,0
585,2429,0.3522132635116577,0
585,174,0.34401556849479675,0
585,3298,0.34819096326828003,0
585,3700,0.3458470404148102,0
585,569,0.34768569469451904,0
585,3781,0.34409379959106445,0
585,1535,0.37037742137908936,0
585,2754,0.3567264676094055,0
585,1569,0.34730279445648193,0
585,1576,0.3717787265777588,0
585,4126,0.3427239954471588,0
585,1257,0.3555610775947571,0
585,4071,0.34891510009765625,0
585,3918,0.352441668510437,0
585,3195,0.3505442142486572,0
585,3641,0.3548748195171356,0
2059,2059,0.364633709192276,1
2059,682,0.36933064460754395,0
2059,763,0.38188719749450684,0
2059,910,0.3467499911785126,0
2059,1345,0.3653140366077423,0
2059,1924,0.34248650074005127,0
2059,1729,0.3516428470611572,0
2059,1852,0.3443772494792938,0
2059,2610,0.3482857942581177,0
2059,1581,0.3515806198120117,0
2059,1273,0.357207715511322,0
2059,1087,0.34781187772750854,0
2059,3127,0.3493407964706421,0
2059,867,0.3529347777366638,0
2059,724,0.35897713899612427,0
2059,568,0.38073065876960754,0
2059,45,0.3543128967285156,0
2059,2223,0.3655857443809509,0
2059,1923,0.3538694679737091,0
2059,2093,0.36528801918029785,0
1213,1213,0.33968013525009155,1
1213,3217,0.3458579480648041,0
1213,383,0.359890341758728,0
1213,3945,0.3488627076148987,0
1213,3207,0.3370855450630188,0
1213,819,0.3729568123817444,0
1213,1237,0.3482728600502014,0
1213,2130,0.3807688355445862,0
1213,2844,0.3419743776321411,0
1213,3997,0.35784614086151123,0
1213,1339,0.34324437379837036,0
1213,990,0.35297268629074097,0
1213,781,0.37956899404525757,0
1213,163,0.36837929487228394,0
1213,1230,0.34953728318214417,0
1213,2207,0.345865935087204,0
1213,2536,0.34933987259864807,0
1213,4086,0.34620219469070435,0
1213,1810,0.37335675954818726,0
1213,2734,0.3418530225753784,0
2932,2932,0.3456189036369324,1
2932,273,0.3696388006210327,0
2932,2695,0.3453788161277771,0
2932,3470,0.3433604836463928,0
2932,50,0.3456570506095886,0
2932,326,0.34775668382644653,0
2932,666,0.35823631286621094,0
2932,4017,0.3469586968421936,0
2932,3440,0.34390196204185486,0
2932,299,0.3758547306060791,0
2932,198,0.3641456663608551,0
2932,2661,0.350150465965271,0
2932,1313,0.3441547453403473,0
2932,3957,0.34264373779296875,0
2932,2844,0.3422797918319702,0
2932,3624,0.340768963098526,0
2932,1645,0.3509663939476013,0
2932,2275,0.35221219062805176,0
2932,154,0.37178581953048706,0
2932,144,0.34493011236190796,0
381,381,0.3655766248703003,1
381,2777,0.3479883372783661,0
381,692,0.3427066206932068,0
381,3221,0.33835604786872864,0
381,2755,0.3550679087638855,0
381,2575,0.36854279041290283,0
381,1976,0.3578875958919525,0
381,601,0.3649483323097229,0
381,1839,0.3570323586463928,0
381,1264,0.3386386036872864,0
381,1074,0.36560696363449097,0
381,456,0.3508225679397583,0
381,1005,0.3448474407196045,0
381,4101,0.34693270921707153,0
381,2557,0.35138583183288574,0
381,2173,0.3556722402572632,0
381,3354,0.3506188988685608,0
381,3392,0.3409293293952942,0
381,2637,0.35035648941993713,0
381,2270,0.352469801902771,0
3089,3089,0.3509342670440674,1
3089,2460,0.35917407274246216,0
3089,1491,0.3452078104019165,0
3089,149,0.3493442237377167,0
3089,1315,0.36970388889312744,0
3089,1685,0.34763389825820923,0
3089,102,0.37157103419303894,0
3089,1459,0.3582915663719177,0
3089,2211,0.35254570841789246,0
3089,3850,0.3670201897621155,0
3089,926,0.3645934760570526,0
3089,1748,0.37766844034194946,0
3089,2195,0.34610849618911743,0
3089,1847,0.3546319901943207,0
3089,92,0.3544761538505554,0
3089,3906,0.3449656665325165,0
3089,1986,0.3645753562450409,0
3089,3531,0.35617542266845703,0
3089,2799,0.3503938913345337,0
3089,3659,0.3483526110649109,0
777,777,0.37930718064308167,1
777,1517,0.364188551902771,0
777,2084,0.34682074189186096,0
777,1121,0.3532865643501282,0
777,993,0.35003453493118286,0
777,2612,0.35188865661621094,0
777,1521,0.34674352407455444,0
777,2228,0.3544689118862152,0
777,3143,0.34900033473968506,0
777,2675,0.37806200981140137,0
777,1278,0.3866034746170044,0
777,3441,0.3578893542289734,0
777,3350,0.36073341965675354,0
777,41,0.35180264711380005,0
777,3049,0.3498868942260742,0
777,1769,0.35719722509384155,0
777,1894,0.3620629906654358,0
777,427,0.3730310797691345,0
777,2739,0.3468515872955322,0
777,669,0.350669264793396,0
1473,1473,0.35528266429901123,1
1473,1381,0.35270798206329346,0
1473,362,0.3649772107601166,0
1473,4021,0.3482387959957123,0
1473,1266,0.3599633574485779,0
1473,1987,0.34055042266845703,0
1473,3521,0.3411906361579895,0
1473,1229,0.3874243497848511,0
1473,2269,0.3371129035949707,0
1473,1391,0.34578216075897217,0
1473,1270,0.34568196535110474,0
1473,1426,0.37003177404403687,0
1473,3367,0.36595669388771057,0
1473,679,0.35038894414901733,0
1473,1252,0.3374482989311218,0
1473,205,0.36354970932006836,0
1473,3557,0.3432862162590027,0
1473,806,0.3846375346183777,0
1473,188,0.33704596757888794,0
1473,4093,0.3430294990539551,0
3888,3888,0.3453868627548218,1
3888,1271,0.37095046043395996,0
3888,134,0.3573710322380066,0
3888,2784,0.35503530502319336,0
3888,830,0.37444111704826355,0
3888,1042,0.35282790660858154,0
3888,2755,0.3622095286846161,0
3888,2854,0.35625821352005005,0
3888,3784,0.36592531204223633,0
3888,2519,0.3695385158061981,0
3888,3758,0.34759950637817383,0
3888,516,0.37194323539733887,0
3888,3136,0.35762470960617065,0
3888,37,0.37122848629951477,0
3888,1545,0.3502386808395386,0
3888,1452,0.36051154136657715,0
3888,982,0.371654748916626,0
3888,926,0.368659645318985,0
3888,1792,0.37068378925323486,0
3888,677,0.34913384914398193,0
1152,1152,0.35887229442596436,1
1152,3271,0.34773552417755127,0
1152,3401,0.35344767570495605,0
1152,1486,0.33880615234375,0
1152,2691,0.35110464692115784,0
1152,3961,0.34811872243881226,0
1152,10,0.3415915369987488,0
1152,1150,0.3473849296569824,0
1152,2371,0.3552432358264923,0
1152,3513,0.3408477306365967,0
1152,586,0.38773244619369507,0
1152,801,0.3408051133155823,0
1152,387,0.3781532645225525,0
1152,669,0.3488250970840454,0
1152,617,0.34362125396728516,0
1152,4170,0.35237443447113037,0
1152,3447,0.35162436962127686,0
1152,1144,0.3744117319583893,0
1152,3052,0.3693270981311798,0
1152,2845,0.34105992317199707,0
903,903,0.3751140832901001,1
903,3966,0.3404562473297119,0
903,1649,0.35099923610687256,0
903,1238,0.34380632638931274,0
903,85,0.37938636541366577,0
903,3490,0.34020674228668213,0
903,1326,0.37017542123794556,0
903,264,0.3801291584968567,0
903,3734,0.342281699180603,0
903,948,0.34650295972824097,0
903,1312,0.38000306487083435,0
903,3455,0.34939610958099365,0
903,1048,0.3385522663593292,0
903,4174,0.33966463804244995,0
903,2110,0.3574274778366089,0
903,745,0.3499828279018402,0
903,2117,0.35385632514953613,0
903,1836,0.37354201078414917,0
903,2031,0.3509317636489868,0
903,4053,0.38565558195114136,0
4064,4064,0.35172879695892334,1
4064,2673,0.3481370806694031,0
4064,45,0.35090190172195435,0
4064,1126,0.3427083492279053,0
4064,1330,0.3750932216644287,0
4064,1775,0.3378496766090393,0
4064,988,0.3391228914260864,0
4064,2456,0.3756435811519623,0
4064,2889,0.3402618169784546,0
4064,3095,0.34926360845565796,0
4064,3470,0.341819167137146,0
4064,1759,0.3502189517021179,0
4064,1555,0.3488363027572632,0
4064,995,0.3426177501678467,0
4064,715,0.3618943393230438,0
4064,2733,0.37868911027908325,0
4064,2594,0.3574155271053314,0
4064,3588,0.3428404927253723,0
4064,3672,0.34619298577308655,0
4064,3182,0.3699040710926056,0
3516,3516,0.35444995760917664,1
3516,4148,0.3440726399421692,0
3516,1475,0.35366302728652954,0
3516,2461,0.34735533595085144,0
3516,1851,0.3496130406856537,0
3516,1911,0.38045576214790344,0
3516,3234,0.34859979152679443,0
3516,4059,0.35096585750579834,0
3516,2631,0.39035090804100037,0
3516,2560,0.35593679547309875,0
3516,1721,0.3422877788543701,0
3516,4073,0.3496030569076538,0
3516,2257,0.3521239161491394,0
3516,3443,0.35741132497787476,0
3516,1200,0.3908388018608093,0
3516,2655,0.34895220398902893,0
3516,3150,0.34471702575683594,0
3516,3988,0.3458396792411804,0
3516,3871,0.3448016941547394,0
3516,1607,0.34538617730140686,0
1017,1017,0.3441588878631592,1
1017,2858,0.3488026559352875,0
1017,2531,0.3500029742717743,0
1017,3470,0.3381347358226776,0
1017,689,0.3342958688735962,0
1017,360,0.34704911708831787,0
1017,2523,0.344638466835022,0
1017,206,0.34086740016937256,0
1017,2318,0.3996105492115021,0
1017,695,0.3966647982597351,0
1017,3738,0.34312334656715393,0
1017,2111,0.3692774772644043,0
1017,3733,0.34313079714775085,0
1017,1307,0.395130455493927,0
1017,2253,0.33871734142303467,0
1017,2569,0.34507161378860474,0
1017,989,0.35094738006591797,0
1017,2484,0.34527307748794556,0
1017,508,0.35202741622924805,0
1017,706,0.36765098571777344,0
1115,1115,0.3391934037208557,1
1115,240,0.36685022711753845,0
1115,3297,0.34253761172294617,0
1115,2036,0.4004335403442383,0
1115,686,0.3463055491447449,0
1115,4177,0.34723931550979614,0
1115,2765,0.33858180046081543,0
1115,2272,0.34669527411460876,0
1115,2046,0.3477199971675873,0
1115,1683,0.3466409742832184,0
1115,4098,0.3410048186779022,0
1115,3109,0.3387055993080139,0
1115,128,0.34148862957954407,0
1115,2881,0.35828250646591187,0
1115,2807,0.3709806799888611,0
1115,3239,0.3474666476249695,0
1115,1352,0.34755051136016846,0
1115,123,0.34402915835380554,0
1115,1210,0.342083603143692,0
1115,765,0.35314834117889404,0
3160,3160,0.3772287368774414,1
3160,114,0.37622395157814026,0
3160,1245,0.347238689661026,0
3160,2655,0.35179537534713745,0
3160,660,0.38325566053390503,0
3160,1656,0.3663145899772644,0
3160,33,0.3600238263607025,0
3160,3496,0.3455284833908081,0
3160,4143,0.357867568731308,0
3160,75,0.3718690276145935,0
3160,1457,0.3504452705383301,0
3160,397,0.38223206996917725,0
3160,94,0.3856027126312256,0
3160,663,0.35525423288345337,0
3160,959,0.3572969436645508,0
3160,3199,0.3492119610309601,0
3160,367,0.3616504371166229,0
3160,3255,0.35905972123146057,0
3160,1011,0.36034417152404785,0
3160,2130,0.37690475583076477,0
1036,1036,0.35671404004096985,1
1036,1703,0.3639933466911316,0
1036,2474,0.3422584533691406,0
1036,3480,0.33594703674316406,0
1036,3781,0.3398400545120239,0
1036,1931,0.34873875975608826,0
1036,2371,0.3497709333896637,0
1036,2377,0.3528556227684021,0
1036,3317,0.3394348621368408,0
1036,2077,0.3454071283340454,0
1036,1541,0.35306453704833984,0
1036,3133,0.3542405664920807,0
1036,1836,0.3626102805137634,0
1036,809,0.33861228823661804,0
1036,4177,0.3483719825744629,0
1036,2263,0.3676524758338928,0
1036,3962,0.34154582023620605,0
1036,1259,0.3664584159851074,0
1036,2928,0.3407753109931946,0
1036,2150,0.33936071395874023,0
2650,2650,0.3376103639602661,1
2650,1700,0.34412145614624023,0
2650,1133,0.3615836203098297,0
2650,355,0.3497887849807739,0
2650,1057,0.34049415588378906,0
2650,1850,0.3399563431739807,0
2650,3598,0.3450178802013397,0
2650,3840,0.3372507691383362,0
2650,2112,0.336789071559906,0
2650,4084,0.3487202227115631,0
2650,1286,0.34938615560531616,0
2650,339,0.33772119879722595,0
2650,1466,0.3391660451889038,0
2650,1616,0.3445684313774109,0
2650,75,0.35699695348739624,0
2650,663,0.3396434783935547,0
2650,3559,0.33978915214538574,0
2650,4095,0.3377189040184021,0
2650,3788,0.33788079023361206,0
2650,2746,0.33819931745529175,0
1900,1900,0.3461517095565796,1
1900,1237,0.3474450707435608,0
1900,2057,0.34928709268569946,0
1900,1949,0.3457261621952057,0
1900,767,0.35273879766464233,0
1900,1533,0.35043638944625854,0
1900,1704,0.3997204303741455,0
1900,1483,0.3414090573787689,0
1900,241,0.34769660234451294,0
1900,3922,0.3511332869529724,0
1900,322,0.3492814898490906,0
1900,821,0.40364545583724976,0
1900,1792,0.3642515540122986,0
1900,3605,0.3448013365268707,0
1900,1286,0.35828834772109985,0
1900,3151,0.34425851702690125,0
1900,1156,0.36158525943756104,0
1900,2865,0.34910255670547485,0
1900,2860,0.34594470262527466,0
1900,134,0.3498409390449524,0
617,617,0.3461318016052246,1
617,1035,0.36427074670791626,0
617,3474,0.34756043553352356,0
617,850,0.3465101718902588,0
617,2305,0.3435632586479187,0
617,1520,0.37544775009155273,0
617,1126,0.34397202730178833,0
617,1181,0.35574913024902344,0
617,3873,0.3539212644100189,0
617,1393,0.3536859452724457,0
617,4107,0.3480038046836853,0
617,1345,0.36021843552589417,0
617,3415,0.34780317544937134,0
617,505,0.3650151193141937,0
617,1683,0.3496854603290558,0
617,3836,0.3416602611541748,0
617,1475,0.3491554856300354,0
617,2699,0.3716670870780945,0
617,2938,0.3793415427207947,0
617,1317,0.3484499156475067,0
820,820,0.34441643953323364,1
820,646,0.34911251068115234,0
820,1751,0.36209607124328613,0
820,2568,0.34945929050445557,0
820,1483,0.3415624499320984,0
820,607,0.3428070843219757,0
820,3552,0.35737720131874084,0
820,171,0.38011816143989563,0
820,2200,0.34989428520202637,0
820,3410,0.34552323818206787,0
820,4096,0.34953826665878296,0
820,3947,0.35046082735061646,0
820,4155,0.34267741441726685,0
820,550,0.34271568059921265,0
820,3395,0.34667909145355225,0
820,668,0.3513798117637634,0
820,448,0.36108851432800293,0
820,967,0.34016501903533936,0
820,873,0.34613949060440063,0
820,1394,0.34785550832748413,0
205,205,0.36101704835891724,1
205,126,0.35117989778518677,0
205,822,0.34674251079559326,0
205,740,0.36556872725486755,0
205,1200,0.3780669569969177,0
205,261,0.35094791650772095,0
205,2909,0.35298091173171997,0
205,1894,0.3639930486679077,0
205,2657,0.3426640033721924,0
205,909,0.36479464173316956,0
205,2165,0.3483949899673462,0
205,3351,0.3498077392578125,0
205,1989,0.35698819160461426,0
205,1442,0.3658277690410614,0
205,3090,0.3534626364707947,0
205,1781,0.3493672311306,0
205,1934,0.3484724164009094,0
205,852,0.37917816638946533,0
205,2467,0.34993642568588257,0
205,1478,0.3452305793762207,0
821,821,0.4241377115249634,1
821,901,0.37998083233833313,0
821,432,0.3602408170700073,0
821,4038,0.34241122007369995,0
821,3220,0.34604474902153015,0
821,3641,0.35445481538772583,0
821,765,0.3591455817222595,0
821,2302,0.34365367889404297,0
821,649,0.3870239853858948,0
821,3640,0.3429615795612335,0
821,2892,0.3473389148712158,0
821,4059,0.3445780277252197,0
821,3356,0.34687578678131104,0
821,532,0.34953951835632324,0
821,1650,0.3653351366519928,0
821,3064,0.33744513988494873,0
821,380,0.36467182636260986,0
821,2958,0.3494802713394165,0
821,2489,0.41820424795150757,0
821,3654,0.36702960729599,0
738,738,0.3417394757270813,1
738,395,0.34982919692993164,0
738,2220,0.3471348285675049,0
738,76,0.3656444847583771,0
738,1675,0.3554766774177551,0
738,898,0.35505157709121704,0
738,248,0.37041187286376953,0
738,684,0.33993810415267944,0
738,2582,0.35198622941970825,0
738,2347,0.3412110209465027,0
738,3903,0.3403114676475525,0
738,2089,0.34552013874053955,0
738,1028,0.34592366218566895,0
738,301,0.3546741306781769,0
738,3749,0.34313148260116577,0
738,2283,0.33826881647109985,0
738,80,0.343588650226593,0
738,1218,0.34343379735946655,0
738,1999,0.34019607305526733,0
738,836,0.3618587851524353,0
1920,1920,0.36325323581695557,1
1920,1007,0.356084942817688,0
1920,591,0.34942907094955444,0
1920,1713,0.3446396291255951,0
1920,749,0.3656921088695526,0
1920,1866,0.34712129831314087,0
1920,2850,0.3447871208190918,0
1920,3754,0.3481481671333313,0
1920,1208,0.34918320178985596,0
1920,3735,0.34444987773895264,0
1920,3804,0.342634916305542,0
1920,2835,0.3469994366168976,0
1920,4040,0.33924850821495056,0
1920,2111,0.3716464042663574,0
1920,2806,0.35860928893089294,0
1920,1801,0.3482375144958496,0
1920,3625,0.3447105288505554,0
1920,884,0.34142398834228516,0
1920,2676,0.35039806365966797,0
1920,41,0.3497786819934845,0
984,984,0.3484957814216614,1
984,2887,0.3452850878238678,0
984,924,0.366556853055954,0
984,2216,0.35862815380096436,0
984,398,0.37256920337677,0
984,3242,0.34391024708747864,0
984,2258,0.36445459723472595,0
984,3407,0.34728795289993286,0
984,3158,0.3623766303062439,0
984,1375,0.35810279846191406,0
984,3734,0.3456020653247833,0
984,578,0.3647662401199341,0
984,748,0.35183125734329224,0
984,84,0.3717181086540222,0
984,1364,0.3545607626438141,0
984,2626,0.3450022041797638,0
984,2550,0.347268283367157,0
984,1634,0.3687400221824646,0
984,3817,0.3464732766151428,0
984,772,0.3646790683269501,0
1426,1426,0.37236538529396057,1
1426,329,0.3577275574207306,0
1426,1292,0.3596375584602356,0
1426,109,0.3590608239173889,0
1426,3402,0.3524116277694702,0
1426,2639,0.37596890330314636,0
1426,2573,0.3439916670322418,0
1426,207,0.38601580262184143,0
1426,357,0.3535865247249603,0
1426,3898,0.35465744137763977,0
1426,1360,0.3859545886516571,0
1426,2427,0.3376352787017822,0
1426,3548,0.34973448514938354,0
1426,694,0.34316936135292053,0
1426,2083,0.389117956161499,0
1426,2541,0.3650588393211365,0
1426,3955,0.3483523726463318,0
1426,3730,0.3458505868911743,0
1426,1144,0.3765507936477661,0
1426,1928,0.35296422243118286,0
2102,2102,0.3439808487892151,1
2102,2637,0.3544461727142334,0
2102,3814,0.37600135803222656,0
2102,3812,0.34520941972732544,0
2102,2167,0.3510311245918274,0
2102,2358,0.352400541305542,0
2102,245,0.35004112124443054,0
2102,2221,0.3476998209953308,0
2102,2950,0.3538764417171478,0
2102,825,0.3497551381587982,0
2102,2799,0.3511352837085724,0
2102,999,0.3480902910232544,0
2102,436,0.35269615054130554,0
2102,3585,0.34273943305015564,0
2102,2160,0.35088181495666504,0
2102,1675,0.36261051893234253,0
2102,88,0.360895037651062,0
2102,269,0.34957200288772583,0
2102,507,0.35114824771881104,0
2102,2544,0.3499515652656555,0
2845,2845,0.34371626377105713,1
2845,681,0.3516271710395813,0
2845,3871,0.34159111976623535,0
2845,3916,0.3494551181793213,0
2845,39,0.3482778072357178,0
2845,3420,0.3467118740081787,0
2845,3266,0.3461560010910034,0
2845,1048,0.3395651578903198,0
2845,3822,0.34287142753601074,0
2845,664,0.34574130177497864,0
2845,2957,0.3555375337600708,0
2845,1777,0.3470311760902405,0
2845,4091,0.34807127714157104,0
2845,3468,0.3548845052719116,0
2845,2832,0.33895015716552734,0
2845,624,0.36275726556777954,0
2845,2296,0.3506292700767517,0
2845,3071,0.3501523733139038,0
2845,3470,0.3423492908477783,0
2845,2054,0.34505265951156616,0
3109,3109,0.3448176383972168,1
3109,718,0.36494559049606323,0
3109,3654,0.3657543957233429,0
3109,24,0.3511597514152527,0
3109,1356,0.3590424656867981,0
3109,122,0.3678245544433594,0
3109,1926,0.3739696145057678,0
3109,922,0.37622135877609253,0
3109,1712,0.38160037994384766,0
3109,3006,0.3542998433113098,0
3109,3730,0.3481419086456299,0
3109,1022,0.3742024898529053,0
3109,3683,0.35599637031555176,0
3109,437,0.34899115562438965,0
3109,3838,0.34409528970718384,0
3109,1841,0.3702850341796875,0
3109,3131,0.3583206534385681,0
3109,177,0.37074166536331177,0
3109,3057,0.3537272810935974,0
3109,1579,0.36846423149108887,0
2637,2637,0.3503260016441345,1
2637,1361,0.3425573706626892,0
2637,3162,0.3376670479774475,0
2637,2377,0.3582402765750885,0
2637,2491,0.35077929496765137,0
2637,3095,0.3472510576248169,0
2637,3383,0.34373539686203003,0
2637,2134,0.3416163921356201,0
2637,3881,0.3475880026817322,0
2637,1909,0.3500725328922272,0
2637,2055,0.3443368375301361,0
2637,2610,0.3440486490726471,0
2637,2774,0.3565301299095154,0
2637,1174,0.3487541973590851,0
2637,1970,0.3833412528038025,0
2637,749,0.3725758194923401,0
2637,982,0.3705577552318573,0
2637,30,0.34529680013656616,0
2637,2162,0.3433065712451935,0
2637,2229,0.33889836072921753,0
2808,2808,0.3486507534980774,1
2808,896,0.3521612882614136,0
2808,4102,0.35077160596847534,0
2808,381,0.36675578355789185,0
2808,240,0.3725346326828003,0
2808,2980,0.344971239566803,0
2808,1269,0.3468954563140869,0
2808,1817,0.34972986578941345,0
2808,3823,0.3585594594478607,0
2808,1839,0.35769975185394287,0
2808,3949,0.355175256729126,0
2808,25,0.34076517820358276,0
2808,1802,0.3503277599811554,0
2808,2469,0.34600889682769775,0
2808,556,0.3588132858276367,0
2808,2770,0.3458348214626312,0
2808,2128,0.34895095229148865,0
2808,3263,0.35084033012390137,0
2808,2444,0.34416258335113525,0
2808,1126,0.34397298097610474,0
4002,4002,0.3489355444908142,1
4002,1950,0.346957266330719,0
4002,1303,0.3458155393600464,0
4002,1359,0.34651392698287964,0
4002,295,0.3492588400840759,0
4002,3425,0.3457264304161072,0
4002,2555,0.3468492925167084,0
4002,625,0.35049378871917725,0
4002,2397,0.3780726194381714,0
4002,3240,0.35089051723480225,0
4002,2379,0.3658331036567688,0
4002,2505,0.3508443534374237,0
4002,2370,0.34297624230384827,0
4002,2604,0.34841400384902954,0
4002,1320,0.3509105443954468,0
4002,755,0.3692728579044342,0
4002,463,0.364271342754364,0
4002,1490,0.3416213393211365,0
4002,2545,0.33764052391052246,0
4002,2219,0.3518603444099426,0
495,495,0.34749141335487366,1
495,1522,0.3432981073856354,0
495,1791,0.3452678322792053,0
495,3578,0.3358420729637146,0
495,1007,0.3514423072338104,0
495,2752,0.3483160734176636,0
495,3839,0.33805155754089355,0
495,1518,0.3538775146007538,0
495,1276,0.34356915950775146,0
495,1364,0.34631067514419556,0
495,2487,0.3395986557006836,0
495,3726,0.34944668412208557,0
495,708,0.34170961380004883,0
495,2598,0.3521777391433716,0
495,1330,0.36208921670913696,0
495,2924,0.33808836340904236,0
495,429,0.3458382487297058,0
495,3774,0.3425743579864502,0
495,1510,0.3481110632419586,0
495,1738,0.34359532594680786,0
3792,3792,0.3625502586364746,1
3792,2137,0.3513672947883606,0
3792,816,0.3634015917778015,0
3792,921,0.362891286611557,0
3792,842,0.3627687096595764,0
3792,2223,0.3649944067001343,0
3792,2486,0.3765629529953003,0
3792,711,0.3526456952095032,0
3792,980,0.34455838799476624,0
3792,2867,0.3598354756832123,0
3792,4132,0.35731902718544006,0
3792,2668,0.3529247045516968,0
3792,3567,0.355390727519989,0
3792,2501,0.3604709506034851,0
3792,2954,0.3646562695503235,0
3792,1564,0.35410651564598083,0
3792,871,0.3518965244293213,0
3792,2494,0.3760910630226135,0
3792,1445,0.3569410741329193,0
3792,3279,0.3517343997955322,0
696,696,0.4080822169780731,1
696,227,0.34431150555610657,0
696,1322,0.3748156428337097,0
696,1057,0.3544878363609314,0
696,1466,0.35282421112060547,0
696,877,0.3553568124771118,0
696,2252,0.35863909125328064,0
696,612,0.35634011030197144,0
696,3714,0.35586726665496826,0
696,3559,0.3550701141357422,0
696,2308,0.3490114212036133,0
696,1201,0.35380369424819946,0
696,242,0.38575971126556396,0
696,4106,0.3496789336204529,0
696,4155,0.34695154428482056,0
696,1972,0.35781991481781006,0
696,83,0.36061543226242065,0
696,732,0.37146076560020447,0
696,998,0.3525668978691101,0
696,37,0.3698942959308624,0
1187,1187,0.3522423505783081,1
1187,2442,0.36446890234947205,0
1187,1343,0.3550783693790436,0
1187,1690,0.35065045952796936,0
1187,2157,0.3567008674144745,0
1187,1229,0.3826867938041687,0
1187,3454,0.34844934940338135,0
1187,2445,0.35743680596351624,0
1187,1729,0.3549235463142395,0
1187,2281,0.34857434034347534,0
1187,3425,0.35116124153137207,0
1187,1081,0.3779981732368469,0
1187,1370,0.3559471666812897,0
1187,64,0.35340023040771484,0
1187,2672,0.37231767177581787,0
1187,611,0.34987595677375793,0
1187,95,0.36422276496887207,0
1187,1580,0.35621267557144165,0
1187,3495,0.35329264402389526,0
1187,1504,0.3657929003238678,0
3064,3064,0.3429850935935974,1
3064,3290,0.3501148223876953,0
3064,1540,0.3520505428314209,0
3064,273,0.3713737726211548,0
3064,1356,0.3579385578632355,0
3064,3593,0.34922027587890625,0
3064,17,0.36760228872299194,0
3064,1943,0.35444390773773193,0
3064,871,0.34774813055992126,0
3064,1794,0.3466298282146454,0
3064,3381,0.3513917326927185,0
3064,463,0.3602926433086395,0
3064,2206,0.35896050930023193,0
3064,3263,0.35284990072250366,0
3064,740,0.36492815613746643,0
3064,1222,0.3675708770751953,0
3064,1828,0.3698892593383789,0
3064,3805,0.3617557883262634,0
3064,2833,0.3508963882923126,0
3064,3203,0.34917810559272766,0
1382,1382,0.3463192582130432,1
1382,1633,0.35946425795555115,0
1382,653,0.3770042657852173,0
1382,667,0.3825186491012573,0
1382,1653,0.3663858473300934,0
1382,2870,0.351129949092865,0
1382,437,0.3519716262817383,0
1382,613,0.35336199402809143,0
1382,2034,0.3539356589317322,0
1382,2213,0.3496156334877014,0
1382,3572,0.34804096817970276,0
1382,1624,0.3506615161895752,0
1382,3810,0.34588441252708435,0
1382,4056,0.35266852378845215,0
1382,2950,0.35651665925979614,0
1382,1622,0.3718201816082001,0
1382,3019,0.3516426682472229,0
1382,2315,0.3702744245529175,0
1382,1404,0.35647138953208923,0
1382,3044,0.3501046299934387,0
1434,1434,0.3571608066558838,1
1434,3537,0.3383488655090332,0
1434,70,0.35941874980926514,0
1434,2216,0.35512787103652954,0
1434,1817,0.3481190800666809,0
1434,1929,0.3423166275024414,0
1434,3692,0.34778499603271484,0
1434,3612,0.34731584787368774,0
1434,3046,0.34995394945144653,0
1434,3825,0.33979958295822144,0
1434,1810,0.3634975552558899,0
1434,833,0.3744272291660309,0
1434,2294,0.3440505862236023,0
1434,3694,0.34555870294570923,0
1434,1289,0.34775570034980774,0
1434,3948,0.34462982416152954,0
1434,2889,0.340903103351593,0
1434,1837,0.35154223442077637,0
1434,101,0.3399812579154968,0
1434,678,0.34649914503097534,0
1969,1969,0.3441705107688904,1
1969,247,0.34617483615875244,0
1969,970,0.35091546177864075,0
1969,3185,0.3435835838317871,0
1969,711,0.34482449293136597,0
1969,3351,0.3446902632713318,0
1969,1372,0.352081298828125,0
1969,1137,0.3487509489059448,0
1969,3688,0.3480991721153259,0
1969,2871,0.37446969747543335,0
1969,25,0.33936694264411926,0
1969,2797,0.3489985167980194,0
1969,1083,0.3659108281135559,0
1969,52,0.34874942898750305,0
1969,1899,0.3551527261734009,0
1969,1499,0.3477746248245239,0
1969,344,0.369793176651001,0
1969,1381,0.3506027162075043,0
1969,2078,0.3445150852203369,0
1969,597,0.35403940081596375,0
3353,3353,0.37039685249328613,1
3353,2671,0.3649330139160156,0
3353,3277,0.33978646993637085,0
3353,1852,0.34188535809516907,0
3353,2880,0.3449084162712097,0
3353,2835,0.34672749042510986,0
3353,837,0.3746252655982971,0
3353,538,0.3512071967124939,0
3353,3149,0.34944504499435425,0
3353,4163,0.3406757414340973,0
3353,3683,0.3543359041213989,0
3353,2407,0.3798597455024719,0
3353,787,0.3496256470680237,0
3353,3885,0.3484809994697571,0
3353,2403,0.33449310064315796,0
3353,3857,0.34295257925987244,0
3353,2492,0.35403043031692505,0
3353,3463,0.33912980556488037,0
3353,2482,0.3522704839706421,0
3353,821,0.4244477152824402,0
572,572,0.37537485361099243,1
572,3261,0.3607510030269623,0
572,3582,0.3450826406478882,0
572,2667,0.3798123002052307,0
572,2210,0.33789050579071045,0
572,2167,0.3500009775161743,0
572,1315,0.3779643476009369,0
572,668,0.3526444733142853,0
572,1804,0.34534794092178345,0
572,2646,0.3490675091743469,0
572,1502,0.35118740797042847,0
572,1563,0.34518831968307495,0
572,2119,0.35298770666122437,0
572,3316,0.34322410821914673,0
572,2163,0.35199856758117676,0
572,2035,0.34886622428894043,0
572,2773,0.3731343150138855,0
572,3927,0.3539019823074341,0
572,516,0.3781992197036743,0
572,2176,0.3598899841308594,0
546,546,0.340839147567749,1
546,948,0.3454643189907074,0
546,795,0.36232611536979675,0
546,227,0.3364521861076355,0
546,3931,0.3418191075325012,0
546,1666,0.3395077586174011,0
546,3243,0.34872958064079285,0
546,3075,0.34197866916656494,0
546,1928,0.3491208553314209,0
546,1904,0.34760159254074097,0
546,172,0.35242465138435364,0
546,3073,0.3488197922706604,0
546,3299,0.34671565890312195,0
546,1718,0.3421744108200073,0
546,3169,0.3391835689544678,0
546,2447,0.35164371132850647,0
546,3891,0.3445865511894226,0
546,290,0.33909475803375244,0
546,2585,0.3432954251766205,0
546,2079,0.35103532671928406,0
3070,3070,0.3474031686782837,1
3070,1510,0.36176037788391113,0
3070,3913,0.35168054699897766,0
3070,3017,0.3707261383533478,0
3070,3517,0.3676776885986328,0
3070,3040,0.3519740402698517,0
3070,1629,0.3716357350349426,0
3070,1316,0.34886687994003296,0
3070,927,0.3560790419578552,0
3070,3723,0.36098694801330566,0
3070,1790,0.3529290556907654,0
3070,462,0.34594282507896423,0
3070,1290,0.35351061820983887,0
3070,2138,0.38597163558006287,0
3070,334,0.36439865827560425,0
3070,53,0.367840051651001,0
3070,253,0.3712671995162964,0
3070,2070,0.35571959614753723,0
3070,1654,0.3538501262664795,0
3070,1960,0.36781299114227295,0
22,22,0.3683377504348755,1
22,2810,0.3660721778869629,0
22,1861,0.351946085691452,0
22,2577,0.34481576085090637,0
22,1477,0.367533802986145,0
22,3431,0.3489977717399597,0
22,1274,0.34477803111076355,0
22,111,0.35958054661750793,0
22,3291,0.3825589418411255,0
22,3475,0.3436194062232971,0
22,3975,0.33978310227394104,0
22,2474,0.3409332036972046,0
22,2887,0.336944580078125,0
22,1962,0.36156338453292847,0
22,1590,0.3422721028327942,0
22,1378,0.3494264483451843,0
22,1053,0.3379936218261719,0
22,2024,0.34404271841049194,0
22,1930,0.3444851040840149,0
22,3777,0.34342408180236816,0
3976,3976,0.3527466058731079,1
3976,546,0.3488059937953949,0
3976,46,0.3924351930618286,0
3976,3029,0.35413700342178345,0
3976,3068,0.351277232170105,0
3976,3127,0.35335105657577515,0
3976,299,0.3915269672870636,0
3976,3242,0.34746333956718445,0
3976,1205,0.3572866916656494,0
3976,628,0.3521987795829773,0
3976,2760,0.35653698444366455,0
3976,742,0.4238639175891876,0
3976,3793,0.35923391580581665,0
3976,4170,0.3608071804046631,0
3976,1030,0.3834836483001709,0
3976,3957,0.34679102897644043,0
3976,1431,0.3676097095012665,0
3976,3992,0.34853509068489075,0
3976,4057,0.3407778739929199,0
3976,1848,0.3720175623893738,0
3747,3747,0.34051451086997986,1
3747,230,0.3694106638431549,0
3747,3834,0.36538979411125183,0
3747,3405,0.3498343527317047,0
3747,1092,0.3437681794166565,0
3747,359,0.34231048822402954,0
3747,820,0.3431362509727478,0
3747,4068,0.34691497683525085,0
3747,124,0.35774505138397217,0
3747,1194,0.3486108183860779,0
3747,2588,0.34395214915275574,0
3747,1884,0.3461475372314453,0
3747,1010,0.367544949054718,0
3747,3647,0.34498414397239685,0
3747,1541,0.3554786443710327,0
3747,278,0.373301237821579,0
3747,3481,0.3459963798522949,0
3747,2774,0.3532155156135559,0
3747,771,0.39061111211776733,0
3747,2096,0.35050445795059204,0
3397,3397,0.35048454999923706,1
3397,383,0.3626444339752197,0
3397,1676,0.354710191488266,0
3397,1453,0.3550806939601898,0
3397,1726,0.351840078830719,0
3397,260,0.3569749593734741,0
3397,2782,0.34501880407333374,0
3397,788,0.36326318979263306,0
3397,4071,0.3530370891094208,0
3397,2929,0.3462364375591278,0
3397,937,0.3621726334095001,0
3397,917,0.35503533482551575,0
3397,762,0.3805429935455322,0
3397,2843,0.3493671417236328,0
3397,3787,0.3562740087509155,0
3397,477,0.3564024865627289,0
3397,1888,0.3534642457962036,0
3397,959,0.35802802443504333,0
3397,1768,0.36258792877197266,0
3397,3573,0.35310184955596924,0
95,95,0.3577338755130768,1
95,2141,0.35152655839920044,0
95,616,0.3700546622276306,0
95,1710,0.35239410400390625,0
95,565,0.3427811861038208,0
95,1477,0.3712657392024994,0
95,1165,0.3465335965156555,0
95,1979,0.339140385389328,0
95,2083,0.3759288787841797,0
95,2756,0.35153138637542725,0
95,443,0.35834553837776184,0
95,1140,0.3533921241760254,0
95,3895,0.34568607807159424,0
95,46,0.374470591545105,0
95,1317,0.347545862197876,0
95,123,0.347328782081604,0
95,174,0.3429799973964691,0
95,2239,0.3747592568397522,0
95,372,0.3575015664100647,0
95,262,0.37171533703804016,0
3420,3420,0.345964252948761,1
3420,2646,0.3470102548599243,0
3420,1997,0.37058594822883606,0
3420,593,0.34760186076164246,0
3420,3806,0.34084552526474,0
3420,3518,0.34672272205352783,0
3420,94,0.3906710147857666,0
3420,382,0.35787108540534973,0
3420,3079,0.363015353679657,0
3420,3799,0.3444993495941162,0
3420,2241,0.3443680703639984,0
3420,3869,0.3524169921875,0
3420,2223,0.3633779287338257,0
3420,1744,0.3403845429420471,0
3420,3283,0.34203261137008667,0
3420,184,0.368161678314209,0
3420,3665,0.3381069600582123,0
3420,1541,0.3610228896141052,0
3420,3629,0.3615052402019501,0
3420,2406,0.3455476760864258,0
1657,1657,0.373826801776886,1
1657,823,0.3495234251022339,0
1657,1159,0.3629087805747986,0
1657,4092,0.34703636169433594,0
1657,2735,0.34270358085632324,0
1657,1047,0.3407917022705078,0
1657,3926,0.3401181399822235,0
1657,1250,0.35123685002326965,0
1657,3464,0.34536197781562805,0
1657,2731,0.3503439128398895,0
1657,3260,0.35383301973342896,0
1657,873,0.3459131717681885,0
1657,2098,0.34228652715682983,0
1657,1003,0.35128891468048096,0
1657,411,0.3726426362991333,0
1657,4077,0.3483087420463562,0
1657,4166,0.35173261165618896,0
1657,660,0.3782373070716858,0
1657,1532,0.3985742926597595,0
1657,506,0.3440796136856079,0
3146,3146,0.3359822928905487,1
3146,1190,0.34859204292297363,0
3146,2558,0.34505021572113037,0
3146,2906,0.34323203563690186,0
3146,232,0.3619782030582428,0
3146,1294,0.34670016169548035,0
3146,1331,0.3486478328704834,0
3146,1637,0.3472243547439575,0
3146,1625,0.33647412061691284,0
3146,2409,0.34294554591178894,0
3146,1354,0.3597620129585266,0
3146,2807,0.37301185727119446,0
3146,2747,0.3440331816673279,0
3146,1833,0.3502337336540222,0
3146,655,0.34642329812049866,0
3146,1715,0.3494889438152313,0
3146,2760,0.34659767150878906,0
3146,2210,0.3383159339427948,0
3146,265,0.3624105751514435,0
3146,818,0.3460063934326172,0
915,915,0.3461647033691406,1
915,3011,0.3415369391441345,0
915,2242,0.344368040561676,0
915,2998,0.39125850796699524,0
915,3904,0.34681546688079834,0
915,1045,0.36180612444877625,0
915,745,0.34602034091949463,0
915,530,0.3472428321838379,0
915,964,0.3564489781856537,0
915,635,0.33791840076446533,0
915,981,0.3650466501712799,0
915,2897,0.35125333070755005,0
915,1613,0.33564066886901855,0
915,432,0.3577192425727844,0
915,802,0.35509780049324036,0
915,3361,0.33436650037765503,0
915,4176,0.3410690724849701,0
915,2727,0.3798859119415283,0
915,2583,0.34933024644851685,0
915,1848,0.36131227016448975,0
552,552,0.35482949018478394,1
552,1416,0.3777323365211487,0
552,1557,0.3674824833869934,0
552,3790,0.3509526252746582,0
552,3448,0.34415870904922485,0
552,1144,0.378043532371521,0
552,2580,0.3473629951477051,0
552,1399,0.39738786220550537,0
552,1748,0.3866256773471832,0
552,2794,0.37327927350997925,0
552,1982,0.3527414798736572,0
552,327,0.33683308959007263,0
552,806,0.3889499306678772,0
552,3573,0.3484308421611786,0
552,3968,0.34575796127319336,0
552,1800,0.34737032651901245,0
552,3858,0.3505755066871643,0
552,1779,0.3658995032310486,0
552,421,0.3518539369106293,0
552,733,0.36793020367622375,0
3736,3736,0.34624069929122925,1
3736,943,0.35888397693634033,0
3736,278,0.38814878463745117,0
3736,3141,0.36060845851898193,0
3736,1988,0.34616783261299133,0
3736,3617,0.34852781891822815,0
3736,1125,0.3466907739639282,0
3736,2772,0.3505794405937195,0
3736,2185,0.3623015582561493,0
3736,3335,0.3472459316253662,0
3736,3118,0.3463681936264038,0
3736,2713,0.35842448472976685,0
3736,2938,0.39289554953575134,0
3736,19,0.3574363589286804,0
3736,3752,0.3488423824310303,0
3736,1721,0.3412649929523468,0
3736,1094,0.39616668224334717,0
3736,3212,0.3509955406188965,0
3736,831,0.3570154309272766,0
3736,1823,0.34413784742355347,0
3756,3756,0.3694014251232147,1
3756,3089,0.3544371724128723,0
3756,3271,0.35357964038848877,0
3756,1560,0.352093368768692,0
3756,2399,0.34895968437194824,0
3756,1492,0.37685346603393555,0
3756,1515,0.3594456613063812,0
3756,2659,0.3549444377422333,0
3756,2453,0.35444340109825134,0
3756,3401,0.3589301109313965,0
3756,1981,0.3521926999092102,0
3756,3182,0.3759523928165436,0
3756,3543,0.3428919315338135,0
3756,175,0.37049582600593567,0
3756,670,0.35043781995773315,0
3756,2778,0.3517201542854309,0
3756,3626,0.3609578609466553,0
3756,3161,0.35168057680130005,0
3756,3770,0.34972599148750305,0
3756,2089,0.35404884815216064,0
2814,2814,0.3479645848274231,1
2814,3166,0.33932381868362427,0
2814,1207,0.341731995344162,0
2814,324,0.35684001445770264,0
2814,757,0.34660014510154724,0
2814,138,0.38710325956344604,0
2814,321,0.3531632721424103,0
2814,2351,0.35222887992858887,0
2814,966,0.3792417645454407,0
2814,3662,0.34946924448013306,0
2814,3440,0.34091895818710327,0
2814,946,0.33685076236724854,0
2814,4133,0.34054866433143616,0
2814,520,0.34185701608657837,0
2814,3796,0.34095123410224915,0
2814,2084,0.34417909383773804,0
2814,52,0.347428560256958,0
2814,2616,0.364582359790802,0
2814,2276,0.345123291015625,0
2814,3731,0.3447546064853668,0
3665,3665,0.3346253037452698,1
3665,3835,0.3466499149799347,0
3665,1868,0.3434181213378906,0
3665,2581,0.36554932594299316,0
3665,2861,0.3444708585739136,0
3665,3294,0.3389447331428528,0
3665,3961,0.3464658558368683,0
3665,673,0.33946871757507324,0
3665,1175,0.3433908224105835,0
3665,3476,0.34047770500183105,0
3665,221,0.3463074564933777,0
3665,2209,0.3477616608142853,0
3665,2999,0.3514198660850525,0
3665,2752,0.3497413396835327,0
3665,1101,0.35247933864593506,0
3665,1211,0.3451557755470276,0
3665,3812,0.33762234449386597,0
3665,1238,0.341096431016922,0
3665,4038,0.34108299016952515,0
3665,1470,0.3403811454772949,0
3563,3563,0.3398059606552124,1
3563,1804,0.3444691300392151,0
3563,3241,0.3398023545742035,0
3563,2871,0.37430259585380554,0
3563,3537,0.3392373323440552,0
3563,183,0.34580349922180176,0
3563,2824,0.3395407795906067,0
3563,3373,0.3453899919986725,0
3563,401,0.3722880780696869,0
3563,2437,0.3435332477092743,0
3563,2661,0.3477663993835449,0
3563,4155,0.34143179655075073,0
3563,816,0.3566797971725464,0
3563,1684,0.33927440643310547,0
3563,2946,0.34995684027671814,0
3563,134,0.3507157564163208,0
3563,1473,0.35536912083625793,0
3563,3155,0.3490229845046997,0
3563,1801,0.34951120615005493,0
3563,3955,0.34618663787841797,0
211,211,0.34611260890960693,1
211,3579,0.34534913301467896,0
211,3788,0.34968578815460205,0
211,1007,0.35927748680114746,0
211,1796,0.37551820278167725,0
211,293,0.350803941488266,0
211,3392,0.3446125388145447,0
211,417,0.37333017587661743,0
211,6,0.3440258204936981,0
211,32,0.3506231904029846,0
211,2315,0.3668433725833893,0
211,486,0.3715662360191345,0
211,4087,0.3438146412372589,0
211,3737,0.3457621932029724,0
211,3797,0.35027554631233215,0
211,27,0.3786025643348694,0
211,3688,0.3516382873058319,0
211,52,0.35242968797683716,0
211,811,0.3696226477622986,0
211,2336,0.3619493246078491,0
2757,2757,0.345348060131073,1
2757,561,0.34574660658836365,0
2757,2230,0.35682687163352966,0
2757,3391,0.39405399560928345,0
2757,1783,0.3581545948982239,0
2757,3137,0.3687785863876343,0
2757,3817,0.3469077944755554,0
2757,2300,0.383340060710907,0
2757,1546,0.34792476892471313,0
2757,2592,0.3521367907524109,0
2757,2006,0.3459419906139374,0
2757,1793,0.34987175464630127,0
2757,1702,0.35015833377838135,0
2757,133,0.382202684879303,0
2757,3686,0.37198182940483093,0
2757,3574,0.35447511076927185,0
2757,945,0.3395046591758728,0
2757,2870,0.34684115648269653,0
2757,1834,0.36439454555511475,0
2757,2643,0.35350853204727173,0
4159,4159,0.3533485233783722,1
4159,327,0.3395042419433594,0
4159,69,0.37246185541152954,0
4159,2660,0.3529817461967468,0
4159,437,0.3502752482891083,0
4159,2870,0.34842443466186523,0
4159,3652,0.37853384017944336,0
4159,1397,0.3699271082878113,0
4159,2759,0.35029858350753784,0
4159,208,0.35994353890419006,0
4159,3765,0.3550851345062256,0
4159,2791,0.3568456172943115,0
4159,4026,0.3583901524543762,0
4159,318,0.3742116689682007,0
4159,789,0.356052964925766,0
4159,2984,0.3416595757007599,0
4159,2519,0.3657345771789551,0
4159,923,0.35329705476760864,0
4159,2318,0.4067097306251526,0
4159,2100,0.34787654876708984,0
1694,1694,0.35326075553894043,1
1694,3706,0.3506466746330261,0
1694,3324,0.360140860080719,0
1694,2420,0.35861319303512573,0
1694,3892,0.35125428438186646,0
1694,365,0.3525322377681732,0
1694,3394,0.3518400192260742,0
1694,2784,0.35398414731025696,0
1694,3575,0.3480747640132904,0
1694,2462,0.36781612038612366,0
1694,157,0.35786473751068115,0
1694,2998,0.38729169964790344,0
1694,3646,0.357180118560791,0
1694,1215,0.3728030323982239,0
1694,488,0.35251036286354065,0
1694,2777,0.35640010237693787,0
1694,2338,0.34984827041625977,0
1694,3301,0.3451126515865326,0
1694,918,0.37615299224853516,0
1694,3833,0.35612690448760986,0
3293,3293,0.3491075932979584,1
3293,3403,0.3460366129875183,0
3293,1850,0.3525846302509308,0
3293,1190,0.3537133038043976,0
3293,947,0.3751106858253479,0
3293,1937,0.363113671541214,0
3293,299,0.3782549500465393,0
3293,3999,0.35598206520080566,0
3293,2807,0.3801572918891907,0
3293,3040,0.34919309616088867,0
3293,1795,0.3518679738044739,0
3293,1124,0.353346586227417,0
3293,1562,0.36149919033050537,0
3293,1325,0.35664471983909607,0
3293,2087,0.36843276023864746,0
3293,2461,0.34655800461769104,0
3293,2242,0.35231319069862366,0
3293,2107,0.35282281041145325,0
3293,93,0.35369038581848145,0
3293,1731,0.3626452684402466,0
1781,1781,0.3510172367095947,1
1781,2403,0.3424839973449707,0
1781,1489,0.37337103486061096,0
1781,2434,0.35372889041900635,0
1781,1749,0.3716764450073242,0
1781,1571,0.35240739583969116,0
1781,3923,0.3499109745025635,0
1781,359,0.34696847200393677,0
1781,1156,0.3641344904899597,0
1781,138,0.39381545782089233,0
1781,256,0.35356202721595764,0
1781,509,0.3556801676750183,0
1781,1108,0.3625880479812622,0
1781,2016,0.3554132580757141,0
1781,551,0.36883264780044556,0
1781,786,0.34983301162719727,0
1781,609,0.3664323687553406,0
1781,340,0.35017603635787964,0
1781,1371,0.34848207235336304,0
1781,1537,0.35397961735725403,0
417,417,0.372413694858551,1
417,2788,0.3521074056625366,0
417,253,0.3654133379459381,0
417,2718,0.34911292791366577,0
417,1736,0.3569953143596649,0
417,3413,0.3481556177139282,0
417,11,0.37784820795059204,0
417,887,0.3451083302497864,0
417,2428,0.35738956928253174,0
417,4024,0.34833699464797974,0
417,1285,0.36919498443603516,0
417,4013,0.347988486289978,0
417,2236,0.3562568426132202,0
417,3110,0.3480987250804901,0
417,2605,0.35226064920425415,0
417,3561,0.3465716242790222,0
417,3383,0.34880220890045166,0
417,28,0.364726185798645,0
417,458,0.3514494299888611,0
417,232,0.3651644289493561,0
1847,1847,0.3524020314216614,1
1847,3811,0.34440886974334717,0
1847,2058,0.33869466185569763,0
1847,1376,0.36889731884002686,0
1847,3707,0.3468725085258484,0
1847,2118,0.350736141204834,0
1847,1148,0.35060155391693115,0
1847,1881,0.36492642760276794,0
1847,2562,0.35494884848594666,0
1847,3671,0.34000352025032043,0
1847,2856,0.35077905654907227,0
1847,4114,0.3406372368335724,0
1847,574,0.36591631174087524,0
1847,1577,0.35643714666366577,0
1847,2644,0.3687373399734497,0
1847,2879,0.3558373749256134,0
1847,2134,0.34359800815582275,0
1847,3875,0.34925445914268494,0
1847,2473,0.3784009516239166,0
1847,3716,0.3450270891189575,0
2332,2332,0.34696847200393677,1
2332,197,0.34662681818008423,0
2332,749,0.37491926550865173,0
2332,506,0.34101602435112,0
2332,2673,0.34949004650115967,0
2332,1614,0.33803167939186096,0
2332,2032,0.36388128995895386,0
2332,3595,0.3466167449951172,0
2332,1235,0.35649096965789795,0
2332,4031,0.34470483660697937,0
2332,20,0.3542312681674957,0
2332,158,0.3894505798816681,0
2332,1598,0.3481311798095703,0
2332,1172,0.35202720761299133,0
2332,280,0.3403940200805664,0
2332,1796,0.38617920875549316,0
2332,1700,0.3564082682132721,0
2332,2260,0.3560674786567688,0
2332,279,0.34948059916496277,0
2332,2482,0.3533739745616913,0
1155,1155,0.36951547861099243,1
1155,1979,0.3331366181373596,0
1155,1335,0.336017906665802,0
1155,109,0.34648460149765015,0
1155,3387,0.3487560451030731,0
1155,3788,0.33970436453819275,0
1155,3236,0.34027886390686035,0
1155,530,0.3419128656387329,0
1155,4037,0.3453494906425476,0
1155,2633,0.3344429135322571,0
1155,2164,0.33608484268188477,0
1155,3605,0.3347335457801819,0
1155,1018,0.34092313051223755,0
1155,3565,0.34201085567474365,0
1155,3643,0.3360748291015625,0
1155,3832,0.33629876375198364,0
1155,1053,0.33440640568733215,0
1155,3789,0.3388505280017853,0
1155,3500,0.33269479870796204,0
1155,2637,0.3439292907714844,0
6,6,0.3447902798652649,1
6,1594,0.34834253787994385,0
6,2849,0.3652718663215637,0
6,3269,0.3504199981689453,0
6,436,0.35297566652297974,0
6,2825,0.349327027797699,0
6,610,0.37151598930358887,0
6,2772,0.3504151701927185,0
6,5,0.38001978397369385,0
6,2445,0.35585084557533264,0
6,3612,0.35224199295043945,0
6,2123,0.35225605964660645,0
6,2850,0.3493519425392151,0
6,3910,0.3580314517021179,0
6,2798,0.35965901613235474,0
6,2879,0.358550488948822,0
6,1741,0.3700263500213623,0
6,1896,0.3990965485572815,0
6,1264,0.3434425890445709,0
6,361,0.3492286801338196,0
1893,1893,0.34932833909988403,1
1893,1968,0.34058892726898193,0
1893,500,0.3505970239639282,0
1893,3750,0.358769953250885,0
1893,2550,0.3473273515701294,0
1893,727,0.34919941425323486,0
1893,3390,0.34863731265068054,0
1893,3613,0.3529551029205322,0
1893,2321,0.3648756146430969,0
1893,846,0.34966927766799927,0
1893,2635,0.35190510749816895,0
1893,2695,0.3451569974422455,0
1893,1627,0.35512834787368774,0
1893,3224,0.35063493251800537,0
1893,1917,0.3454315960407257,0
1893,210,0.344850093126297,0
1893,1174,0.35233455896377563,0
1893,3892,0.3473426103591919,0
1893,2342,0.3488648533821106,0
1893,682,0.3622190058231354,0
1738,1738,0.34597688913345337,1
1738,1236,0.33971115946769714,0
1738,1890,0.34223484992980957,0
1738,2732,0.3465955853462219,0
1738,1916,0.34237924218177795,0
1738,2990,0.37410956621170044,0
1738,3452,0.34638845920562744,0
1738,994,0.34929120540618896,0
1738,1929,0.3402547836303711,0
1738,3647,0.3427943289279938,0
1738,691,0.35088270902633667,0
1738,2562,0.3525921404361725,0
1738,684,0.3394934833049774,0
1738,3946,0.3412021994590759,0
1738,692,0.34155958890914917,0
1738,2392,0.3662760853767395,0
1738,2496,0.35731443762779236,0
1738,3738,0.34377816319465637,0
1738,1647,0.35285457968711853,0
1738,4083,0.34115901589393616,0
1949,1949,0.34917640686035156,1
1949,2196,0.35847359895706177,0
1949,1104,0.37809351086616516,0
1949,505,0.3692739009857178,0
1949,396,0.3605085015296936,0
1949,1675,0.36473172903060913,0
1949,1562,0.36171722412109375,0
1949,3800,0.353604257106781,0
1949,3978,0.35217779874801636,0
1949,1937,0.36191892623901367,0
1949,3422,0.34795817732810974,0
1949,1070,0.37064284086227417,0
1949,623,0.3538815677165985,0
1949,3814,0.3782272934913635,0
1949,4082,0.3469458818435669,0
1949,3243,0.35618311166763306,0
1949,590,0.37741619348526,0
1949,2456,0.372555673122406,0
1949,98,0.36470550298690796,0
1949,3692,0.3526684045791626,0
670,670,0.3486177921295166,1
670,2612,0.351997435092926,0
670,3261,0.35740169882774353,0
670,2916,0.3466731905937195,0
670,3638,0.3491882085800171,0
670,2757,0.34391939640045166,0
670,4133,0.3449307084083557,0
670,688,0.3408324122428894,0
670,1342,0.3473034203052521,0
670,302,0.37461504340171814,0
670,1683,0.3514042794704437,0
670,1287,0.377194344997406,0
670,544,0.34259140491485596,0
670,2716,0.35429149866104126,0
670,1919,0.3388811945915222,0
670,2679,0.35365164279937744,0
670,3616,0.3482567369937897,0
670,183,0.3476439118385315,0
670,3237,0.36494261026382446,0
670,2218,0.34813958406448364,0
3992,3992,0.34225335717201233,1
3992,3241,0.3374466896057129,0
3992,4137,0.35113972425460815,0
3992,3114,0.3521229326725006,0
3992,1008,0.3456984758377075,0
3992,842,0.36072611808776855,0
3992,3270,0.3547702431678772,0
3992,2849,0.37167859077453613,0
3992,1615,0.34015214443206787,0
3992,2532,0.36422479152679443,0
3992,787,0.3511151075363159,0
3992,3209,0.3440454602241516,0
3992,2802,0.3418462574481964,0
3992,899,0.38303205370903015,0
3992,750,0.3526924252510071,0
3992,1656,0.365079402923584,0
3992,2810,0.38045817613601685,0
3992,3093,0.35027289390563965,0
3992,2003,0.34190768003463745,0
3992,2991,0.3509819507598877,0
3080,3080,0.35128915309906006,1
3080,2623,0.34294649958610535,0
3080,1309,0.35027703642845154,0
3080,2624,0.3547458350658417,0
3080,2482,0.35495907068252563,0
3080,3519,0.35441678762435913,0
3080,2306,0.3595792353153229,0
3080,770,0.3508260250091553,0
3080,1413,0.3923951983451843,0
3080,190,0.38937613368034363,0
3080,380,0.36694052815437317,0
3080,1577,0.36060529947280884,0
3080,3549,0.3548690974712372,0
3080,4020,0.3449084758758545,0
3080,929,0.3452491760253906,0
3080,4077,0.3488274812698364,0
3080,3560,0.34311506152153015,0
3080,308,0.38871699571609497,0
3080,3872,0.3516138195991516,0
3080,4125,0.34897369146347046,0
713,713,0.36548087000846863,1
713,3771,0.34747031331062317,0
713,3416,0.35384753346443176,0
713,2349,0.35685670375823975,0
713,527,0.35502010583877563,0
713,2012,0.3458283245563507,0
713,1813,0.35780006647109985,0
713,2015,0.3515812158584595,0
713,1847,0.3548482060432434,0
713,1658,0.3715359568595886,0
713,925,0.35078078508377075,0
713,3251,0.34513577818870544,0
713,3525,0.35347169637680054,0
713,3440,0.3447286784648895,0
713,392,0.37766045331954956,0
713,165,0.3722907304763794,0
713,1323,0.34797823429107666,0
713,1687,0.34391993284225464,0
713,532,0.35251665115356445,0
713,3467,0.3481585681438446,0
4022,4022,0.34904488921165466,1
4022,3675,0.3708195686340332,0
4022,2141,0.352313756942749,0
4022,3309,0.3458380699157715,0
4022,3284,0.3499031960964203,0
4022,1155,0.37827056646347046,0
4022,553,0.39589405059814453,0
4022,2975,0.3408259153366089,0
4022,466,0.3699111044406891,0
4022,578,0.36404985189437866,0
4022,1180,0.34841662645339966,0
4022,1645,0.35060110688209534,0
4022,385,0.36870965361595154,0
4022,3275,0.3559819459915161,0
4022,2659,0.3488374352455139,0
4022,2161,0.3455389738082886,0
4022,3186,0.34344735741615295,0
4022,619,0.37254881858825684,0
4022,3579,0.3440822958946228,0
4022,4079,0.3474467694759369,0
3531,3531,0.3595103919506073,1
3531,1206,0.40557581186294556,0
3531,934,0.36344113945961,0
3531,28,0.3715045750141144,0
3531,2941,0.3490390181541443,0
3531,431,0.34909871220588684,0
3531,2794,0.3744235634803772,0
3531,2629,0.3564535975456238,0
3531,3595,0.34984782338142395,0
3531,3389,0.3462944030761719,0
3531,1080,0.36610570549964905,0
3531,1455,0.35880717635154724,0
3531,2664,0.35357874631881714,0
3531,3030,0.3559767007827759,0
3531,2180,0.34149110317230225,0
3531,686,0.35705703496932983,0
3531,885,0.38120752573013306,0
3531,1475,0.3525475263595581,0
3531,2607,0.3570011556148529,0
3531,1218,0.3494504392147064,0
855,855,0.3584430515766144,1
855,3731,0.3423740267753601,0
855,590,0.36713671684265137,0
855,1845,0.337158203125,0
855,1533,0.3449757695198059,0
855,2077,0.3432738780975342,0
855,3187,0.33600032329559326,0
855,3382,0.3359121084213257,0
855,3436,0.345175564289093,0
855,2184,0.33720093965530396,0
855,1405,0.36264875531196594,0
855,1854,0.34244218468666077,0
855,3637,0.33544424176216125,0
855,2669,0.3398575782775879,0
855,2000,0.34209856390953064,0
855,3230,0.3429100811481476,0
855,2150,0.3376655578613281,0
855,3206,0.3474249243736267,0
855,1299,0.3400667607784271,0
855,227,0.3343464434146881,0
2427,2427,0.33775749802589417,1
2427,1211,0.3505111336708069,0
2427,2551,0.34170156717300415,0
2427,3722,0.3434520959854126,0
2427,2659,0.3509315848350525,0
2427,839,0.36657726764678955,0
2427,2731,0.3501778244972229,0
2427,592,0.37654224038124084,0
2427,2960,0.3698781728744507,0
2427,2085,0.3412174880504608,0
2427,690,0.36836832761764526,0
2427,2023,0.34272369742393494,0
2427,1332,0.34547367691993713,0
2427,277,0.35821086168289185,0
2427,3060,0.34206920862197876,0
2427,1565,0.35546642541885376,0
2427,3229,0.37332919239997864,0
2427,3067,0.34932616353034973,0
2427,2330,0.36721840500831604,0
2427,4179,0.34710437059402466,0
613,613,0.3426973223686218,1
613,2919,0.35757139325141907,0
613,3258,0.3430851995944977,0
613,2909,0.3448701500892639,0
613,399,0.3596910834312439,0
613,1904,0.34621429443359375,0
613,3319,0.34168264269828796,0
613,2378,0.34328556060791016,0
613,747,0.34912389516830444,0
613,192,0.34251314401626587,0
613,1133,0.3665240406990051,0
613,4153,0.3514193594455719,0
613,953,0.34969085454940796,0
613,3326,0.35432690382003784,0
613,1032,0.3475821018218994,0
613,1367,0.3485720455646515,0
613,1889,0.37295591831207275,0
613,3458,0.36416155099868774,0
613,103,0.35024434328079224,0
613,1265,0.3569127321243286,0
1689,1689,0.4274500012397766,1
1689,3220,0.349600225687027,0
1689,1550,0.3755485415458679,0
1689,913,0.3552917242050171,0
1689,273,0.3796800374984741,0
1689,4157,0.34920281171798706,0
1689,962,0.3421224057674408,0
1689,1935,0.34821295738220215,0
1689,2681,0.35544896125793457,0
1689,3150,0.34320783615112305,0
1689,3156,0.35255005955696106,0
1689,1871,0.37716299295425415,0
1689,1915,0.3653474450111389,0
1689,3205,0.35910242795944214,0
1689,81,0.35815542936325073,0
1689,3343,0.3646068274974823,0
1689,2307,0.34206414222717285,0
1689,3345,0.3468966782093048,0
1689,3100,0.3614613115787506,0
1689,3375,0.3469688594341278,0
404,404,0.3824235498905182,1
404,1595,0.37453266978263855,0
404,4102,0.3501536250114441,0
404,1878,0.34955912828445435,0
404,1972,0.35242921113967896,0
404,1195,0.3436422646045685,0
404,3922,0.35043734312057495,0
404,1625,0.3370431661605835,0
404,1864,0.3430391550064087,0
404,629,0.36715346574783325,0
404,70,0.3585343062877655,0
404,1172,0.3522946238517761,0
404,53,0.36128270626068115,0
404,720,0.34492290019989014,0
404,364,0.3467923700809479,0
404,3523,0.3384796380996704,0
404,2741,0.3454388678073883,0
404,2682,0.35838812589645386,0
404,954,0.3505135774612427,0
404,3356,0.34864214062690735,0
3659,3659,0.34928613901138306,1
3659,265,0.3772396445274353,0
3659,3399,0.3468320369720459,0
3659,597,0.36424851417541504,0
3659,3468,0.3608814477920532,0
3659,3956,0.35368573665618896,0
3659,1583,0.37294816970825195,0
3659,1122,0.39778441190719604,0
3659,3681,0.35283154249191284,0
3659,2354,0.3532891869544983,0
3659,3947,0.3553431034088135,0
3659,3055,0.35129404067993164,0
3659,29,0.3896883428096771,0
3659,4029,0.3452174961566925,0
3659,1102,0.36043494939804077,0
3659,3097,0.3568494915962219,0
3659,2117,0.35761910676956177,0
3659,717,0.352150559425354,0
3659,2683,0.3570520877838135,0
3659,817,0.3438974916934967,0
2966,2966,0.3469392955303192,1
2966,2445,0.35185706615448,0
2966,4012,0.34062790870666504,0
2966,785,0.35436224937438965,0
2966,1764,0.354125440120697,0
2966,718,0.36730462312698364,0
2966,334,0.36097097396850586,0
2966,1653,0.3654071092605591,0
2966,3025,0.3424205482006073,0
2966,2807,0.3863644301891327,0
2966,2313,0.3439440131187439,0
2966,3813,0.3456130921840668,0
2966,3845,0.34438157081604004,0
2966,4161,0.34833261370658875,0
2966,823,0.3495754599571228,0
2966,2497,0.3601604104042053,0
2966,3445,0.3440656363964081,0
2966,163,0.36506661772727966,0
2966,268,0.37553250789642334,0
2966,3886,0.34839320182800293,0
4157,4157,0.3486069440841675,1
4157,3073,0.35290539264678955,0
4157,3355,0.34546688199043274,0
4157,627,0.40110448002815247,0
4157,355,0.359796941280365,0
4157,3144,0.3501494228839874,0
4157,3308,0.35275715589523315,0
4157,4115,0.3401140570640564,0
4157,1816,0.3558225631713867,0
4157,2803,0.34345346689224243,0
4157,25,0.3414979577064514,0
4157,891,0.3767435550689697,0
4157,4044,0.3470157980918884,0
4157,148,0.35196369886398315,0
4157,3707,0.3491842746734619,0
4157,4139,0.3457334637641907,0
4157,3906,0.3439117670059204,0
4157,899,0.37331679463386536,0
4157,2677,0.35382723808288574,0
4157,3600,0.3492875099182129,0
3356,3356,0.3523527979850769,1
3356,3167,0.3521607518196106,0
3356,3052,0.3751126527786255,0
3356,4016,0.345578670501709,0
3356,1994,0.3539296090602875,0
3356,229,0.39501750469207764,0
3356,4053,0.3888624310493469,0
3356,839,0.3700435161590576,0
3356,3087,0.35504961013793945,0
3356,2714,0.3505593538284302,0
3356,9,0.38065654039382935,0
3356,2948,0.35188189148902893,0
3356,310,0.39025411009788513,0
3356,1777,0.3521685004234314,0
3356,2861,0.35391610860824585,0
3356,844,0.386238694190979,0
3356,3825,0.34221628308296204,0
3356,1284,0.35443228483200073,0
3356,2392,0.38460466265678406,0
3356,2313,0.347755491733551,0
2126,2126,0.3831856846809387,1
2126,702,0.35833290219306946,0
2126,3508,0.3483240604400635,0
2126,2425,0.3763371407985687,0
2126,815,0.3669888377189636,0
2126,2403,0.3433452844619751,0
2126,2379,0.37035074830055237,0
2126,363,0.3767821192741394,0
2126,576,0.3494056463241577,0
2126,453,0.35789865255355835,0
2126,3120,0.3565933108329773,0
2126,203,0.36246201395988464,0
2126,3361,0.34552526473999023,0
2126,613,0.35505616664886475,0
2126,3339,0.35615116357803345,0
2126,1959,0.35265159606933594,0
2126,600,0.3424519896507263,0
2126,3652,0.38031983375549316,0
2126,1169,0.3580209016799927,0
2126,2556,0.35200583934783936,0
472,472,0.33445531129837036,1
472,1135,0.36288541555404663,0
472,2457,0.3413026034832001,0
472,1890,0.3425326347351074,0
472,1786,0.3718002736568451,0
472,4110,0.34781819581985474,0
472,2771,0.34510868787765503,0
472,589,0.347241073846817,0
472,581,0.3736110031604767,0
472,1698,0.3497837483882904,0
472,3683,0.3518601655960083,0
472,843,0.3739643096923828,0
472,531,0.3463324308395386,0
472,438,0.3395250141620636,0
472,2678,0.34433168172836304,0
472,444,0.3508971631526947,0
472,3163,0.34704023599624634,0
472,985,0.33452659845352173,0
472,2542,0.3420875668525696,0
472,962,0.33660757541656494,0
3029,3029,0.3492048382759094,1
3029,3217,0.3443271815776825,0
3029,1275,0.35767441987991333,0
3029,2669,0.3459833860397339,0
3029,2892,0.3503449559211731,0
3029,2097,0.3438631296157837,0
3029,3482,0.3496510684490204,0
3029,2672,0.36761242151260376,0
3029,86,0.34527885913848877,0
3029,3096,0.35062968730926514,0
3029,3530,0.34439292550086975,0
3029,1274,0.35051238536834717,0
3029,2014,0.35592034459114075,0
3029,341,0.36340636014938354,0
3029,2058,0.3398634195327759,0
3029,2659,0.34975552558898926,0
3029,2527,0.3514890670776367,0
3029,1931,0.35292744636535645,0
3029,181,0.356747567653656,0
3029,1685,0.3465457558631897,0
637,637,0.34717825055122375,1
637,882,0.39263415336608887,0
637,2284,0.35426366329193115,0
637,3940,0.3438386917114258,0
637,3138,0.35930687189102173,0
637,1376,0.38125908374786377,0
637,3861,0.35210806131362915,0
637,3251,0.34426259994506836,0
637,2044,0.34865501523017883,0
637,165,0.3799462914466858,0
637,1101,0.35951924324035645,0
637,377,0.37872663140296936,0
637,357,0.35280972719192505,0
637,2848,0.34623757004737854,0
637,3923,0.34605324268341064,0
637,1848,0.3659600019454956,0
637,3624,0.3374428451061249,0
637,3496,0.3393341302871704,0
637,739,0.36748963594436646,0
637,3750,0.36099618673324585,0
1241,1241,0.34941190481185913,1
1241,4015,0.34062057733535767,0
1241,3519,0.346518874168396,0
1241,700,0.35892733931541443,0
1241,4005,0.33999425172805786,0
1241,2907,0.3366079330444336,0
1241,1856,0.3457212448120117,0
1241,1724,0.35926979780197144,0
1241,476,0.3435173034667969,0
1241,553,0.3908073902130127,0
1241,109,0.35014063119888306,0
1241,1432,0.35773032903671265,0
1241,4142,0.34210196137428284,0
1241,2471,0.34593135118484497,0
1241,289,0.34543082118034363,0
1241,416,0.3432648777961731,0
1241,1983,0.3515280485153198,0
1241,420,0.35579603910446167,0
1241,2434,0.34581851959228516,0
1241,764,0.3377438187599182,0
3335,3335,0.3438897728919983,1
3335,3325,0.3432738780975342,0
3335,3366,0.34310978651046753,0
3335,1446,0.34361782670021057,0
3335,710,0.34861862659454346,0
3335,1226,0.3636670708656311,0
3335,1235,0.35396045446395874,0
3335,2425,0.36859261989593506,0
3335,3448,0.34005579352378845,0
3335,587,0.37511682510375977,0
3335,3177,0.34439805150032043,0
3335,4108,0.34730440378189087,0
3335,2168,0.34440121054649353,0
3335,2580,0.34407031536102295,0
3335,3419,0.3320125937461853,0
3335,3661,0.34476807713508606,0
3335,3093,0.3471052348613739,0
3335,1111,0.34672167897224426,0
3335,16,0.37706536054611206,0
3335,764,0.3403831720352173,0
3104,3104,0.35166215896606445,1
3104,509,0.35363563895225525,0
3104,3020,0.3638613522052765,0
3104,1937,0.35912561416625977,0
3104,2803,0.3442028760910034,0
3104,71,0.3614655137062073,0
3104,2400,0.3482567071914673,0
3104,1077,0.3488069176673889,0
3104,255,0.3722499907016754,0
3104,2394,0.3529811501502991,0
3104,1519,0.35196417570114136,0
3104,89,0.35206249356269836,0
3104,1796,0.376215398311615,0
3104,2452,0.39741086959838867,0
3104,730,0.36392754316329956,0
3104,1009,0.37455061078071594,0
3104,2589,0.34956228733062744,0
3104,1827,0.34891945123672485,0
3104,2916,0.34749868512153625,0
3104,1993,0.34972548484802246,0
1205,1205,0.3519810140132904,1
1205,1741,0.3756929934024811,0
1205,2485,0.3775893449783325,0
1205,3416,0.3530607223510742,0
1205,3637,0.339608371257782,0
1205,4086,0.3433481454849243,0
1205,2116,0.38717004656791687,0
1205,3985,0.3463971018791199,0
1205,3614,0.34527361392974854,0
1205,685,0.38748496770858765,0
1205,2340,0.34432873129844666,0
1205,999,0.3463539183139801,0
1205,1786,0.3769036829471588,0
1205,2446,0.3498103618621826,0
1205,2100,0.3468642830848694,0
1205,63,0.37796831130981445,0
1205,3172,0.3417828679084778,0
1205,1941,0.35272228717803955,0
1205,3613,0.35526642203330994,0
1205,3122,0.33947885036468506,0
2206,2206,0.3514286279678345,1
2206,574,0.36009764671325684,0
2206,3452,0.34344977140426636,0
2206,41,0.34414899349212646,0
2206,2168,0.3388952612876892,0
2206,3367,0.3536905348300934,0
2206,2600,0.341227650642395,0
2206,1383,0.35771632194519043,0
2206,3376,0.3392375111579895,0
2206,1995,0.3530780076980591,0
2206,248,0.36728084087371826,0
2206,3388,0.34659433364868164,0
2206,2999,0.35003337264060974,0
2206,1453,0.34246742725372314,0
2206,1822,0.33822572231292725,0
2206,3520,0.3377813696861267,0
2206,1414,0.3365556597709656,0
2206,2907,0.33445990085601807,0
2206,2079,0.34710657596588135,0
2206,3786,0.3599696755409241,0
1849,1849,0.3372268080711365,1
1849,3236,0.34792855381965637,0
1849,1915,0.3635273575782776,0
1849,3761,0.3431936800479889,0
1849,1433,0.34397953748703003,0
1849,1308,0.3406186103820801,0
1849,3797,0.34835124015808105,0
1849,2561,0.3514769971370697,0
1849,2767,0.3465454578399658,0
1849,3053,0.3644465208053589,0
1849,758,0.3879893124103546,0
1849,920,0.3785431981086731,0
1849,2479,0.3598707318305969,0
1849,657,0.34643569588661194,0
1849,2083,0.3882186710834503,0
1849,1558,0.3513025939464569,0
1849,1336,0.3450552821159363,0
1849,1458,0.3487260341644287,0
1849,711,0.3452017903327942,0
1849,2831,0.3454345762729645,0
3055,3055,0.3532279133796692,1
3055,3591,0.348074734210968,0
3055,704,0.3679128587245941,0
3055,99,0.37011176347732544,0
3055,810,0.3447797894477844,0
3055,2799,0.3547581136226654,0
3055,647,0.3558024764060974,0
3055,1142,0.3605865240097046,0
3055,2142,0.3470994234085083,0
3055,3888,0.3445046842098236,0
3055,713,0.3701245188713074,0
3055,2634,0.35707318782806396,0
3055,3935,0.3494511842727661,0
3055,2514,0.35799598693847656,0
3055,983,0.37113410234451294,0
3055,1562,0.3617982864379883,0
3055,1958,0.34926295280456543,0
3055,3625,0.35226747393608093,0
3055,3942,0.3573305606842041,0
3055,2426,0.3543410897254944,0
1629,1629,0.37759527564048767,1
1629,1977,0.3745235800743103,0
1629,1797,0.35035109519958496,0
1629,695,0.4323461055755615,0
1629,1712,0.39897793531417847,0
1629,476,0.3532915711402893,0
1629,1714,0.3570195138454437,0
1629,2046,0.36165791749954224,0
1629,3520,0.35136324167251587,0
1629,469,0.35445868968963623,0
1629,3088,0.3502967953681946,0
1629,1485,0.38174954056739807,0
1629,427,0.3876965045928955,0
1629,2870,0.35225558280944824,0
1629,3958,0.35008466243743896,0
1629,2154,0.3597477078437805,0
1629,2681,0.3618404269218445,0
1629,2051,0.3520548343658447,0
1629,2531,0.3629254102706909,0
1629,842,0.36891603469848633,0
3849,3849,0.349612832069397,1
3849,2986,0.3760315477848053,0
3849,4104,0.3456079661846161,0
3849,318,0.38128602504730225,0
3849,2159,0.3841385543346405,0
3849,3826,0.34349602460861206,0
3849,7,0.35372161865234375,0
3849,1059,0.3469257354736328,0
3849,3893,0.3403865694999695,0
3849,1720,0.35620707273483276,0
3849,294,0.34732162952423096,0
3849,1831,0.42659270763397217,0
3849,2655,0.34419214725494385,0
3849,666,0.3574567139148712,0
3849,10,0.34286266565322876,0
3849,384,0.3454227149486542,0
3849,722,0.34138643741607666,0
3849,1487,0.4200741946697235,0
3849,909,0.3639415502548218,0
3849,2424,0.3437156677246094,0
3666,3666,0.33791548013687134,1
3666,1643,0.3447401821613312,0
3666,2834,0.3414326012134552,0
3666,3584,0.3464229702949524,0
3666,2686,0.3480125665664673,0
3666,4120,0.34823617339134216,0
3666,394,0.3602764308452606,0
3666,1023,0.3985379636287689,0
3666,1906,0.34259894490242004,0
3666,2177,0.35174065828323364,0
3666,90,0.37553471326828003,0
3666,3894,0.3469853103160858,0
3666,452,0.3438490331172943,0
3666,390,0.3690266013145447,0
3666,3064,0.3392321467399597,0
3666,151,0.3528023958206177,0
3666,17,0.3646986484527588,0
3666,3399,0.3424776792526245,0
3666,593,0.3445872664451599,0
3666,1088,0.344760000705719,0
3334,3334,0.34301215410232544,1
3334,3316,0.3361087441444397,0
3334,1364,0.3465111553668976,0
3334,2146,0.340946763753891,0
3334,1013,0.34746432304382324,0
3334,508,0.35000836849212646,0
3334,961,0.35483962297439575,0
3334,3883,0.3386192321777344,0
3334,3719,0.3405303359031677,0
3334,664,0.3403472304344177,0
3334,4128,0.3416396379470825,0
3334,3016,0.35117679834365845,0
3334,3543,0.3343200087547302,0
3334,1702,0.34122613072395325,0
3334,3739,0.3624751567840576,0
3334,1660,0.3361414670944214,0
3334,576,0.3375808894634247,0
3334,3265,0.3555188477039337,0
3334,757,0.3439300060272217,0
3334,2412,0.3463521897792816,0
3802,3802,0.3467438817024231,1
3802,2619,0.35354891419410706,0
3802,728,0.3503299653530121,0
3802,1639,0.35037726163864136,0
3802,127,0.345043808221817,0
3802,3405,0.35531651973724365,0
3802,277,0.3574175238609314,0
3802,2613,0.3477596044540405,0
3802,2148,0.3964959979057312,0
3802,2336,0.36120688915252686,0
3802,3901,0.3465624749660492,0
3802,1535,0.3715853691101074,0
3802,1205,0.3518960177898407,0
3802,1263,0.37056154012680054,0
3802,3609,0.35466113686561584,0
3802,3566,0.34606894850730896,0
3802,3548,0.351051926612854,0
3802,4000,0.35016128420829773,0
3802,985,0.3398977518081665,0
3802,3923,0.348535418510437,0
3668,3668,0.35887575149536133,1
3668,3962,0.34777581691741943,0
3668,3977,0.35104936361312866,0
3668,4080,0.34204626083374023,0
3668,2598,0.3601544201374054,0
3668,4120,0.35124683380126953,0
3668,854,0.3713672161102295,0
3668,411,0.37411901354789734,0
3668,3636,0.35290154814720154,0
3668,3698,0.3476622700691223,0
3668,1827,0.34842824935913086,0
3668,1463,0.36837804317474365,0
3668,3998,0.35722261667251587,0
3668,4146,0.34343966841697693,0
3668,1437,0.34609705209732056,0
3668,592,0.3692263960838318,0
3668,4164,0.34621891379356384,0
3668,3273,0.3497712016105652,0
3668,3887,0.35171782970428467,0
3668,1375,0.3581811189651489,0
1791,1791,0.35071665048599243,1
1791,160,0.3550468981266022,0
1791,2256,0.34900566935539246,0
1791,1108,0.35914450883865356,0
1791,1975,0.3488197922706604,0
1791,1023,0.4011821150779724,0
1791,3240,0.35068631172180176,0
1791,3015,0.36424732208251953,0
1791,1093,0.35072270035743713,0
1791,2528,0.357636958360672,0
1791,3280,0.35107409954071045,0
1791,551,0.36503130197525024,0
1791,2188,0.3949524164199829,0
1791,2420,0.3535357117652893,0
1791,3940,0.34536540508270264,0
1791,195,0.35597342252731323,0
1791,3851,0.35103970766067505,0
1791,957,0.34745222330093384,0
1791,1344,0.3470143675804138,0
1791,97,0.36629801988601685,0
2028,2028,0.3451160788536072,1
2028,2959,0.3453061580657959,0
2028,2039,0.3407374620437622,0
2028,3685,0.34030288457870483,0
2028,25,0.3378283977508545,0
2028,1888,0.345655620098114,0
2028,2239,0.37161755561828613,0
2028,698,0.36381328105926514,0
2028,1562,0.35091090202331543,0
2028,170,0.3700048327445984,0
2028,2236,0.35147935152053833,0
2028,88,0.35445693135261536,0
2028,1211,0.34625184535980225,0
2028,816,0.3540247678756714,0
2028,3679,0.3392261862754822,0
2028,3340,0.3450472950935364,0
2028,4178,0.3388465344905853,0
2028,225,0.35309529304504395,0
2028,3113,0.3415674567222595,0
2028,538,0.3486192226409912,0
2509,2509,0.3316134214401245,1
2509,3751,0.3381386995315552,0
2509,2637,0.35199177265167236,0
2509,897,0.3645443618297577,0
2509,1191,0.3376828134059906,0
2509,2451,0.3500288128852844,0
2509,1879,0.3733251094818115,0
2509,4121,0.341946542263031,0
2509,377,0.3771654963493347,0
2509,230,0.38210171461105347,0
2509,2001,0.37766405940055847,0
2509,1241,0.35371649265289307,0
2509,2208,0.3681354522705078,0
2509,2183,0.33908307552337646,0
2509,989,0.3576245605945587,0
2509,2998,0.39457449316978455,0
2509,930,0.3583044707775116,0
2509,4109,0.34487903118133545,0
2509,2702,0.3598535656929016,0
2509,1771,0.3557130694389343,0
2857,2857,0.3464176654815674,1
2857,3233,0.3592597246170044,0
2857,1548,0.3534756898880005,0
2857,4054,0.3528209328651428,0
2857,1908,0.35776573419570923,0
2857,851,0.3627500534057617,0
2857,944,0.3447529375553131,0
2857,3746,0.35244178771972656,0
2857,527,0.35205069184303284,0
2857,1593,0.3440679907798767,0
2857,3311,0.34615546464920044,0
2857,2994,0.3564838767051697,0
2857,3980,0.34382301568984985,0
2857,2140,0.3436141610145569,0
2857,2529,0.3398839831352234,0
2857,2513,0.339810848236084,0
2857,3483,0.3619588613510132,0
2857,2899,0.3493764400482178,0
2857,3890,0.3435598611831665,0
2857,535,0.3644169569015503,0
3202,3202,0.3542441129684448,1
3202,2960,0.36998817324638367,0
3202,2619,0.34959298372268677,0
3202,3116,0.3674314320087433,0
3202,294,0.34832239151000977,0
3202,3951,0.34341204166412354,0
3202,2123,0.351066529750824,0
3202,431,0.34589746594429016,0
3202,2748,0.3475712239742279,0
3202,2645,0.42165252566337585,0
3202,4127,0.3478052020072937,0
3202,2700,0.36382633447647095,0
3202,1590,0.34627312421798706,0
3202,3267,0.37054455280303955,0
3202,1981,0.3478369414806366,0
3202,149,0.34737086296081543,0
3202,258,0.3784202039241791,0
3202,3467,0.3461148142814636,0
3202,2066,0.3536342978477478,0
3202,3455,0.3490103781223297,0
4140,4140,0.351351261138916,1
4140,1645,0.351255863904953,0
4140,2316,0.3503168225288391,0
4140,1336,0.3485223948955536,0
4140,302,0.3758883774280548,0
4140,2470,0.352256178855896,0
4140,1151,0.34945324063301086,0
4140,1805,0.34750640392303467,0
4140,1356,0.35841071605682373,0
4140,3990,0.34689706563949585,0
4140,642,0.3570098280906677,0
4140,3131,0.3582259714603424,0
4140,3073,0.3537065386772156,0
4140,1256,0.343835711479187,0
4140,1806,0.3575420677661896,0
4140,2857,0.3493005931377411,0
4140,484,0.3536534905433655,0
4140,467,0.3722383975982666,0
4140,1437,0.34658461809158325,0
4140,1428,0.35982316732406616,0
3427,3427,0.34679320454597473,1
3427,2063,0.35052376985549927,0
3427,3325,0.3492525517940521,0
3427,3042,0.3667542636394501,0
3427,2755,0.3595423996448517,0
3427,3041,0.35683155059814453,0
3427,2097,0.3464484214782715,0
3427,3894,0.3510175347328186,0
3427,208,0.36037111282348633,0
3427,2112,0.3500274121761322,0
3427,2399,0.3494795858860016,0
3427,912,0.3527572453022003,0
3427,1881,0.36958569288253784,0
3427,2053,0.3751358687877655,0
3427,1748,0.37912648916244507,0
3427,3144,0.3528870642185211,0
3427,2248,0.3505847156047821,0
3427,3563,0.3432224988937378,0
3427,1680,0.3732953667640686,0
3427,90,0.38077518343925476,0
259,259,0.3847370147705078,1
259,1097,0.36804842948913574,0
259,656,0.37807098031044006,0
259,1798,0.34474271535873413,0
259,3151,0.34483933448791504,0
259,2036,0.40670865774154663,0
259,2281,0.34440237283706665,0
259,1717,0.3543539047241211,0
259,1337,0.35178208351135254,0
259,3576,0.3733164668083191,0
259,1895,0.3580937385559082,0
259,733,0.36145615577697754,0
259,1367,0.3548022508621216,0
259,2474,0.34673231840133667,0
259,3670,0.35215193033218384,0
259,3725,0.3521120846271515,0
259,611,0.3454315662384033,0
259,1274,0.35040825605392456,0
259,3882,0.3489868640899658,0
259,3406,0.34996986389160156,0
3681,3681,0.34913820028305054,1
3681,494,0.34450164437294006,0
3681,1555,0.34921151399612427,0
3681,973,0.3549574911594391,0
3681,279,0.3501291275024414,0
3681,730,0.3619230389595032,0
3681,2593,0.3653160333633423,0
3681,1210,0.34671202301979065,0
3681,2645,0.39851588010787964,0
3681,1503,0.3415403962135315,0
3681,1828,0.3679600656032562,0
3681,337,0.36540448665618896,0
3681,3903,0.3449450135231018,0
3681,1873,0.33640360832214355,0
3681,2940,0.35887831449508667,0
3681,1866,0.34927400946617126,0
3681,1397,0.3663548231124878,0
3681,1374,0.3668282628059387,0
3681,120,0.3492366671562195,0
3681,4134,0.3491266965866089,0
1110,1110,0.34299156069755554,1
1110,3180,0.34998220205307007,0
1110,200,0.35446423292160034,0
1110,3590,0.3429099917411804,0
1110,2335,0.384840190410614,0
1110,3072,0.34790176153182983,0
1110,1914,0.34246599674224854,0
1110,326,0.3463173806667328,0
1110,798,0.34657150506973267,0
1110,2727,0.3756188452243805,0
1110,1359,0.3464735746383667,0
1110,1244,0.35580289363861084,0
1110,1054,0.367434024810791,0
1110,491,0.3574572205543518,0
1110,3286,0.35241788625717163,0
1110,2533,0.34461870789527893,0
1110,260,0.34941190481185913,0
1110,2856,0.35117286443710327,0
1110,926,0.3629096746444702,0
1110,3207,0.3359608054161072,0
1908,1908,0.36093130707740784,1
1908,2619,0.35302913188934326,0
1908,2971,0.3483409881591797,0
1908,2924,0.3473665118217468,0
1908,3034,0.35467177629470825,0
1908,2865,0.3523922860622406,0
1908,3582,0.3465639054775238,0
1908,3371,0.35947707295417786,0
1908,1488,0.34836429357528687,0
1908,3140,0.34942322969436646,0
1908,2252,0.356381893157959,0
1908,2417,0.345820814371109,0
1908,2805,0.34999343752861023,0
1908,2249,0.3470853567123413,0
1908,2448,0.3460882902145386,0
1908,950,0.3681117594242096,0
1908,3594,0.3501242399215698,0
1908,3212,0.35089990496635437,0
1908,2891,0.36160579323768616,0
1908,803,0.36209315061569214,0
1160,1160,0.3575960397720337,1
1160,162,0.36865100264549255,0
1160,2214,0.3437694311141968,0
1160,1886,0.3470359742641449,0
1160,1326,0.364956796169281,0
1160,1901,0.36115944385528564,0
1160,262,0.3749648630619049,0
1160,1793,0.34996360540390015,0
1160,254,0.3489523231983185,0
1160,42,0.3673015534877777,0
1160,307,0.36531394720077515,0
1160,3955,0.34924983978271484,0
1160,2324,0.3997911512851715,0
1160,308,0.3764481842517853,0
1160,1975,0.3508215844631195,0
1160,519,0.35410523414611816,0
1160,2431,0.345350444316864,0
1160,1325,0.3537421226501465,0
1160,4157,0.34995967149734497,0
1160,391,0.35268667340278625,0
2378,2378,0.34465447068214417,1
2378,2452,0.41506126523017883,0
2378,3514,0.3540806472301483,0
2378,3902,0.337041974067688,0
2378,4142,0.3428410291671753,0
2378,368,0.3443782925605774,0
2378,15,0.3554949164390564,0
2378,3383,0.34311479330062866,0
2378,2056,0.3480222225189209,0
2378,3564,0.34688258171081543,0
2378,1445,0.34623438119888306,0
2378,3674,0.34200361371040344,0
2378,3679,0.33888137340545654,0
2378,3038,0.34909820556640625,0
2378,2081,0.34341686964035034,0
2378,3981,0.3392418324947357,0
2378,2835,0.34481239318847656,0
2378,99,0.3705739378929138,0
2378,1559,0.34154069423675537,0
2378,4157,0.343935489654541,0
46,46,0.3696622848510742,1
46,507,0.34321340918540955,0
46,1008,0.34080782532691956,0
46,1616,0.34885019063949585,0
46,3364,0.33984267711639404,0
46,2973,0.3492129147052765,0
46,3238,0.33894264698028564,0
46,365,0.34107717871665955,0
46,2518,0.34848475456237793,0
46,260,0.34469395875930786,0
46,205,0.3538307547569275,0
46,4013,0.3400219976902008,0
46,1311,0.34875136613845825,0
46,2193,0.3428361415863037,0
46,2793,0.3462844789028168,0
46,2922,0.3573257327079773,0
46,3334,0.34341883659362793,0
46,965,0.3516696095466614,0
46,785,0.3472681939601898,0
46,589,0.34546351432800293,0
2828,2828,0.3398311138153076,1
2828,1384,0.34239625930786133,0
2828,177,0.373836874961853,0
2828,2046,0.35193753242492676,0
2828,1552,0.36629053950309753,0
2828,3208,0.3467559516429901,0
2828,3937,0.3384298086166382,0
2828,2837,0.34273746609687805,0
2828,2036,0.4251396059989929,0
2828,2906,0.3420918583869934,0
2828,327,0.3323811888694763,0
2828,3852,0.35228416323661804,0
2828,48,0.3432767987251282,0
2828,1602,0.3427181839942932,0
2828,2112,0.34400492906570435,0
2828,2420,0.34830087423324585,0
2828,261,0.34520193934440613,0
2828,2317,0.3406657576560974,0
2828,3576,0.37855568528175354,0
2828,1912,0.34926363825798035,0
1054,1054,0.3684203624725342,1
1054,3759,0.34818845987319946,0
1054,1705,0.34818917512893677,0
1054,3964,0.34686845541000366,0
1054,1508,0.35440191626548767,0
1054,758,0.376430481672287,0
1054,451,0.39395391941070557,0
1054,759,0.35164278745651245,0
1054,1039,0.37011730670928955,0
1054,142,0.3568491041660309,0
1054,489,0.35701605677604675,0
1054,563,0.35519540309906006,0
1054,4159,0.35220131278038025,0
1054,3165,0.3601018786430359,0
1054,2688,0.3429935574531555,0
1054,1034,0.34455209970474243,0
1054,959,0.3530004322528839,0
1054,3423,0.3493029475212097,0
1054,958,0.35125648975372314,0
1054,2725,0.3517735004425049,0
2940,2940,0.36883461475372314,1
2940,1069,0.3482559323310852,0
2940,818,0.35258305072784424,0
2940,4059,0.3506697416305542,0
2940,3379,0.3514273762702942,0
2940,3050,0.3454582095146179,0
2940,23,0.3777039349079132,0
2940,2963,0.3441016972064972,0
2940,1446,0.3474697768688202,0
2940,1963,0.34383127093315125,0
2940,2104,0.3782181739807129,0
2940,3189,0.3503679037094116,0
2940,1447,0.38645434379577637,0
2940,3424,0.3499937653541565,0
2940,2510,0.40271103382110596,0
2940,1810,0.3743627071380615,0
2940,708,0.3536992073059082,0
2940,3285,0.34936514496803284,0
2940,2110,0.36209836602211,0
2940,3504,0.36390891671180725,0
2725,2725,0.3534676432609558,1
2725,2804,0.34637725353240967,0
2725,664,0.35000258684158325,0
2725,1331,0.3539349436759949,0
2725,3188,0.35068103671073914,0
2725,2254,0.3531017005443573,0
2725,2410,0.3405410051345825,0
2725,195,0.35803186893463135,0
2725,3281,0.34739595651626587,0
2725,2859,0.35275909304618835,0
2725,3383,0.35036927461624146,0
2725,1217,0.3502667546272278,0
2725,1882,0.3477112650871277,0
2725,35,0.3595024645328522,0
2725,368,0.3501180410385132,0
2725,3097,0.3549605906009674,0
2725,4117,0.3421289920806885,0
2725,583,0.3526298999786377,0
2725,3322,0.3539082407951355,0
2725,644,0.3555268943309784,0
1618,1618,0.34538936614990234,1
1618,3156,0.3511432409286499,0
1618,2407,0.3816191256046295,0
1618,2195,0.3441896140575409,0
1618,1776,0.3667490482330322,0
1618,2374,0.3568371534347534,0
1618,508,0.3589811325073242,0
1618,500,0.34970057010650635,0
1618,1829,0.3647852838039398,0
1618,2422,0.3458458483219147,0
1618,1939,0.3533494472503662,0
1618,2145,0.3429514169692993,0
1618,3944,0.34744739532470703,0
1618,1297,0.364677369594574,0
1618,689,0.3381967544555664,0
1618,2819,0.36402738094329834,0
1618,3403,0.3424338102340698,0
1618,403,0.3794022500514984,0
1618,2954,0.36314767599105835,0
1618,3123,0.34571966528892517,0
4121,4121,0.3352828025817871,1
4121,1753,0.37680378556251526,0
4121,3740,0.3478168249130249,0
4121,2300,0.3736482262611389,0
4121,3179,0.3399809002876282,0
4121,2572,0.3353862762451172,0
4121,2446,0.3420436978340149,0
4121,367,0.34884703159332275,0
4121,4078,0.3346918821334839,0
4121,1912,0.34469372034072876,0
4121,1689,0.41974639892578125,0
4121,2213,0.335968017578125,0
4121,3536,0.3420393764972687,0
4121,4064,0.3462693691253662,0
4121,3222,0.34171852469444275,0
4121,1989,0.35073596239089966,0
4121,3564,0.3429849147796631,0
4121,1973,0.34109851717948914,0
4121,1367,0.346017062664032,0
4121,60,0.34267643094062805,0
2886,2886,0.3432852625846863,1
2886,2741,0.34266799688339233,0
2886,2653,0.34776008129119873,0
2886,370,0.3500053584575653,0
2886,2065,0.35633325576782227,0
2886,888,0.3972533345222473,0
2886,3660,0.3531040549278259,0
2886,1216,0.35261082649230957,0
2886,1069,0.3438066840171814,0
2886,2620,0.3573856055736542,0
2886,3874,0.35129547119140625,0
2886,1703,0.37550002336502075,0
2886,1764,0.35261523723602295,0
2886,1157,0.3595017194747925,0
2886,570,0.3638265132904053,0
2886,2969,0.3473430573940277,0
2886,145,0.3669167757034302,0
2886,3748,0.350136935710907,0
2886,2891,0.35882359743118286,0
2886,3780,0.3407400846481323,0
1348,1348,0.3518107533454895,1
1348,226,0.3591190576553345,0
1348,3551,0.3477042615413666,0
1348,530,0.3487618565559387,0
1348,3391,0.38811159133911133,0
1348,145,0.3648807406425476,0
1348,2780,0.3487325608730316,0
1348,3500,0.3365741968154907,0
1348,2886,0.3421560525894165,0
1348,1610,0.3536922335624695,0
1348,3292,0.3410817086696625,0
1348,3355,0.34059563279151917,0
1348,3958,0.3406568765640259,0
1348,169,0.3438946604728699,0
1348,1862,0.3396263122558594,0
1348,818,0.34489214420318604,0
1348,2798,0.35980838537216187,0
1348,3341,0.347185879945755,0
1348,2824,0.3353955149650574,0
1348,1187,0.34418290853500366,0
1179,1179,0.3421563506126404,1
1179,3715,0.34191423654556274,0
1179,978,0.34298330545425415,0
1179,4052,0.3444530963897705,0
1179,2367,0.3460739850997925,0
1179,749,0.3646964132785797,0
1179,2307,0.3382686972618103,0
1179,1052,0.3466416597366333,0
1179,40,0.34927016496658325,0
1179,2102,0.3401161730289459,0
1179,2390,0.34876084327697754,0
1179,2705,0.3516618311405182,0
1179,3270,0.3514651656150818,0
1179,3828,0.34634971618652344,0
1179,1171,0.3488907814025879,0
1179,3604,0.3445453941822052,0
1179,246,0.344289094209671,0
1179,2837,0.34421026706695557,0
1179,2644,0.36800262331962585,0
1179,1289,0.3463284969329834,0
2800,2800,0.3432484269142151,1
2800,3341,0.3454573452472687,0
2800,1193,0.3472890257835388,0
2800,102,0.3648707866668701,0
2800,3149,0.3474523723125458,0
2800,878,0.3577394485473633,0
2800,2354,0.3441099524497986,0
2800,3234,0.34156230092048645,0
2800,3343,0.3563706874847412,0
2800,3413,0.342751681804657,0
2800,916,0.3726581633090973,0
2800,3489,0.3433001935482025,0
2800,2535,0.36050039529800415,0
2800,1412,0.3570769727230072,0
2800,860,0.3644365072250366,0
2800,2814,0.3461344242095947,0
2800,1442,0.3584233820438385,0
2800,2077,0.3439410924911499,0
2800,4123,0.3346239924430847,0
2800,3631,0.3372858762741089,0
2818,2818,0.34088659286499023,1
2818,2403,0.3350135087966919,0
2818,1062,0.34849220514297485,0
2818,181,0.35132819414138794,0
2818,3385,0.3384430706501007,0
2818,2288,0.35406970977783203,0
2818,602,0.35264307260513306,0
2818,2832,0.3362089991569519,0
2818,1101,0.35235685110092163,0
2818,4066,0.3413371741771698,0
2818,1595,0.3694397211074829,0
2818,3346,0.34129053354263306,0
2818,4163,0.3392798900604248,0
2818,4044,0.3410208523273468,0
2818,63,0.36426711082458496,0
2818,2460,0.35197892785072327,0
2818,2621,0.343926340341568,0
2818,213,0.3377414345741272,0
2818,731,0.3424926698207855,0
2818,785,0.3483387231826782,0
596,596,0.3399909734725952,1
596,1198,0.34366104006767273,0
596,1845,0.34083327651023865,0
596,534,0.36169642210006714,0
596,3760,0.3412855863571167,0
596,2222,0.357551634311676,0
596,3569,0.3476828336715698,0
596,1477,0.36938321590423584,0
596,1353,0.34298279881477356,0
596,2485,0.36670100688934326,0
596,876,0.33922097086906433,0
596,2238,0.3416738510131836,0
596,4040,0.3394840359687805,0
596,3823,0.3567552864551544,0
596,44,0.3473013639450073,0
596,749,0.36449286341667175,0
596,94,0.3776025176048279,0
596,3877,0.35007864236831665,0
596,3714,0.34786123037338257,0
596,2163,0.34813347458839417,0
2521,2521,0.3386865258216858,1
2521,904,0.34769320487976074,0
2521,946,0.3396409749984741,0
2521,3815,0.34302929043769836,0
2521,71,0.3589394688606262,0
2521,2351,0.3549140989780426,0
2521,3131,0.3558666408061981,0
2521,3264,0.3490140736103058,0
2521,2676,0.35203641653060913,0
2521,3211,0.3655678629875183,0
2521,3276,0.34418025612831116,0
2521,2496,0.36020103096961975,0
2521,3816,0.3544641137123108,0
2521,1069,0.3443574011325836,0
2521,3260,0.3542652130126953,0
2521,3408,0.3486703336238861,0
2521,648,0.36165791749954224,0
2521,2903,0.3444252014160156,0
2521,2760,0.34850406646728516,0
2521,2061,0.34919995069503784,0
1080,1080,0.36456099152565,1
1080,583,0.3539313077926636,0
1080,479,0.38444632291793823,0
1080,3565,0.3502444326877594,0
1080,3225,0.35044151544570923,0
1080,117,0.384490042924881,0
1080,499,0.36733436584472656,0
1080,2214,0.3434554934501648,0
1080,2483,0.3474504351615906,0
1080,1233,0.39806661009788513,0
1080,545,0.3807774782180786,0
1080,670,0.3477736711502075,0
1080,2902,0.362684965133667,0
1080,3876,0.34485292434692383,0
1080,4119,0.34914496541023254,0
1080,2457,0.3473273515701294,0
1080,724,0.35736149549484253,0
1080,698,0.37690913677215576,0
1080,2431,0.3448646664619446,0
1080,2451,0.3518574833869934,0
982,982,0.35536840558052063,1
982,1040,0.3367864489555359,0
982,377,0.35960105061531067,0
982,3090,0.33921435475349426,0
982,1607,0.33380889892578125,0
982,3231,0.34927088022232056,0
982,1155,0.3677658438682556,0
982,1672,0.33734655380249023,0
982,3062,0.3311399817466736,0
982,3593,0.3370435833930969,0
982,3104,0.33933818340301514,0
982,3570,0.33326658606529236,0
982,2249,0.3346977233886719,0
982,1351,0.3426283597946167,0
982,3521,0.3335501551628113,0
982,3083,0.3376871347427368,0
982,1283,0.34207257628440857,0
982,2858,0.3422321677207947,0
982,1908,0.34751468896865845,0
982,2413,0.3346775472164154,0
3019,3019,0.34376490116119385,1
3019,3485,0.354748398065567,0
3019,3904,0.3501567840576172,0
3019,902,0.3723248839378357,0
3019,2722,0.3527008891105652,0
3019,2683,0.35274824500083923,0
3019,483,0.34843045473098755,0
3019,925,0.3484951853752136,0
3019,1112,0.3520965576171875,0
3019,926,0.36929163336753845,0
3019,975,0.34793174266815186,0
3019,1721,0.3381573557853699,0
3019,2716,0.3508293330669403,0
3019,238,0.3879108726978302,0
3019,2310,0.3429187536239624,0
3019,1848,0.3646806478500366,0
3019,3513,0.3416197896003723,0
3019,2592,0.34934571385383606,0
3019,944,0.34295862913131714,0
3019,3291,0.39945855736732483,0
3641,3641,0.35805371403694153,1
3641,2880,0.3507978320121765,0
3641,3119,0.34809309244155884,0
3641,1212,0.37840989232063293,0
3641,2199,0.3501136004924774,0
3641,3494,0.36030447483062744,0
3641,2479,0.36242538690567017,0
3641,720,0.3485088348388672,0
3641,1502,0.35421329736709595,0
3641,2241,0.3497295379638672,0
3641,3309,0.34906426072120667,0
3641,1769,0.36066460609436035,0
3641,2874,0.34912776947021484,0
3641,1809,0.37547561526298523,0
3641,387,0.3744618594646454,0
3641,3479,0.35253527760505676,0
3641,641,0.3723140358924866,0
3641,3224,0.3528754711151123,0
3641,841,0.36744606494903564,0
3641,1492,0.3687330484390259,0
955,955,0.3459884524345398,1
955,438,0.3452703654766083,0
955,845,0.3798467218875885,0
955,3017,0.3636487126350403,0
955,2400,0.3477287292480469,0
955,13,0.3476839065551758,0
955,1960,0.361708402633667,0
955,2955,0.3526642322540283,0
955,2690,0.35208505392074585,0
955,4020,0.3439631462097168,0
955,2228,0.3533785939216614,0
955,1541,0.35703933238983154,0
955,1401,0.3424279987812042,0
955,3075,0.3454934358596802,0
955,2370,0.34482935070991516,0
955,1452,0.3541080355644226,0
955,2689,0.33852797746658325,0
955,2647,0.35770678520202637,0
955,3779,0.3418491780757904,0
955,2936,0.3425983190536499,0
551,551,0.36629411578178406,1
551,2751,0.349554181098938,0
551,3440,0.34549304842948914,0
551,2052,0.3694000840187073,0
551,1397,0.369043231010437,0
551,1702,0.3491721749305725,0
551,2658,0.3525615930557251,0
551,1016,0.35326749086380005,0
551,306,0.3664150834083557,0
551,105,0.36828988790512085,0
551,651,0.3537672162055969,0
551,3957,0.3436131477355957,0
551,4051,0.3481457233428955,0
551,2408,0.34614431858062744,0
551,1612,0.35953933000564575,0
551,2534,0.3452686071395874,0
551,1501,0.3432482182979584,0
551,1240,0.3688357472419739,0
551,2022,0.35790473222732544,0
551,2385,0.34697169065475464,0
1088,1088,0.3478802442550659,1
1088,3036,0.3538512587547302,0
1088,3020,0.3701097369194031,0
1088,2779,0.35946065187454224,0
1088,3123,0.3471377193927765,0
1088,1786,0.37779247760772705,0
1088,1234,0.34655120968818665,0
1088,3207,0.3362681269645691,0
1088,2177,0.35789594054222107,0
1088,3496,0.34101176261901855,0
1088,3659,0.34749603271484375,0
1088,1301,0.3512185513973236,0
1088,2206,0.3645554184913635,0
1088,246,0.34769633412361145,0
1088,2724,0.3507598042488098,0
1088,2187,0.3498871922492981,0
1088,1802,0.35185742378234863,0
1088,3561,0.3470713496208191,0
1088,805,0.3715384602546692,0
1088,3187,0.34136658906936646,0
20,20,0.3418850004673004,1
20,820,0.33575791120529175,0
20,745,0.34095823764801025,0
20,1861,0.34705227613449097,0
20,673,0.3352130055427551,0
20,2827,0.3338276743888855,0
20,1521,0.336575448513031,0
20,1397,0.35816264152526855,0
20,1900,0.3370843529701233,0
20,2319,0.38850951194763184,0
20,702,0.34242385625839233,0
20,3840,0.3375190794467926,0
20,730,0.3533373475074768,0
20,96,0.33523595333099365,0
20,2725,0.3416324853897095,0
20,2879,0.3468274176120758,0
20,514,0.33666086196899414,0
20,2793,0.3426228165626526,0
20,1090,0.371630996465683,0
20,3013,0.3472595810890198,0
1169,1169,0.3491496443748474,1
1169,943,0.3509216904640198,0
1169,3803,0.3412382900714874,0
1169,3020,0.3573600649833679,0
1169,1181,0.35173970460891724,0
1169,211,0.34003493189811707,0
1169,1652,0.3513987958431244,0
1169,2811,0.34383535385131836,0
1169,1887,0.35110801458358765,0
1169,541,0.3687526285648346,0
1169,555,0.340711772441864,0
1169,1407,0.3387533724308014,0
1169,1486,0.33872294425964355,0
1169,2328,0.34207504987716675,0
1169,28,0.35734036564826965,0
1169,527,0.3485473394393921,0
1169,967,0.33599013090133667,0
1169,3280,0.3468800187110901,0
1169,4056,0.34291157126426697,0
1169,203,0.3512617349624634,0
3557,3557,0.3421853184700012,1
3557,256,0.34830212593078613,0
3557,1166,0.34396693110466003,0
3557,17,0.37180864810943604,0
3557,4141,0.34004610776901245,0
3557,384,0.34221768379211426,0
3557,3438,0.34395164251327515,0
3557,3964,0.34220901131629944,0
3557,468,0.3575691282749176,0
3557,3787,0.34738707542419434,0
3557,1289,0.34441331028938293,0
3557,3661,0.34177225828170776,0
3557,1621,0.3437836170196533,0
3557,825,0.3427469730377197,0
3557,2291,0.34742939472198486,0
3557,258,0.3759692311286926,0
3557,3931,0.3412054777145386,0
3557,662,0.343763530254364,0
3557,2615,0.34117797017097473,0
3557,2250,0.33936169743537903,0
2046,2046,0.35327908396720886,1
2046,3294,0.3442719578742981,0
2046,2577,0.3512135148048401,0
2046,3006,0.3536968529224396,0
2046,1654,0.3487010598182678,0
2046,3712,0.352929949760437,0
2046,1384,0.3468928635120392,0
2046,4022,0.3500642478466034,0
2046,1467,0.34853821992874146,0
2046,2502,0.35348832607269287,0
2046,2176,0.35680750012397766,0
2046,3352,0.3443703055381775,0
2046,2669,0.34677648544311523,0
2046,3376,0.3479834794998169,0
2046,2329,0.3508533835411072,0
2046,3806,0.3443188965320587,0
2046,3029,0.3499860167503357,0
2046,3729,0.34895384311676025,0
2046,1568,0.34567299485206604,0
2046,3403,0.3442067503929138,0
3478,3478,0.34750309586524963,1
3478,2479,0.35685232281684875,0
3478,2856,0.34989893436431885,0
3478,938,0.34907615184783936,0
3478,863,0.3463524580001831,0
3478,844,0.3709433674812317,0
3478,1440,0.34823936223983765,0
3478,3745,0.3585357666015625,0
3478,2389,0.33673855662345886,0
3478,2130,0.368621289730072,0
3478,1229,0.37610936164855957,0
3478,3563,0.3372875452041626,0
3478,3560,0.3409339487552643,0
3478,705,0.3437541127204895,0
3478,1867,0.3381645381450653,0
3478,3632,0.34745877981185913,0
3478,2650,0.34527772665023804,0
3478,3597,0.3490551710128784,0
3478,396,0.35411345958709717,0
3478,2726,0.3570520281791687,0
4151,4151,0.3546493947505951,1
4151,765,0.3651343584060669,0
4151,2582,0.3640616238117218,0
4151,3620,0.3543083667755127,0
4151,680,0.37753671407699585,0
4151,3702,0.34543412923812866,0
4151,1890,0.3512991666793823,0
4151,2685,0.3463250398635864,0
4151,2133,0.3554838001728058,0
4151,846,0.3535444140434265,0
4151,3847,0.3465307354927063,0
4151,3811,0.3502001166343689,0
4151,1574,0.3827955722808838,0
4151,2629,0.35829877853393555,0
4151,1583,0.3741237223148346,0
4151,1858,0.35245585441589355,0
4151,1773,0.3642796277999878,0
4151,3412,0.3557819724082947,0
4151,1084,0.37032052874565125,0
4151,951,0.3744015097618103,0
1546,1546,0.34016895294189453,1
1546,1434,0.3526647090911865,0
1546,1606,0.34174078702926636,0
1546,2022,0.34885239601135254,0
1546,2549,0.3597421646118164,0
1546,923,0.34519505500793457,0
1546,4072,0.3420602083206177,0
1546,2331,0.3386842906475067,0
1546,4016,0.3369755148887634,0
1546,2803,0.33649343252182007,0
1546,2447,0.3472609519958496,0
1546,2828,0.33766603469848633,0
1546,951,0.3585177958011627,0
1546,3648,0.34056907892227173,0
1546,1092,0.3396368622779846,0
1546,3378,0.3461224436759949,0
1546,948,0.34224990010261536,0
1546,4105,0.3366736173629761,0
1546,2144,0.35170966386795044,0
1546,2655,0.33979690074920654,0
2867,2867,0.36046773195266724,1
2867,3331,0.3490052819252014,0
2867,3171,0.3515058755874634,0
2867,3182,0.37453335523605347,0
2867,20,0.35714107751846313,0
2867,3701,0.34768760204315186,0
2867,1476,0.3467312455177307,0
2867,3269,0.3515710234642029,0
2867,180,0.3496221899986267,0
2867,3875,0.35276827216148376,0
2867,3340,0.3521469831466675,0
2867,1759,0.3547457456588745,0
2867,1137,0.35349494218826294,0
2867,2564,0.3843291103839874,0
2867,1935,0.3493591547012329,0
2867,3551,0.3539794683456421,0
2867,3867,0.36618468165397644,0
2867,4119,0.35112592577934265,0
2867,796,0.37116432189941406,0
2867,2455,0.3496929705142975,0
3611,3611,0.335994154214859,1
3611,186,0.33708426356315613,0
3611,2581,0.3756026029586792,0
3611,2297,0.37741273641586304,0
3611,1643,0.3393532335758209,0
3611,3564,0.34377428889274597,0
3611,3094,0.33755555748939514,0
3611,3068,0.34031516313552856,0
3611,776,0.3769546151161194,0
3611,1811,0.339163601398468,0
3611,780,0.35864123702049255,0
3611,1094,0.3879771828651428,0
3611,1981,0.34201449155807495,0
3611,343,0.3675270676612854,0
3611,586,0.38394007086753845,0
3611,2961,0.3433251976966858,0
3611,1598,0.3429849445819855,0
3611,497,0.36070716381073,0
3611,1025,0.3618727922439575,0
3611,2719,0.3424188792705536,0
2240,2240,0.34660929441452026,1
2240,1234,0.34715569019317627,0
2240,705,0.3475414514541626,0
2240,1635,0.35614103078842163,0
2240,1098,0.3501555919647217,0
2240,2681,0.35403281450271606,0
2240,2409,0.3463042378425598,0
2240,3492,0.3441152572631836,0
2240,334,0.3591860830783844,0
2240,1861,0.3581896424293518,0
2240,3178,0.34818708896636963,0
2240,3446,0.3429805040359497,0
2240,3994,0.3502345085144043,0
2240,3539,0.3567716181278229,0
2240,1622,0.36861029267311096,0
2240,2107,0.3511536121368408,0
2240,419,0.3528130054473877,0
2240,995,0.3460145592689514,0
2240,558,0.35069483518600464,0
2240,2528,0.3592548668384552,0
3803,3803,0.3454378843307495,1
3803,726,0.3435981571674347,0
3803,3002,0.3537161946296692,0
3803,2099,0.34712380170822144,0
3803,3886,0.3478437662124634,0
3803,203,0.35437747836112976,0
3803,3482,0.34719809889793396,0
3803,330,0.3737397789955139,0
3803,428,0.3745571970939636,0
3803,1948,0.3488658368587494,0
3803,3515,0.34669673442840576,0
3803,3811,0.3433654010295868,0
3803,604,0.36292317509651184,0
3803,3355,0.3428478240966797,0
3803,1063,0.3378635346889496,0
3803,1023,0.3983418345451355,0
3803,3699,0.36098915338516235,0
3803,1030,0.3657859265804291,0
3803,2109,0.3467700183391571,0
3803,52,0.34796538949012756,0
1670,1670,0.3560603857040405,1
1670,3823,0.3526391088962555,0
1670,1506,0.3435817062854767,0
1670,2778,0.34113943576812744,0
1670,2535,0.3578622043132782,0
1670,1183,0.3453306555747986,0
1670,726,0.3385108709335327,0
1670,2036,0.3990707993507385,0
1670,2076,0.3348800539970398,0
1670,3755,0.33915162086486816,0
1670,919,0.3543974757194519,0
1670,1177,0.33913862705230713,0
1670,1858,0.3408934473991394,0
1670,3305,0.3422560691833496,0
1670,3943,0.3305460810661316,0
1670,87,0.35378116369247437,0
1670,1516,0.36186644434928894,0
1670,1179,0.3388221859931946,0
1670,3797,0.3423234224319458,0
1670,1697,0.34454798698425293,0
3766,3766,0.3479587435722351,1
3766,1676,0.34975630044937134,0
3766,3917,0.3508809208869934,0
3766,767,0.3506903052330017,0
3766,2842,0.34700798988342285,0
3766,3940,0.34516793489456177,0
3766,3841,0.34622055292129517,0
3766,630,0.3419311046600342,0
3766,2586,0.3468095660209656,0
3766,1648,0.3659994304180145,0
3766,3174,0.34574246406555176,0
3766,632,0.3509720265865326,0
3766,1147,0.3452969193458557,0
3766,1692,0.36444348096847534,0
3766,3025,0.34510302543640137,0
3766,3872,0.34900718927383423,0
3766,1598,0.34676846861839294,0
3766,1301,0.35029473900794983,0
3766,3810,0.34096431732177734,0
3766,1828,0.3682129383087158,0
2689,2689,0.339547336101532,1
2689,2704,0.37175437808036804,0
2689,1502,0.3531750440597534,0
2689,2699,0.3850811719894409,0
2689,2908,0.3491811752319336,0
2689,3000,0.34972214698791504,0
2689,1812,0.38739636540412903,0
2689,3903,0.3460429906845093,0
2689,2182,0.3449300527572632,0
2689,2600,0.3503357172012329,0
2689,1809,0.3815464377403259,0
2689,1438,0.37148404121398926,0
2689,963,0.3473361134529114,0
2689,511,0.3536509871482849,0
2689,1340,0.36553359031677246,0
2689,2280,0.3581894338130951,0
2689,4179,0.3500077724456787,0
2689,1974,0.3784513473510742,0
2689,1709,0.3651115596294403,0
2689,2574,0.34621500968933105,0
1302,1302,0.3579344153404236,1
1302,861,0.34898751974105835,0
1302,734,0.3661767542362213,0
1302,483,0.3533407151699066,0
1302,2239,0.3795134425163269,0
1302,3972,0.3491465449333191,0
1302,1585,0.40250521898269653,0
1302,583,0.3544115722179413,0
1302,1246,0.3692803382873535,0
1302,1491,0.3481917381286621,0
1302,2682,0.36254656314849854,0
1302,741,0.34566032886505127,0
1302,1689,0.407572478055954,0
1302,344,0.37633979320526123,0
1302,1990,0.3552705645561218,0
1302,3622,0.3546050190925598,0
1302,1902,0.3484773635864258,0
1302,2299,0.3423329293727875,0
1302,3894,0.3529013991355896,0
1302,948,0.3532819151878357,0
3511,3511,0.3522316515445709,1
3511,3456,0.3513283133506775,0
3511,2571,0.3526756763458252,0
3511,3061,0.38284170627593994,0
3511,1853,0.3501187562942505,0
3511,498,0.3576980531215668,0
3511,3812,0.3471684157848358,0
3511,2441,0.3549014925956726,0
3511,2360,0.3547768294811249,0
3511,3889,0.3471488058567047,0
3511,1183,0.35552895069122314,0
3511,750,0.35546356439590454,0
3511,545,0.37484627962112427,0
3511,3179,0.35237544775009155,0
3511,1748,0.37976720929145813,0
3511,3826,0.35049521923065186,0
3511,3174,0.3501647114753723,0
3511,1272,0.34593844413757324,0
3511,2012,0.3494716286659241,0
3511,2047,0.35389500856399536,0
3907,3907,0.3320673108100891,1
3907,3463,0.33897656202316284,0
3907,231,0.35255396366119385,0
3907,2054,0.3416891396045685,0
3907,1451,0.3682105839252472,0
3907,3743,0.3465791940689087,0
3907,854,0.37574344873428345,0
3907,2225,0.3654113709926605,0
3907,848,0.37468498945236206,0
3907,3652,0.385928213596344,0
3907,920,0.3756609857082367,0
3907,2111,0.3815959692001343,0
3907,1292,0.356291264295578,0
3907,4145,0.3471719026565552,0
3907,3622,0.3465785086154938,0
3907,2817,0.3458268940448761,0
3907,3234,0.34226083755493164,0
3907,3708,0.35010772943496704,0
3907,2127,0.3422742486000061,0
3907,1514,0.34479132294654846,0
1425,1425,0.36084896326065063,1
1425,3555,0.3448954224586487,0
1425,3061,0.3766181468963623,0
1425,748,0.34775444865226746,0
1425,1059,0.3447423577308655,0
1425,3384,0.3402172029018402,0
1425,3159,0.36627817153930664,0
1425,1946,0.3415941596031189,0
1425,1211,0.3474171757698059,0
1425,2137,0.343356192111969,0
1425,707,0.3530462384223938,0
1425,1264,0.3388943076133728,0
1425,1034,0.3397490084171295,0
1425,4048,0.3609001040458679,0
1425,3675,0.36861759424209595,0
1425,2586,0.34495508670806885,0
1425,2028,0.34518468379974365,0
1425,1029,0.3420504331588745,0
1425,1708,0.3612978458404541,0
1425,3908,0.3421851098537445,0
50,50,0.34762483835220337,1
50,4176,0.34905409812927246,0
50,714,0.3754968047142029,0
50,3008,0.34494099020957947,0
50,399,0.3680775761604309,0
50,2809,0.3632362186908722,0
50,2370,0.34784239530563354,0
50,625,0.3538679778575897,0
50,3938,0.3471255302429199,0
50,1253,0.34514120221138,0
50,976,0.3536633849143982,0
50,2647,0.36228322982788086,0
50,1574,0.37283942103385925,0
50,2947,0.35155248641967773,0
50,2420,0.3571675419807434,0
50,1894,0.36596542596817017,0
50,2528,0.36034488677978516,0
50,3692,0.3492833375930786,0
50,2104,0.3690699338912964,0
50,204,0.36612993478775024,0
2095,2095,0.345461368560791,1
2095,2558,0.34362292289733887,0
2095,3761,0.34120699763298035,0
2095,2480,0.3530035614967346,0
2095,3373,0.3435627818107605,0
2095,3755,0.34263864159584045,0
2095,2708,0.34760281443595886,0
2095,1144,0.3741673231124878,0
2095,2254,0.3475877344608307,0
2095,945,0.3359464406967163,0
2095,3921,0.3376593589782715,0
2095,2801,0.3488295078277588,0
2095,3832,0.3408961892127991,0
2095,1603,0.3495310842990875,0
2095,1549,0.3393443822860718,0
2095,3429,0.3574429154396057,0
2095,744,0.34858277440071106,0
2095,2127,0.3428732752799988,0
2095,3202,0.3521602153778076,0
2095,714,0.38050636649131775,0
615,615,0.3570324778556824,1
615,1016,0.345721572637558,0
615,3158,0.3576814532279968,0
615,2504,0.33851706981658936,0
615,3435,0.34006571769714355,0
615,1710,0.3496432304382324,0
615,3657,0.34110116958618164,0
615,2817,0.34389728307724,0
615,2873,0.33469533920288086,0
615,3173,0.34261763095855713,0
615,2495,0.35128939151763916,0
615,1363,0.34166601300239563,0
615,51,0.35927700996398926,0
615,2247,0.3762398958206177,0
615,3864,0.3390704095363617,0
615,3640,0.3401325047016144,0
615,1467,0.34077662229537964,0
615,1415,0.36817729473114014,0
615,2756,0.34703636169433594,0
615,760,0.36893245577812195,0
985,985,0.3382987976074219,1
985,599,0.3500254154205322,0
985,3237,0.36370158195495605,0
985,3979,0.3425655663013458,0
985,1172,0.3513307571411133,0
985,3162,0.3406561017036438,0
985,2582,0.3557097017765045,0
985,478,0.3654531240463257,0
985,2161,0.34515443444252014,0
985,2434,0.34962743520736694,0
985,3868,0.34787335991859436,0
985,2908,0.34756720066070557,0
985,1776,0.36030763387680054,0
985,1098,0.34863197803497314,0
985,3976,0.34605032205581665,0
985,3793,0.3518640398979187,0
985,3638,0.34725576639175415,0
985,2579,0.3539445996284485,0
985,381,0.3668261766433716,0
985,217,0.34713342785835266,0
1673,1673,0.3738062381744385,1
1673,1357,0.34810131788253784,0
1673,2539,0.38368573784828186,0
1673,774,0.3574020564556122,0
1673,2426,0.34938061237335205,0
1673,3966,0.3444289267063141,0
1673,1666,0.34357115626335144,0
1673,2424,0.34543830156326294,0
1673,2591,0.3446791172027588,0
1673,1167,0.3547397553920746,0
1673,4044,0.3474452495574951,0
1673,2680,0.353542685508728,0
1673,2740,0.3543533980846405,0
1673,1021,0.3739265203475952,0
1673,2636,0.3457756042480469,0
1673,2019,0.3505091965198517,0
1673,3942,0.35294267535209656,0
1673,1104,0.3741684556007385,0
1673,1245,0.3430851697921753,0
1673,2134,0.3452916443347931,0
1802,1802,0.3512120842933655,1
1802,3544,0.3491175174713135,0
1802,1610,0.3566741943359375,0
1802,1014,0.3774870038032532,0
1802,2245,0.3522672653198242,0
1802,2797,0.3519335985183716,0
1802,3119,0.34432870149612427,0
1802,3235,0.35508593916893005,0
1802,102,0.37145131826400757,0
1802,4069,0.349578857421875,0
1802,2548,0.3583984673023224,0
1802,1636,0.354627400636673,0
1802,2982,0.345217764377594,0
1802,3579,0.3448832631111145,0
1802,303,0.35535186529159546,0
1802,2641,0.34738993644714355,0
1802,3506,0.3556532859802246,0
1802,495,0.3555474281311035,0
1802,3475,0.3494293689727783,0
1802,1648,0.3679797053337097,0
607,607,0.34281450510025024,1
607,264,0.3794291615486145,0
607,2082,0.34560203552246094,0
607,3934,0.34708523750305176,0
607,3485,0.3552304804325104,0
607,219,0.3781273663043976,0
607,3780,0.3411925435066223,0
607,1016,0.349229097366333,0
607,275,0.34263449907302856,0
607,104,0.383657306432724,0
607,3717,0.38547176122665405,0
607,2896,0.3553844392299652,0
607,2831,0.34608685970306396,0
607,1783,0.3552877902984619,0
607,3065,0.3400762677192688,0
607,3246,0.3478110134601593,0
607,1035,0.3712009787559509,0
607,1555,0.34932053089141846,0
607,266,0.34472113847732544,0
607,2667,0.376883864402771,0
2331,2331,0.34047064185142517,1
2331,3949,0.35575538873672485,0
2331,1412,0.36297452449798584,0
2331,2143,0.3497138023376465,0
2331,2747,0.34471946954727173,0
2331,2821,0.34612390398979187,0
2331,3632,0.3464878797531128,0
2331,3688,0.34317028522491455,0
2331,2663,0.36935293674468994,0
2331,2683,0.3493918180465698,0
2331,1171,0.348476767539978,0
2331,1760,0.3439434766769409,0
2331,2262,0.38661718368530273,0
2331,2603,0.3354923129081726,0
2331,3702,0.3369626998901367,0
2331,2982,0.33930131793022156,0
2331,3677,0.34680289030075073,0
2331,2547,0.34208887815475464,0
2331,3442,0.3411322236061096,0
2331,160,0.35415396094322205,0
59,59,0.3619289994239807,1
59,1912,0.3455660045146942,0
59,2456,0.36349576711654663,0
59,1681,0.34347495436668396,0
59,3978,0.34385430812835693,0
59,2580,0.34195131063461304,0
59,3985,0.34194907546043396,0
59,717,0.34287920594215393,0
59,382,0.35184985399246216,0
59,3695,0.3392025828361511,0
59,1228,0.3440932631492615,0
59,2993,0.345392644405365,0
59,2061,0.3450949490070343,0
59,653,0.368584007024765,0
59,1350,0.34397873282432556,0
59,2622,0.3474906086921692,0
59,2934,0.3416580855846405,0
59,3566,0.3395578861236572,0
59,1363,0.3428497314453125,0
59,143,0.3447646498680115,0
2308,2308,0.3507867455482483,1
2308,1672,0.3545072674751282,0
2308,393,0.38216203451156616,0
2308,3332,0.3554149270057678,0
2308,1165,0.3541267514228821,0
2308,215,0.3777478039264679,0
2308,2329,0.3567013144493103,0
2308,1969,0.35007625818252563,0
2308,3476,0.3515448570251465,0
2308,1047,0.34678494930267334,0
2308,1687,0.34903934597969055,0
2308,1475,0.35640645027160645,0
2308,3797,0.3562730550765991,0
2308,2644,0.38815099000930786,0
2308,1292,0.36552709341049194,0
2308,831,0.36219388246536255,0
2308,1732,0.4014161229133606,0
2308,3395,0.3530997335910797,0
2308,3892,0.3516583740711212,0
2308,1772,0.34749841690063477,0
2514,2514,0.3515492081642151,1
2514,2448,0.342761754989624,0
2514,969,0.36906224489212036,0
2514,634,0.34751254320144653,0
2514,3575,0.34250980615615845,0
2514,1481,0.3709002137184143,0
2514,2647,0.3553120493888855,0
2514,626,0.37593913078308105,0
2514,1790,0.3463248610496521,0
2514,1199,0.34850049018859863,0
2514,1397,0.3655012845993042,0
2514,3225,0.34877458214759827,0
2514,1391,0.348063200712204,0
2514,98,0.3606124818325043,0
2514,3074,0.352662056684494,0
2514,489,0.3548983931541443,0
2514,2753,0.3511301875114441,0
2514,2099,0.34826117753982544,0
2514,3322,0.35010242462158203,0
2514,1460,0.3467057943344116,0
1977,1977,0.35749685764312744,1
1977,3556,0.34013110399246216,0
1977,4130,0.3480300307273865,0
1977,1569,0.3439813256263733,0
1977,732,0.36188429594039917,0
1977,3749,0.3435245156288147,0
1977,1194,0.34695571660995483,0
1977,4033,0.3420250415802002,0
1977,915,0.34558188915252686,0
1977,1954,0.3617352545261383,0
1977,3655,0.3453102707862854,0
1977,3099,0.34945210814476013,0
1977,881,0.3534218966960907,0
1977,1726,0.3439321517944336,0
1977,1851,0.34300434589385986,0
1977,1192,0.3454001843929291,0
1977,3868,0.3450830280780792,0
1977,555,0.34115904569625854,0
1977,2866,0.35980847477912903,0
1977,722,0.3414451479911804,0
1562,1562,0.36155936121940613,1
1562,720,0.34744924306869507,0
1562,268,0.3791434168815613,0
1562,1774,0.3699203133583069,0
1562,2211,0.3537575900554657,0
1562,2887,0.3433970808982849,0
1562,607,0.346016526222229,0
1562,3739,0.382076621055603,0
1562,3146,0.3387744724750519,0
1562,199,0.3900923728942871,0
1562,544,0.3419828712940216,0
1562,807,0.37389686703681946,0
1562,2478,0.3624281883239746,0
1562,1162,0.35076242685317993,0
1562,2951,0.35407620668411255,0
1562,2652,0.35792088508605957,0
1562,2919,0.37114864587783813,0
1562,1798,0.34453991055488586,0
1562,2735,0.34247738122940063,0
1562,2573,0.34578371047973633,0
